ecosystem,library,primitive,test_id,expected,attacker_model,iteration,seed,samples_per_class,timer_resolution_ns,timer_name,dither_ns,tool,outcome,detected_leak,leak_probability,samples_used,decision_time_ms,status,collection_time_ms,timestamp
Rust,RustCrypto,AES-128,rustcrypto::aes::aes128_encrypt,constant_time,AdjacentNetwork,1,6154005188474195364,10000,0.223,rdtsc,0.000,tacet,pass,false,0.000000,10000,200,Pass (P=0.0%),106,1776882766
Rust,RustCrypto,AES-128,rustcrypto::aes::aes128_encrypt,constant_time,AdjacentNetwork,1,6154005188474195364,10000,0.223,rdtsc,0.000,dudect,fail,true,,19851,4,"max|t|=14.80, tau=-0.1050, threshold=4.5",106,1776882766
Rust,RustCrypto,AES-128,rustcrypto::aes::aes128_encrypt,constant_time,AdjacentNetwork,1,6154005188474195364,10000,0.223,rdtsc,0.000,tvla,fail,true,,20000,0,"|t|=12.65, threshold=4.5",106,1776882766
Rust,RustCrypto,AES-128,rustcrypto::aes::aes128_encrypt,constant_time,AdjacentNetwork,1,6154005188474195364,10000,0.223,rdtsc,0.000,silent,fail,true,,20000,1363,"stat=3033.672, alpha=0.10, delta=1",106,1776882769
Rust,RustCrypto,AES-128,rustcrypto::aes::aes128_encrypt,constant_time,AdjacentNetwork,1,6154005188474195364,10000,0.223,rdtsc,0.000,rtlf,fail,true,1.000000,20000,17106,"p=0.0000, alpha=0.09 (pool)",106,1776882786
Rust,RustCrypto,AES-128,rustcrypto::aes::aes128_encrypt,constant_time,AdjacentNetwork,1,6154005188474195364,10000,0.223,rdtsc,5.000,tacet,pass,false,0.000000,10000,243,Pass (P=0.0%),106,1776882787
Rust,RustCrypto,AES-128,rustcrypto::aes::aes128_encrypt,constant_time,AdjacentNetwork,1,6154005188474195364,10000,0.223,rdtsc,5.000,dudect,fail,true,,19968,8,"max|t|=15.72, tau=-0.1113, threshold=4.5",106,1776882787
Rust,RustCrypto,AES-128,rustcrypto::aes::aes128_encrypt,constant_time,AdjacentNetwork,1,6154005188474195364,10000,0.223,rdtsc,5.000,tvla,fail,true,,20000,0,"|t|=12.13, threshold=4.5",106,1776882787
Rust,RustCrypto,AES-128,rustcrypto::aes::aes128_encrypt,constant_time,AdjacentNetwork,1,6154005188474195364,10000,0.223,rdtsc,5.000,silent,fail,true,,20000,800,"stat=20.283, alpha=0.10, delta=1.0 (pool)",106,1776882787
Rust,RustCrypto,AES-128,rustcrypto::aes::aes128_encrypt,constant_time,AdjacentNetwork,1,6154005188474195364,10000,0.223,rdtsc,5.000,rtlf,fail,true,1.000000,20000,20789,"p=0.0000, alpha=0.09 (pool)",106,1776882808
Rust,RustCrypto,AES-128,rustcrypto::aes::aes128_encrypt,constant_time,AdjacentNetwork,2,4911217489519324707,10000,0.223,rdtsc,0.000,tacet,pass,false,0.000000,10000,194,Pass (P=0.0%),106,1776882808
Rust,RustCrypto,AES-128,rustcrypto::aes::aes128_encrypt,constant_time,AdjacentNetwork,2,4911217489519324707,10000,0.223,rdtsc,0.000,dudect,fail,true,,20000,4,"max|t|=15.97, tau=-0.1129, threshold=4.5",106,1776882808
Rust,RustCrypto,AES-128,rustcrypto::aes::aes128_encrypt,constant_time,AdjacentNetwork,2,4911217489519324707,10000,0.223,rdtsc,0.000,tvla,fail,true,,20000,0,"|t|=15.97, threshold=4.5",106,1776882808
Rust,RustCrypto,AES-128,rustcrypto::aes::aes128_encrypt,constant_time,AdjacentNetwork,2,4911217489519324707,10000,0.223,rdtsc,0.000,silent,error,false,,0,1261,"Error: SILENT failed: Error in quantile.default(max_boot, 1 - alpha) : 
  missing values and NaN's not allowed if 'na.rm' is FALSE
Calls: algorithm -> max_test -> quantile -> quantile.default
Execution halted
",106,1776882810
Rust,RustCrypto,AES-128,rustcrypto::aes::aes128_encrypt,constant_time,AdjacentNetwork,2,4911217489519324707,10000,0.223,rdtsc,0.000,rtlf,fail,true,1.000000,20000,17031,"p=0.0000, alpha=0.09 (pool)",106,1776882827
Rust,RustCrypto,AES-128,rustcrypto::aes::aes128_encrypt,constant_time,AdjacentNetwork,2,4911217489519324707,10000,0.223,rdtsc,5.000,tacet,pass,false,0.000000,10000,244,Pass (P=0.0%),106,1776882828
Rust,RustCrypto,AES-128,rustcrypto::aes::aes128_encrypt,constant_time,AdjacentNetwork,2,4911217489519324707,10000,0.223,rdtsc,5.000,dudect,fail,true,,20000,8,"max|t|=15.03, tau=-0.1063, threshold=4.5",106,1776882828
Rust,RustCrypto,AES-128,rustcrypto::aes::aes128_encrypt,constant_time,AdjacentNetwork,2,4911217489519324707,10000,0.223,rdtsc,5.000,tvla,fail,true,,20000,0,"|t|=15.03, threshold=4.5",106,1776882828
Rust,RustCrypto,AES-128,rustcrypto::aes::aes128_encrypt,constant_time,AdjacentNetwork,2,4911217489519324707,10000,0.223,rdtsc,5.000,silent,fail,true,,20000,778,"stat=21.823, alpha=0.10, delta=1.0 (pool)",106,1776882829
Rust,RustCrypto,AES-128,rustcrypto::aes::aes128_encrypt,constant_time,AdjacentNetwork,2,4911217489519324707,10000,0.223,rdtsc,5.000,rtlf,fail,true,1.000000,20000,22199,"p=0.0000, alpha=0.09 (pool)",106,1776882851
Rust,RustCrypto,AES-128,rustcrypto::aes::aes128_encrypt,constant_time,AdjacentNetwork,3,13926325517549521148,10000,0.223,rdtsc,0.000,tacet,pass,false,0.000000,10000,200,Pass (P=0.0%),106,1776882851
Rust,RustCrypto,AES-128,rustcrypto::aes::aes128_encrypt,constant_time,AdjacentNetwork,3,13926325517549521148,10000,0.223,rdtsc,0.000,dudect,fail,true,,19808,4,"max|t|=13.33, tau=-0.0947, threshold=4.5",106,1776882851
Rust,RustCrypto,AES-128,rustcrypto::aes::aes128_encrypt,constant_time,AdjacentNetwork,3,13926325517549521148,10000,0.223,rdtsc,0.000,tvla,pass,false,,20000,0,"|t|=2.37, threshold=4.5",106,1776882851
Rust,RustCrypto,AES-128,rustcrypto::aes::aes128_encrypt,constant_time,AdjacentNetwork,3,13926325517549521148,10000,0.223,rdtsc,0.000,silent,error,false,,0,1433,"Error: SILENT failed: Error in quantile.default(max_boot, 1 - alpha) : 
  missing values and NaN's not allowed if 'na.rm' is FALSE
Calls: algorithm -> max_test -> quantile -> quantile.default
Execution halted
",106,1776882853
Rust,RustCrypto,AES-128,rustcrypto::aes::aes128_encrypt,constant_time,AdjacentNetwork,3,13926325517549521148,10000,0.223,rdtsc,0.000,rtlf,fail,true,1.000000,20000,18633,"p=0.0000, alpha=0.09 (pool)",106,1776882872
Rust,RustCrypto,AES-128,rustcrypto::aes::aes128_encrypt,constant_time,AdjacentNetwork,3,13926325517549521148,10000,0.223,rdtsc,5.000,tacet,pass,false,0.000000,10000,279,Pass (P=0.0%),106,1776882872
Rust,RustCrypto,AES-128,rustcrypto::aes::aes128_encrypt,constant_time,AdjacentNetwork,3,13926325517549521148,10000,0.223,rdtsc,5.000,dudect,fail,true,,19948,9,"max|t|=14.07, tau=-0.0996, threshold=4.5",106,1776882872
Rust,RustCrypto,AES-128,rustcrypto::aes::aes128_encrypt,constant_time,AdjacentNetwork,3,13926325517549521148,10000,0.223,rdtsc,5.000,tvla,pass,false,,20000,0,"|t|=2.34, threshold=4.5",106,1776882872
Rust,RustCrypto,AES-128,rustcrypto::aes::aes128_encrypt,constant_time,AdjacentNetwork,3,13926325517549521148,10000,0.223,rdtsc,5.000,silent,fail,true,,20000,1226,"stat=14.078, alpha=0.10, delta=1.0 (pool)",106,1776882873
Rust,RustCrypto,AES-128,rustcrypto::aes::aes128_encrypt,constant_time,AdjacentNetwork,3,13926325517549521148,10000,0.223,rdtsc,5.000,rtlf,fail,true,1.000000,20000,21262,"p=0.0000, alpha=0.09 (pool)",106,1776882895
Rust,RustCrypto,AES-128,rustcrypto::aes::aes128_encrypt,constant_time,AdjacentNetwork,4,3050750541046227730,10000,0.223,rdtsc,0.000,tacet,pass,false,0.000000,10000,206,Pass (P=0.0%),112,1776882895
Rust,RustCrypto,AES-128,rustcrypto::aes::aes128_encrypt,constant_time,AdjacentNetwork,4,3050750541046227730,10000,0.223,rdtsc,0.000,dudect,fail,true,,19968,7,"max|t|=17.75, tau=-0.1256, threshold=4.5",112,1776882895
Rust,RustCrypto,AES-128,rustcrypto::aes::aes128_encrypt,constant_time,AdjacentNetwork,4,3050750541046227730,10000,0.223,rdtsc,0.000,tvla,fail,true,,20000,0,"|t|=7.26, threshold=4.5",112,1776882895
Rust,RustCrypto,AES-128,rustcrypto::aes::aes128_encrypt,constant_time,AdjacentNetwork,4,3050750541046227730,10000,0.223,rdtsc,0.000,silent,error,false,,0,1319,"Error: SILENT failed: Error in quantile.default(max_boot, 1 - alpha) : 
  missing values and NaN's not allowed if 'na.rm' is FALSE
Calls: algorithm -> max_test -> quantile -> quantile.default
Execution halted
",112,1776882897
Rust,RustCrypto,AES-128,rustcrypto::aes::aes128_encrypt,constant_time,AdjacentNetwork,4,3050750541046227730,10000,0.223,rdtsc,0.000,rtlf,pass,false,0.000000,20000,17521,"p=1.0000, alpha=0.09 (pool)",112,1776882915
Rust,RustCrypto,AES-128,rustcrypto::aes::aes128_encrypt,constant_time,AdjacentNetwork,4,3050750541046227730,10000,0.223,rdtsc,5.000,tacet,pass,false,0.000000,10000,256,Pass (P=0.0%),112,1776882915
Rust,RustCrypto,AES-128,rustcrypto::aes::aes128_encrypt,constant_time,AdjacentNetwork,4,3050750541046227730,10000,0.223,rdtsc,5.000,dudect,fail,true,,19968,9,"max|t|=17.68, tau=-0.1251, threshold=4.5",112,1776882915
Rust,RustCrypto,AES-128,rustcrypto::aes::aes128_encrypt,constant_time,AdjacentNetwork,4,3050750541046227730,10000,0.223,rdtsc,5.000,tvla,fail,true,,20000,0,"|t|=7.27, threshold=4.5",112,1776882915
Rust,RustCrypto,AES-128,rustcrypto::aes::aes128_encrypt,constant_time,AdjacentNetwork,4,3050750541046227730,10000,0.223,rdtsc,5.000,silent,fail,true,,20000,877,"stat=349.840, alpha=0.10, delta=1.0 (pool)",112,1776882916
Rust,RustCrypto,AES-128,rustcrypto::aes::aes128_encrypt,constant_time,AdjacentNetwork,4,3050750541046227730,10000,0.223,rdtsc,5.000,rtlf,fail,true,1.000000,20000,21343,"p=0.0000, alpha=0.09 (pool)",112,1776882937
Rust,RustCrypto,AES-128,rustcrypto::aes::aes128_encrypt,constant_time,AdjacentNetwork,5,15221301424657966275,10000,0.223,rdtsc,0.000,tacet,pass,false,0.000000,10000,201,Pass (P=0.0%),106,1776882938
Rust,RustCrypto,AES-128,rustcrypto::aes::aes128_encrypt,constant_time,AdjacentNetwork,5,15221301424657966275,10000,0.223,rdtsc,0.000,dudect,fail,true,,16896,8,"max|t|=10.46, tau=-0.0805, threshold=4.5",106,1776882938
Rust,RustCrypto,AES-128,rustcrypto::aes::aes128_encrypt,constant_time,AdjacentNetwork,5,15221301424657966275,10000,0.223,rdtsc,0.000,tvla,fail,true,,20000,0,"|t|=9.18, threshold=4.5",106,1776882938
Rust,RustCrypto,AES-128,rustcrypto::aes::aes128_encrypt,constant_time,AdjacentNetwork,5,15221301424657966275,10000,0.223,rdtsc,0.000,silent,fail,true,,20000,765,"stat=0.000, alpha=0.10, delta=1.0 (pool)",106,1776882938
Rust,RustCrypto,AES-128,rustcrypto::aes::aes128_encrypt,constant_time,AdjacentNetwork,5,15221301424657966275,10000,0.223,rdtsc,0.000,rtlf,pass,false,0.000000,20000,18290,"p=1.0000, alpha=0.09 (pool)",106,1776882957
Rust,RustCrypto,AES-128,rustcrypto::aes::aes128_encrypt,constant_time,AdjacentNetwork,5,15221301424657966275,10000,0.223,rdtsc,5.000,tacet,pass,false,0.000000,10000,258,Pass (P=0.0%),106,1776882957
Rust,RustCrypto,AES-128,rustcrypto::aes::aes128_encrypt,constant_time,AdjacentNetwork,5,15221301424657966275,10000,0.223,rdtsc,5.000,dudect,fail,true,,14166,9,"max|t|=9.72, tau=-0.0816, threshold=4.5",106,1776882957
Rust,RustCrypto,AES-128,rustcrypto::aes::aes128_encrypt,constant_time,AdjacentNetwork,5,15221301424657966275,10000,0.223,rdtsc,5.000,tvla,fail,true,,20000,0,"|t|=8.78, threshold=4.5",106,1776882957
Rust,RustCrypto,AES-128,rustcrypto::aes::aes128_encrypt,constant_time,AdjacentNetwork,5,15221301424657966275,10000,0.223,rdtsc,5.000,silent,fail,true,,20000,789,"stat=210.678, alpha=0.10, delta=1.0 (pool)",106,1776882958
Rust,RustCrypto,AES-128,rustcrypto::aes::aes128_encrypt,constant_time,AdjacentNetwork,5,15221301424657966275,10000,0.223,rdtsc,5.000,rtlf,fail,true,1.000000,20000,21621,"p=0.0000, alpha=0.09 (pool)",106,1776882979
Rust,RustCrypto,AES-128,rustcrypto::aes::aes128_encrypt,constant_time,AdjacentNetwork,6,10417274980379140357,10000,0.223,rdtsc,0.000,tacet,pass,false,0.000000,10000,193,Pass (P=0.0%),106,1776882980
Rust,RustCrypto,AES-128,rustcrypto::aes::aes128_encrypt,constant_time,AdjacentNetwork,6,10417274980379140357,10000,0.223,rdtsc,0.000,dudect,fail,true,,19879,4,"max|t|=12.30, tau=-0.0872, threshold=4.5",106,1776882980
Rust,RustCrypto,AES-128,rustcrypto::aes::aes128_encrypt,constant_time,AdjacentNetwork,6,10417274980379140357,10000,0.223,rdtsc,0.000,tvla,fail,true,,20000,0,"|t|=10.93, threshold=4.5",106,1776882980
Rust,RustCrypto,AES-128,rustcrypto::aes::aes128_encrypt,constant_time,AdjacentNetwork,6,10417274980379140357,10000,0.223,rdtsc,0.000,silent,error,false,,0,1264,"Error: SILENT failed: Error in quantile.default(max_boot, 1 - alpha) : 
  missing values and NaN's not allowed if 'na.rm' is FALSE
Calls: algorithm -> max_test -> quantile -> quantile.default
Execution halted
",106,1776882982
Rust,RustCrypto,AES-128,rustcrypto::aes::aes128_encrypt,constant_time,AdjacentNetwork,6,10417274980379140357,10000,0.223,rdtsc,0.000,rtlf,fail,true,1.000000,20000,16922,"p=0.0000, alpha=0.09 (pool)",106,1776882999
Rust,RustCrypto,AES-128,rustcrypto::aes::aes128_encrypt,constant_time,AdjacentNetwork,6,10417274980379140357,10000,0.223,rdtsc,5.000,tacet,pass,false,0.000000,10000,243,Pass (P=0.0%),106,1776882999
Rust,RustCrypto,AES-128,rustcrypto::aes::aes128_encrypt,constant_time,AdjacentNetwork,6,10417274980379140357,10000,0.223,rdtsc,5.000,dudect,fail,true,,19976,8,"max|t|=13.49, tau=-0.0954, threshold=4.5",106,1776882999
Rust,RustCrypto,AES-128,rustcrypto::aes::aes128_encrypt,constant_time,AdjacentNetwork,6,10417274980379140357,10000,0.223,rdtsc,5.000,tvla,fail,true,,20000,0,"|t|=10.75, threshold=4.5",106,1776882999
Rust,RustCrypto,AES-128,rustcrypto::aes::aes128_encrypt,constant_time,AdjacentNetwork,6,10417274980379140357,10000,0.223,rdtsc,5.000,silent,fail,true,,20000,769,"stat=15.516, alpha=0.10, delta=1.0 (pool)",106,1776883000
Rust,RustCrypto,AES-128,rustcrypto::aes::aes128_encrypt,constant_time,AdjacentNetwork,6,10417274980379140357,10000,0.223,rdtsc,5.000,rtlf,fail,true,1.000000,20000,20619,"p=0.0000, alpha=0.09 (pool)",106,1776883020
Rust,RustCrypto,AES-128,rustcrypto::aes::aes128_encrypt,constant_time,AdjacentNetwork,7,10731120142020192295,10000,0.223,rdtsc,0.000,tacet,pass,false,0.000000,10000,187,Pass (P=0.0%),106,1776883021
Rust,RustCrypto,AES-128,rustcrypto::aes::aes128_encrypt,constant_time,AdjacentNetwork,7,10731120142020192295,10000,0.223,rdtsc,0.000,dudect,fail,true,,20000,4,"max|t|=16.11, tau=-0.1139, threshold=4.5",106,1776883021
Rust,RustCrypto,AES-128,rustcrypto::aes::aes128_encrypt,constant_time,AdjacentNetwork,7,10731120142020192295,10000,0.223,rdtsc,0.000,tvla,fail,true,,20000,0,"|t|=16.11, threshold=4.5",106,1776883021
Rust,RustCrypto,AES-128,rustcrypto::aes::aes128_encrypt,constant_time,AdjacentNetwork,7,10731120142020192295,10000,0.223,rdtsc,0.000,silent,error,false,,0,1258,"Error: SILENT failed: Error in quantile.default(max_boot, 1 - alpha) : 
  missing values and NaN's not allowed if 'na.rm' is FALSE
Calls: algorithm -> max_test -> quantile -> quantile.default
Execution halted
",106,1776883023
Rust,RustCrypto,AES-128,rustcrypto::aes::aes128_encrypt,constant_time,AdjacentNetwork,7,10731120142020192295,10000,0.223,rdtsc,0.000,rtlf,fail,true,1.000000,20000,17107,"p=0.0000, alpha=0.09 (pool)",106,1776883040
Rust,RustCrypto,AES-128,rustcrypto::aes::aes128_encrypt,constant_time,AdjacentNetwork,7,10731120142020192295,10000,0.223,rdtsc,5.000,tacet,pass,false,0.000000,10000,243,Pass (P=0.0%),106,1776883040
Rust,RustCrypto,AES-128,rustcrypto::aes::aes128_encrypt,constant_time,AdjacentNetwork,7,10731120142020192295,10000,0.223,rdtsc,5.000,dudect,fail,true,,20000,8,"max|t|=14.24, tau=-0.1007, threshold=4.5",106,1776883040
Rust,RustCrypto,AES-128,rustcrypto::aes::aes128_encrypt,constant_time,AdjacentNetwork,7,10731120142020192295,10000,0.223,rdtsc,5.000,tvla,fail,true,,20000,0,"|t|=14.24, threshold=4.5",106,1776883040
Rust,RustCrypto,AES-128,rustcrypto::aes::aes128_encrypt,constant_time,AdjacentNetwork,7,10731120142020192295,10000,0.223,rdtsc,5.000,silent,fail,true,,20000,764,"stat=14.729, alpha=0.10, delta=1.0 (pool)",106,1776883041
Rust,RustCrypto,AES-128,rustcrypto::aes::aes128_encrypt,constant_time,AdjacentNetwork,7,10731120142020192295,10000,0.223,rdtsc,5.000,rtlf,fail,true,1.000000,20000,20797,"p=0.0000, alpha=0.09 (pool)",106,1776883061
Rust,RustCrypto,AES-128,rustcrypto::aes::aes128_encrypt,constant_time,AdjacentNetwork,8,13574334748152275081,10000,0.223,rdtsc,0.000,tacet,pass,false,0.000000,10000,207,Pass (P=0.0%),106,1776883062
Rust,RustCrypto,AES-128,rustcrypto::aes::aes128_encrypt,constant_time,AdjacentNetwork,8,13574334748152275081,10000,0.223,rdtsc,0.000,dudect,fail,true,,19574,7,"max|t|=7.12, tau=-0.0509, threshold=4.5",106,1776883062
Rust,RustCrypto,AES-128,rustcrypto::aes::aes128_encrypt,constant_time,AdjacentNetwork,8,13574334748152275081,10000,0.223,rdtsc,0.000,tvla,pass,false,,20000,0,"|t|=2.55, threshold=4.5",106,1776883062
Rust,RustCrypto,AES-128,rustcrypto::aes::aes128_encrypt,constant_time,AdjacentNetwork,8,13574334748152275081,10000,0.223,rdtsc,0.000,silent,fail,true,,20000,756,"stat=29.042, alpha=0.10, delta=1.0 (pool)",106,1776883063
Rust,RustCrypto,AES-128,rustcrypto::aes::aes128_encrypt,constant_time,AdjacentNetwork,8,13574334748152275081,10000,0.223,rdtsc,0.000,rtlf,pass,false,0.000000,20000,18287,"p=1.0000, alpha=0.09 (pool)",106,1776883081
Rust,RustCrypto,AES-128,rustcrypto::aes::aes128_encrypt,constant_time,AdjacentNetwork,8,13574334748152275081,10000,0.223,rdtsc,5.000,tacet,pass,false,0.000000,10000,257,Pass (P=0.0%),106,1776883081
Rust,RustCrypto,AES-128,rustcrypto::aes::aes128_encrypt,constant_time,AdjacentNetwork,8,13574334748152275081,10000,0.223,rdtsc,5.000,dudect,fail,true,,19977,9,"max|t|=12.10, tau=-0.0856, threshold=4.5",106,1776883081
Rust,RustCrypto,AES-128,rustcrypto::aes::aes128_encrypt,constant_time,AdjacentNetwork,8,13574334748152275081,10000,0.223,rdtsc,5.000,tvla,pass,false,,20000,0,"|t|=2.52, threshold=4.5",106,1776883081
Rust,RustCrypto,AES-128,rustcrypto::aes::aes128_encrypt,constant_time,AdjacentNetwork,8,13574334748152275081,10000,0.223,rdtsc,5.000,silent,fail,true,,20000,770,"stat=271.150, alpha=0.10, delta=1.0 (pool)",106,1776883082
Rust,RustCrypto,AES-128,rustcrypto::aes::aes128_encrypt,constant_time,AdjacentNetwork,8,13574334748152275081,10000,0.223,rdtsc,5.000,rtlf,fail,true,1.000000,20000,21141,"p=0.0000, alpha=0.09 (pool)",106,1776883103
Rust,RustCrypto,AES-128,rustcrypto::aes::aes128_encrypt,constant_time,AdjacentNetwork,9,5117884842499753759,10000,0.223,rdtsc,0.000,tacet,pass,false,0.000000,10000,202,Pass (P=0.0%),106,1776883103
Rust,RustCrypto,AES-128,rustcrypto::aes::aes128_encrypt,constant_time,AdjacentNetwork,9,5117884842499753759,10000,0.223,rdtsc,0.000,dudect,fail,true,,16904,7,"max|t|=6.01, tau=-0.0462, threshold=4.5",106,1776883103
Rust,RustCrypto,AES-128,rustcrypto::aes::aes128_encrypt,constant_time,AdjacentNetwork,9,5117884842499753759,10000,0.223,rdtsc,0.000,tvla,pass,false,,20000,0,"|t|=0.51, threshold=4.5",106,1776883103
Rust,RustCrypto,AES-128,rustcrypto::aes::aes128_encrypt,constant_time,AdjacentNetwork,9,5117884842499753759,10000,0.223,rdtsc,0.000,silent,fail,true,,20000,735,"stat=31.414, alpha=0.10, delta=1.0 (pool)",106,1776883104
Rust,RustCrypto,AES-128,rustcrypto::aes::aes128_encrypt,constant_time,AdjacentNetwork,9,5117884842499753759,10000,0.223,rdtsc,0.000,rtlf,pass,false,0.000000,20000,18078,"p=1.0000, alpha=0.09 (pool)",106,1776883122
Rust,RustCrypto,AES-128,rustcrypto::aes::aes128_encrypt,constant_time,AdjacentNetwork,9,5117884842499753759,10000,0.223,rdtsc,5.000,tacet,pass,false,0.000000,10000,264,Pass (P=0.0%),106,1776883122
Rust,RustCrypto,AES-128,rustcrypto::aes::aes128_encrypt,constant_time,AdjacentNetwork,9,5117884842499753759,10000,0.223,rdtsc,5.000,dudect,fail,true,,19951,9,"max|t|=12.05, tau=-0.0853, threshold=4.5",106,1776883122
Rust,RustCrypto,AES-128,rustcrypto::aes::aes128_encrypt,constant_time,AdjacentNetwork,9,5117884842499753759,10000,0.223,rdtsc,5.000,tvla,pass,false,,20000,0,"|t|=0.52, threshold=4.5",106,1776883122
Rust,RustCrypto,AES-128,rustcrypto::aes::aes128_encrypt,constant_time,AdjacentNetwork,9,5117884842499753759,10000,0.223,rdtsc,5.000,silent,fail,true,,20000,784,"stat=205.934, alpha=0.10, delta=1.0 (pool)",106,1776883123
Rust,RustCrypto,AES-128,rustcrypto::aes::aes128_encrypt,constant_time,AdjacentNetwork,9,5117884842499753759,10000,0.223,rdtsc,5.000,rtlf,fail,true,1.000000,20000,21955,"p=0.0000, alpha=0.09 (pool)",106,1776883145
Rust,RustCrypto,AES-128,rustcrypto::aes::aes128_encrypt,constant_time,AdjacentNetwork,10,79716518764929837,10000,0.223,rdtsc,0.000,tacet,pass,false,0.000000,10000,208,Pass (P=0.0%),106,1776883145
Rust,RustCrypto,AES-128,rustcrypto::aes::aes128_encrypt,constant_time,AdjacentNetwork,10,79716518764929837,10000,0.223,rdtsc,0.000,dudect,fail,true,,20000,7,"max|t|=12.81, tau=-0.0906, threshold=4.5",106,1776883145
Rust,RustCrypto,AES-128,rustcrypto::aes::aes128_encrypt,constant_time,AdjacentNetwork,10,79716518764929837,10000,0.223,rdtsc,0.000,tvla,fail,true,,20000,0,"|t|=12.81, threshold=4.5",106,1776883145
Rust,RustCrypto,AES-128,rustcrypto::aes::aes128_encrypt,constant_time,AdjacentNetwork,10,79716518764929837,10000,0.223,rdtsc,0.000,silent,pass,false,,20000,765,"stat=126.346, alpha=0.10, delta=1.0 (pool)",106,1776883146
Rust,RustCrypto,AES-128,rustcrypto::aes::aes128_encrypt,constant_time,AdjacentNetwork,10,79716518764929837,10000,0.223,rdtsc,0.000,rtlf,fail,true,1.000000,20000,18344,"p=0.0000, alpha=0.09 (pool)",106,1776883165
Rust,RustCrypto,AES-128,rustcrypto::aes::aes128_encrypt,constant_time,AdjacentNetwork,10,79716518764929837,10000,0.223,rdtsc,5.000,tacet,pass,false,0.000000,10000,260,Pass (P=0.0%),106,1776883165
Rust,RustCrypto,AES-128,rustcrypto::aes::aes128_encrypt,constant_time,AdjacentNetwork,10,79716518764929837,10000,0.223,rdtsc,5.000,dudect,fail,true,,20000,9,"max|t|=12.48, tau=-0.0882, threshold=4.5",106,1776883165
Rust,RustCrypto,AES-128,rustcrypto::aes::aes128_encrypt,constant_time,AdjacentNetwork,10,79716518764929837,10000,0.223,rdtsc,5.000,tvla,fail,true,,20000,0,"|t|=12.48, threshold=4.5",106,1776883165
Rust,RustCrypto,AES-128,rustcrypto::aes::aes128_encrypt,constant_time,AdjacentNetwork,10,79716518764929837,10000,0.223,rdtsc,5.000,silent,fail,true,,20000,774,"stat=303.213, alpha=0.10, delta=1.0 (pool)",106,1776883166
Rust,RustCrypto,AES-128,rustcrypto::aes::aes128_encrypt,constant_time,AdjacentNetwork,10,79716518764929837,10000,0.223,rdtsc,5.000,rtlf,fail,true,1.000000,20000,21664,"p=0.0000, alpha=0.09 (pool)",106,1776883187
Rust,RustCrypto,AES-128,rustcrypto::aes::aes128_encrypt,constant_time,AdjacentNetwork,11,863232594028445752,10000,0.223,rdtsc,0.000,tacet,pass,false,0.000000,10000,193,Pass (P=0.0%),106,1776883188
Rust,RustCrypto,AES-128,rustcrypto::aes::aes128_encrypt,constant_time,AdjacentNetwork,11,863232594028445752,10000,0.223,rdtsc,0.000,dudect,fail,true,,20000,4,"max|t|=15.35, tau=-0.1085, threshold=4.5",106,1776883188
Rust,RustCrypto,AES-128,rustcrypto::aes::aes128_encrypt,constant_time,AdjacentNetwork,11,863232594028445752,10000,0.223,rdtsc,0.000,tvla,fail,true,,20000,0,"|t|=15.35, threshold=4.5",106,1776883188
Rust,RustCrypto,AES-128,rustcrypto::aes::aes128_encrypt,constant_time,AdjacentNetwork,11,863232594028445752,10000,0.223,rdtsc,0.000,silent,fail,true,,20000,759,"stat=64.716, alpha=0.10, delta=1.0 (pool)",106,1776883188
Rust,RustCrypto,AES-128,rustcrypto::aes::aes128_encrypt,constant_time,AdjacentNetwork,11,863232594028445752,10000,0.223,rdtsc,0.000,rtlf,fail,true,1.000000,20000,17077,"p=0.0000, alpha=0.09 (pool)",106,1776883205
Rust,RustCrypto,AES-128,rustcrypto::aes::aes128_encrypt,constant_time,AdjacentNetwork,11,863232594028445752,10000,0.223,rdtsc,5.000,tacet,pass,false,0.000000,10000,243,Pass (P=0.0%),106,1776883206
Rust,RustCrypto,AES-128,rustcrypto::aes::aes128_encrypt,constant_time,AdjacentNetwork,11,863232594028445752,10000,0.223,rdtsc,5.000,dudect,fail,true,,20000,8,"max|t|=14.98, tau=-0.1059, threshold=4.5",106,1776883206
Rust,RustCrypto,AES-128,rustcrypto::aes::aes128_encrypt,constant_time,AdjacentNetwork,11,863232594028445752,10000,0.223,rdtsc,5.000,tvla,fail,true,,20000,0,"|t|=14.98, threshold=4.5",106,1776883206
Rust,RustCrypto,AES-128,rustcrypto::aes::aes128_encrypt,constant_time,AdjacentNetwork,11,863232594028445752,10000,0.223,rdtsc,5.000,silent,fail,true,,20000,912,"stat=21.750, alpha=0.10, delta=1.0 (pool)",106,1776883207
Rust,RustCrypto,AES-128,rustcrypto::aes::aes128_encrypt,constant_time,AdjacentNetwork,11,863232594028445752,10000,0.223,rdtsc,5.000,rtlf,fail,true,1.000000,20000,20822,"p=0.0000, alpha=0.09 (pool)",106,1776883227
Rust,RustCrypto,AES-128,rustcrypto::aes::aes128_encrypt,constant_time,AdjacentNetwork,12,12442704996826556040,10000,0.223,rdtsc,0.000,tacet,pass,false,0.000000,10000,193,Pass (P=0.0%),106,1776883228
Rust,RustCrypto,AES-128,rustcrypto::aes::aes128_encrypt,constant_time,AdjacentNetwork,12,12442704996826556040,10000,0.223,rdtsc,0.000,dudect,fail,true,,19856,4,"max|t|=11.09, tau=-0.0787, threshold=4.5",106,1776883228
Rust,RustCrypto,AES-128,rustcrypto::aes::aes128_encrypt,constant_time,AdjacentNetwork,12,12442704996826556040,10000,0.223,rdtsc,0.000,tvla,pass,false,,20000,0,"|t|=2.05, threshold=4.5",106,1776883228
Rust,RustCrypto,AES-128,rustcrypto::aes::aes128_encrypt,constant_time,AdjacentNetwork,12,12442704996826556040,10000,0.223,rdtsc,0.000,silent,error,false,,0,1228,"Error: SILENT failed: Error in quantile.default(max_boot, 1 - alpha) : 
  missing values and NaN's not allowed if 'na.rm' is FALSE
Calls: algorithm -> max_test -> quantile -> quantile.default
Execution halted
",106,1776883230
Rust,RustCrypto,AES-128,rustcrypto::aes::aes128_encrypt,constant_time,AdjacentNetwork,12,12442704996826556040,10000,0.223,rdtsc,0.000,rtlf,fail,true,1.000000,20000,16565,"p=0.0000, alpha=0.09 (pool)",106,1776883246
Rust,RustCrypto,AES-128,rustcrypto::aes::aes128_encrypt,constant_time,AdjacentNetwork,12,12442704996826556040,10000,0.223,rdtsc,5.000,tacet,pass,false,0.000000,10000,240,Pass (P=0.0%),106,1776883246
Rust,RustCrypto,AES-128,rustcrypto::aes::aes128_encrypt,constant_time,AdjacentNetwork,12,12442704996826556040,10000,0.223,rdtsc,5.000,dudect,fail,true,,19969,8,"max|t|=12.61, tau=-0.0892, threshold=4.5",106,1776883247
Rust,RustCrypto,AES-128,rustcrypto::aes::aes128_encrypt,constant_time,AdjacentNetwork,12,12442704996826556040,10000,0.223,rdtsc,5.000,tvla,pass,false,,20000,0,"|t|=2.06, threshold=4.5",106,1776883247
Rust,RustCrypto,AES-128,rustcrypto::aes::aes128_encrypt,constant_time,AdjacentNetwork,12,12442704996826556040,10000,0.223,rdtsc,5.000,silent,fail,true,,20000,742,"stat=8.020, alpha=0.10, delta=1.0 (pool)",106,1776883247
Rust,RustCrypto,AES-128,rustcrypto::aes::aes128_encrypt,constant_time,AdjacentNetwork,12,12442704996826556040,10000,0.223,rdtsc,5.000,rtlf,fail,true,1.000000,20000,20588,"p=0.0000, alpha=0.09 (pool)",106,1776883268
Rust,RustCrypto,AES-128,rustcrypto::aes::aes128_encrypt,constant_time,AdjacentNetwork,13,8670128681160509208,10000,0.223,rdtsc,0.000,tacet,pass,false,0.000000,10000,192,Pass (P=0.0%),106,1776883268
Rust,RustCrypto,AES-128,rustcrypto::aes::aes128_encrypt,constant_time,AdjacentNetwork,13,8670128681160509208,10000,0.223,rdtsc,0.000,dudect,fail,true,,20000,4,"max|t|=14.29, tau=-0.1010, threshold=4.5",106,1776883268
Rust,RustCrypto,AES-128,rustcrypto::aes::aes128_encrypt,constant_time,AdjacentNetwork,13,8670128681160509208,10000,0.223,rdtsc,0.000,tvla,fail,true,,20000,0,"|t|=14.29, threshold=4.5",106,1776883268
Rust,RustCrypto,AES-128,rustcrypto::aes::aes128_encrypt,constant_time,AdjacentNetwork,13,8670128681160509208,10000,0.223,rdtsc,0.000,silent,error,false,,0,1233,"Error: SILENT failed: Error in quantile.default(max_boot, 1 - alpha) : 
  missing values and NaN's not allowed if 'na.rm' is FALSE
Calls: algorithm -> max_test -> quantile -> quantile.default
Execution halted
",106,1776883270
Rust,RustCrypto,AES-128,rustcrypto::aes::aes128_encrypt,constant_time,AdjacentNetwork,13,8670128681160509208,10000,0.223,rdtsc,0.000,rtlf,fail,true,1.000000,20000,16439,"p=0.0000, alpha=0.09 (pool)",106,1776883287
Rust,RustCrypto,AES-128,rustcrypto::aes::aes128_encrypt,constant_time,AdjacentNetwork,13,8670128681160509208,10000,0.223,rdtsc,5.000,tacet,pass,false,0.000000,10000,239,Pass (P=0.0%),106,1776883287
Rust,RustCrypto,AES-128,rustcrypto::aes::aes128_encrypt,constant_time,AdjacentNetwork,13,8670128681160509208,10000,0.223,rdtsc,5.000,dudect,fail,true,,20000,8,"max|t|=13.15, tau=-0.0930, threshold=4.5",106,1776883287
Rust,RustCrypto,AES-128,rustcrypto::aes::aes128_encrypt,constant_time,AdjacentNetwork,13,8670128681160509208,10000,0.223,rdtsc,5.000,tvla,fail,true,,20000,0,"|t|=13.15, threshold=4.5",106,1776883287
Rust,RustCrypto,AES-128,rustcrypto::aes::aes128_encrypt,constant_time,AdjacentNetwork,13,8670128681160509208,10000,0.223,rdtsc,5.000,silent,fail,true,,20000,738,"stat=12.163, alpha=0.10, delta=1.0 (pool)",106,1776883288
Rust,RustCrypto,AES-128,rustcrypto::aes::aes128_encrypt,constant_time,AdjacentNetwork,13,8670128681160509208,10000,0.223,rdtsc,5.000,rtlf,fail,true,1.000000,20000,20164,"p=0.0000, alpha=0.09 (pool)",106,1776883308
Rust,RustCrypto,AES-128,rustcrypto::aes::aes128_encrypt,constant_time,AdjacentNetwork,14,15671048526854114073,10000,0.223,rdtsc,0.000,tacet,pass,false,0.000000,10000,190,Pass (P=0.0%),106,1776883308
Rust,RustCrypto,AES-128,rustcrypto::aes::aes128_encrypt,constant_time,AdjacentNetwork,14,15671048526854114073,10000,0.223,rdtsc,0.000,dudect,fail,true,,19882,4,"max|t|=12.41, tau=-0.0880, threshold=4.5",106,1776883308
Rust,RustCrypto,AES-128,rustcrypto::aes::aes128_encrypt,constant_time,AdjacentNetwork,14,15671048526854114073,10000,0.223,rdtsc,0.000,tvla,pass,false,,20000,0,"|t|=2.95, threshold=4.5",106,1776883308
Rust,RustCrypto,AES-128,rustcrypto::aes::aes128_encrypt,constant_time,AdjacentNetwork,14,15671048526854114073,10000,0.223,rdtsc,0.000,silent,fail,true,,20000,762,"stat=7127.856, alpha=0.10, delta=1.0 (pool)",106,1776883309
Rust,RustCrypto,AES-128,rustcrypto::aes::aes128_encrypt,constant_time,AdjacentNetwork,14,15671048526854114073,10000,0.223,rdtsc,0.000,rtlf,fail,true,1.000000,20000,16638,"p=0.0000, alpha=0.09 (pool)",106,1776883325
Rust,RustCrypto,AES-128,rustcrypto::aes::aes128_encrypt,constant_time,AdjacentNetwork,14,15671048526854114073,10000,0.223,rdtsc,5.000,tacet,pass,false,0.000000,10000,236,Pass (P=0.0%),106,1776883326
Rust,RustCrypto,AES-128,rustcrypto::aes::aes128_encrypt,constant_time,AdjacentNetwork,14,15671048526854114073,10000,0.223,rdtsc,5.000,dudect,fail,true,,19972,8,"max|t|=13.30, tau=-0.0941, threshold=4.5",106,1776883326
Rust,RustCrypto,AES-128,rustcrypto::aes::aes128_encrypt,constant_time,AdjacentNetwork,14,15671048526854114073,10000,0.223,rdtsc,5.000,tvla,pass,false,,20000,0,"|t|=2.96, threshold=4.5",106,1776883326
Rust,RustCrypto,AES-128,rustcrypto::aes::aes128_encrypt,constant_time,AdjacentNetwork,14,15671048526854114073,10000,0.223,rdtsc,5.000,silent,fail,true,,20000,779,"stat=31.306, alpha=0.10, delta=1.0 (pool)",106,1776883326
Rust,RustCrypto,AES-128,rustcrypto::aes::aes128_encrypt,constant_time,AdjacentNetwork,14,15671048526854114073,10000,0.223,rdtsc,5.000,rtlf,fail,true,1.000000,20000,20235,"p=0.0000, alpha=0.09 (pool)",106,1776883347
Rust,RustCrypto,AES-128,rustcrypto::aes::aes128_encrypt,constant_time,AdjacentNetwork,15,16472347628482825433,10000,0.223,rdtsc,0.000,tacet,pass,false,0.000000,10000,195,Pass (P=0.0%),109,1776883347
Rust,RustCrypto,AES-128,rustcrypto::aes::aes128_encrypt,constant_time,AdjacentNetwork,15,16472347628482825433,10000,0.223,rdtsc,0.000,dudect,fail,true,,19791,7,"max|t|=12.15, tau=-0.0864, threshold=4.5",109,1776883347
Rust,RustCrypto,AES-128,rustcrypto::aes::aes128_encrypt,constant_time,AdjacentNetwork,15,16472347628482825433,10000,0.223,rdtsc,0.000,tvla,pass,false,,20000,0,"|t|=2.38, threshold=4.5",109,1776883347
Rust,RustCrypto,AES-128,rustcrypto::aes::aes128_encrypt,constant_time,AdjacentNetwork,15,16472347628482825433,10000,0.223,rdtsc,0.000,silent,pass,false,,20000,744,"stat=0.070, alpha=0.10, delta=1.0 (pool)",109,1776883348
Rust,RustCrypto,AES-128,rustcrypto::aes::aes128_encrypt,constant_time,AdjacentNetwork,15,16472347628482825433,10000,0.223,rdtsc,0.000,rtlf,fail,true,1.000000,20000,17529,"p=0.0000, alpha=0.09 (pool)",109,1776883365
Rust,RustCrypto,AES-128,rustcrypto::aes::aes128_encrypt,constant_time,AdjacentNetwork,15,16472347628482825433,10000,0.223,rdtsc,5.000,tacet,pass,false,0.000000,10000,250,Pass (P=0.0%),109,1776883366
Rust,RustCrypto,AES-128,rustcrypto::aes::aes128_encrypt,constant_time,AdjacentNetwork,15,16472347628482825433,10000,0.223,rdtsc,5.000,dudect,fail,true,,19908,9,"max|t|=12.50, tau=-0.0886, threshold=4.5",109,1776883366
Rust,RustCrypto,AES-128,rustcrypto::aes::aes128_encrypt,constant_time,AdjacentNetwork,15,16472347628482825433,10000,0.223,rdtsc,5.000,tvla,pass,false,,20000,0,"|t|=2.43, threshold=4.5",109,1776883366
Rust,RustCrypto,AES-128,rustcrypto::aes::aes128_encrypt,constant_time,AdjacentNetwork,15,16472347628482825433,10000,0.223,rdtsc,5.000,silent,fail,true,,20000,774,"stat=277.315, alpha=0.10, delta=1.0 (pool)",109,1776883366
Rust,RustCrypto,AES-128,rustcrypto::aes::aes128_encrypt,constant_time,AdjacentNetwork,15,16472347628482825433,10000,0.223,rdtsc,5.000,rtlf,fail,true,1.000000,20000,21089,"p=0.0000, alpha=0.09 (pool)",109,1776883387
Rust,RustCrypto,AES-128,rustcrypto::aes::aes128_encrypt,constant_time,AdjacentNetwork,16,2151879333159084137,10000,0.223,rdtsc,0.000,tacet,pass,false,0.000000,10000,193,Pass (P=0.0%),106,1776883388
Rust,RustCrypto,AES-128,rustcrypto::aes::aes128_encrypt,constant_time,AdjacentNetwork,16,2151879333159084137,10000,0.223,rdtsc,0.000,dudect,fail,true,,20000,4,"max|t|=14.21, tau=-0.1004, threshold=4.5",106,1776883388
Rust,RustCrypto,AES-128,rustcrypto::aes::aes128_encrypt,constant_time,AdjacentNetwork,16,2151879333159084137,10000,0.223,rdtsc,0.000,tvla,fail,true,,20000,0,"|t|=14.21, threshold=4.5",106,1776883388
Rust,RustCrypto,AES-128,rustcrypto::aes::aes128_encrypt,constant_time,AdjacentNetwork,16,2151879333159084137,10000,0.223,rdtsc,0.000,silent,error,false,,0,1230,"Error: SILENT failed: Error in quantile.default(max_boot, 1 - alpha) : 
  missing values and NaN's not allowed if 'na.rm' is FALSE
Calls: algorithm -> max_test -> quantile -> quantile.default
Execution halted
",106,1776883390
Rust,RustCrypto,AES-128,rustcrypto::aes::aes128_encrypt,constant_time,AdjacentNetwork,16,2151879333159084137,10000,0.223,rdtsc,0.000,rtlf,fail,true,1.000000,20000,16575,"p=0.0000, alpha=0.09 (pool)",106,1776883406
Rust,RustCrypto,AES-128,rustcrypto::aes::aes128_encrypt,constant_time,AdjacentNetwork,16,2151879333159084137,10000,0.223,rdtsc,5.000,tacet,pass,false,0.000000,10000,240,Pass (P=0.0%),106,1776883406
Rust,RustCrypto,AES-128,rustcrypto::aes::aes128_encrypt,constant_time,AdjacentNetwork,16,2151879333159084137,10000,0.223,rdtsc,5.000,dudect,fail,true,,20000,8,"max|t|=13.10, tau=-0.0926, threshold=4.5",106,1776883406
Rust,RustCrypto,AES-128,rustcrypto::aes::aes128_encrypt,constant_time,AdjacentNetwork,16,2151879333159084137,10000,0.223,rdtsc,5.000,tvla,fail,true,,20000,0,"|t|=13.10, threshold=4.5",106,1776883406
Rust,RustCrypto,AES-128,rustcrypto::aes::aes128_encrypt,constant_time,AdjacentNetwork,16,2151879333159084137,10000,0.223,rdtsc,5.000,silent,fail,true,,20000,745,"stat=13.755, alpha=0.10, delta=1.0 (pool)",106,1776883407
Rust,RustCrypto,AES-128,rustcrypto::aes::aes128_encrypt,constant_time,AdjacentNetwork,16,2151879333159084137,10000,0.223,rdtsc,5.000,rtlf,fail,true,1.000000,20000,20229,"p=0.0000, alpha=0.09 (pool)",106,1776883427
Rust,RustCrypto,AES-128,rustcrypto::aes::aes128_encrypt,constant_time,AdjacentNetwork,17,17894998728558100465,10000,0.223,rdtsc,0.000,tacet,pass,false,0.000000,10000,186,Pass (P=0.0%),106,1776883428
Rust,RustCrypto,AES-128,rustcrypto::aes::aes128_encrypt,constant_time,AdjacentNetwork,17,17894998728558100465,10000,0.223,rdtsc,0.000,dudect,fail,true,,20000,4,"max|t|=15.95, tau=-0.1128, threshold=4.5",106,1776883428
Rust,RustCrypto,AES-128,rustcrypto::aes::aes128_encrypt,constant_time,AdjacentNetwork,17,17894998728558100465,10000,0.223,rdtsc,0.000,tvla,fail,true,,20000,0,"|t|=15.95, threshold=4.5",106,1776883428
Rust,RustCrypto,AES-128,rustcrypto::aes::aes128_encrypt,constant_time,AdjacentNetwork,17,17894998728558100465,10000,0.223,rdtsc,0.000,silent,error,false,,0,1228,"Error: SILENT failed: Error in quantile.default(max_boot, 1 - alpha) : 
  missing values and NaN's not allowed if 'na.rm' is FALSE
Calls: algorithm -> max_test -> quantile -> quantile.default
Execution halted
",106,1776883430
Rust,RustCrypto,AES-128,rustcrypto::aes::aes128_encrypt,constant_time,AdjacentNetwork,17,17894998728558100465,10000,0.223,rdtsc,0.000,rtlf,fail,true,1.000000,20000,16661,"p=0.0000, alpha=0.09 (pool)",106,1776883446
Rust,RustCrypto,AES-128,rustcrypto::aes::aes128_encrypt,constant_time,AdjacentNetwork,17,17894998728558100465,10000,0.223,rdtsc,5.000,tacet,pass,false,0.000000,10000,237,Pass (P=0.0%),106,1776883447
Rust,RustCrypto,AES-128,rustcrypto::aes::aes128_encrypt,constant_time,AdjacentNetwork,17,17894998728558100465,10000,0.223,rdtsc,5.000,dudect,fail,true,,20000,8,"max|t|=15.08, tau=-0.1067, threshold=4.5",106,1776883447
Rust,RustCrypto,AES-128,rustcrypto::aes::aes128_encrypt,constant_time,AdjacentNetwork,17,17894998728558100465,10000,0.223,rdtsc,5.000,tvla,fail,true,,20000,0,"|t|=15.08, threshold=4.5",106,1776883447
Rust,RustCrypto,AES-128,rustcrypto::aes::aes128_encrypt,constant_time,AdjacentNetwork,17,17894998728558100465,10000,0.223,rdtsc,5.000,silent,fail,true,,20000,746,"stat=13.242, alpha=0.10, delta=1.0 (pool)",106,1776883447
Rust,RustCrypto,AES-128,rustcrypto::aes::aes128_encrypt,constant_time,AdjacentNetwork,17,17894998728558100465,10000,0.223,rdtsc,5.000,rtlf,fail,true,1.000000,20000,20184,"p=0.0000, alpha=0.09 (pool)",106,1776883468
Rust,RustCrypto,AES-128,rustcrypto::aes::aes128_encrypt,constant_time,AdjacentNetwork,18,13514075790806436036,10000,0.223,rdtsc,0.000,tacet,pass,false,0.000000,10000,201,Pass (P=0.0%),106,1776883468
Rust,RustCrypto,AES-128,rustcrypto::aes::aes128_encrypt,constant_time,AdjacentNetwork,18,13514075790806436036,10000,0.223,rdtsc,0.000,dudect,fail,true,,15291,7,"max|t|=7.83, tau=-0.0634, threshold=4.5",106,1776883468
Rust,RustCrypto,AES-128,rustcrypto::aes::aes128_encrypt,constant_time,AdjacentNetwork,18,13514075790806436036,10000,0.223,rdtsc,0.000,tvla,pass,false,,20000,0,"|t|=2.25, threshold=4.5",106,1776883468
Rust,RustCrypto,AES-128,rustcrypto::aes::aes128_encrypt,constant_time,AdjacentNetwork,18,13514075790806436036,10000,0.223,rdtsc,0.000,silent,fail,true,,20000,735,"stat=0.000, alpha=0.10, delta=1.0 (pool)",106,1776883469
Rust,RustCrypto,AES-128,rustcrypto::aes::aes128_encrypt,constant_time,AdjacentNetwork,18,13514075790806436036,10000,0.223,rdtsc,0.000,rtlf,pass,false,0.000000,20000,17955,"p=1.0000, alpha=0.09 (pool)",106,1776883487
Rust,RustCrypto,AES-128,rustcrypto::aes::aes128_encrypt,constant_time,AdjacentNetwork,18,13514075790806436036,10000,0.223,rdtsc,5.000,tacet,pass,false,0.000000,10000,255,Pass (P=0.0%),106,1776883487
Rust,RustCrypto,AES-128,rustcrypto::aes::aes128_encrypt,constant_time,AdjacentNetwork,18,13514075790806436036,10000,0.223,rdtsc,5.000,dudect,fail,true,,19979,9,"max|t|=9.32, tau=-0.0659, threshold=4.5",106,1776883487
Rust,RustCrypto,AES-128,rustcrypto::aes::aes128_encrypt,constant_time,AdjacentNetwork,18,13514075790806436036,10000,0.223,rdtsc,5.000,tvla,pass,false,,20000,0,"|t|=2.30, threshold=4.5",106,1776883487
Rust,RustCrypto,AES-128,rustcrypto::aes::aes128_encrypt,constant_time,AdjacentNetwork,18,13514075790806436036,10000,0.223,rdtsc,5.000,silent,fail,true,,20000,765,"stat=236.840, alpha=0.10, delta=1.0 (pool)",106,1776883488
Rust,RustCrypto,AES-128,rustcrypto::aes::aes128_encrypt,constant_time,AdjacentNetwork,18,13514075790806436036,10000,0.223,rdtsc,5.000,rtlf,fail,true,1.000000,20000,21133,"p=0.0000, alpha=0.09 (pool)",106,1776883509
Rust,RustCrypto,AES-128,rustcrypto::aes::aes128_encrypt,constant_time,AdjacentNetwork,19,16176078011043277990,10000,0.223,rdtsc,0.000,tacet,pass,false,0.000000,10000,207,Pass (P=0.0%),106,1776883509
Rust,RustCrypto,AES-128,rustcrypto::aes::aes128_encrypt,constant_time,AdjacentNetwork,19,16176078011043277990,10000,0.223,rdtsc,0.000,dudect,fail,true,,20000,7,"max|t|=13.63, tau=-0.0964, threshold=4.5",106,1776883509
Rust,RustCrypto,AES-128,rustcrypto::aes::aes128_encrypt,constant_time,AdjacentNetwork,19,16176078011043277990,10000,0.223,rdtsc,0.000,tvla,fail,true,,20000,0,"|t|=13.63, threshold=4.5",106,1776883509
Rust,RustCrypto,AES-128,rustcrypto::aes::aes128_encrypt,constant_time,AdjacentNetwork,19,16176078011043277990,10000,0.223,rdtsc,0.000,silent,pass,false,,20000,889,"stat=33.545, alpha=0.10, delta=1.0 (pool)",106,1776883510
Rust,RustCrypto,AES-128,rustcrypto::aes::aes128_encrypt,constant_time,AdjacentNetwork,19,16176078011043277990,10000,0.223,rdtsc,0.000,rtlf,fail,true,1.000000,20000,17620,"p=0.0000, alpha=0.09 (pool)",106,1776883528
Rust,RustCrypto,AES-128,rustcrypto::aes::aes128_encrypt,constant_time,AdjacentNetwork,19,16176078011043277990,10000,0.223,rdtsc,5.000,tacet,pass,false,0.000000,10000,254,Pass (P=0.0%),106,1776883528
Rust,RustCrypto,AES-128,rustcrypto::aes::aes128_encrypt,constant_time,AdjacentNetwork,19,16176078011043277990,10000,0.223,rdtsc,5.000,dudect,fail,true,,20000,9,"max|t|=13.19, tau=-0.0933, threshold=4.5",106,1776883528
Rust,RustCrypto,AES-128,rustcrypto::aes::aes128_encrypt,constant_time,AdjacentNetwork,19,16176078011043277990,10000,0.223,rdtsc,5.000,tvla,fail,true,,20000,0,"|t|=13.19, threshold=4.5",106,1776883528
Rust,RustCrypto,AES-128,rustcrypto::aes::aes128_encrypt,constant_time,AdjacentNetwork,19,16176078011043277990,10000,0.223,rdtsc,5.000,silent,fail,true,,20000,763,"stat=386.527, alpha=0.10, delta=1.0 (pool)",106,1776883529
Rust,RustCrypto,AES-128,rustcrypto::aes::aes128_encrypt,constant_time,AdjacentNetwork,19,16176078011043277990,10000,0.223,rdtsc,5.000,rtlf,fail,true,1.000000,20000,21308,"p=0.0000, alpha=0.09 (pool)",106,1776883550
Rust,RustCrypto,AES-128,rustcrypto::aes::aes128_encrypt,constant_time,AdjacentNetwork,20,379920769391484697,10000,0.223,rdtsc,0.000,tacet,pass,false,0.000000,10000,194,Pass (P=0.0%),106,1776883550
Rust,RustCrypto,AES-128,rustcrypto::aes::aes128_encrypt,constant_time,AdjacentNetwork,20,379920769391484697,10000,0.223,rdtsc,0.000,dudect,fail,true,,19873,4,"max|t|=13.28, tau=-0.0942, threshold=4.5",106,1776883550
Rust,RustCrypto,AES-128,rustcrypto::aes::aes128_encrypt,constant_time,AdjacentNetwork,20,379920769391484697,10000,0.223,rdtsc,0.000,tvla,pass,false,,20000,0,"|t|=0.31, threshold=4.5",106,1776883550
Rust,RustCrypto,AES-128,rustcrypto::aes::aes128_encrypt,constant_time,AdjacentNetwork,20,379920769391484697,10000,0.223,rdtsc,0.000,silent,fail,true,,20000,755,"stat=337703.450, alpha=0.10, delta=1.0 (pool)",106,1776883551
Rust,RustCrypto,AES-128,rustcrypto::aes::aes128_encrypt,constant_time,AdjacentNetwork,20,379920769391484697,10000,0.223,rdtsc,0.000,rtlf,fail,true,1.000000,20000,17097,"p=0.0000, alpha=0.09 (pool)",106,1776883568
Rust,RustCrypto,AES-128,rustcrypto::aes::aes128_encrypt,constant_time,AdjacentNetwork,20,379920769391484697,10000,0.223,rdtsc,5.000,tacet,pass,false,0.000000,10000,244,Pass (P=0.0%),106,1776883568
Rust,RustCrypto,AES-128,rustcrypto::aes::aes128_encrypt,constant_time,AdjacentNetwork,20,379920769391484697,10000,0.223,rdtsc,5.000,dudect,fail,true,,19968,8,"max|t|=14.27, tau=-0.1010, threshold=4.5",106,1776883568
Rust,RustCrypto,AES-128,rustcrypto::aes::aes128_encrypt,constant_time,AdjacentNetwork,20,379920769391484697,10000,0.223,rdtsc,5.000,tvla,pass,false,,20000,0,"|t|=0.33, threshold=4.5",106,1776883568
Rust,RustCrypto,AES-128,rustcrypto::aes::aes128_encrypt,constant_time,AdjacentNetwork,20,379920769391484697,10000,0.223,rdtsc,5.000,silent,fail,true,,20000,772,"stat=30.203, alpha=0.10, delta=1.0 (pool)",106,1776883569
Rust,RustCrypto,AES-128,rustcrypto::aes::aes128_encrypt,constant_time,AdjacentNetwork,20,379920769391484697,10000,0.223,rdtsc,5.000,rtlf,fail,true,1.000000,20000,20776,"p=0.0000, alpha=0.09 (pool)",106,1776883590
Rust,ring,AES-256-GCM,ring::aes_gcm::aes256gcm_seal,constant_time,AdjacentNetwork,1,17060210546773182904,10000,0.223,rdtsc,0.000,tacet,pass,false,0.000000,10000,197,Pass (P=0.0%),108,1776883590
Rust,ring,AES-256-GCM,ring::aes_gcm::aes256gcm_seal,constant_time,AdjacentNetwork,1,17060210546773182904,10000,0.223,rdtsc,0.000,dudect,fail,true,,15010,8,"max|t|=10.76, tau=-0.0878, threshold=4.5",108,1776883590
Rust,ring,AES-256-GCM,ring::aes_gcm::aes256gcm_seal,constant_time,AdjacentNetwork,1,17060210546773182904,10000,0.223,rdtsc,0.000,tvla,pass,false,,20000,0,"|t|=1.56, threshold=4.5",108,1776883590
Rust,ring,AES-256-GCM,ring::aes_gcm::aes256gcm_seal,constant_time,AdjacentNetwork,1,17060210546773182904,10000,0.223,rdtsc,0.000,silent,fail,true,,20000,781,"stat=32.239, alpha=0.10, delta=1.0 (pool)",108,1776883591
Rust,ring,AES-256-GCM,ring::aes_gcm::aes256gcm_seal,constant_time,AdjacentNetwork,1,17060210546773182904,10000,0.223,rdtsc,0.000,rtlf,fail,true,1.000000,20000,18412,"p=0.0000, alpha=0.09 (pool)",108,1776883609
Rust,ring,AES-256-GCM,ring::aes_gcm::aes256gcm_seal,constant_time,AdjacentNetwork,1,17060210546773182904,10000,0.223,rdtsc,5.000,tacet,pass,false,0.000000,10000,252,Pass (P=0.0%),108,1776883610
Rust,ring,AES-256-GCM,ring::aes_gcm::aes256gcm_seal,constant_time,AdjacentNetwork,1,17060210546773182904,10000,0.223,rdtsc,5.000,dudect,fail,true,,14993,9,"max|t|=10.16, tau=-0.0829, threshold=4.5",108,1776883610
Rust,ring,AES-256-GCM,ring::aes_gcm::aes256gcm_seal,constant_time,AdjacentNetwork,1,17060210546773182904,10000,0.223,rdtsc,5.000,tvla,pass,false,,20000,0,"|t|=1.57, threshold=4.5",108,1776883610
Rust,ring,AES-256-GCM,ring::aes_gcm::aes256gcm_seal,constant_time,AdjacentNetwork,1,17060210546773182904,10000,0.223,rdtsc,5.000,silent,fail,true,,20000,777,"stat=763.386, alpha=0.10, delta=1.0 (pool)",108,1776883610
Rust,ring,AES-256-GCM,ring::aes_gcm::aes256gcm_seal,constant_time,AdjacentNetwork,1,17060210546773182904,10000,0.223,rdtsc,5.000,rtlf,fail,true,1.000000,20000,21650,"p=0.0000, alpha=0.09 (pool)",108,1776883632
Rust,ring,AES-256-GCM,ring::aes_gcm::aes256gcm_seal,constant_time,AdjacentNetwork,2,1523560160233803684,10000,0.223,rdtsc,0.000,tacet,pass,false,0.000000,10000,185,Pass (P=0.0%),107,1776883632
Rust,ring,AES-256-GCM,ring::aes_gcm::aes256gcm_seal,constant_time,AdjacentNetwork,2,1523560160233803684,10000,0.223,rdtsc,0.000,dudect,fail,true,,19294,7,"max|t|=19.17, tau=-0.1380, threshold=4.5",107,1776883632
Rust,ring,AES-256-GCM,ring::aes_gcm::aes256gcm_seal,constant_time,AdjacentNetwork,2,1523560160233803684,10000,0.223,rdtsc,0.000,tvla,pass,false,,20000,0,"|t|=3.21, threshold=4.5",107,1776883632
Rust,ring,AES-256-GCM,ring::aes_gcm::aes256gcm_seal,constant_time,AdjacentNetwork,2,1523560160233803684,10000,0.223,rdtsc,0.000,silent,fail,true,,20000,907,"stat=32.890, alpha=0.10, delta=1.0 (pool)",107,1776883633
Rust,ring,AES-256-GCM,ring::aes_gcm::aes256gcm_seal,constant_time,AdjacentNetwork,2,1523560160233803684,10000,0.223,rdtsc,0.000,rtlf,fail,true,1.000000,20000,17763,"p=0.0000, alpha=0.09 (pool)",107,1776883651
Rust,ring,AES-256-GCM,ring::aes_gcm::aes256gcm_seal,constant_time,AdjacentNetwork,2,1523560160233803684,10000,0.223,rdtsc,5.000,tacet,pass,false,0.000000,10000,243,Pass (P=0.0%),107,1776883651
Rust,ring,AES-256-GCM,ring::aes_gcm::aes256gcm_seal,constant_time,AdjacentNetwork,2,1523560160233803684,10000,0.223,rdtsc,5.000,dudect,fail,true,,19325,9,"max|t|=18.74, tau=-0.1348, threshold=4.5",107,1776883651
Rust,ring,AES-256-GCM,ring::aes_gcm::aes256gcm_seal,constant_time,AdjacentNetwork,2,1523560160233803684,10000,0.223,rdtsc,5.000,tvla,pass,false,,20000,0,"|t|=3.25, threshold=4.5",107,1776883651
Rust,ring,AES-256-GCM,ring::aes_gcm::aes256gcm_seal,constant_time,AdjacentNetwork,2,1523560160233803684,10000,0.223,rdtsc,5.000,silent,fail,true,,20000,1105,"stat=50.193, alpha=0.10, delta=1.0 (pool)",107,1776883652
Rust,ring,AES-256-GCM,ring::aes_gcm::aes256gcm_seal,constant_time,AdjacentNetwork,2,1523560160233803684,10000,0.223,rdtsc,5.000,rtlf,fail,true,1.000000,20000,21129,"p=0.0000, alpha=0.09 (pool)",107,1776883674
Rust,ring,AES-256-GCM,ring::aes_gcm::aes256gcm_seal,constant_time,AdjacentNetwork,3,1930566291513391757,10000,0.223,rdtsc,0.000,tacet,pass,false,0.000000,10000,205,Pass (P=0.0%),109,1776883674
Rust,ring,AES-256-GCM,ring::aes_gcm::aes256gcm_seal,constant_time,AdjacentNetwork,3,1930566291513391757,10000,0.223,rdtsc,0.000,dudect,fail,true,,12872,8,"max|t|=6.00, tau=-0.0529, threshold=4.5",109,1776883674
Rust,ring,AES-256-GCM,ring::aes_gcm::aes256gcm_seal,constant_time,AdjacentNetwork,3,1930566291513391757,10000,0.223,rdtsc,0.000,tvla,pass,false,,20000,0,"|t|=2.15, threshold=4.5",109,1776883674
Rust,ring,AES-256-GCM,ring::aes_gcm::aes256gcm_seal,constant_time,AdjacentNetwork,3,1930566291513391757,10000,0.223,rdtsc,0.000,silent,error,false,,0,1283,"Error: SILENT failed: Error in quantile.default(max_boot, 1 - alpha) : 
  missing values and NaN's not allowed if 'na.rm' is FALSE
Calls: algorithm -> max_test -> quantile -> quantile.default
Execution halted
",109,1776883676
Rust,ring,AES-256-GCM,ring::aes_gcm::aes256gcm_seal,constant_time,AdjacentNetwork,3,1930566291513391757,10000,0.223,rdtsc,0.000,rtlf,pass,false,0.000000,20000,19306,"p=1.0000, alpha=0.09 (pool)",109,1776883695
Rust,ring,AES-256-GCM,ring::aes_gcm::aes256gcm_seal,constant_time,AdjacentNetwork,3,1930566291513391757,10000,0.223,rdtsc,5.000,tacet,pass,false,0.000000,10000,267,Pass (P=0.0%),109,1776883696
Rust,ring,AES-256-GCM,ring::aes_gcm::aes256gcm_seal,constant_time,AdjacentNetwork,3,1930566291513391757,10000,0.223,rdtsc,5.000,dudect,fail,true,,11283,9,"max|t|=5.17, tau=-0.0487, threshold=4.5",109,1776883696
Rust,ring,AES-256-GCM,ring::aes_gcm::aes256gcm_seal,constant_time,AdjacentNetwork,3,1930566291513391757,10000,0.223,rdtsc,5.000,tvla,pass,false,,20000,0,"|t|=2.15, threshold=4.5",109,1776883696
Rust,ring,AES-256-GCM,ring::aes_gcm::aes256gcm_seal,constant_time,AdjacentNetwork,3,1930566291513391757,10000,0.223,rdtsc,5.000,silent,fail,true,,20000,806,"stat=549.175, alpha=0.10, delta=1.0 (pool)",109,1776883696
Rust,ring,AES-256-GCM,ring::aes_gcm::aes256gcm_seal,constant_time,AdjacentNetwork,3,1930566291513391757,10000,0.223,rdtsc,5.000,rtlf,pass,false,0.000000,20000,22591,"p=1.0000, alpha=0.09 (pool)",109,1776883719
Rust,ring,AES-256-GCM,ring::aes_gcm::aes256gcm_seal,constant_time,AdjacentNetwork,4,4145745450567302931,10000,0.223,rdtsc,0.000,tacet,pass,false,0.000000,10000,188,Pass (P=0.0%),110,1776883719
Rust,ring,AES-256-GCM,ring::aes_gcm::aes256gcm_seal,constant_time,AdjacentNetwork,4,4145745450567302931,10000,0.223,rdtsc,0.000,dudect,fail,true,,19832,7,"max|t|=7.08, tau=0.0503, threshold=4.5",110,1776883719
Rust,ring,AES-256-GCM,ring::aes_gcm::aes256gcm_seal,constant_time,AdjacentNetwork,4,4145745450567302931,10000,0.223,rdtsc,0.000,tvla,pass,false,,20000,0,"|t|=3.08, threshold=4.5",110,1776883719
Rust,ring,AES-256-GCM,ring::aes_gcm::aes256gcm_seal,constant_time,AdjacentNetwork,4,4145745450567302931,10000,0.223,rdtsc,0.000,silent,error,false,,0,1251,"Error: SILENT failed: Error in quantile.default(max_boot, 1 - alpha) : 
  missing values and NaN's not allowed if 'na.rm' is FALSE
Calls: algorithm -> max_test -> quantile -> quantile.default
Execution halted
",110,1776883721
Rust,ring,AES-256-GCM,ring::aes_gcm::aes256gcm_seal,constant_time,AdjacentNetwork,4,4145745450567302931,10000,0.223,rdtsc,0.000,rtlf,pass,false,0.000000,20000,18066,"p=1.0000, alpha=0.09 (pool)",110,1776883739
Rust,ring,AES-256-GCM,ring::aes_gcm::aes256gcm_seal,constant_time,AdjacentNetwork,4,4145745450567302931,10000,0.223,rdtsc,5.000,tacet,pass,false,0.000000,10000,242,Pass (P=0.0%),110,1776883740
Rust,ring,AES-256-GCM,ring::aes_gcm::aes256gcm_seal,constant_time,AdjacentNetwork,4,4145745450567302931,10000,0.223,rdtsc,5.000,dudect,fail,true,,19857,9,"max|t|=7.19, tau=0.0510, threshold=4.5",110,1776883740
Rust,ring,AES-256-GCM,ring::aes_gcm::aes256gcm_seal,constant_time,AdjacentNetwork,4,4145745450567302931,10000,0.223,rdtsc,5.000,tvla,pass,false,,20000,0,"|t|=3.05, threshold=4.5",110,1776883740
Rust,ring,AES-256-GCM,ring::aes_gcm::aes256gcm_seal,constant_time,AdjacentNetwork,4,4145745450567302931,10000,0.223,rdtsc,5.000,silent,fail,true,,20000,880,"stat=4.636, alpha=0.10, delta=1.0 (pool)",110,1776883741
Rust,ring,AES-256-GCM,ring::aes_gcm::aes256gcm_seal,constant_time,AdjacentNetwork,4,4145745450567302931,10000,0.223,rdtsc,5.000,rtlf,pass,false,0.000000,20000,21431,"p=1.0000, alpha=0.09 (pool)",110,1776883762
Rust,ring,AES-256-GCM,ring::aes_gcm::aes256gcm_seal,constant_time,AdjacentNetwork,5,8651195473369840465,10000,0.223,rdtsc,0.000,tacet,pass,false,0.000000,10000,188,Pass (P=0.0%),107,1776883762
Rust,ring,AES-256-GCM,ring::aes_gcm::aes256gcm_seal,constant_time,AdjacentNetwork,5,8651195473369840465,10000,0.223,rdtsc,0.000,dudect,fail,true,,19881,6,"max|t|=11.26, tau=-0.0798, threshold=4.5",107,1776883762
Rust,ring,AES-256-GCM,ring::aes_gcm::aes256gcm_seal,constant_time,AdjacentNetwork,5,8651195473369840465,10000,0.223,rdtsc,0.000,tvla,fail,true,,20000,0,"|t|=8.45, threshold=4.5",107,1776883762
Rust,ring,AES-256-GCM,ring::aes_gcm::aes256gcm_seal,constant_time,AdjacentNetwork,5,8651195473369840465,10000,0.223,rdtsc,0.000,silent,error,false,,0,1236,"Error: SILENT failed: Error in quantile.default(max_boot, 1 - alpha) : 
  missing values and NaN's not allowed if 'na.rm' is FALSE
Calls: algorithm -> max_test -> quantile -> quantile.default
Execution halted
",107,1776883764
Rust,ring,AES-256-GCM,ring::aes_gcm::aes256gcm_seal,constant_time,AdjacentNetwork,5,8651195473369840465,10000,0.223,rdtsc,0.000,rtlf,fail,true,1.000000,20000,17715,"p=0.0000, alpha=0.09 (pool)",107,1776883782
Rust,ring,AES-256-GCM,ring::aes_gcm::aes256gcm_seal,constant_time,AdjacentNetwork,5,8651195473369840465,10000,0.223,rdtsc,5.000,tacet,pass,false,0.000000,10000,235,Pass (P=0.0%),107,1776883782
Rust,ring,AES-256-GCM,ring::aes_gcm::aes256gcm_seal,constant_time,AdjacentNetwork,5,8651195473369840465,10000,0.223,rdtsc,5.000,dudect,fail,true,,19881,9,"max|t|=11.23, tau=-0.0796, threshold=4.5",107,1776883782
Rust,ring,AES-256-GCM,ring::aes_gcm::aes256gcm_seal,constant_time,AdjacentNetwork,5,8651195473369840465,10000,0.223,rdtsc,5.000,tvla,fail,true,,20000,0,"|t|=8.61, threshold=4.5",107,1776883782
Rust,ring,AES-256-GCM,ring::aes_gcm::aes256gcm_seal,constant_time,AdjacentNetwork,5,8651195473369840465,10000,0.223,rdtsc,5.000,silent,fail,true,,20000,783,"stat=24.762, alpha=0.10, delta=1.0 (pool)",107,1776883783
Rust,ring,AES-256-GCM,ring::aes_gcm::aes256gcm_seal,constant_time,AdjacentNetwork,5,8651195473369840465,10000,0.223,rdtsc,5.000,rtlf,fail,true,1.000000,20000,20914,"p=0.0000, alpha=0.09 (pool)",107,1776883804
Rust,ring,AES-256-GCM,ring::aes_gcm::aes256gcm_seal,constant_time,AdjacentNetwork,6,4116686169460871686,10000,0.223,rdtsc,0.000,tacet,pass,false,0.000000,10000,184,Pass (P=0.0%),107,1776883804
Rust,ring,AES-256-GCM,ring::aes_gcm::aes256gcm_seal,constant_time,AdjacentNetwork,6,4116686169460871686,10000,0.223,rdtsc,0.000,dudect,pass,false,,19712,7,"max|t|=3.90, tau=-0.0277, threshold=4.5",107,1776883804
Rust,ring,AES-256-GCM,ring::aes_gcm::aes256gcm_seal,constant_time,AdjacentNetwork,6,4116686169460871686,10000,0.223,rdtsc,0.000,tvla,pass,false,,20000,0,"|t|=0.53, threshold=4.5",107,1776883804
Rust,ring,AES-256-GCM,ring::aes_gcm::aes256gcm_seal,constant_time,AdjacentNetwork,6,4116686169460871686,10000,0.223,rdtsc,0.000,silent,error,false,,0,1273,"Error: SILENT failed: Error in quantile.default(max_boot, 1 - alpha) : 
  missing values and NaN's not allowed if 'na.rm' is FALSE
Calls: algorithm -> max_test -> quantile -> quantile.default
Execution halted
",107,1776883806
Rust,ring,AES-256-GCM,ring::aes_gcm::aes256gcm_seal,constant_time,AdjacentNetwork,6,4116686169460871686,10000,0.223,rdtsc,0.000,rtlf,pass,false,0.000000,20000,17809,"p=1.0000, alpha=0.09 (pool)",107,1776883824
Rust,ring,AES-256-GCM,ring::aes_gcm::aes256gcm_seal,constant_time,AdjacentNetwork,6,4116686169460871686,10000,0.223,rdtsc,5.000,tacet,pass,false,0.000000,10000,236,Pass (P=0.0%),107,1776883824
Rust,ring,AES-256-GCM,ring::aes_gcm::aes256gcm_seal,constant_time,AdjacentNetwork,6,4116686169460871686,10000,0.223,rdtsc,5.000,dudect,fail,true,,13419,9,"max|t|=4.56, tau=-0.0393, threshold=4.5",107,1776883824
Rust,ring,AES-256-GCM,ring::aes_gcm::aes256gcm_seal,constant_time,AdjacentNetwork,6,4116686169460871686,10000,0.223,rdtsc,5.000,tvla,pass,false,,20000,0,"|t|=0.45, threshold=4.5",107,1776883824
Rust,ring,AES-256-GCM,ring::aes_gcm::aes256gcm_seal,constant_time,AdjacentNetwork,6,4116686169460871686,10000,0.223,rdtsc,5.000,silent,pass,false,,20000,789,"stat=-2.597, alpha=0.10, delta=1.0 (pool)",107,1776883825
Rust,ring,AES-256-GCM,ring::aes_gcm::aes256gcm_seal,constant_time,AdjacentNetwork,6,4116686169460871686,10000,0.223,rdtsc,5.000,rtlf,pass,false,0.000000,20000,21318,"p=1.0000, alpha=0.09 (pool)",107,1776883846
Rust,ring,AES-256-GCM,ring::aes_gcm::aes256gcm_seal,constant_time,AdjacentNetwork,7,16850055734939791794,10000,0.223,rdtsc,0.000,tacet,pass,false,0.000000,10000,187,Pass (P=0.0%),107,1776883847
Rust,ring,AES-256-GCM,ring::aes_gcm::aes256gcm_seal,constant_time,AdjacentNetwork,7,16850055734939791794,10000,0.223,rdtsc,0.000,dudect,pass,false,,19642,7,"max|t|=3.09, tau=-0.0220, threshold=4.5",107,1776883847
Rust,ring,AES-256-GCM,ring::aes_gcm::aes256gcm_seal,constant_time,AdjacentNetwork,7,16850055734939791794,10000,0.223,rdtsc,0.000,tvla,pass,false,,20000,0,"|t|=0.73, threshold=4.5",107,1776883847
Rust,ring,AES-256-GCM,ring::aes_gcm::aes256gcm_seal,constant_time,AdjacentNetwork,7,16850055734939791794,10000,0.223,rdtsc,0.000,silent,error,false,,0,1299,"Error: SILENT failed: Error in quantile.default(max_boot, 1 - alpha) : 
  missing values and NaN's not allowed if 'na.rm' is FALSE
Calls: algorithm -> max_test -> quantile -> quantile.default
Execution halted
",107,1776883849
Rust,ring,AES-256-GCM,ring::aes_gcm::aes256gcm_seal,constant_time,AdjacentNetwork,7,16850055734939791794,10000,0.223,rdtsc,0.000,rtlf,pass,false,0.000000,20000,18010,"p=1.0000, alpha=0.09 (pool)",107,1776883867
Rust,ring,AES-256-GCM,ring::aes_gcm::aes256gcm_seal,constant_time,AdjacentNetwork,7,16850055734939791794,10000,0.223,rdtsc,5.000,tacet,pass,false,0.000000,10000,230,Pass (P=0.0%),107,1776883867
Rust,ring,AES-256-GCM,ring::aes_gcm::aes256gcm_seal,constant_time,AdjacentNetwork,7,16850055734939791794,10000,0.223,rdtsc,5.000,dudect,pass,false,,15561,8,"max|t|=3.55, tau=-0.0285, threshold=4.5",107,1776883867
Rust,ring,AES-256-GCM,ring::aes_gcm::aes256gcm_seal,constant_time,AdjacentNetwork,7,16850055734939791794,10000,0.223,rdtsc,5.000,tvla,pass,false,,20000,0,"|t|=0.70, threshold=4.5",107,1776883867
Rust,ring,AES-256-GCM,ring::aes_gcm::aes256gcm_seal,constant_time,AdjacentNetwork,7,16850055734939791794,10000,0.223,rdtsc,5.000,silent,pass,false,,20000,814,"stat=-2.630, alpha=0.10, delta=1.0 (pool)",107,1776883868
Rust,ring,AES-256-GCM,ring::aes_gcm::aes256gcm_seal,constant_time,AdjacentNetwork,7,16850055734939791794,10000,0.223,rdtsc,5.000,rtlf,pass,false,0.000000,20000,20721,"p=1.0000, alpha=0.09 (pool)",107,1776883889
Rust,ring,AES-256-GCM,ring::aes_gcm::aes256gcm_seal,constant_time,AdjacentNetwork,8,10790199796676464696,10000,0.223,rdtsc,0.000,tacet,pass,false,0.000000,10000,193,Pass (P=0.0%),107,1776883889
Rust,ring,AES-256-GCM,ring::aes_gcm::aes256gcm_seal,constant_time,AdjacentNetwork,8,10790199796676464696,10000,0.223,rdtsc,0.000,dudect,fail,true,,14741,8,"max|t|=11.09, tau=-0.0914, threshold=4.5",107,1776883889
Rust,ring,AES-256-GCM,ring::aes_gcm::aes256gcm_seal,constant_time,AdjacentNetwork,8,10790199796676464696,10000,0.223,rdtsc,0.000,tvla,pass,false,,20000,0,"|t|=2.61, threshold=4.5",107,1776883889
Rust,ring,AES-256-GCM,ring::aes_gcm::aes256gcm_seal,constant_time,AdjacentNetwork,8,10790199796676464696,10000,0.223,rdtsc,0.000,silent,error,false,,0,1220,"Error: SILENT failed: Error in quantile.default(max_boot, 1 - alpha) : 
  missing values and NaN's not allowed if 'na.rm' is FALSE
Calls: algorithm -> max_test -> quantile -> quantile.default
Execution halted
",107,1776883891
Rust,ring,AES-256-GCM,ring::aes_gcm::aes256gcm_seal,constant_time,AdjacentNetwork,8,10790199796676464696,10000,0.223,rdtsc,0.000,rtlf,fail,true,1.000000,20000,18401,"p=0.0000, alpha=0.09 (pool)",107,1776883909
Rust,ring,AES-256-GCM,ring::aes_gcm::aes256gcm_seal,constant_time,AdjacentNetwork,8,10790199796676464696,10000,0.223,rdtsc,5.000,tacet,pass,false,0.000000,10000,251,Pass (P=0.0%),107,1776883910
Rust,ring,AES-256-GCM,ring::aes_gcm::aes256gcm_seal,constant_time,AdjacentNetwork,8,10790199796676464696,10000,0.223,rdtsc,5.000,dudect,fail,true,,14515,9,"max|t|=10.78, tau=-0.0895, threshold=4.5",107,1776883910
Rust,ring,AES-256-GCM,ring::aes_gcm::aes256gcm_seal,constant_time,AdjacentNetwork,8,10790199796676464696,10000,0.223,rdtsc,5.000,tvla,pass,false,,20000,0,"|t|=2.64, threshold=4.5",107,1776883910
Rust,ring,AES-256-GCM,ring::aes_gcm::aes256gcm_seal,constant_time,AdjacentNetwork,8,10790199796676464696,10000,0.223,rdtsc,5.000,silent,fail,true,,20000,785,"stat=173.659, alpha=0.10, delta=1.0 (pool)",107,1776883910
Rust,ring,AES-256-GCM,ring::aes_gcm::aes256gcm_seal,constant_time,AdjacentNetwork,8,10790199796676464696,10000,0.223,rdtsc,5.000,rtlf,fail,true,1.000000,20000,21580,"p=0.0000, alpha=0.09 (pool)",107,1776883932
Rust,ring,AES-256-GCM,ring::aes_gcm::aes256gcm_seal,constant_time,AdjacentNetwork,9,13498536771536337217,10000,0.223,rdtsc,0.000,tacet,pass,false,0.000000,10000,191,Pass (P=0.0%),107,1776883932
Rust,ring,AES-256-GCM,ring::aes_gcm::aes256gcm_seal,constant_time,AdjacentNetwork,9,13498536771536337217,10000,0.223,rdtsc,0.000,dudect,pass,false,,16892,8,"max|t|=4.35, tau=-0.0334, threshold=4.5",107,1776883932
Rust,ring,AES-256-GCM,ring::aes_gcm::aes256gcm_seal,constant_time,AdjacentNetwork,9,13498536771536337217,10000,0.223,rdtsc,0.000,tvla,pass,false,,20000,0,"|t|=0.77, threshold=4.5",107,1776883932
Rust,ring,AES-256-GCM,ring::aes_gcm::aes256gcm_seal,constant_time,AdjacentNetwork,9,13498536771536337217,10000,0.223,rdtsc,0.000,silent,error,false,,0,1216,"Error: SILENT failed: Error in quantile.default(max_boot, 1 - alpha) : 
  missing values and NaN's not allowed if 'na.rm' is FALSE
Calls: algorithm -> max_test -> quantile -> quantile.default
Execution halted
",107,1776883934
Rust,ring,AES-256-GCM,ring::aes_gcm::aes256gcm_seal,constant_time,AdjacentNetwork,9,13498536771536337217,10000,0.223,rdtsc,0.000,rtlf,pass,false,0.000000,20000,18218,"p=1.0000, alpha=0.09 (pool)",107,1776883952
Rust,ring,AES-256-GCM,ring::aes_gcm::aes256gcm_seal,constant_time,AdjacentNetwork,9,13498536771536337217,10000,0.223,rdtsc,5.000,tacet,pass,false,0.000000,10000,248,Pass (P=0.0%),107,1776883953
Rust,ring,AES-256-GCM,ring::aes_gcm::aes256gcm_seal,constant_time,AdjacentNetwork,9,13498536771536337217,10000,0.223,rdtsc,5.000,dudect,fail,true,,16676,9,"max|t|=4.82, tau=-0.0373, threshold=4.5",107,1776883953
Rust,ring,AES-256-GCM,ring::aes_gcm::aes256gcm_seal,constant_time,AdjacentNetwork,9,13498536771536337217,10000,0.223,rdtsc,5.000,tvla,pass,false,,20000,0,"|t|=0.73, threshold=4.5",107,1776883953
Rust,ring,AES-256-GCM,ring::aes_gcm::aes256gcm_seal,constant_time,AdjacentNetwork,9,13498536771536337217,10000,0.223,rdtsc,5.000,silent,fail,true,,20000,782,"stat=329.844, alpha=0.10, delta=1.0 (pool)",107,1776883953
Rust,ring,AES-256-GCM,ring::aes_gcm::aes256gcm_seal,constant_time,AdjacentNetwork,9,13498536771536337217,10000,0.223,rdtsc,5.000,rtlf,pass,false,0.000000,20000,21543,"p=1.0000, alpha=0.09 (pool)",107,1776883975
Rust,ring,AES-256-GCM,ring::aes_gcm::aes256gcm_seal,constant_time,AdjacentNetwork,10,16911135875195564548,10000,0.223,rdtsc,0.000,tacet,pass,false,0.000000,10000,185,Pass (P=0.0%),107,1776883975
Rust,ring,AES-256-GCM,ring::aes_gcm::aes256gcm_seal,constant_time,AdjacentNetwork,10,16911135875195564548,10000,0.223,rdtsc,0.000,dudect,fail,true,,19923,6,"max|t|=9.29, tau=-0.0658, threshold=4.5",107,1776883975
Rust,ring,AES-256-GCM,ring::aes_gcm::aes256gcm_seal,constant_time,AdjacentNetwork,10,16911135875195564548,10000,0.223,rdtsc,0.000,tvla,pass,false,,20000,0,"|t|=2.35, threshold=4.5",107,1776883975
Rust,ring,AES-256-GCM,ring::aes_gcm::aes256gcm_seal,constant_time,AdjacentNetwork,10,16911135875195564548,10000,0.223,rdtsc,0.000,silent,error,false,,0,1401,"Error: SILENT failed: Error in quantile.default(max_boot, 1 - alpha) : 
  missing values and NaN's not allowed if 'na.rm' is FALSE
Calls: algorithm -> max_test -> quantile -> quantile.default
Execution halted
",107,1776883978
Rust,ring,AES-256-GCM,ring::aes_gcm::aes256gcm_seal,constant_time,AdjacentNetwork,10,16911135875195564548,10000,0.223,rdtsc,0.000,rtlf,fail,true,1.000000,20000,17177,"p=0.0000, alpha=0.09 (pool)",107,1776883995
Rust,ring,AES-256-GCM,ring::aes_gcm::aes256gcm_seal,constant_time,AdjacentNetwork,10,16911135875195564548,10000,0.223,rdtsc,5.000,tacet,pass,false,0.000000,10000,231,Pass (P=0.0%),107,1776883995
Rust,ring,AES-256-GCM,ring::aes_gcm::aes256gcm_seal,constant_time,AdjacentNetwork,10,16911135875195564548,10000,0.223,rdtsc,5.000,dudect,fail,true,,19968,8,"max|t|=9.75, tau=-0.0690, threshold=4.5",107,1776883995
Rust,ring,AES-256-GCM,ring::aes_gcm::aes256gcm_seal,constant_time,AdjacentNetwork,10,16911135875195564548,10000,0.223,rdtsc,5.000,tvla,pass,false,,20000,0,"|t|=2.37, threshold=4.5",107,1776883995
Rust,ring,AES-256-GCM,ring::aes_gcm::aes256gcm_seal,constant_time,AdjacentNetwork,10,16911135875195564548,10000,0.223,rdtsc,5.000,silent,fail,true,,20000,838,"stat=13.308, alpha=0.10, delta=1.0 (pool)",107,1776883996
Rust,ring,AES-256-GCM,ring::aes_gcm::aes256gcm_seal,constant_time,AdjacentNetwork,10,16911135875195564548,10000,0.223,rdtsc,5.000,rtlf,fail,true,1.000000,20000,20569,"p=0.0000, alpha=0.09 (pool)",107,1776884016
Rust,ring,AES-256-GCM,ring::aes_gcm::aes256gcm_seal,constant_time,AdjacentNetwork,11,2372330224679415881,10000,0.223,rdtsc,0.000,tacet,pass,false,0.000000,10000,183,Pass (P=0.0%),107,1776884017
Rust,ring,AES-256-GCM,ring::aes_gcm::aes256gcm_seal,constant_time,AdjacentNetwork,11,2372330224679415881,10000,0.223,rdtsc,0.000,dudect,fail,true,,19898,6,"max|t|=10.64, tau=-0.0755, threshold=4.5",107,1776884017
Rust,ring,AES-256-GCM,ring::aes_gcm::aes256gcm_seal,constant_time,AdjacentNetwork,11,2372330224679415881,10000,0.223,rdtsc,0.000,tvla,pass,false,,20000,0,"|t|=0.15, threshold=4.5",107,1776884017
Rust,ring,AES-256-GCM,ring::aes_gcm::aes256gcm_seal,constant_time,AdjacentNetwork,11,2372330224679415881,10000,0.223,rdtsc,0.000,silent,error,false,,0,1271,"Error: SILENT failed: Error in quantile.default(max_boot, 1 - alpha) : 
  missing values and NaN's not allowed if 'na.rm' is FALSE
Calls: algorithm -> max_test -> quantile -> quantile.default
Execution halted
",107,1776884019
Rust,ring,AES-256-GCM,ring::aes_gcm::aes256gcm_seal,constant_time,AdjacentNetwork,11,2372330224679415881,10000,0.223,rdtsc,0.000,rtlf,fail,true,1.000000,20000,17765,"p=0.0000, alpha=0.09 (pool)",107,1776884037
Rust,ring,AES-256-GCM,ring::aes_gcm::aes256gcm_seal,constant_time,AdjacentNetwork,11,2372330224679415881,10000,0.223,rdtsc,5.000,tacet,pass,false,0.000000,10000,229,Pass (P=0.0%),107,1776884037
Rust,ring,AES-256-GCM,ring::aes_gcm::aes256gcm_seal,constant_time,AdjacentNetwork,11,2372330224679415881,10000,0.223,rdtsc,5.000,dudect,fail,true,,19971,8,"max|t|=10.57, tau=-0.0748, threshold=4.5",107,1776884037
Rust,ring,AES-256-GCM,ring::aes_gcm::aes256gcm_seal,constant_time,AdjacentNetwork,11,2372330224679415881,10000,0.223,rdtsc,5.000,tvla,pass,false,,20000,0,"|t|=0.12, threshold=4.5",107,1776884037
Rust,ring,AES-256-GCM,ring::aes_gcm::aes256gcm_seal,constant_time,AdjacentNetwork,11,2372330224679415881,10000,0.223,rdtsc,5.000,silent,fail,true,,20000,783,"stat=8.162, alpha=0.10, delta=1.0 (pool)",107,1776884038
Rust,ring,AES-256-GCM,ring::aes_gcm::aes256gcm_seal,constant_time,AdjacentNetwork,11,2372330224679415881,10000,0.223,rdtsc,5.000,rtlf,fail,true,1.000000,20000,20460,"p=0.0000, alpha=0.09 (pool)",107,1776884058
Rust,ring,AES-256-GCM,ring::aes_gcm::aes256gcm_seal,constant_time,AdjacentNetwork,12,18403298187148368806,10000,0.223,rdtsc,0.000,tacet,pass,false,0.000000,10000,178,Pass (P=0.0%),107,1776884058
Rust,ring,AES-256-GCM,ring::aes_gcm::aes256gcm_seal,constant_time,AdjacentNetwork,12,18403298187148368806,10000,0.223,rdtsc,0.000,dudect,fail,true,,20000,7,"max|t|=10.25, tau=-0.0725, threshold=4.5",107,1776884058
Rust,ring,AES-256-GCM,ring::aes_gcm::aes256gcm_seal,constant_time,AdjacentNetwork,12,18403298187148368806,10000,0.223,rdtsc,0.000,tvla,fail,true,,20000,0,"|t|=10.25, threshold=4.5",107,1776884058
Rust,ring,AES-256-GCM,ring::aes_gcm::aes256gcm_seal,constant_time,AdjacentNetwork,12,18403298187148368806,10000,0.223,rdtsc,0.000,silent,error,false,,0,1262,"Error: SILENT failed: Error in quantile.default(max_boot, 1 - alpha) : 
  missing values and NaN's not allowed if 'na.rm' is FALSE
Calls: algorithm -> max_test -> quantile -> quantile.default
Execution halted
",107,1776884060
Rust,ring,AES-256-GCM,ring::aes_gcm::aes256gcm_seal,constant_time,AdjacentNetwork,12,18403298187148368806,10000,0.223,rdtsc,0.000,rtlf,pass,false,0.000000,20000,17855,"p=1.0000, alpha=0.09 (pool)",107,1776884078
Rust,ring,AES-256-GCM,ring::aes_gcm::aes256gcm_seal,constant_time,AdjacentNetwork,12,18403298187148368806,10000,0.223,rdtsc,5.000,tacet,pass,false,0.000000,10000,238,Pass (P=0.0%),107,1776884078
Rust,ring,AES-256-GCM,ring::aes_gcm::aes256gcm_seal,constant_time,AdjacentNetwork,12,18403298187148368806,10000,0.223,rdtsc,5.000,dudect,fail,true,,19978,9,"max|t|=11.92, tau=-0.0843, threshold=4.5",107,1776884078
Rust,ring,AES-256-GCM,ring::aes_gcm::aes256gcm_seal,constant_time,AdjacentNetwork,12,18403298187148368806,10000,0.223,rdtsc,5.000,tvla,fail,true,,20000,0,"|t|=9.96, threshold=4.5",107,1776884078
Rust,ring,AES-256-GCM,ring::aes_gcm::aes256gcm_seal,constant_time,AdjacentNetwork,12,18403298187148368806,10000,0.223,rdtsc,5.000,silent,fail,true,,20000,787,"stat=142.533, alpha=0.10, delta=1.0 (pool)",107,1776884079
Rust,ring,AES-256-GCM,ring::aes_gcm::aes256gcm_seal,constant_time,AdjacentNetwork,12,18403298187148368806,10000,0.223,rdtsc,5.000,rtlf,pass,false,0.000000,20000,21387,"p=1.0000, alpha=0.09 (pool)",107,1776884101
Rust,ring,AES-256-GCM,ring::aes_gcm::aes256gcm_seal,constant_time,AdjacentNetwork,13,1288518624501431032,10000,0.223,rdtsc,0.000,tacet,pass,false,0.000000,10000,195,Pass (P=0.0%),107,1776884101
Rust,ring,AES-256-GCM,ring::aes_gcm::aes256gcm_seal,constant_time,AdjacentNetwork,13,1288518624501431032,10000,0.223,rdtsc,0.000,dudect,fail,true,,16618,8,"max|t|=9.89, tau=-0.0767, threshold=4.5",107,1776884101
Rust,ring,AES-256-GCM,ring::aes_gcm::aes256gcm_seal,constant_time,AdjacentNetwork,13,1288518624501431032,10000,0.223,rdtsc,0.000,tvla,pass,false,,20000,0,"|t|=0.40, threshold=4.5",107,1776884101
Rust,ring,AES-256-GCM,ring::aes_gcm::aes256gcm_seal,constant_time,AdjacentNetwork,13,1288518624501431032,10000,0.223,rdtsc,0.000,silent,fail,true,,20000,776,"stat=135.373, alpha=0.10, delta=1.0 (pool)",107,1776884102
Rust,ring,AES-256-GCM,ring::aes_gcm::aes256gcm_seal,constant_time,AdjacentNetwork,13,1288518624501431032,10000,0.223,rdtsc,0.000,rtlf,pass,false,0.000000,20000,18659,"p=1.0000, alpha=0.09 (pool)",107,1776884120
Rust,ring,AES-256-GCM,ring::aes_gcm::aes256gcm_seal,constant_time,AdjacentNetwork,13,1288518624501431032,10000,0.223,rdtsc,5.000,tacet,pass,false,0.000000,10000,249,Pass (P=0.0%),107,1776884121
Rust,ring,AES-256-GCM,ring::aes_gcm::aes256gcm_seal,constant_time,AdjacentNetwork,13,1288518624501431032,10000,0.223,rdtsc,5.000,dudect,fail,true,,16677,9,"max|t|=9.00, tau=-0.0697, threshold=4.5",107,1776884121
Rust,ring,AES-256-GCM,ring::aes_gcm::aes256gcm_seal,constant_time,AdjacentNetwork,13,1288518624501431032,10000,0.223,rdtsc,5.000,tvla,pass,false,,20000,0,"|t|=0.40, threshold=4.5",107,1776884121
Rust,ring,AES-256-GCM,ring::aes_gcm::aes256gcm_seal,constant_time,AdjacentNetwork,13,1288518624501431032,10000,0.223,rdtsc,5.000,silent,fail,true,,20000,782,"stat=154.754, alpha=0.10, delta=1.0 (pool)",107,1776884121
Rust,ring,AES-256-GCM,ring::aes_gcm::aes256gcm_seal,constant_time,AdjacentNetwork,13,1288518624501431032,10000,0.223,rdtsc,5.000,rtlf,fail,true,1.000000,20000,21451,"p=0.0000, alpha=0.09 (pool)",107,1776884143
Rust,ring,AES-256-GCM,ring::aes_gcm::aes256gcm_seal,constant_time,AdjacentNetwork,14,17412385847121606818,10000,0.223,rdtsc,0.000,tacet,pass,false,0.000000,10000,196,Pass (P=0.0%),108,1776884143
Rust,ring,AES-256-GCM,ring::aes_gcm::aes256gcm_seal,constant_time,AdjacentNetwork,14,17412385847121606818,10000,0.223,rdtsc,0.000,dudect,fail,true,,13380,8,"max|t|=12.89, tau=-0.1115, threshold=4.5",108,1776884143
Rust,ring,AES-256-GCM,ring::aes_gcm::aes256gcm_seal,constant_time,AdjacentNetwork,14,17412385847121606818,10000,0.223,rdtsc,0.000,tvla,pass,false,,20000,0,"|t|=0.14, threshold=4.5",108,1776884143
Rust,ring,AES-256-GCM,ring::aes_gcm::aes256gcm_seal,constant_time,AdjacentNetwork,14,17412385847121606818,10000,0.223,rdtsc,0.000,silent,error,false,,0,1223,"Error: SILENT failed: Error in quantile.default(max_boot, 1 - alpha) : 
  missing values and NaN's not allowed if 'na.rm' is FALSE
Calls: algorithm -> max_test -> quantile -> quantile.default
Execution halted
",108,1776884145
Rust,ring,AES-256-GCM,ring::aes_gcm::aes256gcm_seal,constant_time,AdjacentNetwork,14,17412385847121606818,10000,0.223,rdtsc,0.000,rtlf,pass,false,0.000000,20000,18724,"p=1.0000, alpha=0.09 (pool)",108,1776884164
Rust,ring,AES-256-GCM,ring::aes_gcm::aes256gcm_seal,constant_time,AdjacentNetwork,14,17412385847121606818,10000,0.223,rdtsc,5.000,tacet,pass,false,0.000000,10000,257,Pass (P=0.0%),108,1776884164
Rust,ring,AES-256-GCM,ring::aes_gcm::aes256gcm_seal,constant_time,AdjacentNetwork,14,17412385847121606818,10000,0.223,rdtsc,5.000,dudect,fail,true,,13380,9,"max|t|=12.73, tau=-0.1100, threshold=4.5",108,1776884164
Rust,ring,AES-256-GCM,ring::aes_gcm::aes256gcm_seal,constant_time,AdjacentNetwork,14,17412385847121606818,10000,0.223,rdtsc,5.000,tvla,pass,false,,20000,0,"|t|=0.16, threshold=4.5",108,1776884164
Rust,ring,AES-256-GCM,ring::aes_gcm::aes256gcm_seal,constant_time,AdjacentNetwork,14,17412385847121606818,10000,0.223,rdtsc,5.000,silent,fail,true,,20000,771,"stat=337.508, alpha=0.10, delta=1.0 (pool)",108,1776884165
Rust,ring,AES-256-GCM,ring::aes_gcm::aes256gcm_seal,constant_time,AdjacentNetwork,14,17412385847121606818,10000,0.223,rdtsc,5.000,rtlf,fail,true,1.000000,20000,21960,"p=0.0000, alpha=0.09 (pool)",108,1776884187
Rust,ring,AES-256-GCM,ring::aes_gcm::aes256gcm_seal,constant_time,AdjacentNetwork,15,9909124405784308052,10000,0.223,rdtsc,0.000,tacet,pass,false,0.000000,10000,201,Pass (P=0.0%),107,1776884187
Rust,ring,AES-256-GCM,ring::aes_gcm::aes256gcm_seal,constant_time,AdjacentNetwork,15,9909124405784308052,10000,0.223,rdtsc,0.000,dudect,fail,true,,14173,8,"max|t|=5.17, tau=0.0434, threshold=4.5",107,1776884187
Rust,ring,AES-256-GCM,ring::aes_gcm::aes256gcm_seal,constant_time,AdjacentNetwork,15,9909124405784308052,10000,0.223,rdtsc,0.000,tvla,pass,false,,20000,0,"|t|=1.46, threshold=4.5",107,1776884187
Rust,ring,AES-256-GCM,ring::aes_gcm::aes256gcm_seal,constant_time,AdjacentNetwork,15,9909124405784308052,10000,0.223,rdtsc,0.000,silent,fail,true,,20000,785,"stat=150.157, alpha=0.10, delta=1.0 (pool)",107,1776884188
Rust,ring,AES-256-GCM,ring::aes_gcm::aes256gcm_seal,constant_time,AdjacentNetwork,15,9909124405784308052,10000,0.223,rdtsc,0.000,rtlf,pass,false,0.000000,20000,19166,"p=1.0000, alpha=0.09 (pool)",107,1776884207
Rust,ring,AES-256-GCM,ring::aes_gcm::aes256gcm_seal,constant_time,AdjacentNetwork,15,9909124405784308052,10000,0.223,rdtsc,5.000,tacet,pass,false,0.000000,10000,266,Pass (P=0.0%),107,1776884207
Rust,ring,AES-256-GCM,ring::aes_gcm::aes256gcm_seal,constant_time,AdjacentNetwork,15,9909124405784308052,10000,0.223,rdtsc,5.000,dudect,fail,true,,14173,9,"max|t|=4.87, tau=0.0409, threshold=4.5",107,1776884207
Rust,ring,AES-256-GCM,ring::aes_gcm::aes256gcm_seal,constant_time,AdjacentNetwork,15,9909124405784308052,10000,0.223,rdtsc,5.000,tvla,pass,false,,20000,0,"|t|=1.45, threshold=4.5",107,1776884207
Rust,ring,AES-256-GCM,ring::aes_gcm::aes256gcm_seal,constant_time,AdjacentNetwork,15,9909124405784308052,10000,0.223,rdtsc,5.000,silent,fail,true,,20000,815,"stat=395.106, alpha=0.10, delta=1.0 (pool)",107,1776884208
Rust,ring,AES-256-GCM,ring::aes_gcm::aes256gcm_seal,constant_time,AdjacentNetwork,15,9909124405784308052,10000,0.223,rdtsc,5.000,rtlf,fail,true,1.000000,20000,22490,"p=0.0000, alpha=0.09 (pool)",107,1776884231
Rust,ring,AES-256-GCM,ring::aes_gcm::aes256gcm_seal,constant_time,AdjacentNetwork,16,8203813682370801817,10000,0.223,rdtsc,0.000,tacet,pass,false,0.000000,10000,192,Pass (P=0.0%),107,1776884231
Rust,ring,AES-256-GCM,ring::aes_gcm::aes256gcm_seal,constant_time,AdjacentNetwork,16,8203813682370801817,10000,0.223,rdtsc,0.000,dudect,pass,false,,16614,8,"max|t|=0.97, tau=-0.0076, threshold=4.5",107,1776884231
Rust,ring,AES-256-GCM,ring::aes_gcm::aes256gcm_seal,constant_time,AdjacentNetwork,16,8203813682370801817,10000,0.223,rdtsc,0.000,tvla,pass,false,,20000,0,"|t|=0.24, threshold=4.5",107,1776884231
Rust,ring,AES-256-GCM,ring::aes_gcm::aes256gcm_seal,constant_time,AdjacentNetwork,16,8203813682370801817,10000,0.223,rdtsc,0.000,silent,fail,true,,20000,779,"stat=162.333, alpha=0.10, delta=1.0 (pool)",107,1776884232
Rust,ring,AES-256-GCM,ring::aes_gcm::aes256gcm_seal,constant_time,AdjacentNetwork,16,8203813682370801817,10000,0.223,rdtsc,0.000,rtlf,pass,false,0.000000,20000,18701,"p=1.0000, alpha=0.09 (pool)",107,1776884250
Rust,ring,AES-256-GCM,ring::aes_gcm::aes256gcm_seal,constant_time,AdjacentNetwork,16,8203813682370801817,10000,0.223,rdtsc,5.000,tacet,pass,false,0.000000,10000,257,Pass (P=0.0%),107,1776884251
Rust,ring,AES-256-GCM,ring::aes_gcm::aes256gcm_seal,constant_time,AdjacentNetwork,16,8203813682370801817,10000,0.223,rdtsc,5.000,dudect,pass,false,,14534,9,"max|t|=2.20, tau=-0.0183, threshold=4.5",107,1776884251
Rust,ring,AES-256-GCM,ring::aes_gcm::aes256gcm_seal,constant_time,AdjacentNetwork,16,8203813682370801817,10000,0.223,rdtsc,5.000,tvla,pass,false,,20000,0,"|t|=0.27, threshold=4.5",107,1776884251
Rust,ring,AES-256-GCM,ring::aes_gcm::aes256gcm_seal,constant_time,AdjacentNetwork,16,8203813682370801817,10000,0.223,rdtsc,5.000,silent,fail,true,,20000,801,"stat=332.798, alpha=0.10, delta=1.0 (pool)",107,1776884252
Rust,ring,AES-256-GCM,ring::aes_gcm::aes256gcm_seal,constant_time,AdjacentNetwork,16,8203813682370801817,10000,0.223,rdtsc,5.000,rtlf,pass,false,0.000000,20000,22031,"p=1.0000, alpha=0.09 (pool)",107,1776884274
Rust,ring,AES-256-GCM,ring::aes_gcm::aes256gcm_seal,constant_time,AdjacentNetwork,17,7107288682495609041,10000,0.223,rdtsc,0.000,tacet,pass,false,0.000000,10000,198,Pass (P=0.0%),109,1776884274
Rust,ring,AES-256-GCM,ring::aes_gcm::aes256gcm_seal,constant_time,AdjacentNetwork,17,7107288682495609041,10000,0.223,rdtsc,0.000,dudect,pass,false,,14522,8,"max|t|=4.07, tau=-0.0338, threshold=4.5",109,1776884274
Rust,ring,AES-256-GCM,ring::aes_gcm::aes256gcm_seal,constant_time,AdjacentNetwork,17,7107288682495609041,10000,0.223,rdtsc,0.000,tvla,pass,false,,20000,0,"|t|=0.92, threshold=4.5",109,1776884274
Rust,ring,AES-256-GCM,ring::aes_gcm::aes256gcm_seal,constant_time,AdjacentNetwork,17,7107288682495609041,10000,0.223,rdtsc,0.000,silent,fail,true,,20000,801,"stat=55.135, alpha=0.10, delta=1.0 (pool)",109,1776884275
Rust,ring,AES-256-GCM,ring::aes_gcm::aes256gcm_seal,constant_time,AdjacentNetwork,17,7107288682495609041,10000,0.223,rdtsc,0.000,rtlf,pass,false,0.000000,20000,18395,"p=1.0000, alpha=0.09 (pool)",109,1776884293
Rust,ring,AES-256-GCM,ring::aes_gcm::aes256gcm_seal,constant_time,AdjacentNetwork,17,7107288682495609041,10000,0.223,rdtsc,5.000,tacet,pass,false,0.000000,10000,259,Pass (P=0.0%),109,1776884293
Rust,ring,AES-256-GCM,ring::aes_gcm::aes256gcm_seal,constant_time,AdjacentNetwork,17,7107288682495609041,10000,0.223,rdtsc,5.000,dudect,pass,false,,12866,9,"max|t|=4.12, tau=-0.0363, threshold=4.5",109,1776884293
Rust,ring,AES-256-GCM,ring::aes_gcm::aes256gcm_seal,constant_time,AdjacentNetwork,17,7107288682495609041,10000,0.223,rdtsc,5.000,tvla,pass,false,,20000,0,"|t|=1.09, threshold=4.5",109,1776884293
Rust,ring,AES-256-GCM,ring::aes_gcm::aes256gcm_seal,constant_time,AdjacentNetwork,17,7107288682495609041,10000,0.223,rdtsc,5.000,silent,fail,true,,20000,934,"stat=380.506, alpha=0.10, delta=1.0 (pool)",109,1776884294
Rust,ring,AES-256-GCM,ring::aes_gcm::aes256gcm_seal,constant_time,AdjacentNetwork,17,7107288682495609041,10000,0.223,rdtsc,5.000,rtlf,pass,false,0.000000,20000,21828,"p=1.0000, alpha=0.09 (pool)",109,1776884316
Rust,ring,AES-256-GCM,ring::aes_gcm::aes256gcm_seal,constant_time,AdjacentNetwork,18,13186043061157427446,10000,0.223,rdtsc,0.000,tacet,pass,false,0.000000,10000,197,Pass (P=0.0%),107,1776884316
Rust,ring,AES-256-GCM,ring::aes_gcm::aes256gcm_seal,constant_time,AdjacentNetwork,18,13186043061157427446,10000,0.223,rdtsc,0.000,dudect,fail,true,,16091,8,"max|t|=10.75, tau=0.0848, threshold=4.5",107,1776884316
Rust,ring,AES-256-GCM,ring::aes_gcm::aes256gcm_seal,constant_time,AdjacentNetwork,18,13186043061157427446,10000,0.223,rdtsc,0.000,tvla,pass,false,,20000,0,"|t|=4.44, threshold=4.5",107,1776884316
Rust,ring,AES-256-GCM,ring::aes_gcm::aes256gcm_seal,constant_time,AdjacentNetwork,18,13186043061157427446,10000,0.223,rdtsc,0.000,silent,fail,true,,20000,784,"stat=157.603, alpha=0.10, delta=1.0 (pool)",107,1776884317
Rust,ring,AES-256-GCM,ring::aes_gcm::aes256gcm_seal,constant_time,AdjacentNetwork,18,13186043061157427446,10000,0.223,rdtsc,0.000,rtlf,pass,false,0.000000,20000,19014,"p=1.0000, alpha=0.09 (pool)",107,1776884336
Rust,ring,AES-256-GCM,ring::aes_gcm::aes256gcm_seal,constant_time,AdjacentNetwork,18,13186043061157427446,10000,0.223,rdtsc,5.000,tacet,pass,false,0.000000,10000,262,Pass (P=0.0%),107,1776884336
Rust,ring,AES-256-GCM,ring::aes_gcm::aes256gcm_seal,constant_time,AdjacentNetwork,18,13186043061157427446,10000,0.223,rdtsc,5.000,dudect,fail,true,,16091,9,"max|t|=10.21, tau=0.0805, threshold=4.5",107,1776884336
Rust,ring,AES-256-GCM,ring::aes_gcm::aes256gcm_seal,constant_time,AdjacentNetwork,18,13186043061157427446,10000,0.223,rdtsc,5.000,tvla,pass,false,,20000,0,"|t|=4.23, threshold=4.5",107,1776884336
Rust,ring,AES-256-GCM,ring::aes_gcm::aes256gcm_seal,constant_time,AdjacentNetwork,18,13186043061157427446,10000,0.223,rdtsc,5.000,silent,fail,true,,20000,820,"stat=477.130, alpha=0.10, delta=1.0 (pool)",107,1776884337
Rust,ring,AES-256-GCM,ring::aes_gcm::aes256gcm_seal,constant_time,AdjacentNetwork,18,13186043061157427446,10000,0.223,rdtsc,5.000,rtlf,fail,true,1.000000,20000,22302,"p=0.0000, alpha=0.09 (pool)",107,1776884360
Rust,ring,AES-256-GCM,ring::aes_gcm::aes256gcm_seal,constant_time,AdjacentNetwork,19,10149154039833073393,10000,0.223,rdtsc,0.000,tacet,pass,false,0.000000,10000,187,Pass (P=0.0%),107,1776884360
Rust,ring,AES-256-GCM,ring::aes_gcm::aes256gcm_seal,constant_time,AdjacentNetwork,19,10149154039833073393,10000,0.223,rdtsc,0.000,dudect,fail,true,,19680,7,"max|t|=6.54, tau=-0.0466, threshold=4.5",107,1776884360
Rust,ring,AES-256-GCM,ring::aes_gcm::aes256gcm_seal,constant_time,AdjacentNetwork,19,10149154039833073393,10000,0.223,rdtsc,0.000,tvla,pass,false,,20000,0,"|t|=1.05, threshold=4.5",107,1776884360
Rust,ring,AES-256-GCM,ring::aes_gcm::aes256gcm_seal,constant_time,AdjacentNetwork,19,10149154039833073393,10000,0.223,rdtsc,0.000,silent,error,false,,0,1225,"Error: SILENT failed: Error in quantile.default(max_boot, 1 - alpha) : 
  missing values and NaN's not allowed if 'na.rm' is FALSE
Calls: algorithm -> max_test -> quantile -> quantile.default
Execution halted
",107,1776884362
Rust,ring,AES-256-GCM,ring::aes_gcm::aes256gcm_seal,constant_time,AdjacentNetwork,19,10149154039833073393,10000,0.223,rdtsc,0.000,rtlf,fail,true,1.000000,20000,17464,"p=0.0000, alpha=0.09 (pool)",107,1776884379
Rust,ring,AES-256-GCM,ring::aes_gcm::aes256gcm_seal,constant_time,AdjacentNetwork,19,10149154039833073393,10000,0.223,rdtsc,5.000,tacet,pass,false,0.000000,10000,238,Pass (P=0.0%),107,1776884380
Rust,ring,AES-256-GCM,ring::aes_gcm::aes256gcm_seal,constant_time,AdjacentNetwork,19,10149154039833073393,10000,0.223,rdtsc,5.000,dudect,fail,true,,17454,9,"max|t|=5.99, tau=-0.0453, threshold=4.5",107,1776884380
Rust,ring,AES-256-GCM,ring::aes_gcm::aes256gcm_seal,constant_time,AdjacentNetwork,19,10149154039833073393,10000,0.223,rdtsc,5.000,tvla,pass,false,,20000,0,"|t|=1.08, threshold=4.5",107,1776884380
Rust,ring,AES-256-GCM,ring::aes_gcm::aes256gcm_seal,constant_time,AdjacentNetwork,19,10149154039833073393,10000,0.223,rdtsc,5.000,silent,pass,false,,20000,776,"stat=0.178, alpha=0.10, delta=1.0 (pool)",107,1776884380
Rust,ring,AES-256-GCM,ring::aes_gcm::aes256gcm_seal,constant_time,AdjacentNetwork,19,10149154039833073393,10000,0.223,rdtsc,5.000,rtlf,fail,true,1.000000,20000,21343,"p=0.0000, alpha=0.09 (pool)",107,1776884402
Rust,ring,AES-256-GCM,ring::aes_gcm::aes256gcm_seal,constant_time,AdjacentNetwork,20,16998884976508050501,10000,0.223,rdtsc,0.000,tacet,pass,false,0.000000,10000,185,Pass (P=0.0%),107,1776884402
Rust,ring,AES-256-GCM,ring::aes_gcm::aes256gcm_seal,constant_time,AdjacentNetwork,20,16998884976508050501,10000,0.223,rdtsc,0.000,dudect,pass,false,,19638,7,"max|t|=4.21, tau=-0.0301, threshold=4.5",107,1776884402
Rust,ring,AES-256-GCM,ring::aes_gcm::aes256gcm_seal,constant_time,AdjacentNetwork,20,16998884976508050501,10000,0.223,rdtsc,0.000,tvla,pass,false,,20000,0,"|t|=0.52, threshold=4.5",107,1776884402
Rust,ring,AES-256-GCM,ring::aes_gcm::aes256gcm_seal,constant_time,AdjacentNetwork,20,16998884976508050501,10000,0.223,rdtsc,0.000,silent,error,false,,0,1231,"Error: SILENT failed: Error in quantile.default(max_boot, 1 - alpha) : 
  missing values and NaN's not allowed if 'na.rm' is FALSE
Calls: algorithm -> max_test -> quantile -> quantile.default
Execution halted
",107,1776884404
Rust,ring,AES-256-GCM,ring::aes_gcm::aes256gcm_seal,constant_time,AdjacentNetwork,20,16998884976508050501,10000,0.223,rdtsc,0.000,rtlf,pass,false,0.000000,20000,17336,"p=1.0000, alpha=0.09 (pool)",107,1776884422
Rust,ring,AES-256-GCM,ring::aes_gcm::aes256gcm_seal,constant_time,AdjacentNetwork,20,16998884976508050501,10000,0.223,rdtsc,5.000,tacet,pass,false,0.000000,10000,231,Pass (P=0.0%),107,1776884422
Rust,ring,AES-256-GCM,ring::aes_gcm::aes256gcm_seal,constant_time,AdjacentNetwork,20,16998884976508050501,10000,0.223,rdtsc,5.000,dudect,pass,false,,19638,8,"max|t|=4.29, tau=-0.0306, threshold=4.5",107,1776884422
Rust,ring,AES-256-GCM,ring::aes_gcm::aes256gcm_seal,constant_time,AdjacentNetwork,20,16998884976508050501,10000,0.223,rdtsc,5.000,tvla,pass,false,,20000,0,"|t|=0.57, threshold=4.5",107,1776884422
Rust,ring,AES-256-GCM,ring::aes_gcm::aes256gcm_seal,constant_time,AdjacentNetwork,20,16998884976508050501,10000,0.223,rdtsc,5.000,silent,pass,false,,20000,763,"stat=-1.442, alpha=0.10, delta=1.0 (pool)",107,1776884423
Rust,ring,AES-256-GCM,ring::aes_gcm::aes256gcm_seal,constant_time,AdjacentNetwork,20,16998884976508050501,10000,0.223,rdtsc,5.000,rtlf,pass,false,0.000000,20000,20560,"p=1.0000, alpha=0.09 (pool)",107,1776884443
Rust,RustCrypto,ChaCha20-Poly1305,rustcrypto::chacha20poly1305::encrypt,constant_time,AdjacentNetwork,1,12225731234541680140,10000,0.223,rdtsc,0.000,tacet,pass,false,0.000000,10000,184,Pass (P=0.0%),128,1776884443
Rust,RustCrypto,ChaCha20-Poly1305,rustcrypto::chacha20poly1305::encrypt,constant_time,AdjacentNetwork,1,12225731234541680140,10000,0.223,rdtsc,0.000,dudect,pass,false,,19959,7,"max|t|=2.21, tau=-0.0156, threshold=4.5",128,1776884443
Rust,RustCrypto,ChaCha20-Poly1305,rustcrypto::chacha20poly1305::encrypt,constant_time,AdjacentNetwork,1,12225731234541680140,10000,0.223,rdtsc,0.000,tvla,pass,false,,20000,0,"|t|=1.26, threshold=4.5",128,1776884443
Rust,RustCrypto,ChaCha20-Poly1305,rustcrypto::chacha20poly1305::encrypt,constant_time,AdjacentNetwork,1,12225731234541680140,10000,0.223,rdtsc,0.000,silent,pass,false,,20000,749,"stat=-0.012, alpha=0.10, delta=1.0 (pool)",128,1776884444
Rust,RustCrypto,ChaCha20-Poly1305,rustcrypto::chacha20poly1305::encrypt,constant_time,AdjacentNetwork,1,12225731234541680140,10000,0.223,rdtsc,0.000,rtlf,pass,false,0.000000,20000,17354,"p=1.0000, alpha=0.09 (pool)",128,1776884462
Rust,RustCrypto,ChaCha20-Poly1305,rustcrypto::chacha20poly1305::encrypt,constant_time,AdjacentNetwork,1,12225731234541680140,10000,0.223,rdtsc,5.000,tacet,pass,false,0.000000,10000,233,Pass (P=0.0%),128,1776884462
Rust,RustCrypto,ChaCha20-Poly1305,rustcrypto::chacha20poly1305::encrypt,constant_time,AdjacentNetwork,1,12225731234541680140,10000,0.223,rdtsc,5.000,dudect,pass,false,,19958,8,"max|t|=1.90, tau=-0.0134, threshold=4.5",128,1776884462
Rust,RustCrypto,ChaCha20-Poly1305,rustcrypto::chacha20poly1305::encrypt,constant_time,AdjacentNetwork,1,12225731234541680140,10000,0.223,rdtsc,5.000,tvla,pass,false,,20000,0,"|t|=1.25, threshold=4.5",128,1776884462
Rust,RustCrypto,ChaCha20-Poly1305,rustcrypto::chacha20poly1305::encrypt,constant_time,AdjacentNetwork,1,12225731234541680140,10000,0.223,rdtsc,5.000,silent,fail,true,,20000,770,"stat=4.900, alpha=0.10, delta=1.0 (pool)",128,1776884463
Rust,RustCrypto,ChaCha20-Poly1305,rustcrypto::chacha20poly1305::encrypt,constant_time,AdjacentNetwork,1,12225731234541680140,10000,0.223,rdtsc,5.000,rtlf,pass,false,0.000000,20000,20759,"p=1.0000, alpha=0.09 (pool)",128,1776884483
Rust,RustCrypto,ChaCha20-Poly1305,rustcrypto::chacha20poly1305::encrypt,constant_time,AdjacentNetwork,2,13155455818830233774,10000,0.223,rdtsc,0.000,tacet,pass,false,0.000000,10000,193,Pass (P=0.0%),128,1776884484
Rust,RustCrypto,ChaCha20-Poly1305,rustcrypto::chacha20poly1305::encrypt,constant_time,AdjacentNetwork,2,13155455818830233774,10000,0.223,rdtsc,0.000,dudect,fail,true,,19955,7,"max|t|=14.99, tau=-0.1061, threshold=4.5",128,1776884484
Rust,RustCrypto,ChaCha20-Poly1305,rustcrypto::chacha20poly1305::encrypt,constant_time,AdjacentNetwork,2,13155455818830233774,10000,0.223,rdtsc,0.000,tvla,pass,false,,20000,0,"|t|=0.08, threshold=4.5",128,1776884484
Rust,RustCrypto,ChaCha20-Poly1305,rustcrypto::chacha20poly1305::encrypt,constant_time,AdjacentNetwork,2,13155455818830233774,10000,0.223,rdtsc,0.000,silent,fail,true,,20000,738,"stat=9.251, alpha=0.10, delta=1.0 (pool)",128,1776884484
Rust,RustCrypto,ChaCha20-Poly1305,rustcrypto::chacha20poly1305::encrypt,constant_time,AdjacentNetwork,2,13155455818830233774,10000,0.223,rdtsc,0.000,rtlf,pass,false,0.000000,20000,17521,"p=1.0000, alpha=0.09 (pool)",128,1776884502
Rust,RustCrypto,ChaCha20-Poly1305,rustcrypto::chacha20poly1305::encrypt,constant_time,AdjacentNetwork,2,13155455818830233774,10000,0.223,rdtsc,5.000,tacet,pass,false,0.000000,10000,237,Pass (P=0.0%),128,1776884502
Rust,RustCrypto,ChaCha20-Poly1305,rustcrypto::chacha20poly1305::encrypt,constant_time,AdjacentNetwork,2,13155455818830233774,10000,0.223,rdtsc,5.000,dudect,fail,true,,19944,9,"max|t|=14.35, tau=-0.1016, threshold=4.5",128,1776884502
Rust,RustCrypto,ChaCha20-Poly1305,rustcrypto::chacha20poly1305::encrypt,constant_time,AdjacentNetwork,2,13155455818830233774,10000,0.223,rdtsc,5.000,tvla,pass,false,,20000,0,"|t|=0.09, threshold=4.5",128,1776884502
Rust,RustCrypto,ChaCha20-Poly1305,rustcrypto::chacha20poly1305::encrypt,constant_time,AdjacentNetwork,2,13155455818830233774,10000,0.223,rdtsc,5.000,silent,fail,true,,20000,905,"stat=126.844, alpha=0.10, delta=1.0 (pool)",128,1776884503
Rust,RustCrypto,ChaCha20-Poly1305,rustcrypto::chacha20poly1305::encrypt,constant_time,AdjacentNetwork,2,13155455818830233774,10000,0.223,rdtsc,5.000,rtlf,fail,true,1.000000,20000,20834,"p=0.0000, alpha=0.09 (pool)",128,1776884524
Rust,RustCrypto,ChaCha20-Poly1305,rustcrypto::chacha20poly1305::encrypt,constant_time,AdjacentNetwork,3,18200040664651102085,10000,0.223,rdtsc,0.000,tacet,pass,false,0.000000,10000,193,Pass (P=0.0%),128,1776884524
Rust,RustCrypto,ChaCha20-Poly1305,rustcrypto::chacha20poly1305::encrypt,constant_time,AdjacentNetwork,3,18200040664651102085,10000,0.223,rdtsc,0.000,dudect,fail,true,,19938,7,"max|t|=8.11, tau=-0.0575, threshold=4.5",128,1776884524
Rust,RustCrypto,ChaCha20-Poly1305,rustcrypto::chacha20poly1305::encrypt,constant_time,AdjacentNetwork,3,18200040664651102085,10000,0.223,rdtsc,0.000,tvla,pass,false,,20000,0,"|t|=0.62, threshold=4.5",128,1776884524
Rust,RustCrypto,ChaCha20-Poly1305,rustcrypto::chacha20poly1305::encrypt,constant_time,AdjacentNetwork,3,18200040664651102085,10000,0.223,rdtsc,0.000,silent,fail,true,,20000,753,"stat=4.648, alpha=0.10, delta=1.0 (pool)",128,1776884525
Rust,RustCrypto,ChaCha20-Poly1305,rustcrypto::chacha20poly1305::encrypt,constant_time,AdjacentNetwork,3,18200040664651102085,10000,0.223,rdtsc,0.000,rtlf,pass,false,0.000000,20000,17333,"p=1.0000, alpha=0.09 (pool)",128,1776884542
Rust,RustCrypto,ChaCha20-Poly1305,rustcrypto::chacha20poly1305::encrypt,constant_time,AdjacentNetwork,3,18200040664651102085,10000,0.223,rdtsc,5.000,tacet,pass,false,0.000000,10000,233,Pass (P=0.0%),128,1776884543
Rust,RustCrypto,ChaCha20-Poly1305,rustcrypto::chacha20poly1305::encrypt,constant_time,AdjacentNetwork,3,18200040664651102085,10000,0.223,rdtsc,5.000,dudect,fail,true,,18647,8,"max|t|=7.66, tau=-0.0561, threshold=4.5",128,1776884543
Rust,RustCrypto,ChaCha20-Poly1305,rustcrypto::chacha20poly1305::encrypt,constant_time,AdjacentNetwork,3,18200040664651102085,10000,0.223,rdtsc,5.000,tvla,pass,false,,20000,0,"|t|=0.59, threshold=4.5",128,1776884543
Rust,RustCrypto,ChaCha20-Poly1305,rustcrypto::chacha20poly1305::encrypt,constant_time,AdjacentNetwork,3,18200040664651102085,10000,0.223,rdtsc,5.000,silent,fail,true,,20000,770,"stat=52.682, alpha=0.10, delta=1.0 (pool)",128,1776884543
Rust,RustCrypto,ChaCha20-Poly1305,rustcrypto::chacha20poly1305::encrypt,constant_time,AdjacentNetwork,3,18200040664651102085,10000,0.223,rdtsc,5.000,rtlf,fail,true,1.000000,20000,20776,"p=0.0000, alpha=0.09 (pool)",128,1776884564
Rust,RustCrypto,ChaCha20-Poly1305,rustcrypto::chacha20poly1305::encrypt,constant_time,AdjacentNetwork,4,4209452279132210978,10000,0.223,rdtsc,0.000,tacet,pass,false,0.000000,10000,194,Pass (P=0.0%),128,1776884564
Rust,RustCrypto,ChaCha20-Poly1305,rustcrypto::chacha20poly1305::encrypt,constant_time,AdjacentNetwork,4,4209452279132210978,10000,0.223,rdtsc,0.000,dudect,pass,false,,14734,7,"max|t|=1.49, tau=-0.0123, threshold=4.5",128,1776884564
Rust,RustCrypto,ChaCha20-Poly1305,rustcrypto::chacha20poly1305::encrypt,constant_time,AdjacentNetwork,4,4209452279132210978,10000,0.223,rdtsc,0.000,tvla,pass,false,,20000,0,"|t|=0.51, threshold=4.5",128,1776884564
Rust,RustCrypto,ChaCha20-Poly1305,rustcrypto::chacha20poly1305::encrypt,constant_time,AdjacentNetwork,4,4209452279132210978,10000,0.223,rdtsc,0.000,silent,pass,false,,20000,747,"stat=-0.098, alpha=0.10, delta=1.0 (pool)",128,1776884565
Rust,RustCrypto,ChaCha20-Poly1305,rustcrypto::chacha20poly1305::encrypt,constant_time,AdjacentNetwork,4,4209452279132210978,10000,0.223,rdtsc,0.000,rtlf,pass,false,0.000000,20000,17772,"p=1.0000, alpha=0.09 (pool)",128,1776884583
Rust,RustCrypto,ChaCha20-Poly1305,rustcrypto::chacha20poly1305::encrypt,constant_time,AdjacentNetwork,4,4209452279132210978,10000,0.223,rdtsc,5.000,tacet,pass,false,0.000000,10000,237,Pass (P=0.0%),128,1776884583
Rust,RustCrypto,ChaCha20-Poly1305,rustcrypto::chacha20poly1305::encrypt,constant_time,AdjacentNetwork,4,4209452279132210978,10000,0.223,rdtsc,5.000,dudect,pass,false,,11969,9,"max|t|=1.71, tau=-0.0157, threshold=4.5",128,1776884583
Rust,RustCrypto,ChaCha20-Poly1305,rustcrypto::chacha20poly1305::encrypt,constant_time,AdjacentNetwork,4,4209452279132210978,10000,0.223,rdtsc,5.000,tvla,pass,false,,20000,0,"|t|=0.52, threshold=4.5",128,1776884583
Rust,RustCrypto,ChaCha20-Poly1305,rustcrypto::chacha20poly1305::encrypt,constant_time,AdjacentNetwork,4,4209452279132210978,10000,0.223,rdtsc,5.000,silent,pass,false,,20000,789,"stat=-1.212, alpha=0.10, delta=1.0 (pool)",128,1776884584
Rust,RustCrypto,ChaCha20-Poly1305,rustcrypto::chacha20poly1305::encrypt,constant_time,AdjacentNetwork,4,4209452279132210978,10000,0.223,rdtsc,5.000,rtlf,pass,false,0.000000,20000,21277,"p=1.0000, alpha=0.09 (pool)",128,1776884605
Rust,RustCrypto,ChaCha20-Poly1305,rustcrypto::chacha20poly1305::encrypt,constant_time,AdjacentNetwork,5,10244123941916501375,10000,0.223,rdtsc,0.000,tacet,pass,false,0.000000,10000,191,Pass (P=0.0%),128,1776884606
Rust,RustCrypto,ChaCha20-Poly1305,rustcrypto::chacha20poly1305::encrypt,constant_time,AdjacentNetwork,5,10244123941916501375,10000,0.223,rdtsc,0.000,dudect,fail,true,,19936,7,"max|t|=7.42, tau=-0.0525, threshold=4.5",128,1776884606
Rust,RustCrypto,ChaCha20-Poly1305,rustcrypto::chacha20poly1305::encrypt,constant_time,AdjacentNetwork,5,10244123941916501375,10000,0.223,rdtsc,0.000,tvla,pass,false,,20000,0,"|t|=0.63, threshold=4.5",128,1776884606
Rust,RustCrypto,ChaCha20-Poly1305,rustcrypto::chacha20poly1305::encrypt,constant_time,AdjacentNetwork,5,10244123941916501375,10000,0.223,rdtsc,0.000,silent,fail,true,,20000,766,"stat=117.415, alpha=0.10, delta=1.0 (pool)",128,1776884606
Rust,RustCrypto,ChaCha20-Poly1305,rustcrypto::chacha20poly1305::encrypt,constant_time,AdjacentNetwork,5,10244123941916501375,10000,0.223,rdtsc,0.000,rtlf,pass,false,0.000000,20000,18336,"p=1.0000, alpha=0.09 (pool)",128,1776884625
Rust,RustCrypto,ChaCha20-Poly1305,rustcrypto::chacha20poly1305::encrypt,constant_time,AdjacentNetwork,5,10244123941916501375,10000,0.223,rdtsc,5.000,tacet,pass,false,0.000000,10000,245,Pass (P=0.0%),128,1776884625
Rust,RustCrypto,ChaCha20-Poly1305,rustcrypto::chacha20poly1305::encrypt,constant_time,AdjacentNetwork,5,10244123941916501375,10000,0.223,rdtsc,5.000,dudect,fail,true,,19936,9,"max|t|=7.41, tau=-0.0525, threshold=4.5",128,1776884625
Rust,RustCrypto,ChaCha20-Poly1305,rustcrypto::chacha20poly1305::encrypt,constant_time,AdjacentNetwork,5,10244123941916501375,10000,0.223,rdtsc,5.000,tvla,pass,false,,20000,0,"|t|=0.64, threshold=4.5",128,1776884625
Rust,RustCrypto,ChaCha20-Poly1305,rustcrypto::chacha20poly1305::encrypt,constant_time,AdjacentNetwork,5,10244123941916501375,10000,0.223,rdtsc,5.000,silent,fail,true,,20000,791,"stat=74.872, alpha=0.10, delta=1.0 (pool)",128,1776884626
Rust,RustCrypto,ChaCha20-Poly1305,rustcrypto::chacha20poly1305::encrypt,constant_time,AdjacentNetwork,5,10244123941916501375,10000,0.223,rdtsc,5.000,rtlf,fail,true,1.000000,20000,21608,"p=0.0000, alpha=0.09 (pool)",128,1776884647
Rust,RustCrypto,ChaCha20-Poly1305,rustcrypto::chacha20poly1305::encrypt,constant_time,AdjacentNetwork,6,17491518929099190204,10000,0.223,rdtsc,0.000,tacet,pass,false,0.000000,10000,190,Pass (P=0.0%),128,1776884648
Rust,RustCrypto,ChaCha20-Poly1305,rustcrypto::chacha20poly1305::encrypt,constant_time,AdjacentNetwork,6,17491518929099190204,10000,0.223,rdtsc,0.000,dudect,fail,true,,19943,8,"max|t|=10.16, tau=-0.0719, threshold=4.5",128,1776884648
Rust,RustCrypto,ChaCha20-Poly1305,rustcrypto::chacha20poly1305::encrypt,constant_time,AdjacentNetwork,6,17491518929099190204,10000,0.223,rdtsc,0.000,tvla,pass,false,,20000,0,"|t|=1.80, threshold=4.5",128,1776884648
Rust,RustCrypto,ChaCha20-Poly1305,rustcrypto::chacha20poly1305::encrypt,constant_time,AdjacentNetwork,6,17491518929099190204,10000,0.223,rdtsc,0.000,silent,fail,true,,20000,915,"stat=17.718, alpha=0.10, delta=1.0 (pool)",128,1776884649
Rust,RustCrypto,ChaCha20-Poly1305,rustcrypto::chacha20poly1305::encrypt,constant_time,AdjacentNetwork,6,17491518929099190204,10000,0.223,rdtsc,0.000,rtlf,fail,true,1.000000,20000,18324,"p=0.0000, alpha=0.09 (pool)",128,1776884667
Rust,RustCrypto,ChaCha20-Poly1305,rustcrypto::chacha20poly1305::encrypt,constant_time,AdjacentNetwork,6,17491518929099190204,10000,0.223,rdtsc,5.000,tacet,pass,false,0.000000,10000,247,Pass (P=0.0%),128,1776884667
Rust,RustCrypto,ChaCha20-Poly1305,rustcrypto::chacha20poly1305::encrypt,constant_time,AdjacentNetwork,6,17491518929099190204,10000,0.223,rdtsc,5.000,dudect,fail,true,,19943,9,"max|t|=10.08, tau=-0.0714, threshold=4.5",128,1776884667
Rust,RustCrypto,ChaCha20-Poly1305,rustcrypto::chacha20poly1305::encrypt,constant_time,AdjacentNetwork,6,17491518929099190204,10000,0.223,rdtsc,5.000,tvla,pass,false,,20000,0,"|t|=1.82, threshold=4.5",128,1776884667
Rust,RustCrypto,ChaCha20-Poly1305,rustcrypto::chacha20poly1305::encrypt,constant_time,AdjacentNetwork,6,17491518929099190204,10000,0.223,rdtsc,5.000,silent,fail,true,,20000,940,"stat=226.290, alpha=0.10, delta=1.0 (pool)",128,1776884668
Rust,RustCrypto,ChaCha20-Poly1305,rustcrypto::chacha20poly1305::encrypt,constant_time,AdjacentNetwork,6,17491518929099190204,10000,0.223,rdtsc,5.000,rtlf,fail,true,1.000000,20000,21598,"p=0.0000, alpha=0.09 (pool)",128,1776884690
Rust,RustCrypto,ChaCha20-Poly1305,rustcrypto::chacha20poly1305::encrypt,constant_time,AdjacentNetwork,7,2870593724497938596,10000,0.223,rdtsc,0.000,tacet,pass,false,0.000000,10000,181,Pass (P=0.0%),128,1776884690
Rust,RustCrypto,ChaCha20-Poly1305,rustcrypto::chacha20poly1305::encrypt,constant_time,AdjacentNetwork,7,2870593724497938596,10000,0.223,rdtsc,0.000,dudect,fail,true,,18579,7,"max|t|=6.45, tau=-0.0473, threshold=4.5",128,1776884690
Rust,RustCrypto,ChaCha20-Poly1305,rustcrypto::chacha20poly1305::encrypt,constant_time,AdjacentNetwork,7,2870593724497938596,10000,0.223,rdtsc,0.000,tvla,pass,false,,20000,0,"|t|=2.69, threshold=4.5",128,1776884690
Rust,RustCrypto,ChaCha20-Poly1305,rustcrypto::chacha20poly1305::encrypt,constant_time,AdjacentNetwork,7,2870593724497938596,10000,0.223,rdtsc,0.000,silent,pass,false,,20000,772,"stat=2.010, alpha=0.10, delta=1.0 (pool)",128,1776884691
Rust,RustCrypto,ChaCha20-Poly1305,rustcrypto::chacha20poly1305::encrypt,constant_time,AdjacentNetwork,7,2870593724497938596,10000,0.223,rdtsc,0.000,rtlf,pass,false,0.000000,20000,18107,"p=1.0000, alpha=0.09 (pool)",128,1776884709
Rust,RustCrypto,ChaCha20-Poly1305,rustcrypto::chacha20poly1305::encrypt,constant_time,AdjacentNetwork,7,2870593724497938596,10000,0.223,rdtsc,5.000,tacet,pass,false,0.000000,10000,240,Pass (P=0.0%),128,1776884709
Rust,RustCrypto,ChaCha20-Poly1305,rustcrypto::chacha20poly1305::encrypt,constant_time,AdjacentNetwork,7,2870593724497938596,10000,0.223,rdtsc,5.000,dudect,fail,true,,10854,9,"max|t|=6.39, tau=-0.0613, threshold=4.5",128,1776884709
Rust,RustCrypto,ChaCha20-Poly1305,rustcrypto::chacha20poly1305::encrypt,constant_time,AdjacentNetwork,7,2870593724497938596,10000,0.223,rdtsc,5.000,tvla,pass,false,,20000,0,"|t|=2.64, threshold=4.5",128,1776884709
Rust,RustCrypto,ChaCha20-Poly1305,rustcrypto::chacha20poly1305::encrypt,constant_time,AdjacentNetwork,7,2870593724497938596,10000,0.223,rdtsc,5.000,silent,fail,true,,20000,792,"stat=89.981, alpha=0.10, delta=1.0 (pool)",128,1776884710
Rust,RustCrypto,ChaCha20-Poly1305,rustcrypto::chacha20poly1305::encrypt,constant_time,AdjacentNetwork,7,2870593724497938596,10000,0.223,rdtsc,5.000,rtlf,pass,false,0.000000,20000,21413,"p=1.0000, alpha=0.09 (pool)",128,1776884731
Rust,RustCrypto,ChaCha20-Poly1305,rustcrypto::chacha20poly1305::encrypt,constant_time,AdjacentNetwork,8,1875397544879785010,10000,0.223,rdtsc,0.000,tacet,pass,false,0.000000,10000,197,Pass (P=0.0%),128,1776884732
Rust,RustCrypto,ChaCha20-Poly1305,rustcrypto::chacha20poly1305::encrypt,constant_time,AdjacentNetwork,8,1875397544879785010,10000,0.223,rdtsc,0.000,dudect,pass,false,,19955,7,"max|t|=3.48, tau=-0.0246, threshold=4.5",128,1776884732
Rust,RustCrypto,ChaCha20-Poly1305,rustcrypto::chacha20poly1305::encrypt,constant_time,AdjacentNetwork,8,1875397544879785010,10000,0.223,rdtsc,0.000,tvla,pass,false,,20000,0,"|t|=0.80, threshold=4.5",128,1776884732
Rust,RustCrypto,ChaCha20-Poly1305,rustcrypto::chacha20poly1305::encrypt,constant_time,AdjacentNetwork,8,1875397544879785010,10000,0.223,rdtsc,0.000,silent,pass,false,,20000,760,"stat=-0.041, alpha=0.10, delta=1.0 (pool)",128,1776884732
Rust,RustCrypto,ChaCha20-Poly1305,rustcrypto::chacha20poly1305::encrypt,constant_time,AdjacentNetwork,8,1875397544879785010,10000,0.223,rdtsc,0.000,rtlf,pass,false,0.000000,20000,17902,"p=1.0000, alpha=0.09 (pool)",128,1776884750
Rust,RustCrypto,ChaCha20-Poly1305,rustcrypto::chacha20poly1305::encrypt,constant_time,AdjacentNetwork,8,1875397544879785010,10000,0.223,rdtsc,5.000,tacet,pass,false,0.000000,10000,239,Pass (P=0.0%),128,1776884751
Rust,RustCrypto,ChaCha20-Poly1305,rustcrypto::chacha20poly1305::encrypt,constant_time,AdjacentNetwork,8,1875397544879785010,10000,0.223,rdtsc,5.000,dudect,pass,false,,10822,9,"max|t|=3.52, tau=-0.0338, threshold=4.5",128,1776884751
Rust,RustCrypto,ChaCha20-Poly1305,rustcrypto::chacha20poly1305::encrypt,constant_time,AdjacentNetwork,8,1875397544879785010,10000,0.223,rdtsc,5.000,tvla,pass,false,,20000,0,"|t|=0.80, threshold=4.5",128,1776884751
Rust,RustCrypto,ChaCha20-Poly1305,rustcrypto::chacha20poly1305::encrypt,constant_time,AdjacentNetwork,8,1875397544879785010,10000,0.223,rdtsc,5.000,silent,pass,false,,20000,773,"stat=-1.234, alpha=0.10, delta=1.0 (pool)",128,1776884751
Rust,RustCrypto,ChaCha20-Poly1305,rustcrypto::chacha20poly1305::encrypt,constant_time,AdjacentNetwork,8,1875397544879785010,10000,0.223,rdtsc,5.000,rtlf,pass,false,0.000000,20000,21358,"p=1.0000, alpha=0.09 (pool)",128,1776884773
Rust,RustCrypto,ChaCha20-Poly1305,rustcrypto::chacha20poly1305::encrypt,constant_time,AdjacentNetwork,9,10936341685045074701,10000,0.223,rdtsc,0.000,tacet,pass,false,0.000000,10000,190,Pass (P=0.0%),128,1776884773
Rust,RustCrypto,ChaCha20-Poly1305,rustcrypto::chacha20poly1305::encrypt,constant_time,AdjacentNetwork,9,10936341685045074701,10000,0.223,rdtsc,0.000,dudect,pass,false,,19962,7,"max|t|=1.50, tau=-0.0106, threshold=4.5",128,1776884773
Rust,RustCrypto,ChaCha20-Poly1305,rustcrypto::chacha20poly1305::encrypt,constant_time,AdjacentNetwork,9,10936341685045074701,10000,0.223,rdtsc,0.000,tvla,pass,false,,20000,0,"|t|=1.12, threshold=4.5",128,1776884773
Rust,RustCrypto,ChaCha20-Poly1305,rustcrypto::chacha20poly1305::encrypt,constant_time,AdjacentNetwork,9,10936341685045074701,10000,0.223,rdtsc,0.000,silent,pass,false,,20000,802,"stat=-0.017, alpha=0.10, delta=1.0 (pool)",128,1776884774
Rust,RustCrypto,ChaCha20-Poly1305,rustcrypto::chacha20poly1305::encrypt,constant_time,AdjacentNetwork,9,10936341685045074701,10000,0.223,rdtsc,0.000,rtlf,pass,false,0.000000,20000,18319,"p=1.0000, alpha=0.09 (pool)",128,1776884792
Rust,RustCrypto,ChaCha20-Poly1305,rustcrypto::chacha20poly1305::encrypt,constant_time,AdjacentNetwork,9,10936341685045074701,10000,0.223,rdtsc,5.000,tacet,pass,false,0.000000,10000,246,Pass (P=0.0%),128,1776884792
Rust,RustCrypto,ChaCha20-Poly1305,rustcrypto::chacha20poly1305::encrypt,constant_time,AdjacentNetwork,9,10936341685045074701,10000,0.223,rdtsc,5.000,dudect,pass,false,,19960,9,"max|t|=2.10, tau=-0.0148, threshold=4.5",128,1776884792
Rust,RustCrypto,ChaCha20-Poly1305,rustcrypto::chacha20poly1305::encrypt,constant_time,AdjacentNetwork,9,10936341685045074701,10000,0.223,rdtsc,5.000,tvla,pass,false,,20000,0,"|t|=1.12, threshold=4.5",128,1776884792
Rust,RustCrypto,ChaCha20-Poly1305,rustcrypto::chacha20poly1305::encrypt,constant_time,AdjacentNetwork,9,10936341685045074701,10000,0.223,rdtsc,5.000,silent,pass,false,,20000,820,"stat=-0.817, alpha=0.10, delta=1.0 (pool)",128,1776884793
Rust,RustCrypto,ChaCha20-Poly1305,rustcrypto::chacha20poly1305::encrypt,constant_time,AdjacentNetwork,9,10936341685045074701,10000,0.223,rdtsc,5.000,rtlf,pass,false,0.000000,20000,21425,"p=1.0000, alpha=0.09 (pool)",128,1776884815
Rust,RustCrypto,ChaCha20-Poly1305,rustcrypto::chacha20poly1305::encrypt,constant_time,AdjacentNetwork,10,6273507221916027710,10000,0.223,rdtsc,0.000,tacet,pass,false,0.000000,10000,207,Pass (P=0.0%),130,1776884815
Rust,RustCrypto,ChaCha20-Poly1305,rustcrypto::chacha20poly1305::encrypt,constant_time,AdjacentNetwork,10,6273507221916027710,10000,0.223,rdtsc,0.000,dudect,fail,true,,16778,8,"max|t|=7.65, tau=-0.0591, threshold=4.5",130,1776884815
Rust,RustCrypto,ChaCha20-Poly1305,rustcrypto::chacha20poly1305::encrypt,constant_time,AdjacentNetwork,10,6273507221916027710,10000,0.223,rdtsc,0.000,tvla,pass,false,,20000,0,"|t|=0.90, threshold=4.5",130,1776884815
Rust,RustCrypto,ChaCha20-Poly1305,rustcrypto::chacha20poly1305::encrypt,constant_time,AdjacentNetwork,10,6273507221916027710,10000,0.223,rdtsc,0.000,silent,fail,true,,20000,755,"stat=3.966, alpha=0.10, delta=1.0 (pool)",130,1776884816
Rust,RustCrypto,ChaCha20-Poly1305,rustcrypto::chacha20poly1305::encrypt,constant_time,AdjacentNetwork,10,6273507221916027710,10000,0.223,rdtsc,0.000,rtlf,pass,false,0.000000,20000,18621,"p=1.0000, alpha=0.09 (pool)",130,1776884834
Rust,RustCrypto,ChaCha20-Poly1305,rustcrypto::chacha20poly1305::encrypt,constant_time,AdjacentNetwork,10,6273507221916027710,10000,0.223,rdtsc,5.000,tacet,pass,false,0.000000,10000,261,Pass (P=0.0%),130,1776884835
Rust,RustCrypto,ChaCha20-Poly1305,rustcrypto::chacha20poly1305::encrypt,constant_time,AdjacentNetwork,10,6273507221916027710,10000,0.223,rdtsc,5.000,dudect,fail,true,,16778,9,"max|t|=7.35, tau=-0.0567, threshold=4.5",130,1776884835
Rust,RustCrypto,ChaCha20-Poly1305,rustcrypto::chacha20poly1305::encrypt,constant_time,AdjacentNetwork,10,6273507221916027710,10000,0.223,rdtsc,5.000,tvla,pass,false,,20000,0,"|t|=0.90, threshold=4.5",130,1776884835
Rust,RustCrypto,ChaCha20-Poly1305,rustcrypto::chacha20poly1305::encrypt,constant_time,AdjacentNetwork,10,6273507221916027710,10000,0.223,rdtsc,5.000,silent,fail,true,,20000,955,"stat=56.931, alpha=0.10, delta=1.0 (pool)",130,1776884836
Rust,RustCrypto,ChaCha20-Poly1305,rustcrypto::chacha20poly1305::encrypt,constant_time,AdjacentNetwork,10,6273507221916027710,10000,0.223,rdtsc,5.000,rtlf,pass,false,0.000000,20000,22320,"p=1.0000, alpha=0.09 (pool)",130,1776884858
Rust,RustCrypto,ChaCha20-Poly1305,rustcrypto::chacha20poly1305::encrypt,constant_time,AdjacentNetwork,11,6145563048964456039,10000,0.223,rdtsc,0.000,tacet,pass,false,0.000000,10000,200,Pass (P=0.0%),128,1776884858
Rust,RustCrypto,ChaCha20-Poly1305,rustcrypto::chacha20poly1305::encrypt,constant_time,AdjacentNetwork,11,6145563048964456039,10000,0.223,rdtsc,0.000,dudect,pass,false,,19936,7,"max|t|=3.47, tau=-0.0246, threshold=4.5",128,1776884858
Rust,RustCrypto,ChaCha20-Poly1305,rustcrypto::chacha20poly1305::encrypt,constant_time,AdjacentNetwork,11,6145563048964456039,10000,0.223,rdtsc,0.000,tvla,pass,false,,20000,0,"|t|=1.13, threshold=4.5",128,1776884858
Rust,RustCrypto,ChaCha20-Poly1305,rustcrypto::chacha20poly1305::encrypt,constant_time,AdjacentNetwork,11,6145563048964456039,10000,0.223,rdtsc,0.000,silent,pass,false,,20000,766,"stat=-0.334, alpha=0.10, delta=1.0 (pool)",128,1776884859
Rust,RustCrypto,ChaCha20-Poly1305,rustcrypto::chacha20poly1305::encrypt,constant_time,AdjacentNetwork,11,6145563048964456039,10000,0.223,rdtsc,0.000,rtlf,pass,false,0.000000,20000,18229,"p=1.0000, alpha=0.09 (pool)",128,1776884877
Rust,RustCrypto,ChaCha20-Poly1305,rustcrypto::chacha20poly1305::encrypt,constant_time,AdjacentNetwork,11,6145563048964456039,10000,0.223,rdtsc,5.000,tacet,pass,false,0.000000,10000,244,Pass (P=0.0%),128,1776884878
Rust,RustCrypto,ChaCha20-Poly1305,rustcrypto::chacha20poly1305::encrypt,constant_time,AdjacentNetwork,11,6145563048964456039,10000,0.223,rdtsc,5.000,dudect,pass,false,,19825,9,"max|t|=3.42, tau=-0.0243, threshold=4.5",128,1776884878
Rust,RustCrypto,ChaCha20-Poly1305,rustcrypto::chacha20poly1305::encrypt,constant_time,AdjacentNetwork,11,6145563048964456039,10000,0.223,rdtsc,5.000,tvla,pass,false,,20000,0,"|t|=1.13, threshold=4.5",128,1776884878
Rust,RustCrypto,ChaCha20-Poly1305,rustcrypto::chacha20poly1305::encrypt,constant_time,AdjacentNetwork,11,6145563048964456039,10000,0.223,rdtsc,5.000,silent,fail,true,,20000,791,"stat=19.233, alpha=0.10, delta=1.0 (pool)",128,1776884878
Rust,RustCrypto,ChaCha20-Poly1305,rustcrypto::chacha20poly1305::encrypt,constant_time,AdjacentNetwork,11,6145563048964456039,10000,0.223,rdtsc,5.000,rtlf,pass,false,0.000000,20000,21525,"p=1.0000, alpha=0.09 (pool)",128,1776884900
Rust,RustCrypto,ChaCha20-Poly1305,rustcrypto::chacha20poly1305::encrypt,constant_time,AdjacentNetwork,12,10238982069815697454,10000,0.223,rdtsc,0.000,tacet,pass,false,0.000000,10000,186,Pass (P=0.0%),128,1776884900
Rust,RustCrypto,ChaCha20-Poly1305,rustcrypto::chacha20poly1305::encrypt,constant_time,AdjacentNetwork,12,10238982069815697454,10000,0.223,rdtsc,0.000,dudect,fail,true,,19948,8,"max|t|=8.33, tau=-0.0590, threshold=4.5",128,1776884900
Rust,RustCrypto,ChaCha20-Poly1305,rustcrypto::chacha20poly1305::encrypt,constant_time,AdjacentNetwork,12,10238982069815697454,10000,0.223,rdtsc,0.000,tvla,pass,false,,20000,0,"|t|=1.96, threshold=4.5",128,1776884900
Rust,RustCrypto,ChaCha20-Poly1305,rustcrypto::chacha20poly1305::encrypt,constant_time,AdjacentNetwork,12,10238982069815697454,10000,0.223,rdtsc,0.000,silent,fail,true,,20000,916,"stat=50.691, alpha=0.10, delta=1.0 (pool)",128,1776884901
Rust,RustCrypto,ChaCha20-Poly1305,rustcrypto::chacha20poly1305::encrypt,constant_time,AdjacentNetwork,12,10238982069815697454,10000,0.223,rdtsc,0.000,rtlf,pass,false,0.000000,20000,18183,"p=1.0000, alpha=0.09 (pool)",128,1776884919
Rust,RustCrypto,ChaCha20-Poly1305,rustcrypto::chacha20poly1305::encrypt,constant_time,AdjacentNetwork,12,10238982069815697454,10000,0.223,rdtsc,5.000,tacet,pass,false,0.000000,10000,245,Pass (P=0.0%),128,1776884920
Rust,RustCrypto,ChaCha20-Poly1305,rustcrypto::chacha20poly1305::encrypt,constant_time,AdjacentNetwork,12,10238982069815697454,10000,0.223,rdtsc,5.000,dudect,fail,true,,19948,9,"max|t|=8.22, tau=-0.0582, threshold=4.5",128,1776884920
Rust,RustCrypto,ChaCha20-Poly1305,rustcrypto::chacha20poly1305::encrypt,constant_time,AdjacentNetwork,12,10238982069815697454,10000,0.223,rdtsc,5.000,tvla,pass,false,,20000,0,"|t|=1.97, threshold=4.5",128,1776884920
Rust,RustCrypto,ChaCha20-Poly1305,rustcrypto::chacha20poly1305::encrypt,constant_time,AdjacentNetwork,12,10238982069815697454,10000,0.223,rdtsc,5.000,silent,fail,true,,20000,951,"stat=78.332, alpha=0.10, delta=1.0 (pool)",128,1776884920
Rust,RustCrypto,ChaCha20-Poly1305,rustcrypto::chacha20poly1305::encrypt,constant_time,AdjacentNetwork,12,10238982069815697454,10000,0.223,rdtsc,5.000,rtlf,fail,true,1.000000,20000,21555,"p=0.0000, alpha=0.09 (pool)",128,1776884942
Rust,RustCrypto,ChaCha20-Poly1305,rustcrypto::chacha20poly1305::encrypt,constant_time,AdjacentNetwork,13,14202870109437016802,10000,0.223,rdtsc,0.000,tacet,pass,false,0.000000,10000,196,Pass (P=0.0%),128,1776884942
Rust,RustCrypto,ChaCha20-Poly1305,rustcrypto::chacha20poly1305::encrypt,constant_time,AdjacentNetwork,13,14202870109437016802,10000,0.223,rdtsc,0.000,dudect,pass,false,,19939,7,"max|t|=3.88, tau=-0.0275, threshold=4.5",128,1776884942
Rust,RustCrypto,ChaCha20-Poly1305,rustcrypto::chacha20poly1305::encrypt,constant_time,AdjacentNetwork,13,14202870109437016802,10000,0.223,rdtsc,0.000,tvla,pass,false,,20000,0,"|t|=0.46, threshold=4.5",128,1776884942
Rust,RustCrypto,ChaCha20-Poly1305,rustcrypto::chacha20poly1305::encrypt,constant_time,AdjacentNetwork,13,14202870109437016802,10000,0.223,rdtsc,0.000,silent,pass,false,,20000,772,"stat=-2.182, alpha=0.10, delta=1.0 (pool)",128,1776884943
Rust,RustCrypto,ChaCha20-Poly1305,rustcrypto::chacha20poly1305::encrypt,constant_time,AdjacentNetwork,13,14202870109437016802,10000,0.223,rdtsc,0.000,rtlf,pass,false,0.000000,20000,17995,"p=1.0000, alpha=0.09 (pool)",128,1776884961
Rust,RustCrypto,ChaCha20-Poly1305,rustcrypto::chacha20poly1305::encrypt,constant_time,AdjacentNetwork,13,14202870109437016802,10000,0.223,rdtsc,5.000,tacet,pass,false,0.000000,10000,242,Pass (P=0.0%),128,1776884961
Rust,RustCrypto,ChaCha20-Poly1305,rustcrypto::chacha20poly1305::encrypt,constant_time,AdjacentNetwork,13,14202870109437016802,10000,0.223,rdtsc,5.000,dudect,pass,false,,19940,9,"max|t|=3.72, tau=-0.0264, threshold=4.5",128,1776884961
Rust,RustCrypto,ChaCha20-Poly1305,rustcrypto::chacha20poly1305::encrypt,constant_time,AdjacentNetwork,13,14202870109437016802,10000,0.223,rdtsc,5.000,tvla,pass,false,,20000,0,"|t|=0.46, threshold=4.5",128,1776884961
Rust,RustCrypto,ChaCha20-Poly1305,rustcrypto::chacha20poly1305::encrypt,constant_time,AdjacentNetwork,13,14202870109437016802,10000,0.223,rdtsc,5.000,silent,fail,true,,20000,790,"stat=45.849, alpha=0.10, delta=1.0 (pool)",128,1776884962
Rust,RustCrypto,ChaCha20-Poly1305,rustcrypto::chacha20poly1305::encrypt,constant_time,AdjacentNetwork,13,14202870109437016802,10000,0.223,rdtsc,5.000,rtlf,pass,false,0.000000,20000,21332,"p=1.0000, alpha=0.09 (pool)",128,1776884984
Rust,RustCrypto,ChaCha20-Poly1305,rustcrypto::chacha20poly1305::encrypt,constant_time,AdjacentNetwork,14,4538745811634712273,10000,0.223,rdtsc,0.000,tacet,pass,false,0.000000,10000,190,Pass (P=0.0%),128,1776884984
Rust,RustCrypto,ChaCha20-Poly1305,rustcrypto::chacha20poly1305::encrypt,constant_time,AdjacentNetwork,14,4538745811634712273,10000,0.223,rdtsc,0.000,dudect,pass,false,,9192,7,"max|t|=2.67, tau=-0.0279, threshold=4.5",128,1776884984
Rust,RustCrypto,ChaCha20-Poly1305,rustcrypto::chacha20poly1305::encrypt,constant_time,AdjacentNetwork,14,4538745811634712273,10000,0.223,rdtsc,0.000,tvla,pass,false,,20000,0,"|t|=0.40, threshold=4.5",128,1776884984
Rust,RustCrypto,ChaCha20-Poly1305,rustcrypto::chacha20poly1305::encrypt,constant_time,AdjacentNetwork,14,4538745811634712273,10000,0.223,rdtsc,0.000,silent,pass,false,,20000,805,"stat=-0.030, alpha=0.10, delta=1.0 (pool)",128,1776884985
Rust,RustCrypto,ChaCha20-Poly1305,rustcrypto::chacha20poly1305::encrypt,constant_time,AdjacentNetwork,14,4538745811634712273,10000,0.223,rdtsc,0.000,rtlf,pass,false,0.000000,20000,18234,"p=1.0000, alpha=0.09 (pool)",128,1776885003
Rust,RustCrypto,ChaCha20-Poly1305,rustcrypto::chacha20poly1305::encrypt,constant_time,AdjacentNetwork,14,4538745811634712273,10000,0.223,rdtsc,5.000,tacet,pass,false,0.000000,10000,242,Pass (P=0.0%),128,1776885003
Rust,RustCrypto,ChaCha20-Poly1305,rustcrypto::chacha20poly1305::encrypt,constant_time,AdjacentNetwork,14,4538745811634712273,10000,0.223,rdtsc,5.000,dudect,pass,false,,2041,9,"max|t|=2.88, tau=-0.0638, threshold=4.5",128,1776885003
Rust,RustCrypto,ChaCha20-Poly1305,rustcrypto::chacha20poly1305::encrypt,constant_time,AdjacentNetwork,14,4538745811634712273,10000,0.223,rdtsc,5.000,tvla,pass,false,,20000,0,"|t|=0.39, threshold=4.5",128,1776885003
Rust,RustCrypto,ChaCha20-Poly1305,rustcrypto::chacha20poly1305::encrypt,constant_time,AdjacentNetwork,14,4538745811634712273,10000,0.223,rdtsc,5.000,silent,pass,false,,20000,818,"stat=-4.374, alpha=0.10, delta=1.0 (pool)",128,1776885004
Rust,RustCrypto,ChaCha20-Poly1305,rustcrypto::chacha20poly1305::encrypt,constant_time,AdjacentNetwork,14,4538745811634712273,10000,0.223,rdtsc,5.000,rtlf,pass,false,0.000000,20000,21521,"p=1.0000, alpha=0.09 (pool)",128,1776885025
Rust,RustCrypto,ChaCha20-Poly1305,rustcrypto::chacha20poly1305::encrypt,constant_time,AdjacentNetwork,15,10167022614671807465,10000,0.223,rdtsc,0.000,tacet,pass,false,0.000000,10000,190,Pass (P=0.0%),128,1776885026
Rust,RustCrypto,ChaCha20-Poly1305,rustcrypto::chacha20poly1305::encrypt,constant_time,AdjacentNetwork,15,10167022614671807465,10000,0.223,rdtsc,0.000,dudect,pass,false,,9118,7,"max|t|=3.42, tau=-0.0358, threshold=4.5",128,1776885026
Rust,RustCrypto,ChaCha20-Poly1305,rustcrypto::chacha20poly1305::encrypt,constant_time,AdjacentNetwork,15,10167022614671807465,10000,0.223,rdtsc,0.000,tvla,pass,false,,20000,0,"|t|=1.50, threshold=4.5",128,1776885026
Rust,RustCrypto,ChaCha20-Poly1305,rustcrypto::chacha20poly1305::encrypt,constant_time,AdjacentNetwork,15,10167022614671807465,10000,0.223,rdtsc,0.000,silent,pass,false,,20000,773,"stat=-0.044, alpha=0.10, delta=1.0 (pool)",128,1776885027
Rust,RustCrypto,ChaCha20-Poly1305,rustcrypto::chacha20poly1305::encrypt,constant_time,AdjacentNetwork,15,10167022614671807465,10000,0.223,rdtsc,0.000,rtlf,pass,false,0.000000,20000,17952,"p=1.0000, alpha=0.09 (pool)",128,1776885045
Rust,RustCrypto,ChaCha20-Poly1305,rustcrypto::chacha20poly1305::encrypt,constant_time,AdjacentNetwork,15,10167022614671807465,10000,0.223,rdtsc,5.000,tacet,pass,false,0.000000,10000,239,Pass (P=0.0%),128,1776885045
Rust,RustCrypto,ChaCha20-Poly1305,rustcrypto::chacha20poly1305::encrypt,constant_time,AdjacentNetwork,15,10167022614671807465,10000,0.223,rdtsc,5.000,dudect,pass,false,,3856,9,"max|t|=3.64, tau=-0.0585, threshold=4.5",128,1776885045
Rust,RustCrypto,ChaCha20-Poly1305,rustcrypto::chacha20poly1305::encrypt,constant_time,AdjacentNetwork,15,10167022614671807465,10000,0.223,rdtsc,5.000,tvla,pass,false,,20000,0,"|t|=1.53, threshold=4.5",128,1776885045
Rust,RustCrypto,ChaCha20-Poly1305,rustcrypto::chacha20poly1305::encrypt,constant_time,AdjacentNetwork,15,10167022614671807465,10000,0.223,rdtsc,5.000,silent,fail,true,,20000,912,"stat=20.464, alpha=0.10, delta=1.0 (pool)",128,1776885046
Rust,RustCrypto,ChaCha20-Poly1305,rustcrypto::chacha20poly1305::encrypt,constant_time,AdjacentNetwork,15,10167022614671807465,10000,0.223,rdtsc,5.000,rtlf,pass,false,0.000000,20000,20982,"p=1.0000, alpha=0.09 (pool)",128,1776885067
Rust,RustCrypto,ChaCha20-Poly1305,rustcrypto::chacha20poly1305::encrypt,constant_time,AdjacentNetwork,16,1622484569654906702,10000,0.223,rdtsc,0.000,tacet,pass,false,0.000000,10000,203,Pass (P=0.0%),128,1776885067
Rust,RustCrypto,ChaCha20-Poly1305,rustcrypto::chacha20poly1305::encrypt,constant_time,AdjacentNetwork,16,1622484569654906702,10000,0.223,rdtsc,0.000,dudect,fail,true,,19955,7,"max|t|=5.07, tau=-0.0359, threshold=4.5",128,1776885067
Rust,RustCrypto,ChaCha20-Poly1305,rustcrypto::chacha20poly1305::encrypt,constant_time,AdjacentNetwork,16,1622484569654906702,10000,0.223,rdtsc,0.000,tvla,pass,false,,20000,0,"|t|=2.70, threshold=4.5",128,1776885067
Rust,RustCrypto,ChaCha20-Poly1305,rustcrypto::chacha20poly1305::encrypt,constant_time,AdjacentNetwork,16,1622484569654906702,10000,0.223,rdtsc,0.000,silent,pass,false,,20000,819,"stat=-0.066, alpha=0.10, delta=1.0 (pool)",128,1776885068
Rust,RustCrypto,ChaCha20-Poly1305,rustcrypto::chacha20poly1305::encrypt,constant_time,AdjacentNetwork,16,1622484569654906702,10000,0.223,rdtsc,0.000,rtlf,pass,false,0.000000,20000,18353,"p=1.0000, alpha=0.09 (pool)",128,1776885086
Rust,RustCrypto,ChaCha20-Poly1305,rustcrypto::chacha20poly1305::encrypt,constant_time,AdjacentNetwork,16,1622484569654906702,10000,0.223,rdtsc,5.000,tacet,pass,false,0.000000,10000,244,Pass (P=0.0%),128,1776885086
Rust,RustCrypto,ChaCha20-Poly1305,rustcrypto::chacha20poly1305::encrypt,constant_time,AdjacentNetwork,16,1622484569654906702,10000,0.223,rdtsc,5.000,dudect,fail,true,,19955,9,"max|t|=4.94, tau=-0.0350, threshold=4.5",128,1776885086
Rust,RustCrypto,ChaCha20-Poly1305,rustcrypto::chacha20poly1305::encrypt,constant_time,AdjacentNetwork,16,1622484569654906702,10000,0.223,rdtsc,5.000,tvla,pass,false,,20000,0,"|t|=2.69, threshold=4.5",128,1776885086
Rust,RustCrypto,ChaCha20-Poly1305,rustcrypto::chacha20poly1305::encrypt,constant_time,AdjacentNetwork,16,1622484569654906702,10000,0.223,rdtsc,5.000,silent,fail,true,,20000,844,"stat=72.636, alpha=0.10, delta=1.0 (pool)",128,1776885087
Rust,RustCrypto,ChaCha20-Poly1305,rustcrypto::chacha20poly1305::encrypt,constant_time,AdjacentNetwork,16,1622484569654906702,10000,0.223,rdtsc,5.000,rtlf,pass,false,0.000000,20000,21606,"p=1.0000, alpha=0.09 (pool)",128,1776885109
Rust,RustCrypto,ChaCha20-Poly1305,rustcrypto::chacha20poly1305::encrypt,constant_time,AdjacentNetwork,17,12690738776152194370,10000,0.223,rdtsc,0.000,tacet,pass,false,0.000000,10000,195,Pass (P=0.0%),128,1776885109
Rust,RustCrypto,ChaCha20-Poly1305,rustcrypto::chacha20poly1305::encrypt,constant_time,AdjacentNetwork,17,12690738776152194370,10000,0.223,rdtsc,0.000,dudect,fail,true,,19951,7,"max|t|=9.99, tau=-0.0707, threshold=4.5",128,1776885109
Rust,RustCrypto,ChaCha20-Poly1305,rustcrypto::chacha20poly1305::encrypt,constant_time,AdjacentNetwork,17,12690738776152194370,10000,0.223,rdtsc,0.000,tvla,pass,false,,20000,0,"|t|=1.00, threshold=4.5",128,1776885109
Rust,RustCrypto,ChaCha20-Poly1305,rustcrypto::chacha20poly1305::encrypt,constant_time,AdjacentNetwork,17,12690738776152194370,10000,0.223,rdtsc,0.000,silent,pass,false,,20000,768,"stat=4.412, alpha=0.10, delta=1.0 (pool)",128,1776885110
Rust,RustCrypto,ChaCha20-Poly1305,rustcrypto::chacha20poly1305::encrypt,constant_time,AdjacentNetwork,17,12690738776152194370,10000,0.223,rdtsc,0.000,rtlf,fail,true,1.000000,20000,18238,"p=0.0000, alpha=0.09 (pool)",128,1776885128
Rust,RustCrypto,ChaCha20-Poly1305,rustcrypto::chacha20poly1305::encrypt,constant_time,AdjacentNetwork,17,12690738776152194370,10000,0.223,rdtsc,5.000,tacet,pass,false,0.000000,10000,237,Pass (P=0.0%),128,1776885128
Rust,RustCrypto,ChaCha20-Poly1305,rustcrypto::chacha20poly1305::encrypt,constant_time,AdjacentNetwork,17,12690738776152194370,10000,0.223,rdtsc,5.000,dudect,fail,true,,19951,9,"max|t|=9.73, tau=-0.0689, threshold=4.5",128,1776885128
Rust,RustCrypto,ChaCha20-Poly1305,rustcrypto::chacha20poly1305::encrypt,constant_time,AdjacentNetwork,17,12690738776152194370,10000,0.223,rdtsc,5.000,tvla,pass,false,,20000,0,"|t|=1.00, threshold=4.5",128,1776885128
Rust,RustCrypto,ChaCha20-Poly1305,rustcrypto::chacha20poly1305::encrypt,constant_time,AdjacentNetwork,17,12690738776152194370,10000,0.223,rdtsc,5.000,silent,fail,true,,20000,763,"stat=52.711, alpha=0.10, delta=1.0 (pool)",128,1776885129
Rust,RustCrypto,ChaCha20-Poly1305,rustcrypto::chacha20poly1305::encrypt,constant_time,AdjacentNetwork,17,12690738776152194370,10000,0.223,rdtsc,5.000,rtlf,fail,true,1.000000,20000,21002,"p=0.0000, alpha=0.09 (pool)",128,1776885150
Rust,RustCrypto,ChaCha20-Poly1305,rustcrypto::chacha20poly1305::encrypt,constant_time,AdjacentNetwork,18,7631030369819427817,10000,0.223,rdtsc,0.000,tacet,pass,false,0.000000,10000,195,Pass (P=0.0%),128,1776885151
Rust,RustCrypto,ChaCha20-Poly1305,rustcrypto::chacha20poly1305::encrypt,constant_time,AdjacentNetwork,18,7631030369819427817,10000,0.223,rdtsc,0.000,dudect,pass,false,,19903,7,"max|t|=3.75, tau=-0.0266, threshold=4.5",128,1776885151
Rust,RustCrypto,ChaCha20-Poly1305,rustcrypto::chacha20poly1305::encrypt,constant_time,AdjacentNetwork,18,7631030369819427817,10000,0.223,rdtsc,0.000,tvla,pass,false,,20000,0,"|t|=0.55, threshold=4.5",128,1776885151
Rust,RustCrypto,ChaCha20-Poly1305,rustcrypto::chacha20poly1305::encrypt,constant_time,AdjacentNetwork,18,7631030369819427817,10000,0.223,rdtsc,0.000,silent,pass,false,,20000,792,"stat=-5.024, alpha=0.10, delta=1.0 (pool)",128,1776885151
Rust,RustCrypto,ChaCha20-Poly1305,rustcrypto::chacha20poly1305::encrypt,constant_time,AdjacentNetwork,18,7631030369819427817,10000,0.223,rdtsc,0.000,rtlf,pass,false,0.000000,20000,17339,"p=1.0000, alpha=0.09 (pool)",128,1776885169
Rust,RustCrypto,ChaCha20-Poly1305,rustcrypto::chacha20poly1305::encrypt,constant_time,AdjacentNetwork,18,7631030369819427817,10000,0.223,rdtsc,5.000,tacet,pass,false,0.000000,10000,235,Pass (P=0.0%),128,1776885169
Rust,RustCrypto,ChaCha20-Poly1305,rustcrypto::chacha20poly1305::encrypt,constant_time,AdjacentNetwork,18,7631030369819427817,10000,0.223,rdtsc,5.000,dudect,pass,false,,19903,9,"max|t|=3.74, tau=-0.0265, threshold=4.5",128,1776885169
Rust,RustCrypto,ChaCha20-Poly1305,rustcrypto::chacha20poly1305::encrypt,constant_time,AdjacentNetwork,18,7631030369819427817,10000,0.223,rdtsc,5.000,tvla,pass,false,,20000,0,"|t|=0.54, threshold=4.5",128,1776885169
Rust,RustCrypto,ChaCha20-Poly1305,rustcrypto::chacha20poly1305::encrypt,constant_time,AdjacentNetwork,18,7631030369819427817,10000,0.223,rdtsc,5.000,silent,fail,true,,20000,817,"stat=13.034, alpha=0.10, delta=1.0 (pool)",128,1776885170
Rust,RustCrypto,ChaCha20-Poly1305,rustcrypto::chacha20poly1305::encrypt,constant_time,AdjacentNetwork,18,7631030369819427817,10000,0.223,rdtsc,5.000,rtlf,pass,false,0.000000,20000,20823,"p=1.0000, alpha=0.09 (pool)",128,1776885191
Rust,RustCrypto,ChaCha20-Poly1305,rustcrypto::chacha20poly1305::encrypt,constant_time,AdjacentNetwork,19,11948018998615915444,10000,0.223,rdtsc,0.000,tacet,pass,false,0.000000,10000,194,Pass (P=0.0%),128,1776885191
Rust,RustCrypto,ChaCha20-Poly1305,rustcrypto::chacha20poly1305::encrypt,constant_time,AdjacentNetwork,19,11948018998615915444,10000,0.223,rdtsc,0.000,dudect,fail,true,,11923,7,"max|t|=6.75, tau=-0.0618, threshold=4.5",128,1776885191
Rust,RustCrypto,ChaCha20-Poly1305,rustcrypto::chacha20poly1305::encrypt,constant_time,AdjacentNetwork,19,11948018998615915444,10000,0.223,rdtsc,0.000,tvla,pass,false,,20000,0,"|t|=0.15, threshold=4.5",128,1776885191
Rust,RustCrypto,ChaCha20-Poly1305,rustcrypto::chacha20poly1305::encrypt,constant_time,AdjacentNetwork,19,11948018998615915444,10000,0.223,rdtsc,0.000,silent,pass,false,,20000,828,"stat=-0.099, alpha=0.10, delta=1.0 (pool)",128,1776885192
Rust,RustCrypto,ChaCha20-Poly1305,rustcrypto::chacha20poly1305::encrypt,constant_time,AdjacentNetwork,19,11948018998615915444,10000,0.223,rdtsc,0.000,rtlf,pass,false,0.000000,20000,17671,"p=1.0000, alpha=0.09 (pool)",128,1776885209
Rust,RustCrypto,ChaCha20-Poly1305,rustcrypto::chacha20poly1305::encrypt,constant_time,AdjacentNetwork,19,11948018998615915444,10000,0.223,rdtsc,5.000,tacet,pass,false,0.000000,10000,238,Pass (P=0.0%),128,1776885210
Rust,RustCrypto,ChaCha20-Poly1305,rustcrypto::chacha20poly1305::encrypt,constant_time,AdjacentNetwork,19,11948018998615915444,10000,0.223,rdtsc,5.000,dudect,fail,true,,9833,9,"max|t|=6.52, tau=-0.0657, threshold=4.5",128,1776885210
Rust,RustCrypto,ChaCha20-Poly1305,rustcrypto::chacha20poly1305::encrypt,constant_time,AdjacentNetwork,19,11948018998615915444,10000,0.223,rdtsc,5.000,tvla,pass,false,,20000,0,"|t|=0.12, threshold=4.5",128,1776885210
Rust,RustCrypto,ChaCha20-Poly1305,rustcrypto::chacha20poly1305::encrypt,constant_time,AdjacentNetwork,19,11948018998615915444,10000,0.223,rdtsc,5.000,silent,fail,true,,20000,937,"stat=15.743, alpha=0.10, delta=1.0 (pool)",128,1776885211
Rust,RustCrypto,ChaCha20-Poly1305,rustcrypto::chacha20poly1305::encrypt,constant_time,AdjacentNetwork,19,11948018998615915444,10000,0.223,rdtsc,5.000,rtlf,pass,false,0.000000,20000,20940,"p=1.0000, alpha=0.09 (pool)",128,1776885232
Rust,RustCrypto,ChaCha20-Poly1305,rustcrypto::chacha20poly1305::encrypt,constant_time,AdjacentNetwork,20,2780936030735105152,10000,0.223,rdtsc,0.000,tacet,pass,false,0.000000,10000,191,Pass (P=0.0%),128,1776885232
Rust,RustCrypto,ChaCha20-Poly1305,rustcrypto::chacha20poly1305::encrypt,constant_time,AdjacentNetwork,20,2780936030735105152,10000,0.223,rdtsc,0.000,dudect,fail,true,,19958,7,"max|t|=6.41, tau=-0.0454, threshold=4.5",128,1776885232
Rust,RustCrypto,ChaCha20-Poly1305,rustcrypto::chacha20poly1305::encrypt,constant_time,AdjacentNetwork,20,2780936030735105152,10000,0.223,rdtsc,0.000,tvla,pass,false,,20000,0,"|t|=1.66, threshold=4.5",128,1776885232
Rust,RustCrypto,ChaCha20-Poly1305,rustcrypto::chacha20poly1305::encrypt,constant_time,AdjacentNetwork,20,2780936030735105152,10000,0.223,rdtsc,0.000,silent,pass,false,,20000,762,"stat=-0.021, alpha=0.10, delta=1.0 (pool)",128,1776885233
Rust,RustCrypto,ChaCha20-Poly1305,rustcrypto::chacha20poly1305::encrypt,constant_time,AdjacentNetwork,20,2780936030735105152,10000,0.223,rdtsc,0.000,rtlf,pass,false,0.000000,20000,17427,"p=1.0000, alpha=0.09 (pool)",128,1776885250
Rust,RustCrypto,ChaCha20-Poly1305,rustcrypto::chacha20poly1305::encrypt,constant_time,AdjacentNetwork,20,2780936030735105152,10000,0.223,rdtsc,5.000,tacet,pass,false,0.000000,10000,233,Pass (P=0.0%),128,1776885250
Rust,RustCrypto,ChaCha20-Poly1305,rustcrypto::chacha20poly1305::encrypt,constant_time,AdjacentNetwork,20,2780936030735105152,10000,0.223,rdtsc,5.000,dudect,fail,true,,19958,9,"max|t|=6.02, tau=-0.0426, threshold=4.5",128,1776885250
Rust,RustCrypto,ChaCha20-Poly1305,rustcrypto::chacha20poly1305::encrypt,constant_time,AdjacentNetwork,20,2780936030735105152,10000,0.223,rdtsc,5.000,tvla,pass,false,,20000,0,"|t|=1.66, threshold=4.5",128,1776885250
Rust,RustCrypto,ChaCha20-Poly1305,rustcrypto::chacha20poly1305::encrypt,constant_time,AdjacentNetwork,20,2780936030735105152,10000,0.223,rdtsc,5.000,silent,fail,true,,20000,788,"stat=9.193, alpha=0.10, delta=1.0 (pool)",128,1776885251
Rust,RustCrypto,ChaCha20-Poly1305,rustcrypto::chacha20poly1305::encrypt,constant_time,AdjacentNetwork,20,2780936030735105152,10000,0.223,rdtsc,5.000,rtlf,pass,false,0.000000,20000,20955,"p=1.0000, alpha=0.09 (pool)",128,1776885272
Rust,RustCrypto,SHA3-256,rustcrypto::sha3::sha3_256,constant_time,AdjacentNetwork,1,8503959229306082541,10000,0.223,rdtsc,0.000,tacet,pass,false,0.000000,10000,197,Pass (P=0.0%),111,1776885272
Rust,RustCrypto,SHA3-256,rustcrypto::sha3::sha3_256,constant_time,AdjacentNetwork,1,8503959229306082541,10000,0.223,rdtsc,0.000,dudect,fail,true,,19830,7,"max|t|=9.04, tau=-0.0642, threshold=4.5",111,1776885272
Rust,RustCrypto,SHA3-256,rustcrypto::sha3::sha3_256,constant_time,AdjacentNetwork,1,8503959229306082541,10000,0.223,rdtsc,0.000,tvla,pass,false,,20000,0,"|t|=0.26, threshold=4.5",111,1776885272
Rust,RustCrypto,SHA3-256,rustcrypto::sha3::sha3_256,constant_time,AdjacentNetwork,1,8503959229306082541,10000,0.223,rdtsc,0.000,silent,fail,true,,20000,756,"stat=21.824, alpha=0.10, delta=1.0 (pool)",111,1776885273
Rust,RustCrypto,SHA3-256,rustcrypto::sha3::sha3_256,constant_time,AdjacentNetwork,1,8503959229306082541,10000,0.223,rdtsc,0.000,rtlf,fail,true,1.000000,20000,17885,"p=0.0000, alpha=0.09 (pool)",111,1776885291
Rust,RustCrypto,SHA3-256,rustcrypto::sha3::sha3_256,constant_time,AdjacentNetwork,1,8503959229306082541,10000,0.223,rdtsc,5.000,tacet,pass,false,0.000000,10000,241,Pass (P=0.0%),111,1776885291
Rust,RustCrypto,SHA3-256,rustcrypto::sha3::sha3_256,constant_time,AdjacentNetwork,1,8503959229306082541,10000,0.223,rdtsc,5.000,dudect,fail,true,,19830,9,"max|t|=8.23, tau=-0.0584, threshold=4.5",111,1776885291
Rust,RustCrypto,SHA3-256,rustcrypto::sha3::sha3_256,constant_time,AdjacentNetwork,1,8503959229306082541,10000,0.223,rdtsc,5.000,tvla,pass,false,,20000,0,"|t|=0.23, threshold=4.5",111,1776885291
Rust,RustCrypto,SHA3-256,rustcrypto::sha3::sha3_256,constant_time,AdjacentNetwork,1,8503959229306082541,10000,0.223,rdtsc,5.000,silent,fail,true,,20000,785,"stat=179.023, alpha=0.10, delta=1.0 (pool)",111,1776885292
Rust,RustCrypto,SHA3-256,rustcrypto::sha3::sha3_256,constant_time,AdjacentNetwork,1,8503959229306082541,10000,0.223,rdtsc,5.000,rtlf,fail,true,1.000000,20000,20949,"p=0.0000, alpha=0.09 (pool)",111,1776885313
Rust,RustCrypto,SHA3-256,rustcrypto::sha3::sha3_256,constant_time,AdjacentNetwork,2,15197022792547380515,10000,0.223,rdtsc,0.000,tacet,pass,false,0.000000,10000,192,Pass (P=0.0%),111,1776885313
Rust,RustCrypto,SHA3-256,rustcrypto::sha3::sha3_256,constant_time,AdjacentNetwork,2,15197022792547380515,10000,0.223,rdtsc,0.000,dudect,fail,true,,19914,7,"max|t|=8.97, tau=-0.0636, threshold=4.5",111,1776885313
Rust,RustCrypto,SHA3-256,rustcrypto::sha3::sha3_256,constant_time,AdjacentNetwork,2,15197022792547380515,10000,0.223,rdtsc,0.000,tvla,pass,false,,20000,0,"|t|=2.85, threshold=4.5",111,1776885313
Rust,RustCrypto,SHA3-256,rustcrypto::sha3::sha3_256,constant_time,AdjacentNetwork,2,15197022792547380515,10000,0.223,rdtsc,0.000,silent,fail,true,,20000,742,"stat=4.987, alpha=0.10, delta=1.0 (pool)",111,1776885314
Rust,RustCrypto,SHA3-256,rustcrypto::sha3::sha3_256,constant_time,AdjacentNetwork,2,15197022792547380515,10000,0.223,rdtsc,0.000,rtlf,pass,false,0.000000,20000,17768,"p=1.0000, alpha=0.09 (pool)",111,1776885332
Rust,RustCrypto,SHA3-256,rustcrypto::sha3::sha3_256,constant_time,AdjacentNetwork,2,15197022792547380515,10000,0.223,rdtsc,5.000,tacet,pass,false,0.000000,10000,241,Pass (P=0.0%),111,1776885332
Rust,RustCrypto,SHA3-256,rustcrypto::sha3::sha3_256,constant_time,AdjacentNetwork,2,15197022792547380515,10000,0.223,rdtsc,5.000,dudect,fail,true,,19866,9,"max|t|=9.10, tau=-0.0646, threshold=4.5",111,1776885332
Rust,RustCrypto,SHA3-256,rustcrypto::sha3::sha3_256,constant_time,AdjacentNetwork,2,15197022792547380515,10000,0.223,rdtsc,5.000,tvla,pass,false,,20000,0,"|t|=2.89, threshold=4.5",111,1776885332
Rust,RustCrypto,SHA3-256,rustcrypto::sha3::sha3_256,constant_time,AdjacentNetwork,2,15197022792547380515,10000,0.223,rdtsc,5.000,silent,fail,true,,20000,772,"stat=87.098, alpha=0.10, delta=1.0 (pool)",111,1776885333
Rust,RustCrypto,SHA3-256,rustcrypto::sha3::sha3_256,constant_time,AdjacentNetwork,2,15197022792547380515,10000,0.223,rdtsc,5.000,rtlf,pass,false,0.000000,20000,21715,"p=1.0000, alpha=0.09 (pool)",111,1776885355
Rust,RustCrypto,SHA3-256,rustcrypto::sha3::sha3_256,constant_time,AdjacentNetwork,3,4083549850804976962,10000,0.223,rdtsc,0.000,tacet,pass,false,0.000000,10000,192,Pass (P=0.0%),114,1776885355
Rust,RustCrypto,SHA3-256,rustcrypto::sha3::sha3_256,constant_time,AdjacentNetwork,3,4083549850804976962,10000,0.223,rdtsc,0.000,dudect,pass,false,,19886,6,"max|t|=1.88, tau=-0.0133, threshold=4.5",114,1776885355
Rust,RustCrypto,SHA3-256,rustcrypto::sha3::sha3_256,constant_time,AdjacentNetwork,3,4083549850804976962,10000,0.223,rdtsc,0.000,tvla,pass,false,,20000,0,"|t|=1.31, threshold=4.5",114,1776885355
Rust,RustCrypto,SHA3-256,rustcrypto::sha3::sha3_256,constant_time,AdjacentNetwork,3,4083549850804976962,10000,0.223,rdtsc,0.000,silent,fail,true,,20000,819,"stat=0.000, alpha=0.10, delta=1.0 (pool)",114,1776885356
Rust,RustCrypto,SHA3-256,rustcrypto::sha3::sha3_256,constant_time,AdjacentNetwork,3,4083549850804976962,10000,0.223,rdtsc,0.000,rtlf,pass,false,0.000000,20000,17693,"p=1.0000, alpha=0.09 (pool)",114,1776885373
Rust,RustCrypto,SHA3-256,rustcrypto::sha3::sha3_256,constant_time,AdjacentNetwork,3,4083549850804976962,10000,0.223,rdtsc,5.000,tacet,pass,false,0.000000,10000,237,Pass (P=0.0%),114,1776885374
Rust,RustCrypto,SHA3-256,rustcrypto::sha3::sha3_256,constant_time,AdjacentNetwork,3,4083549850804976962,10000,0.223,rdtsc,5.000,dudect,pass,false,,5858,9,"max|t|=2.44, tau=0.0319, threshold=4.5",114,1776885374
Rust,RustCrypto,SHA3-256,rustcrypto::sha3::sha3_256,constant_time,AdjacentNetwork,3,4083549850804976962,10000,0.223,rdtsc,5.000,tvla,pass,false,,20000,0,"|t|=1.26, threshold=4.5",114,1776885374
Rust,RustCrypto,SHA3-256,rustcrypto::sha3::sha3_256,constant_time,AdjacentNetwork,3,4083549850804976962,10000,0.223,rdtsc,5.000,silent,pass,false,,20000,829,"stat=-2.713, alpha=0.10, delta=1.0 (pool)",114,1776885374
Rust,RustCrypto,SHA3-256,rustcrypto::sha3::sha3_256,constant_time,AdjacentNetwork,3,4083549850804976962,10000,0.223,rdtsc,5.000,rtlf,pass,false,0.000000,20000,21269,"p=1.0000, alpha=0.09 (pool)",114,1776885396
Rust,RustCrypto,SHA3-256,rustcrypto::sha3::sha3_256,constant_time,AdjacentNetwork,4,15505625688943421174,10000,0.223,rdtsc,0.000,tacet,pass,false,0.000000,10000,202,Pass (P=0.0%),111,1776885396
Rust,RustCrypto,SHA3-256,rustcrypto::sha3::sha3_256,constant_time,AdjacentNetwork,4,15505625688943421174,10000,0.223,rdtsc,0.000,dudect,fail,true,,12122,8,"max|t|=5.45, tau=-0.0495, threshold=4.5",111,1776885396
Rust,RustCrypto,SHA3-256,rustcrypto::sha3::sha3_256,constant_time,AdjacentNetwork,4,15505625688943421174,10000,0.223,rdtsc,0.000,tvla,pass,false,,20000,0,"|t|=0.31, threshold=4.5",111,1776885396
Rust,RustCrypto,SHA3-256,rustcrypto::sha3::sha3_256,constant_time,AdjacentNetwork,4,15505625688943421174,10000,0.223,rdtsc,0.000,silent,pass,false,,20000,761,"stat=0.041, alpha=0.10, delta=1.0 (pool)",111,1776885397
Rust,RustCrypto,SHA3-256,rustcrypto::sha3::sha3_256,constant_time,AdjacentNetwork,4,15505625688943421174,10000,0.223,rdtsc,0.000,rtlf,pass,false,0.000000,20000,18882,"p=1.0000, alpha=0.09 (pool)",111,1776885416
Rust,RustCrypto,SHA3-256,rustcrypto::sha3::sha3_256,constant_time,AdjacentNetwork,4,15505625688943421174,10000,0.223,rdtsc,5.000,tacet,pass,false,0.000000,10000,264,Pass (P=0.0%),111,1776885416
Rust,RustCrypto,SHA3-256,rustcrypto::sha3::sha3_256,constant_time,AdjacentNetwork,4,15505625688943421174,10000,0.223,rdtsc,5.000,dudect,fail,true,,12122,9,"max|t|=5.17, tau=-0.0470, threshold=4.5",111,1776885416
Rust,RustCrypto,SHA3-256,rustcrypto::sha3::sha3_256,constant_time,AdjacentNetwork,4,15505625688943421174,10000,0.223,rdtsc,5.000,tvla,pass,false,,20000,0,"|t|=0.32, threshold=4.5",111,1776885416
Rust,RustCrypto,SHA3-256,rustcrypto::sha3::sha3_256,constant_time,AdjacentNetwork,4,15505625688943421174,10000,0.223,rdtsc,5.000,silent,fail,true,,20000,797,"stat=27.158, alpha=0.10, delta=1.0 (pool)",111,1776885417
Rust,RustCrypto,SHA3-256,rustcrypto::sha3::sha3_256,constant_time,AdjacentNetwork,4,15505625688943421174,10000,0.223,rdtsc,5.000,rtlf,pass,false,0.000000,20000,21905,"p=1.0000, alpha=0.09 (pool)",111,1776885439
Rust,RustCrypto,SHA3-256,rustcrypto::sha3::sha3_256,constant_time,AdjacentNetwork,5,5739521062736212996,10000,0.223,rdtsc,0.000,tacet,pass,false,0.000000,10000,192,Pass (P=0.0%),111,1776885439
Rust,RustCrypto,SHA3-256,rustcrypto::sha3::sha3_256,constant_time,AdjacentNetwork,5,5739521062736212996,10000,0.223,rdtsc,0.000,dudect,fail,true,,14154,8,"max|t|=8.33, tau=-0.0701, threshold=4.5",111,1776885439
Rust,RustCrypto,SHA3-256,rustcrypto::sha3::sha3_256,constant_time,AdjacentNetwork,5,5739521062736212996,10000,0.223,rdtsc,0.000,tvla,pass,false,,20000,0,"|t|=1.47, threshold=4.5",111,1776885439
Rust,RustCrypto,SHA3-256,rustcrypto::sha3::sha3_256,constant_time,AdjacentNetwork,5,5739521062736212996,10000,0.223,rdtsc,0.000,silent,pass,false,,20000,997,"stat=0.002, alpha=0.10, delta=1.0 (pool)",111,1776885440
Rust,RustCrypto,SHA3-256,rustcrypto::sha3::sha3_256,constant_time,AdjacentNetwork,5,5739521062736212996,10000,0.223,rdtsc,0.000,rtlf,pass,false,0.000000,20000,17807,"p=1.0000, alpha=0.09 (pool)",111,1776885458
Rust,RustCrypto,SHA3-256,rustcrypto::sha3::sha3_256,constant_time,AdjacentNetwork,5,5739521062736212996,10000,0.223,rdtsc,5.000,tacet,pass,false,0.000000,10000,245,Pass (P=0.0%),111,1776885458
Rust,RustCrypto,SHA3-256,rustcrypto::sha3::sha3_256,constant_time,AdjacentNetwork,5,5739521062736212996,10000,0.223,rdtsc,5.000,dudect,fail,true,,12946,9,"max|t|=8.27, tau=-0.0727, threshold=4.5",111,1776885458
Rust,RustCrypto,SHA3-256,rustcrypto::sha3::sha3_256,constant_time,AdjacentNetwork,5,5739521062736212996,10000,0.223,rdtsc,5.000,tvla,pass,false,,20000,0,"|t|=1.52, threshold=4.5",111,1776885458
Rust,RustCrypto,SHA3-256,rustcrypto::sha3::sha3_256,constant_time,AdjacentNetwork,5,5739521062736212996,10000,0.223,rdtsc,5.000,silent,fail,true,,20000,1051,"stat=12.906, alpha=0.10, delta=1.0 (pool)",111,1776885459
Rust,RustCrypto,SHA3-256,rustcrypto::sha3::sha3_256,constant_time,AdjacentNetwork,5,5739521062736212996,10000,0.223,rdtsc,5.000,rtlf,fail,true,1.000000,20000,21356,"p=0.0000, alpha=0.09 (pool)",111,1776885480
Rust,RustCrypto,SHA3-256,rustcrypto::sha3::sha3_256,constant_time,AdjacentNetwork,6,3800147945491650744,10000,0.223,rdtsc,0.000,tacet,pass,false,0.000000,10000,176,Pass (P=0.0%),110,1776885481
Rust,RustCrypto,SHA3-256,rustcrypto::sha3::sha3_256,constant_time,AdjacentNetwork,6,3800147945491650744,10000,0.223,rdtsc,0.000,dudect,pass,false,,19940,6,"max|t|=3.56, tau=0.0252, threshold=4.5",110,1776885481
Rust,RustCrypto,SHA3-256,rustcrypto::sha3::sha3_256,constant_time,AdjacentNetwork,6,3800147945491650744,10000,0.223,rdtsc,0.000,tvla,pass,false,,20000,0,"|t|=0.84, threshold=4.5",110,1776885481
Rust,RustCrypto,SHA3-256,rustcrypto::sha3::sha3_256,constant_time,AdjacentNetwork,6,3800147945491650744,10000,0.223,rdtsc,0.000,silent,pass,false,,20000,895,"stat=-16.592, alpha=0.10, delta=1.0 (pool)",110,1776885482
Rust,RustCrypto,SHA3-256,rustcrypto::sha3::sha3_256,constant_time,AdjacentNetwork,6,3800147945491650744,10000,0.223,rdtsc,0.000,rtlf,pass,false,0.000000,20000,16574,"p=1.0000, alpha=0.09 (pool)",110,1776885498
Rust,RustCrypto,SHA3-256,rustcrypto::sha3::sha3_256,constant_time,AdjacentNetwork,6,3800147945491650744,10000,0.223,rdtsc,5.000,tacet,pass,false,0.000000,10000,227,Pass (P=0.0%),110,1776885498
Rust,RustCrypto,SHA3-256,rustcrypto::sha3::sha3_256,constant_time,AdjacentNetwork,6,3800147945491650744,10000,0.223,rdtsc,5.000,dudect,pass,false,,19940,8,"max|t|=2.78, tau=0.0197, threshold=4.5",110,1776885498
Rust,RustCrypto,SHA3-256,rustcrypto::sha3::sha3_256,constant_time,AdjacentNetwork,6,3800147945491650744,10000,0.223,rdtsc,5.000,tvla,pass,false,,20000,0,"|t|=0.78, threshold=4.5",110,1776885498
Rust,RustCrypto,SHA3-256,rustcrypto::sha3::sha3_256,constant_time,AdjacentNetwork,6,3800147945491650744,10000,0.223,rdtsc,5.000,silent,pass,false,,20000,910,"stat=2.218, alpha=0.10, delta=1.0 (pool)",110,1776885499
Rust,RustCrypto,SHA3-256,rustcrypto::sha3::sha3_256,constant_time,AdjacentNetwork,6,3800147945491650744,10000,0.223,rdtsc,5.000,rtlf,pass,false,0.000000,20000,20469,"p=1.0000, alpha=0.09 (pool)",110,1776885520
Rust,RustCrypto,SHA3-256,rustcrypto::sha3::sha3_256,constant_time,AdjacentNetwork,7,5685374411341844523,10000,0.223,rdtsc,0.000,tacet,pass,false,0.000000,10000,197,Pass (P=0.0%),111,1776885520
Rust,RustCrypto,SHA3-256,rustcrypto::sha3::sha3_256,constant_time,AdjacentNetwork,7,5685374411341844523,10000,0.223,rdtsc,0.000,dudect,pass,false,,18718,8,"max|t|=1.76, tau=-0.0129, threshold=4.5",111,1776885520
Rust,RustCrypto,SHA3-256,rustcrypto::sha3::sha3_256,constant_time,AdjacentNetwork,7,5685374411341844523,10000,0.223,rdtsc,0.000,tvla,pass,false,,20000,0,"|t|=1.15, threshold=4.5",111,1776885520
Rust,RustCrypto,SHA3-256,rustcrypto::sha3::sha3_256,constant_time,AdjacentNetwork,7,5685374411341844523,10000,0.223,rdtsc,0.000,silent,fail,true,,20000,899,"stat=304.106, alpha=0.10, delta=1.0 (pool)",111,1776885521
Rust,RustCrypto,SHA3-256,rustcrypto::sha3::sha3_256,constant_time,AdjacentNetwork,7,5685374411341844523,10000,0.223,rdtsc,0.000,rtlf,pass,false,0.000000,20000,18221,"p=1.0000, alpha=0.09 (pool)",111,1776885539
Rust,RustCrypto,SHA3-256,rustcrypto::sha3::sha3_256,constant_time,AdjacentNetwork,7,5685374411341844523,10000,0.223,rdtsc,5.000,tacet,pass,false,0.000000,10000,260,Pass (P=0.0%),111,1776885540
Rust,RustCrypto,SHA3-256,rustcrypto::sha3::sha3_256,constant_time,AdjacentNetwork,7,5685374411341844523,10000,0.223,rdtsc,5.000,dudect,pass,false,,18740,9,"max|t|=2.46, tau=-0.0179, threshold=4.5",111,1776885540
Rust,RustCrypto,SHA3-256,rustcrypto::sha3::sha3_256,constant_time,AdjacentNetwork,7,5685374411341844523,10000,0.223,rdtsc,5.000,tvla,pass,false,,20000,0,"|t|=1.05, threshold=4.5",111,1776885540
Rust,RustCrypto,SHA3-256,rustcrypto::sha3::sha3_256,constant_time,AdjacentNetwork,7,5685374411341844523,10000,0.223,rdtsc,5.000,silent,fail,true,,20000,806,"stat=15.872, alpha=0.10, delta=1.0 (pool)",111,1776885540
Rust,RustCrypto,SHA3-256,rustcrypto::sha3::sha3_256,constant_time,AdjacentNetwork,7,5685374411341844523,10000,0.223,rdtsc,5.000,rtlf,pass,false,0.000000,20000,22081,"p=1.0000, alpha=0.09 (pool)",111,1776885562
Rust,RustCrypto,SHA3-256,rustcrypto::sha3::sha3_256,constant_time,AdjacentNetwork,8,6380062987332878367,10000,0.223,rdtsc,0.000,tacet,pass,false,0.000000,10000,213,Pass (P=0.0%),111,1776885563
Rust,RustCrypto,SHA3-256,rustcrypto::sha3::sha3_256,constant_time,AdjacentNetwork,8,6380062987332878367,10000,0.223,rdtsc,0.000,dudect,pass,false,,19497,8,"max|t|=2.13, tau=-0.0152, threshold=4.5",111,1776885563
Rust,RustCrypto,SHA3-256,rustcrypto::sha3::sha3_256,constant_time,AdjacentNetwork,8,6380062987332878367,10000,0.223,rdtsc,0.000,tvla,pass,false,,20000,0,"|t|=0.51, threshold=4.5",111,1776885563
Rust,RustCrypto,SHA3-256,rustcrypto::sha3::sha3_256,constant_time,AdjacentNetwork,8,6380062987332878367,10000,0.223,rdtsc,0.000,silent,pass,false,,20000,771,"stat=-0.284, alpha=0.10, delta=1.0 (pool)",111,1776885564
Rust,RustCrypto,SHA3-256,rustcrypto::sha3::sha3_256,constant_time,AdjacentNetwork,8,6380062987332878367,10000,0.223,rdtsc,0.000,rtlf,pass,false,0.000000,20000,19707,"p=1.0000, alpha=0.09 (pool)",111,1776885583
Rust,RustCrypto,SHA3-256,rustcrypto::sha3::sha3_256,constant_time,AdjacentNetwork,8,6380062987332878367,10000,0.223,rdtsc,5.000,tacet,pass,false,0.000000,10000,278,Pass (P=0.0%),111,1776885584
Rust,RustCrypto,SHA3-256,rustcrypto::sha3::sha3_256,constant_time,AdjacentNetwork,8,6380062987332878367,10000,0.223,rdtsc,5.000,dudect,pass,false,,13053,9,"max|t|=2.20, tau=0.0193, threshold=4.5",111,1776885584
Rust,RustCrypto,SHA3-256,rustcrypto::sha3::sha3_256,constant_time,AdjacentNetwork,8,6380062987332878367,10000,0.223,rdtsc,5.000,tvla,pass,false,,20000,0,"|t|=0.54, threshold=4.5",111,1776885584
Rust,RustCrypto,SHA3-256,rustcrypto::sha3::sha3_256,constant_time,AdjacentNetwork,8,6380062987332878367,10000,0.223,rdtsc,5.000,silent,fail,true,,20000,805,"stat=151.643, alpha=0.10, delta=1.0 (pool)",111,1776885584
Rust,RustCrypto,SHA3-256,rustcrypto::sha3::sha3_256,constant_time,AdjacentNetwork,8,6380062987332878367,10000,0.223,rdtsc,5.000,rtlf,pass,false,0.000000,20000,23025,"p=1.0000, alpha=0.09 (pool)",111,1776885607
Rust,RustCrypto,SHA3-256,rustcrypto::sha3::sha3_256,constant_time,AdjacentNetwork,9,12792246672741076588,10000,0.223,rdtsc,0.000,tacet,pass,false,0.000000,10000,203,Pass (P=0.0%),111,1776885608
Rust,RustCrypto,SHA3-256,rustcrypto::sha3::sha3_256,constant_time,AdjacentNetwork,9,12792246672741076588,10000,0.223,rdtsc,0.000,dudect,pass,false,,6952,8,"max|t|=2.36, tau=-0.0284, threshold=4.5",111,1776885608
Rust,RustCrypto,SHA3-256,rustcrypto::sha3::sha3_256,constant_time,AdjacentNetwork,9,12792246672741076588,10000,0.223,rdtsc,0.000,tvla,pass,false,,20000,0,"|t|=2.24, threshold=4.5",111,1776885608
Rust,RustCrypto,SHA3-256,rustcrypto::sha3::sha3_256,constant_time,AdjacentNetwork,9,12792246672741076588,10000,0.223,rdtsc,0.000,silent,pass,false,,20000,760,"stat=-12.658, alpha=0.10, delta=1.0 (pool)",111,1776885608
Rust,RustCrypto,SHA3-256,rustcrypto::sha3::sha3_256,constant_time,AdjacentNetwork,9,12792246672741076588,10000,0.223,rdtsc,0.000,rtlf,pass,false,0.000000,20000,19410,"p=1.0000, alpha=0.09 (pool)",111,1776885628
Rust,RustCrypto,SHA3-256,rustcrypto::sha3::sha3_256,constant_time,AdjacentNetwork,9,12792246672741076588,10000,0.223,rdtsc,5.000,tacet,pass,false,0.000000,10000,259,Pass (P=0.0%),111,1776885628
Rust,RustCrypto,SHA3-256,rustcrypto::sha3::sha3_256,constant_time,AdjacentNetwork,9,12792246672741076588,10000,0.223,rdtsc,5.000,dudect,pass,false,,6412,9,"max|t|=3.09, tau=-0.0386, threshold=4.5",111,1776885628
Rust,RustCrypto,SHA3-256,rustcrypto::sha3::sha3_256,constant_time,AdjacentNetwork,9,12792246672741076588,10000,0.223,rdtsc,5.000,tvla,pass,false,,20000,0,"|t|=2.26, threshold=4.5",111,1776885628
Rust,RustCrypto,SHA3-256,rustcrypto::sha3::sha3_256,constant_time,AdjacentNetwork,9,12792246672741076588,10000,0.223,rdtsc,5.000,silent,fail,true,,20000,766,"stat=100.837, alpha=0.10, delta=1.0 (pool)",111,1776885629
Rust,RustCrypto,SHA3-256,rustcrypto::sha3::sha3_256,constant_time,AdjacentNetwork,9,12792246672741076588,10000,0.223,rdtsc,5.000,rtlf,pass,false,0.000000,20000,22080,"p=1.0000, alpha=0.09 (pool)",111,1776885651
Rust,RustCrypto,SHA3-256,rustcrypto::sha3::sha3_256,constant_time,AdjacentNetwork,10,9147022077598547721,10000,0.223,rdtsc,0.000,tacet,pass,false,0.000000,10000,186,Pass (P=0.0%),111,1776885651
Rust,RustCrypto,SHA3-256,rustcrypto::sha3::sha3_256,constant_time,AdjacentNetwork,10,9147022077598547721,10000,0.223,rdtsc,0.000,dudect,pass,false,,19800,7,"max|t|=2.96, tau=-0.0210, threshold=4.5",111,1776885651
Rust,RustCrypto,SHA3-256,rustcrypto::sha3::sha3_256,constant_time,AdjacentNetwork,10,9147022077598547721,10000,0.223,rdtsc,0.000,tvla,pass,false,,20000,0,"|t|=0.22, threshold=4.5",111,1776885651
Rust,RustCrypto,SHA3-256,rustcrypto::sha3::sha3_256,constant_time,AdjacentNetwork,10,9147022077598547721,10000,0.223,rdtsc,0.000,silent,pass,false,,20000,746,"stat=-18.689, alpha=0.10, delta=1.0 (pool)",111,1776885652
Rust,RustCrypto,SHA3-256,rustcrypto::sha3::sha3_256,constant_time,AdjacentNetwork,10,9147022077598547721,10000,0.223,rdtsc,0.000,rtlf,pass,false,0.000000,20000,17422,"p=1.0000, alpha=0.09 (pool)",111,1776885669
Rust,RustCrypto,SHA3-256,rustcrypto::sha3::sha3_256,constant_time,AdjacentNetwork,10,9147022077598547721,10000,0.223,rdtsc,5.000,tacet,pass,false,0.000000,10000,235,Pass (P=0.0%),111,1776885670
Rust,RustCrypto,SHA3-256,rustcrypto::sha3::sha3_256,constant_time,AdjacentNetwork,10,9147022077598547721,10000,0.223,rdtsc,5.000,dudect,pass,false,,19800,9,"max|t|=2.76, tau=-0.0196, threshold=4.5",111,1776885670
Rust,RustCrypto,SHA3-256,rustcrypto::sha3::sha3_256,constant_time,AdjacentNetwork,10,9147022077598547721,10000,0.223,rdtsc,5.000,tvla,pass,false,,20000,0,"|t|=0.20, threshold=4.5",111,1776885670
Rust,RustCrypto,SHA3-256,rustcrypto::sha3::sha3_256,constant_time,AdjacentNetwork,10,9147022077598547721,10000,0.223,rdtsc,5.000,silent,pass,false,,20000,767,"stat=-0.628, alpha=0.10, delta=1.0 (pool)",111,1776885670
Rust,RustCrypto,SHA3-256,rustcrypto::sha3::sha3_256,constant_time,AdjacentNetwork,10,9147022077598547721,10000,0.223,rdtsc,5.000,rtlf,pass,false,0.000000,20000,20989,"p=1.0000, alpha=0.09 (pool)",111,1776885691
Rust,RustCrypto,SHA3-256,rustcrypto::sha3::sha3_256,constant_time,AdjacentNetwork,11,2615615055781362116,10000,0.223,rdtsc,0.000,tacet,pass,false,0.000000,10000,174,Pass (P=0.0%),110,1776885692
Rust,RustCrypto,SHA3-256,rustcrypto::sha3::sha3_256,constant_time,AdjacentNetwork,11,2615615055781362116,10000,0.223,rdtsc,0.000,dudect,pass,false,,19204,6,"max|t|=2.76, tau=-0.0199, threshold=4.5",110,1776885692
Rust,RustCrypto,SHA3-256,rustcrypto::sha3::sha3_256,constant_time,AdjacentNetwork,11,2615615055781362116,10000,0.223,rdtsc,0.000,tvla,pass,false,,20000,0,"|t|=0.05, threshold=4.5",110,1776885692
Rust,RustCrypto,SHA3-256,rustcrypto::sha3::sha3_256,constant_time,AdjacentNetwork,11,2615615055781362116,10000,0.223,rdtsc,0.000,silent,pass,false,,20000,755,"stat=-23.171, alpha=0.10, delta=1.0 (pool)",110,1776885693
Rust,RustCrypto,SHA3-256,rustcrypto::sha3::sha3_256,constant_time,AdjacentNetwork,11,2615615055781362116,10000,0.223,rdtsc,0.000,rtlf,pass,false,0.000000,20000,16669,"p=1.0000, alpha=0.09 (pool)",110,1776885709
Rust,RustCrypto,SHA3-256,rustcrypto::sha3::sha3_256,constant_time,AdjacentNetwork,11,2615615055781362116,10000,0.223,rdtsc,5.000,tacet,pass,false,0.000000,10000,225,Pass (P=0.0%),110,1776885709
Rust,RustCrypto,SHA3-256,rustcrypto::sha3::sha3_256,constant_time,AdjacentNetwork,11,2615615055781362116,10000,0.223,rdtsc,5.000,dudect,pass,false,,7627,8,"max|t|=2.98, tau=-0.0341, threshold=4.5",110,1776885709
Rust,RustCrypto,SHA3-256,rustcrypto::sha3::sha3_256,constant_time,AdjacentNetwork,11,2615615055781362116,10000,0.223,rdtsc,5.000,tvla,pass,false,,20000,0,"|t|=0.08, threshold=4.5",110,1776885709
Rust,RustCrypto,SHA3-256,rustcrypto::sha3::sha3_256,constant_time,AdjacentNetwork,11,2615615055781362116,10000,0.223,rdtsc,5.000,silent,fail,true,,20000,781,"stat=3.842, alpha=0.10, delta=1.0 (pool)",110,1776885710
Rust,RustCrypto,SHA3-256,rustcrypto::sha3::sha3_256,constant_time,AdjacentNetwork,11,2615615055781362116,10000,0.223,rdtsc,5.000,rtlf,pass,false,0.000000,20000,20822,"p=1.0000, alpha=0.09 (pool)",110,1776885731
Rust,RustCrypto,SHA3-256,rustcrypto::sha3::sha3_256,constant_time,AdjacentNetwork,12,6606426041303358159,10000,0.223,rdtsc,0.000,tacet,pass,false,0.000000,10000,217,Pass (P=0.0%),111,1776885731
Rust,RustCrypto,SHA3-256,rustcrypto::sha3::sha3_256,constant_time,AdjacentNetwork,12,6606426041303358159,10000,0.223,rdtsc,0.000,dudect,pass,false,,18385,8,"max|t|=2.72, tau=-0.0200, threshold=4.5",111,1776885731
Rust,RustCrypto,SHA3-256,rustcrypto::sha3::sha3_256,constant_time,AdjacentNetwork,12,6606426041303358159,10000,0.223,rdtsc,0.000,tvla,pass,false,,20000,0,"|t|=0.95, threshold=4.5",111,1776885731
Rust,RustCrypto,SHA3-256,rustcrypto::sha3::sha3_256,constant_time,AdjacentNetwork,12,6606426041303358159,10000,0.223,rdtsc,0.000,silent,fail,true,,20000,776,"stat=20.214, alpha=0.10, delta=1.0 (pool)",111,1776885732
Rust,RustCrypto,SHA3-256,rustcrypto::sha3::sha3_256,constant_time,AdjacentNetwork,12,6606426041303358159,10000,0.223,rdtsc,0.000,rtlf,pass,false,0.000000,20000,19402,"p=1.0000, alpha=0.09 (pool)",111,1776885752
Rust,RustCrypto,SHA3-256,rustcrypto::sha3::sha3_256,constant_time,AdjacentNetwork,12,6606426041303358159,10000,0.223,rdtsc,5.000,tacet,pass,false,0.000000,10000,268,Pass (P=0.0%),111,1776885752
Rust,RustCrypto,SHA3-256,rustcrypto::sha3::sha3_256,constant_time,AdjacentNetwork,12,6606426041303358159,10000,0.223,rdtsc,5.000,dudect,pass,false,,18284,9,"max|t|=2.99, tau=-0.0221, threshold=4.5",111,1776885752
Rust,RustCrypto,SHA3-256,rustcrypto::sha3::sha3_256,constant_time,AdjacentNetwork,12,6606426041303358159,10000,0.223,rdtsc,5.000,tvla,pass,false,,20000,0,"|t|=0.96, threshold=4.5",111,1776885752
Rust,RustCrypto,SHA3-256,rustcrypto::sha3::sha3_256,constant_time,AdjacentNetwork,12,6606426041303358159,10000,0.223,rdtsc,5.000,silent,fail,true,,20000,922,"stat=476.624, alpha=0.10, delta=1.0 (pool)",111,1776885753
Rust,RustCrypto,SHA3-256,rustcrypto::sha3::sha3_256,constant_time,AdjacentNetwork,12,6606426041303358159,10000,0.223,rdtsc,5.000,rtlf,pass,false,0.000000,20000,22158,"p=1.0000, alpha=0.09 (pool)",111,1776885775
Rust,RustCrypto,SHA3-256,rustcrypto::sha3::sha3_256,constant_time,AdjacentNetwork,13,11617027028038477913,10000,0.223,rdtsc,0.000,tacet,pass,false,0.000000,10000,242,Pass (P=0.0%),114,1776885775
Rust,RustCrypto,SHA3-256,rustcrypto::sha3::sha3_256,constant_time,AdjacentNetwork,13,11617027028038477913,10000,0.223,rdtsc,0.000,dudect,pass,false,,17931,9,"max|t|=2.22, tau=0.0166, threshold=4.5",114,1776885775
Rust,RustCrypto,SHA3-256,rustcrypto::sha3::sha3_256,constant_time,AdjacentNetwork,13,11617027028038477913,10000,0.223,rdtsc,0.000,tvla,pass,false,,20000,0,"|t|=0.22, threshold=4.5",114,1776885775
Rust,RustCrypto,SHA3-256,rustcrypto::sha3::sha3_256,constant_time,AdjacentNetwork,13,11617027028038477913,10000,0.223,rdtsc,0.000,silent,fail,true,,20000,806,"stat=5.848, alpha=0.10, delta=1.0 (pool)",114,1776885776
Rust,RustCrypto,SHA3-256,rustcrypto::sha3::sha3_256,constant_time,AdjacentNetwork,13,11617027028038477913,10000,0.223,rdtsc,0.000,rtlf,pass,false,0.000000,20000,21427,"p=1.0000, alpha=0.09 (pool)",114,1776885798
Rust,RustCrypto,SHA3-256,rustcrypto::sha3::sha3_256,constant_time,AdjacentNetwork,13,11617027028038477913,10000,0.223,rdtsc,5.000,tacet,pass,false,0.000000,10000,330,Pass (P=0.0%),114,1776885798
Rust,RustCrypto,SHA3-256,rustcrypto::sha3::sha3_256,constant_time,AdjacentNetwork,13,11617027028038477913,10000,0.223,rdtsc,5.000,dudect,pass,false,,17931,9,"max|t|=2.19, tau=0.0164, threshold=4.5",114,1776885798
Rust,RustCrypto,SHA3-256,rustcrypto::sha3::sha3_256,constant_time,AdjacentNetwork,13,11617027028038477913,10000,0.223,rdtsc,5.000,tvla,pass,false,,20000,0,"|t|=0.20, threshold=4.5",114,1776885798
Rust,RustCrypto,SHA3-256,rustcrypto::sha3::sha3_256,constant_time,AdjacentNetwork,13,11617027028038477913,10000,0.223,rdtsc,5.000,silent,fail,true,,20000,858,"stat=26.022, alpha=0.10, delta=1.0 (pool)",114,1776885799
Rust,RustCrypto,SHA3-256,rustcrypto::sha3::sha3_256,constant_time,AdjacentNetwork,13,11617027028038477913,10000,0.223,rdtsc,5.000,rtlf,fail,true,1.000000,20000,24145,"p=0.0000, alpha=0.09 (pool)",114,1776885823
Rust,RustCrypto,SHA3-256,rustcrypto::sha3::sha3_256,constant_time,AdjacentNetwork,14,9451648502073416850,10000,0.223,rdtsc,0.000,tacet,pass,false,0.000000,10000,205,Pass (P=0.0%),111,1776885823
Rust,RustCrypto,SHA3-256,rustcrypto::sha3::sha3_256,constant_time,AdjacentNetwork,14,9451648502073416850,10000,0.223,rdtsc,0.000,dudect,fail,true,,11451,8,"max|t|=6.77, tau=-0.0633, threshold=4.5",111,1776885823
Rust,RustCrypto,SHA3-256,rustcrypto::sha3::sha3_256,constant_time,AdjacentNetwork,14,9451648502073416850,10000,0.223,rdtsc,0.000,tvla,pass,false,,20000,0,"|t|=1.82, threshold=4.5",111,1776885823
Rust,RustCrypto,SHA3-256,rustcrypto::sha3::sha3_256,constant_time,AdjacentNetwork,14,9451648502073416850,10000,0.223,rdtsc,0.000,silent,fail,true,,20000,772,"stat=3322.655, alpha=0.10, delta=1.0 (pool)",111,1776885824
Rust,RustCrypto,SHA3-256,rustcrypto::sha3::sha3_256,constant_time,AdjacentNetwork,14,9451648502073416850,10000,0.223,rdtsc,0.000,rtlf,pass,false,0.000000,20000,18798,"p=1.0000, alpha=0.09 (pool)",111,1776885843
Rust,RustCrypto,SHA3-256,rustcrypto::sha3::sha3_256,constant_time,AdjacentNetwork,14,9451648502073416850,10000,0.223,rdtsc,5.000,tacet,pass,false,0.000000,10000,259,Pass (P=0.0%),111,1776885843
Rust,RustCrypto,SHA3-256,rustcrypto::sha3::sha3_256,constant_time,AdjacentNetwork,14,9451648502073416850,10000,0.223,rdtsc,5.000,dudect,fail,true,,11451,9,"max|t|=6.72, tau=-0.0628, threshold=4.5",111,1776885843
Rust,RustCrypto,SHA3-256,rustcrypto::sha3::sha3_256,constant_time,AdjacentNetwork,14,9451648502073416850,10000,0.223,rdtsc,5.000,tvla,pass,false,,20000,0,"|t|=1.80, threshold=4.5",111,1776885843
Rust,RustCrypto,SHA3-256,rustcrypto::sha3::sha3_256,constant_time,AdjacentNetwork,14,9451648502073416850,10000,0.223,rdtsc,5.000,silent,fail,true,,20000,785,"stat=619.019, alpha=0.10, delta=1.0 (pool)",111,1776885844
Rust,RustCrypto,SHA3-256,rustcrypto::sha3::sha3_256,constant_time,AdjacentNetwork,14,9451648502073416850,10000,0.223,rdtsc,5.000,rtlf,pass,false,0.000000,20000,22007,"p=1.0000, alpha=0.09 (pool)",111,1776885866
Rust,RustCrypto,SHA3-256,rustcrypto::sha3::sha3_256,constant_time,AdjacentNetwork,15,11432976677020696693,10000,0.223,rdtsc,0.000,tacet,pass,false,0.000000,10000,198,Pass (P=0.0%),111,1776885866
Rust,RustCrypto,SHA3-256,rustcrypto::sha3::sha3_256,constant_time,AdjacentNetwork,15,11432976677020696693,10000,0.223,rdtsc,0.000,dudect,pass,false,,19932,7,"max|t|=2.90, tau=0.0206, threshold=4.5",111,1776885866
Rust,RustCrypto,SHA3-256,rustcrypto::sha3::sha3_256,constant_time,AdjacentNetwork,15,11432976677020696693,10000,0.223,rdtsc,0.000,tvla,pass,false,,20000,0,"|t|=0.86, threshold=4.5",111,1776885866
Rust,RustCrypto,SHA3-256,rustcrypto::sha3::sha3_256,constant_time,AdjacentNetwork,15,11432976677020696693,10000,0.223,rdtsc,0.000,silent,pass,false,,20000,739,"stat=-19.257, alpha=0.10, delta=1.0 (pool)",111,1776885867
Rust,RustCrypto,SHA3-256,rustcrypto::sha3::sha3_256,constant_time,AdjacentNetwork,15,11432976677020696693,10000,0.223,rdtsc,0.000,rtlf,pass,false,0.000000,20000,17618,"p=1.0000, alpha=0.09 (pool)",111,1776885884
Rust,RustCrypto,SHA3-256,rustcrypto::sha3::sha3_256,constant_time,AdjacentNetwork,15,11432976677020696693,10000,0.223,rdtsc,5.000,tacet,pass,false,0.000000,10000,243,Pass (P=0.0%),111,1776885885
Rust,RustCrypto,SHA3-256,rustcrypto::sha3::sha3_256,constant_time,AdjacentNetwork,15,11432976677020696693,10000,0.223,rdtsc,5.000,dudect,pass,false,,19931,9,"max|t|=2.29, tau=0.0162, threshold=4.5",111,1776885885
Rust,RustCrypto,SHA3-256,rustcrypto::sha3::sha3_256,constant_time,AdjacentNetwork,15,11432976677020696693,10000,0.223,rdtsc,5.000,tvla,pass,false,,20000,0,"|t|=0.82, threshold=4.5",111,1776885885
Rust,RustCrypto,SHA3-256,rustcrypto::sha3::sha3_256,constant_time,AdjacentNetwork,15,11432976677020696693,10000,0.223,rdtsc,5.000,silent,pass,false,,20000,921,"stat=-3.802, alpha=0.10, delta=1.0 (pool)",111,1776885886
Rust,RustCrypto,SHA3-256,rustcrypto::sha3::sha3_256,constant_time,AdjacentNetwork,15,11432976677020696693,10000,0.223,rdtsc,5.000,rtlf,pass,false,0.000000,20000,21299,"p=1.0000, alpha=0.09 (pool)",111,1776885907
Rust,RustCrypto,SHA3-256,rustcrypto::sha3::sha3_256,constant_time,AdjacentNetwork,16,5487166539585629462,10000,0.223,rdtsc,0.000,tacet,pass,false,0.000000,10000,196,Pass (P=0.0%),111,1776885907
Rust,RustCrypto,SHA3-256,rustcrypto::sha3::sha3_256,constant_time,AdjacentNetwork,16,5487166539585629462,10000,0.223,rdtsc,0.000,dudect,pass,false,,19472,7,"max|t|=2.13, tau=-0.0153, threshold=4.5",111,1776885907
Rust,RustCrypto,SHA3-256,rustcrypto::sha3::sha3_256,constant_time,AdjacentNetwork,16,5487166539585629462,10000,0.223,rdtsc,0.000,tvla,pass,false,,20000,0,"|t|=0.11, threshold=4.5",111,1776885907
Rust,RustCrypto,SHA3-256,rustcrypto::sha3::sha3_256,constant_time,AdjacentNetwork,16,5487166539585629462,10000,0.223,rdtsc,0.000,silent,pass,false,,20000,903,"stat=-0.164, alpha=0.10, delta=1.0 (pool)",111,1776885908
Rust,RustCrypto,SHA3-256,rustcrypto::sha3::sha3_256,constant_time,AdjacentNetwork,16,5487166539585629462,10000,0.223,rdtsc,0.000,rtlf,pass,false,0.000000,20000,17947,"p=1.0000, alpha=0.09 (pool)",111,1776885926
Rust,RustCrypto,SHA3-256,rustcrypto::sha3::sha3_256,constant_time,AdjacentNetwork,16,5487166539585629462,10000,0.223,rdtsc,5.000,tacet,pass,false,0.000000,10000,250,Pass (P=0.0%),111,1776885926
Rust,RustCrypto,SHA3-256,rustcrypto::sha3::sha3_256,constant_time,AdjacentNetwork,16,5487166539585629462,10000,0.223,rdtsc,5.000,dudect,pass,false,,19483,9,"max|t|=2.14, tau=-0.0154, threshold=4.5",111,1776885926
Rust,RustCrypto,SHA3-256,rustcrypto::sha3::sha3_256,constant_time,AdjacentNetwork,16,5487166539585629462,10000,0.223,rdtsc,5.000,tvla,pass,false,,20000,0,"|t|=0.12, threshold=4.5",111,1776885926
Rust,RustCrypto,SHA3-256,rustcrypto::sha3::sha3_256,constant_time,AdjacentNetwork,16,5487166539585629462,10000,0.223,rdtsc,5.000,silent,pass,false,,20000,977,"stat=0.036, alpha=0.10, delta=1.0 (pool)",111,1776885927
Rust,RustCrypto,SHA3-256,rustcrypto::sha3::sha3_256,constant_time,AdjacentNetwork,16,5487166539585629462,10000,0.223,rdtsc,5.000,rtlf,pass,false,0.000000,20000,21723,"p=1.0000, alpha=0.09 (pool)",111,1776885949
Rust,RustCrypto,SHA3-256,rustcrypto::sha3::sha3_256,constant_time,AdjacentNetwork,17,7807479847639371279,10000,0.223,rdtsc,0.000,tacet,pass,false,0.000000,10000,214,Pass (P=0.0%),111,1776885949
Rust,RustCrypto,SHA3-256,rustcrypto::sha3::sha3_256,constant_time,AdjacentNetwork,17,7807479847639371279,10000,0.223,rdtsc,0.000,dudect,pass,false,,19838,8,"max|t|=2.01, tau=0.0143, threshold=4.5",111,1776885949
Rust,RustCrypto,SHA3-256,rustcrypto::sha3::sha3_256,constant_time,AdjacentNetwork,17,7807479847639371279,10000,0.223,rdtsc,0.000,tvla,pass,false,,20000,0,"|t|=0.54, threshold=4.5",111,1776885949
Rust,RustCrypto,SHA3-256,rustcrypto::sha3::sha3_256,constant_time,AdjacentNetwork,17,7807479847639371279,10000,0.223,rdtsc,0.000,silent,pass,false,,20000,1028,"stat=0.240, alpha=0.10, delta=1.0 (pool)",111,1776885950
Rust,RustCrypto,SHA3-256,rustcrypto::sha3::sha3_256,constant_time,AdjacentNetwork,17,7807479847639371279,10000,0.223,rdtsc,0.000,rtlf,pass,false,0.000000,20000,19325,"p=1.0000, alpha=0.09 (pool)",111,1776885970
Rust,RustCrypto,SHA3-256,rustcrypto::sha3::sha3_256,constant_time,AdjacentNetwork,17,7807479847639371279,10000,0.223,rdtsc,5.000,tacet,pass,false,0.000000,10000,265,Pass (P=0.0%),111,1776885970
Rust,RustCrypto,SHA3-256,rustcrypto::sha3::sha3_256,constant_time,AdjacentNetwork,17,7807479847639371279,10000,0.223,rdtsc,5.000,dudect,pass,false,,19940,9,"max|t|=2.39, tau=0.0169, threshold=4.5",111,1776885970
Rust,RustCrypto,SHA3-256,rustcrypto::sha3::sha3_256,constant_time,AdjacentNetwork,17,7807479847639371279,10000,0.223,rdtsc,5.000,tvla,pass,false,,20000,0,"|t|=0.53, threshold=4.5",111,1776885970
Rust,RustCrypto,SHA3-256,rustcrypto::sha3::sha3_256,constant_time,AdjacentNetwork,17,7807479847639371279,10000,0.223,rdtsc,5.000,silent,fail,true,,20000,912,"stat=59.109, alpha=0.10, delta=1.0 (pool)",111,1776885971
Rust,RustCrypto,SHA3-256,rustcrypto::sha3::sha3_256,constant_time,AdjacentNetwork,17,7807479847639371279,10000,0.223,rdtsc,5.000,rtlf,pass,false,0.000000,20000,22621,"p=1.0000, alpha=0.09 (pool)",111,1776885994
Rust,RustCrypto,SHA3-256,rustcrypto::sha3::sha3_256,constant_time,AdjacentNetwork,18,4136601384764100454,10000,0.223,rdtsc,0.000,tacet,pass,false,0.000000,10000,209,Pass (P=0.0%),111,1776885994
Rust,RustCrypto,SHA3-256,rustcrypto::sha3::sha3_256,constant_time,AdjacentNetwork,18,4136601384764100454,10000,0.223,rdtsc,0.000,dudect,pass,false,,19881,8,"max|t|=4.34, tau=-0.0308, threshold=4.5",111,1776885994
Rust,RustCrypto,SHA3-256,rustcrypto::sha3::sha3_256,constant_time,AdjacentNetwork,18,4136601384764100454,10000,0.223,rdtsc,0.000,tvla,pass,false,,20000,0,"|t|=0.67, threshold=4.5",111,1776885994
Rust,RustCrypto,SHA3-256,rustcrypto::sha3::sha3_256,constant_time,AdjacentNetwork,18,4136601384764100454,10000,0.223,rdtsc,0.000,silent,fail,true,,20000,921,"stat=34.261, alpha=0.10, delta=1.0 (pool)",111,1776885995
Rust,RustCrypto,SHA3-256,rustcrypto::sha3::sha3_256,constant_time,AdjacentNetwork,18,4136601384764100454,10000,0.223,rdtsc,0.000,rtlf,pass,false,0.000000,20000,19265,"p=1.0000, alpha=0.09 (pool)",111,1776886014
Rust,RustCrypto,SHA3-256,rustcrypto::sha3::sha3_256,constant_time,AdjacentNetwork,18,4136601384764100454,10000,0.223,rdtsc,5.000,tacet,pass,false,0.000000,10000,261,Pass (P=0.0%),111,1776886014
Rust,RustCrypto,SHA3-256,rustcrypto::sha3::sha3_256,constant_time,AdjacentNetwork,18,4136601384764100454,10000,0.223,rdtsc,5.000,dudect,pass,false,,19558,9,"max|t|=4.19, tau=-0.0300, threshold=4.5",111,1776886014
Rust,RustCrypto,SHA3-256,rustcrypto::sha3::sha3_256,constant_time,AdjacentNetwork,18,4136601384764100454,10000,0.223,rdtsc,5.000,tvla,pass,false,,20000,0,"|t|=0.63, threshold=4.5",111,1776886014
Rust,RustCrypto,SHA3-256,rustcrypto::sha3::sha3_256,constant_time,AdjacentNetwork,18,4136601384764100454,10000,0.223,rdtsc,5.000,silent,fail,true,,20000,1102,"stat=233.221, alpha=0.10, delta=1.0 (pool)",111,1776886015
Rust,RustCrypto,SHA3-256,rustcrypto::sha3::sha3_256,constant_time,AdjacentNetwork,18,4136601384764100454,10000,0.223,rdtsc,5.000,rtlf,pass,false,0.000000,20000,22714,"p=1.0000, alpha=0.09 (pool)",111,1776886038
Rust,RustCrypto,SHA3-256,rustcrypto::sha3::sha3_256,constant_time,AdjacentNetwork,19,18044715435512487494,10000,0.223,rdtsc,0.000,tacet,pass,false,0.000000,10000,206,Pass (P=0.0%),111,1776886039
Rust,RustCrypto,SHA3-256,rustcrypto::sha3::sha3_256,constant_time,AdjacentNetwork,19,18044715435512487494,10000,0.223,rdtsc,0.000,dudect,fail,true,,8259,8,"max|t|=4.52, tau=-0.0498, threshold=4.5",111,1776886039
Rust,RustCrypto,SHA3-256,rustcrypto::sha3::sha3_256,constant_time,AdjacentNetwork,19,18044715435512487494,10000,0.223,rdtsc,0.000,tvla,pass,false,,20000,0,"|t|=1.85, threshold=4.5",111,1776886039
Rust,RustCrypto,SHA3-256,rustcrypto::sha3::sha3_256,constant_time,AdjacentNetwork,19,18044715435512487494,10000,0.223,rdtsc,0.000,silent,pass,false,,20000,746,"stat=-5.732, alpha=0.10, delta=1.0 (pool)",111,1776886039
Rust,RustCrypto,SHA3-256,rustcrypto::sha3::sha3_256,constant_time,AdjacentNetwork,19,18044715435512487494,10000,0.223,rdtsc,0.000,rtlf,pass,false,0.000000,20000,19208,"p=1.0000, alpha=0.09 (pool)",111,1776886058
Rust,RustCrypto,SHA3-256,rustcrypto::sha3::sha3_256,constant_time,AdjacentNetwork,19,18044715435512487494,10000,0.223,rdtsc,5.000,tacet,pass,false,0.000000,10000,265,Pass (P=0.0%),111,1776886059
Rust,RustCrypto,SHA3-256,rustcrypto::sha3::sha3_256,constant_time,AdjacentNetwork,19,18044715435512487494,10000,0.223,rdtsc,5.000,dudect,fail,true,,1220,9,"max|t|=4.62, tau=-0.1323, threshold=4.5",111,1776886059
Rust,RustCrypto,SHA3-256,rustcrypto::sha3::sha3_256,constant_time,AdjacentNetwork,19,18044715435512487494,10000,0.223,rdtsc,5.000,tvla,pass,false,,20000,0,"|t|=1.87, threshold=4.5",111,1776886059
Rust,RustCrypto,SHA3-256,rustcrypto::sha3::sha3_256,constant_time,AdjacentNetwork,19,18044715435512487494,10000,0.223,rdtsc,5.000,silent,fail,true,,20000,780,"stat=114.688, alpha=0.10, delta=1.0 (pool)",111,1776886060
Rust,RustCrypto,SHA3-256,rustcrypto::sha3::sha3_256,constant_time,AdjacentNetwork,19,18044715435512487494,10000,0.223,rdtsc,5.000,rtlf,pass,false,0.000000,20000,22553,"p=1.0000, alpha=0.09 (pool)",111,1776886082
Rust,RustCrypto,SHA3-256,rustcrypto::sha3::sha3_256,constant_time,AdjacentNetwork,20,13159258925411676788,10000,0.223,rdtsc,0.000,tacet,pass,false,0.000000,10000,207,Pass (P=0.0%),111,1776886082
Rust,RustCrypto,SHA3-256,rustcrypto::sha3::sha3_256,constant_time,AdjacentNetwork,20,13159258925411676788,10000,0.223,rdtsc,0.000,dudect,fail,true,,19636,8,"max|t|=5.22, tau=-0.0372, threshold=4.5",111,1776886082
Rust,RustCrypto,SHA3-256,rustcrypto::sha3::sha3_256,constant_time,AdjacentNetwork,20,13159258925411676788,10000,0.223,rdtsc,0.000,tvla,pass,false,,20000,0,"|t|=0.74, threshold=4.5",111,1776886082
Rust,RustCrypto,SHA3-256,rustcrypto::sha3::sha3_256,constant_time,AdjacentNetwork,20,13159258925411676788,10000,0.223,rdtsc,0.000,silent,pass,false,,20000,923,"stat=0.134, alpha=0.10, delta=1.0 (pool)",111,1776886083
Rust,RustCrypto,SHA3-256,rustcrypto::sha3::sha3_256,constant_time,AdjacentNetwork,20,13159258925411676788,10000,0.223,rdtsc,0.000,rtlf,pass,false,0.000000,20000,19346,"p=1.0000, alpha=0.09 (pool)",111,1776886103
Rust,RustCrypto,SHA3-256,rustcrypto::sha3::sha3_256,constant_time,AdjacentNetwork,20,13159258925411676788,10000,0.223,rdtsc,5.000,tacet,pass,false,0.000000,10000,268,Pass (P=0.0%),111,1776886103
Rust,RustCrypto,SHA3-256,rustcrypto::sha3::sha3_256,constant_time,AdjacentNetwork,20,13159258925411676788,10000,0.223,rdtsc,5.000,dudect,fail,true,,19501,9,"max|t|=5.50, tau=-0.0394, threshold=4.5",111,1776886103
Rust,RustCrypto,SHA3-256,rustcrypto::sha3::sha3_256,constant_time,AdjacentNetwork,20,13159258925411676788,10000,0.223,rdtsc,5.000,tvla,pass,false,,20000,0,"|t|=0.74, threshold=4.5",111,1776886103
Rust,RustCrypto,SHA3-256,rustcrypto::sha3::sha3_256,constant_time,AdjacentNetwork,20,13159258925411676788,10000,0.223,rdtsc,5.000,silent,pass,false,,20000,978,"stat=1.409, alpha=0.10, delta=1.0 (pool)",111,1776886104
Rust,RustCrypto,SHA3-256,rustcrypto::sha3::sha3_256,constant_time,AdjacentNetwork,20,13159258925411676788,10000,0.223,rdtsc,5.000,rtlf,pass,false,0.000000,20000,22505,"p=1.0000, alpha=0.09 (pool)",111,1776886126
Rust,dalek,X25519,dalek::x25519::scalar_mult,constant_time,AdjacentNetwork,1,10836228825329631233,10000,0.223,rdtsc,0.000,tacet,pass,false,0.000000,10000,351,Pass (P=0.0%),840,1776886128
Rust,dalek,X25519,dalek::x25519::scalar_mult,constant_time,AdjacentNetwork,1,10836228825329631233,10000,0.223,rdtsc,0.000,dudect,pass,false,,1127,9,"max|t|=2.46, tau=0.0732, threshold=4.5",840,1776886128
Rust,dalek,X25519,dalek::x25519::scalar_mult,constant_time,AdjacentNetwork,1,10836228825329631233,10000,0.223,rdtsc,0.000,tvla,pass,false,,20000,0,"|t|=0.58, threshold=4.5",840,1776886128
Rust,dalek,X25519,dalek::x25519::scalar_mult,constant_time,AdjacentNetwork,1,10836228825329631233,10000,0.223,rdtsc,0.000,silent,fail,true,,20000,956,"stat=12.302, alpha=0.10, delta=1.0 (pool)",840,1776886129
Rust,dalek,X25519,dalek::x25519::scalar_mult,constant_time,AdjacentNetwork,1,10836228825329631233,10000,0.223,rdtsc,0.000,rtlf,pass,false,0.000000,20000,24945,"p=1.0000, alpha=0.09 (pool)",840,1776886154
Rust,dalek,X25519,dalek::x25519::scalar_mult,constant_time,AdjacentNetwork,1,10836228825329631233,10000,0.223,rdtsc,5.000,tacet,pass,false,0.000000,10000,512,Pass (P=0.0%),840,1776886154
Rust,dalek,X25519,dalek::x25519::scalar_mult,constant_time,AdjacentNetwork,1,10836228825329631233,10000,0.223,rdtsc,5.000,dudect,pass,false,,18443,9,"max|t|=2.36, tau=-0.0174, threshold=4.5",840,1776886154
Rust,dalek,X25519,dalek::x25519::scalar_mult,constant_time,AdjacentNetwork,1,10836228825329631233,10000,0.223,rdtsc,5.000,tvla,pass,false,,20000,0,"|t|=0.58, threshold=4.5",840,1776886154
Rust,dalek,X25519,dalek::x25519::scalar_mult,constant_time,AdjacentNetwork,1,10836228825329631233,10000,0.223,rdtsc,5.000,silent,fail,true,,20000,1028,"stat=11.639, alpha=0.10, delta=1.0 (pool)",840,1776886155
Rust,dalek,X25519,dalek::x25519::scalar_mult,constant_time,AdjacentNetwork,1,10836228825329631233,10000,0.223,rdtsc,5.000,rtlf,pass,false,0.000000,20000,27185,"p=1.0000, alpha=0.09 (pool)",840,1776886182
Rust,dalek,X25519,dalek::x25519::scalar_mult,constant_time,AdjacentNetwork,2,3001517157359332171,10000,0.223,rdtsc,0.000,tacet,pass,false,0.000000,10000,284,Pass (P=0.0%),823,1776886183
Rust,dalek,X25519,dalek::x25519::scalar_mult,constant_time,AdjacentNetwork,2,3001517157359332171,10000,0.223,rdtsc,0.000,dudect,fail,true,,17470,9,"max|t|=13.83, tau=-0.1046, threshold=4.5",823,1776886183
Rust,dalek,X25519,dalek::x25519::scalar_mult,constant_time,AdjacentNetwork,2,3001517157359332171,10000,0.223,rdtsc,0.000,tvla,pass,false,,20000,0,"|t|=2.26, threshold=4.5",823,1776886183
Rust,dalek,X25519,dalek::x25519::scalar_mult,constant_time,AdjacentNetwork,2,3001517157359332171,10000,0.223,rdtsc,0.000,silent,fail,true,,20000,976,"stat=21.868, alpha=0.10, delta=1.0 (pool)",823,1776886184
Rust,dalek,X25519,dalek::x25519::scalar_mult,constant_time,AdjacentNetwork,2,3001517157359332171,10000,0.223,rdtsc,0.000,rtlf,fail,true,1.000000,20000,22339,"p=0.0000, alpha=0.09 (pool)",823,1776886207
Rust,dalek,X25519,dalek::x25519::scalar_mult,constant_time,AdjacentNetwork,2,3001517157359332171,10000,0.223,rdtsc,5.000,tacet,pass,false,0.000000,10000,394,Pass (P=0.0%),823,1776886207
Rust,dalek,X25519,dalek::x25519::scalar_mult,constant_time,AdjacentNetwork,2,3001517157359332171,10000,0.223,rdtsc,5.000,dudect,fail,true,,17470,9,"max|t|=13.82, tau=-0.1045, threshold=4.5",823,1776886207
Rust,dalek,X25519,dalek::x25519::scalar_mult,constant_time,AdjacentNetwork,2,3001517157359332171,10000,0.223,rdtsc,5.000,tvla,pass,false,,20000,0,"|t|=2.26, threshold=4.5",823,1776886207
Rust,dalek,X25519,dalek::x25519::scalar_mult,constant_time,AdjacentNetwork,2,3001517157359332171,10000,0.223,rdtsc,5.000,silent,fail,true,,20000,1073,"stat=34.300, alpha=0.10, delta=1.0 (pool)",823,1776886208
Rust,dalek,X25519,dalek::x25519::scalar_mult,constant_time,AdjacentNetwork,2,3001517157359332171,10000,0.223,rdtsc,5.000,rtlf,fail,true,1.000000,20000,25293,"p=0.0000, alpha=0.09 (pool)",823,1776886234
Rust,dalek,X25519,dalek::x25519::scalar_mult,constant_time,AdjacentNetwork,3,10442373143697980568,10000,0.223,rdtsc,0.000,tacet,pass,false,0.005500,10000,323,Pass (P=0.5%),823,1776886235
Rust,dalek,X25519,dalek::x25519::scalar_mult,constant_time,AdjacentNetwork,3,10442373143697980568,10000,0.223,rdtsc,0.000,dudect,fail,true,,18911,9,"max|t|=4.69, tau=-0.0341, threshold=4.5",823,1776886235
Rust,dalek,X25519,dalek::x25519::scalar_mult,constant_time,AdjacentNetwork,3,10442373143697980568,10000,0.223,rdtsc,0.000,tvla,pass,false,,20000,0,"|t|=0.11, threshold=4.5",823,1776886235
Rust,dalek,X25519,dalek::x25519::scalar_mult,constant_time,AdjacentNetwork,3,10442373143697980568,10000,0.223,rdtsc,0.000,silent,pass,false,,20000,899,"stat=4.144, alpha=0.10, delta=1.0 (pool)",823,1776886236
Rust,dalek,X25519,dalek::x25519::scalar_mult,constant_time,AdjacentNetwork,3,10442373143697980568,10000,0.223,rdtsc,0.000,rtlf,fail,true,1.000000,20000,23625,"p=0.0000, alpha=0.09 (pool)",823,1776886259
Rust,dalek,X25519,dalek::x25519::scalar_mult,constant_time,AdjacentNetwork,3,10442373143697980568,10000,0.223,rdtsc,5.000,tacet,pass,false,0.005500,10000,477,Pass (P=0.5%),823,1776886260
Rust,dalek,X25519,dalek::x25519::scalar_mult,constant_time,AdjacentNetwork,3,10442373143697980568,10000,0.223,rdtsc,5.000,dudect,fail,true,,18911,9,"max|t|=4.68, tau=-0.0341, threshold=4.5",823,1776886260
Rust,dalek,X25519,dalek::x25519::scalar_mult,constant_time,AdjacentNetwork,3,10442373143697980568,10000,0.223,rdtsc,5.000,tvla,pass,false,,20000,0,"|t|=0.10, threshold=4.5",823,1776886260
Rust,dalek,X25519,dalek::x25519::scalar_mult,constant_time,AdjacentNetwork,3,10442373143697980568,10000,0.223,rdtsc,5.000,silent,fail,true,,20000,961,"stat=8.163, alpha=0.10, delta=1.0 (pool)",823,1776886261
Rust,dalek,X25519,dalek::x25519::scalar_mult,constant_time,AdjacentNetwork,3,10442373143697980568,10000,0.223,rdtsc,5.000,rtlf,fail,true,1.000000,20000,26764,"p=0.0000, alpha=0.09 (pool)",823,1776886287
Rust,dalek,X25519,dalek::x25519::scalar_mult,constant_time,AdjacentNetwork,4,254640812419664096,10000,0.223,rdtsc,0.000,tacet,pass,false,0.000000,10000,312,Pass (P=0.0%),838,1776886289
Rust,dalek,X25519,dalek::x25519::scalar_mult,constant_time,AdjacentNetwork,4,254640812419664096,10000,0.223,rdtsc,0.000,dudect,fail,true,,1233,9,"max|t|=6.63, tau=0.1889, threshold=4.5",838,1776886289
Rust,dalek,X25519,dalek::x25519::scalar_mult,constant_time,AdjacentNetwork,4,254640812419664096,10000,0.223,rdtsc,0.000,tvla,pass,false,,20000,0,"|t|=1.60, threshold=4.5",838,1776886289
Rust,dalek,X25519,dalek::x25519::scalar_mult,constant_time,AdjacentNetwork,4,254640812419664096,10000,0.223,rdtsc,0.000,silent,fail,true,,20000,876,"stat=149.124, alpha=0.10, delta=1.0 (pool)",838,1776886289
Rust,dalek,X25519,dalek::x25519::scalar_mult,constant_time,AdjacentNetwork,4,254640812419664096,10000,0.223,rdtsc,0.000,rtlf,pass,false,0.000000,20000,23731,"p=1.0000, alpha=0.09 (pool)",838,1776886313
Rust,dalek,X25519,dalek::x25519::scalar_mult,constant_time,AdjacentNetwork,4,254640812419664096,10000,0.223,rdtsc,5.000,tacet,pass,false,0.000000,10000,443,Pass (P=0.0%),838,1776886314
Rust,dalek,X25519,dalek::x25519::scalar_mult,constant_time,AdjacentNetwork,4,254640812419664096,10000,0.223,rdtsc,5.000,dudect,fail,true,,1233,9,"max|t|=6.64, tau=0.1891, threshold=4.5",838,1776886314
Rust,dalek,X25519,dalek::x25519::scalar_mult,constant_time,AdjacentNetwork,4,254640812419664096,10000,0.223,rdtsc,5.000,tvla,pass,false,,20000,0,"|t|=1.61, threshold=4.5",838,1776886314
Rust,dalek,X25519,dalek::x25519::scalar_mult,constant_time,AdjacentNetwork,4,254640812419664096,10000,0.223,rdtsc,5.000,silent,fail,true,,20000,972,"stat=139.224, alpha=0.10, delta=1.0 (pool)",838,1776886315
Rust,dalek,X25519,dalek::x25519::scalar_mult,constant_time,AdjacentNetwork,4,254640812419664096,10000,0.223,rdtsc,5.000,rtlf,fail,true,1.000000,20000,26766,"p=0.0000, alpha=0.09 (pool)",838,1776886341
Rust,dalek,X25519,dalek::x25519::scalar_mult,constant_time,AdjacentNetwork,5,2784417049637337928,10000,0.223,rdtsc,0.000,tacet,pass,false,0.000000,10000,358,Pass (P=0.0%),850,1776886343
Rust,dalek,X25519,dalek::x25519::scalar_mult,constant_time,AdjacentNetwork,5,2784417049637337928,10000,0.223,rdtsc,0.000,dudect,pass,false,,7033,9,"max|t|=2.59, tau=0.0309, threshold=4.5",850,1776886343
Rust,dalek,X25519,dalek::x25519::scalar_mult,constant_time,AdjacentNetwork,5,2784417049637337928,10000,0.223,rdtsc,0.000,tvla,pass,false,,20000,0,"|t|=1.05, threshold=4.5",850,1776886343
Rust,dalek,X25519,dalek::x25519::scalar_mult,constant_time,AdjacentNetwork,5,2784417049637337928,10000,0.223,rdtsc,0.000,silent,fail,true,,20000,816,"stat=76.221, alpha=0.10, delta=1.0 (pool)",850,1776886343
Rust,dalek,X25519,dalek::x25519::scalar_mult,constant_time,AdjacentNetwork,5,2784417049637337928,10000,0.223,rdtsc,0.000,rtlf,pass,false,0.000000,20000,25228,"p=1.0000, alpha=0.09 (pool)",850,1776886369
Rust,dalek,X25519,dalek::x25519::scalar_mult,constant_time,AdjacentNetwork,5,2784417049637337928,10000,0.223,rdtsc,5.000,tacet,pass,false,0.000000,10000,541,Pass (P=0.0%),850,1776886369
Rust,dalek,X25519,dalek::x25519::scalar_mult,constant_time,AdjacentNetwork,5,2784417049637337928,10000,0.223,rdtsc,5.000,dudect,pass,false,,6773,9,"max|t|=2.72, tau=0.0330, threshold=4.5",850,1776886369
Rust,dalek,X25519,dalek::x25519::scalar_mult,constant_time,AdjacentNetwork,5,2784417049637337928,10000,0.223,rdtsc,5.000,tvla,pass,false,,20000,0,"|t|=1.05, threshold=4.5",850,1776886369
Rust,dalek,X25519,dalek::x25519::scalar_mult,constant_time,AdjacentNetwork,5,2784417049637337928,10000,0.223,rdtsc,5.000,silent,pass,false,,20000,1076,"stat=1.638, alpha=0.10, delta=1.0 (pool)",850,1776886370
Rust,dalek,X25519,dalek::x25519::scalar_mult,constant_time,AdjacentNetwork,5,2784417049637337928,10000,0.223,rdtsc,5.000,rtlf,pass,false,0.000000,20000,28284,"p=1.0000, alpha=0.09 (pool)",850,1776886399
Rust,dalek,X25519,dalek::x25519::scalar_mult,constant_time,AdjacentNetwork,6,2899094717620558662,10000,0.223,rdtsc,0.000,tacet,pass,false,0.000000,10000,332,Pass (P=0.0%),847,1776886400
Rust,dalek,X25519,dalek::x25519::scalar_mult,constant_time,AdjacentNetwork,6,2899094717620558662,10000,0.223,rdtsc,0.000,dudect,fail,true,,6377,9,"max|t|=6.21, tau=0.0778, threshold=4.5",847,1776886400
Rust,dalek,X25519,dalek::x25519::scalar_mult,constant_time,AdjacentNetwork,6,2899094717620558662,10000,0.223,rdtsc,0.000,tvla,pass,false,,20000,0,"|t|=0.46, threshold=4.5",847,1776886400
Rust,dalek,X25519,dalek::x25519::scalar_mult,constant_time,AdjacentNetwork,6,2899094717620558662,10000,0.223,rdtsc,0.000,silent,fail,true,,20000,859,"stat=106.227, alpha=0.10, delta=1.0 (pool)",847,1776886401
Rust,dalek,X25519,dalek::x25519::scalar_mult,constant_time,AdjacentNetwork,6,2899094717620558662,10000,0.223,rdtsc,0.000,rtlf,fail,true,1.000000,20000,24242,"p=0.0000, alpha=0.09 (pool)",847,1776886425
Rust,dalek,X25519,dalek::x25519::scalar_mult,constant_time,AdjacentNetwork,6,2899094717620558662,10000,0.223,rdtsc,5.000,tacet,pass,false,0.000000,10000,466,Pass (P=0.0%),847,1776886425
Rust,dalek,X25519,dalek::x25519::scalar_mult,constant_time,AdjacentNetwork,6,2899094717620558662,10000,0.223,rdtsc,5.000,dudect,fail,true,,6671,9,"max|t|=6.11, tau=0.0749, threshold=4.5",847,1776886425
Rust,dalek,X25519,dalek::x25519::scalar_mult,constant_time,AdjacentNetwork,6,2899094717620558662,10000,0.223,rdtsc,5.000,tvla,pass,false,,20000,0,"|t|=0.47, threshold=4.5",847,1776886425
Rust,dalek,X25519,dalek::x25519::scalar_mult,constant_time,AdjacentNetwork,6,2899094717620558662,10000,0.223,rdtsc,5.000,silent,fail,true,,20000,959,"stat=121.497, alpha=0.10, delta=1.0 (pool)",847,1776886426
Rust,dalek,X25519,dalek::x25519::scalar_mult,constant_time,AdjacentNetwork,6,2899094717620558662,10000,0.223,rdtsc,5.000,rtlf,fail,true,1.000000,20000,26940,"p=0.0000, alpha=0.09 (pool)",847,1776886453
Rust,dalek,X25519,dalek::x25519::scalar_mult,constant_time,AdjacentNetwork,7,592374285312858385,10000,0.223,rdtsc,0.000,tacet,pass,false,0.000000,10000,334,Pass (P=0.0%),846,1776886454
Rust,dalek,X25519,dalek::x25519::scalar_mult,constant_time,AdjacentNetwork,7,592374285312858385,10000,0.223,rdtsc,0.000,dudect,fail,true,,8918,9,"max|t|=5.69, tau=-0.0603, threshold=4.5",846,1776886454
Rust,dalek,X25519,dalek::x25519::scalar_mult,constant_time,AdjacentNetwork,7,592374285312858385,10000,0.223,rdtsc,0.000,tvla,pass,false,,20000,0,"|t|=0.24, threshold=4.5",846,1776886454
Rust,dalek,X25519,dalek::x25519::scalar_mult,constant_time,AdjacentNetwork,7,592374285312858385,10000,0.223,rdtsc,0.000,silent,fail,true,,20000,854,"stat=132.971, alpha=0.10, delta=1.0 (pool)",846,1776886455
Rust,dalek,X25519,dalek::x25519::scalar_mult,constant_time,AdjacentNetwork,7,592374285312858385,10000,0.223,rdtsc,0.000,rtlf,fail,true,1.000000,20000,24270,"p=0.0000, alpha=0.09 (pool)",846,1776886480
Rust,dalek,X25519,dalek::x25519::scalar_mult,constant_time,AdjacentNetwork,7,592374285312858385,10000,0.223,rdtsc,5.000,tacet,pass,false,0.000000,10000,489,Pass (P=0.0%),846,1776886480
Rust,dalek,X25519,dalek::x25519::scalar_mult,constant_time,AdjacentNetwork,7,592374285312858385,10000,0.223,rdtsc,5.000,dudect,fail,true,,9270,9,"max|t|=5.68, tau=-0.0590, threshold=4.5",846,1776886480
Rust,dalek,X25519,dalek::x25519::scalar_mult,constant_time,AdjacentNetwork,7,592374285312858385,10000,0.223,rdtsc,5.000,tvla,pass,false,,20000,0,"|t|=0.24, threshold=4.5",846,1776886480
Rust,dalek,X25519,dalek::x25519::scalar_mult,constant_time,AdjacentNetwork,7,592374285312858385,10000,0.223,rdtsc,5.000,silent,fail,true,,20000,947,"stat=104.699, alpha=0.10, delta=1.0 (pool)",846,1776886481
Rust,dalek,X25519,dalek::x25519::scalar_mult,constant_time,AdjacentNetwork,7,592374285312858385,10000,0.223,rdtsc,5.000,rtlf,fail,true,1.000000,20000,27024,"p=0.0000, alpha=0.09 (pool)",846,1776886508
Rust,dalek,X25519,dalek::x25519::scalar_mult,constant_time,AdjacentNetwork,8,3454088062200130132,10000,0.223,rdtsc,0.000,tacet,pass,false,0.000000,10000,292,Pass (P=0.0%),830,1776886509
Rust,dalek,X25519,dalek::x25519::scalar_mult,constant_time,AdjacentNetwork,8,3454088062200130132,10000,0.223,rdtsc,0.000,dudect,fail,true,,3623,9,"max|t|=5.76, tau=-0.0957, threshold=4.5",830,1776886509
Rust,dalek,X25519,dalek::x25519::scalar_mult,constant_time,AdjacentNetwork,8,3454088062200130132,10000,0.223,rdtsc,0.000,tvla,pass,false,,20000,0,"|t|=2.58, threshold=4.5",830,1776886509
Rust,dalek,X25519,dalek::x25519::scalar_mult,constant_time,AdjacentNetwork,8,3454088062200130132,10000,0.223,rdtsc,0.000,silent,fail,true,,20000,808,"stat=2927.344, alpha=0.10, delta=1.0 (pool)",830,1776886510
Rust,dalek,X25519,dalek::x25519::scalar_mult,constant_time,AdjacentNetwork,8,3454088062200130132,10000,0.223,rdtsc,0.000,rtlf,fail,true,1.000000,20000,22760,"p=0.0000, alpha=0.09 (pool)",830,1776886533
Rust,dalek,X25519,dalek::x25519::scalar_mult,constant_time,AdjacentNetwork,8,3454088062200130132,10000,0.223,rdtsc,5.000,tacet,pass,false,0.000000,10000,413,Pass (P=0.0%),830,1776886533
Rust,dalek,X25519,dalek::x25519::scalar_mult,constant_time,AdjacentNetwork,8,3454088062200130132,10000,0.223,rdtsc,5.000,dudect,fail,true,,2390,9,"max|t|=6.62, tau=-0.1354, threshold=4.5",830,1776886533
Rust,dalek,X25519,dalek::x25519::scalar_mult,constant_time,AdjacentNetwork,8,3454088062200130132,10000,0.223,rdtsc,5.000,tvla,pass,false,,20000,0,"|t|=2.58, threshold=4.5",830,1776886533
Rust,dalek,X25519,dalek::x25519::scalar_mult,constant_time,AdjacentNetwork,8,3454088062200130132,10000,0.223,rdtsc,5.000,silent,fail,true,,20000,878,"stat=1055.175, alpha=0.10, delta=1.0 (pool)",830,1776886534
Rust,dalek,X25519,dalek::x25519::scalar_mult,constant_time,AdjacentNetwork,8,3454088062200130132,10000,0.223,rdtsc,5.000,rtlf,fail,true,1.000000,20000,25821,"p=0.0000, alpha=0.09 (pool)",830,1776886560
Rust,dalek,X25519,dalek::x25519::scalar_mult,constant_time,AdjacentNetwork,9,13910157344041706971,10000,0.223,rdtsc,0.000,tacet,pass,false,0.000000,10000,311,Pass (P=0.0%),828,1776886561
Rust,dalek,X25519,dalek::x25519::scalar_mult,constant_time,AdjacentNetwork,9,13910157344041706971,10000,0.223,rdtsc,0.000,dudect,pass,false,,2554,9,"max|t|=2.75, tau=0.0543, threshold=4.5",828,1776886561
Rust,dalek,X25519,dalek::x25519::scalar_mult,constant_time,AdjacentNetwork,9,13910157344041706971,10000,0.223,rdtsc,0.000,tvla,pass,false,,20000,0,"|t|=0.21, threshold=4.5",828,1776886561
Rust,dalek,X25519,dalek::x25519::scalar_mult,constant_time,AdjacentNetwork,9,13910157344041706971,10000,0.223,rdtsc,0.000,silent,fail,true,,20000,782,"stat=80.839, alpha=0.10, delta=1.0 (pool)",828,1776886562
Rust,dalek,X25519,dalek::x25519::scalar_mult,constant_time,AdjacentNetwork,9,13910157344041706971,10000,0.223,rdtsc,0.000,rtlf,pass,false,0.000000,20000,23323,"p=1.0000, alpha=0.09 (pool)",828,1776886585
Rust,dalek,X25519,dalek::x25519::scalar_mult,constant_time,AdjacentNetwork,9,13910157344041706971,10000,0.223,rdtsc,5.000,tacet,pass,false,0.000000,10000,447,Pass (P=0.0%),828,1776886586
Rust,dalek,X25519,dalek::x25519::scalar_mult,constant_time,AdjacentNetwork,9,13910157344041706971,10000,0.223,rdtsc,5.000,dudect,pass,false,,2554,9,"max|t|=2.73, tau=0.0540, threshold=4.5",828,1776886586
Rust,dalek,X25519,dalek::x25519::scalar_mult,constant_time,AdjacentNetwork,9,13910157344041706971,10000,0.223,rdtsc,5.000,tvla,pass,false,,20000,0,"|t|=0.21, threshold=4.5",828,1776886586
Rust,dalek,X25519,dalek::x25519::scalar_mult,constant_time,AdjacentNetwork,9,13910157344041706971,10000,0.223,rdtsc,5.000,silent,fail,true,,20000,1003,"stat=55.418, alpha=0.10, delta=1.0 (pool)",828,1776886587
Rust,dalek,X25519,dalek::x25519::scalar_mult,constant_time,AdjacentNetwork,9,13910157344041706971,10000,0.223,rdtsc,5.000,rtlf,pass,false,0.000000,20000,26191,"p=1.0000, alpha=0.09 (pool)",828,1776886613
Rust,dalek,X25519,dalek::x25519::scalar_mult,constant_time,AdjacentNetwork,10,9531589991746876306,10000,0.223,rdtsc,0.000,tacet,pass,false,0.000000,10000,344,Pass (P=0.0%),823,1776886614
Rust,dalek,X25519,dalek::x25519::scalar_mult,constant_time,AdjacentNetwork,10,9531589991746876306,10000,0.223,rdtsc,0.000,dudect,pass,false,,13123,9,"max|t|=3.12, tau=-0.0272, threshold=4.5",823,1776886614
Rust,dalek,X25519,dalek::x25519::scalar_mult,constant_time,AdjacentNetwork,10,9531589991746876306,10000,0.223,rdtsc,0.000,tvla,pass,false,,20000,0,"|t|=0.67, threshold=4.5",823,1776886614
Rust,dalek,X25519,dalek::x25519::scalar_mult,constant_time,AdjacentNetwork,10,9531589991746876306,10000,0.223,rdtsc,0.000,silent,fail,true,,20000,824,"stat=6.580, alpha=0.10, delta=1.0 (pool)",823,1776886615
Rust,dalek,X25519,dalek::x25519::scalar_mult,constant_time,AdjacentNetwork,10,9531589991746876306,10000,0.223,rdtsc,0.000,rtlf,pass,false,0.000000,20000,24293,"p=1.0000, alpha=0.09 (pool)",823,1776886639
Rust,dalek,X25519,dalek::x25519::scalar_mult,constant_time,AdjacentNetwork,10,9531589991746876306,10000,0.223,rdtsc,5.000,tacet,pass,false,0.000000,10000,511,Pass (P=0.0%),823,1776886640
Rust,dalek,X25519,dalek::x25519::scalar_mult,constant_time,AdjacentNetwork,10,9531589991746876306,10000,0.223,rdtsc,5.000,dudect,pass,false,,13385,9,"max|t|=3.02, tau=-0.0261, threshold=4.5",823,1776886640
Rust,dalek,X25519,dalek::x25519::scalar_mult,constant_time,AdjacentNetwork,10,9531589991746876306,10000,0.223,rdtsc,5.000,tvla,pass,false,,20000,0,"|t|=0.67, threshold=4.5",823,1776886640
Rust,dalek,X25519,dalek::x25519::scalar_mult,constant_time,AdjacentNetwork,10,9531589991746876306,10000,0.223,rdtsc,5.000,silent,pass,false,,20000,926,"stat=1.914, alpha=0.10, delta=1.0 (pool)",823,1776886640
Rust,dalek,X25519,dalek::x25519::scalar_mult,constant_time,AdjacentNetwork,10,9531589991746876306,10000,0.223,rdtsc,5.000,rtlf,pass,false,0.000000,20000,27138,"p=1.0000, alpha=0.09 (pool)",823,1776886668
Rust,dalek,X25519,dalek::x25519::scalar_mult,constant_time,AdjacentNetwork,11,4623180996112719199,10000,0.223,rdtsc,0.000,tacet,pass,false,0.000000,10000,310,Pass (P=0.0%),821,1776886669
Rust,dalek,X25519,dalek::x25519::scalar_mult,constant_time,AdjacentNetwork,11,4623180996112719199,10000,0.223,rdtsc,0.000,dudect,pass,false,,2991,9,"max|t|=3.62, tau=0.0662, threshold=4.5",821,1776886669
Rust,dalek,X25519,dalek::x25519::scalar_mult,constant_time,AdjacentNetwork,11,4623180996112719199,10000,0.223,rdtsc,0.000,tvla,pass,false,,20000,0,"|t|=0.72, threshold=4.5",821,1776886669
Rust,dalek,X25519,dalek::x25519::scalar_mult,constant_time,AdjacentNetwork,11,4623180996112719199,10000,0.223,rdtsc,0.000,silent,fail,true,,20000,829,"stat=69.738, alpha=0.10, delta=1.0 (pool)",821,1776886670
Rust,dalek,X25519,dalek::x25519::scalar_mult,constant_time,AdjacentNetwork,11,4623180996112719199,10000,0.223,rdtsc,0.000,rtlf,pass,false,0.000000,20000,23889,"p=1.0000, alpha=0.09 (pool)",821,1776886693
Rust,dalek,X25519,dalek::x25519::scalar_mult,constant_time,AdjacentNetwork,11,4623180996112719199,10000,0.223,rdtsc,5.000,tacet,pass,false,0.000000,10000,449,Pass (P=0.0%),821,1776886694
Rust,dalek,X25519,dalek::x25519::scalar_mult,constant_time,AdjacentNetwork,11,4623180996112719199,10000,0.223,rdtsc,5.000,dudect,pass,false,,3743,9,"max|t|=4.07, tau=0.0666, threshold=4.5",821,1776886694
Rust,dalek,X25519,dalek::x25519::scalar_mult,constant_time,AdjacentNetwork,11,4623180996112719199,10000,0.223,rdtsc,5.000,tvla,pass,false,,20000,0,"|t|=0.72, threshold=4.5",821,1776886694
Rust,dalek,X25519,dalek::x25519::scalar_mult,constant_time,AdjacentNetwork,11,4623180996112719199,10000,0.223,rdtsc,5.000,silent,fail,true,,20000,901,"stat=37.319, alpha=0.10, delta=1.0 (pool)",821,1776886695
Rust,dalek,X25519,dalek::x25519::scalar_mult,constant_time,AdjacentNetwork,11,4623180996112719199,10000,0.223,rdtsc,5.000,rtlf,pass,false,0.000000,20000,26227,"p=1.0000, alpha=0.09 (pool)",821,1776886721
Rust,dalek,X25519,dalek::x25519::scalar_mult,constant_time,AdjacentNetwork,12,9367617876812008747,10000,0.223,rdtsc,0.000,tacet,pass,false,0.000000,10000,350,Pass (P=0.0%),826,1776886722
Rust,dalek,X25519,dalek::x25519::scalar_mult,constant_time,AdjacentNetwork,12,9367617876812008747,10000,0.223,rdtsc,0.000,dudect,pass,false,,3879,9,"max|t|=2.65, tau=0.0426, threshold=4.5",826,1776886722
Rust,dalek,X25519,dalek::x25519::scalar_mult,constant_time,AdjacentNetwork,12,9367617876812008747,10000,0.223,rdtsc,0.000,tvla,pass,false,,20000,0,"|t|=0.54, threshold=4.5",826,1776886722
Rust,dalek,X25519,dalek::x25519::scalar_mult,constant_time,AdjacentNetwork,12,9367617876812008747,10000,0.223,rdtsc,0.000,silent,fail,true,,20000,939,"stat=13.425, alpha=0.10, delta=1.0 (pool)",826,1776886723
Rust,dalek,X25519,dalek::x25519::scalar_mult,constant_time,AdjacentNetwork,12,9367617876812008747,10000,0.223,rdtsc,0.000,rtlf,pass,false,0.000000,20000,24546,"p=1.0000, alpha=0.09 (pool)",826,1776886748
Rust,dalek,X25519,dalek::x25519::scalar_mult,constant_time,AdjacentNetwork,12,9367617876812008747,10000,0.223,rdtsc,5.000,tacet,pass,false,0.000000,10000,523,Pass (P=0.0%),826,1776886748
Rust,dalek,X25519,dalek::x25519::scalar_mult,constant_time,AdjacentNetwork,12,9367617876812008747,10000,0.223,rdtsc,5.000,dudect,pass,false,,4800,9,"max|t|=2.87, tau=0.0414, threshold=4.5",826,1776886748
Rust,dalek,X25519,dalek::x25519::scalar_mult,constant_time,AdjacentNetwork,12,9367617876812008747,10000,0.223,rdtsc,5.000,tvla,pass,false,,20000,0,"|t|=0.54, threshold=4.5",826,1776886748
Rust,dalek,X25519,dalek::x25519::scalar_mult,constant_time,AdjacentNetwork,12,9367617876812008747,10000,0.223,rdtsc,5.000,silent,pass,false,,20000,1058,"stat=2.572, alpha=0.10, delta=1.0 (pool)",826,1776886749
Rust,dalek,X25519,dalek::x25519::scalar_mult,constant_time,AdjacentNetwork,12,9367617876812008747,10000,0.223,rdtsc,5.000,rtlf,pass,false,0.000000,20000,27792,"p=1.0000, alpha=0.09 (pool)",826,1776886777
Rust,dalek,X25519,dalek::x25519::scalar_mult,constant_time,AdjacentNetwork,13,16517315102724302181,10000,0.223,rdtsc,0.000,tacet,pass,false,0.000000,10000,347,Pass (P=0.0%),848,1776886778
Rust,dalek,X25519,dalek::x25519::scalar_mult,constant_time,AdjacentNetwork,13,16517315102724302181,10000,0.223,rdtsc,0.000,dudect,pass,false,,16460,9,"max|t|=4.04, tau=-0.0315, threshold=4.5",848,1776886778
Rust,dalek,X25519,dalek::x25519::scalar_mult,constant_time,AdjacentNetwork,13,16517315102724302181,10000,0.223,rdtsc,0.000,tvla,pass,false,,20000,0,"|t|=0.28, threshold=4.5",848,1776886778
Rust,dalek,X25519,dalek::x25519::scalar_mult,constant_time,AdjacentNetwork,13,16517315102724302181,10000,0.223,rdtsc,0.000,silent,pass,false,,20000,856,"stat=20.258, alpha=0.10, delta=1.0 (pool)",848,1776886779
Rust,dalek,X25519,dalek::x25519::scalar_mult,constant_time,AdjacentNetwork,13,16517315102724302181,10000,0.223,rdtsc,0.000,rtlf,pass,false,0.000000,20000,24237,"p=1.0000, alpha=0.09 (pool)",848,1776886803
Rust,dalek,X25519,dalek::x25519::scalar_mult,constant_time,AdjacentNetwork,13,16517315102724302181,10000,0.223,rdtsc,5.000,tacet,pass,false,0.000000,10000,504,Pass (P=0.0%),848,1776886804
Rust,dalek,X25519,dalek::x25519::scalar_mult,constant_time,AdjacentNetwork,13,16517315102724302181,10000,0.223,rdtsc,5.000,dudect,pass,false,,16460,9,"max|t|=4.03, tau=-0.0314, threshold=4.5",848,1776886804
Rust,dalek,X25519,dalek::x25519::scalar_mult,constant_time,AdjacentNetwork,13,16517315102724302181,10000,0.223,rdtsc,5.000,tvla,pass,false,,20000,0,"|t|=0.28, threshold=4.5",848,1776886804
Rust,dalek,X25519,dalek::x25519::scalar_mult,constant_time,AdjacentNetwork,13,16517315102724302181,10000,0.223,rdtsc,5.000,silent,pass,false,,20000,881,"stat=2.298, alpha=0.10, delta=1.0 (pool)",848,1776886805
Rust,dalek,X25519,dalek::x25519::scalar_mult,constant_time,AdjacentNetwork,13,16517315102724302181,10000,0.223,rdtsc,5.000,rtlf,pass,false,0.000000,20000,27550,"p=1.0000, alpha=0.09 (pool)",848,1776886832
Rust,dalek,X25519,dalek::x25519::scalar_mult,constant_time,AdjacentNetwork,14,16104254234219470556,10000,0.223,rdtsc,0.000,tacet,pass,false,0.000750,10000,351,Pass (P=0.1%),851,1776886834
Rust,dalek,X25519,dalek::x25519::scalar_mult,constant_time,AdjacentNetwork,14,16104254234219470556,10000,0.223,rdtsc,0.000,dudect,pass,false,,5554,9,"max|t|=1.95, tau=-0.0262, threshold=4.5",851,1776886834
Rust,dalek,X25519,dalek::x25519::scalar_mult,constant_time,AdjacentNetwork,14,16104254234219470556,10000,0.223,rdtsc,0.000,tvla,pass,false,,20000,0,"|t|=0.15, threshold=4.5",851,1776886834
Rust,dalek,X25519,dalek::x25519::scalar_mult,constant_time,AdjacentNetwork,14,16104254234219470556,10000,0.223,rdtsc,0.000,silent,fail,true,,20000,896,"stat=12.160, alpha=0.10, delta=1.0 (pool)",851,1776886834
Rust,dalek,X25519,dalek::x25519::scalar_mult,constant_time,AdjacentNetwork,14,16104254234219470556,10000,0.223,rdtsc,0.000,rtlf,pass,false,0.000000,20000,24799,"p=1.0000, alpha=0.09 (pool)",851,1776886859
Rust,dalek,X25519,dalek::x25519::scalar_mult,constant_time,AdjacentNetwork,14,16104254234219470556,10000,0.223,rdtsc,5.000,tacet,pass,false,0.000750,10000,506,Pass (P=0.1%),851,1776886860
Rust,dalek,X25519,dalek::x25519::scalar_mult,constant_time,AdjacentNetwork,14,16104254234219470556,10000,0.223,rdtsc,5.000,dudect,pass,false,,4842,9,"max|t|=1.72, tau=-0.0247, threshold=4.5",851,1776886860
Rust,dalek,X25519,dalek::x25519::scalar_mult,constant_time,AdjacentNetwork,14,16104254234219470556,10000,0.223,rdtsc,5.000,tvla,pass,false,,20000,0,"|t|=0.15, threshold=4.5",851,1776886860
Rust,dalek,X25519,dalek::x25519::scalar_mult,constant_time,AdjacentNetwork,14,16104254234219470556,10000,0.223,rdtsc,5.000,silent,pass,false,,20000,1064,"stat=1.972, alpha=0.10, delta=1.0 (pool)",851,1776886861
Rust,dalek,X25519,dalek::x25519::scalar_mult,constant_time,AdjacentNetwork,14,16104254234219470556,10000,0.223,rdtsc,5.000,rtlf,pass,false,0.000000,20000,27438,"p=1.0000, alpha=0.09 (pool)",851,1776886888
Rust,dalek,X25519,dalek::x25519::scalar_mult,constant_time,AdjacentNetwork,15,12816627530996085636,10000,0.223,rdtsc,0.000,tacet,pass,false,0.000000,10000,314,Pass (P=0.0%),836,1776886889
Rust,dalek,X25519,dalek::x25519::scalar_mult,constant_time,AdjacentNetwork,15,12816627530996085636,10000,0.223,rdtsc,0.000,dudect,pass,false,,1241,9,"max|t|=3.13, tau=-0.0889, threshold=4.5",836,1776886889
Rust,dalek,X25519,dalek::x25519::scalar_mult,constant_time,AdjacentNetwork,15,12816627530996085636,10000,0.223,rdtsc,0.000,tvla,pass,false,,20000,0,"|t|=0.08, threshold=4.5",836,1776886889
Rust,dalek,X25519,dalek::x25519::scalar_mult,constant_time,AdjacentNetwork,15,12816627530996085636,10000,0.223,rdtsc,0.000,silent,fail,true,,20000,826,"stat=120.396, alpha=0.10, delta=1.0 (pool)",836,1776886890
Rust,dalek,X25519,dalek::x25519::scalar_mult,constant_time,AdjacentNetwork,15,12816627530996085636,10000,0.223,rdtsc,0.000,rtlf,pass,false,0.000000,20000,23211,"p=1.0000, alpha=0.09 (pool)",836,1776886914
Rust,dalek,X25519,dalek::x25519::scalar_mult,constant_time,AdjacentNetwork,15,12816627530996085636,10000,0.223,rdtsc,5.000,tacet,pass,false,0.000000,10000,449,Pass (P=0.0%),836,1776886914
Rust,dalek,X25519,dalek::x25519::scalar_mult,constant_time,AdjacentNetwork,15,12816627530996085636,10000,0.223,rdtsc,5.000,dudect,pass,false,,9939,9,"max|t|=3.04, tau=-0.0305, threshold=4.5",836,1776886914
Rust,dalek,X25519,dalek::x25519::scalar_mult,constant_time,AdjacentNetwork,15,12816627530996085636,10000,0.223,rdtsc,5.000,tvla,pass,false,,20000,0,"|t|=0.08, threshold=4.5",836,1776886914
Rust,dalek,X25519,dalek::x25519::scalar_mult,constant_time,AdjacentNetwork,15,12816627530996085636,10000,0.223,rdtsc,5.000,silent,fail,true,,20000,952,"stat=83.736, alpha=0.10, delta=1.0 (pool)",836,1776886915
Rust,dalek,X25519,dalek::x25519::scalar_mult,constant_time,AdjacentNetwork,15,12816627530996085636,10000,0.223,rdtsc,5.000,rtlf,pass,false,0.000000,20000,25949,"p=1.0000, alpha=0.09 (pool)",836,1776886941
Rust,dalek,X25519,dalek::x25519::scalar_mult,constant_time,AdjacentNetwork,16,15201698715172826076,10000,0.223,rdtsc,0.000,tacet,pass,false,0.000000,10000,351,Pass (P=0.0%),824,1776886942
Rust,dalek,X25519,dalek::x25519::scalar_mult,constant_time,AdjacentNetwork,16,15201698715172826076,10000,0.223,rdtsc,0.000,dudect,fail,true,,9576,9,"max|t|=4.96, tau=0.0507, threshold=4.5",824,1776886942
Rust,dalek,X25519,dalek::x25519::scalar_mult,constant_time,AdjacentNetwork,16,15201698715172826076,10000,0.223,rdtsc,0.000,tvla,pass,false,,20000,0,"|t|=0.64, threshold=4.5",824,1776886942
Rust,dalek,X25519,dalek::x25519::scalar_mult,constant_time,AdjacentNetwork,16,15201698715172826076,10000,0.223,rdtsc,0.000,silent,fail,true,,20000,996,"stat=23.869, alpha=0.10, delta=1.0 (pool)",824,1776886943
Rust,dalek,X25519,dalek::x25519::scalar_mult,constant_time,AdjacentNetwork,16,15201698715172826076,10000,0.223,rdtsc,0.000,rtlf,pass,false,0.000000,20000,24557,"p=1.0000, alpha=0.09 (pool)",824,1776886968
Rust,dalek,X25519,dalek::x25519::scalar_mult,constant_time,AdjacentNetwork,16,15201698715172826076,10000,0.223,rdtsc,5.000,tacet,pass,false,0.000000,10000,509,Pass (P=0.0%),824,1776886968
Rust,dalek,X25519,dalek::x25519::scalar_mult,constant_time,AdjacentNetwork,16,15201698715172826076,10000,0.223,rdtsc,5.000,dudect,fail,true,,9162,9,"max|t|=4.70, tau=0.0491, threshold=4.5",824,1776886968
Rust,dalek,X25519,dalek::x25519::scalar_mult,constant_time,AdjacentNetwork,16,15201698715172826076,10000,0.223,rdtsc,5.000,tvla,pass,false,,20000,0,"|t|=0.64, threshold=4.5",824,1776886968
Rust,dalek,X25519,dalek::x25519::scalar_mult,constant_time,AdjacentNetwork,16,15201698715172826076,10000,0.223,rdtsc,5.000,silent,pass,false,,20000,1345,"stat=2.284, alpha=0.10, delta=1.0 (pool)",824,1776886969
Rust,dalek,X25519,dalek::x25519::scalar_mult,constant_time,AdjacentNetwork,16,15201698715172826076,10000,0.223,rdtsc,5.000,rtlf,fail,true,1.000000,20000,27519,"p=0.0000, alpha=0.09 (pool)",824,1776886997
Rust,dalek,X25519,dalek::x25519::scalar_mult,constant_time,AdjacentNetwork,17,5963978339920358103,10000,0.223,rdtsc,0.000,tacet,pass,false,0.000750,10000,349,Pass (P=0.1%),844,1776886998
Rust,dalek,X25519,dalek::x25519::scalar_mult,constant_time,AdjacentNetwork,17,5963978339920358103,10000,0.223,rdtsc,0.000,dudect,fail,true,,18083,9,"max|t|=10.92, tau=-0.0812, threshold=4.5",844,1776886998
Rust,dalek,X25519,dalek::x25519::scalar_mult,constant_time,AdjacentNetwork,17,5963978339920358103,10000,0.223,rdtsc,0.000,tvla,pass,false,,20000,0,"|t|=2.85, threshold=4.5",844,1776886998
Rust,dalek,X25519,dalek::x25519::scalar_mult,constant_time,AdjacentNetwork,17,5963978339920358103,10000,0.223,rdtsc,0.000,silent,fail,true,,20000,938,"stat=366.707, alpha=0.10, delta=1.0 (pool)",844,1776886999
Rust,dalek,X25519,dalek::x25519::scalar_mult,constant_time,AdjacentNetwork,17,5963978339920358103,10000,0.223,rdtsc,0.000,rtlf,fail,true,1.000000,20000,25019,"p=0.0000, alpha=0.09 (pool)",844,1776887024
Rust,dalek,X25519,dalek::x25519::scalar_mult,constant_time,AdjacentNetwork,17,5963978339920358103,10000,0.223,rdtsc,5.000,tacet,pass,false,0.001000,10000,527,Pass (P=0.1%),844,1776887025
Rust,dalek,X25519,dalek::x25519::scalar_mult,constant_time,AdjacentNetwork,17,5963978339920358103,10000,0.223,rdtsc,5.000,dudect,fail,true,,18099,9,"max|t|=10.90, tau=-0.0810, threshold=4.5",844,1776887025
Rust,dalek,X25519,dalek::x25519::scalar_mult,constant_time,AdjacentNetwork,17,5963978339920358103,10000,0.223,rdtsc,5.000,tvla,pass,false,,20000,0,"|t|=2.85, threshold=4.5",844,1776887025
Rust,dalek,X25519,dalek::x25519::scalar_mult,constant_time,AdjacentNetwork,17,5963978339920358103,10000,0.223,rdtsc,5.000,silent,pass,false,,20000,1090,"stat=3.573, alpha=0.10, delta=1.0 (pool)",844,1776887026
Rust,dalek,X25519,dalek::x25519::scalar_mult,constant_time,AdjacentNetwork,17,5963978339920358103,10000,0.223,rdtsc,5.000,rtlf,fail,true,1.000000,20000,27930,"p=0.0000, alpha=0.09 (pool)",844,1776887054
Rust,dalek,X25519,dalek::x25519::scalar_mult,constant_time,AdjacentNetwork,18,10347803105237819348,10000,0.223,rdtsc,0.000,tacet,pass,false,0.000000,10000,301,Pass (P=0.0%),848,1776887055
Rust,dalek,X25519,dalek::x25519::scalar_mult,constant_time,AdjacentNetwork,18,10347803105237819348,10000,0.223,rdtsc,0.000,dudect,pass,false,,13035,9,"max|t|=3.34, tau=0.0293, threshold=4.5",848,1776887055
Rust,dalek,X25519,dalek::x25519::scalar_mult,constant_time,AdjacentNetwork,18,10347803105237819348,10000,0.223,rdtsc,0.000,tvla,pass,false,,20000,0,"|t|=0.08, threshold=4.5",848,1776887055
Rust,dalek,X25519,dalek::x25519::scalar_mult,constant_time,AdjacentNetwork,18,10347803105237819348,10000,0.223,rdtsc,0.000,silent,fail,true,,20000,840,"stat=52.036, alpha=0.10, delta=1.0 (pool)",848,1776887056
Rust,dalek,X25519,dalek::x25519::scalar_mult,constant_time,AdjacentNetwork,18,10347803105237819348,10000,0.223,rdtsc,0.000,rtlf,pass,false,0.000000,20000,23334,"p=1.0000, alpha=0.09 (pool)",848,1776887079
Rust,dalek,X25519,dalek::x25519::scalar_mult,constant_time,AdjacentNetwork,18,10347803105237819348,10000,0.223,rdtsc,5.000,tacet,pass,false,0.000000,10000,415,Pass (P=0.0%),848,1776887079
Rust,dalek,X25519,dalek::x25519::scalar_mult,constant_time,AdjacentNetwork,18,10347803105237819348,10000,0.223,rdtsc,5.000,dudect,pass,false,,13097,9,"max|t|=3.17, tau=0.0277, threshold=4.5",848,1776887079
Rust,dalek,X25519,dalek::x25519::scalar_mult,constant_time,AdjacentNetwork,18,10347803105237819348,10000,0.223,rdtsc,5.000,tvla,pass,false,,20000,0,"|t|=0.08, threshold=4.5",848,1776887079
Rust,dalek,X25519,dalek::x25519::scalar_mult,constant_time,AdjacentNetwork,18,10347803105237819348,10000,0.223,rdtsc,5.000,silent,fail,true,,20000,914,"stat=74.769, alpha=0.10, delta=1.0 (pool)",848,1776887080
Rust,dalek,X25519,dalek::x25519::scalar_mult,constant_time,AdjacentNetwork,18,10347803105237819348,10000,0.223,rdtsc,5.000,rtlf,fail,true,1.000000,20000,26287,"p=0.0000, alpha=0.09 (pool)",848,1776887107
Rust,dalek,X25519,dalek::x25519::scalar_mult,constant_time,AdjacentNetwork,19,6998161959293617148,10000,0.223,rdtsc,0.000,tacet,pass,false,0.000000,10000,360,Pass (P=0.0%),851,1776887108
Rust,dalek,X25519,dalek::x25519::scalar_mult,constant_time,AdjacentNetwork,19,6998161959293617148,10000,0.223,rdtsc,0.000,dudect,pass,false,,16931,9,"max|t|=4.18, tau=-0.0321, threshold=4.5",851,1776887108
Rust,dalek,X25519,dalek::x25519::scalar_mult,constant_time,AdjacentNetwork,19,6998161959293617148,10000,0.223,rdtsc,0.000,tvla,pass,false,,20000,0,"|t|=1.63, threshold=4.5",851,1776887108
Rust,dalek,X25519,dalek::x25519::scalar_mult,constant_time,AdjacentNetwork,19,6998161959293617148,10000,0.223,rdtsc,0.000,silent,fail,true,,20000,885,"stat=54.308, alpha=0.10, delta=1.0 (pool)",851,1776887109
Rust,dalek,X25519,dalek::x25519::scalar_mult,constant_time,AdjacentNetwork,19,6998161959293617148,10000,0.223,rdtsc,0.000,rtlf,pass,false,0.000000,20000,25003,"p=1.0000, alpha=0.09 (pool)",851,1776887134
Rust,dalek,X25519,dalek::x25519::scalar_mult,constant_time,AdjacentNetwork,19,6998161959293617148,10000,0.223,rdtsc,5.000,tacet,pass,false,0.000000,10000,532,Pass (P=0.0%),851,1776887134
Rust,dalek,X25519,dalek::x25519::scalar_mult,constant_time,AdjacentNetwork,19,6998161959293617148,10000,0.223,rdtsc,5.000,dudect,pass,false,,16906,9,"max|t|=3.79, tau=-0.0291, threshold=4.5",851,1776887134
Rust,dalek,X25519,dalek::x25519::scalar_mult,constant_time,AdjacentNetwork,19,6998161959293617148,10000,0.223,rdtsc,5.000,tvla,pass,false,,20000,0,"|t|=1.63, threshold=4.5",851,1776887134
Rust,dalek,X25519,dalek::x25519::scalar_mult,constant_time,AdjacentNetwork,19,6998161959293617148,10000,0.223,rdtsc,5.000,silent,pass,false,,20000,1053,"stat=2.255, alpha=0.10, delta=1.0 (pool)",851,1776887135
Rust,dalek,X25519,dalek::x25519::scalar_mult,constant_time,AdjacentNetwork,19,6998161959293617148,10000,0.223,rdtsc,5.000,rtlf,pass,false,0.000000,20000,27820,"p=1.0000, alpha=0.09 (pool)",851,1776887163
Rust,dalek,X25519,dalek::x25519::scalar_mult,constant_time,AdjacentNetwork,20,3778832655702614015,10000,0.223,rdtsc,0.000,tacet,pass,false,0.000000,10000,329,Pass (P=0.0%),836,1776887164
Rust,dalek,X25519,dalek::x25519::scalar_mult,constant_time,AdjacentNetwork,20,3778832655702614015,10000,0.223,rdtsc,0.000,dudect,pass,false,,19114,9,"max|t|=2.46, tau=-0.0178, threshold=4.5",836,1776887164
Rust,dalek,X25519,dalek::x25519::scalar_mult,constant_time,AdjacentNetwork,20,3778832655702614015,10000,0.223,rdtsc,0.000,tvla,pass,false,,20000,0,"|t|=0.34, threshold=4.5",836,1776887164
Rust,dalek,X25519,dalek::x25519::scalar_mult,constant_time,AdjacentNetwork,20,3778832655702614015,10000,0.223,rdtsc,0.000,silent,fail,true,,20000,1100,"stat=247.982, alpha=0.10, delta=1.0 (pool)",836,1776887165
Rust,dalek,X25519,dalek::x25519::scalar_mult,constant_time,AdjacentNetwork,20,3778832655702614015,10000,0.223,rdtsc,0.000,rtlf,pass,false,0.000000,20000,23540,"p=1.0000, alpha=0.09 (pool)",836,1776887189
Rust,dalek,X25519,dalek::x25519::scalar_mult,constant_time,AdjacentNetwork,20,3778832655702614015,10000,0.223,rdtsc,5.000,tacet,pass,false,0.000000,10000,471,Pass (P=0.0%),836,1776887189
Rust,dalek,X25519,dalek::x25519::scalar_mult,constant_time,AdjacentNetwork,20,3778832655702614015,10000,0.223,rdtsc,5.000,dudect,pass,false,,19116,9,"max|t|=2.47, tau=-0.0178, threshold=4.5",836,1776887190
Rust,dalek,X25519,dalek::x25519::scalar_mult,constant_time,AdjacentNetwork,20,3778832655702614015,10000,0.223,rdtsc,5.000,tvla,pass,false,,20000,0,"|t|=0.34, threshold=4.5",836,1776887190
Rust,dalek,X25519,dalek::x25519::scalar_mult,constant_time,AdjacentNetwork,20,3778832655702614015,10000,0.223,rdtsc,5.000,silent,pass,false,,20000,997,"stat=2.592, alpha=0.10, delta=1.0 (pool)",836,1776887191
Rust,dalek,X25519,dalek::x25519::scalar_mult,constant_time,AdjacentNetwork,20,3778832655702614015,10000,0.223,rdtsc,5.000,rtlf,fail,true,1.000000,20000,26553,"p=0.0000, alpha=0.09 (pool)",836,1776887217
C/C++,libsodium,Ed25519,c_libraries::libsodium::ed25519_sign,constant_time,AdjacentNetwork,1,7970434012246635665,10000,0.223,rdtsc,0.000,tacet,pass,false,0.000000,10000,241,Pass (P=0.0%),339,1776887218
C/C++,libsodium,Ed25519,c_libraries::libsodium::ed25519_sign,constant_time,AdjacentNetwork,1,7970434012246635665,10000,0.223,rdtsc,0.000,dudect,fail,true,,18902,9,"max|t|=4.76, tau=-0.0346, threshold=4.5",339,1776887218
C/C++,libsodium,Ed25519,c_libraries::libsodium::ed25519_sign,constant_time,AdjacentNetwork,1,7970434012246635665,10000,0.223,rdtsc,0.000,tvla,pass,false,,20000,0,"|t|=0.40, threshold=4.5",339,1776887218
C/C++,libsodium,Ed25519,c_libraries::libsodium::ed25519_sign,constant_time,AdjacentNetwork,1,7970434012246635665,10000,0.223,rdtsc,0.000,silent,pass,false,,20000,816,"stat=0.748, alpha=0.10, delta=1.0 (pool)",339,1776887218
C/C++,libsodium,Ed25519,c_libraries::libsodium::ed25519_sign,constant_time,AdjacentNetwork,1,7970434012246635665,10000,0.223,rdtsc,0.000,rtlf,pass,false,0.000000,20000,20453,"p=1.0000, alpha=0.09 (pool)",339,1776887239
C/C++,libsodium,Ed25519,c_libraries::libsodium::ed25519_sign,constant_time,AdjacentNetwork,1,7970434012246635665,10000,0.223,rdtsc,5.000,tacet,pass,false,0.000000,10000,313,Pass (P=0.0%),339,1776887239
C/C++,libsodium,Ed25519,c_libraries::libsodium::ed25519_sign,constant_time,AdjacentNetwork,1,7970434012246635665,10000,0.223,rdtsc,5.000,dudect,fail,true,,18909,9,"max|t|=4.60, tau=-0.0334, threshold=4.5",339,1776887239
C/C++,libsodium,Ed25519,c_libraries::libsodium::ed25519_sign,constant_time,AdjacentNetwork,1,7970434012246635665,10000,0.223,rdtsc,5.000,tvla,pass,false,,20000,0,"|t|=0.40, threshold=4.5",339,1776887239
C/C++,libsodium,Ed25519,c_libraries::libsodium::ed25519_sign,constant_time,AdjacentNetwork,1,7970434012246635665,10000,0.223,rdtsc,5.000,silent,pass,false,,20000,1058,"stat=4.921, alpha=0.10, delta=1.0 (pool)",339,1776887240
C/C++,libsodium,Ed25519,c_libraries::libsodium::ed25519_sign,constant_time,AdjacentNetwork,1,7970434012246635665,10000,0.223,rdtsc,5.000,rtlf,fail,true,1.000000,20000,23625,"p=0.0000, alpha=0.09 (pool)",339,1776887264
C/C++,libsodium,Ed25519,c_libraries::libsodium::ed25519_sign,constant_time,AdjacentNetwork,2,32891279060181905,10000,0.223,rdtsc,0.000,tacet,pass,false,0.000000,10000,229,Pass (P=0.0%),339,1776887264
C/C++,libsodium,Ed25519,c_libraries::libsodium::ed25519_sign,constant_time,AdjacentNetwork,2,32891279060181905,10000,0.223,rdtsc,0.000,dudect,pass,false,,19275,8,"max|t|=3.66, tau=-0.0263, threshold=4.5",339,1776887265
C/C++,libsodium,Ed25519,c_libraries::libsodium::ed25519_sign,constant_time,AdjacentNetwork,2,32891279060181905,10000,0.223,rdtsc,0.000,tvla,pass,false,,20000,0,"|t|=0.16, threshold=4.5",339,1776887265
C/C++,libsodium,Ed25519,c_libraries::libsodium::ed25519_sign,constant_time,AdjacentNetwork,2,32891279060181905,10000,0.223,rdtsc,0.000,silent,fail,true,,20000,948,"stat=8.869, alpha=0.10, delta=1.0 (pool)",339,1776887265
C/C++,libsodium,Ed25519,c_libraries::libsodium::ed25519_sign,constant_time,AdjacentNetwork,2,32891279060181905,10000,0.223,rdtsc,0.000,rtlf,pass,false,0.000000,20000,20263,"p=1.0000, alpha=0.09 (pool)",339,1776887286
C/C++,libsodium,Ed25519,c_libraries::libsodium::ed25519_sign,constant_time,AdjacentNetwork,2,32891279060181905,10000,0.223,rdtsc,5.000,tacet,pass,false,0.000000,10000,294,Pass (P=0.0%),339,1776887286
C/C++,libsodium,Ed25519,c_libraries::libsodium::ed25519_sign,constant_time,AdjacentNetwork,2,32891279060181905,10000,0.223,rdtsc,5.000,dudect,pass,false,,19224,9,"max|t|=3.48, tau=-0.0251, threshold=4.5",339,1776887286
C/C++,libsodium,Ed25519,c_libraries::libsodium::ed25519_sign,constant_time,AdjacentNetwork,2,32891279060181905,10000,0.223,rdtsc,5.000,tvla,pass,false,,20000,0,"|t|=0.16, threshold=4.5",339,1776887286
C/C++,libsodium,Ed25519,c_libraries::libsodium::ed25519_sign,constant_time,AdjacentNetwork,2,32891279060181905,10000,0.223,rdtsc,5.000,silent,fail,true,,20000,1009,"stat=49.722, alpha=0.10, delta=1.0 (pool)",339,1776887287
C/C++,libsodium,Ed25519,c_libraries::libsodium::ed25519_sign,constant_time,AdjacentNetwork,2,32891279060181905,10000,0.223,rdtsc,5.000,rtlf,pass,false,0.000000,20000,23170,"p=1.0000, alpha=0.09 (pool)",339,1776887310
C/C++,libsodium,Ed25519,c_libraries::libsodium::ed25519_sign,constant_time,AdjacentNetwork,3,6463052652355296689,10000,0.223,rdtsc,0.000,tacet,pass,false,0.000000,10000,229,Pass (P=0.0%),338,1776887311
C/C++,libsodium,Ed25519,c_libraries::libsodium::ed25519_sign,constant_time,AdjacentNetwork,3,6463052652355296689,10000,0.223,rdtsc,0.000,dudect,pass,false,,19210,8,"max|t|=2.66, tau=-0.0192, threshold=4.5",338,1776887311
C/C++,libsodium,Ed25519,c_libraries::libsodium::ed25519_sign,constant_time,AdjacentNetwork,3,6463052652355296689,10000,0.223,rdtsc,0.000,tvla,pass,false,,20000,0,"|t|=0.02, threshold=4.5",338,1776887311
C/C++,libsodium,Ed25519,c_libraries::libsodium::ed25519_sign,constant_time,AdjacentNetwork,3,6463052652355296689,10000,0.223,rdtsc,0.000,silent,pass,false,,20000,839,"stat=0.332, alpha=0.10, delta=1.0 (pool)",338,1776887312
C/C++,libsodium,Ed25519,c_libraries::libsodium::ed25519_sign,constant_time,AdjacentNetwork,3,6463052652355296689,10000,0.223,rdtsc,0.000,rtlf,pass,false,0.000000,20000,20046,"p=1.0000, alpha=0.09 (pool)",338,1776887332
C/C++,libsodium,Ed25519,c_libraries::libsodium::ed25519_sign,constant_time,AdjacentNetwork,3,6463052652355296689,10000,0.223,rdtsc,5.000,tacet,pass,false,0.000000,10000,307,Pass (P=0.0%),338,1776887332
C/C++,libsodium,Ed25519,c_libraries::libsodium::ed25519_sign,constant_time,AdjacentNetwork,3,6463052652355296689,10000,0.223,rdtsc,5.000,dudect,pass,false,,19174,9,"max|t|=2.71, tau=-0.0196, threshold=4.5",338,1776887332
C/C++,libsodium,Ed25519,c_libraries::libsodium::ed25519_sign,constant_time,AdjacentNetwork,3,6463052652355296689,10000,0.223,rdtsc,5.000,tvla,pass,false,,20000,0,"|t|=0.02, threshold=4.5",338,1776887332
C/C++,libsodium,Ed25519,c_libraries::libsodium::ed25519_sign,constant_time,AdjacentNetwork,3,6463052652355296689,10000,0.223,rdtsc,5.000,silent,pass,false,,20000,1120,"stat=1.031, alpha=0.10, delta=1.0 (pool)",338,1776887333
C/C++,libsodium,Ed25519,c_libraries::libsodium::ed25519_sign,constant_time,AdjacentNetwork,3,6463052652355296689,10000,0.223,rdtsc,5.000,rtlf,pass,false,0.000000,20000,23716,"p=1.0000, alpha=0.09 (pool)",338,1776887357
C/C++,libsodium,Ed25519,c_libraries::libsodium::ed25519_sign,constant_time,AdjacentNetwork,4,13791190684930009006,10000,0.223,rdtsc,0.000,tacet,pass,false,0.000000,10000,262,Pass (P=0.0%),346,1776887357
C/C++,libsodium,Ed25519,c_libraries::libsodium::ed25519_sign,constant_time,AdjacentNetwork,4,13791190684930009006,10000,0.223,rdtsc,0.000,dudect,pass,false,,19214,9,"max|t|=3.19, tau=-0.0230, threshold=4.5",346,1776887357
C/C++,libsodium,Ed25519,c_libraries::libsodium::ed25519_sign,constant_time,AdjacentNetwork,4,13791190684930009006,10000,0.223,rdtsc,0.000,tvla,pass,false,,20000,0,"|t|=1.36, threshold=4.5",346,1776887357
C/C++,libsodium,Ed25519,c_libraries::libsodium::ed25519_sign,constant_time,AdjacentNetwork,4,13791190684930009006,10000,0.223,rdtsc,0.000,silent,pass,false,,20000,996,"stat=2.512, alpha=0.10, delta=1.0 (pool)",346,1776887358
C/C++,libsodium,Ed25519,c_libraries::libsodium::ed25519_sign,constant_time,AdjacentNetwork,4,13791190684930009006,10000,0.223,rdtsc,0.000,rtlf,pass,false,0.000000,20000,21859,"p=1.0000, alpha=0.09 (pool)",346,1776887380
C/C++,libsodium,Ed25519,c_libraries::libsodium::ed25519_sign,constant_time,AdjacentNetwork,4,13791190684930009006,10000,0.223,rdtsc,5.000,tacet,pass,false,0.000000,10000,352,Pass (P=0.0%),346,1776887381
C/C++,libsodium,Ed25519,c_libraries::libsodium::ed25519_sign,constant_time,AdjacentNetwork,4,13791190684930009006,10000,0.223,rdtsc,5.000,dudect,pass,false,,19115,9,"max|t|=3.26, tau=-0.0236, threshold=4.5",346,1776887381
C/C++,libsodium,Ed25519,c_libraries::libsodium::ed25519_sign,constant_time,AdjacentNetwork,4,13791190684930009006,10000,0.223,rdtsc,5.000,tvla,pass,false,,20000,0,"|t|=1.36, threshold=4.5",346,1776887381
C/C++,libsodium,Ed25519,c_libraries::libsodium::ed25519_sign,constant_time,AdjacentNetwork,4,13791190684930009006,10000,0.223,rdtsc,5.000,silent,pass,false,,20000,1117,"stat=2.444, alpha=0.10, delta=1.0 (pool)",346,1776887382
C/C++,libsodium,Ed25519,c_libraries::libsodium::ed25519_sign,constant_time,AdjacentNetwork,4,13791190684930009006,10000,0.223,rdtsc,5.000,rtlf,pass,false,0.000000,20000,24905,"p=1.0000, alpha=0.09 (pool)",346,1776887407
C/C++,libsodium,Ed25519,c_libraries::libsodium::ed25519_sign,constant_time,AdjacentNetwork,5,9329310494821122244,10000,0.223,rdtsc,0.000,tacet,pass,false,0.000000,10000,265,Pass (P=0.0%),346,1776887407
C/C++,libsodium,Ed25519,c_libraries::libsodium::ed25519_sign,constant_time,AdjacentNetwork,5,9329310494821122244,10000,0.223,rdtsc,0.000,dudect,pass,false,,15558,9,"max|t|=2.76, tau=0.0221, threshold=4.5",346,1776887407
C/C++,libsodium,Ed25519,c_libraries::libsodium::ed25519_sign,constant_time,AdjacentNetwork,5,9329310494821122244,10000,0.223,rdtsc,0.000,tvla,pass,false,,20000,0,"|t|=0.54, threshold=4.5",346,1776887407
C/C++,libsodium,Ed25519,c_libraries::libsodium::ed25519_sign,constant_time,AdjacentNetwork,5,9329310494821122244,10000,0.223,rdtsc,0.000,silent,pass,false,,20000,974,"stat=0.324, alpha=0.10, delta=1.0 (pool)",346,1776887408
C/C++,libsodium,Ed25519,c_libraries::libsodium::ed25519_sign,constant_time,AdjacentNetwork,5,9329310494821122244,10000,0.223,rdtsc,0.000,rtlf,pass,false,0.000000,20000,22009,"p=1.0000, alpha=0.09 (pool)",346,1776887430
C/C++,libsodium,Ed25519,c_libraries::libsodium::ed25519_sign,constant_time,AdjacentNetwork,5,9329310494821122244,10000,0.223,rdtsc,5.000,tacet,pass,false,0.000000,10000,360,Pass (P=0.0%),346,1776887431
C/C++,libsodium,Ed25519,c_libraries::libsodium::ed25519_sign,constant_time,AdjacentNetwork,5,9329310494821122244,10000,0.223,rdtsc,5.000,dudect,pass,false,,15717,9,"max|t|=2.92, tau=0.0233, threshold=4.5",346,1776887431
C/C++,libsodium,Ed25519,c_libraries::libsodium::ed25519_sign,constant_time,AdjacentNetwork,5,9329310494821122244,10000,0.223,rdtsc,5.000,tvla,pass,false,,20000,0,"|t|=0.55, threshold=4.5",346,1776887431
C/C++,libsodium,Ed25519,c_libraries::libsodium::ed25519_sign,constant_time,AdjacentNetwork,5,9329310494821122244,10000,0.223,rdtsc,5.000,silent,pass,false,,20000,1088,"stat=0.541, alpha=0.10, delta=1.0 (pool)",346,1776887432
C/C++,libsodium,Ed25519,c_libraries::libsodium::ed25519_sign,constant_time,AdjacentNetwork,5,9329310494821122244,10000,0.223,rdtsc,5.000,rtlf,fail,true,1.000000,20000,25027,"p=0.0000, alpha=0.09 (pool)",346,1776887457
C/C++,libsodium,Ed25519,c_libraries::libsodium::ed25519_sign,constant_time,AdjacentNetwork,6,6348657202958305343,10000,0.223,rdtsc,0.000,tacet,pass,false,0.000000,10000,270,Pass (P=0.0%),352,1776887457
C/C++,libsodium,Ed25519,c_libraries::libsodium::ed25519_sign,constant_time,AdjacentNetwork,6,6348657202958305343,10000,0.223,rdtsc,0.000,dudect,pass,false,,19661,9,"max|t|=2.33, tau=-0.0166, threshold=4.5",352,1776887457
C/C++,libsodium,Ed25519,c_libraries::libsodium::ed25519_sign,constant_time,AdjacentNetwork,6,6348657202958305343,10000,0.223,rdtsc,0.000,tvla,pass,false,,20000,0,"|t|=0.39, threshold=4.5",352,1776887457
C/C++,libsodium,Ed25519,c_libraries::libsodium::ed25519_sign,constant_time,AdjacentNetwork,6,6348657202958305343,10000,0.223,rdtsc,0.000,silent,pass,false,,20000,1004,"stat=1.284, alpha=0.10, delta=1.0 (pool)",352,1776887458
C/C++,libsodium,Ed25519,c_libraries::libsodium::ed25519_sign,constant_time,AdjacentNetwork,6,6348657202958305343,10000,0.223,rdtsc,0.000,rtlf,pass,false,0.000000,20000,22391,"p=1.0000, alpha=0.09 (pool)",352,1776887481
C/C++,libsodium,Ed25519,c_libraries::libsodium::ed25519_sign,constant_time,AdjacentNetwork,6,6348657202958305343,10000,0.223,rdtsc,5.000,tacet,pass,false,0.000000,10000,356,Pass (P=0.0%),352,1776887481
C/C++,libsodium,Ed25519,c_libraries::libsodium::ed25519_sign,constant_time,AdjacentNetwork,6,6348657202958305343,10000,0.223,rdtsc,5.000,dudect,pass,false,,19665,9,"max|t|=2.45, tau=-0.0175, threshold=4.5",352,1776887481
C/C++,libsodium,Ed25519,c_libraries::libsodium::ed25519_sign,constant_time,AdjacentNetwork,6,6348657202958305343,10000,0.223,rdtsc,5.000,tvla,pass,false,,20000,0,"|t|=0.39, threshold=4.5",352,1776887481
C/C++,libsodium,Ed25519,c_libraries::libsodium::ed25519_sign,constant_time,AdjacentNetwork,6,6348657202958305343,10000,0.223,rdtsc,5.000,silent,pass,false,,20000,1103,"stat=3.305, alpha=0.10, delta=1.0 (pool)",352,1776887482
C/C++,libsodium,Ed25519,c_libraries::libsodium::ed25519_sign,constant_time,AdjacentNetwork,6,6348657202958305343,10000,0.223,rdtsc,5.000,rtlf,pass,false,0.000000,20000,25301,"p=1.0000, alpha=0.09 (pool)",352,1776887508
C/C++,libsodium,Ed25519,c_libraries::libsodium::ed25519_sign,constant_time,AdjacentNetwork,7,5140504885099625482,10000,0.223,rdtsc,0.000,tacet,pass,false,0.000000,10000,270,Pass (P=0.0%),345,1776887508
C/C++,libsodium,Ed25519,c_libraries::libsodium::ed25519_sign,constant_time,AdjacentNetwork,7,5140504885099625482,10000,0.223,rdtsc,0.000,dudect,pass,false,,4087,9,"max|t|=1.43, tau=0.0224, threshold=4.5",345,1776887508
C/C++,libsodium,Ed25519,c_libraries::libsodium::ed25519_sign,constant_time,AdjacentNetwork,7,5140504885099625482,10000,0.223,rdtsc,0.000,tvla,pass,false,,20000,0,"|t|=0.56, threshold=4.5",345,1776887508
C/C++,libsodium,Ed25519,c_libraries::libsodium::ed25519_sign,constant_time,AdjacentNetwork,7,5140504885099625482,10000,0.223,rdtsc,0.000,silent,pass,false,,20000,901,"stat=0.465, alpha=0.10, delta=1.0 (pool)",345,1776887509
C/C++,libsodium,Ed25519,c_libraries::libsodium::ed25519_sign,constant_time,AdjacentNetwork,7,5140504885099625482,10000,0.223,rdtsc,0.000,rtlf,pass,false,0.000000,20000,22171,"p=1.0000, alpha=0.09 (pool)",345,1776887531
C/C++,libsodium,Ed25519,c_libraries::libsodium::ed25519_sign,constant_time,AdjacentNetwork,7,5140504885099625482,10000,0.223,rdtsc,5.000,tacet,pass,false,0.000000,10000,359,Pass (P=0.0%),345,1776887532
C/C++,libsodium,Ed25519,c_libraries::libsodium::ed25519_sign,constant_time,AdjacentNetwork,7,5140504885099625482,10000,0.223,rdtsc,5.000,dudect,pass,false,,4535,9,"max|t|=1.82, tau=0.0270, threshold=4.5",345,1776887532
C/C++,libsodium,Ed25519,c_libraries::libsodium::ed25519_sign,constant_time,AdjacentNetwork,7,5140504885099625482,10000,0.223,rdtsc,5.000,tvla,pass,false,,20000,0,"|t|=0.56, threshold=4.5",345,1776887532
C/C++,libsodium,Ed25519,c_libraries::libsodium::ed25519_sign,constant_time,AdjacentNetwork,7,5140504885099625482,10000,0.223,rdtsc,5.000,silent,pass,false,,20000,1176,"stat=0.564, alpha=0.10, delta=1.0 (pool)",345,1776887533
C/C++,libsodium,Ed25519,c_libraries::libsodium::ed25519_sign,constant_time,AdjacentNetwork,7,5140504885099625482,10000,0.223,rdtsc,5.000,rtlf,pass,false,0.000000,20000,25010,"p=1.0000, alpha=0.09 (pool)",345,1776887558
C/C++,libsodium,Ed25519,c_libraries::libsodium::ed25519_sign,constant_time,AdjacentNetwork,8,12709504465293182615,10000,0.223,rdtsc,0.000,tacet,pass,false,0.000000,10000,263,Pass (P=0.0%),346,1776887558
C/C++,libsodium,Ed25519,c_libraries::libsodium::ed25519_sign,constant_time,AdjacentNetwork,8,12709504465293182615,10000,0.223,rdtsc,0.000,dudect,pass,false,,18711,9,"max|t|=4.24, tau=-0.0310, threshold=4.5",346,1776887558
C/C++,libsodium,Ed25519,c_libraries::libsodium::ed25519_sign,constant_time,AdjacentNetwork,8,12709504465293182615,10000,0.223,rdtsc,0.000,tvla,pass,false,,20000,0,"|t|=1.36, threshold=4.5",346,1776887558
C/C++,libsodium,Ed25519,c_libraries::libsodium::ed25519_sign,constant_time,AdjacentNetwork,8,12709504465293182615,10000,0.223,rdtsc,0.000,silent,pass,false,,20000,862,"stat=2.802, alpha=0.10, delta=1.0 (pool)",346,1776887559
C/C++,libsodium,Ed25519,c_libraries::libsodium::ed25519_sign,constant_time,AdjacentNetwork,8,12709504465293182615,10000,0.223,rdtsc,0.000,rtlf,pass,false,0.000000,20000,22046,"p=1.0000, alpha=0.09 (pool)",346,1776887581
C/C++,libsodium,Ed25519,c_libraries::libsodium::ed25519_sign,constant_time,AdjacentNetwork,8,12709504465293182615,10000,0.223,rdtsc,5.000,tacet,pass,false,0.000000,10000,347,Pass (P=0.0%),346,1776887582
C/C++,libsodium,Ed25519,c_libraries::libsodium::ed25519_sign,constant_time,AdjacentNetwork,8,12709504465293182615,10000,0.223,rdtsc,5.000,dudect,pass,false,,18648,9,"max|t|=4.25, tau=-0.0311, threshold=4.5",346,1776887582
C/C++,libsodium,Ed25519,c_libraries::libsodium::ed25519_sign,constant_time,AdjacentNetwork,8,12709504465293182615,10000,0.223,rdtsc,5.000,tvla,pass,false,,20000,0,"|t|=1.36, threshold=4.5",346,1776887582
C/C++,libsodium,Ed25519,c_libraries::libsodium::ed25519_sign,constant_time,AdjacentNetwork,8,12709504465293182615,10000,0.223,rdtsc,5.000,silent,pass,false,,20000,977,"stat=3.464, alpha=0.10, delta=1.0 (pool)",346,1776887583
C/C++,libsodium,Ed25519,c_libraries::libsodium::ed25519_sign,constant_time,AdjacentNetwork,8,12709504465293182615,10000,0.223,rdtsc,5.000,rtlf,pass,false,0.000000,20000,24966,"p=1.0000, alpha=0.09 (pool)",346,1776887608
C/C++,libsodium,Ed25519,c_libraries::libsodium::ed25519_sign,constant_time,AdjacentNetwork,9,14002040616935439461,10000,0.223,rdtsc,0.000,tacet,pass,false,0.000000,10000,273,Pass (P=0.0%),346,1776887608
C/C++,libsodium,Ed25519,c_libraries::libsodium::ed25519_sign,constant_time,AdjacentNetwork,9,14002040616935439461,10000,0.223,rdtsc,0.000,dudect,pass,false,,18355,9,"max|t|=3.26, tau=0.0241, threshold=4.5",346,1776887608
C/C++,libsodium,Ed25519,c_libraries::libsodium::ed25519_sign,constant_time,AdjacentNetwork,9,14002040616935439461,10000,0.223,rdtsc,0.000,tvla,pass,false,,20000,0,"|t|=0.18, threshold=4.5",346,1776887608
C/C++,libsodium,Ed25519,c_libraries::libsodium::ed25519_sign,constant_time,AdjacentNetwork,9,14002040616935439461,10000,0.223,rdtsc,0.000,silent,pass,false,,20000,864,"stat=4.996, alpha=0.10, delta=1.0 (pool)",346,1776887609
C/C++,libsodium,Ed25519,c_libraries::libsodium::ed25519_sign,constant_time,AdjacentNetwork,9,14002040616935439461,10000,0.223,rdtsc,0.000,rtlf,pass,false,0.000000,20000,22311,"p=1.0000, alpha=0.09 (pool)",346,1776887631
C/C++,libsodium,Ed25519,c_libraries::libsodium::ed25519_sign,constant_time,AdjacentNetwork,9,14002040616935439461,10000,0.223,rdtsc,5.000,tacet,pass,false,0.000000,10000,358,Pass (P=0.0%),346,1776887632
C/C++,libsodium,Ed25519,c_libraries::libsodium::ed25519_sign,constant_time,AdjacentNetwork,9,14002040616935439461,10000,0.223,rdtsc,5.000,dudect,pass,false,,18157,9,"max|t|=3.47, tau=0.0257, threshold=4.5",346,1776887632
C/C++,libsodium,Ed25519,c_libraries::libsodium::ed25519_sign,constant_time,AdjacentNetwork,9,14002040616935439461,10000,0.223,rdtsc,5.000,tvla,pass,false,,20000,0,"|t|=0.17, threshold=4.5",346,1776887632
C/C++,libsodium,Ed25519,c_libraries::libsodium::ed25519_sign,constant_time,AdjacentNetwork,9,14002040616935439461,10000,0.223,rdtsc,5.000,silent,fail,true,,20000,987,"stat=9.967, alpha=0.10, delta=1.0 (pool)",346,1776887633
C/C++,libsodium,Ed25519,c_libraries::libsodium::ed25519_sign,constant_time,AdjacentNetwork,9,14002040616935439461,10000,0.223,rdtsc,5.000,rtlf,fail,true,1.000000,20000,25061,"p=0.0000, alpha=0.09 (pool)",346,1776887658
C/C++,libsodium,Ed25519,c_libraries::libsodium::ed25519_sign,constant_time,AdjacentNetwork,10,3335784747518990472,10000,0.223,rdtsc,0.000,tacet,pass,false,0.000000,10000,274,Pass (P=0.0%),347,1776887659
C/C++,libsodium,Ed25519,c_libraries::libsodium::ed25519_sign,constant_time,AdjacentNetwork,10,3335784747518990472,10000,0.223,rdtsc,0.000,dudect,pass,false,,19813,9,"max|t|=2.38, tau=-0.0169, threshold=4.5",347,1776887659
C/C++,libsodium,Ed25519,c_libraries::libsodium::ed25519_sign,constant_time,AdjacentNetwork,10,3335784747518990472,10000,0.223,rdtsc,0.000,tvla,pass,false,,20000,0,"|t|=0.39, threshold=4.5",347,1776887659
C/C++,libsodium,Ed25519,c_libraries::libsodium::ed25519_sign,constant_time,AdjacentNetwork,10,3335784747518990472,10000,0.223,rdtsc,0.000,silent,pass,false,,20000,1006,"stat=5.043, alpha=0.10, delta=1.0 (pool)",347,1776887660
C/C++,libsodium,Ed25519,c_libraries::libsodium::ed25519_sign,constant_time,AdjacentNetwork,10,3335784747518990472,10000,0.223,rdtsc,0.000,rtlf,pass,false,0.000000,20000,22355,"p=1.0000, alpha=0.09 (pool)",347,1776887682
C/C++,libsodium,Ed25519,c_libraries::libsodium::ed25519_sign,constant_time,AdjacentNetwork,10,3335784747518990472,10000,0.223,rdtsc,5.000,tacet,pass,false,0.000000,10000,365,Pass (P=0.0%),347,1776887682
C/C++,libsodium,Ed25519,c_libraries::libsodium::ed25519_sign,constant_time,AdjacentNetwork,10,3335784747518990472,10000,0.223,rdtsc,5.000,dudect,pass,false,,19820,9,"max|t|=2.40, tau=-0.0170, threshold=4.5",347,1776887682
C/C++,libsodium,Ed25519,c_libraries::libsodium::ed25519_sign,constant_time,AdjacentNetwork,10,3335784747518990472,10000,0.223,rdtsc,5.000,tvla,pass,false,,20000,0,"|t|=0.39, threshold=4.5",347,1776887682
C/C++,libsodium,Ed25519,c_libraries::libsodium::ed25519_sign,constant_time,AdjacentNetwork,10,3335784747518990472,10000,0.223,rdtsc,5.000,silent,pass,false,,20000,982,"stat=6.412, alpha=0.10, delta=1.0 (pool)",347,1776887683
C/C++,libsodium,Ed25519,c_libraries::libsodium::ed25519_sign,constant_time,AdjacentNetwork,10,3335784747518990472,10000,0.223,rdtsc,5.000,rtlf,pass,false,0.000000,20000,25506,"p=1.0000, alpha=0.09 (pool)",347,1776887709
C/C++,libsodium,Ed25519,c_libraries::libsodium::ed25519_sign,constant_time,AdjacentNetwork,11,12771573836352869037,10000,0.223,rdtsc,0.000,tacet,pass,false,0.000000,10000,267,Pass (P=0.0%),346,1776887709
C/C++,libsodium,Ed25519,c_libraries::libsodium::ed25519_sign,constant_time,AdjacentNetwork,11,12771573836352869037,10000,0.223,rdtsc,0.000,dudect,pass,false,,19270,9,"max|t|=4.28, tau=-0.0308, threshold=4.5",346,1776887709
C/C++,libsodium,Ed25519,c_libraries::libsodium::ed25519_sign,constant_time,AdjacentNetwork,11,12771573836352869037,10000,0.223,rdtsc,0.000,tvla,pass,false,,20000,0,"|t|=1.32, threshold=4.5",346,1776887709
C/C++,libsodium,Ed25519,c_libraries::libsodium::ed25519_sign,constant_time,AdjacentNetwork,11,12771573836352869037,10000,0.223,rdtsc,0.000,silent,pass,false,,20000,1012,"stat=0.784, alpha=0.10, delta=1.0 (pool)",346,1776887710
C/C++,libsodium,Ed25519,c_libraries::libsodium::ed25519_sign,constant_time,AdjacentNetwork,11,12771573836352869037,10000,0.223,rdtsc,0.000,rtlf,pass,false,0.000000,20000,22212,"p=1.0000, alpha=0.09 (pool)",346,1776887733
C/C++,libsodium,Ed25519,c_libraries::libsodium::ed25519_sign,constant_time,AdjacentNetwork,11,12771573836352869037,10000,0.223,rdtsc,5.000,tacet,pass,false,0.000000,10000,347,Pass (P=0.0%),346,1776887733
C/C++,libsodium,Ed25519,c_libraries::libsodium::ed25519_sign,constant_time,AdjacentNetwork,11,12771573836352869037,10000,0.223,rdtsc,5.000,dudect,pass,false,,19279,9,"max|t|=4.29, tau=-0.0309, threshold=4.5",346,1776887733
C/C++,libsodium,Ed25519,c_libraries::libsodium::ed25519_sign,constant_time,AdjacentNetwork,11,12771573836352869037,10000,0.223,rdtsc,5.000,tvla,pass,false,,20000,0,"|t|=1.32, threshold=4.5",346,1776887733
C/C++,libsodium,Ed25519,c_libraries::libsodium::ed25519_sign,constant_time,AdjacentNetwork,11,12771573836352869037,10000,0.223,rdtsc,5.000,silent,pass,false,,20000,1100,"stat=2.589, alpha=0.10, delta=1.0 (pool)",346,1776887734
C/C++,libsodium,Ed25519,c_libraries::libsodium::ed25519_sign,constant_time,AdjacentNetwork,11,12771573836352869037,10000,0.223,rdtsc,5.000,rtlf,pass,false,0.000000,20000,24599,"p=1.0000, alpha=0.09 (pool)",346,1776887759
C/C++,libsodium,Ed25519,c_libraries::libsodium::ed25519_sign,constant_time,AdjacentNetwork,12,7643396267366310542,10000,0.223,rdtsc,0.000,tacet,pass,false,0.000000,10000,269,Pass (P=0.0%),346,1776887759
C/C++,libsodium,Ed25519,c_libraries::libsodium::ed25519_sign,constant_time,AdjacentNetwork,12,7643396267366310542,10000,0.223,rdtsc,0.000,dudect,pass,false,,19831,9,"max|t|=2.84, tau=-0.0202, threshold=4.5",346,1776887759
C/C++,libsodium,Ed25519,c_libraries::libsodium::ed25519_sign,constant_time,AdjacentNetwork,12,7643396267366310542,10000,0.223,rdtsc,0.000,tvla,pass,false,,20000,0,"|t|=1.16, threshold=4.5",346,1776887759
C/C++,libsodium,Ed25519,c_libraries::libsodium::ed25519_sign,constant_time,AdjacentNetwork,12,7643396267366310542,10000,0.223,rdtsc,0.000,silent,pass,false,,20000,1039,"stat=3.603, alpha=0.10, delta=1.0 (pool)",346,1776887760
C/C++,libsodium,Ed25519,c_libraries::libsodium::ed25519_sign,constant_time,AdjacentNetwork,12,7643396267366310542,10000,0.223,rdtsc,0.000,rtlf,pass,false,0.000000,20000,22201,"p=1.0000, alpha=0.09 (pool)",346,1776887783
C/C++,libsodium,Ed25519,c_libraries::libsodium::ed25519_sign,constant_time,AdjacentNetwork,12,7643396267366310542,10000,0.223,rdtsc,5.000,tacet,pass,false,0.000000,10000,358,Pass (P=0.0%),346,1776887783
C/C++,libsodium,Ed25519,c_libraries::libsodium::ed25519_sign,constant_time,AdjacentNetwork,12,7643396267366310542,10000,0.223,rdtsc,5.000,dudect,pass,false,,19832,9,"max|t|=2.91, tau=-0.0207, threshold=4.5",346,1776887783
C/C++,libsodium,Ed25519,c_libraries::libsodium::ed25519_sign,constant_time,AdjacentNetwork,12,7643396267366310542,10000,0.223,rdtsc,5.000,tvla,pass,false,,20000,0,"|t|=1.16, threshold=4.5",346,1776887783
C/C++,libsodium,Ed25519,c_libraries::libsodium::ed25519_sign,constant_time,AdjacentNetwork,12,7643396267366310542,10000,0.223,rdtsc,5.000,silent,fail,true,,20000,1167,"stat=7.785, alpha=0.10, delta=1.0 (pool)",346,1776887784
C/C++,libsodium,Ed25519,c_libraries::libsodium::ed25519_sign,constant_time,AdjacentNetwork,12,7643396267366310542,10000,0.223,rdtsc,5.000,rtlf,pass,false,0.000000,20000,24998,"p=1.0000, alpha=0.09 (pool)",346,1776887809
C/C++,libsodium,Ed25519,c_libraries::libsodium::ed25519_sign,constant_time,AdjacentNetwork,13,13252678918360487590,10000,0.223,rdtsc,0.000,tacet,pass,false,0.000000,10000,267,Pass (P=0.0%),346,1776887810
C/C++,libsodium,Ed25519,c_libraries::libsodium::ed25519_sign,constant_time,AdjacentNetwork,13,13252678918360487590,10000,0.223,rdtsc,0.000,dudect,fail,true,,19227,9,"max|t|=6.06, tau=-0.0437, threshold=4.5",346,1776887810
C/C++,libsodium,Ed25519,c_libraries::libsodium::ed25519_sign,constant_time,AdjacentNetwork,13,13252678918360487590,10000,0.223,rdtsc,0.000,tvla,pass,false,,20000,0,"|t|=0.84, threshold=4.5",346,1776887810
C/C++,libsodium,Ed25519,c_libraries::libsodium::ed25519_sign,constant_time,AdjacentNetwork,13,13252678918360487590,10000,0.223,rdtsc,0.000,silent,fail,true,,20000,1137,"stat=8.462, alpha=0.10, delta=1.0 (pool)",346,1776887811
C/C++,libsodium,Ed25519,c_libraries::libsodium::ed25519_sign,constant_time,AdjacentNetwork,13,13252678918360487590,10000,0.223,rdtsc,0.000,rtlf,fail,true,1.000000,20000,22210,"p=0.0000, alpha=0.09 (pool)",346,1776887833
C/C++,libsodium,Ed25519,c_libraries::libsodium::ed25519_sign,constant_time,AdjacentNetwork,13,13252678918360487590,10000,0.223,rdtsc,5.000,tacet,pass,false,0.000000,10000,367,Pass (P=0.0%),346,1776887833
C/C++,libsodium,Ed25519,c_libraries::libsodium::ed25519_sign,constant_time,AdjacentNetwork,13,13252678918360487590,10000,0.223,rdtsc,5.000,dudect,fail,true,,19230,9,"max|t|=6.09, tau=-0.0439, threshold=4.5",346,1776887833
C/C++,libsodium,Ed25519,c_libraries::libsodium::ed25519_sign,constant_time,AdjacentNetwork,13,13252678918360487590,10000,0.223,rdtsc,5.000,tvla,pass,false,,20000,0,"|t|=0.84, threshold=4.5",346,1776887833
C/C++,libsodium,Ed25519,c_libraries::libsodium::ed25519_sign,constant_time,AdjacentNetwork,13,13252678918360487590,10000,0.223,rdtsc,5.000,silent,fail,true,,20000,1095,"stat=9.685, alpha=0.10, delta=1.0 (pool)",346,1776887835
C/C++,libsodium,Ed25519,c_libraries::libsodium::ed25519_sign,constant_time,AdjacentNetwork,13,13252678918360487590,10000,0.223,rdtsc,5.000,rtlf,fail,true,1.000000,20000,24748,"p=0.0000, alpha=0.09 (pool)",346,1776887859
C/C++,libsodium,Ed25519,c_libraries::libsodium::ed25519_sign,constant_time,AdjacentNetwork,14,1214243361007879087,10000,0.223,rdtsc,0.000,tacet,pass,false,0.000000,10000,259,Pass (P=0.0%),343,1776887860
C/C++,libsodium,Ed25519,c_libraries::libsodium::ed25519_sign,constant_time,AdjacentNetwork,14,1214243361007879087,10000,0.223,rdtsc,0.000,dudect,pass,false,,19776,9,"max|t|=2.22, tau=0.0158, threshold=4.5",343,1776887860
C/C++,libsodium,Ed25519,c_libraries::libsodium::ed25519_sign,constant_time,AdjacentNetwork,14,1214243361007879087,10000,0.223,rdtsc,0.000,tvla,pass,false,,20000,0,"|t|=0.52, threshold=4.5",343,1776887860
C/C++,libsodium,Ed25519,c_libraries::libsodium::ed25519_sign,constant_time,AdjacentNetwork,14,1214243361007879087,10000,0.223,rdtsc,0.000,silent,pass,false,,20000,849,"stat=0.088, alpha=0.10, delta=1.0 (pool)",343,1776887861
C/C++,libsodium,Ed25519,c_libraries::libsodium::ed25519_sign,constant_time,AdjacentNetwork,14,1214243361007879087,10000,0.223,rdtsc,0.000,rtlf,pass,false,0.000000,20000,21653,"p=1.0000, alpha=0.09 (pool)",343,1776887882
C/C++,libsodium,Ed25519,c_libraries::libsodium::ed25519_sign,constant_time,AdjacentNetwork,14,1214243361007879087,10000,0.223,rdtsc,5.000,tacet,pass,false,0.000000,10000,350,Pass (P=0.0%),343,1776887883
C/C++,libsodium,Ed25519,c_libraries::libsodium::ed25519_sign,constant_time,AdjacentNetwork,14,1214243361007879087,10000,0.223,rdtsc,5.000,dudect,pass,false,,19762,9,"max|t|=2.35, tau=0.0167, threshold=4.5",343,1776887883
C/C++,libsodium,Ed25519,c_libraries::libsodium::ed25519_sign,constant_time,AdjacentNetwork,14,1214243361007879087,10000,0.223,rdtsc,5.000,tvla,pass,false,,20000,0,"|t|=0.53, threshold=4.5",343,1776887883
C/C++,libsodium,Ed25519,c_libraries::libsodium::ed25519_sign,constant_time,AdjacentNetwork,14,1214243361007879087,10000,0.223,rdtsc,5.000,silent,pass,false,,20000,942,"stat=1.210, alpha=0.10, delta=1.0 (pool)",343,1776887884
C/C++,libsodium,Ed25519,c_libraries::libsodium::ed25519_sign,constant_time,AdjacentNetwork,14,1214243361007879087,10000,0.223,rdtsc,5.000,rtlf,pass,false,0.000000,20000,24366,"p=1.0000, alpha=0.09 (pool)",343,1776887908
C/C++,libsodium,Ed25519,c_libraries::libsodium::ed25519_sign,constant_time,AdjacentNetwork,15,9075834288637245570,10000,0.223,rdtsc,0.000,tacet,pass,false,0.000000,10000,224,Pass (P=0.0%),337,1776887909
C/C++,libsodium,Ed25519,c_libraries::libsodium::ed25519_sign,constant_time,AdjacentNetwork,15,9075834288637245570,10000,0.223,rdtsc,0.000,dudect,fail,true,,19557,8,"max|t|=7.76, tau=-0.0555, threshold=4.5",337,1776887909
C/C++,libsodium,Ed25519,c_libraries::libsodium::ed25519_sign,constant_time,AdjacentNetwork,15,9075834288637245570,10000,0.223,rdtsc,0.000,tvla,pass,false,,20000,0,"|t|=1.75, threshold=4.5",337,1776887909
C/C++,libsodium,Ed25519,c_libraries::libsodium::ed25519_sign,constant_time,AdjacentNetwork,15,9075834288637245570,10000,0.223,rdtsc,0.000,silent,fail,true,,20000,824,"stat=5.306, alpha=0.10, delta=1.0 (pool)",337,1776887909
C/C++,libsodium,Ed25519,c_libraries::libsodium::ed25519_sign,constant_time,AdjacentNetwork,15,9075834288637245570,10000,0.223,rdtsc,0.000,rtlf,pass,false,0.000000,20000,19959,"p=1.0000, alpha=0.09 (pool)",337,1776887929
C/C++,libsodium,Ed25519,c_libraries::libsodium::ed25519_sign,constant_time,AdjacentNetwork,15,9075834288637245570,10000,0.223,rdtsc,5.000,tacet,pass,false,0.000000,10000,286,Pass (P=0.0%),337,1776887930
C/C++,libsodium,Ed25519,c_libraries::libsodium::ed25519_sign,constant_time,AdjacentNetwork,15,9075834288637245570,10000,0.223,rdtsc,5.000,dudect,fail,true,,19558,9,"max|t|=7.73, tau=-0.0553, threshold=4.5",337,1776887930
C/C++,libsodium,Ed25519,c_libraries::libsodium::ed25519_sign,constant_time,AdjacentNetwork,15,9075834288637245570,10000,0.223,rdtsc,5.000,tvla,pass,false,,20000,0,"|t|=1.75, threshold=4.5",337,1776887930
C/C++,libsodium,Ed25519,c_libraries::libsodium::ed25519_sign,constant_time,AdjacentNetwork,15,9075834288637245570,10000,0.223,rdtsc,5.000,silent,fail,true,,20000,876,"stat=26.619, alpha=0.10, delta=1.0 (pool)",337,1776887931
C/C++,libsodium,Ed25519,c_libraries::libsodium::ed25519_sign,constant_time,AdjacentNetwork,15,9075834288637245570,10000,0.223,rdtsc,5.000,rtlf,fail,true,1.000000,20000,23088,"p=0.0000, alpha=0.09 (pool)",337,1776887954
C/C++,libsodium,Ed25519,c_libraries::libsodium::ed25519_sign,constant_time,AdjacentNetwork,16,10181704434802825662,10000,0.223,rdtsc,0.000,tacet,pass,false,0.000000,10000,262,Pass (P=0.0%),346,1776887954
C/C++,libsodium,Ed25519,c_libraries::libsodium::ed25519_sign,constant_time,AdjacentNetwork,16,10181704434802825662,10000,0.223,rdtsc,0.000,dudect,pass,false,,19230,9,"max|t|=2.47, tau=-0.0178, threshold=4.5",346,1776887954
C/C++,libsodium,Ed25519,c_libraries::libsodium::ed25519_sign,constant_time,AdjacentNetwork,16,10181704434802825662,10000,0.223,rdtsc,0.000,tvla,pass,false,,20000,0,"|t|=1.81, threshold=4.5",346,1776887954
C/C++,libsodium,Ed25519,c_libraries::libsodium::ed25519_sign,constant_time,AdjacentNetwork,16,10181704434802825662,10000,0.223,rdtsc,0.000,silent,pass,false,,20000,1003,"stat=0.526, alpha=0.10, delta=1.0 (pool)",346,1776887955
C/C++,libsodium,Ed25519,c_libraries::libsodium::ed25519_sign,constant_time,AdjacentNetwork,16,10181704434802825662,10000,0.223,rdtsc,0.000,rtlf,pass,false,0.000000,20000,21788,"p=1.0000, alpha=0.09 (pool)",346,1776887977
C/C++,libsodium,Ed25519,c_libraries::libsodium::ed25519_sign,constant_time,AdjacentNetwork,16,10181704434802825662,10000,0.223,rdtsc,5.000,tacet,pass,false,0.000000,10000,350,Pass (P=0.0%),346,1776887977
C/C++,libsodium,Ed25519,c_libraries::libsodium::ed25519_sign,constant_time,AdjacentNetwork,16,10181704434802825662,10000,0.223,rdtsc,5.000,dudect,pass,false,,19282,9,"max|t|=2.46, tau=-0.0177, threshold=4.5",346,1776887977
C/C++,libsodium,Ed25519,c_libraries::libsodium::ed25519_sign,constant_time,AdjacentNetwork,16,10181704434802825662,10000,0.223,rdtsc,5.000,tvla,pass,false,,20000,0,"|t|=1.81, threshold=4.5",346,1776887977
C/C++,libsodium,Ed25519,c_libraries::libsodium::ed25519_sign,constant_time,AdjacentNetwork,16,10181704434802825662,10000,0.223,rdtsc,5.000,silent,pass,false,,20000,1290,"stat=1.465, alpha=0.10, delta=1.0 (pool)",346,1776887979
C/C++,libsodium,Ed25519,c_libraries::libsodium::ed25519_sign,constant_time,AdjacentNetwork,16,10181704434802825662,10000,0.223,rdtsc,5.000,rtlf,fail,true,1.000000,20000,24806,"p=0.0000, alpha=0.09 (pool)",346,1776888004
C/C++,libsodium,Ed25519,c_libraries::libsodium::ed25519_sign,constant_time,AdjacentNetwork,17,13275209156158533194,10000,0.223,rdtsc,0.000,tacet,pass,false,0.000000,10000,267,Pass (P=0.0%),345,1776888004
C/C++,libsodium,Ed25519,c_libraries::libsodium::ed25519_sign,constant_time,AdjacentNetwork,17,13275209156158533194,10000,0.223,rdtsc,0.000,dudect,pass,false,,19336,9,"max|t|=2.21, tau=-0.0159, threshold=4.5",345,1776888004
C/C++,libsodium,Ed25519,c_libraries::libsodium::ed25519_sign,constant_time,AdjacentNetwork,17,13275209156158533194,10000,0.223,rdtsc,0.000,tvla,pass,false,,20000,0,"|t|=0.32, threshold=4.5",345,1776888004
C/C++,libsodium,Ed25519,c_libraries::libsodium::ed25519_sign,constant_time,AdjacentNetwork,17,13275209156158533194,10000,0.223,rdtsc,0.000,silent,pass,false,,20000,866,"stat=2.861, alpha=0.10, delta=1.0 (pool)",345,1776888005
C/C++,libsodium,Ed25519,c_libraries::libsodium::ed25519_sign,constant_time,AdjacentNetwork,17,13275209156158533194,10000,0.223,rdtsc,0.000,rtlf,pass,false,0.000000,20000,22215,"p=1.0000, alpha=0.09 (pool)",345,1776888027
C/C++,libsodium,Ed25519,c_libraries::libsodium::ed25519_sign,constant_time,AdjacentNetwork,17,13275209156158533194,10000,0.223,rdtsc,5.000,tacet,pass,false,0.000000,10000,353,Pass (P=0.0%),345,1776888028
C/C++,libsodium,Ed25519,c_libraries::libsodium::ed25519_sign,constant_time,AdjacentNetwork,17,13275209156158533194,10000,0.223,rdtsc,5.000,dudect,pass,false,,19727,9,"max|t|=2.35, tau=-0.0167, threshold=4.5",345,1776888028
C/C++,libsodium,Ed25519,c_libraries::libsodium::ed25519_sign,constant_time,AdjacentNetwork,17,13275209156158533194,10000,0.223,rdtsc,5.000,tvla,pass,false,,20000,0,"|t|=0.32, threshold=4.5",345,1776888028
C/C++,libsodium,Ed25519,c_libraries::libsodium::ed25519_sign,constant_time,AdjacentNetwork,17,13275209156158533194,10000,0.223,rdtsc,5.000,silent,pass,false,,20000,987,"stat=1.995, alpha=0.10, delta=1.0 (pool)",345,1776888029
C/C++,libsodium,Ed25519,c_libraries::libsodium::ed25519_sign,constant_time,AdjacentNetwork,17,13275209156158533194,10000,0.223,rdtsc,5.000,rtlf,pass,false,0.000000,20000,25209,"p=1.0000, alpha=0.09 (pool)",345,1776888054
C/C++,libsodium,Ed25519,c_libraries::libsodium::ed25519_sign,constant_time,AdjacentNetwork,18,6488309322685326415,10000,0.223,rdtsc,0.000,tacet,pass,false,0.023500,10000,322,Pass (P=2.4%),369,1776888054
C/C++,libsodium,Ed25519,c_libraries::libsodium::ed25519_sign,constant_time,AdjacentNetwork,18,6488309322685326415,10000,0.223,rdtsc,0.000,dudect,pass,false,,15472,9,"max|t|=3.43, tau=-0.0276, threshold=4.5",369,1776888054
C/C++,libsodium,Ed25519,c_libraries::libsodium::ed25519_sign,constant_time,AdjacentNetwork,18,6488309322685326415,10000,0.223,rdtsc,0.000,tvla,pass,false,,20000,0,"|t|=0.84, threshold=4.5",369,1776888054
C/C++,libsodium,Ed25519,c_libraries::libsodium::ed25519_sign,constant_time,AdjacentNetwork,18,6488309322685326415,10000,0.223,rdtsc,0.000,silent,fail,true,,20000,977,"stat=141.724, alpha=0.10, delta=1.0 (pool)",369,1776888055
C/C++,libsodium,Ed25519,c_libraries::libsodium::ed25519_sign,constant_time,AdjacentNetwork,18,6488309322685326415,10000,0.223,rdtsc,0.000,rtlf,pass,false,0.000000,20000,23078,"p=1.0000, alpha=0.09 (pool)",369,1776888079
C/C++,libsodium,Ed25519,c_libraries::libsodium::ed25519_sign,constant_time,AdjacentNetwork,18,6488309322685326415,10000,0.223,rdtsc,5.000,tacet,pass,false,0.023500,10000,405,Pass (P=2.4%),369,1776888079
C/C++,libsodium,Ed25519,c_libraries::libsodium::ed25519_sign,constant_time,AdjacentNetwork,18,6488309322685326415,10000,0.223,rdtsc,5.000,dudect,pass,false,,15637,9,"max|t|=3.52, tau=-0.0281, threshold=4.5",369,1776888079
C/C++,libsodium,Ed25519,c_libraries::libsodium::ed25519_sign,constant_time,AdjacentNetwork,18,6488309322685326415,10000,0.223,rdtsc,5.000,tvla,pass,false,,20000,0,"|t|=0.84, threshold=4.5",369,1776888079
C/C++,libsodium,Ed25519,c_libraries::libsodium::ed25519_sign,constant_time,AdjacentNetwork,18,6488309322685326415,10000,0.223,rdtsc,5.000,silent,fail,true,,20000,1097,"stat=143.439, alpha=0.10, delta=1.0 (pool)",369,1776888080
C/C++,libsodium,Ed25519,c_libraries::libsodium::ed25519_sign,constant_time,AdjacentNetwork,18,6488309322685326415,10000,0.223,rdtsc,5.000,rtlf,pass,false,0.000000,20000,25996,"p=1.0000, alpha=0.09 (pool)",369,1776888106
C/C++,libsodium,Ed25519,c_libraries::libsodium::ed25519_sign,constant_time,AdjacentNetwork,19,12424354672564703249,10000,0.223,rdtsc,0.000,tacet,pass,false,0.000000,10000,279,Pass (P=0.0%),346,1776888107
C/C++,libsodium,Ed25519,c_libraries::libsodium::ed25519_sign,constant_time,AdjacentNetwork,19,12424354672564703249,10000,0.223,rdtsc,0.000,dudect,fail,true,,18996,9,"max|t|=4.92, tau=0.0357, threshold=4.5",346,1776888107
C/C++,libsodium,Ed25519,c_libraries::libsodium::ed25519_sign,constant_time,AdjacentNetwork,19,12424354672564703249,10000,0.223,rdtsc,0.000,tvla,pass,false,,20000,0,"|t|=1.76, threshold=4.5",346,1776888107
C/C++,libsodium,Ed25519,c_libraries::libsodium::ed25519_sign,constant_time,AdjacentNetwork,19,12424354672564703249,10000,0.223,rdtsc,0.000,silent,pass,false,,20000,846,"stat=1.025, alpha=0.10, delta=1.0 (pool)",346,1776888108
C/C++,libsodium,Ed25519,c_libraries::libsodium::ed25519_sign,constant_time,AdjacentNetwork,19,12424354672564703249,10000,0.223,rdtsc,0.000,rtlf,pass,false,0.000000,20000,22139,"p=1.0000, alpha=0.09 (pool)",346,1776888130
C/C++,libsodium,Ed25519,c_libraries::libsodium::ed25519_sign,constant_time,AdjacentNetwork,19,12424354672564703249,10000,0.223,rdtsc,5.000,tacet,pass,false,0.000000,10000,361,Pass (P=0.0%),346,1776888130
C/C++,libsodium,Ed25519,c_libraries::libsodium::ed25519_sign,constant_time,AdjacentNetwork,19,12424354672564703249,10000,0.223,rdtsc,5.000,dudect,fail,true,,18972,9,"max|t|=4.86, tau=0.0353, threshold=4.5",346,1776888130
C/C++,libsodium,Ed25519,c_libraries::libsodium::ed25519_sign,constant_time,AdjacentNetwork,19,12424354672564703249,10000,0.223,rdtsc,5.000,tvla,pass,false,,20000,0,"|t|=1.76, threshold=4.5",346,1776888130
C/C++,libsodium,Ed25519,c_libraries::libsodium::ed25519_sign,constant_time,AdjacentNetwork,19,12424354672564703249,10000,0.223,rdtsc,5.000,silent,pass,false,,20000,1086,"stat=1.290, alpha=0.10, delta=1.0 (pool)",346,1776888131
C/C++,libsodium,Ed25519,c_libraries::libsodium::ed25519_sign,constant_time,AdjacentNetwork,19,12424354672564703249,10000,0.223,rdtsc,5.000,rtlf,fail,true,1.000000,20000,24923,"p=0.0000, alpha=0.09 (pool)",346,1776888156
C/C++,libsodium,Ed25519,c_libraries::libsodium::ed25519_sign,constant_time,AdjacentNetwork,20,12711110141138892983,10000,0.223,rdtsc,0.000,tacet,pass,false,0.000000,10000,251,Pass (P=0.0%),341,1776888157
C/C++,libsodium,Ed25519,c_libraries::libsodium::ed25519_sign,constant_time,AdjacentNetwork,20,12711110141138892983,10000,0.223,rdtsc,0.000,dudect,pass,false,,19190,9,"max|t|=3.29, tau=-0.0237, threshold=4.5",341,1776888157
C/C++,libsodium,Ed25519,c_libraries::libsodium::ed25519_sign,constant_time,AdjacentNetwork,20,12711110141138892983,10000,0.223,rdtsc,0.000,tvla,pass,false,,20000,0,"|t|=1.11, threshold=4.5",341,1776888157
C/C++,libsodium,Ed25519,c_libraries::libsodium::ed25519_sign,constant_time,AdjacentNetwork,20,12711110141138892983,10000,0.223,rdtsc,0.000,silent,pass,false,,20000,817,"stat=1.665, alpha=0.10, delta=1.0 (pool)",341,1776888157
C/C++,libsodium,Ed25519,c_libraries::libsodium::ed25519_sign,constant_time,AdjacentNetwork,20,12711110141138892983,10000,0.223,rdtsc,0.000,rtlf,pass,false,0.000000,20000,21354,"p=1.0000, alpha=0.09 (pool)",341,1776888179
C/C++,libsodium,Ed25519,c_libraries::libsodium::ed25519_sign,constant_time,AdjacentNetwork,20,12711110141138892983,10000,0.223,rdtsc,5.000,tacet,pass,false,0.000000,10000,338,Pass (P=0.0%),341,1776888179
C/C++,libsodium,Ed25519,c_libraries::libsodium::ed25519_sign,constant_time,AdjacentNetwork,20,12711110141138892983,10000,0.223,rdtsc,5.000,dudect,pass,false,,19372,9,"max|t|=3.17, tau=-0.0228, threshold=4.5",341,1776888179
C/C++,libsodium,Ed25519,c_libraries::libsodium::ed25519_sign,constant_time,AdjacentNetwork,20,12711110141138892983,10000,0.223,rdtsc,5.000,tvla,pass,false,,20000,0,"|t|=1.11, threshold=4.5",341,1776888179
C/C++,libsodium,Ed25519,c_libraries::libsodium::ed25519_sign,constant_time,AdjacentNetwork,20,12711110141138892983,10000,0.223,rdtsc,5.000,silent,pass,false,,20000,934,"stat=2.226, alpha=0.10, delta=1.0 (pool)",341,1776888180
C/C++,libsodium,Ed25519,c_libraries::libsodium::ed25519_sign,constant_time,AdjacentNetwork,20,12711110141138892983,10000,0.223,rdtsc,5.000,rtlf,fail,true,1.000000,20000,24119,"p=0.0000, alpha=0.09 (pool)",341,1776888204
Rust,pqcrypto,ML-KEM-768,pqcrypto::kyber::kyber768_decapsulate,constant_time,PostQuantumSentinel,1,5407073028699858624,10000,0.223,rdtsc,0.000,tacet,inconclusive,false,0.023250,10000,270,"Inconclusive: DataTooNoisy { message: ""KL divergence 0.59 nats < 0.7 nats threshold; data not informative"", guidance: ""Try: more samples, higher-resolution timer, reduce system load"" }",333,1776888205
Rust,pqcrypto,ML-KEM-768,pqcrypto::kyber::kyber768_decapsulate,constant_time,PostQuantumSentinel,1,5407073028699858624,10000,0.223,rdtsc,0.000,dudect,pass,false,,19862,9,"max|t|=1.33, tau=0.0094, threshold=4.5",333,1776888205
Rust,pqcrypto,ML-KEM-768,pqcrypto::kyber::kyber768_decapsulate,constant_time,PostQuantumSentinel,1,5407073028699858624,10000,0.223,rdtsc,0.000,tvla,pass,false,,20000,0,"|t|=0.47, threshold=4.5",333,1776888205
Rust,pqcrypto,ML-KEM-768,pqcrypto::kyber::kyber768_decapsulate,constant_time,PostQuantumSentinel,1,5407073028699858624,10000,0.223,rdtsc,0.000,silent,pass,false,,20000,837,"stat=2.099, alpha=0.10, delta=1.0 (pool)",333,1776888206
Rust,pqcrypto,ML-KEM-768,pqcrypto::kyber::kyber768_decapsulate,constant_time,PostQuantumSentinel,1,5407073028699858624,10000,0.223,rdtsc,0.000,rtlf,pass,false,0.000000,20000,22448,"p=1.0000, alpha=0.09 (pool)",333,1776888228
Rust,pqcrypto,ML-KEM-768,pqcrypto::kyber::kyber768_decapsulate,constant_time,PostQuantumSentinel,1,5407073028699858624,10000,0.223,rdtsc,5.000,tacet,inconclusive,false,0.023250,10000,382,"Inconclusive: DataTooNoisy { message: ""KL divergence 0.59 nats < 0.7 nats threshold; data not informative"", guidance: ""Try: more samples, higher-resolution timer, reduce system load"" }",333,1776888229
Rust,pqcrypto,ML-KEM-768,pqcrypto::kyber::kyber768_decapsulate,constant_time,PostQuantumSentinel,1,5407073028699858624,10000,0.223,rdtsc,5.000,dudect,pass,false,,19863,9,"max|t|=1.45, tau=0.0103, threshold=4.5",333,1776888229
Rust,pqcrypto,ML-KEM-768,pqcrypto::kyber::kyber768_decapsulate,constant_time,PostQuantumSentinel,1,5407073028699858624,10000,0.223,rdtsc,5.000,tvla,pass,false,,20000,0,"|t|=0.46, threshold=4.5",333,1776888229
Rust,pqcrypto,ML-KEM-768,pqcrypto::kyber::kyber768_decapsulate,constant_time,PostQuantumSentinel,1,5407073028699858624,10000,0.223,rdtsc,5.000,silent,pass,false,,20000,956,"stat=3.891, alpha=0.10, delta=1.0 (pool)",333,1776888229
Rust,pqcrypto,ML-KEM-768,pqcrypto::kyber::kyber768_decapsulate,constant_time,PostQuantumSentinel,1,5407073028699858624,10000,0.223,rdtsc,5.000,rtlf,pass,false,0.000000,20000,25290,"p=1.0000, alpha=0.09 (pool)",333,1776888255
Rust,pqcrypto,ML-KEM-768,pqcrypto::kyber::kyber768_decapsulate,constant_time,PostQuantumSentinel,2,16486602942224098378,10000,0.223,rdtsc,0.000,tacet,inconclusive,false,0.034750,10000,271,"Inconclusive: DataTooNoisy { message: ""KL divergence 0.56 nats < 0.7 nats threshold; data not informative"", guidance: ""Try: more samples, higher-resolution timer, reduce system load"" }",332,1776888255
Rust,pqcrypto,ML-KEM-768,pqcrypto::kyber::kyber768_decapsulate,constant_time,PostQuantumSentinel,2,16486602942224098378,10000,0.223,rdtsc,0.000,dudect,pass,false,,19920,9,"max|t|=2.70, tau=-0.0191, threshold=4.5",332,1776888255
Rust,pqcrypto,ML-KEM-768,pqcrypto::kyber::kyber768_decapsulate,constant_time,PostQuantumSentinel,2,16486602942224098378,10000,0.223,rdtsc,0.000,tvla,pass,false,,20000,0,"|t|=0.64, threshold=4.5",332,1776888255
Rust,pqcrypto,ML-KEM-768,pqcrypto::kyber::kyber768_decapsulate,constant_time,PostQuantumSentinel,2,16486602942224098378,10000,0.223,rdtsc,0.000,silent,pass,false,,20000,854,"stat=2.345, alpha=0.10, delta=1.0 (pool)",332,1776888256
Rust,pqcrypto,ML-KEM-768,pqcrypto::kyber::kyber768_decapsulate,constant_time,PostQuantumSentinel,2,16486602942224098378,10000,0.223,rdtsc,0.000,rtlf,pass,false,0.000000,20000,22283,"p=1.0000, alpha=0.09 (pool)",332,1776888279
Rust,pqcrypto,ML-KEM-768,pqcrypto::kyber::kyber768_decapsulate,constant_time,PostQuantumSentinel,2,16486602942224098378,10000,0.223,rdtsc,5.000,tacet,inconclusive,false,0.034750,10000,378,"Inconclusive: DataTooNoisy { message: ""KL divergence 0.56 nats < 0.7 nats threshold; data not informative"", guidance: ""Try: more samples, higher-resolution timer, reduce system load"" }",332,1776888279
Rust,pqcrypto,ML-KEM-768,pqcrypto::kyber::kyber768_decapsulate,constant_time,PostQuantumSentinel,2,16486602942224098378,10000,0.223,rdtsc,5.000,dudect,pass,false,,19920,9,"max|t|=2.68, tau=-0.0190, threshold=4.5",332,1776888279
Rust,pqcrypto,ML-KEM-768,pqcrypto::kyber::kyber768_decapsulate,constant_time,PostQuantumSentinel,2,16486602942224098378,10000,0.223,rdtsc,5.000,tvla,pass,false,,20000,0,"|t|=0.63, threshold=4.5",332,1776888279
Rust,pqcrypto,ML-KEM-768,pqcrypto::kyber::kyber768_decapsulate,constant_time,PostQuantumSentinel,2,16486602942224098378,10000,0.223,rdtsc,5.000,silent,pass,false,,20000,985,"stat=4.312, alpha=0.10, delta=1.0 (pool)",332,1776888280
Rust,pqcrypto,ML-KEM-768,pqcrypto::kyber::kyber768_decapsulate,constant_time,PostQuantumSentinel,2,16486602942224098378,10000,0.223,rdtsc,5.000,rtlf,pass,false,0.000000,20000,25206,"p=1.0000, alpha=0.09 (pool)",332,1776888305
Rust,pqcrypto,ML-KEM-768,pqcrypto::kyber::kyber768_decapsulate,constant_time,PostQuantumSentinel,3,47689242042048377,10000,0.223,rdtsc,0.000,tacet,inconclusive,false,0.051250,10000,266,"Inconclusive: DataTooNoisy { message: ""KL divergence 0.58 nats < 0.7 nats threshold; data not informative"", guidance: ""Try: more samples, higher-resolution timer, reduce system load"" }",333,1776888306
Rust,pqcrypto,ML-KEM-768,pqcrypto::kyber::kyber768_decapsulate,constant_time,PostQuantumSentinel,3,47689242042048377,10000,0.223,rdtsc,0.000,dudect,pass,false,,19659,9,"max|t|=1.16, tau=0.0083, threshold=4.5",333,1776888306
Rust,pqcrypto,ML-KEM-768,pqcrypto::kyber::kyber768_decapsulate,constant_time,PostQuantumSentinel,3,47689242042048377,10000,0.223,rdtsc,0.000,tvla,pass,false,,20000,0,"|t|=0.63, threshold=4.5",333,1776888306
Rust,pqcrypto,ML-KEM-768,pqcrypto::kyber::kyber768_decapsulate,constant_time,PostQuantumSentinel,3,47689242042048377,10000,0.223,rdtsc,0.000,silent,fail,true,,20000,839,"stat=5.968, alpha=0.10, delta=1.0 (pool)",333,1776888307
Rust,pqcrypto,ML-KEM-768,pqcrypto::kyber::kyber768_decapsulate,constant_time,PostQuantumSentinel,3,47689242042048377,10000,0.223,rdtsc,0.000,rtlf,pass,false,0.000000,20000,22273,"p=1.0000, alpha=0.09 (pool)",333,1776888329
Rust,pqcrypto,ML-KEM-768,pqcrypto::kyber::kyber768_decapsulate,constant_time,PostQuantumSentinel,3,47689242042048377,10000,0.223,rdtsc,5.000,tacet,inconclusive,false,0.050500,10000,377,"Inconclusive: DataTooNoisy { message: ""KL divergence 0.58 nats < 0.7 nats threshold; data not informative"", guidance: ""Try: more samples, higher-resolution timer, reduce system load"" }",333,1776888329
Rust,pqcrypto,ML-KEM-768,pqcrypto::kyber::kyber768_decapsulate,constant_time,PostQuantumSentinel,3,47689242042048377,10000,0.223,rdtsc,5.000,dudect,pass,false,,19665,9,"max|t|=1.14, tau=0.0081, threshold=4.5",333,1776888329
Rust,pqcrypto,ML-KEM-768,pqcrypto::kyber::kyber768_decapsulate,constant_time,PostQuantumSentinel,3,47689242042048377,10000,0.223,rdtsc,5.000,tvla,pass,false,,20000,0,"|t|=0.62, threshold=4.5",333,1776888329
Rust,pqcrypto,ML-KEM-768,pqcrypto::kyber::kyber768_decapsulate,constant_time,PostQuantumSentinel,3,47689242042048377,10000,0.223,rdtsc,5.000,silent,fail,true,,20000,957,"stat=5.856, alpha=0.10, delta=1.0 (pool)",333,1776888330
Rust,pqcrypto,ML-KEM-768,pqcrypto::kyber::kyber768_decapsulate,constant_time,PostQuantumSentinel,3,47689242042048377,10000,0.223,rdtsc,5.000,rtlf,pass,false,0.000000,20000,25247,"p=1.0000, alpha=0.09 (pool)",333,1776888355
Rust,pqcrypto,ML-KEM-768,pqcrypto::kyber::kyber768_decapsulate,constant_time,PostQuantumSentinel,4,1609967460387453248,10000,0.223,rdtsc,0.000,tacet,inconclusive,false,0.001500,10000,283,"Inconclusive: DataTooNoisy { message: ""KL divergence 0.67 nats < 0.7 nats threshold; data not informative"", guidance: ""Try: more samples, higher-resolution timer, reduce system load"" }",334,1776888356
Rust,pqcrypto,ML-KEM-768,pqcrypto::kyber::kyber768_decapsulate,constant_time,PostQuantumSentinel,4,1609967460387453248,10000,0.223,rdtsc,0.000,dudect,pass,false,,3711,9,"max|t|=2.28, tau=-0.0374, threshold=4.5",334,1776888356
Rust,pqcrypto,ML-KEM-768,pqcrypto::kyber::kyber768_decapsulate,constant_time,PostQuantumSentinel,4,1609967460387453248,10000,0.223,rdtsc,0.000,tvla,pass,false,,20000,0,"|t|=0.40, threshold=4.5",334,1776888356
Rust,pqcrypto,ML-KEM-768,pqcrypto::kyber::kyber768_decapsulate,constant_time,PostQuantumSentinel,4,1609967460387453248,10000,0.223,rdtsc,0.000,silent,fail,true,,20000,970,"stat=7.412, alpha=0.10, delta=1.0 (pool)",334,1776888357
Rust,pqcrypto,ML-KEM-768,pqcrypto::kyber::kyber768_decapsulate,constant_time,PostQuantumSentinel,4,1609967460387453248,10000,0.223,rdtsc,0.000,rtlf,pass,false,0.000000,20000,22639,"p=1.0000, alpha=0.09 (pool)",334,1776888380
Rust,pqcrypto,ML-KEM-768,pqcrypto::kyber::kyber768_decapsulate,constant_time,PostQuantumSentinel,4,1609967460387453248,10000,0.223,rdtsc,5.000,tacet,inconclusive,false,0.001500,10000,394,"Inconclusive: DataTooNoisy { message: ""KL divergence 0.67 nats < 0.7 nats threshold; data not informative"", guidance: ""Try: more samples, higher-resolution timer, reduce system load"" }",334,1776888380
Rust,pqcrypto,ML-KEM-768,pqcrypto::kyber::kyber768_decapsulate,constant_time,PostQuantumSentinel,4,1609967460387453248,10000,0.223,rdtsc,5.000,dudect,pass,false,,2501,9,"max|t|=2.28, tau=-0.0456, threshold=4.5",334,1776888380
Rust,pqcrypto,ML-KEM-768,pqcrypto::kyber::kyber768_decapsulate,constant_time,PostQuantumSentinel,4,1609967460387453248,10000,0.223,rdtsc,5.000,tvla,pass,false,,20000,0,"|t|=0.40, threshold=4.5",334,1776888380
Rust,pqcrypto,ML-KEM-768,pqcrypto::kyber::kyber768_decapsulate,constant_time,PostQuantumSentinel,4,1609967460387453248,10000,0.223,rdtsc,5.000,silent,fail,true,,20000,1057,"stat=16.374, alpha=0.10, delta=1.0 (pool)",334,1776888381
Rust,pqcrypto,ML-KEM-768,pqcrypto::kyber::kyber768_decapsulate,constant_time,PostQuantumSentinel,4,1609967460387453248,10000,0.223,rdtsc,5.000,rtlf,pass,false,0.000000,20000,25516,"p=1.0000, alpha=0.09 (pool)",334,1776888407
Rust,pqcrypto,ML-KEM-768,pqcrypto::kyber::kyber768_decapsulate,constant_time,PostQuantumSentinel,5,7374443985686313794,10000,0.223,rdtsc,0.000,tacet,inconclusive,false,0.101250,10000,270,"Inconclusive: DataTooNoisy { message: ""KL divergence 0.53 nats < 0.7 nats threshold; data not informative"", guidance: ""Try: more samples, higher-resolution timer, reduce system load"" }",332,1776888407
Rust,pqcrypto,ML-KEM-768,pqcrypto::kyber::kyber768_decapsulate,constant_time,PostQuantumSentinel,5,7374443985686313794,10000,0.223,rdtsc,0.000,dudect,pass,false,,18600,9,"max|t|=3.73, tau=-0.0274, threshold=4.5",332,1776888407
Rust,pqcrypto,ML-KEM-768,pqcrypto::kyber::kyber768_decapsulate,constant_time,PostQuantumSentinel,5,7374443985686313794,10000,0.223,rdtsc,0.000,tvla,pass,false,,20000,0,"|t|=1.46, threshold=4.5",332,1776888407
Rust,pqcrypto,ML-KEM-768,pqcrypto::kyber::kyber768_decapsulate,constant_time,PostQuantumSentinel,5,7374443985686313794,10000,0.223,rdtsc,0.000,silent,fail,true,,20000,816,"stat=7.950, alpha=0.10, delta=1.0 (pool)",332,1776888408
Rust,pqcrypto,ML-KEM-768,pqcrypto::kyber::kyber768_decapsulate,constant_time,PostQuantumSentinel,5,7374443985686313794,10000,0.223,rdtsc,0.000,rtlf,pass,false,0.000000,20000,22924,"p=1.0000, alpha=0.09 (pool)",332,1776888431
Rust,pqcrypto,ML-KEM-768,pqcrypto::kyber::kyber768_decapsulate,constant_time,PostQuantumSentinel,5,7374443985686313794,10000,0.223,rdtsc,5.000,tacet,inconclusive,false,0.102000,10000,394,"Inconclusive: DataTooNoisy { message: ""KL divergence 0.53 nats < 0.7 nats threshold; data not informative"", guidance: ""Try: more samples, higher-resolution timer, reduce system load"" }",332,1776888431
Rust,pqcrypto,ML-KEM-768,pqcrypto::kyber::kyber768_decapsulate,constant_time,PostQuantumSentinel,5,7374443985686313794,10000,0.223,rdtsc,5.000,dudect,pass,false,,18734,9,"max|t|=3.65, tau=-0.0267, threshold=4.5",332,1776888431
Rust,pqcrypto,ML-KEM-768,pqcrypto::kyber::kyber768_decapsulate,constant_time,PostQuantumSentinel,5,7374443985686313794,10000,0.223,rdtsc,5.000,tvla,pass,false,,20000,0,"|t|=1.46, threshold=4.5",332,1776888431
Rust,pqcrypto,ML-KEM-768,pqcrypto::kyber::kyber768_decapsulate,constant_time,PostQuantumSentinel,5,7374443985686313794,10000,0.223,rdtsc,5.000,silent,fail,true,,20000,949,"stat=7.774, alpha=0.10, delta=1.0 (pool)",332,1776888432
Rust,pqcrypto,ML-KEM-768,pqcrypto::kyber::kyber768_decapsulate,constant_time,PostQuantumSentinel,5,7374443985686313794,10000,0.223,rdtsc,5.000,rtlf,pass,false,0.000000,20000,26027,"p=1.0000, alpha=0.09 (pool)",332,1776888458
Rust,pqcrypto,ML-KEM-768,pqcrypto::kyber::kyber768_decapsulate,constant_time,PostQuantumSentinel,6,6305068527935083372,10000,0.223,rdtsc,0.000,tacet,inconclusive,false,0.337000,10000,283,"Inconclusive: SampleBudgetExceeded { current_probability: 0.337, samples_collected: 10000 }",339,1776888459
Rust,pqcrypto,ML-KEM-768,pqcrypto::kyber::kyber768_decapsulate,constant_time,PostQuantumSentinel,6,6305068527935083372,10000,0.223,rdtsc,0.000,dudect,fail,true,,18983,9,"max|t|=7.01, tau=0.0509, threshold=4.5",339,1776888459
Rust,pqcrypto,ML-KEM-768,pqcrypto::kyber::kyber768_decapsulate,constant_time,PostQuantumSentinel,6,6305068527935083372,10000,0.223,rdtsc,0.000,tvla,pass,false,,20000,0,"|t|=1.19, threshold=4.5",339,1776888459
Rust,pqcrypto,ML-KEM-768,pqcrypto::kyber::kyber768_decapsulate,constant_time,PostQuantumSentinel,6,6305068527935083372,10000,0.223,rdtsc,0.000,silent,fail,true,,20000,864,"stat=18.518, alpha=0.10, delta=1.0 (pool)",339,1776888460
Rust,pqcrypto,ML-KEM-768,pqcrypto::kyber::kyber768_decapsulate,constant_time,PostQuantumSentinel,6,6305068527935083372,10000,0.223,rdtsc,0.000,rtlf,fail,true,1.000000,20000,23068,"p=0.0000, alpha=0.09 (pool)",339,1776888483
Rust,pqcrypto,ML-KEM-768,pqcrypto::kyber::kyber768_decapsulate,constant_time,PostQuantumSentinel,6,6305068527935083372,10000,0.223,rdtsc,5.000,tacet,inconclusive,false,0.334750,10000,410,"Inconclusive: SampleBudgetExceeded { current_probability: 0.33475, samples_collected: 10000 }",339,1776888483
Rust,pqcrypto,ML-KEM-768,pqcrypto::kyber::kyber768_decapsulate,constant_time,PostQuantumSentinel,6,6305068527935083372,10000,0.223,rdtsc,5.000,dudect,fail,true,,19049,9,"max|t|=6.99, tau=0.0506, threshold=4.5",339,1776888483
Rust,pqcrypto,ML-KEM-768,pqcrypto::kyber::kyber768_decapsulate,constant_time,PostQuantumSentinel,6,6305068527935083372,10000,0.223,rdtsc,5.000,tvla,pass,false,,20000,0,"|t|=1.18, threshold=4.5",339,1776888483
Rust,pqcrypto,ML-KEM-768,pqcrypto::kyber::kyber768_decapsulate,constant_time,PostQuantumSentinel,6,6305068527935083372,10000,0.223,rdtsc,5.000,silent,fail,true,,20000,1155,"stat=17.368, alpha=0.10, delta=1.0 (pool)",339,1776888485
Rust,pqcrypto,ML-KEM-768,pqcrypto::kyber::kyber768_decapsulate,constant_time,PostQuantumSentinel,6,6305068527935083372,10000,0.223,rdtsc,5.000,rtlf,fail,true,1.000000,20000,26129,"p=0.0000, alpha=0.09 (pool)",339,1776888511
Rust,pqcrypto,ML-KEM-768,pqcrypto::kyber::kyber768_decapsulate,constant_time,PostQuantumSentinel,7,9890119370013277476,10000,0.223,rdtsc,0.000,tacet,inconclusive,false,0.006750,10000,295,"Inconclusive: ThresholdElevated { theta_user: 2.0, theta_eff: 9.708576105691298, leak_probability_at_eff: 0.00675, meets_pass_criterion_at_eff: true, achievable_at_max: false, message: ""Threshold elevated from 2ns to 9.7ns; P=0.7% at elevated threshold"", guidance: ""Use more samples or a higher-resolution timer to achieve the requested threshold."" }",340,1776888511
Rust,pqcrypto,ML-KEM-768,pqcrypto::kyber::kyber768_decapsulate,constant_time,PostQuantumSentinel,7,9890119370013277476,10000,0.223,rdtsc,0.000,dudect,pass,false,,19841,9,"max|t|=2.34, tau=0.0166, threshold=4.5",340,1776888511
Rust,pqcrypto,ML-KEM-768,pqcrypto::kyber::kyber768_decapsulate,constant_time,PostQuantumSentinel,7,9890119370013277476,10000,0.223,rdtsc,0.000,tvla,pass,false,,20000,0,"|t|=0.71, threshold=4.5",340,1776888511
Rust,pqcrypto,ML-KEM-768,pqcrypto::kyber::kyber768_decapsulate,constant_time,PostQuantumSentinel,7,9890119370013277476,10000,0.223,rdtsc,0.000,silent,pass,false,,20000,895,"stat=4.041, alpha=0.10, delta=1.0 (pool)",340,1776888512
Rust,pqcrypto,ML-KEM-768,pqcrypto::kyber::kyber768_decapsulate,constant_time,PostQuantumSentinel,7,9890119370013277476,10000,0.223,rdtsc,0.000,rtlf,pass,false,0.000000,20000,23611,"p=1.0000, alpha=0.09 (pool)",340,1776888536
Rust,pqcrypto,ML-KEM-768,pqcrypto::kyber::kyber768_decapsulate,constant_time,PostQuantumSentinel,7,9890119370013277476,10000,0.223,rdtsc,5.000,tacet,inconclusive,false,0.007250,10000,411,"Inconclusive: ThresholdElevated { theta_user: 2.0, theta_eff: 9.689342801243024, leak_probability_at_eff: 0.00725, meets_pass_criterion_at_eff: true, achievable_at_max: false, message: ""Threshold elevated from 2ns to 9.7ns; P=0.7% at elevated threshold"", guidance: ""Use more samples or a higher-resolution timer to achieve the requested threshold."" }",340,1776888536
Rust,pqcrypto,ML-KEM-768,pqcrypto::kyber::kyber768_decapsulate,constant_time,PostQuantumSentinel,7,9890119370013277476,10000,0.223,rdtsc,5.000,dudect,pass,false,,19793,9,"max|t|=2.25, tau=0.0160, threshold=4.5",340,1776888536
Rust,pqcrypto,ML-KEM-768,pqcrypto::kyber::kyber768_decapsulate,constant_time,PostQuantumSentinel,7,9890119370013277476,10000,0.223,rdtsc,5.000,tvla,pass,false,,20000,0,"|t|=0.72, threshold=4.5",340,1776888536
Rust,pqcrypto,ML-KEM-768,pqcrypto::kyber::kyber768_decapsulate,constant_time,PostQuantumSentinel,7,9890119370013277476,10000,0.223,rdtsc,5.000,silent,pass,false,,20000,994,"stat=3.571, alpha=0.10, delta=1.0 (pool)",340,1776888537
Rust,pqcrypto,ML-KEM-768,pqcrypto::kyber::kyber768_decapsulate,constant_time,PostQuantumSentinel,7,9890119370013277476,10000,0.223,rdtsc,5.000,rtlf,pass,false,0.000000,20000,25856,"p=1.0000, alpha=0.09 (pool)",340,1776888563
Rust,pqcrypto,ML-KEM-768,pqcrypto::kyber::kyber768_decapsulate,constant_time,PostQuantumSentinel,8,176755103601538197,10000,0.223,rdtsc,0.000,tacet,inconclusive,false,0.104250,10000,268,"Inconclusive: DataTooNoisy { message: ""KL divergence 0.53 nats < 0.7 nats threshold; data not informative"", guidance: ""Try: more samples, higher-resolution timer, reduce system load"" }",332,1776888564
Rust,pqcrypto,ML-KEM-768,pqcrypto::kyber::kyber768_decapsulate,constant_time,PostQuantumSentinel,8,176755103601538197,10000,0.223,rdtsc,0.000,dudect,pass,false,,6334,9,"max|t|=2.05, tau=0.0257, threshold=4.5",332,1776888564
Rust,pqcrypto,ML-KEM-768,pqcrypto::kyber::kyber768_decapsulate,constant_time,PostQuantumSentinel,8,176755103601538197,10000,0.223,rdtsc,0.000,tvla,pass,false,,20000,0,"|t|=1.41, threshold=4.5",332,1776888564
Rust,pqcrypto,ML-KEM-768,pqcrypto::kyber::kyber768_decapsulate,constant_time,PostQuantumSentinel,8,176755103601538197,10000,0.223,rdtsc,0.000,silent,fail,true,,20000,831,"stat=8.996, alpha=0.10, delta=1.0 (pool)",332,1776888565
Rust,pqcrypto,ML-KEM-768,pqcrypto::kyber::kyber768_decapsulate,constant_time,PostQuantumSentinel,8,176755103601538197,10000,0.223,rdtsc,0.000,rtlf,pass,false,0.000000,20000,22324,"p=1.0000, alpha=0.09 (pool)",332,1776888587
Rust,pqcrypto,ML-KEM-768,pqcrypto::kyber::kyber768_decapsulate,constant_time,PostQuantumSentinel,8,176755103601538197,10000,0.223,rdtsc,5.000,tacet,inconclusive,false,0.103000,10000,378,"Inconclusive: DataTooNoisy { message: ""KL divergence 0.53 nats < 0.7 nats threshold; data not informative"", guidance: ""Try: more samples, higher-resolution timer, reduce system load"" }",332,1776888587
Rust,pqcrypto,ML-KEM-768,pqcrypto::kyber::kyber768_decapsulate,constant_time,PostQuantumSentinel,8,176755103601538197,10000,0.223,rdtsc,5.000,dudect,pass,false,,5688,9,"max|t|=2.72, tau=0.0360, threshold=4.5",332,1776888587
Rust,pqcrypto,ML-KEM-768,pqcrypto::kyber::kyber768_decapsulate,constant_time,PostQuantumSentinel,8,176755103601538197,10000,0.223,rdtsc,5.000,tvla,pass,false,,20000,0,"|t|=1.41, threshold=4.5",332,1776888587
Rust,pqcrypto,ML-KEM-768,pqcrypto::kyber::kyber768_decapsulate,constant_time,PostQuantumSentinel,8,176755103601538197,10000,0.223,rdtsc,5.000,silent,fail,true,,20000,1086,"stat=8.235, alpha=0.10, delta=1.0 (pool)",332,1776888588
Rust,pqcrypto,ML-KEM-768,pqcrypto::kyber::kyber768_decapsulate,constant_time,PostQuantumSentinel,8,176755103601538197,10000,0.223,rdtsc,5.000,rtlf,pass,false,0.000000,20000,25835,"p=1.0000, alpha=0.09 (pool)",332,1776888614
Rust,pqcrypto,ML-KEM-768,pqcrypto::kyber::kyber768_decapsulate,constant_time,PostQuantumSentinel,9,12310112850682059155,10000,0.223,rdtsc,0.000,tacet,inconclusive,false,0.021500,10000,292,"Inconclusive: ThresholdElevated { theta_user: 2.0, theta_eff: 8.032874455635415, leak_probability_at_eff: 0.0215, meets_pass_criterion_at_eff: true, achievable_at_max: false, message: ""Threshold elevated from 2ns to 8.0ns; P=2.1% at elevated threshold"", guidance: ""Use more samples or a higher-resolution timer to achieve the requested threshold."" }",343,1776888615
Rust,pqcrypto,ML-KEM-768,pqcrypto::kyber::kyber768_decapsulate,constant_time,PostQuantumSentinel,9,12310112850682059155,10000,0.223,rdtsc,0.000,dudect,pass,false,,19853,9,"max|t|=1.55, tau=-0.0110, threshold=4.5",343,1776888615
Rust,pqcrypto,ML-KEM-768,pqcrypto::kyber::kyber768_decapsulate,constant_time,PostQuantumSentinel,9,12310112850682059155,10000,0.223,rdtsc,0.000,tvla,pass,false,,20000,0,"|t|=0.95, threshold=4.5",343,1776888615
Rust,pqcrypto,ML-KEM-768,pqcrypto::kyber::kyber768_decapsulate,constant_time,PostQuantumSentinel,9,12310112850682059155,10000,0.223,rdtsc,0.000,silent,pass,false,,20000,846,"stat=1.380, alpha=0.10, delta=1.0 (pool)",343,1776888616
Rust,pqcrypto,ML-KEM-768,pqcrypto::kyber::kyber768_decapsulate,constant_time,PostQuantumSentinel,9,12310112850682059155,10000,0.223,rdtsc,0.000,rtlf,pass,false,0.000000,20000,23438,"p=1.0000, alpha=0.09 (pool)",343,1776888639
Rust,pqcrypto,ML-KEM-768,pqcrypto::kyber::kyber768_decapsulate,constant_time,PostQuantumSentinel,9,12310112850682059155,10000,0.223,rdtsc,5.000,tacet,inconclusive,false,0.021500,10000,416,"Inconclusive: ThresholdElevated { theta_user: 2.0, theta_eff: 8.039167705987976, leak_probability_at_eff: 0.0215, meets_pass_criterion_at_eff: true, achievable_at_max: false, message: ""Threshold elevated from 2ns to 8.0ns; P=2.1% at elevated threshold"", guidance: ""Use more samples or a higher-resolution timer to achieve the requested threshold."" }",343,1776888640
Rust,pqcrypto,ML-KEM-768,pqcrypto::kyber::kyber768_decapsulate,constant_time,PostQuantumSentinel,9,12310112850682059155,10000,0.223,rdtsc,5.000,dudect,pass,false,,19853,9,"max|t|=1.54, tau=-0.0109, threshold=4.5",343,1776888640
Rust,pqcrypto,ML-KEM-768,pqcrypto::kyber::kyber768_decapsulate,constant_time,PostQuantumSentinel,9,12310112850682059155,10000,0.223,rdtsc,5.000,tvla,pass,false,,20000,0,"|t|=0.94, threshold=4.5",343,1776888640
Rust,pqcrypto,ML-KEM-768,pqcrypto::kyber::kyber768_decapsulate,constant_time,PostQuantumSentinel,9,12310112850682059155,10000,0.223,rdtsc,5.000,silent,pass,false,,20000,967,"stat=4.214, alpha=0.10, delta=1.0 (pool)",343,1776888640
Rust,pqcrypto,ML-KEM-768,pqcrypto::kyber::kyber768_decapsulate,constant_time,PostQuantumSentinel,9,12310112850682059155,10000,0.223,rdtsc,5.000,rtlf,pass,false,0.000000,20000,26371,"p=1.0000, alpha=0.09 (pool)",343,1776888667
Rust,pqcrypto,ML-KEM-768,pqcrypto::kyber::kyber768_decapsulate,constant_time,PostQuantumSentinel,10,8189053803202916190,10000,0.223,rdtsc,0.000,tacet,inconclusive,false,0.716250,10000,291,"Inconclusive: SampleBudgetExceeded { current_probability: 0.71625, samples_collected: 10000 }",339,1776888668
Rust,pqcrypto,ML-KEM-768,pqcrypto::kyber::kyber768_decapsulate,constant_time,PostQuantumSentinel,10,8189053803202916190,10000,0.223,rdtsc,0.000,dudect,fail,true,,19479,9,"max|t|=9.66, tau=0.0692, threshold=4.5",339,1776888668
Rust,pqcrypto,ML-KEM-768,pqcrypto::kyber::kyber768_decapsulate,constant_time,PostQuantumSentinel,10,8189053803202916190,10000,0.223,rdtsc,0.000,tvla,fail,true,,20000,0,"|t|=4.94, threshold=4.5",339,1776888668
Rust,pqcrypto,ML-KEM-768,pqcrypto::kyber::kyber768_decapsulate,constant_time,PostQuantumSentinel,10,8189053803202916190,10000,0.223,rdtsc,0.000,silent,fail,true,,20000,1036,"stat=16.388, alpha=0.10, delta=1.0 (pool)",339,1776888669
Rust,pqcrypto,ML-KEM-768,pqcrypto::kyber::kyber768_decapsulate,constant_time,PostQuantumSentinel,10,8189053803202916190,10000,0.223,rdtsc,0.000,rtlf,fail,true,1.000000,20000,23432,"p=0.0000, alpha=0.09 (pool)",339,1776888692
Rust,pqcrypto,ML-KEM-768,pqcrypto::kyber::kyber768_decapsulate,constant_time,PostQuantumSentinel,10,8189053803202916190,10000,0.223,rdtsc,5.000,tacet,inconclusive,false,0.718750,10000,413,"Inconclusive: SampleBudgetExceeded { current_probability: 0.71875, samples_collected: 10000 }",339,1776888692
Rust,pqcrypto,ML-KEM-768,pqcrypto::kyber::kyber768_decapsulate,constant_time,PostQuantumSentinel,10,8189053803202916190,10000,0.223,rdtsc,5.000,dudect,fail,true,,19448,9,"max|t|=9.92, tau=0.0711, threshold=4.5",339,1776888692
Rust,pqcrypto,ML-KEM-768,pqcrypto::kyber::kyber768_decapsulate,constant_time,PostQuantumSentinel,10,8189053803202916190,10000,0.223,rdtsc,5.000,tvla,fail,true,,20000,0,"|t|=4.95, threshold=4.5",339,1776888692
Rust,pqcrypto,ML-KEM-768,pqcrypto::kyber::kyber768_decapsulate,constant_time,PostQuantumSentinel,10,8189053803202916190,10000,0.223,rdtsc,5.000,silent,fail,true,,20000,1205,"stat=15.751, alpha=0.10, delta=1.0 (pool)",339,1776888694
Rust,pqcrypto,ML-KEM-768,pqcrypto::kyber::kyber768_decapsulate,constant_time,PostQuantumSentinel,10,8189053803202916190,10000,0.223,rdtsc,5.000,rtlf,fail,true,1.000000,20000,26458,"p=0.0000, alpha=0.09 (pool)",339,1776888720
Rust,pqcrypto,ML-KEM-768,pqcrypto::kyber::kyber768_decapsulate,constant_time,PostQuantumSentinel,11,9586989520369437188,10000,0.223,rdtsc,0.000,tacet,inconclusive,false,0.803250,10000,289,"Inconclusive: SampleBudgetExceeded { current_probability: 0.80325, samples_collected: 10000 }",338,1776888721
Rust,pqcrypto,ML-KEM-768,pqcrypto::kyber::kyber768_decapsulate,constant_time,PostQuantumSentinel,11,9586989520369437188,10000,0.223,rdtsc,0.000,dudect,fail,true,,19161,9,"max|t|=13.02, tau=0.0941, threshold=4.5",338,1776888721
Rust,pqcrypto,ML-KEM-768,pqcrypto::kyber::kyber768_decapsulate,constant_time,PostQuantumSentinel,11,9586989520369437188,10000,0.223,rdtsc,0.000,tvla,pass,false,,20000,0,"|t|=2.28, threshold=4.5",338,1776888721
Rust,pqcrypto,ML-KEM-768,pqcrypto::kyber::kyber768_decapsulate,constant_time,PostQuantumSentinel,11,9586989520369437188,10000,0.223,rdtsc,0.000,silent,fail,true,,20000,1022,"stat=18.417, alpha=0.10, delta=1.0 (pool)",338,1776888722
Rust,pqcrypto,ML-KEM-768,pqcrypto::kyber::kyber768_decapsulate,constant_time,PostQuantumSentinel,11,9586989520369437188,10000,0.223,rdtsc,0.000,rtlf,fail,true,1.000000,20000,23143,"p=0.0000, alpha=0.09 (pool)",338,1776888745
Rust,pqcrypto,ML-KEM-768,pqcrypto::kyber::kyber768_decapsulate,constant_time,PostQuantumSentinel,11,9586989520369437188,10000,0.223,rdtsc,5.000,tacet,inconclusive,false,0.803250,10000,403,"Inconclusive: SampleBudgetExceeded { current_probability: 0.80325, samples_collected: 10000 }",338,1776888745
Rust,pqcrypto,ML-KEM-768,pqcrypto::kyber::kyber768_decapsulate,constant_time,PostQuantumSentinel,11,9586989520369437188,10000,0.223,rdtsc,5.000,dudect,fail,true,,19165,9,"max|t|=12.98, tau=0.0937, threshold=4.5",338,1776888745
Rust,pqcrypto,ML-KEM-768,pqcrypto::kyber::kyber768_decapsulate,constant_time,PostQuantumSentinel,11,9586989520369437188,10000,0.223,rdtsc,5.000,tvla,pass,false,,20000,0,"|t|=2.28, threshold=4.5",338,1776888745
Rust,pqcrypto,ML-KEM-768,pqcrypto::kyber::kyber768_decapsulate,constant_time,PostQuantumSentinel,11,9586989520369437188,10000,0.223,rdtsc,5.000,silent,fail,true,,20000,1148,"stat=18.318, alpha=0.10, delta=1.0 (pool)",338,1776888746
Rust,pqcrypto,ML-KEM-768,pqcrypto::kyber::kyber768_decapsulate,constant_time,PostQuantumSentinel,11,9586989520369437188,10000,0.223,rdtsc,5.000,rtlf,fail,true,1.000000,20000,25760,"p=0.0000, alpha=0.09 (pool)",338,1776888772
Rust,pqcrypto,ML-KEM-768,pqcrypto::kyber::kyber768_decapsulate,constant_time,PostQuantumSentinel,12,6886572663207074733,10000,0.223,rdtsc,0.000,tacet,fail,true,0.962750,10000,263,"Fail (P=96.3%, Http2Multiplexing)",332,1776888773
Rust,pqcrypto,ML-KEM-768,pqcrypto::kyber::kyber768_decapsulate,constant_time,PostQuantumSentinel,12,6886572663207074733,10000,0.223,rdtsc,0.000,dudect,fail,true,,19685,9,"max|t|=20.59, tau=0.1467, threshold=4.5",332,1776888773
Rust,pqcrypto,ML-KEM-768,pqcrypto::kyber::kyber768_decapsulate,constant_time,PostQuantumSentinel,12,6886572663207074733,10000,0.223,rdtsc,0.000,tvla,fail,true,,20000,0,"|t|=5.37, threshold=4.5",332,1776888773
Rust,pqcrypto,ML-KEM-768,pqcrypto::kyber::kyber768_decapsulate,constant_time,PostQuantumSentinel,12,6886572663207074733,10000,0.223,rdtsc,0.000,silent,fail,true,,20000,846,"stat=40.380, alpha=0.10, delta=1.0 (pool)",332,1776888774
Rust,pqcrypto,ML-KEM-768,pqcrypto::kyber::kyber768_decapsulate,constant_time,PostQuantumSentinel,12,6886572663207074733,10000,0.223,rdtsc,0.000,rtlf,fail,true,1.000000,20000,22208,"p=0.0000, alpha=0.09 (pool)",332,1776888796
Rust,pqcrypto,ML-KEM-768,pqcrypto::kyber::kyber768_decapsulate,constant_time,PostQuantumSentinel,12,6886572663207074733,10000,0.223,rdtsc,5.000,tacet,fail,true,0.962750,10000,363,"Fail (P=96.3%, Http2Multiplexing)",332,1776888796
Rust,pqcrypto,ML-KEM-768,pqcrypto::kyber::kyber768_decapsulate,constant_time,PostQuantumSentinel,12,6886572663207074733,10000,0.223,rdtsc,5.000,dudect,fail,true,,19687,9,"max|t|=20.61, tau=0.1469, threshold=4.5",332,1776888796
Rust,pqcrypto,ML-KEM-768,pqcrypto::kyber::kyber768_decapsulate,constant_time,PostQuantumSentinel,12,6886572663207074733,10000,0.223,rdtsc,5.000,tvla,fail,true,,20000,0,"|t|=5.37, threshold=4.5",332,1776888796
Rust,pqcrypto,ML-KEM-768,pqcrypto::kyber::kyber768_decapsulate,constant_time,PostQuantumSentinel,12,6886572663207074733,10000,0.223,rdtsc,5.000,silent,fail,true,,20000,935,"stat=42.311, alpha=0.10, delta=1.0 (pool)",332,1776888797
Rust,pqcrypto,ML-KEM-768,pqcrypto::kyber::kyber768_decapsulate,constant_time,PostQuantumSentinel,12,6886572663207074733,10000,0.223,rdtsc,5.000,rtlf,fail,true,1.000000,20000,24918,"p=0.0000, alpha=0.09 (pool)",332,1776888822
Rust,pqcrypto,ML-KEM-768,pqcrypto::kyber::kyber768_decapsulate,constant_time,PostQuantumSentinel,13,5658702506151180768,10000,0.223,rdtsc,0.000,tacet,inconclusive,false,0.336250,10000,267,"Inconclusive: SampleBudgetExceeded { current_probability: 0.33625, samples_collected: 10000 }",332,1776888823
Rust,pqcrypto,ML-KEM-768,pqcrypto::kyber::kyber768_decapsulate,constant_time,PostQuantumSentinel,13,5658702506151180768,10000,0.223,rdtsc,0.000,dudect,fail,true,,19158,9,"max|t|=14.11, tau=0.1020, threshold=4.5",332,1776888823
Rust,pqcrypto,ML-KEM-768,pqcrypto::kyber::kyber768_decapsulate,constant_time,PostQuantumSentinel,13,5658702506151180768,10000,0.223,rdtsc,0.000,tvla,pass,false,,20000,0,"|t|=3.18, threshold=4.5",332,1776888823
Rust,pqcrypto,ML-KEM-768,pqcrypto::kyber::kyber768_decapsulate,constant_time,PostQuantumSentinel,13,5658702506151180768,10000,0.223,rdtsc,0.000,silent,fail,true,,20000,852,"stat=22.586, alpha=0.10, delta=1.0 (pool)",332,1776888824
Rust,pqcrypto,ML-KEM-768,pqcrypto::kyber::kyber768_decapsulate,constant_time,PostQuantumSentinel,13,5658702506151180768,10000,0.223,rdtsc,0.000,rtlf,fail,true,1.000000,20000,22394,"p=0.0000, alpha=0.09 (pool)",332,1776888846
Rust,pqcrypto,ML-KEM-768,pqcrypto::kyber::kyber768_decapsulate,constant_time,PostQuantumSentinel,13,5658702506151180768,10000,0.223,rdtsc,5.000,tacet,inconclusive,false,0.336250,10000,375,"Inconclusive: SampleBudgetExceeded { current_probability: 0.33625, samples_collected: 10000 }",332,1776888846
Rust,pqcrypto,ML-KEM-768,pqcrypto::kyber::kyber768_decapsulate,constant_time,PostQuantumSentinel,13,5658702506151180768,10000,0.223,rdtsc,5.000,dudect,fail,true,,19166,9,"max|t|=14.10, tau=0.1018, threshold=4.5",332,1776888846
Rust,pqcrypto,ML-KEM-768,pqcrypto::kyber::kyber768_decapsulate,constant_time,PostQuantumSentinel,13,5658702506151180768,10000,0.223,rdtsc,5.000,tvla,pass,false,,20000,0,"|t|=3.18, threshold=4.5",332,1776888846
Rust,pqcrypto,ML-KEM-768,pqcrypto::kyber::kyber768_decapsulate,constant_time,PostQuantumSentinel,13,5658702506151180768,10000,0.223,rdtsc,5.000,silent,fail,true,,20000,983,"stat=25.337, alpha=0.10, delta=1.0 (pool)",332,1776888847
Rust,pqcrypto,ML-KEM-768,pqcrypto::kyber::kyber768_decapsulate,constant_time,PostQuantumSentinel,13,5658702506151180768,10000,0.223,rdtsc,5.000,rtlf,fail,true,1.000000,20000,25331,"p=0.0000, alpha=0.09 (pool)",332,1776888873
Rust,pqcrypto,ML-KEM-768,pqcrypto::kyber::kyber768_decapsulate,constant_time,PostQuantumSentinel,14,4792069720766380498,10000,0.223,rdtsc,0.000,tacet,inconclusive,false,0.128500,10000,271,"Inconclusive: DataTooNoisy { message: ""KL divergence 0.51 nats < 0.7 nats threshold; data not informative"", guidance: ""Try: more samples, higher-resolution timer, reduce system load"" }",343,1776888873
Rust,pqcrypto,ML-KEM-768,pqcrypto::kyber::kyber768_decapsulate,constant_time,PostQuantumSentinel,14,4792069720766380498,10000,0.223,rdtsc,0.000,dudect,pass,false,,20000,9,"max|t|=1.94, tau=0.0137, threshold=4.5",343,1776888873
Rust,pqcrypto,ML-KEM-768,pqcrypto::kyber::kyber768_decapsulate,constant_time,PostQuantumSentinel,14,4792069720766380498,10000,0.223,rdtsc,0.000,tvla,pass,false,,20000,0,"|t|=1.94, threshold=4.5",343,1776888873
Rust,pqcrypto,ML-KEM-768,pqcrypto::kyber::kyber768_decapsulate,constant_time,PostQuantumSentinel,14,4792069720766380498,10000,0.223,rdtsc,0.000,silent,pass,false,,20000,963,"stat=0.473, alpha=0.10, delta=1.0 (pool)",343,1776888874
Rust,pqcrypto,ML-KEM-768,pqcrypto::kyber::kyber768_decapsulate,constant_time,PostQuantumSentinel,14,4792069720766380498,10000,0.223,rdtsc,0.000,rtlf,pass,false,0.000000,20000,22577,"p=1.0000, alpha=0.09 (pool)",343,1776888897
Rust,pqcrypto,ML-KEM-768,pqcrypto::kyber::kyber768_decapsulate,constant_time,PostQuantumSentinel,14,4792069720766380498,10000,0.223,rdtsc,5.000,tacet,inconclusive,false,0.127750,10000,388,"Inconclusive: DataTooNoisy { message: ""KL divergence 0.51 nats < 0.7 nats threshold; data not informative"", guidance: ""Try: more samples, higher-resolution timer, reduce system load"" }",343,1776888897
Rust,pqcrypto,ML-KEM-768,pqcrypto::kyber::kyber768_decapsulate,constant_time,PostQuantumSentinel,14,4792069720766380498,10000,0.223,rdtsc,5.000,dudect,pass,false,,20000,9,"max|t|=1.94, tau=0.0137, threshold=4.5",343,1776888897
Rust,pqcrypto,ML-KEM-768,pqcrypto::kyber::kyber768_decapsulate,constant_time,PostQuantumSentinel,14,4792069720766380498,10000,0.223,rdtsc,5.000,tvla,pass,false,,20000,0,"|t|=1.94, threshold=4.5",343,1776888897
Rust,pqcrypto,ML-KEM-768,pqcrypto::kyber::kyber768_decapsulate,constant_time,PostQuantumSentinel,14,4792069720766380498,10000,0.223,rdtsc,5.000,silent,pass,false,,20000,910,"stat=2.522, alpha=0.10, delta=1.0 (pool)",343,1776888898
Rust,pqcrypto,ML-KEM-768,pqcrypto::kyber::kyber768_decapsulate,constant_time,PostQuantumSentinel,14,4792069720766380498,10000,0.223,rdtsc,5.000,rtlf,pass,false,0.000000,20000,25490,"p=1.0000, alpha=0.09 (pool)",343,1776888924
Rust,pqcrypto,ML-KEM-768,pqcrypto::kyber::kyber768_decapsulate,constant_time,PostQuantumSentinel,15,14651847528942421857,10000,0.223,rdtsc,0.000,tacet,inconclusive,false,0.038250,10000,269,"Inconclusive: DataTooNoisy { message: ""KL divergence 0.60 nats < 0.7 nats threshold; data not informative"", guidance: ""Try: more samples, higher-resolution timer, reduce system load"" }",332,1776888924
Rust,pqcrypto,ML-KEM-768,pqcrypto::kyber::kyber768_decapsulate,constant_time,PostQuantumSentinel,15,14651847528942421857,10000,0.223,rdtsc,0.000,dudect,pass,false,,2392,9,"max|t|=1.64, tau=-0.0335, threshold=4.5",332,1776888924
Rust,pqcrypto,ML-KEM-768,pqcrypto::kyber::kyber768_decapsulate,constant_time,PostQuantumSentinel,15,14651847528942421857,10000,0.223,rdtsc,0.000,tvla,pass,false,,20000,0,"|t|=0.25, threshold=4.5",332,1776888924
Rust,pqcrypto,ML-KEM-768,pqcrypto::kyber::kyber768_decapsulate,constant_time,PostQuantumSentinel,15,14651847528942421857,10000,0.223,rdtsc,0.000,silent,pass,false,,20000,837,"stat=1.274, alpha=0.10, delta=1.0 (pool)",332,1776888925
Rust,pqcrypto,ML-KEM-768,pqcrypto::kyber::kyber768_decapsulate,constant_time,PostQuantumSentinel,15,14651847528942421857,10000,0.223,rdtsc,0.000,rtlf,pass,false,0.000000,20000,22268,"p=1.0000, alpha=0.09 (pool)",332,1776888947
Rust,pqcrypto,ML-KEM-768,pqcrypto::kyber::kyber768_decapsulate,constant_time,PostQuantumSentinel,15,14651847528942421857,10000,0.223,rdtsc,5.000,tacet,inconclusive,false,0.038250,10000,382,"Inconclusive: DataTooNoisy { message: ""KL divergence 0.59 nats < 0.7 nats threshold; data not informative"", guidance: ""Try: more samples, higher-resolution timer, reduce system load"" }",332,1776888948
Rust,pqcrypto,ML-KEM-768,pqcrypto::kyber::kyber768_decapsulate,constant_time,PostQuantumSentinel,15,14651847528942421857,10000,0.223,rdtsc,5.000,dudect,pass,false,,2542,9,"max|t|=1.80, tau=-0.0357, threshold=4.5",332,1776888948
Rust,pqcrypto,ML-KEM-768,pqcrypto::kyber::kyber768_decapsulate,constant_time,PostQuantumSentinel,15,14651847528942421857,10000,0.223,rdtsc,5.000,tvla,pass,false,,20000,0,"|t|=0.25, threshold=4.5",332,1776888948
Rust,pqcrypto,ML-KEM-768,pqcrypto::kyber::kyber768_decapsulate,constant_time,PostQuantumSentinel,15,14651847528942421857,10000,0.223,rdtsc,5.000,silent,fail,true,,20000,945,"stat=5.001, alpha=0.10, delta=1.0 (pool)",332,1776888949
Rust,pqcrypto,ML-KEM-768,pqcrypto::kyber::kyber768_decapsulate,constant_time,PostQuantumSentinel,15,14651847528942421857,10000,0.223,rdtsc,5.000,rtlf,pass,false,0.000000,20000,25372,"p=1.0000, alpha=0.09 (pool)",332,1776888974
Rust,pqcrypto,ML-KEM-768,pqcrypto::kyber::kyber768_decapsulate,constant_time,PostQuantumSentinel,16,4154250121268557018,10000,0.223,rdtsc,0.000,tacet,inconclusive,false,0.126500,10000,270,"Inconclusive: DataTooNoisy { message: ""KL divergence 0.58 nats < 0.7 nats threshold; data not informative"", guidance: ""Try: more samples, higher-resolution timer, reduce system load"" }",332,1776888975
Rust,pqcrypto,ML-KEM-768,pqcrypto::kyber::kyber768_decapsulate,constant_time,PostQuantumSentinel,16,4154250121268557018,10000,0.223,rdtsc,0.000,dudect,pass,false,,20000,9,"max|t|=1.70, tau=-0.0120, threshold=4.5",332,1776888975
Rust,pqcrypto,ML-KEM-768,pqcrypto::kyber::kyber768_decapsulate,constant_time,PostQuantumSentinel,16,4154250121268557018,10000,0.223,rdtsc,0.000,tvla,pass,false,,20000,0,"|t|=1.70, threshold=4.5",332,1776888975
Rust,pqcrypto,ML-KEM-768,pqcrypto::kyber::kyber768_decapsulate,constant_time,PostQuantumSentinel,16,4154250121268557018,10000,0.223,rdtsc,0.000,silent,pass,false,,20000,820,"stat=0.769, alpha=0.10, delta=1.0 (pool)",332,1776888975
Rust,pqcrypto,ML-KEM-768,pqcrypto::kyber::kyber768_decapsulate,constant_time,PostQuantumSentinel,16,4154250121268557018,10000,0.223,rdtsc,0.000,rtlf,pass,false,0.000000,20000,22454,"p=1.0000, alpha=0.09 (pool)",332,1776888998
Rust,pqcrypto,ML-KEM-768,pqcrypto::kyber::kyber768_decapsulate,constant_time,PostQuantumSentinel,16,4154250121268557018,10000,0.223,rdtsc,5.000,tacet,inconclusive,false,0.126500,10000,388,"Inconclusive: DataTooNoisy { message: ""KL divergence 0.58 nats < 0.7 nats threshold; data not informative"", guidance: ""Try: more samples, higher-resolution timer, reduce system load"" }",332,1776888998
Rust,pqcrypto,ML-KEM-768,pqcrypto::kyber::kyber768_decapsulate,constant_time,PostQuantumSentinel,16,4154250121268557018,10000,0.223,rdtsc,5.000,dudect,pass,false,,20000,9,"max|t|=1.69, tau=-0.0120, threshold=4.5",332,1776888998
Rust,pqcrypto,ML-KEM-768,pqcrypto::kyber::kyber768_decapsulate,constant_time,PostQuantumSentinel,16,4154250121268557018,10000,0.223,rdtsc,5.000,tvla,pass,false,,20000,0,"|t|=1.69, threshold=4.5",332,1776888998
Rust,pqcrypto,ML-KEM-768,pqcrypto::kyber::kyber768_decapsulate,constant_time,PostQuantumSentinel,16,4154250121268557018,10000,0.223,rdtsc,5.000,silent,pass,false,,20000,951,"stat=1.629, alpha=0.10, delta=1.0 (pool)",332,1776888999
Rust,pqcrypto,ML-KEM-768,pqcrypto::kyber::kyber768_decapsulate,constant_time,PostQuantumSentinel,16,4154250121268557018,10000,0.223,rdtsc,5.000,rtlf,pass,false,0.000000,20000,26111,"p=1.0000, alpha=0.09 (pool)",332,1776889025
Rust,pqcrypto,ML-KEM-768,pqcrypto::kyber::kyber768_decapsulate,constant_time,PostQuantumSentinel,17,10818500491425747739,10000,0.223,rdtsc,0.000,tacet,inconclusive,false,0.196250,10000,295,"Inconclusive: SampleBudgetExceeded { current_probability: 0.19625, samples_collected: 10000 }",340,1776889026
Rust,pqcrypto,ML-KEM-768,pqcrypto::kyber::kyber768_decapsulate,constant_time,PostQuantumSentinel,17,10818500491425747739,10000,0.223,rdtsc,0.000,dudect,pass,false,,19523,9,"max|t|=4.17, tau=-0.0299, threshold=4.5",340,1776889026
Rust,pqcrypto,ML-KEM-768,pqcrypto::kyber::kyber768_decapsulate,constant_time,PostQuantumSentinel,17,10818500491425747739,10000,0.223,rdtsc,0.000,tvla,pass,false,,20000,0,"|t|=0.28, threshold=4.5",340,1776889026
Rust,pqcrypto,ML-KEM-768,pqcrypto::kyber::kyber768_decapsulate,constant_time,PostQuantumSentinel,17,10818500491425747739,10000,0.223,rdtsc,0.000,silent,fail,true,,20000,1033,"stat=5.070, alpha=0.10, delta=1.0 (pool)",340,1776889027
Rust,pqcrypto,ML-KEM-768,pqcrypto::kyber::kyber768_decapsulate,constant_time,PostQuantumSentinel,17,10818500491425747739,10000,0.223,rdtsc,0.000,rtlf,pass,false,0.000000,20000,23445,"p=1.0000, alpha=0.09 (pool)",340,1776889051
Rust,pqcrypto,ML-KEM-768,pqcrypto::kyber::kyber768_decapsulate,constant_time,PostQuantumSentinel,17,10818500491425747739,10000,0.223,rdtsc,5.000,tacet,inconclusive,false,0.196250,10000,418,"Inconclusive: SampleBudgetExceeded { current_probability: 0.19625, samples_collected: 10000 }",340,1776889051
Rust,pqcrypto,ML-KEM-768,pqcrypto::kyber::kyber768_decapsulate,constant_time,PostQuantumSentinel,17,10818500491425747739,10000,0.223,rdtsc,5.000,dudect,pass,false,,19524,9,"max|t|=4.15, tau=-0.0297, threshold=4.5",340,1776889051
Rust,pqcrypto,ML-KEM-768,pqcrypto::kyber::kyber768_decapsulate,constant_time,PostQuantumSentinel,17,10818500491425747739,10000,0.223,rdtsc,5.000,tvla,pass,false,,20000,0,"|t|=0.27, threshold=4.5",340,1776889051
Rust,pqcrypto,ML-KEM-768,pqcrypto::kyber::kyber768_decapsulate,constant_time,PostQuantumSentinel,17,10818500491425747739,10000,0.223,rdtsc,5.000,silent,pass,false,,20000,1194,"stat=4.820, alpha=0.10, delta=1.0 (pool)",340,1776889052
Rust,pqcrypto,ML-KEM-768,pqcrypto::kyber::kyber768_decapsulate,constant_time,PostQuantumSentinel,17,10818500491425747739,10000,0.223,rdtsc,5.000,rtlf,fail,true,1.000000,20000,26094,"p=0.0000, alpha=0.09 (pool)",340,1776889078
Rust,pqcrypto,ML-KEM-768,pqcrypto::kyber::kyber768_decapsulate,constant_time,PostQuantumSentinel,18,572620811241552383,10000,0.223,rdtsc,0.000,tacet,inconclusive,false,0.601000,10000,258,"Inconclusive: SampleBudgetExceeded { current_probability: 0.601, samples_collected: 10000 }",332,1776889079
Rust,pqcrypto,ML-KEM-768,pqcrypto::kyber::kyber768_decapsulate,constant_time,PostQuantumSentinel,18,572620811241552383,10000,0.223,rdtsc,0.000,dudect,fail,true,,19489,9,"max|t|=15.23, tau=0.1091, threshold=4.5",332,1776889079
Rust,pqcrypto,ML-KEM-768,pqcrypto::kyber::kyber768_decapsulate,constant_time,PostQuantumSentinel,18,572620811241552383,10000,0.223,rdtsc,0.000,tvla,pass,false,,20000,0,"|t|=2.68, threshold=4.5",332,1776889079
Rust,pqcrypto,ML-KEM-768,pqcrypto::kyber::kyber768_decapsulate,constant_time,PostQuantumSentinel,18,572620811241552383,10000,0.223,rdtsc,0.000,silent,fail,true,,20000,816,"stat=19.600, alpha=0.10, delta=1.0 (pool)",332,1776889080
Rust,pqcrypto,ML-KEM-768,pqcrypto::kyber::kyber768_decapsulate,constant_time,PostQuantumSentinel,18,572620811241552383,10000,0.223,rdtsc,0.000,rtlf,fail,true,1.000000,20000,21823,"p=0.0000, alpha=0.09 (pool)",332,1776889101
Rust,pqcrypto,ML-KEM-768,pqcrypto::kyber::kyber768_decapsulate,constant_time,PostQuantumSentinel,18,572620811241552383,10000,0.223,rdtsc,5.000,tacet,inconclusive,false,0.601500,10000,374,"Inconclusive: SampleBudgetExceeded { current_probability: 0.6015, samples_collected: 10000 }",332,1776889102
Rust,pqcrypto,ML-KEM-768,pqcrypto::kyber::kyber768_decapsulate,constant_time,PostQuantumSentinel,18,572620811241552383,10000,0.223,rdtsc,5.000,dudect,fail,true,,19490,9,"max|t|=15.25, tau=0.1093, threshold=4.5",332,1776889102
Rust,pqcrypto,ML-KEM-768,pqcrypto::kyber::kyber768_decapsulate,constant_time,PostQuantumSentinel,18,572620811241552383,10000,0.223,rdtsc,5.000,tvla,pass,false,,20000,0,"|t|=2.69, threshold=4.5",332,1776889102
Rust,pqcrypto,ML-KEM-768,pqcrypto::kyber::kyber768_decapsulate,constant_time,PostQuantumSentinel,18,572620811241552383,10000,0.223,rdtsc,5.000,silent,fail,true,,20000,939,"stat=19.860, alpha=0.10, delta=1.0 (pool)",332,1776889103
Rust,pqcrypto,ML-KEM-768,pqcrypto::kyber::kyber768_decapsulate,constant_time,PostQuantumSentinel,18,572620811241552383,10000,0.223,rdtsc,5.000,rtlf,fail,true,1.000000,20000,25555,"p=0.0000, alpha=0.09 (pool)",332,1776889128
Rust,pqcrypto,ML-KEM-768,pqcrypto::kyber::kyber768_decapsulate,constant_time,PostQuantumSentinel,19,8229575250880609467,10000,0.223,rdtsc,0.000,tacet,inconclusive,false,0.145750,10000,271,"Inconclusive: DataTooNoisy { message: ""KL divergence 0.54 nats < 0.7 nats threshold; data not informative"", guidance: ""Try: more samples, higher-resolution timer, reduce system load"" }",335,1776889129
Rust,pqcrypto,ML-KEM-768,pqcrypto::kyber::kyber768_decapsulate,constant_time,PostQuantumSentinel,19,8229575250880609467,10000,0.223,rdtsc,0.000,dudect,pass,false,,11128,9,"max|t|=1.84, tau=-0.0175, threshold=4.5",335,1776889129
Rust,pqcrypto,ML-KEM-768,pqcrypto::kyber::kyber768_decapsulate,constant_time,PostQuantumSentinel,19,8229575250880609467,10000,0.223,rdtsc,0.000,tvla,pass,false,,20000,0,"|t|=1.62, threshold=4.5",335,1776889129
Rust,pqcrypto,ML-KEM-768,pqcrypto::kyber::kyber768_decapsulate,constant_time,PostQuantumSentinel,19,8229575250880609467,10000,0.223,rdtsc,0.000,silent,pass,false,,20000,835,"stat=2.624, alpha=0.10, delta=1.0 (pool)",335,1776889130
Rust,pqcrypto,ML-KEM-768,pqcrypto::kyber::kyber768_decapsulate,constant_time,PostQuantumSentinel,19,8229575250880609467,10000,0.223,rdtsc,0.000,rtlf,pass,false,0.000000,20000,22465,"p=1.0000, alpha=0.09 (pool)",335,1776889152
Rust,pqcrypto,ML-KEM-768,pqcrypto::kyber::kyber768_decapsulate,constant_time,PostQuantumSentinel,19,8229575250880609467,10000,0.223,rdtsc,5.000,tacet,inconclusive,false,0.147000,10000,389,"Inconclusive: DataTooNoisy { message: ""KL divergence 0.54 nats < 0.7 nats threshold; data not informative"", guidance: ""Try: more samples, higher-resolution timer, reduce system load"" }",335,1776889153
Rust,pqcrypto,ML-KEM-768,pqcrypto::kyber::kyber768_decapsulate,constant_time,PostQuantumSentinel,19,8229575250880609467,10000,0.223,rdtsc,5.000,dudect,pass,false,,11863,9,"max|t|=2.01, tau=-0.0184, threshold=4.5",335,1776889153
Rust,pqcrypto,ML-KEM-768,pqcrypto::kyber::kyber768_decapsulate,constant_time,PostQuantumSentinel,19,8229575250880609467,10000,0.223,rdtsc,5.000,tvla,pass,false,,20000,0,"|t|=1.63, threshold=4.5",335,1776889153
Rust,pqcrypto,ML-KEM-768,pqcrypto::kyber::kyber768_decapsulate,constant_time,PostQuantumSentinel,19,8229575250880609467,10000,0.223,rdtsc,5.000,silent,pass,false,,20000,949,"stat=4.365, alpha=0.10, delta=1.0 (pool)",335,1776889154
Rust,pqcrypto,ML-KEM-768,pqcrypto::kyber::kyber768_decapsulate,constant_time,PostQuantumSentinel,19,8229575250880609467,10000,0.223,rdtsc,5.000,rtlf,pass,false,0.000000,20000,26042,"p=1.0000, alpha=0.09 (pool)",335,1776889180
Rust,pqcrypto,ML-KEM-768,pqcrypto::kyber::kyber768_decapsulate,constant_time,PostQuantumSentinel,20,14084362981756627871,10000,0.223,rdtsc,0.000,tacet,inconclusive,false,0.750750,10000,289,"Inconclusive: SampleBudgetExceeded { current_probability: 0.75075, samples_collected: 10000 }",339,1776889180
Rust,pqcrypto,ML-KEM-768,pqcrypto::kyber::kyber768_decapsulate,constant_time,PostQuantumSentinel,20,14084362981756627871,10000,0.223,rdtsc,0.000,dudect,fail,true,,19587,9,"max|t|=8.44, tau=0.0603, threshold=4.5",339,1776889180
Rust,pqcrypto,ML-KEM-768,pqcrypto::kyber::kyber768_decapsulate,constant_time,PostQuantumSentinel,20,14084362981756627871,10000,0.223,rdtsc,0.000,tvla,pass,false,,20000,0,"|t|=2.75, threshold=4.5",339,1776889180
Rust,pqcrypto,ML-KEM-768,pqcrypto::kyber::kyber768_decapsulate,constant_time,PostQuantumSentinel,20,14084362981756627871,10000,0.223,rdtsc,0.000,silent,fail,true,,20000,1027,"stat=8.958, alpha=0.10, delta=1.0 (pool)",339,1776889181
Rust,pqcrypto,ML-KEM-768,pqcrypto::kyber::kyber768_decapsulate,constant_time,PostQuantumSentinel,20,14084362981756627871,10000,0.223,rdtsc,0.000,rtlf,fail,true,1.000000,20000,23585,"p=0.0000, alpha=0.09 (pool)",339,1776889205
Rust,pqcrypto,ML-KEM-768,pqcrypto::kyber::kyber768_decapsulate,constant_time,PostQuantumSentinel,20,14084362981756627871,10000,0.223,rdtsc,5.000,tacet,inconclusive,false,0.747500,10000,415,"Inconclusive: SampleBudgetExceeded { current_probability: 0.7475, samples_collected: 10000 }",339,1776889205
Rust,pqcrypto,ML-KEM-768,pqcrypto::kyber::kyber768_decapsulate,constant_time,PostQuantumSentinel,20,14084362981756627871,10000,0.223,rdtsc,5.000,dudect,fail,true,,19587,9,"max|t|=8.40, tau=0.0600, threshold=4.5",339,1776889205
Rust,pqcrypto,ML-KEM-768,pqcrypto::kyber::kyber768_decapsulate,constant_time,PostQuantumSentinel,20,14084362981756627871,10000,0.223,rdtsc,5.000,tvla,pass,false,,20000,0,"|t|=2.74, threshold=4.5",339,1776889205
Rust,pqcrypto,ML-KEM-768,pqcrypto::kyber::kyber768_decapsulate,constant_time,PostQuantumSentinel,20,14084362981756627871,10000,0.223,rdtsc,5.000,silent,fail,true,,20000,1017,"stat=8.939, alpha=0.10, delta=1.0 (pool)",339,1776889206
Rust,pqcrypto,ML-KEM-768,pqcrypto::kyber::kyber768_decapsulate,constant_time,PostQuantumSentinel,20,14084362981756627871,10000,0.223,rdtsc,5.000,rtlf,fail,true,1.000000,20000,26329,"p=0.0000, alpha=0.09 (pool)",339,1776889233
Rust,RustCrypto,RSA-1024-PKCS1v15,rustcrypto::rsa::marvin_rsa1024_pkcs1v15_decrypt,leaky,AdjacentNetwork,1,9876562591584109655,10000,0.223,rdtsc,0.000,tacet,inconclusive,false,0.142500,10000,570,"Inconclusive: SampleBudgetExceeded { current_probability: 0.1425, samples_collected: 10000 }",3866,1776889237
Rust,RustCrypto,RSA-1024-PKCS1v15,rustcrypto::rsa::marvin_rsa1024_pkcs1v15_decrypt,leaky,AdjacentNetwork,1,9876562591584109655,10000,0.223,rdtsc,0.000,dudect,pass,false,,17963,9,"max|t|=1.72, tau=0.0129, threshold=4.5",3866,1776889237
Rust,RustCrypto,RSA-1024-PKCS1v15,rustcrypto::rsa::marvin_rsa1024_pkcs1v15_decrypt,leaky,AdjacentNetwork,1,9876562591584109655,10000,0.223,rdtsc,0.000,tvla,pass,false,,20000,0,"|t|=0.16, threshold=4.5",3866,1776889237
Rust,RustCrypto,RSA-1024-PKCS1v15,rustcrypto::rsa::marvin_rsa1024_pkcs1v15_decrypt,leaky,AdjacentNetwork,1,9876562591584109655,10000,0.223,rdtsc,0.000,silent,fail,true,,20000,1370,"stat=4.829, alpha=0.10, delta=1.0 (pool)",3866,1776889239
Rust,RustCrypto,RSA-1024-PKCS1v15,rustcrypto::rsa::marvin_rsa1024_pkcs1v15_decrypt,leaky,AdjacentNetwork,1,9876562591584109655,10000,0.223,rdtsc,0.000,rtlf,pass,false,0.000000,20000,28244,"p=1.0000, alpha=0.09 (pool)",3866,1776889267
Rust,RustCrypto,RSA-1024-PKCS1v15,rustcrypto::rsa::marvin_rsa1024_pkcs1v15_decrypt,leaky,AdjacentNetwork,1,9876562591584109655,10000,0.223,rdtsc,5.000,tacet,inconclusive,false,0.195500,10000,679,"Inconclusive: SampleBudgetExceeded { current_probability: 0.1955, samples_collected: 10000 }",3866,1776889267
Rust,RustCrypto,RSA-1024-PKCS1v15,rustcrypto::rsa::marvin_rsa1024_pkcs1v15_decrypt,leaky,AdjacentNetwork,1,9876562591584109655,10000,0.223,rdtsc,5.000,dudect,pass,false,,17969,9,"max|t|=1.69, tau=0.0126, threshold=4.5",3866,1776889267
Rust,RustCrypto,RSA-1024-PKCS1v15,rustcrypto::rsa::marvin_rsa1024_pkcs1v15_decrypt,leaky,AdjacentNetwork,1,9876562591584109655,10000,0.223,rdtsc,5.000,tvla,pass,false,,20000,0,"|t|=0.16, threshold=4.5",3866,1776889267
Rust,RustCrypto,RSA-1024-PKCS1v15,rustcrypto::rsa::marvin_rsa1024_pkcs1v15_decrypt,leaky,AdjacentNetwork,1,9876562591584109655,10000,0.223,rdtsc,5.000,silent,pass,false,,20000,1280,"stat=1.609, alpha=0.10, delta=1.0 (pool)",3866,1776889269
Rust,RustCrypto,RSA-1024-PKCS1v15,rustcrypto::rsa::marvin_rsa1024_pkcs1v15_decrypt,leaky,AdjacentNetwork,1,9876562591584109655,10000,0.223,rdtsc,5.000,rtlf,pass,false,0.000000,20000,29811,"p=1.0000, alpha=0.09 (pool)",3866,1776889299
Rust,RustCrypto,RSA-1024-PKCS1v15,rustcrypto::rsa::marvin_rsa1024_pkcs1v15_decrypt,leaky,AdjacentNetwork,2,16181177017490280269,10000,0.223,rdtsc,0.000,tacet,inconclusive,false,0.382250,10000,483,"Inconclusive: SampleBudgetExceeded { current_probability: 0.38225, samples_collected: 10000 }",3725,1776889303
Rust,RustCrypto,RSA-1024-PKCS1v15,rustcrypto::rsa::marvin_rsa1024_pkcs1v15_decrypt,leaky,AdjacentNetwork,2,16181177017490280269,10000,0.223,rdtsc,0.000,dudect,pass,false,,13359,9,"max|t|=3.69, tau=0.0319, threshold=4.5",3725,1776889303
Rust,RustCrypto,RSA-1024-PKCS1v15,rustcrypto::rsa::marvin_rsa1024_pkcs1v15_decrypt,leaky,AdjacentNetwork,2,16181177017490280269,10000,0.223,rdtsc,0.000,tvla,pass,false,,20000,0,"|t|=0.59, threshold=4.5",3725,1776889303
Rust,RustCrypto,RSA-1024-PKCS1v15,rustcrypto::rsa::marvin_rsa1024_pkcs1v15_decrypt,leaky,AdjacentNetwork,2,16181177017490280269,10000,0.223,rdtsc,0.000,silent,pass,false,,20000,981,"stat=4.808, alpha=0.10, delta=1.0 (pool)",3725,1776889304
Rust,RustCrypto,RSA-1024-PKCS1v15,rustcrypto::rsa::marvin_rsa1024_pkcs1v15_decrypt,leaky,AdjacentNetwork,2,16181177017490280269,10000,0.223,rdtsc,0.000,rtlf,fail,true,1.000000,20000,27001,"p=0.0000, alpha=0.09 (pool)",3725,1776889331
Rust,RustCrypto,RSA-1024-PKCS1v15,rustcrypto::rsa::marvin_rsa1024_pkcs1v15_decrypt,leaky,AdjacentNetwork,2,16181177017490280269,10000,0.223,rdtsc,5.000,tacet,inconclusive,false,0.352000,10000,655,"Inconclusive: SampleBudgetExceeded { current_probability: 0.352, samples_collected: 10000 }",3725,1776889331
Rust,RustCrypto,RSA-1024-PKCS1v15,rustcrypto::rsa::marvin_rsa1024_pkcs1v15_decrypt,leaky,AdjacentNetwork,2,16181177017490280269,10000,0.223,rdtsc,5.000,dudect,pass,false,,13399,9,"max|t|=3.67, tau=0.0317, threshold=4.5",3725,1776889331
Rust,RustCrypto,RSA-1024-PKCS1v15,rustcrypto::rsa::marvin_rsa1024_pkcs1v15_decrypt,leaky,AdjacentNetwork,2,16181177017490280269,10000,0.223,rdtsc,5.000,tvla,pass,false,,20000,0,"|t|=0.59, threshold=4.5",3725,1776889331
Rust,RustCrypto,RSA-1024-PKCS1v15,rustcrypto::rsa::marvin_rsa1024_pkcs1v15_decrypt,leaky,AdjacentNetwork,2,16181177017490280269,10000,0.223,rdtsc,5.000,silent,fail,true,,20000,1732,"stat=4.284, alpha=0.10, delta=1.0 (pool)",3725,1776889333
Rust,RustCrypto,RSA-1024-PKCS1v15,rustcrypto::rsa::marvin_rsa1024_pkcs1v15_decrypt,leaky,AdjacentNetwork,2,16181177017490280269,10000,0.223,rdtsc,5.000,rtlf,fail,true,1.000000,20000,29255,"p=0.0000, alpha=0.09 (pool)",3725,1776889362
Rust,RustCrypto,RSA-1024-PKCS1v15,rustcrypto::rsa::marvin_rsa1024_pkcs1v15_decrypt,leaky,AdjacentNetwork,3,10345527531909316375,10000,0.223,rdtsc,0.000,tacet,inconclusive,false,0.107500,10000,441,"Inconclusive: SampleBudgetExceeded { current_probability: 0.1075, samples_collected: 10000 }",3723,1776889367
Rust,RustCrypto,RSA-1024-PKCS1v15,rustcrypto::rsa::marvin_rsa1024_pkcs1v15_decrypt,leaky,AdjacentNetwork,3,10345527531909316375,10000,0.223,rdtsc,0.000,dudect,fail,true,,15624,9,"max|t|=4.86, tau=0.0389, threshold=4.5",3723,1776889367
Rust,RustCrypto,RSA-1024-PKCS1v15,rustcrypto::rsa::marvin_rsa1024_pkcs1v15_decrypt,leaky,AdjacentNetwork,3,10345527531909316375,10000,0.223,rdtsc,0.000,tvla,pass,false,,20000,0,"|t|=2.34, threshold=4.5",3723,1776889367
Rust,RustCrypto,RSA-1024-PKCS1v15,rustcrypto::rsa::marvin_rsa1024_pkcs1v15_decrypt,leaky,AdjacentNetwork,3,10345527531909316375,10000,0.223,rdtsc,0.000,silent,fail,true,,20000,955,"stat=5.386, alpha=0.10, delta=1.0 (pool)",3723,1776889368
Rust,RustCrypto,RSA-1024-PKCS1v15,rustcrypto::rsa::marvin_rsa1024_pkcs1v15_decrypt,leaky,AdjacentNetwork,3,10345527531909316375,10000,0.223,rdtsc,0.000,rtlf,fail,true,1.000000,20000,26740,"p=0.0000, alpha=0.09 (pool)",3723,1776889394
Rust,RustCrypto,RSA-1024-PKCS1v15,rustcrypto::rsa::marvin_rsa1024_pkcs1v15_decrypt,leaky,AdjacentNetwork,3,10345527531909316375,10000,0.223,rdtsc,5.000,tacet,inconclusive,false,0.109500,10000,658,"Inconclusive: SampleBudgetExceeded { current_probability: 0.1095, samples_collected: 10000 }",3723,1776889395
Rust,RustCrypto,RSA-1024-PKCS1v15,rustcrypto::rsa::marvin_rsa1024_pkcs1v15_decrypt,leaky,AdjacentNetwork,3,10345527531909316375,10000,0.223,rdtsc,5.000,dudect,fail,true,,15640,9,"max|t|=5.00, tau=0.0400, threshold=4.5",3723,1776889395
Rust,RustCrypto,RSA-1024-PKCS1v15,rustcrypto::rsa::marvin_rsa1024_pkcs1v15_decrypt,leaky,AdjacentNetwork,3,10345527531909316375,10000,0.223,rdtsc,5.000,tvla,pass,false,,20000,0,"|t|=2.34, threshold=4.5",3723,1776889395
Rust,RustCrypto,RSA-1024-PKCS1v15,rustcrypto::rsa::marvin_rsa1024_pkcs1v15_decrypt,leaky,AdjacentNetwork,3,10345527531909316375,10000,0.223,rdtsc,5.000,silent,fail,true,,20000,1529,"stat=9.152, alpha=0.10, delta=1.0 (pool)",3723,1776889396
Rust,RustCrypto,RSA-1024-PKCS1v15,rustcrypto::rsa::marvin_rsa1024_pkcs1v15_decrypt,leaky,AdjacentNetwork,3,10345527531909316375,10000,0.223,rdtsc,5.000,rtlf,fail,true,1.000000,20000,29713,"p=0.0000, alpha=0.09 (pool)",3723,1776889426
Rust,RustCrypto,RSA-1024-PKCS1v15,rustcrypto::rsa::marvin_rsa1024_pkcs1v15_decrypt,leaky,AdjacentNetwork,4,5235722407536906526,10000,0.223,rdtsc,0.000,tacet,inconclusive,false,0.133000,10000,460,"Inconclusive: SampleBudgetExceeded { current_probability: 0.133, samples_collected: 10000 }",3858,1776889430
Rust,RustCrypto,RSA-1024-PKCS1v15,rustcrypto::rsa::marvin_rsa1024_pkcs1v15_decrypt,leaky,AdjacentNetwork,4,5235722407536906526,10000,0.223,rdtsc,0.000,dudect,pass,false,,5704,9,"max|t|=1.63, tau=0.0215, threshold=4.5",3858,1776889431
Rust,RustCrypto,RSA-1024-PKCS1v15,rustcrypto::rsa::marvin_rsa1024_pkcs1v15_decrypt,leaky,AdjacentNetwork,4,5235722407536906526,10000,0.223,rdtsc,0.000,tvla,pass,false,,20000,0,"|t|=0.66, threshold=4.5",3858,1776889431
Rust,RustCrypto,RSA-1024-PKCS1v15,rustcrypto::rsa::marvin_rsa1024_pkcs1v15_decrypt,leaky,AdjacentNetwork,4,5235722407536906526,10000,0.223,rdtsc,0.000,silent,pass,false,,20000,1017,"stat=3.522, alpha=0.10, delta=1.0 (pool)",3858,1776889432
Rust,RustCrypto,RSA-1024-PKCS1v15,rustcrypto::rsa::marvin_rsa1024_pkcs1v15_decrypt,leaky,AdjacentNetwork,4,5235722407536906526,10000,0.223,rdtsc,0.000,rtlf,pass,false,0.000000,20000,26845,"p=1.0000, alpha=0.09 (pool)",3858,1776889458
Rust,RustCrypto,RSA-1024-PKCS1v15,rustcrypto::rsa::marvin_rsa1024_pkcs1v15_decrypt,leaky,AdjacentNetwork,4,5235722407536906526,10000,0.223,rdtsc,5.000,tacet,inconclusive,false,0.170000,10000,655,"Inconclusive: SampleBudgetExceeded { current_probability: 0.17, samples_collected: 10000 }",3858,1776889459
Rust,RustCrypto,RSA-1024-PKCS1v15,rustcrypto::rsa::marvin_rsa1024_pkcs1v15_decrypt,leaky,AdjacentNetwork,4,5235722407536906526,10000,0.223,rdtsc,5.000,dudect,pass,false,,11869,9,"max|t|=1.73, tau=0.0159, threshold=4.5",3858,1776889459
Rust,RustCrypto,RSA-1024-PKCS1v15,rustcrypto::rsa::marvin_rsa1024_pkcs1v15_decrypt,leaky,AdjacentNetwork,4,5235722407536906526,10000,0.223,rdtsc,5.000,tvla,pass,false,,20000,0,"|t|=0.66, threshold=4.5",3858,1776889459
Rust,RustCrypto,RSA-1024-PKCS1v15,rustcrypto::rsa::marvin_rsa1024_pkcs1v15_decrypt,leaky,AdjacentNetwork,4,5235722407536906526,10000,0.223,rdtsc,5.000,silent,pass,false,,20000,1597,"stat=1.594, alpha=0.10, delta=1.0 (pool)",3858,1776889461
Rust,RustCrypto,RSA-1024-PKCS1v15,rustcrypto::rsa::marvin_rsa1024_pkcs1v15_decrypt,leaky,AdjacentNetwork,4,5235722407536906526,10000,0.223,rdtsc,5.000,rtlf,pass,false,0.000000,20000,29622,"p=1.0000, alpha=0.09 (pool)",3858,1776889490
Rust,RustCrypto,RSA-1024-PKCS1v15,rustcrypto::rsa::marvin_rsa1024_pkcs1v15_decrypt,leaky,AdjacentNetwork,5,11103911911378150211,10000,0.223,rdtsc,0.000,tacet,inconclusive,false,0.003500,10000,550,"Inconclusive: ThresholdElevated { theta_user: 100.0, theta_eff: 226.64525961846192, leak_probability_at_eff: 0.0035, meets_pass_criterion_at_eff: true, achievable_at_max: false, message: ""Threshold elevated from 100ns to 226.6ns; P=0.4% at elevated threshold"", guidance: ""Use more samples or a higher-resolution timer to achieve the requested threshold."" }",3859,1776889495
Rust,RustCrypto,RSA-1024-PKCS1v15,rustcrypto::rsa::marvin_rsa1024_pkcs1v15_decrypt,leaky,AdjacentNetwork,5,11103911911378150211,10000,0.223,rdtsc,0.000,dudect,pass,false,,19490,9,"max|t|=2.18, tau=-0.0156, threshold=4.5",3859,1776889495
Rust,RustCrypto,RSA-1024-PKCS1v15,rustcrypto::rsa::marvin_rsa1024_pkcs1v15_decrypt,leaky,AdjacentNetwork,5,11103911911378150211,10000,0.223,rdtsc,0.000,tvla,pass,false,,20000,0,"|t|=0.26, threshold=4.5",3859,1776889495
Rust,RustCrypto,RSA-1024-PKCS1v15,rustcrypto::rsa::marvin_rsa1024_pkcs1v15_decrypt,leaky,AdjacentNetwork,5,11103911911378150211,10000,0.223,rdtsc,0.000,silent,pass,false,,20000,1239,"stat=6.452, alpha=0.10, delta=1.0 (pool)",3859,1776889496
Rust,RustCrypto,RSA-1024-PKCS1v15,rustcrypto::rsa::marvin_rsa1024_pkcs1v15_decrypt,leaky,AdjacentNetwork,5,11103911911378150211,10000,0.223,rdtsc,0.000,rtlf,pass,false,0.000000,20000,28129,"p=1.0000, alpha=0.09 (pool)",3859,1776889524
Rust,RustCrypto,RSA-1024-PKCS1v15,rustcrypto::rsa::marvin_rsa1024_pkcs1v15_decrypt,leaky,AdjacentNetwork,5,11103911911378150211,10000,0.223,rdtsc,5.000,tacet,inconclusive,false,0.016500,10000,691,"Inconclusive: ThresholdElevated { theta_user: 100.0, theta_eff: 226.65013865525208, leak_probability_at_eff: 0.0165, meets_pass_criterion_at_eff: true, achievable_at_max: false, message: ""Threshold elevated from 100ns to 226.7ns; P=1.7% at elevated threshold"", guidance: ""Use more samples or a higher-resolution timer to achieve the requested threshold."" }",3859,1776889525
Rust,RustCrypto,RSA-1024-PKCS1v15,rustcrypto::rsa::marvin_rsa1024_pkcs1v15_decrypt,leaky,AdjacentNetwork,5,11103911911378150211,10000,0.223,rdtsc,5.000,dudect,pass,false,,19492,9,"max|t|=2.22, tau=-0.0159, threshold=4.5",3859,1776889525
Rust,RustCrypto,RSA-1024-PKCS1v15,rustcrypto::rsa::marvin_rsa1024_pkcs1v15_decrypt,leaky,AdjacentNetwork,5,11103911911378150211,10000,0.223,rdtsc,5.000,tvla,pass,false,,20000,0,"|t|=0.26, threshold=4.5",3859,1776889525
Rust,RustCrypto,RSA-1024-PKCS1v15,rustcrypto::rsa::marvin_rsa1024_pkcs1v15_decrypt,leaky,AdjacentNetwork,5,11103911911378150211,10000,0.223,rdtsc,5.000,silent,pass,false,,20000,1263,"stat=2.262, alpha=0.10, delta=1.0 (pool)",3859,1776889526
Rust,RustCrypto,RSA-1024-PKCS1v15,rustcrypto::rsa::marvin_rsa1024_pkcs1v15_decrypt,leaky,AdjacentNetwork,5,11103911911378150211,10000,0.223,rdtsc,5.000,rtlf,pass,false,0.000000,20000,30473,"p=1.0000, alpha=0.09 (pool)",3859,1776889556
Rust,RustCrypto,RSA-1024-PKCS1v15,rustcrypto::rsa::marvin_rsa1024_pkcs1v15_decrypt,leaky,AdjacentNetwork,6,10080952379486741611,10000,0.223,rdtsc,0.000,tacet,inconclusive,false,0.337250,10000,576,"Inconclusive: SampleBudgetExceeded { current_probability: 0.33725, samples_collected: 10000 }",3885,1776889561
Rust,RustCrypto,RSA-1024-PKCS1v15,rustcrypto::rsa::marvin_rsa1024_pkcs1v15_decrypt,leaky,AdjacentNetwork,6,10080952379486741611,10000,0.223,rdtsc,0.000,dudect,pass,false,,19115,9,"max|t|=4.15, tau=-0.0300, threshold=4.5",3885,1776889561
Rust,RustCrypto,RSA-1024-PKCS1v15,rustcrypto::rsa::marvin_rsa1024_pkcs1v15_decrypt,leaky,AdjacentNetwork,6,10080952379486741611,10000,0.223,rdtsc,0.000,tvla,pass,false,,20000,0,"|t|=2.63, threshold=4.5",3885,1776889561
Rust,RustCrypto,RSA-1024-PKCS1v15,rustcrypto::rsa::marvin_rsa1024_pkcs1v15_decrypt,leaky,AdjacentNetwork,6,10080952379486741611,10000,0.223,rdtsc,0.000,silent,fail,true,,20000,1045,"stat=25.531, alpha=0.10, delta=1.0 (pool)",3885,1776889562
Rust,RustCrypto,RSA-1024-PKCS1v15,rustcrypto::rsa::marvin_rsa1024_pkcs1v15_decrypt,leaky,AdjacentNetwork,6,10080952379486741611,10000,0.223,rdtsc,0.000,rtlf,fail,true,1.000000,20000,28643,"p=0.0000, alpha=0.09 (pool)",3885,1776889591
Rust,RustCrypto,RSA-1024-PKCS1v15,rustcrypto::rsa::marvin_rsa1024_pkcs1v15_decrypt,leaky,AdjacentNetwork,6,10080952379486741611,10000,0.223,rdtsc,5.000,tacet,inconclusive,false,0.337250,10000,699,"Inconclusive: SampleBudgetExceeded { current_probability: 0.33725, samples_collected: 10000 }",3885,1776889591
Rust,RustCrypto,RSA-1024-PKCS1v15,rustcrypto::rsa::marvin_rsa1024_pkcs1v15_decrypt,leaky,AdjacentNetwork,6,10080952379486741611,10000,0.223,rdtsc,5.000,dudect,pass,false,,19116,9,"max|t|=4.13, tau=-0.0299, threshold=4.5",3885,1776889591
Rust,RustCrypto,RSA-1024-PKCS1v15,rustcrypto::rsa::marvin_rsa1024_pkcs1v15_decrypt,leaky,AdjacentNetwork,6,10080952379486741611,10000,0.223,rdtsc,5.000,tvla,pass,false,,20000,0,"|t|=2.64, threshold=4.5",3885,1776889591
Rust,RustCrypto,RSA-1024-PKCS1v15,rustcrypto::rsa::marvin_rsa1024_pkcs1v15_decrypt,leaky,AdjacentNetwork,6,10080952379486741611,10000,0.223,rdtsc,5.000,silent,fail,true,,20000,1412,"stat=4.285, alpha=0.10, delta=1.0 (pool)",3885,1776889593
Rust,RustCrypto,RSA-1024-PKCS1v15,rustcrypto::rsa::marvin_rsa1024_pkcs1v15_decrypt,leaky,AdjacentNetwork,6,10080952379486741611,10000,0.223,rdtsc,5.000,rtlf,fail,true,1.000000,20000,30766,"p=0.0000, alpha=0.09 (pool)",3885,1776889624
Rust,RustCrypto,RSA-1024-PKCS1v15,rustcrypto::rsa::marvin_rsa1024_pkcs1v15_decrypt,leaky,AdjacentNetwork,7,7147528179339094999,10000,0.223,rdtsc,0.000,tacet,pass,false,0.000500,10000,532,Pass (P=0.1%),3848,1776889628
Rust,RustCrypto,RSA-1024-PKCS1v15,rustcrypto::rsa::marvin_rsa1024_pkcs1v15_decrypt,leaky,AdjacentNetwork,7,7147528179339094999,10000,0.223,rdtsc,0.000,dudect,pass,false,,10616,9,"max|t|=3.31, tau=0.0322, threshold=4.5",3848,1776889628
Rust,RustCrypto,RSA-1024-PKCS1v15,rustcrypto::rsa::marvin_rsa1024_pkcs1v15_decrypt,leaky,AdjacentNetwork,7,7147528179339094999,10000,0.223,rdtsc,0.000,tvla,pass,false,,20000,0,"|t|=0.41, threshold=4.5",3848,1776889628
Rust,RustCrypto,RSA-1024-PKCS1v15,rustcrypto::rsa::marvin_rsa1024_pkcs1v15_decrypt,leaky,AdjacentNetwork,7,7147528179339094999,10000,0.223,rdtsc,0.000,silent,pass,false,,20000,1036,"stat=3.490, alpha=0.10, delta=1.0 (pool)",3848,1776889629
Rust,RustCrypto,RSA-1024-PKCS1v15,rustcrypto::rsa::marvin_rsa1024_pkcs1v15_decrypt,leaky,AdjacentNetwork,7,7147528179339094999,10000,0.223,rdtsc,0.000,rtlf,pass,false,0.000000,20000,28085,"p=1.0000, alpha=0.09 (pool)",3848,1776889657
Rust,RustCrypto,RSA-1024-PKCS1v15,rustcrypto::rsa::marvin_rsa1024_pkcs1v15_decrypt,leaky,AdjacentNetwork,7,7147528179339094999,10000,0.223,rdtsc,5.000,tacet,pass,false,0.000500,10000,687,Pass (P=0.1%),3848,1776889658
Rust,RustCrypto,RSA-1024-PKCS1v15,rustcrypto::rsa::marvin_rsa1024_pkcs1v15_decrypt,leaky,AdjacentNetwork,7,7147528179339094999,10000,0.223,rdtsc,5.000,dudect,pass,false,,10658,9,"max|t|=3.33, tau=0.0323, threshold=4.5",3848,1776889658
Rust,RustCrypto,RSA-1024-PKCS1v15,rustcrypto::rsa::marvin_rsa1024_pkcs1v15_decrypt,leaky,AdjacentNetwork,7,7147528179339094999,10000,0.223,rdtsc,5.000,tvla,pass,false,,20000,0,"|t|=0.41, threshold=4.5",3848,1776889658
Rust,RustCrypto,RSA-1024-PKCS1v15,rustcrypto::rsa::marvin_rsa1024_pkcs1v15_decrypt,leaky,AdjacentNetwork,7,7147528179339094999,10000,0.223,rdtsc,5.000,silent,pass,false,,20000,1776,"stat=2.665, alpha=0.10, delta=1.0 (pool)",3848,1776889660
Rust,RustCrypto,RSA-1024-PKCS1v15,rustcrypto::rsa::marvin_rsa1024_pkcs1v15_decrypt,leaky,AdjacentNetwork,7,7147528179339094999,10000,0.223,rdtsc,5.000,rtlf,pass,false,0.000000,20000,30291,"p=1.0000, alpha=0.09 (pool)",3848,1776889690
Rust,RustCrypto,RSA-1024-PKCS1v15,rustcrypto::rsa::marvin_rsa1024_pkcs1v15_decrypt,leaky,AdjacentNetwork,8,16222819606835889983,10000,0.223,rdtsc,0.000,tacet,pass,false,0.005250,10000,573,Pass (P=0.5%),3850,1776889694
Rust,RustCrypto,RSA-1024-PKCS1v15,rustcrypto::rsa::marvin_rsa1024_pkcs1v15_decrypt,leaky,AdjacentNetwork,8,16222819606835889983,10000,0.223,rdtsc,0.000,dudect,pass,false,,12421,9,"max|t|=3.77, tau=-0.0338, threshold=4.5",3850,1776889694
Rust,RustCrypto,RSA-1024-PKCS1v15,rustcrypto::rsa::marvin_rsa1024_pkcs1v15_decrypt,leaky,AdjacentNetwork,8,16222819606835889983,10000,0.223,rdtsc,0.000,tvla,pass,false,,20000,0,"|t|=0.84, threshold=4.5",3850,1776889694
Rust,RustCrypto,RSA-1024-PKCS1v15,rustcrypto::rsa::marvin_rsa1024_pkcs1v15_decrypt,leaky,AdjacentNetwork,8,16222819606835889983,10000,0.223,rdtsc,0.000,silent,pass,false,,20000,1220,"stat=3.915, alpha=0.10, delta=1.0 (pool)",3850,1776889695
Rust,RustCrypto,RSA-1024-PKCS1v15,rustcrypto::rsa::marvin_rsa1024_pkcs1v15_decrypt,leaky,AdjacentNetwork,8,16222819606835889983,10000,0.223,rdtsc,0.000,rtlf,pass,false,0.000000,20000,28452,"p=1.0000, alpha=0.09 (pool)",3850,1776889724
Rust,RustCrypto,RSA-1024-PKCS1v15,rustcrypto::rsa::marvin_rsa1024_pkcs1v15_decrypt,leaky,AdjacentNetwork,8,16222819606835889983,10000,0.223,rdtsc,5.000,tacet,pass,false,0.006500,10000,700,Pass (P=0.7%),3850,1776889725
Rust,RustCrypto,RSA-1024-PKCS1v15,rustcrypto::rsa::marvin_rsa1024_pkcs1v15_decrypt,leaky,AdjacentNetwork,8,16222819606835889983,10000,0.223,rdtsc,5.000,dudect,pass,false,,12421,9,"max|t|=3.77, tau=-0.0338, threshold=4.5",3850,1776889725
Rust,RustCrypto,RSA-1024-PKCS1v15,rustcrypto::rsa::marvin_rsa1024_pkcs1v15_decrypt,leaky,AdjacentNetwork,8,16222819606835889983,10000,0.223,rdtsc,5.000,tvla,pass,false,,20000,0,"|t|=0.84, threshold=4.5",3850,1776889725
Rust,RustCrypto,RSA-1024-PKCS1v15,rustcrypto::rsa::marvin_rsa1024_pkcs1v15_decrypt,leaky,AdjacentNetwork,8,16222819606835889983,10000,0.223,rdtsc,5.000,silent,pass,false,,20000,1619,"stat=2.378, alpha=0.10, delta=1.0 (pool)",3850,1776889726
Rust,RustCrypto,RSA-1024-PKCS1v15,rustcrypto::rsa::marvin_rsa1024_pkcs1v15_decrypt,leaky,AdjacentNetwork,8,16222819606835889983,10000,0.223,rdtsc,5.000,rtlf,pass,false,0.000000,20000,30744,"p=1.0000, alpha=0.09 (pool)",3850,1776889757
Rust,RustCrypto,RSA-1024-PKCS1v15,rustcrypto::rsa::marvin_rsa1024_pkcs1v15_decrypt,leaky,AdjacentNetwork,9,4874026367394903154,10000,0.223,rdtsc,0.000,tacet,pass,false,0.018500,10000,541,Pass (P=1.8%),3839,1776889761
Rust,RustCrypto,RSA-1024-PKCS1v15,rustcrypto::rsa::marvin_rsa1024_pkcs1v15_decrypt,leaky,AdjacentNetwork,9,4874026367394903154,10000,0.223,rdtsc,0.000,dudect,pass,false,,10665,9,"max|t|=3.38, tau=-0.0328, threshold=4.5",3839,1776889761
Rust,RustCrypto,RSA-1024-PKCS1v15,rustcrypto::rsa::marvin_rsa1024_pkcs1v15_decrypt,leaky,AdjacentNetwork,9,4874026367394903154,10000,0.223,rdtsc,0.000,tvla,pass,false,,20000,0,"|t|=1.89, threshold=4.5",3839,1776889761
Rust,RustCrypto,RSA-1024-PKCS1v15,rustcrypto::rsa::marvin_rsa1024_pkcs1v15_decrypt,leaky,AdjacentNetwork,9,4874026367394903154,10000,0.223,rdtsc,0.000,silent,fail,true,,20000,1045,"stat=6.529, alpha=0.10, delta=1.0 (pool)",3839,1776889762
Rust,RustCrypto,RSA-1024-PKCS1v15,rustcrypto::rsa::marvin_rsa1024_pkcs1v15_decrypt,leaky,AdjacentNetwork,9,4874026367394903154,10000,0.223,rdtsc,0.000,rtlf,fail,true,1.000000,20000,28296,"p=0.0000, alpha=0.09 (pool)",3839,1776889791
Rust,RustCrypto,RSA-1024-PKCS1v15,rustcrypto::rsa::marvin_rsa1024_pkcs1v15_decrypt,leaky,AdjacentNetwork,9,4874026367394903154,10000,0.223,rdtsc,5.000,tacet,pass,false,0.018750,10000,694,Pass (P=1.9%),3839,1776889791
Rust,RustCrypto,RSA-1024-PKCS1v15,rustcrypto::rsa::marvin_rsa1024_pkcs1v15_decrypt,leaky,AdjacentNetwork,9,4874026367394903154,10000,0.223,rdtsc,5.000,dudect,pass,false,,10665,9,"max|t|=3.38, tau=-0.0328, threshold=4.5",3839,1776889791
Rust,RustCrypto,RSA-1024-PKCS1v15,rustcrypto::rsa::marvin_rsa1024_pkcs1v15_decrypt,leaky,AdjacentNetwork,9,4874026367394903154,10000,0.223,rdtsc,5.000,tvla,pass,false,,20000,0,"|t|=1.89, threshold=4.5",3839,1776889791
Rust,RustCrypto,RSA-1024-PKCS1v15,rustcrypto::rsa::marvin_rsa1024_pkcs1v15_decrypt,leaky,AdjacentNetwork,9,4874026367394903154,10000,0.223,rdtsc,5.000,silent,pass,false,,20000,1743,"stat=2.607, alpha=0.10, delta=1.0 (pool)",3839,1776889793
Rust,RustCrypto,RSA-1024-PKCS1v15,rustcrypto::rsa::marvin_rsa1024_pkcs1v15_decrypt,leaky,AdjacentNetwork,9,4874026367394903154,10000,0.223,rdtsc,5.000,rtlf,fail,true,1.000000,20000,29833,"p=0.0000, alpha=0.09 (pool)",3839,1776889823
Rust,RustCrypto,RSA-1024-PKCS1v15,rustcrypto::rsa::marvin_rsa1024_pkcs1v15_decrypt,leaky,AdjacentNetwork,10,14412695428229330657,10000,0.223,rdtsc,0.000,tacet,inconclusive,false,0.245750,10000,484,"Inconclusive: SampleBudgetExceeded { current_probability: 0.24575, samples_collected: 10000 }",3781,1776889827
Rust,RustCrypto,RSA-1024-PKCS1v15,rustcrypto::rsa::marvin_rsa1024_pkcs1v15_decrypt,leaky,AdjacentNetwork,10,14412695428229330657,10000,0.223,rdtsc,0.000,dudect,pass,false,,14619,9,"max|t|=3.05, tau=-0.0252, threshold=4.5",3781,1776889827
Rust,RustCrypto,RSA-1024-PKCS1v15,rustcrypto::rsa::marvin_rsa1024_pkcs1v15_decrypt,leaky,AdjacentNetwork,10,14412695428229330657,10000,0.223,rdtsc,0.000,tvla,pass,false,,20000,0,"|t|=1.67, threshold=4.5",3781,1776889827
Rust,RustCrypto,RSA-1024-PKCS1v15,rustcrypto::rsa::marvin_rsa1024_pkcs1v15_decrypt,leaky,AdjacentNetwork,10,14412695428229330657,10000,0.223,rdtsc,0.000,silent,fail,true,,20000,1004,"stat=7.038, alpha=0.10, delta=1.0 (pool)",3781,1776889828
Rust,RustCrypto,RSA-1024-PKCS1v15,rustcrypto::rsa::marvin_rsa1024_pkcs1v15_decrypt,leaky,AdjacentNetwork,10,14412695428229330657,10000,0.223,rdtsc,0.000,rtlf,pass,false,0.000000,20000,26820,"p=1.0000, alpha=0.09 (pool)",3781,1776889855
Rust,RustCrypto,RSA-1024-PKCS1v15,rustcrypto::rsa::marvin_rsa1024_pkcs1v15_decrypt,leaky,AdjacentNetwork,10,14412695428229330657,10000,0.223,rdtsc,5.000,tacet,inconclusive,false,0.175500,10000,656,"Inconclusive: SampleBudgetExceeded { current_probability: 0.1755, samples_collected: 10000 }",3781,1776889856
Rust,RustCrypto,RSA-1024-PKCS1v15,rustcrypto::rsa::marvin_rsa1024_pkcs1v15_decrypt,leaky,AdjacentNetwork,10,14412695428229330657,10000,0.223,rdtsc,5.000,dudect,pass,false,,14634,9,"max|t|=2.94, tau=-0.0243, threshold=4.5",3781,1776889856
Rust,RustCrypto,RSA-1024-PKCS1v15,rustcrypto::rsa::marvin_rsa1024_pkcs1v15_decrypt,leaky,AdjacentNetwork,10,14412695428229330657,10000,0.223,rdtsc,5.000,tvla,pass,false,,20000,0,"|t|=1.67, threshold=4.5",3781,1776889856
Rust,RustCrypto,RSA-1024-PKCS1v15,rustcrypto::rsa::marvin_rsa1024_pkcs1v15_decrypt,leaky,AdjacentNetwork,10,14412695428229330657,10000,0.223,rdtsc,5.000,silent,pass,false,,20000,1684,"stat=2.610, alpha=0.10, delta=1.0 (pool)",3781,1776889857
Rust,RustCrypto,RSA-1024-PKCS1v15,rustcrypto::rsa::marvin_rsa1024_pkcs1v15_decrypt,leaky,AdjacentNetwork,10,14412695428229330657,10000,0.223,rdtsc,5.000,rtlf,fail,true,1.000000,20000,29106,"p=0.0000, alpha=0.09 (pool)",3781,1776889887
Rust,RustCrypto,RSA-1024-PKCS1v15,rustcrypto::rsa::marvin_rsa1024_pkcs1v15_decrypt,leaky,AdjacentNetwork,11,7309414515811073847,10000,0.223,rdtsc,0.000,tacet,inconclusive,false,0.418250,10000,518,"Inconclusive: SampleBudgetExceeded { current_probability: 0.41825, samples_collected: 10000 }",3739,1776889891
Rust,RustCrypto,RSA-1024-PKCS1v15,rustcrypto::rsa::marvin_rsa1024_pkcs1v15_decrypt,leaky,AdjacentNetwork,11,7309414515811073847,10000,0.223,rdtsc,0.000,dudect,pass,false,,7568,9,"max|t|=4.33, tau=-0.0497, threshold=4.5",3739,1776889891
Rust,RustCrypto,RSA-1024-PKCS1v15,rustcrypto::rsa::marvin_rsa1024_pkcs1v15_decrypt,leaky,AdjacentNetwork,11,7309414515811073847,10000,0.223,rdtsc,0.000,tvla,pass,false,,20000,0,"|t|=0.42, threshold=4.5",3739,1776889891
Rust,RustCrypto,RSA-1024-PKCS1v15,rustcrypto::rsa::marvin_rsa1024_pkcs1v15_decrypt,leaky,AdjacentNetwork,11,7309414515811073847,10000,0.223,rdtsc,0.000,silent,fail,true,,20000,1010,"stat=9.229, alpha=0.10, delta=1.0 (pool)",3739,1776889892
Rust,RustCrypto,RSA-1024-PKCS1v15,rustcrypto::rsa::marvin_rsa1024_pkcs1v15_decrypt,leaky,AdjacentNetwork,11,7309414515811073847,10000,0.223,rdtsc,0.000,rtlf,fail,true,1.000000,20000,27281,"p=0.0000, alpha=0.09 (pool)",3739,1776889919
Rust,RustCrypto,RSA-1024-PKCS1v15,rustcrypto::rsa::marvin_rsa1024_pkcs1v15_decrypt,leaky,AdjacentNetwork,11,7309414515811073847,10000,0.223,rdtsc,5.000,tacet,inconclusive,false,0.419000,10000,665,"Inconclusive: SampleBudgetExceeded { current_probability: 0.419, samples_collected: 10000 }",3739,1776889920
Rust,RustCrypto,RSA-1024-PKCS1v15,rustcrypto::rsa::marvin_rsa1024_pkcs1v15_decrypt,leaky,AdjacentNetwork,11,7309414515811073847,10000,0.223,rdtsc,5.000,dudect,pass,false,,7675,9,"max|t|=4.19, tau=-0.0478, threshold=4.5",3739,1776889920
Rust,RustCrypto,RSA-1024-PKCS1v15,rustcrypto::rsa::marvin_rsa1024_pkcs1v15_decrypt,leaky,AdjacentNetwork,11,7309414515811073847,10000,0.223,rdtsc,5.000,tvla,pass,false,,20000,0,"|t|=0.42, threshold=4.5",3739,1776889920
Rust,RustCrypto,RSA-1024-PKCS1v15,rustcrypto::rsa::marvin_rsa1024_pkcs1v15_decrypt,leaky,AdjacentNetwork,11,7309414515811073847,10000,0.223,rdtsc,5.000,silent,fail,true,,20000,1133,"stat=4.553, alpha=0.10, delta=1.0 (pool)",3739,1776889921
Rust,RustCrypto,RSA-1024-PKCS1v15,rustcrypto::rsa::marvin_rsa1024_pkcs1v15_decrypt,leaky,AdjacentNetwork,11,7309414515811073847,10000,0.223,rdtsc,5.000,rtlf,fail,true,1.000000,20000,29440,"p=0.0000, alpha=0.09 (pool)",3739,1776889950
Rust,RustCrypto,RSA-1024-PKCS1v15,rustcrypto::rsa::marvin_rsa1024_pkcs1v15_decrypt,leaky,AdjacentNetwork,12,1416603868060367477,10000,0.223,rdtsc,0.000,tacet,inconclusive,false,0.080000,10000,442,"Inconclusive: SampleBudgetExceeded { current_probability: 0.08, samples_collected: 10000 }",3719,1776889955
Rust,RustCrypto,RSA-1024-PKCS1v15,rustcrypto::rsa::marvin_rsa1024_pkcs1v15_decrypt,leaky,AdjacentNetwork,12,1416603868060367477,10000,0.223,rdtsc,0.000,dudect,fail,true,,16210,9,"max|t|=13.65, tau=-0.1072, threshold=4.5",3719,1776889955
Rust,RustCrypto,RSA-1024-PKCS1v15,rustcrypto::rsa::marvin_rsa1024_pkcs1v15_decrypt,leaky,AdjacentNetwork,12,1416603868060367477,10000,0.223,rdtsc,0.000,tvla,pass,false,,20000,0,"|t|=3.61, threshold=4.5",3719,1776889955
Rust,RustCrypto,RSA-1024-PKCS1v15,rustcrypto::rsa::marvin_rsa1024_pkcs1v15_decrypt,leaky,AdjacentNetwork,12,1416603868060367477,10000,0.223,rdtsc,0.000,silent,fail,true,,20000,1010,"stat=10.671, alpha=0.10, delta=1.0 (pool)",3719,1776889956
Rust,RustCrypto,RSA-1024-PKCS1v15,rustcrypto::rsa::marvin_rsa1024_pkcs1v15_decrypt,leaky,AdjacentNetwork,12,1416603868060367477,10000,0.223,rdtsc,0.000,rtlf,fail,true,1.000000,20000,26449,"p=0.0000, alpha=0.09 (pool)",3719,1776889982
Rust,RustCrypto,RSA-1024-PKCS1v15,rustcrypto::rsa::marvin_rsa1024_pkcs1v15_decrypt,leaky,AdjacentNetwork,12,1416603868060367477,10000,0.223,rdtsc,5.000,tacet,inconclusive,false,0.087750,10000,640,"Inconclusive: SampleBudgetExceeded { current_probability: 0.08775, samples_collected: 10000 }",3719,1776889983
Rust,RustCrypto,RSA-1024-PKCS1v15,rustcrypto::rsa::marvin_rsa1024_pkcs1v15_decrypt,leaky,AdjacentNetwork,12,1416603868060367477,10000,0.223,rdtsc,5.000,dudect,fail,true,,16210,9,"max|t|=13.65, tau=-0.1072, threshold=4.5",3719,1776889983
Rust,RustCrypto,RSA-1024-PKCS1v15,rustcrypto::rsa::marvin_rsa1024_pkcs1v15_decrypt,leaky,AdjacentNetwork,12,1416603868060367477,10000,0.223,rdtsc,5.000,tvla,pass,false,,20000,0,"|t|=3.61, threshold=4.5",3719,1776889983
Rust,RustCrypto,RSA-1024-PKCS1v15,rustcrypto::rsa::marvin_rsa1024_pkcs1v15_decrypt,leaky,AdjacentNetwork,12,1416603868060367477,10000,0.223,rdtsc,5.000,silent,fail,true,,20000,1244,"stat=11.872, alpha=0.10, delta=1.0 (pool)",3719,1776889984
Rust,RustCrypto,RSA-1024-PKCS1v15,rustcrypto::rsa::marvin_rsa1024_pkcs1v15_decrypt,leaky,AdjacentNetwork,12,1416603868060367477,10000,0.223,rdtsc,5.000,rtlf,fail,true,1.000000,20000,28945,"p=0.0000, alpha=0.09 (pool)",3719,1776890013
Rust,RustCrypto,RSA-1024-PKCS1v15,rustcrypto::rsa::marvin_rsa1024_pkcs1v15_decrypt,leaky,AdjacentNetwork,13,7156272371374718987,10000,0.223,rdtsc,0.000,tacet,pass,false,0.005000,10000,469,Pass (P=0.5%),3706,1776890017
Rust,RustCrypto,RSA-1024-PKCS1v15,rustcrypto::rsa::marvin_rsa1024_pkcs1v15_decrypt,leaky,AdjacentNetwork,13,7156272371374718987,10000,0.223,rdtsc,0.000,dudect,pass,false,,7687,9,"max|t|=2.81, tau=-0.0321, threshold=4.5",3706,1776890017
Rust,RustCrypto,RSA-1024-PKCS1v15,rustcrypto::rsa::marvin_rsa1024_pkcs1v15_decrypt,leaky,AdjacentNetwork,13,7156272371374718987,10000,0.223,rdtsc,0.000,tvla,pass,false,,20000,0,"|t|=0.35, threshold=4.5",3706,1776890017
Rust,RustCrypto,RSA-1024-PKCS1v15,rustcrypto::rsa::marvin_rsa1024_pkcs1v15_decrypt,leaky,AdjacentNetwork,13,7156272371374718987,10000,0.223,rdtsc,0.000,silent,pass,false,,20000,1003,"stat=2.686, alpha=0.10, delta=1.0 (pool)",3706,1776890018
Rust,RustCrypto,RSA-1024-PKCS1v15,rustcrypto::rsa::marvin_rsa1024_pkcs1v15_decrypt,leaky,AdjacentNetwork,13,7156272371374718987,10000,0.223,rdtsc,0.000,rtlf,pass,false,0.000000,20000,27307,"p=1.0000, alpha=0.09 (pool)",3706,1776890045
Rust,RustCrypto,RSA-1024-PKCS1v15,rustcrypto::rsa::marvin_rsa1024_pkcs1v15_decrypt,leaky,AdjacentNetwork,13,7156272371374718987,10000,0.223,rdtsc,5.000,tacet,pass,false,0.005000,10000,670,Pass (P=0.5%),3706,1776890046
Rust,RustCrypto,RSA-1024-PKCS1v15,rustcrypto::rsa::marvin_rsa1024_pkcs1v15_decrypt,leaky,AdjacentNetwork,13,7156272371374718987,10000,0.223,rdtsc,5.000,dudect,pass,false,,6801,9,"max|t|=2.81, tau=-0.0341, threshold=4.5",3706,1776890046
Rust,RustCrypto,RSA-1024-PKCS1v15,rustcrypto::rsa::marvin_rsa1024_pkcs1v15_decrypt,leaky,AdjacentNetwork,13,7156272371374718987,10000,0.223,rdtsc,5.000,tvla,pass,false,,20000,0,"|t|=0.35, threshold=4.5",3706,1776890046
Rust,RustCrypto,RSA-1024-PKCS1v15,rustcrypto::rsa::marvin_rsa1024_pkcs1v15_decrypt,leaky,AdjacentNetwork,13,7156272371374718987,10000,0.223,rdtsc,5.000,silent,pass,false,,20000,1112,"stat=2.888, alpha=0.10, delta=1.0 (pool)",3706,1776890047
Rust,RustCrypto,RSA-1024-PKCS1v15,rustcrypto::rsa::marvin_rsa1024_pkcs1v15_decrypt,leaky,AdjacentNetwork,13,7156272371374718987,10000,0.223,rdtsc,5.000,rtlf,fail,true,1.000000,20000,29892,"p=0.0000, alpha=0.09 (pool)",3706,1776890077
Rust,RustCrypto,RSA-1024-PKCS1v15,rustcrypto::rsa::marvin_rsa1024_pkcs1v15_decrypt,leaky,AdjacentNetwork,14,5733042429392844838,10000,0.223,rdtsc,0.000,tacet,pass,false,0.009000,10000,513,Pass (P=0.9%),3865,1776890081
Rust,RustCrypto,RSA-1024-PKCS1v15,rustcrypto::rsa::marvin_rsa1024_pkcs1v15_decrypt,leaky,AdjacentNetwork,14,5733042429392844838,10000,0.223,rdtsc,0.000,dudect,pass,false,,11274,9,"max|t|=3.20, tau=-0.0301, threshold=4.5",3865,1776890081
Rust,RustCrypto,RSA-1024-PKCS1v15,rustcrypto::rsa::marvin_rsa1024_pkcs1v15_decrypt,leaky,AdjacentNetwork,14,5733042429392844838,10000,0.223,rdtsc,0.000,tvla,pass,false,,20000,0,"|t|=1.54, threshold=4.5",3865,1776890081
Rust,RustCrypto,RSA-1024-PKCS1v15,rustcrypto::rsa::marvin_rsa1024_pkcs1v15_decrypt,leaky,AdjacentNetwork,14,5733042429392844838,10000,0.223,rdtsc,0.000,silent,fail,true,,20000,1012,"stat=13.143, alpha=0.10, delta=1.0 (pool)",3865,1776890082
Rust,RustCrypto,RSA-1024-PKCS1v15,rustcrypto::rsa::marvin_rsa1024_pkcs1v15_decrypt,leaky,AdjacentNetwork,14,5733042429392844838,10000,0.223,rdtsc,0.000,rtlf,fail,true,1.000000,20000,27406,"p=0.0000, alpha=0.09 (pool)",3865,1776890110
Rust,RustCrypto,RSA-1024-PKCS1v15,rustcrypto::rsa::marvin_rsa1024_pkcs1v15_decrypt,leaky,AdjacentNetwork,14,5733042429392844838,10000,0.223,rdtsc,5.000,tacet,pass,false,0.009000,10000,661,Pass (P=0.9%),3865,1776890111
Rust,RustCrypto,RSA-1024-PKCS1v15,rustcrypto::rsa::marvin_rsa1024_pkcs1v15_decrypt,leaky,AdjacentNetwork,14,5733042429392844838,10000,0.223,rdtsc,5.000,dudect,pass,false,,11294,9,"max|t|=3.26, tau=-0.0306, threshold=4.5",3865,1776890111
Rust,RustCrypto,RSA-1024-PKCS1v15,rustcrypto::rsa::marvin_rsa1024_pkcs1v15_decrypt,leaky,AdjacentNetwork,14,5733042429392844838,10000,0.223,rdtsc,5.000,tvla,pass,false,,20000,0,"|t|=1.54, threshold=4.5",3865,1776890111
Rust,RustCrypto,RSA-1024-PKCS1v15,rustcrypto::rsa::marvin_rsa1024_pkcs1v15_decrypt,leaky,AdjacentNetwork,14,5733042429392844838,10000,0.223,rdtsc,5.000,silent,fail,true,,20000,1361,"stat=5.275, alpha=0.10, delta=1.0 (pool)",3865,1776890112
Rust,RustCrypto,RSA-1024-PKCS1v15,rustcrypto::rsa::marvin_rsa1024_pkcs1v15_decrypt,leaky,AdjacentNetwork,14,5733042429392844838,10000,0.223,rdtsc,5.000,rtlf,fail,true,1.000000,20000,29388,"p=0.0000, alpha=0.09 (pool)",3865,1776890141
Rust,RustCrypto,RSA-1024-PKCS1v15,rustcrypto::rsa::marvin_rsa1024_pkcs1v15_decrypt,leaky,AdjacentNetwork,15,8740215586439081363,10000,0.223,rdtsc,0.000,tacet,inconclusive,false,0.215250,10000,491,"Inconclusive: SampleBudgetExceeded { current_probability: 0.21525, samples_collected: 10000 }",3717,1776890145
Rust,RustCrypto,RSA-1024-PKCS1v15,rustcrypto::rsa::marvin_rsa1024_pkcs1v15_decrypt,leaky,AdjacentNetwork,15,8740215586439081363,10000,0.223,rdtsc,0.000,dudect,fail,true,,15326,9,"max|t|=5.39, tau=-0.0436, threshold=4.5",3717,1776890145
Rust,RustCrypto,RSA-1024-PKCS1v15,rustcrypto::rsa::marvin_rsa1024_pkcs1v15_decrypt,leaky,AdjacentNetwork,15,8740215586439081363,10000,0.223,rdtsc,0.000,tvla,pass,false,,20000,0,"|t|=0.58, threshold=4.5",3717,1776890145
Rust,RustCrypto,RSA-1024-PKCS1v15,rustcrypto::rsa::marvin_rsa1024_pkcs1v15_decrypt,leaky,AdjacentNetwork,15,8740215586439081363,10000,0.223,rdtsc,0.000,silent,fail,true,,20000,990,"stat=7.930, alpha=0.10, delta=1.0 (pool)",3717,1776890146
Rust,RustCrypto,RSA-1024-PKCS1v15,rustcrypto::rsa::marvin_rsa1024_pkcs1v15_decrypt,leaky,AdjacentNetwork,15,8740215586439081363,10000,0.223,rdtsc,0.000,rtlf,fail,true,1.000000,20000,27038,"p=0.0000, alpha=0.09 (pool)",3717,1776890174
Rust,RustCrypto,RSA-1024-PKCS1v15,rustcrypto::rsa::marvin_rsa1024_pkcs1v15_decrypt,leaky,AdjacentNetwork,15,8740215586439081363,10000,0.223,rdtsc,5.000,tacet,inconclusive,false,0.266250,10000,658,"Inconclusive: SampleBudgetExceeded { current_probability: 0.26625, samples_collected: 10000 }",3717,1776890174
Rust,RustCrypto,RSA-1024-PKCS1v15,rustcrypto::rsa::marvin_rsa1024_pkcs1v15_decrypt,leaky,AdjacentNetwork,15,8740215586439081363,10000,0.223,rdtsc,5.000,dudect,fail,true,,15335,9,"max|t|=5.40, tau=-0.0436, threshold=4.5",3717,1776890174
Rust,RustCrypto,RSA-1024-PKCS1v15,rustcrypto::rsa::marvin_rsa1024_pkcs1v15_decrypt,leaky,AdjacentNetwork,15,8740215586439081363,10000,0.223,rdtsc,5.000,tvla,pass,false,,20000,0,"|t|=0.58, threshold=4.5",3717,1776890174
Rust,RustCrypto,RSA-1024-PKCS1v15,rustcrypto::rsa::marvin_rsa1024_pkcs1v15_decrypt,leaky,AdjacentNetwork,15,8740215586439081363,10000,0.223,rdtsc,5.000,silent,fail,true,,20000,1140,"stat=4.237, alpha=0.10, delta=1.0 (pool)",3717,1776890175
Rust,RustCrypto,RSA-1024-PKCS1v15,rustcrypto::rsa::marvin_rsa1024_pkcs1v15_decrypt,leaky,AdjacentNetwork,15,8740215586439081363,10000,0.223,rdtsc,5.000,rtlf,fail,true,1.000000,20000,29313,"p=0.0000, alpha=0.09 (pool)",3717,1776890205
Rust,RustCrypto,RSA-1024-PKCS1v15,rustcrypto::rsa::marvin_rsa1024_pkcs1v15_decrypt,leaky,AdjacentNetwork,16,268587819215575437,10000,0.223,rdtsc,0.000,tacet,pass,false,0.038750,10000,498,Pass (P=3.9%),3796,1776890209
Rust,RustCrypto,RSA-1024-PKCS1v15,rustcrypto::rsa::marvin_rsa1024_pkcs1v15_decrypt,leaky,AdjacentNetwork,16,268587819215575437,10000,0.223,rdtsc,0.000,dudect,pass,false,,4815,9,"max|t|=3.35, tau=0.0483, threshold=4.5",3796,1776890209
Rust,RustCrypto,RSA-1024-PKCS1v15,rustcrypto::rsa::marvin_rsa1024_pkcs1v15_decrypt,leaky,AdjacentNetwork,16,268587819215575437,10000,0.223,rdtsc,0.000,tvla,pass,false,,20000,0,"|t|=1.47, threshold=4.5",3796,1776890209
Rust,RustCrypto,RSA-1024-PKCS1v15,rustcrypto::rsa::marvin_rsa1024_pkcs1v15_decrypt,leaky,AdjacentNetwork,16,268587819215575437,10000,0.223,rdtsc,0.000,silent,fail,true,,20000,996,"stat=13.969, alpha=0.10, delta=1.0 (pool)",3796,1776890210
Rust,RustCrypto,RSA-1024-PKCS1v15,rustcrypto::rsa::marvin_rsa1024_pkcs1v15_decrypt,leaky,AdjacentNetwork,16,268587819215575437,10000,0.223,rdtsc,0.000,rtlf,pass,false,0.000000,20000,26922,"p=1.0000, alpha=0.09 (pool)",3796,1776890237
Rust,RustCrypto,RSA-1024-PKCS1v15,rustcrypto::rsa::marvin_rsa1024_pkcs1v15_decrypt,leaky,AdjacentNetwork,16,268587819215575437,10000,0.223,rdtsc,5.000,tacet,pass,false,0.038500,10000,661,Pass (P=3.9%),3796,1776890238
Rust,RustCrypto,RSA-1024-PKCS1v15,rustcrypto::rsa::marvin_rsa1024_pkcs1v15_decrypt,leaky,AdjacentNetwork,16,268587819215575437,10000,0.223,rdtsc,5.000,dudect,pass,false,,4831,9,"max|t|=3.25, tau=0.0467, threshold=4.5",3796,1776890238
Rust,RustCrypto,RSA-1024-PKCS1v15,rustcrypto::rsa::marvin_rsa1024_pkcs1v15_decrypt,leaky,AdjacentNetwork,16,268587819215575437,10000,0.223,rdtsc,5.000,tvla,pass,false,,20000,0,"|t|=1.47, threshold=4.5",3796,1776890238
Rust,RustCrypto,RSA-1024-PKCS1v15,rustcrypto::rsa::marvin_rsa1024_pkcs1v15_decrypt,leaky,AdjacentNetwork,16,268587819215575437,10000,0.223,rdtsc,5.000,silent,pass,false,,20000,1630,"stat=2.612, alpha=0.10, delta=1.0 (pool)",3796,1776890239
Rust,RustCrypto,RSA-1024-PKCS1v15,rustcrypto::rsa::marvin_rsa1024_pkcs1v15_decrypt,leaky,AdjacentNetwork,16,268587819215575437,10000,0.223,rdtsc,5.000,rtlf,pass,false,0.000000,20000,29242,"p=1.0000, alpha=0.09 (pool)",3796,1776890268
Rust,RustCrypto,RSA-1024-PKCS1v15,rustcrypto::rsa::marvin_rsa1024_pkcs1v15_decrypt,leaky,AdjacentNetwork,17,9369743751105822393,10000,0.223,rdtsc,0.000,tacet,inconclusive,false,0.060500,10000,515,"Inconclusive: SampleBudgetExceeded { current_probability: 0.0605, samples_collected: 10000 }",3726,1776890273
Rust,RustCrypto,RSA-1024-PKCS1v15,rustcrypto::rsa::marvin_rsa1024_pkcs1v15_decrypt,leaky,AdjacentNetwork,17,9369743751105822393,10000,0.223,rdtsc,0.000,dudect,pass,false,,17482,9,"max|t|=3.53, tau=-0.0267, threshold=4.5",3726,1776890273
Rust,RustCrypto,RSA-1024-PKCS1v15,rustcrypto::rsa::marvin_rsa1024_pkcs1v15_decrypt,leaky,AdjacentNetwork,17,9369743751105822393,10000,0.223,rdtsc,0.000,tvla,pass,false,,20000,0,"|t|=1.09, threshold=4.5",3726,1776890273
Rust,RustCrypto,RSA-1024-PKCS1v15,rustcrypto::rsa::marvin_rsa1024_pkcs1v15_decrypt,leaky,AdjacentNetwork,17,9369743751105822393,10000,0.223,rdtsc,0.000,silent,fail,true,,20000,1001,"stat=7.983, alpha=0.10, delta=1.0 (pool)",3726,1776890274
Rust,RustCrypto,RSA-1024-PKCS1v15,rustcrypto::rsa::marvin_rsa1024_pkcs1v15_decrypt,leaky,AdjacentNetwork,17,9369743751105822393,10000,0.223,rdtsc,0.000,rtlf,fail,true,1.000000,20000,27612,"p=0.0000, alpha=0.09 (pool)",3726,1776890301
Rust,RustCrypto,RSA-1024-PKCS1v15,rustcrypto::rsa::marvin_rsa1024_pkcs1v15_decrypt,leaky,AdjacentNetwork,17,9369743751105822393,10000,0.223,rdtsc,5.000,tacet,inconclusive,false,0.127500,10000,670,"Inconclusive: SampleBudgetExceeded { current_probability: 0.1275, samples_collected: 10000 }",3726,1776890302
Rust,RustCrypto,RSA-1024-PKCS1v15,rustcrypto::rsa::marvin_rsa1024_pkcs1v15_decrypt,leaky,AdjacentNetwork,17,9369743751105822393,10000,0.223,rdtsc,5.000,dudect,pass,false,,17495,9,"max|t|=3.54, tau=-0.0268, threshold=4.5",3726,1776890302
Rust,RustCrypto,RSA-1024-PKCS1v15,rustcrypto::rsa::marvin_rsa1024_pkcs1v15_decrypt,leaky,AdjacentNetwork,17,9369743751105822393,10000,0.223,rdtsc,5.000,tvla,pass,false,,20000,0,"|t|=1.09, threshold=4.5",3726,1776890302
Rust,RustCrypto,RSA-1024-PKCS1v15,rustcrypto::rsa::marvin_rsa1024_pkcs1v15_decrypt,leaky,AdjacentNetwork,17,9369743751105822393,10000,0.223,rdtsc,5.000,silent,fail,true,,20000,1155,"stat=4.711, alpha=0.10, delta=1.0 (pool)",3726,1776890303
Rust,RustCrypto,RSA-1024-PKCS1v15,rustcrypto::rsa::marvin_rsa1024_pkcs1v15_decrypt,leaky,AdjacentNetwork,17,9369743751105822393,10000,0.223,rdtsc,5.000,rtlf,fail,true,1.000000,20000,29557,"p=0.0000, alpha=0.09 (pool)",3726,1776890333
Rust,RustCrypto,RSA-1024-PKCS1v15,rustcrypto::rsa::marvin_rsa1024_pkcs1v15_decrypt,leaky,AdjacentNetwork,18,1392717593351835413,10000,0.223,rdtsc,0.000,tacet,inconclusive,false,0.475500,10000,513,"Inconclusive: DataTooNoisy { message: ""KL divergence 0.61 nats < 0.7 nats threshold; data not informative"", guidance: ""Try: more samples, higher-resolution timer, reduce system load"" }",3753,1776890337
Rust,RustCrypto,RSA-1024-PKCS1v15,rustcrypto::rsa::marvin_rsa1024_pkcs1v15_decrypt,leaky,AdjacentNetwork,18,1392717593351835413,10000,0.223,rdtsc,0.000,dudect,pass,false,,14245,9,"max|t|=4.49, tau=0.0377, threshold=4.5",3753,1776890337
Rust,RustCrypto,RSA-1024-PKCS1v15,rustcrypto::rsa::marvin_rsa1024_pkcs1v15_decrypt,leaky,AdjacentNetwork,18,1392717593351835413,10000,0.223,rdtsc,0.000,tvla,pass,false,,20000,0,"|t|=2.32, threshold=4.5",3753,1776890337
Rust,RustCrypto,RSA-1024-PKCS1v15,rustcrypto::rsa::marvin_rsa1024_pkcs1v15_decrypt,leaky,AdjacentNetwork,18,1392717593351835413,10000,0.223,rdtsc,0.000,silent,fail,true,,20000,983,"stat=8.512, alpha=0.10, delta=1.0 (pool)",3753,1776890338
Rust,RustCrypto,RSA-1024-PKCS1v15,rustcrypto::rsa::marvin_rsa1024_pkcs1v15_decrypt,leaky,AdjacentNetwork,18,1392717593351835413,10000,0.223,rdtsc,0.000,rtlf,pass,false,0.000000,20000,27357,"p=1.0000, alpha=0.09 (pool)",3753,1776890365
Rust,RustCrypto,RSA-1024-PKCS1v15,rustcrypto::rsa::marvin_rsa1024_pkcs1v15_decrypt,leaky,AdjacentNetwork,18,1392717593351835413,10000,0.223,rdtsc,5.000,tacet,inconclusive,false,0.452250,10000,669,"Inconclusive: DataTooNoisy { message: ""KL divergence 0.58 nats < 0.7 nats threshold; data not informative"", guidance: ""Try: more samples, higher-resolution timer, reduce system load"" }",3753,1776890366
Rust,RustCrypto,RSA-1024-PKCS1v15,rustcrypto::rsa::marvin_rsa1024_pkcs1v15_decrypt,leaky,AdjacentNetwork,18,1392717593351835413,10000,0.223,rdtsc,5.000,dudect,pass,false,,14252,9,"max|t|=4.47, tau=0.0375, threshold=4.5",3753,1776890366
Rust,RustCrypto,RSA-1024-PKCS1v15,rustcrypto::rsa::marvin_rsa1024_pkcs1v15_decrypt,leaky,AdjacentNetwork,18,1392717593351835413,10000,0.223,rdtsc,5.000,tvla,pass,false,,20000,0,"|t|=2.32, threshold=4.5",3753,1776890366
Rust,RustCrypto,RSA-1024-PKCS1v15,rustcrypto::rsa::marvin_rsa1024_pkcs1v15_decrypt,leaky,AdjacentNetwork,18,1392717593351835413,10000,0.223,rdtsc,5.000,silent,pass,false,,20000,1243,"stat=2.110, alpha=0.10, delta=1.0 (pool)",3753,1776890367
Rust,RustCrypto,RSA-1024-PKCS1v15,rustcrypto::rsa::marvin_rsa1024_pkcs1v15_decrypt,leaky,AdjacentNetwork,18,1392717593351835413,10000,0.223,rdtsc,5.000,rtlf,fail,true,1.000000,20000,29549,"p=0.0000, alpha=0.09 (pool)",3753,1776890397
Rust,RustCrypto,RSA-1024-PKCS1v15,rustcrypto::rsa::marvin_rsa1024_pkcs1v15_decrypt,leaky,AdjacentNetwork,19,18003829273360213823,10000,0.223,rdtsc,0.000,tacet,inconclusive,false,0.715250,10000,507,"Inconclusive: SampleBudgetExceeded { current_probability: 0.71525, samples_collected: 10000 }",3850,1776890401
Rust,RustCrypto,RSA-1024-PKCS1v15,rustcrypto::rsa::marvin_rsa1024_pkcs1v15_decrypt,leaky,AdjacentNetwork,19,18003829273360213823,10000,0.223,rdtsc,0.000,dudect,fail,true,,15645,9,"max|t|=5.74, tau=-0.0459, threshold=4.5",3850,1776890401
Rust,RustCrypto,RSA-1024-PKCS1v15,rustcrypto::rsa::marvin_rsa1024_pkcs1v15_decrypt,leaky,AdjacentNetwork,19,18003829273360213823,10000,0.223,rdtsc,0.000,tvla,pass,false,,20000,0,"|t|=1.71, threshold=4.5",3850,1776890401
Rust,RustCrypto,RSA-1024-PKCS1v15,rustcrypto::rsa::marvin_rsa1024_pkcs1v15_decrypt,leaky,AdjacentNetwork,19,18003829273360213823,10000,0.223,rdtsc,0.000,silent,fail,true,,20000,1194,"stat=11.077, alpha=0.10, delta=1.0 (pool)",3850,1776890402
Rust,RustCrypto,RSA-1024-PKCS1v15,rustcrypto::rsa::marvin_rsa1024_pkcs1v15_decrypt,leaky,AdjacentNetwork,19,18003829273360213823,10000,0.223,rdtsc,0.000,rtlf,fail,true,1.000000,20000,27576,"p=0.0000, alpha=0.09 (pool)",3850,1776890430
Rust,RustCrypto,RSA-1024-PKCS1v15,rustcrypto::rsa::marvin_rsa1024_pkcs1v15_decrypt,leaky,AdjacentNetwork,19,18003829273360213823,10000,0.223,rdtsc,5.000,tacet,inconclusive,false,0.715250,10000,678,"Inconclusive: SampleBudgetExceeded { current_probability: 0.71525, samples_collected: 10000 }",3850,1776890431
Rust,RustCrypto,RSA-1024-PKCS1v15,rustcrypto::rsa::marvin_rsa1024_pkcs1v15_decrypt,leaky,AdjacentNetwork,19,18003829273360213823,10000,0.223,rdtsc,5.000,dudect,fail,true,,15647,9,"max|t|=5.74, tau=-0.0459, threshold=4.5",3850,1776890431
Rust,RustCrypto,RSA-1024-PKCS1v15,rustcrypto::rsa::marvin_rsa1024_pkcs1v15_decrypt,leaky,AdjacentNetwork,19,18003829273360213823,10000,0.223,rdtsc,5.000,tvla,pass,false,,20000,0,"|t|=1.71, threshold=4.5",3850,1776890431
Rust,RustCrypto,RSA-1024-PKCS1v15,rustcrypto::rsa::marvin_rsa1024_pkcs1v15_decrypt,leaky,AdjacentNetwork,19,18003829273360213823,10000,0.223,rdtsc,5.000,silent,fail,true,,20000,1315,"stat=6.088, alpha=0.10, delta=1.0 (pool)",3850,1776890432
Rust,RustCrypto,RSA-1024-PKCS1v15,rustcrypto::rsa::marvin_rsa1024_pkcs1v15_decrypt,leaky,AdjacentNetwork,19,18003829273360213823,10000,0.223,rdtsc,5.000,rtlf,fail,true,1.000000,20000,29513,"p=0.0000, alpha=0.09 (pool)",3850,1776890461
Rust,RustCrypto,RSA-1024-PKCS1v15,rustcrypto::rsa::marvin_rsa1024_pkcs1v15_decrypt,leaky,AdjacentNetwork,20,16764460929957836017,10000,0.223,rdtsc,0.000,tacet,pass,false,0.000000,10000,455,Pass (P=0.0%),3729,1776890466
Rust,RustCrypto,RSA-1024-PKCS1v15,rustcrypto::rsa::marvin_rsa1024_pkcs1v15_decrypt,leaky,AdjacentNetwork,20,16764460929957836017,10000,0.223,rdtsc,0.000,dudect,pass,false,,1332,9,"max|t|=1.67, tau=0.0457, threshold=4.5",3729,1776890466
Rust,RustCrypto,RSA-1024-PKCS1v15,rustcrypto::rsa::marvin_rsa1024_pkcs1v15_decrypt,leaky,AdjacentNetwork,20,16764460929957836017,10000,0.223,rdtsc,0.000,tvla,pass,false,,20000,0,"|t|=0.66, threshold=4.5",3729,1776890466
Rust,RustCrypto,RSA-1024-PKCS1v15,rustcrypto::rsa::marvin_rsa1024_pkcs1v15_decrypt,leaky,AdjacentNetwork,20,16764460929957836017,10000,0.223,rdtsc,0.000,silent,pass,false,,20000,957,"stat=1.895, alpha=0.10, delta=1.0 (pool)",3729,1776890467
Rust,RustCrypto,RSA-1024-PKCS1v15,rustcrypto::rsa::marvin_rsa1024_pkcs1v15_decrypt,leaky,AdjacentNetwork,20,16764460929957836017,10000,0.223,rdtsc,0.000,rtlf,pass,false,0.000000,20000,26508,"p=1.0000, alpha=0.09 (pool)",3729,1776890493
Rust,RustCrypto,RSA-1024-PKCS1v15,rustcrypto::rsa::marvin_rsa1024_pkcs1v15_decrypt,leaky,AdjacentNetwork,20,16764460929957836017,10000,0.223,rdtsc,5.000,tacet,pass,false,0.000000,10000,642,Pass (P=0.0%),3729,1776890494
Rust,RustCrypto,RSA-1024-PKCS1v15,rustcrypto::rsa::marvin_rsa1024_pkcs1v15_decrypt,leaky,AdjacentNetwork,20,16764460929957836017,10000,0.223,rdtsc,5.000,dudect,pass,false,,1332,9,"max|t|=1.69, tau=0.0464, threshold=4.5",3729,1776890494
Rust,RustCrypto,RSA-1024-PKCS1v15,rustcrypto::rsa::marvin_rsa1024_pkcs1v15_decrypt,leaky,AdjacentNetwork,20,16764460929957836017,10000,0.223,rdtsc,5.000,tvla,pass,false,,20000,0,"|t|=0.66, threshold=4.5",3729,1776890494
Rust,RustCrypto,RSA-1024-PKCS1v15,rustcrypto::rsa::marvin_rsa1024_pkcs1v15_decrypt,leaky,AdjacentNetwork,20,16764460929957836017,10000,0.223,rdtsc,5.000,silent,pass,false,,20000,1332,"stat=2.158, alpha=0.10, delta=1.0 (pool)",3729,1776890495
Rust,RustCrypto,RSA-1024-PKCS1v15,rustcrypto::rsa::marvin_rsa1024_pkcs1v15_decrypt,leaky,AdjacentNetwork,20,16764460929957836017,10000,0.223,rdtsc,5.000,rtlf,pass,false,0.000000,20000,29318,"p=1.0000, alpha=0.09 (pool)",3729,1776890524
