crypto_benchmark: tier=All, tests=8, iterations=20, tools=tacet,dudect,tvla,silent,rtlf
  dither configs (ns): [0.0, 5.0]
[1/160] rustcrypto::aes::aes128_encrypt iter 1/20 (seed=6154005188474195364)
  collected 10000 baseline + 10000 test samples in 106 ms (timer=rdtsc, resolution=0.223 ns)
    dither=0.00 tacet → pass (leak=false, P=Some(0.0), 200ms)
    dither=0.00 dudect → fail (leak=true, P=None, 4ms)
    dither=0.00 tvla → fail (leak=true, P=None, 0ms)
Loaded SILENT functions from: /nix/store/afvpgxn8vx0a00rn0r79i5wj63lprbmz-silent-unstable-2024-01-19/share/silent/scripts/functions.R
RTLF implementation enabled (using built-in algorithm)
R persistent worker ready
  SILENT loaded: TRUE
  RTLF loaded: TRUE
SILENT pool failed, falling back to subprocess: SILENT analysis failed: missing values and NaN's not allowed if 'na.rm' is FALSE
    dither=0.00 silent → fail (leak=true, P=None, 1363ms)
    dither=0.00 rtlf → fail (leak=true, P=Some(1.0), 17106ms)
    dither=5.00 tacet → pass (leak=false, P=Some(0.0), 243ms)
    dither=5.00 dudect → fail (leak=true, P=None, 8ms)
    dither=5.00 tvla → fail (leak=true, P=None, 0ms)
SILENT result: test_stat=20.283294683691 threshold=3.30776669132376 adjusted=16.9755279923672
    dither=5.00 silent → fail (leak=true, P=None, 800ms)
    dither=5.00 rtlf → fail (leak=true, P=Some(1.0), 20789ms)
[2/160] rustcrypto::aes::aes128_encrypt iter 2/20 (seed=4911217489519324707)
  collected 10000 baseline + 10000 test samples in 106 ms (timer=rdtsc, resolution=0.223 ns)
    dither=0.00 tacet → pass (leak=false, P=Some(0.0), 194ms)
    dither=0.00 dudect → fail (leak=true, P=None, 4ms)
    dither=0.00 tvla → fail (leak=true, P=None, 0ms)
SILENT pool failed, falling back to subprocess: SILENT analysis failed: missing values and NaN's not allowed if 'na.rm' is FALSE
    dither=0.00 silent → error (leak=false, P=None, 1261ms)
    dither=0.00 rtlf → fail (leak=true, P=Some(1.0), 17031ms)
    dither=5.00 tacet → pass (leak=false, P=Some(0.0), 244ms)
    dither=5.00 dudect → fail (leak=true, P=None, 8ms)
    dither=5.00 tvla → fail (leak=true, P=None, 0ms)
SILENT result: test_stat=21.8226823170776 threshold=3.70583287606422 adjusted=18.1168494410134
    dither=5.00 silent → fail (leak=true, P=None, 778ms)
    dither=5.00 rtlf → fail (leak=true, P=Some(1.0), 22199ms)
[3/160] rustcrypto::aes::aes128_encrypt iter 3/20 (seed=13926325517549521148)
  collected 10000 baseline + 10000 test samples in 106 ms (timer=rdtsc, resolution=0.223 ns)
    dither=0.00 tacet → pass (leak=false, P=Some(0.0), 200ms)
    dither=0.00 dudect → fail (leak=true, P=None, 4ms)
    dither=0.00 tvla → pass (leak=false, P=None, 0ms)
SILENT pool failed, falling back to subprocess: SILENT analysis failed: missing values and NaN's not allowed if 'na.rm' is FALSE
    dither=0.00 silent → error (leak=false, P=None, 1433ms)
    dither=0.00 rtlf → fail (leak=true, P=Some(1.0), 18633ms)
    dither=5.00 tacet → pass (leak=false, P=Some(0.0), 279ms)
    dither=5.00 dudect → fail (leak=true, P=None, 9ms)
    dither=5.00 tvla → pass (leak=false, P=None, 0ms)
SILENT result: test_stat=14.0774951926672 threshold=2.38725985528125 adjusted=11.690235337386
    dither=5.00 silent → fail (leak=true, P=None, 1226ms)
    dither=5.00 rtlf → fail (leak=true, P=Some(1.0), 21262ms)
[4/160] rustcrypto::aes::aes128_encrypt iter 4/20 (seed=3050750541046227730)
  collected 10000 baseline + 10000 test samples in 112 ms (timer=rdtsc, resolution=0.223 ns)
    dither=0.00 tacet → pass (leak=false, P=Some(0.0), 206ms)
    dither=0.00 dudect → fail (leak=true, P=None, 7ms)
    dither=0.00 tvla → fail (leak=true, P=None, 0ms)
SILENT pool failed, falling back to subprocess: SILENT analysis failed: missing values and NaN's not allowed if 'na.rm' is FALSE
    dither=0.00 silent → error (leak=false, P=None, 1319ms)
    dither=0.00 rtlf → pass (leak=false, P=Some(0.0), 17521ms)
    dither=5.00 tacet → pass (leak=false, P=Some(0.0), 256ms)
    dither=5.00 dudect → fail (leak=true, P=None, 9ms)
    dither=5.00 tvla → fail (leak=true, P=None, 0ms)
SILENT result: test_stat=349.839852641078 threshold=-0.0386123550032402 adjusted=349.878464996081
    dither=5.00 silent → fail (leak=true, P=None, 877ms)
    dither=5.00 rtlf → fail (leak=true, P=Some(1.0), 21343ms)
[5/160] rustcrypto::aes::aes128_encrypt iter 5/20 (seed=15221301424657966275)
  collected 10000 baseline + 10000 test samples in 106 ms (timer=rdtsc, resolution=0.223 ns)
    dither=0.00 tacet → pass (leak=false, P=Some(0.0), 201ms)
    dither=0.00 dudect → fail (leak=true, P=None, 8ms)
    dither=0.00 tvla → fail (leak=true, P=None, 0ms)
SILENT result: test_stat=Inf threshold=14.6628374048013 adjusted=Inf
    dither=0.00 silent → fail (leak=true, P=None, 765ms)
    dither=0.00 rtlf → pass (leak=false, P=Some(0.0), 18290ms)
    dither=5.00 tacet → pass (leak=false, P=Some(0.0), 258ms)
    dither=5.00 dudect → fail (leak=true, P=None, 9ms)
    dither=5.00 tvla → fail (leak=true, P=None, 0ms)
SILENT result: test_stat=210.677523350801 threshold=37.1846626757112 adjusted=173.49286067509
    dither=5.00 silent → fail (leak=true, P=None, 789ms)
    dither=5.00 rtlf → fail (leak=true, P=Some(1.0), 21621ms)
[6/160] rustcrypto::aes::aes128_encrypt iter 6/20 (seed=10417274980379140357)
  collected 10000 baseline + 10000 test samples in 106 ms (timer=rdtsc, resolution=0.223 ns)
    dither=0.00 tacet → pass (leak=false, P=Some(0.0), 193ms)
    dither=0.00 dudect → fail (leak=true, P=None, 4ms)
    dither=0.00 tvla → fail (leak=true, P=None, 0ms)
SILENT pool failed, falling back to subprocess: SILENT analysis failed: missing values and NaN's not allowed if 'na.rm' is FALSE
    dither=0.00 silent → error (leak=false, P=None, 1264ms)
    dither=0.00 rtlf → fail (leak=true, P=Some(1.0), 16922ms)
    dither=5.00 tacet → pass (leak=false, P=Some(0.0), 243ms)
    dither=5.00 dudect → fail (leak=true, P=None, 8ms)
    dither=5.00 tvla → fail (leak=true, P=None, 0ms)
SILENT result: test_stat=15.5159511931978 threshold=2.5262436991422 adjusted=12.9897074940556
    dither=5.00 silent → fail (leak=true, P=None, 769ms)
    dither=5.00 rtlf → fail (leak=true, P=Some(1.0), 20619ms)
[7/160] rustcrypto::aes::aes128_encrypt iter 7/20 (seed=10731120142020192295)
  collected 10000 baseline + 10000 test samples in 106 ms (timer=rdtsc, resolution=0.223 ns)
    dither=0.00 tacet → pass (leak=false, P=Some(0.0), 187ms)
    dither=0.00 dudect → fail (leak=true, P=None, 4ms)
    dither=0.00 tvla → fail (leak=true, P=None, 0ms)
SILENT pool failed, falling back to subprocess: SILENT analysis failed: missing values and NaN's not allowed if 'na.rm' is FALSE
    dither=0.00 silent → error (leak=false, P=None, 1258ms)
    dither=0.00 rtlf → fail (leak=true, P=Some(1.0), 17107ms)
    dither=5.00 tacet → pass (leak=false, P=Some(0.0), 243ms)
    dither=5.00 dudect → fail (leak=true, P=None, 8ms)
    dither=5.00 tvla → fail (leak=true, P=None, 0ms)
SILENT result: test_stat=14.7285456518838 threshold=3.10069312239659 adjusted=11.6278525294872
    dither=5.00 silent → fail (leak=true, P=None, 764ms)
    dither=5.00 rtlf → fail (leak=true, P=Some(1.0), 20797ms)
[8/160] rustcrypto::aes::aes128_encrypt iter 8/20 (seed=13574334748152275081)
  collected 10000 baseline + 10000 test samples in 106 ms (timer=rdtsc, resolution=0.223 ns)
    dither=0.00 tacet → pass (leak=false, P=Some(0.0), 207ms)
    dither=0.00 dudect → fail (leak=true, P=None, 7ms)
    dither=0.00 tvla → pass (leak=false, P=None, 0ms)
SILENT result: test_stat=29.0415684352517 threshold=23.7797761693671 adjusted=5.26179226588457
    dither=0.00 silent → fail (leak=true, P=None, 756ms)
    dither=0.00 rtlf → pass (leak=false, P=Some(0.0), 18287ms)
    dither=5.00 tacet → pass (leak=false, P=Some(0.0), 257ms)
    dither=5.00 dudect → fail (leak=true, P=None, 9ms)
    dither=5.00 tvla → pass (leak=false, P=None, 0ms)
SILENT result: test_stat=271.150144921884 threshold=58.1159122865671 adjusted=213.034232635316
    dither=5.00 silent → fail (leak=true, P=None, 770ms)
    dither=5.00 rtlf → fail (leak=true, P=Some(1.0), 21141ms)
[9/160] rustcrypto::aes::aes128_encrypt iter 9/20 (seed=5117884842499753759)
  collected 10000 baseline + 10000 test samples in 106 ms (timer=rdtsc, resolution=0.223 ns)
    dither=0.00 tacet → pass (leak=false, P=Some(0.0), 202ms)
    dither=0.00 dudect → fail (leak=true, P=None, 7ms)
    dither=0.00 tvla → pass (leak=false, P=None, 0ms)
SILENT result: test_stat=31.4138585412608 threshold=2.26336216191749 adjusted=29.1504963793433
    dither=0.00 silent → fail (leak=true, P=None, 735ms)
    dither=0.00 rtlf → pass (leak=false, P=Some(0.0), 18078ms)
    dither=5.00 tacet → pass (leak=false, P=Some(0.0), 264ms)
    dither=5.00 dudect → fail (leak=true, P=None, 9ms)
    dither=5.00 tvla → pass (leak=false, P=None, 0ms)
SILENT result: test_stat=205.934448110616 threshold=10.28035658976 adjusted=195.654091520856
    dither=5.00 silent → fail (leak=true, P=None, 784ms)
    dither=5.00 rtlf → fail (leak=true, P=Some(1.0), 21955ms)
[10/160] rustcrypto::aes::aes128_encrypt iter 10/20 (seed=79716518764929837)
  collected 10000 baseline + 10000 test samples in 106 ms (timer=rdtsc, resolution=0.223 ns)
    dither=0.00 tacet → pass (leak=false, P=Some(0.0), 208ms)
    dither=0.00 dudect → fail (leak=true, P=None, 7ms)
    dither=0.00 tvla → fail (leak=true, P=None, 0ms)
SILENT result: test_stat=126.346162126361 threshold=247.32256421484 adjusted=-120.97640208848
    dither=0.00 silent → pass (leak=false, P=None, 765ms)
    dither=0.00 rtlf → fail (leak=true, P=Some(1.0), 18344ms)
    dither=5.00 tacet → pass (leak=false, P=Some(0.0), 260ms)
    dither=5.00 dudect → fail (leak=true, P=None, 9ms)
    dither=5.00 tvla → fail (leak=true, P=None, 0ms)
SILENT result: test_stat=303.213169514869 threshold=4.82838989889696 adjusted=298.384779615972
    dither=5.00 silent → fail (leak=true, P=None, 774ms)
    dither=5.00 rtlf → fail (leak=true, P=Some(1.0), 21664ms)
[11/160] rustcrypto::aes::aes128_encrypt iter 11/20 (seed=863232594028445752)
  collected 10000 baseline + 10000 test samples in 106 ms (timer=rdtsc, resolution=0.223 ns)
    dither=0.00 tacet → pass (leak=false, P=Some(0.0), 193ms)
    dither=0.00 dudect → fail (leak=true, P=None, 4ms)
    dither=0.00 tvla → fail (leak=true, P=None, 0ms)
SILENT result: test_stat=64.7162155917302 threshold=1.90699294764657 adjusted=62.8092226440836
    dither=0.00 silent → fail (leak=true, P=None, 759ms)
    dither=0.00 rtlf → fail (leak=true, P=Some(1.0), 17077ms)
    dither=5.00 tacet → pass (leak=false, P=Some(0.0), 243ms)
    dither=5.00 dudect → fail (leak=true, P=None, 8ms)
    dither=5.00 tvla → fail (leak=true, P=None, 0ms)
SILENT result: test_stat=21.7501966238306 threshold=6.16367000672825 adjusted=15.5865266171023
    dither=5.00 silent → fail (leak=true, P=None, 912ms)
    dither=5.00 rtlf → fail (leak=true, P=Some(1.0), 20822ms)
[12/160] rustcrypto::aes::aes128_encrypt iter 12/20 (seed=12442704996826556040)
  collected 10000 baseline + 10000 test samples in 106 ms (timer=rdtsc, resolution=0.223 ns)
    dither=0.00 tacet → pass (leak=false, P=Some(0.0), 193ms)
    dither=0.00 dudect → fail (leak=true, P=None, 4ms)
    dither=0.00 tvla → pass (leak=false, P=None, 0ms)
SILENT pool failed, falling back to subprocess: SILENT analysis failed: missing values and NaN's not allowed if 'na.rm' is FALSE
    dither=0.00 silent → error (leak=false, P=None, 1228ms)
    dither=0.00 rtlf → fail (leak=true, P=Some(1.0), 16565ms)
    dither=5.00 tacet → pass (leak=false, P=Some(0.0), 240ms)
    dither=5.00 dudect → fail (leak=true, P=None, 8ms)
    dither=5.00 tvla → pass (leak=false, P=None, 0ms)
SILENT result: test_stat=8.02012635927402 threshold=2.44434189079795 adjusted=5.57578446847607
    dither=5.00 silent → fail (leak=true, P=None, 742ms)
    dither=5.00 rtlf → fail (leak=true, P=Some(1.0), 20588ms)
[13/160] rustcrypto::aes::aes128_encrypt iter 13/20 (seed=8670128681160509208)
  collected 10000 baseline + 10000 test samples in 106 ms (timer=rdtsc, resolution=0.223 ns)
    dither=0.00 tacet → pass (leak=false, P=Some(0.0), 192ms)
    dither=0.00 dudect → fail (leak=true, P=None, 4ms)
    dither=0.00 tvla → fail (leak=true, P=None, 0ms)
SILENT pool failed, falling back to subprocess: SILENT analysis failed: missing values and NaN's not allowed if 'na.rm' is FALSE
    dither=0.00 silent → error (leak=false, P=None, 1233ms)
    dither=0.00 rtlf → fail (leak=true, P=Some(1.0), 16439ms)
    dither=5.00 tacet → pass (leak=false, P=Some(0.0), 239ms)
    dither=5.00 dudect → fail (leak=true, P=None, 8ms)
    dither=5.00 tvla → fail (leak=true, P=None, 0ms)
SILENT result: test_stat=12.1627744511773 threshold=4.38691479920988 adjusted=7.77585965196741
    dither=5.00 silent → fail (leak=true, P=None, 738ms)
    dither=5.00 rtlf → fail (leak=true, P=Some(1.0), 20164ms)
[14/160] rustcrypto::aes::aes128_encrypt iter 14/20 (seed=15671048526854114073)
  collected 10000 baseline + 10000 test samples in 106 ms (timer=rdtsc, resolution=0.223 ns)
    dither=0.00 tacet → pass (leak=false, P=Some(0.0), 190ms)
    dither=0.00 dudect → fail (leak=true, P=None, 4ms)
    dither=0.00 tvla → pass (leak=false, P=None, 0ms)
SILENT result: test_stat=7127.85578714388 threshold=5.09628326585885 adjusted=7122.75950387802
    dither=0.00 silent → fail (leak=true, P=None, 762ms)
    dither=0.00 rtlf → fail (leak=true, P=Some(1.0), 16638ms)
    dither=5.00 tacet → pass (leak=false, P=Some(0.0), 236ms)
    dither=5.00 dudect → fail (leak=true, P=None, 8ms)
    dither=5.00 tvla → pass (leak=false, P=None, 0ms)
SILENT result: test_stat=31.3058858110125 threshold=5.90543977774937 adjusted=25.4004460332631
    dither=5.00 silent → fail (leak=true, P=None, 779ms)
    dither=5.00 rtlf → fail (leak=true, P=Some(1.0), 20235ms)
[15/160] rustcrypto::aes::aes128_encrypt iter 15/20 (seed=16472347628482825433)
  collected 10000 baseline + 10000 test samples in 109 ms (timer=rdtsc, resolution=0.223 ns)
    dither=0.00 tacet → pass (leak=false, P=Some(0.0), 195ms)
    dither=0.00 dudect → fail (leak=true, P=None, 7ms)
    dither=0.00 tvla → pass (leak=false, P=None, 0ms)
SILENT result: test_stat=0.0697571271244704 threshold=11.1791356491342 adjusted=-11.1093785220098
    dither=0.00 silent → pass (leak=false, P=None, 744ms)
    dither=0.00 rtlf → fail (leak=true, P=Some(1.0), 17529ms)
    dither=5.00 tacet → pass (leak=false, P=Some(0.0), 250ms)
    dither=5.00 dudect → fail (leak=true, P=None, 9ms)
    dither=5.00 tvla → pass (leak=false, P=None, 0ms)
SILENT result: test_stat=277.315031787366 threshold=38.8066442720248 adjusted=238.508387515341
    dither=5.00 silent → fail (leak=true, P=None, 774ms)
    dither=5.00 rtlf → fail (leak=true, P=Some(1.0), 21089ms)
[16/160] rustcrypto::aes::aes128_encrypt iter 16/20 (seed=2151879333159084137)
  collected 10000 baseline + 10000 test samples in 106 ms (timer=rdtsc, resolution=0.223 ns)
    dither=0.00 tacet → pass (leak=false, P=Some(0.0), 193ms)
    dither=0.00 dudect → fail (leak=true, P=None, 4ms)
    dither=0.00 tvla → fail (leak=true, P=None, 0ms)
SILENT pool failed, falling back to subprocess: SILENT analysis failed: missing values and NaN's not allowed if 'na.rm' is FALSE
    dither=0.00 silent → error (leak=false, P=None, 1230ms)
    dither=0.00 rtlf → fail (leak=true, P=Some(1.0), 16575ms)
    dither=5.00 tacet → pass (leak=false, P=Some(0.0), 240ms)
    dither=5.00 dudect → fail (leak=true, P=None, 8ms)
    dither=5.00 tvla → fail (leak=true, P=None, 0ms)
SILENT result: test_stat=13.7551578659819 threshold=3.31305985479053 adjusted=10.4420980111913
    dither=5.00 silent → fail (leak=true, P=None, 745ms)
    dither=5.00 rtlf → fail (leak=true, P=Some(1.0), 20229ms)
[17/160] rustcrypto::aes::aes128_encrypt iter 17/20 (seed=17894998728558100465)
  collected 10000 baseline + 10000 test samples in 106 ms (timer=rdtsc, resolution=0.223 ns)
    dither=0.00 tacet → pass (leak=false, P=Some(0.0), 186ms)
    dither=0.00 dudect → fail (leak=true, P=None, 4ms)
    dither=0.00 tvla → fail (leak=true, P=None, 0ms)
SILENT pool failed, falling back to subprocess: SILENT analysis failed: missing values and NaN's not allowed if 'na.rm' is FALSE
    dither=0.00 silent → error (leak=false, P=None, 1228ms)
    dither=0.00 rtlf → fail (leak=true, P=Some(1.0), 16661ms)
    dither=5.00 tacet → pass (leak=false, P=Some(0.0), 237ms)
    dither=5.00 dudect → fail (leak=true, P=None, 8ms)
    dither=5.00 tvla → fail (leak=true, P=None, 0ms)
SILENT result: test_stat=13.2422608405359 threshold=2.95692685990257 adjusted=10.2853339806333
    dither=5.00 silent → fail (leak=true, P=None, 746ms)
    dither=5.00 rtlf → fail (leak=true, P=Some(1.0), 20184ms)
[18/160] rustcrypto::aes::aes128_encrypt iter 18/20 (seed=13514075790806436036)
  collected 10000 baseline + 10000 test samples in 106 ms (timer=rdtsc, resolution=0.223 ns)
    dither=0.00 tacet → pass (leak=false, P=Some(0.0), 201ms)
    dither=0.00 dudect → fail (leak=true, P=None, 7ms)
    dither=0.00 tvla → pass (leak=false, P=None, 0ms)
SILENT result: test_stat=Inf threshold=8.95420838975113 adjusted=Inf
    dither=0.00 silent → fail (leak=true, P=None, 735ms)
    dither=0.00 rtlf → pass (leak=false, P=Some(0.0), 17955ms)
    dither=5.00 tacet → pass (leak=false, P=Some(0.0), 255ms)
    dither=5.00 dudect → fail (leak=true, P=None, 9ms)
    dither=5.00 tvla → pass (leak=false, P=None, 0ms)
SILENT result: test_stat=236.839840290508 threshold=15.50866342118 adjusted=221.331176869328
    dither=5.00 silent → fail (leak=true, P=None, 765ms)
    dither=5.00 rtlf → fail (leak=true, P=Some(1.0), 21133ms)
[19/160] rustcrypto::aes::aes128_encrypt iter 19/20 (seed=16176078011043277990)
  collected 10000 baseline + 10000 test samples in 106 ms (timer=rdtsc, resolution=0.223 ns)
    dither=0.00 tacet → pass (leak=false, P=Some(0.0), 207ms)
    dither=0.00 dudect → fail (leak=true, P=None, 7ms)
    dither=0.00 tvla → fail (leak=true, P=None, 0ms)
SILENT result: test_stat=33.5454282304866 threshold=161.847007083948 adjusted=-128.301578853461
    dither=0.00 silent → pass (leak=false, P=None, 889ms)
    dither=0.00 rtlf → fail (leak=true, P=Some(1.0), 17620ms)
    dither=5.00 tacet → pass (leak=false, P=Some(0.0), 254ms)
    dither=5.00 dudect → fail (leak=true, P=None, 9ms)
    dither=5.00 tvla → fail (leak=true, P=None, 0ms)
SILENT result: test_stat=386.527529116815 threshold=4.6218204220041 adjusted=381.905708694811
    dither=5.00 silent → fail (leak=true, P=None, 763ms)
    dither=5.00 rtlf → fail (leak=true, P=Some(1.0), 21308ms)
[20/160] rustcrypto::aes::aes128_encrypt iter 20/20 (seed=379920769391484697)
  collected 10000 baseline + 10000 test samples in 106 ms (timer=rdtsc, resolution=0.223 ns)
    dither=0.00 tacet → pass (leak=false, P=Some(0.0), 194ms)
    dither=0.00 dudect → fail (leak=true, P=None, 4ms)
    dither=0.00 tvla → pass (leak=false, P=None, 0ms)
SILENT result: test_stat=337703.450263435 threshold=3.52670562822777 adjusted=337699.923557806
    dither=0.00 silent → fail (leak=true, P=None, 755ms)
    dither=0.00 rtlf → fail (leak=true, P=Some(1.0), 17097ms)
    dither=5.00 tacet → pass (leak=false, P=Some(0.0), 244ms)
    dither=5.00 dudect → fail (leak=true, P=None, 8ms)
    dither=5.00 tvla → pass (leak=false, P=None, 0ms)
SILENT result: test_stat=30.2030557747837 threshold=3.84587844919022 adjusted=26.3571773255935
    dither=5.00 silent → fail (leak=true, P=None, 772ms)
    dither=5.00 rtlf → fail (leak=true, P=Some(1.0), 20776ms)
[21/160] ring::aes_gcm::aes256gcm_seal iter 1/20 (seed=17060210546773182904)
  collected 10000 baseline + 10000 test samples in 108 ms (timer=rdtsc, resolution=0.223 ns)
    dither=0.00 tacet → pass (leak=false, P=Some(0.0), 197ms)
    dither=0.00 dudect → fail (leak=true, P=None, 8ms)
    dither=0.00 tvla → pass (leak=false, P=None, 0ms)
SILENT result: test_stat=32.2393146419326 threshold=12.6987900234826 adjusted=19.54052461845
    dither=0.00 silent → fail (leak=true, P=None, 781ms)
    dither=0.00 rtlf → fail (leak=true, P=Some(1.0), 18412ms)
    dither=5.00 tacet → pass (leak=false, P=Some(0.0), 252ms)
    dither=5.00 dudect → fail (leak=true, P=None, 9ms)
    dither=5.00 tvla → pass (leak=false, P=None, 0ms)
SILENT result: test_stat=763.385821214923 threshold=13.5780943924383 adjusted=749.807726822485
    dither=5.00 silent → fail (leak=true, P=None, 777ms)
    dither=5.00 rtlf → fail (leak=true, P=Some(1.0), 21650ms)
[22/160] ring::aes_gcm::aes256gcm_seal iter 2/20 (seed=1523560160233803684)
  collected 10000 baseline + 10000 test samples in 107 ms (timer=rdtsc, resolution=0.223 ns)
    dither=0.00 tacet → pass (leak=false, P=Some(0.0), 185ms)
    dither=0.00 dudect → fail (leak=true, P=None, 7ms)
    dither=0.00 tvla → pass (leak=false, P=None, 0ms)
SILENT result: test_stat=32.8903374296618 threshold=4.89132139229126 adjusted=27.9990160373706
    dither=0.00 silent → fail (leak=true, P=None, 907ms)
    dither=0.00 rtlf → fail (leak=true, P=Some(1.0), 17763ms)
    dither=5.00 tacet → pass (leak=false, P=Some(0.0), 243ms)
    dither=5.00 dudect → fail (leak=true, P=None, 9ms)
    dither=5.00 tvla → pass (leak=false, P=None, 0ms)
SILENT result: test_stat=50.1934276113913 threshold=10.9082687133825 adjusted=39.2851588980088
    dither=5.00 silent → fail (leak=true, P=None, 1105ms)
    dither=5.00 rtlf → fail (leak=true, P=Some(1.0), 21129ms)
[23/160] ring::aes_gcm::aes256gcm_seal iter 3/20 (seed=1930566291513391757)
  collected 10000 baseline + 10000 test samples in 109 ms (timer=rdtsc, resolution=0.223 ns)
    dither=0.00 tacet → pass (leak=false, P=Some(0.0), 205ms)
    dither=0.00 dudect → fail (leak=true, P=None, 8ms)
    dither=0.00 tvla → pass (leak=false, P=None, 0ms)
SILENT pool failed, falling back to subprocess: SILENT analysis failed: missing values and NaN's not allowed if 'na.rm' is FALSE
    dither=0.00 silent → error (leak=false, P=None, 1283ms)
    dither=0.00 rtlf → pass (leak=false, P=Some(0.0), 19306ms)
    dither=5.00 tacet → pass (leak=false, P=Some(0.0), 267ms)
    dither=5.00 dudect → fail (leak=true, P=None, 9ms)
    dither=5.00 tvla → pass (leak=false, P=None, 0ms)
SILENT result: test_stat=549.174551532794 threshold=6.18404904333777 adjusted=542.990502489456
    dither=5.00 silent → fail (leak=true, P=None, 806ms)
    dither=5.00 rtlf → pass (leak=false, P=Some(0.0), 22591ms)
[24/160] ring::aes_gcm::aes256gcm_seal iter 4/20 (seed=4145745450567302931)
  collected 10000 baseline + 10000 test samples in 110 ms (timer=rdtsc, resolution=0.223 ns)
    dither=0.00 tacet → pass (leak=false, P=Some(0.0), 188ms)
    dither=0.00 dudect → fail (leak=true, P=None, 7ms)
    dither=0.00 tvla → pass (leak=false, P=None, 0ms)
SILENT pool failed, falling back to subprocess: SILENT analysis failed: missing values and NaN's not allowed if 'na.rm' is FALSE
    dither=0.00 silent → error (leak=false, P=None, 1251ms)
    dither=0.00 rtlf → pass (leak=false, P=Some(0.0), 18066ms)
    dither=5.00 tacet → pass (leak=false, P=Some(0.0), 242ms)
    dither=5.00 dudect → fail (leak=true, P=None, 9ms)
    dither=5.00 tvla → pass (leak=false, P=None, 0ms)
SILENT result: test_stat=4.63551443992224 threshold=4.11579733828642 adjusted=0.519717101635818
    dither=5.00 silent → fail (leak=true, P=None, 880ms)
    dither=5.00 rtlf → pass (leak=false, P=Some(0.0), 21431ms)
[25/160] ring::aes_gcm::aes256gcm_seal iter 5/20 (seed=8651195473369840465)
  collected 10000 baseline + 10000 test samples in 107 ms (timer=rdtsc, resolution=0.223 ns)
    dither=0.00 tacet → pass (leak=false, P=Some(0.0), 188ms)
    dither=0.00 dudect → fail (leak=true, P=None, 6ms)
    dither=0.00 tvla → fail (leak=true, P=None, 0ms)
SILENT pool failed, falling back to subprocess: SILENT analysis failed: missing values and NaN's not allowed if 'na.rm' is FALSE
    dither=0.00 silent → error (leak=false, P=None, 1236ms)
    dither=0.00 rtlf → fail (leak=true, P=Some(1.0), 17715ms)
    dither=5.00 tacet → pass (leak=false, P=Some(0.0), 235ms)
    dither=5.00 dudect → fail (leak=true, P=None, 9ms)
    dither=5.00 tvla → fail (leak=true, P=None, 0ms)
SILENT result: test_stat=24.7622064538161 threshold=3.05033321321002 adjusted=21.7118732406061
    dither=5.00 silent → fail (leak=true, P=None, 783ms)
    dither=5.00 rtlf → fail (leak=true, P=Some(1.0), 20914ms)
[26/160] ring::aes_gcm::aes256gcm_seal iter 6/20 (seed=4116686169460871686)
  collected 10000 baseline + 10000 test samples in 107 ms (timer=rdtsc, resolution=0.223 ns)
    dither=0.00 tacet → pass (leak=false, P=Some(0.0), 184ms)
    dither=0.00 dudect → pass (leak=false, P=None, 7ms)
    dither=0.00 tvla → pass (leak=false, P=None, 0ms)
SILENT pool failed, falling back to subprocess: SILENT analysis failed: missing values and NaN's not allowed if 'na.rm' is FALSE
    dither=0.00 silent → error (leak=false, P=None, 1273ms)
    dither=0.00 rtlf → pass (leak=false, P=Some(0.0), 17809ms)
    dither=5.00 tacet → pass (leak=false, P=Some(0.0), 236ms)
    dither=5.00 dudect → fail (leak=true, P=None, 9ms)
    dither=5.00 tvla → pass (leak=false, P=None, 0ms)
SILENT result: test_stat=-2.59688286757276 threshold=4.19644437598494 adjusted=-6.7933272435577
    dither=5.00 silent → pass (leak=false, P=None, 789ms)
    dither=5.00 rtlf → pass (leak=false, P=Some(0.0), 21318ms)
[27/160] ring::aes_gcm::aes256gcm_seal iter 7/20 (seed=16850055734939791794)
  collected 10000 baseline + 10000 test samples in 107 ms (timer=rdtsc, resolution=0.223 ns)
    dither=0.00 tacet → pass (leak=false, P=Some(0.0), 187ms)
    dither=0.00 dudect → pass (leak=false, P=None, 7ms)
    dither=0.00 tvla → pass (leak=false, P=None, 0ms)
SILENT pool failed, falling back to subprocess: SILENT analysis failed: missing values and NaN's not allowed if 'na.rm' is FALSE
    dither=0.00 silent → error (leak=false, P=None, 1299ms)
    dither=0.00 rtlf → pass (leak=false, P=Some(0.0), 18010ms)
    dither=5.00 tacet → pass (leak=false, P=Some(0.0), 230ms)
    dither=5.00 dudect → pass (leak=false, P=None, 8ms)
    dither=5.00 tvla → pass (leak=false, P=None, 0ms)
SILENT result: test_stat=-2.62982739746923 threshold=3.93730598522759 adjusted=-6.56713338269683
    dither=5.00 silent → pass (leak=false, P=None, 814ms)
    dither=5.00 rtlf → pass (leak=false, P=Some(0.0), 20721ms)
[28/160] ring::aes_gcm::aes256gcm_seal iter 8/20 (seed=10790199796676464696)
  collected 10000 baseline + 10000 test samples in 107 ms (timer=rdtsc, resolution=0.223 ns)
    dither=0.00 tacet → pass (leak=false, P=Some(0.0), 193ms)
    dither=0.00 dudect → fail (leak=true, P=None, 8ms)
    dither=0.00 tvla → pass (leak=false, P=None, 0ms)
SILENT pool failed, falling back to subprocess: SILENT analysis failed: missing values and NaN's not allowed if 'na.rm' is FALSE
    dither=0.00 silent → error (leak=false, P=None, 1220ms)
    dither=0.00 rtlf → fail (leak=true, P=Some(1.0), 18401ms)
    dither=5.00 tacet → pass (leak=false, P=Some(0.0), 251ms)
    dither=5.00 dudect → fail (leak=true, P=None, 9ms)
    dither=5.00 tvla → pass (leak=false, P=None, 0ms)
SILENT result: test_stat=173.658489825963 threshold=40.5167156160441 adjusted=133.141774209919
    dither=5.00 silent → fail (leak=true, P=None, 785ms)
    dither=5.00 rtlf → fail (leak=true, P=Some(1.0), 21580ms)
[29/160] ring::aes_gcm::aes256gcm_seal iter 9/20 (seed=13498536771536337217)
  collected 10000 baseline + 10000 test samples in 107 ms (timer=rdtsc, resolution=0.223 ns)
    dither=0.00 tacet → pass (leak=false, P=Some(0.0), 191ms)
    dither=0.00 dudect → pass (leak=false, P=None, 8ms)
    dither=0.00 tvla → pass (leak=false, P=None, 0ms)
SILENT pool failed, falling back to subprocess: SILENT analysis failed: missing values and NaN's not allowed if 'na.rm' is FALSE
    dither=0.00 silent → error (leak=false, P=None, 1216ms)
    dither=0.00 rtlf → pass (leak=false, P=Some(0.0), 18218ms)
    dither=5.00 tacet → pass (leak=false, P=Some(0.0), 248ms)
    dither=5.00 dudect → fail (leak=true, P=None, 9ms)
    dither=5.00 tvla → pass (leak=false, P=None, 0ms)
SILENT result: test_stat=329.843482473222 threshold=7.21857879092829 adjusted=322.624903682293
    dither=5.00 silent → fail (leak=true, P=None, 782ms)
    dither=5.00 rtlf → pass (leak=false, P=Some(0.0), 21543ms)
[30/160] ring::aes_gcm::aes256gcm_seal iter 10/20 (seed=16911135875195564548)
  collected 10000 baseline + 10000 test samples in 107 ms (timer=rdtsc, resolution=0.223 ns)
    dither=0.00 tacet → pass (leak=false, P=Some(0.0), 185ms)
    dither=0.00 dudect → fail (leak=true, P=None, 6ms)
    dither=0.00 tvla → pass (leak=false, P=None, 0ms)
SILENT pool failed, falling back to subprocess: SILENT analysis failed: missing values and NaN's not allowed if 'na.rm' is FALSE
    dither=0.00 silent → error (leak=false, P=None, 1401ms)
    dither=0.00 rtlf → fail (leak=true, P=Some(1.0), 17177ms)
    dither=5.00 tacet → pass (leak=false, P=Some(0.0), 231ms)
    dither=5.00 dudect → fail (leak=true, P=None, 8ms)
    dither=5.00 tvla → pass (leak=false, P=None, 0ms)
SILENT result: test_stat=13.3079905137072 threshold=3.66568941936924 adjusted=9.64230109433799
    dither=5.00 silent → fail (leak=true, P=None, 838ms)
    dither=5.00 rtlf → fail (leak=true, P=Some(1.0), 20569ms)
[31/160] ring::aes_gcm::aes256gcm_seal iter 11/20 (seed=2372330224679415881)
  collected 10000 baseline + 10000 test samples in 107 ms (timer=rdtsc, resolution=0.223 ns)
    dither=0.00 tacet → pass (leak=false, P=Some(0.0), 183ms)
    dither=0.00 dudect → fail (leak=true, P=None, 6ms)
    dither=0.00 tvla → pass (leak=false, P=None, 0ms)
SILENT pool failed, falling back to subprocess: SILENT analysis failed: missing values and NaN's not allowed if 'na.rm' is FALSE
    dither=0.00 silent → error (leak=false, P=None, 1271ms)
    dither=0.00 rtlf → fail (leak=true, P=Some(1.0), 17765ms)
    dither=5.00 tacet → pass (leak=false, P=Some(0.0), 229ms)
    dither=5.00 dudect → fail (leak=true, P=None, 8ms)
    dither=5.00 tvla → pass (leak=false, P=None, 0ms)
SILENT result: test_stat=8.16205714781655 threshold=2.93823748666034 adjusted=5.22381966115622
    dither=5.00 silent → fail (leak=true, P=None, 783ms)
    dither=5.00 rtlf → fail (leak=true, P=Some(1.0), 20460ms)
[32/160] ring::aes_gcm::aes256gcm_seal iter 12/20 (seed=18403298187148368806)
  collected 10000 baseline + 10000 test samples in 107 ms (timer=rdtsc, resolution=0.223 ns)
    dither=0.00 tacet → pass (leak=false, P=Some(0.0), 178ms)
    dither=0.00 dudect → fail (leak=true, P=None, 7ms)
    dither=0.00 tvla → fail (leak=true, P=None, 0ms)
SILENT pool failed, falling back to subprocess: SILENT analysis failed: missing values and NaN's not allowed if 'na.rm' is FALSE
    dither=0.00 silent → error (leak=false, P=None, 1262ms)
    dither=0.00 rtlf → pass (leak=false, P=Some(0.0), 17855ms)
    dither=5.00 tacet → pass (leak=false, P=Some(0.0), 238ms)
    dither=5.00 dudect → fail (leak=true, P=None, 9ms)
    dither=5.00 tvla → fail (leak=true, P=None, 0ms)
SILENT result: test_stat=142.533436408922 threshold=2.32905555744361 adjusted=140.204380851478
    dither=5.00 silent → fail (leak=true, P=None, 787ms)
    dither=5.00 rtlf → pass (leak=false, P=Some(0.0), 21387ms)
[33/160] ring::aes_gcm::aes256gcm_seal iter 13/20 (seed=1288518624501431032)
  collected 10000 baseline + 10000 test samples in 107 ms (timer=rdtsc, resolution=0.223 ns)
    dither=0.00 tacet → pass (leak=false, P=Some(0.0), 195ms)
    dither=0.00 dudect → fail (leak=true, P=None, 8ms)
    dither=0.00 tvla → pass (leak=false, P=None, 0ms)
SILENT result: test_stat=135.37321338909 threshold=31.7853064445534 adjusted=103.587906944536
    dither=0.00 silent → fail (leak=true, P=None, 776ms)
    dither=0.00 rtlf → pass (leak=false, P=Some(0.0), 18659ms)
    dither=5.00 tacet → pass (leak=false, P=Some(0.0), 249ms)
    dither=5.00 dudect → fail (leak=true, P=None, 9ms)
    dither=5.00 tvla → pass (leak=false, P=None, 0ms)
SILENT result: test_stat=154.753769820613 threshold=65.2085250938441 adjusted=89.5452447267689
    dither=5.00 silent → fail (leak=true, P=None, 782ms)
    dither=5.00 rtlf → fail (leak=true, P=Some(1.0), 21451ms)
[34/160] ring::aes_gcm::aes256gcm_seal iter 14/20 (seed=17412385847121606818)
  collected 10000 baseline + 10000 test samples in 108 ms (timer=rdtsc, resolution=0.223 ns)
    dither=0.00 tacet → pass (leak=false, P=Some(0.0), 196ms)
    dither=0.00 dudect → fail (leak=true, P=None, 8ms)
    dither=0.00 tvla → pass (leak=false, P=None, 0ms)
SILENT pool failed, falling back to subprocess: SILENT analysis failed: missing values and NaN's not allowed if 'na.rm' is FALSE
    dither=0.00 silent → error (leak=false, P=None, 1223ms)
    dither=0.00 rtlf → pass (leak=false, P=Some(0.0), 18724ms)
    dither=5.00 tacet → pass (leak=false, P=Some(0.0), 257ms)
    dither=5.00 dudect → fail (leak=true, P=None, 9ms)
    dither=5.00 tvla → pass (leak=false, P=None, 0ms)
SILENT result: test_stat=337.50835391715 threshold=16.2926193173102 adjusted=321.21573459984
    dither=5.00 silent → fail (leak=true, P=None, 771ms)
    dither=5.00 rtlf → fail (leak=true, P=Some(1.0), 21960ms)
[35/160] ring::aes_gcm::aes256gcm_seal iter 15/20 (seed=9909124405784308052)
  collected 10000 baseline + 10000 test samples in 107 ms (timer=rdtsc, resolution=0.223 ns)
    dither=0.00 tacet → pass (leak=false, P=Some(0.0), 201ms)
    dither=0.00 dudect → fail (leak=true, P=None, 8ms)
    dither=0.00 tvla → pass (leak=false, P=None, 0ms)
SILENT result: test_stat=150.157278603659 threshold=33.2759047739083 adjusted=116.881373829751
    dither=0.00 silent → fail (leak=true, P=None, 785ms)
    dither=0.00 rtlf → pass (leak=false, P=Some(0.0), 19166ms)
    dither=5.00 tacet → pass (leak=false, P=Some(0.0), 266ms)
    dither=5.00 dudect → fail (leak=true, P=None, 9ms)
    dither=5.00 tvla → pass (leak=false, P=None, 0ms)
SILENT result: test_stat=395.105819431503 threshold=53.4571756483546 adjusted=341.648643783148
    dither=5.00 silent → fail (leak=true, P=None, 815ms)
    dither=5.00 rtlf → fail (leak=true, P=Some(1.0), 22490ms)
[36/160] ring::aes_gcm::aes256gcm_seal iter 16/20 (seed=8203813682370801817)
  collected 10000 baseline + 10000 test samples in 107 ms (timer=rdtsc, resolution=0.223 ns)
    dither=0.00 tacet → pass (leak=false, P=Some(0.0), 192ms)
    dither=0.00 dudect → pass (leak=false, P=None, 8ms)
    dither=0.00 tvla → pass (leak=false, P=None, 0ms)
SILENT result: test_stat=162.332759173112 threshold=5.11821175659999 adjusted=157.214547416512
    dither=0.00 silent → fail (leak=true, P=None, 779ms)
    dither=0.00 rtlf → pass (leak=false, P=Some(0.0), 18701ms)
    dither=5.00 tacet → pass (leak=false, P=Some(0.0), 257ms)
    dither=5.00 dudect → pass (leak=false, P=None, 9ms)
    dither=5.00 tvla → pass (leak=false, P=None, 0ms)
SILENT result: test_stat=332.79805252697 threshold=3.54849005047669 adjusted=329.249562476493
    dither=5.00 silent → fail (leak=true, P=None, 801ms)
    dither=5.00 rtlf → pass (leak=false, P=Some(0.0), 22031ms)
[37/160] ring::aes_gcm::aes256gcm_seal iter 17/20 (seed=7107288682495609041)
  collected 10000 baseline + 10000 test samples in 109 ms (timer=rdtsc, resolution=0.223 ns)
    dither=0.00 tacet → pass (leak=false, P=Some(0.0), 198ms)
    dither=0.00 dudect → pass (leak=false, P=None, 8ms)
    dither=0.00 tvla → pass (leak=false, P=None, 0ms)
SILENT result: test_stat=55.1353901794546 threshold=10.5607390480675 adjusted=44.5746511313872
    dither=0.00 silent → fail (leak=true, P=None, 801ms)
    dither=0.00 rtlf → pass (leak=false, P=Some(0.0), 18395ms)
    dither=5.00 tacet → pass (leak=false, P=Some(0.0), 259ms)
    dither=5.00 dudect → pass (leak=false, P=None, 9ms)
    dither=5.00 tvla → pass (leak=false, P=None, 0ms)
SILENT result: test_stat=380.506180959922 threshold=15.3125119839258 adjusted=365.193668975996
    dither=5.00 silent → fail (leak=true, P=None, 934ms)
    dither=5.00 rtlf → pass (leak=false, P=Some(0.0), 21828ms)
[38/160] ring::aes_gcm::aes256gcm_seal iter 18/20 (seed=13186043061157427446)
  collected 10000 baseline + 10000 test samples in 107 ms (timer=rdtsc, resolution=0.223 ns)
    dither=0.00 tacet → pass (leak=false, P=Some(0.0), 197ms)
    dither=0.00 dudect → fail (leak=true, P=None, 8ms)
    dither=0.00 tvla → pass (leak=false, P=None, 0ms)
SILENT result: test_stat=157.602645776971 threshold=23.9545140617141 adjusted=133.648131715257
    dither=0.00 silent → fail (leak=true, P=None, 784ms)
    dither=0.00 rtlf → pass (leak=false, P=Some(0.0), 19014ms)
    dither=5.00 tacet → pass (leak=false, P=Some(0.0), 262ms)
    dither=5.00 dudect → fail (leak=true, P=None, 9ms)
    dither=5.00 tvla → pass (leak=false, P=None, 0ms)
SILENT result: test_stat=477.129935288737 threshold=40.9048003342447 adjusted=436.225134954492
    dither=5.00 silent → fail (leak=true, P=None, 820ms)
    dither=5.00 rtlf → fail (leak=true, P=Some(1.0), 22302ms)
[39/160] ring::aes_gcm::aes256gcm_seal iter 19/20 (seed=10149154039833073393)
  collected 10000 baseline + 10000 test samples in 107 ms (timer=rdtsc, resolution=0.223 ns)
    dither=0.00 tacet → pass (leak=false, P=Some(0.0), 187ms)
    dither=0.00 dudect → fail (leak=true, P=None, 7ms)
    dither=0.00 tvla → pass (leak=false, P=None, 0ms)
SILENT pool failed, falling back to subprocess: SILENT analysis failed: missing values and NaN's not allowed if 'na.rm' is FALSE
    dither=0.00 silent → error (leak=false, P=None, 1225ms)
    dither=0.00 rtlf → fail (leak=true, P=Some(1.0), 17464ms)
    dither=5.00 tacet → pass (leak=false, P=Some(0.0), 238ms)
    dither=5.00 dudect → fail (leak=true, P=None, 9ms)
    dither=5.00 tvla → pass (leak=false, P=None, 0ms)
SILENT result: test_stat=0.178405553874062 threshold=3.93363658840035 adjusted=-3.75523103452628
    dither=5.00 silent → pass (leak=false, P=None, 776ms)
    dither=5.00 rtlf → fail (leak=true, P=Some(1.0), 21343ms)
[40/160] ring::aes_gcm::aes256gcm_seal iter 20/20 (seed=16998884976508050501)
  collected 10000 baseline + 10000 test samples in 107 ms (timer=rdtsc, resolution=0.223 ns)
    dither=0.00 tacet → pass (leak=false, P=Some(0.0), 185ms)
    dither=0.00 dudect → pass (leak=false, P=None, 7ms)
    dither=0.00 tvla → pass (leak=false, P=None, 0ms)
SILENT pool failed, falling back to subprocess: SILENT analysis failed: missing values and NaN's not allowed if 'na.rm' is FALSE
    dither=0.00 silent → error (leak=false, P=None, 1231ms)
    dither=0.00 rtlf → pass (leak=false, P=Some(0.0), 17336ms)
    dither=5.00 tacet → pass (leak=false, P=Some(0.0), 231ms)
    dither=5.00 dudect → pass (leak=false, P=None, 8ms)
    dither=5.00 tvla → pass (leak=false, P=None, 0ms)
SILENT result: test_stat=-1.44156638717141 threshold=4.16069806846063 adjusted=-5.60226445563204
    dither=5.00 silent → pass (leak=false, P=None, 763ms)
    dither=5.00 rtlf → pass (leak=false, P=Some(0.0), 20560ms)
[41/160] rustcrypto::chacha20poly1305::encrypt iter 1/20 (seed=12225731234541680140)
  collected 10000 baseline + 10000 test samples in 128 ms (timer=rdtsc, resolution=0.223 ns)
    dither=0.00 tacet → pass (leak=false, P=Some(0.0), 184ms)
    dither=0.00 dudect → pass (leak=false, P=None, 7ms)
    dither=0.00 tvla → pass (leak=false, P=None, 0ms)
SILENT result: test_stat=-0.0116932396525976 threshold=3.99108031640953 adjusted=-4.00277355606213
    dither=0.00 silent → pass (leak=false, P=None, 749ms)
    dither=0.00 rtlf → pass (leak=false, P=Some(0.0), 17354ms)
    dither=5.00 tacet → pass (leak=false, P=Some(0.0), 233ms)
    dither=5.00 dudect → pass (leak=false, P=None, 8ms)
    dither=5.00 tvla → pass (leak=false, P=None, 0ms)
SILENT result: test_stat=4.89987461749345 threshold=4.55817589830515 adjusted=0.3416987191883
    dither=5.00 silent → fail (leak=true, P=None, 770ms)
    dither=5.00 rtlf → pass (leak=false, P=Some(0.0), 20759ms)
[42/160] rustcrypto::chacha20poly1305::encrypt iter 2/20 (seed=13155455818830233774)
  collected 10000 baseline + 10000 test samples in 128 ms (timer=rdtsc, resolution=0.223 ns)
    dither=0.00 tacet → pass (leak=false, P=Some(0.0), 193ms)
    dither=0.00 dudect → fail (leak=true, P=None, 7ms)
    dither=0.00 tvla → pass (leak=false, P=None, 0ms)
SILENT result: test_stat=9.25084698652249 threshold=2.85718811015294 adjusted=6.39365887636956
    dither=0.00 silent → fail (leak=true, P=None, 738ms)
    dither=0.00 rtlf → pass (leak=false, P=Some(0.0), 17521ms)
    dither=5.00 tacet → pass (leak=false, P=Some(0.0), 237ms)
    dither=5.00 dudect → fail (leak=true, P=None, 9ms)
    dither=5.00 tvla → pass (leak=false, P=None, 0ms)
SILENT result: test_stat=126.843749718318 threshold=3.54410451697302 adjusted=123.299645201345
    dither=5.00 silent → fail (leak=true, P=None, 905ms)
    dither=5.00 rtlf → fail (leak=true, P=Some(1.0), 20834ms)
[43/160] rustcrypto::chacha20poly1305::encrypt iter 3/20 (seed=18200040664651102085)
  collected 10000 baseline + 10000 test samples in 128 ms (timer=rdtsc, resolution=0.223 ns)
    dither=0.00 tacet → pass (leak=false, P=Some(0.0), 193ms)
    dither=0.00 dudect → fail (leak=true, P=None, 7ms)
    dither=0.00 tvla → pass (leak=false, P=None, 0ms)
SILENT result: test_stat=4.64844588080103 threshold=1.35391943592807 adjusted=3.29452644487296
    dither=0.00 silent → fail (leak=true, P=None, 753ms)
    dither=0.00 rtlf → pass (leak=false, P=Some(0.0), 17333ms)
    dither=5.00 tacet → pass (leak=false, P=Some(0.0), 233ms)
    dither=5.00 dudect → fail (leak=true, P=None, 8ms)
    dither=5.00 tvla → pass (leak=false, P=None, 0ms)
SILENT result: test_stat=52.6817049164671 threshold=3.70523448825527 adjusted=48.9764704282119
    dither=5.00 silent → fail (leak=true, P=None, 770ms)
    dither=5.00 rtlf → fail (leak=true, P=Some(1.0), 20776ms)
[44/160] rustcrypto::chacha20poly1305::encrypt iter 4/20 (seed=4209452279132210978)
  collected 10000 baseline + 10000 test samples in 128 ms (timer=rdtsc, resolution=0.223 ns)
    dither=0.00 tacet → pass (leak=false, P=Some(0.0), 194ms)
    dither=0.00 dudect → pass (leak=false, P=None, 7ms)
    dither=0.00 tvla → pass (leak=false, P=None, 0ms)
SILENT result: test_stat=-0.0982094828701646 threshold=5.58999718292234 adjusted=-5.6882066657925
    dither=0.00 silent → pass (leak=false, P=None, 747ms)
    dither=0.00 rtlf → pass (leak=false, P=Some(0.0), 17772ms)
    dither=5.00 tacet → pass (leak=false, P=Some(0.0), 237ms)
    dither=5.00 dudect → pass (leak=false, P=None, 9ms)
    dither=5.00 tvla → pass (leak=false, P=None, 0ms)
SILENT result: test_stat=-1.21176475405855 threshold=5.71533267309585 adjusted=-6.9270974271544
    dither=5.00 silent → pass (leak=false, P=None, 789ms)
    dither=5.00 rtlf → pass (leak=false, P=Some(0.0), 21277ms)
[45/160] rustcrypto::chacha20poly1305::encrypt iter 5/20 (seed=10244123941916501375)
  collected 10000 baseline + 10000 test samples in 128 ms (timer=rdtsc, resolution=0.223 ns)
    dither=0.00 tacet → pass (leak=false, P=Some(0.0), 191ms)
    dither=0.00 dudect → fail (leak=true, P=None, 7ms)
    dither=0.00 tvla → pass (leak=false, P=None, 0ms)
SILENT result: test_stat=117.415291406235 threshold=5.41876197689274 adjusted=111.996529429343
    dither=0.00 silent → fail (leak=true, P=None, 766ms)
    dither=0.00 rtlf → pass (leak=false, P=Some(0.0), 18336ms)
    dither=5.00 tacet → pass (leak=false, P=Some(0.0), 245ms)
    dither=5.00 dudect → fail (leak=true, P=None, 9ms)
    dither=5.00 tvla → pass (leak=false, P=None, 0ms)
SILENT result: test_stat=74.8719420878494 threshold=7.83258268927336 adjusted=67.0393593985761
    dither=5.00 silent → fail (leak=true, P=None, 791ms)
    dither=5.00 rtlf → fail (leak=true, P=Some(1.0), 21608ms)
[46/160] rustcrypto::chacha20poly1305::encrypt iter 6/20 (seed=17491518929099190204)
  collected 10000 baseline + 10000 test samples in 128 ms (timer=rdtsc, resolution=0.223 ns)
    dither=0.00 tacet → pass (leak=false, P=Some(0.0), 190ms)
    dither=0.00 dudect → fail (leak=true, P=None, 8ms)
    dither=0.00 tvla → pass (leak=false, P=None, 0ms)
SILENT result: test_stat=17.7184392138294 threshold=0.281987919344546 adjusted=17.4364512944848
    dither=0.00 silent → fail (leak=true, P=None, 915ms)
    dither=0.00 rtlf → fail (leak=true, P=Some(1.0), 18324ms)
    dither=5.00 tacet → pass (leak=false, P=Some(0.0), 247ms)
    dither=5.00 dudect → fail (leak=true, P=None, 9ms)
    dither=5.00 tvla → pass (leak=false, P=None, 0ms)
SILENT result: test_stat=226.289914064245 threshold=3.47374547395324 adjusted=222.816168590292
    dither=5.00 silent → fail (leak=true, P=None, 940ms)
    dither=5.00 rtlf → fail (leak=true, P=Some(1.0), 21598ms)
[47/160] rustcrypto::chacha20poly1305::encrypt iter 7/20 (seed=2870593724497938596)
  collected 10000 baseline + 10000 test samples in 128 ms (timer=rdtsc, resolution=0.223 ns)
    dither=0.00 tacet → pass (leak=false, P=Some(0.0), 181ms)
    dither=0.00 dudect → fail (leak=true, P=None, 7ms)
    dither=0.00 tvla → pass (leak=false, P=None, 0ms)
SILENT result: test_stat=2.00973184925686 threshold=3.51343855134654 adjusted=-1.50370670208968
    dither=0.00 silent → pass (leak=false, P=None, 772ms)
    dither=0.00 rtlf → pass (leak=false, P=Some(0.0), 18107ms)
    dither=5.00 tacet → pass (leak=false, P=Some(0.0), 240ms)
    dither=5.00 dudect → fail (leak=true, P=None, 9ms)
    dither=5.00 tvla → pass (leak=false, P=None, 0ms)
SILENT result: test_stat=89.9804738363839 threshold=5.05945210149916 adjusted=84.9210217348847
    dither=5.00 silent → fail (leak=true, P=None, 792ms)
    dither=5.00 rtlf → pass (leak=false, P=Some(0.0), 21413ms)
[48/160] rustcrypto::chacha20poly1305::encrypt iter 8/20 (seed=1875397544879785010)
  collected 10000 baseline + 10000 test samples in 128 ms (timer=rdtsc, resolution=0.223 ns)
    dither=0.00 tacet → pass (leak=false, P=Some(0.0), 197ms)
    dither=0.00 dudect → pass (leak=false, P=None, 7ms)
    dither=0.00 tvla → pass (leak=false, P=None, 0ms)
SILENT result: test_stat=-0.0413017018243009 threshold=2.74271877620874 adjusted=-2.78402047803305
    dither=0.00 silent → pass (leak=false, P=None, 760ms)
    dither=0.00 rtlf → pass (leak=false, P=Some(0.0), 17902ms)
    dither=5.00 tacet → pass (leak=false, P=Some(0.0), 239ms)
    dither=5.00 dudect → pass (leak=false, P=None, 9ms)
    dither=5.00 tvla → pass (leak=false, P=None, 0ms)
SILENT result: test_stat=-1.23370611928503 threshold=3.61284121010888 adjusted=-4.84654732939391
    dither=5.00 silent → pass (leak=false, P=None, 773ms)
    dither=5.00 rtlf → pass (leak=false, P=Some(0.0), 21358ms)
[49/160] rustcrypto::chacha20poly1305::encrypt iter 9/20 (seed=10936341685045074701)
  collected 10000 baseline + 10000 test samples in 128 ms (timer=rdtsc, resolution=0.223 ns)
    dither=0.00 tacet → pass (leak=false, P=Some(0.0), 190ms)
    dither=0.00 dudect → pass (leak=false, P=None, 7ms)
    dither=0.00 tvla → pass (leak=false, P=None, 0ms)
SILENT result: test_stat=-0.0170581287035666 threshold=3.64366315473826 adjusted=-3.66072128344183
    dither=0.00 silent → pass (leak=false, P=None, 802ms)
    dither=0.00 rtlf → pass (leak=false, P=Some(0.0), 18319ms)
    dither=5.00 tacet → pass (leak=false, P=Some(0.0), 246ms)
    dither=5.00 dudect → pass (leak=false, P=None, 9ms)
    dither=5.00 tvla → pass (leak=false, P=None, 0ms)
SILENT result: test_stat=-0.816655320518189 threshold=4.01620445033078 adjusted=-4.83285977084897
    dither=5.00 silent → pass (leak=false, P=None, 820ms)
    dither=5.00 rtlf → pass (leak=false, P=Some(0.0), 21425ms)
[50/160] rustcrypto::chacha20poly1305::encrypt iter 10/20 (seed=6273507221916027710)
  collected 10000 baseline + 10000 test samples in 130 ms (timer=rdtsc, resolution=0.223 ns)
    dither=0.00 tacet → pass (leak=false, P=Some(0.0), 207ms)
    dither=0.00 dudect → fail (leak=true, P=None, 8ms)
    dither=0.00 tvla → pass (leak=false, P=None, 0ms)
SILENT result: test_stat=3.96596434273793 threshold=3.91879044261524 adjusted=0.047173900122695
    dither=0.00 silent → fail (leak=true, P=None, 755ms)
    dither=0.00 rtlf → pass (leak=false, P=Some(0.0), 18621ms)
    dither=5.00 tacet → pass (leak=false, P=Some(0.0), 261ms)
    dither=5.00 dudect → fail (leak=true, P=None, 9ms)
    dither=5.00 tvla → pass (leak=false, P=None, 0ms)
SILENT result: test_stat=56.9307912883671 threshold=4.9886745690919 adjusted=51.9421167192752
    dither=5.00 silent → fail (leak=true, P=None, 955ms)
    dither=5.00 rtlf → pass (leak=false, P=Some(0.0), 22320ms)
[51/160] rustcrypto::chacha20poly1305::encrypt iter 11/20 (seed=6145563048964456039)
  collected 10000 baseline + 10000 test samples in 128 ms (timer=rdtsc, resolution=0.223 ns)
    dither=0.00 tacet → pass (leak=false, P=Some(0.0), 200ms)
    dither=0.00 dudect → pass (leak=false, P=None, 7ms)
    dither=0.00 tvla → pass (leak=false, P=None, 0ms)
SILENT result: test_stat=-0.333642150208455 threshold=2.6685818957699 adjusted=-3.00222404597835
    dither=0.00 silent → pass (leak=false, P=None, 766ms)
    dither=0.00 rtlf → pass (leak=false, P=Some(0.0), 18229ms)
    dither=5.00 tacet → pass (leak=false, P=Some(0.0), 244ms)
    dither=5.00 dudect → pass (leak=false, P=None, 9ms)
    dither=5.00 tvla → pass (leak=false, P=None, 0ms)
SILENT result: test_stat=19.2332967977375 threshold=3.63424834397057 adjusted=15.5990484537669
    dither=5.00 silent → fail (leak=true, P=None, 791ms)
    dither=5.00 rtlf → pass (leak=false, P=Some(0.0), 21525ms)
[52/160] rustcrypto::chacha20poly1305::encrypt iter 12/20 (seed=10238982069815697454)
  collected 10000 baseline + 10000 test samples in 128 ms (timer=rdtsc, resolution=0.223 ns)
    dither=0.00 tacet → pass (leak=false, P=Some(0.0), 186ms)
    dither=0.00 dudect → fail (leak=true, P=None, 8ms)
    dither=0.00 tvla → pass (leak=false, P=None, 0ms)
SILENT result: test_stat=50.6910005786726 threshold=0.927903549250437 adjusted=49.7630970294222
    dither=0.00 silent → fail (leak=true, P=None, 916ms)
    dither=0.00 rtlf → pass (leak=false, P=Some(0.0), 18183ms)
    dither=5.00 tacet → pass (leak=false, P=Some(0.0), 245ms)
    dither=5.00 dudect → fail (leak=true, P=None, 9ms)
    dither=5.00 tvla → pass (leak=false, P=None, 0ms)
SILENT result: test_stat=78.3316240788742 threshold=3.03580900973848 adjusted=75.2958150691357
    dither=5.00 silent → fail (leak=true, P=None, 951ms)
    dither=5.00 rtlf → fail (leak=true, P=Some(1.0), 21555ms)
[53/160] rustcrypto::chacha20poly1305::encrypt iter 13/20 (seed=14202870109437016802)
  collected 10000 baseline + 10000 test samples in 128 ms (timer=rdtsc, resolution=0.223 ns)
    dither=0.00 tacet → pass (leak=false, P=Some(0.0), 196ms)
    dither=0.00 dudect → pass (leak=false, P=None, 7ms)
    dither=0.00 tvla → pass (leak=false, P=None, 0ms)
SILENT result: test_stat=-2.18214125917742 threshold=2.37440267875098 adjusted=-4.5565439379284
    dither=0.00 silent → pass (leak=false, P=None, 772ms)
    dither=0.00 rtlf → pass (leak=false, P=Some(0.0), 17995ms)
    dither=5.00 tacet → pass (leak=false, P=Some(0.0), 242ms)
    dither=5.00 dudect → pass (leak=false, P=None, 9ms)
    dither=5.00 tvla → pass (leak=false, P=None, 0ms)
SILENT result: test_stat=45.8495363356455 threshold=3.83486003921541 adjusted=42.0146762964301
    dither=5.00 silent → fail (leak=true, P=None, 790ms)
    dither=5.00 rtlf → pass (leak=false, P=Some(0.0), 21332ms)
[54/160] rustcrypto::chacha20poly1305::encrypt iter 14/20 (seed=4538745811634712273)
  collected 10000 baseline + 10000 test samples in 128 ms (timer=rdtsc, resolution=0.223 ns)
    dither=0.00 tacet → pass (leak=false, P=Some(0.0), 190ms)
    dither=0.00 dudect → pass (leak=false, P=None, 7ms)
    dither=0.00 tvla → pass (leak=false, P=None, 0ms)
SILENT result: test_stat=-0.0300023737429856 threshold=3.2694892689426 adjusted=-3.29949164268559
    dither=0.00 silent → pass (leak=false, P=None, 805ms)
    dither=0.00 rtlf → pass (leak=false, P=Some(0.0), 18234ms)
    dither=5.00 tacet → pass (leak=false, P=Some(0.0), 242ms)
    dither=5.00 dudect → pass (leak=false, P=None, 9ms)
    dither=5.00 tvla → pass (leak=false, P=None, 0ms)
SILENT result: test_stat=-4.37382908114358 threshold=4.04901601099601 adjusted=-8.42284509213958
    dither=5.00 silent → pass (leak=false, P=None, 818ms)
    dither=5.00 rtlf → pass (leak=false, P=Some(0.0), 21521ms)
[55/160] rustcrypto::chacha20poly1305::encrypt iter 15/20 (seed=10167022614671807465)
  collected 10000 baseline + 10000 test samples in 128 ms (timer=rdtsc, resolution=0.223 ns)
    dither=0.00 tacet → pass (leak=false, P=Some(0.0), 190ms)
    dither=0.00 dudect → pass (leak=false, P=None, 7ms)
    dither=0.00 tvla → pass (leak=false, P=None, 0ms)
SILENT result: test_stat=-0.0444366489096143 threshold=3.07124845957211 adjusted=-3.11568510848173
    dither=0.00 silent → pass (leak=false, P=None, 773ms)
    dither=0.00 rtlf → pass (leak=false, P=Some(0.0), 17952ms)
    dither=5.00 tacet → pass (leak=false, P=Some(0.0), 239ms)
    dither=5.00 dudect → pass (leak=false, P=None, 9ms)
    dither=5.00 tvla → pass (leak=false, P=None, 0ms)
SILENT result: test_stat=20.4635951182311 threshold=4.42436517124153 adjusted=16.0392299469896
    dither=5.00 silent → fail (leak=true, P=None, 912ms)
    dither=5.00 rtlf → pass (leak=false, P=Some(0.0), 20982ms)
[56/160] rustcrypto::chacha20poly1305::encrypt iter 16/20 (seed=1622484569654906702)
  collected 10000 baseline + 10000 test samples in 128 ms (timer=rdtsc, resolution=0.223 ns)
    dither=0.00 tacet → pass (leak=false, P=Some(0.0), 203ms)
    dither=0.00 dudect → fail (leak=true, P=None, 7ms)
    dither=0.00 tvla → pass (leak=false, P=None, 0ms)
SILENT result: test_stat=-0.0657638252425346 threshold=2.53388442720777 adjusted=-2.5996482524503
    dither=0.00 silent → pass (leak=false, P=None, 819ms)
    dither=0.00 rtlf → pass (leak=false, P=Some(0.0), 18353ms)
    dither=5.00 tacet → pass (leak=false, P=Some(0.0), 244ms)
    dither=5.00 dudect → fail (leak=true, P=None, 9ms)
    dither=5.00 tvla → pass (leak=false, P=None, 0ms)
SILENT result: test_stat=72.6361015368827 threshold=4.05801765973093 adjusted=68.5780838771517
    dither=5.00 silent → fail (leak=true, P=None, 844ms)
    dither=5.00 rtlf → pass (leak=false, P=Some(0.0), 21606ms)
[57/160] rustcrypto::chacha20poly1305::encrypt iter 17/20 (seed=12690738776152194370)
  collected 10000 baseline + 10000 test samples in 128 ms (timer=rdtsc, resolution=0.223 ns)
    dither=0.00 tacet → pass (leak=false, P=Some(0.0), 195ms)
    dither=0.00 dudect → fail (leak=true, P=None, 7ms)
    dither=0.00 tvla → pass (leak=false, P=None, 0ms)
SILENT result: test_stat=4.41220441087343 threshold=6.38536847690235 adjusted=-1.97316406602892
    dither=0.00 silent → pass (leak=false, P=None, 768ms)
    dither=0.00 rtlf → fail (leak=true, P=Some(1.0), 18238ms)
    dither=5.00 tacet → pass (leak=false, P=Some(0.0), 237ms)
    dither=5.00 dudect → fail (leak=true, P=None, 9ms)
    dither=5.00 tvla → pass (leak=false, P=None, 0ms)
SILENT result: test_stat=52.711181009253 threshold=12.8004440392434 adjusted=39.9107369700096
    dither=5.00 silent → fail (leak=true, P=None, 763ms)
    dither=5.00 rtlf → fail (leak=true, P=Some(1.0), 21002ms)
[58/160] rustcrypto::chacha20poly1305::encrypt iter 18/20 (seed=7631030369819427817)
  collected 10000 baseline + 10000 test samples in 128 ms (timer=rdtsc, resolution=0.223 ns)
    dither=0.00 tacet → pass (leak=false, P=Some(0.0), 195ms)
    dither=0.00 dudect → pass (leak=false, P=None, 7ms)
    dither=0.00 tvla → pass (leak=false, P=None, 0ms)
SILENT result: test_stat=-5.02418257683657 threshold=3.2702362317378 adjusted=-8.29441880857437
    dither=0.00 silent → pass (leak=false, P=None, 792ms)
    dither=0.00 rtlf → pass (leak=false, P=Some(0.0), 17339ms)
    dither=5.00 tacet → pass (leak=false, P=Some(0.0), 235ms)
    dither=5.00 dudect → pass (leak=false, P=None, 9ms)
    dither=5.00 tvla → pass (leak=false, P=None, 0ms)
SILENT result: test_stat=13.0342259908102 threshold=4.16289515547194 adjusted=8.87133083533823
    dither=5.00 silent → fail (leak=true, P=None, 817ms)
    dither=5.00 rtlf → pass (leak=false, P=Some(0.0), 20823ms)
[59/160] rustcrypto::chacha20poly1305::encrypt iter 19/20 (seed=11948018998615915444)
  collected 10000 baseline + 10000 test samples in 128 ms (timer=rdtsc, resolution=0.223 ns)
    dither=0.00 tacet → pass (leak=false, P=Some(0.0), 194ms)
    dither=0.00 dudect → fail (leak=true, P=None, 7ms)
    dither=0.00 tvla → pass (leak=false, P=None, 0ms)
SILENT result: test_stat=-0.0992842652276056 threshold=3.22202468704549 adjusted=-3.32130895227309
    dither=0.00 silent → pass (leak=false, P=None, 828ms)
    dither=0.00 rtlf → pass (leak=false, P=Some(0.0), 17671ms)
    dither=5.00 tacet → pass (leak=false, P=Some(0.0), 238ms)
    dither=5.00 dudect → fail (leak=true, P=None, 9ms)
    dither=5.00 tvla → pass (leak=false, P=None, 0ms)
SILENT result: test_stat=15.7430697184472 threshold=4.39278330276386 adjusted=11.3502864156833
    dither=5.00 silent → fail (leak=true, P=None, 937ms)
    dither=5.00 rtlf → pass (leak=false, P=Some(0.0), 20940ms)
[60/160] rustcrypto::chacha20poly1305::encrypt iter 20/20 (seed=2780936030735105152)
  collected 10000 baseline + 10000 test samples in 128 ms (timer=rdtsc, resolution=0.223 ns)
    dither=0.00 tacet → pass (leak=false, P=Some(0.0), 191ms)
    dither=0.00 dudect → fail (leak=true, P=None, 7ms)
    dither=0.00 tvla → pass (leak=false, P=None, 0ms)
SILENT result: test_stat=-0.0208801560909311 threshold=2.88286427829976 adjusted=-2.90374443439069
    dither=0.00 silent → pass (leak=false, P=None, 762ms)
    dither=0.00 rtlf → pass (leak=false, P=Some(0.0), 17427ms)
    dither=5.00 tacet → pass (leak=false, P=Some(0.0), 233ms)
    dither=5.00 dudect → fail (leak=true, P=None, 9ms)
    dither=5.00 tvla → pass (leak=false, P=None, 0ms)
SILENT result: test_stat=9.19326025546426 threshold=4.08585944143176 adjusted=5.1074008140325
    dither=5.00 silent → fail (leak=true, P=None, 788ms)
    dither=5.00 rtlf → pass (leak=false, P=Some(0.0), 20955ms)
[61/160] rustcrypto::sha3::sha3_256 iter 1/20 (seed=8503959229306082541)
  collected 10000 baseline + 10000 test samples in 111 ms (timer=rdtsc, resolution=0.223 ns)
    dither=0.00 tacet → pass (leak=false, P=Some(0.0), 197ms)
    dither=0.00 dudect → fail (leak=true, P=None, 7ms)
    dither=0.00 tvla → pass (leak=false, P=None, 0ms)
SILENT result: test_stat=21.8242472035609 threshold=1.33682519530608 adjusted=20.4874220082548
    dither=0.00 silent → fail (leak=true, P=None, 756ms)
    dither=0.00 rtlf → fail (leak=true, P=Some(1.0), 17885ms)
    dither=5.00 tacet → pass (leak=false, P=Some(0.0), 241ms)
    dither=5.00 dudect → fail (leak=true, P=None, 9ms)
    dither=5.00 tvla → pass (leak=false, P=None, 0ms)
SILENT result: test_stat=179.022569484522 threshold=3.43033736321469 adjusted=175.592232121308
    dither=5.00 silent → fail (leak=true, P=None, 785ms)
    dither=5.00 rtlf → fail (leak=true, P=Some(1.0), 20949ms)
[62/160] rustcrypto::sha3::sha3_256 iter 2/20 (seed=15197022792547380515)
  collected 10000 baseline + 10000 test samples in 111 ms (timer=rdtsc, resolution=0.223 ns)
    dither=0.00 tacet → pass (leak=false, P=Some(0.0), 192ms)
    dither=0.00 dudect → fail (leak=true, P=None, 7ms)
    dither=0.00 tvla → pass (leak=false, P=None, 0ms)
SILENT result: test_stat=4.98727064316315 threshold=2.12253578177777 adjusted=2.86473486138538
    dither=0.00 silent → fail (leak=true, P=None, 742ms)
    dither=0.00 rtlf → pass (leak=false, P=Some(0.0), 17768ms)
    dither=5.00 tacet → pass (leak=false, P=Some(0.0), 241ms)
    dither=5.00 dudect → fail (leak=true, P=None, 9ms)
    dither=5.00 tvla → pass (leak=false, P=None, 0ms)
SILENT result: test_stat=87.0980937996764 threshold=4.09955755476238 adjusted=82.998536244914
    dither=5.00 silent → fail (leak=true, P=None, 772ms)
    dither=5.00 rtlf → pass (leak=false, P=Some(0.0), 21715ms)
[63/160] rustcrypto::sha3::sha3_256 iter 3/20 (seed=4083549850804976962)
  collected 10000 baseline + 10000 test samples in 114 ms (timer=rdtsc, resolution=0.223 ns)
    dither=0.00 tacet → pass (leak=false, P=Some(0.0), 192ms)
    dither=0.00 dudect → pass (leak=false, P=None, 6ms)
    dither=0.00 tvla → pass (leak=false, P=None, 0ms)
SILENT result: test_stat=Inf threshold=3.2569331830342 adjusted=Inf
    dither=0.00 silent → fail (leak=true, P=None, 819ms)
    dither=0.00 rtlf → pass (leak=false, P=Some(0.0), 17693ms)
    dither=5.00 tacet → pass (leak=false, P=Some(0.0), 237ms)
    dither=5.00 dudect → pass (leak=false, P=None, 9ms)
    dither=5.00 tvla → pass (leak=false, P=None, 0ms)
SILENT result: test_stat=-2.71344608211385 threshold=3.84355242178548 adjusted=-6.55699850389933
    dither=5.00 silent → pass (leak=false, P=None, 829ms)
    dither=5.00 rtlf → pass (leak=false, P=Some(0.0), 21269ms)
[64/160] rustcrypto::sha3::sha3_256 iter 4/20 (seed=15505625688943421174)
  collected 10000 baseline + 10000 test samples in 111 ms (timer=rdtsc, resolution=0.223 ns)
    dither=0.00 tacet → pass (leak=false, P=Some(0.0), 202ms)
    dither=0.00 dudect → fail (leak=true, P=None, 8ms)
    dither=0.00 tvla → pass (leak=false, P=None, 0ms)
SILENT result: test_stat=0.0414032750353279 threshold=4.32742751321172 adjusted=-4.28602423817639
    dither=0.00 silent → pass (leak=false, P=None, 761ms)
    dither=0.00 rtlf → pass (leak=false, P=Some(0.0), 18882ms)
    dither=5.00 tacet → pass (leak=false, P=Some(0.0), 264ms)
    dither=5.00 dudect → fail (leak=true, P=None, 9ms)
    dither=5.00 tvla → pass (leak=false, P=None, 0ms)
SILENT result: test_stat=27.1576459742784 threshold=4.18197209244084 adjusted=22.9756738818375
    dither=5.00 silent → fail (leak=true, P=None, 797ms)
    dither=5.00 rtlf → pass (leak=false, P=Some(0.0), 21905ms)
[65/160] rustcrypto::sha3::sha3_256 iter 5/20 (seed=5739521062736212996)
  collected 10000 baseline + 10000 test samples in 111 ms (timer=rdtsc, resolution=0.223 ns)
    dither=0.00 tacet → pass (leak=false, P=Some(0.0), 192ms)
    dither=0.00 dudect → fail (leak=true, P=None, 8ms)
    dither=0.00 tvla → pass (leak=false, P=None, 0ms)
SILENT result: test_stat=0.00221248061778679 threshold=3.43315578688187 adjusted=-3.43094330626408
    dither=0.00 silent → pass (leak=false, P=None, 997ms)
    dither=0.00 rtlf → pass (leak=false, P=Some(0.0), 17807ms)
    dither=5.00 tacet → pass (leak=false, P=Some(0.0), 245ms)
    dither=5.00 dudect → fail (leak=true, P=None, 9ms)
    dither=5.00 tvla → pass (leak=false, P=None, 0ms)
SILENT result: test_stat=12.9059946754488 threshold=3.82391062558396 adjusted=9.08208404986488
    dither=5.00 silent → fail (leak=true, P=None, 1051ms)
    dither=5.00 rtlf → fail (leak=true, P=Some(1.0), 21356ms)
[66/160] rustcrypto::sha3::sha3_256 iter 6/20 (seed=3800147945491650744)
  collected 10000 baseline + 10000 test samples in 110 ms (timer=rdtsc, resolution=0.223 ns)
    dither=0.00 tacet → pass (leak=false, P=Some(0.0), 176ms)
    dither=0.00 dudect → pass (leak=false, P=None, 6ms)
    dither=0.00 tvla → pass (leak=false, P=None, 0ms)
SILENT result: test_stat=-16.5915754068185 threshold=3.21968292596401 adjusted=-19.8112583327825
    dither=0.00 silent → pass (leak=false, P=None, 895ms)
    dither=0.00 rtlf → pass (leak=false, P=Some(0.0), 16574ms)
    dither=5.00 tacet → pass (leak=false, P=Some(0.0), 227ms)
    dither=5.00 dudect → pass (leak=false, P=None, 8ms)
    dither=5.00 tvla → pass (leak=false, P=None, 0ms)
SILENT result: test_stat=2.21789739005667 threshold=3.71058280429495 adjusted=-1.49268541423828
    dither=5.00 silent → pass (leak=false, P=None, 910ms)
    dither=5.00 rtlf → pass (leak=false, P=Some(0.0), 20469ms)
[67/160] rustcrypto::sha3::sha3_256 iter 7/20 (seed=5685374411341844523)
  collected 10000 baseline + 10000 test samples in 111 ms (timer=rdtsc, resolution=0.223 ns)
    dither=0.00 tacet → pass (leak=false, P=Some(0.0), 197ms)
    dither=0.00 dudect → pass (leak=false, P=None, 8ms)
    dither=0.00 tvla → pass (leak=false, P=None, 0ms)
SILENT result: test_stat=304.106340556327 threshold=3.35764557063384 adjusted=300.748694985693
    dither=0.00 silent → fail (leak=true, P=None, 899ms)
    dither=0.00 rtlf → pass (leak=false, P=Some(0.0), 18221ms)
    dither=5.00 tacet → pass (leak=false, P=Some(0.0), 260ms)
    dither=5.00 dudect → pass (leak=false, P=None, 9ms)
    dither=5.00 tvla → pass (leak=false, P=None, 0ms)
SILENT result: test_stat=15.8716577776872 threshold=4.1718637689052 adjusted=11.699794008782
    dither=5.00 silent → fail (leak=true, P=None, 806ms)
    dither=5.00 rtlf → pass (leak=false, P=Some(0.0), 22081ms)
[68/160] rustcrypto::sha3::sha3_256 iter 8/20 (seed=6380062987332878367)
  collected 10000 baseline + 10000 test samples in 111 ms (timer=rdtsc, resolution=0.223 ns)
    dither=0.00 tacet → pass (leak=false, P=Some(0.0), 213ms)
    dither=0.00 dudect → pass (leak=false, P=None, 8ms)
    dither=0.00 tvla → pass (leak=false, P=None, 0ms)
SILENT result: test_stat=-0.284284771062789 threshold=4.89471677843083 adjusted=-5.17900154949362
    dither=0.00 silent → pass (leak=false, P=None, 771ms)
    dither=0.00 rtlf → pass (leak=false, P=Some(0.0), 19707ms)
    dither=5.00 tacet → pass (leak=false, P=Some(0.0), 278ms)
    dither=5.00 dudect → pass (leak=false, P=None, 9ms)
    dither=5.00 tvla → pass (leak=false, P=None, 0ms)
SILENT result: test_stat=151.642807783756 threshold=4.51705099982353 adjusted=147.125756783932
    dither=5.00 silent → fail (leak=true, P=None, 805ms)
    dither=5.00 rtlf → pass (leak=false, P=Some(0.0), 23025ms)
[69/160] rustcrypto::sha3::sha3_256 iter 9/20 (seed=12792246672741076588)
  collected 10000 baseline + 10000 test samples in 111 ms (timer=rdtsc, resolution=0.223 ns)
    dither=0.00 tacet → pass (leak=false, P=Some(0.0), 203ms)
    dither=0.00 dudect → pass (leak=false, P=None, 8ms)
    dither=0.00 tvla → pass (leak=false, P=None, 0ms)
SILENT result: test_stat=-12.6582404453068 threshold=2.82365108647527 adjusted=-15.4818915317821
    dither=0.00 silent → pass (leak=false, P=None, 760ms)
    dither=0.00 rtlf → pass (leak=false, P=Some(0.0), 19410ms)
    dither=5.00 tacet → pass (leak=false, P=Some(0.0), 259ms)
    dither=5.00 dudect → pass (leak=false, P=None, 9ms)
    dither=5.00 tvla → pass (leak=false, P=None, 0ms)
SILENT result: test_stat=100.836529228126 threshold=6.47002696510025 adjusted=94.3665022630255
    dither=5.00 silent → fail (leak=true, P=None, 766ms)
    dither=5.00 rtlf → pass (leak=false, P=Some(0.0), 22080ms)
[70/160] rustcrypto::sha3::sha3_256 iter 10/20 (seed=9147022077598547721)
  collected 10000 baseline + 10000 test samples in 111 ms (timer=rdtsc, resolution=0.223 ns)
    dither=0.00 tacet → pass (leak=false, P=Some(0.0), 186ms)
    dither=0.00 dudect → pass (leak=false, P=None, 7ms)
    dither=0.00 tvla → pass (leak=false, P=None, 0ms)
SILENT result: test_stat=-18.6890628858425 threshold=3.09689130711261 adjusted=-21.7859541929551
    dither=0.00 silent → pass (leak=false, P=None, 746ms)
    dither=0.00 rtlf → pass (leak=false, P=Some(0.0), 17422ms)
    dither=5.00 tacet → pass (leak=false, P=Some(0.0), 235ms)
    dither=5.00 dudect → pass (leak=false, P=None, 9ms)
    dither=5.00 tvla → pass (leak=false, P=None, 0ms)
SILENT result: test_stat=-0.628179946921784 threshold=3.7956650457663 adjusted=-4.42384499268809
    dither=5.00 silent → pass (leak=false, P=None, 767ms)
    dither=5.00 rtlf → pass (leak=false, P=Some(0.0), 20989ms)
[71/160] rustcrypto::sha3::sha3_256 iter 11/20 (seed=2615615055781362116)
  collected 10000 baseline + 10000 test samples in 110 ms (timer=rdtsc, resolution=0.223 ns)
    dither=0.00 tacet → pass (leak=false, P=Some(0.0), 174ms)
    dither=0.00 dudect → pass (leak=false, P=None, 6ms)
    dither=0.00 tvla → pass (leak=false, P=None, 0ms)
SILENT result: test_stat=-23.1709066357407 threshold=2.87482925436518 adjusted=-26.0457358901059
    dither=0.00 silent → pass (leak=false, P=None, 755ms)
    dither=0.00 rtlf → pass (leak=false, P=Some(0.0), 16669ms)
    dither=5.00 tacet → pass (leak=false, P=Some(0.0), 225ms)
    dither=5.00 dudect → pass (leak=false, P=None, 8ms)
    dither=5.00 tvla → pass (leak=false, P=None, 0ms)
SILENT result: test_stat=3.84232005557973 threshold=3.59555626429021 adjusted=0.246763791289529
    dither=5.00 silent → fail (leak=true, P=None, 781ms)
    dither=5.00 rtlf → pass (leak=false, P=Some(0.0), 20822ms)
[72/160] rustcrypto::sha3::sha3_256 iter 12/20 (seed=6606426041303358159)
  collected 10000 baseline + 10000 test samples in 111 ms (timer=rdtsc, resolution=0.223 ns)
    dither=0.00 tacet → pass (leak=false, P=Some(0.0), 217ms)
    dither=0.00 dudect → pass (leak=false, P=None, 8ms)
    dither=0.00 tvla → pass (leak=false, P=None, 0ms)
SILENT result: test_stat=20.213881016162 threshold=2.25332595440633 adjusted=17.9605550617556
    dither=0.00 silent → fail (leak=true, P=None, 776ms)
    dither=0.00 rtlf → pass (leak=false, P=Some(0.0), 19402ms)
    dither=5.00 tacet → pass (leak=false, P=Some(0.0), 268ms)
    dither=5.00 dudect → pass (leak=false, P=None, 9ms)
    dither=5.00 tvla → pass (leak=false, P=None, 0ms)
SILENT result: test_stat=476.623599397529 threshold=4.12874952667547 adjusted=472.494849870853
    dither=5.00 silent → fail (leak=true, P=None, 922ms)
    dither=5.00 rtlf → pass (leak=false, P=Some(0.0), 22158ms)
[73/160] rustcrypto::sha3::sha3_256 iter 13/20 (seed=11617027028038477913)
  collected 10000 baseline + 10000 test samples in 114 ms (timer=rdtsc, resolution=0.223 ns)
    dither=0.00 tacet → pass (leak=false, P=Some(0.0), 242ms)
    dither=0.00 dudect → pass (leak=false, P=None, 9ms)
    dither=0.00 tvla → pass (leak=false, P=None, 0ms)
SILENT result: test_stat=5.84799879979042 threshold=3.81576562120675 adjusted=2.03223317858367
    dither=0.00 silent → fail (leak=true, P=None, 806ms)
    dither=0.00 rtlf → pass (leak=false, P=Some(0.0), 21427ms)
    dither=5.00 tacet → pass (leak=false, P=Some(0.0), 330ms)
    dither=5.00 dudect → pass (leak=false, P=None, 9ms)
    dither=5.00 tvla → pass (leak=false, P=None, 0ms)
SILENT result: test_stat=26.0223374116417 threshold=4.79091085105365 adjusted=21.231426560588
    dither=5.00 silent → fail (leak=true, P=None, 858ms)
    dither=5.00 rtlf → fail (leak=true, P=Some(1.0), 24145ms)
[74/160] rustcrypto::sha3::sha3_256 iter 14/20 (seed=9451648502073416850)
  collected 10000 baseline + 10000 test samples in 111 ms (timer=rdtsc, resolution=0.223 ns)
    dither=0.00 tacet → pass (leak=false, P=Some(0.0), 205ms)
    dither=0.00 dudect → fail (leak=true, P=None, 8ms)
    dither=0.00 tvla → pass (leak=false, P=None, 0ms)
SILENT result: test_stat=3322.65533573217 threshold=4.76307352929702 adjusted=3317.89226220287
    dither=0.00 silent → fail (leak=true, P=None, 772ms)
    dither=0.00 rtlf → pass (leak=false, P=Some(0.0), 18798ms)
    dither=5.00 tacet → pass (leak=false, P=Some(0.0), 259ms)
    dither=5.00 dudect → fail (leak=true, P=None, 9ms)
    dither=5.00 tvla → pass (leak=false, P=None, 0ms)
SILENT result: test_stat=619.01909150491 threshold=6.6320876852063 adjusted=612.387003819704
    dither=5.00 silent → fail (leak=true, P=None, 785ms)
    dither=5.00 rtlf → pass (leak=false, P=Some(0.0), 22007ms)
[75/160] rustcrypto::sha3::sha3_256 iter 15/20 (seed=11432976677020696693)
  collected 10000 baseline + 10000 test samples in 111 ms (timer=rdtsc, resolution=0.223 ns)
    dither=0.00 tacet → pass (leak=false, P=Some(0.0), 198ms)
    dither=0.00 dudect → pass (leak=false, P=None, 7ms)
    dither=0.00 tvla → pass (leak=false, P=None, 0ms)
SILENT result: test_stat=-19.2574472344954 threshold=2.82204475075664 adjusted=-22.0794919852521
    dither=0.00 silent → pass (leak=false, P=None, 739ms)
    dither=0.00 rtlf → pass (leak=false, P=Some(0.0), 17618ms)
    dither=5.00 tacet → pass (leak=false, P=Some(0.0), 243ms)
    dither=5.00 dudect → pass (leak=false, P=None, 9ms)
    dither=5.00 tvla → pass (leak=false, P=None, 0ms)
SILENT result: test_stat=-3.8017276866023 threshold=4.4323259134549 adjusted=-8.2340536000572
    dither=5.00 silent → pass (leak=false, P=None, 921ms)
    dither=5.00 rtlf → pass (leak=false, P=Some(0.0), 21299ms)
[76/160] rustcrypto::sha3::sha3_256 iter 16/20 (seed=5487166539585629462)
  collected 10000 baseline + 10000 test samples in 111 ms (timer=rdtsc, resolution=0.223 ns)
    dither=0.00 tacet → pass (leak=false, P=Some(0.0), 196ms)
    dither=0.00 dudect → pass (leak=false, P=None, 7ms)
    dither=0.00 tvla → pass (leak=false, P=None, 0ms)
SILENT result: test_stat=-0.164120906749051 threshold=6.96827412778109 adjusted=-7.13239503453014
    dither=0.00 silent → pass (leak=false, P=None, 903ms)
    dither=0.00 rtlf → pass (leak=false, P=Some(0.0), 17947ms)
    dither=5.00 tacet → pass (leak=false, P=Some(0.0), 250ms)
    dither=5.00 dudect → pass (leak=false, P=None, 9ms)
    dither=5.00 tvla → pass (leak=false, P=None, 0ms)
SILENT result: test_stat=0.0361738677467127 threshold=7.81067900368151 adjusted=-7.7745051359348
    dither=5.00 silent → pass (leak=false, P=None, 977ms)
    dither=5.00 rtlf → pass (leak=false, P=Some(0.0), 21723ms)
[77/160] rustcrypto::sha3::sha3_256 iter 17/20 (seed=7807479847639371279)
  collected 10000 baseline + 10000 test samples in 111 ms (timer=rdtsc, resolution=0.223 ns)
    dither=0.00 tacet → pass (leak=false, P=Some(0.0), 214ms)
    dither=0.00 dudect → pass (leak=false, P=None, 8ms)
    dither=0.00 tvla → pass (leak=false, P=None, 0ms)
SILENT result: test_stat=0.239614933021316 threshold=3.26718718807684 adjusted=-3.02757225505552
    dither=0.00 silent → pass (leak=false, P=None, 1028ms)
    dither=0.00 rtlf → pass (leak=false, P=Some(0.0), 19325ms)
    dither=5.00 tacet → pass (leak=false, P=Some(0.0), 265ms)
    dither=5.00 dudect → pass (leak=false, P=None, 9ms)
    dither=5.00 tvla → pass (leak=false, P=None, 0ms)
SILENT result: test_stat=59.1093104552021 threshold=3.55089678715571 adjusted=55.5584136680464
    dither=5.00 silent → fail (leak=true, P=None, 912ms)
    dither=5.00 rtlf → pass (leak=false, P=Some(0.0), 22621ms)
[78/160] rustcrypto::sha3::sha3_256 iter 18/20 (seed=4136601384764100454)
  collected 10000 baseline + 10000 test samples in 111 ms (timer=rdtsc, resolution=0.223 ns)
    dither=0.00 tacet → pass (leak=false, P=Some(0.0), 209ms)
    dither=0.00 dudect → pass (leak=false, P=None, 8ms)
    dither=0.00 tvla → pass (leak=false, P=None, 0ms)
SILENT result: test_stat=34.2611323952782 threshold=0.133236079348812 adjusted=34.1278963159294
    dither=0.00 silent → fail (leak=true, P=None, 921ms)
    dither=0.00 rtlf → pass (leak=false, P=Some(0.0), 19265ms)
    dither=5.00 tacet → pass (leak=false, P=Some(0.0), 261ms)
    dither=5.00 dudect → pass (leak=false, P=None, 9ms)
    dither=5.00 tvla → pass (leak=false, P=None, 0ms)
SILENT result: test_stat=233.220720206249 threshold=6.28609880309384 adjusted=226.934621403155
    dither=5.00 silent → fail (leak=true, P=None, 1102ms)
    dither=5.00 rtlf → pass (leak=false, P=Some(0.0), 22714ms)
[79/160] rustcrypto::sha3::sha3_256 iter 19/20 (seed=18044715435512487494)
  collected 10000 baseline + 10000 test samples in 111 ms (timer=rdtsc, resolution=0.223 ns)
    dither=0.00 tacet → pass (leak=false, P=Some(0.0), 206ms)
    dither=0.00 dudect → fail (leak=true, P=None, 8ms)
    dither=0.00 tvla → pass (leak=false, P=None, 0ms)
SILENT result: test_stat=-5.73157920878741 threshold=3.41896567354985 adjusted=-9.15054488233726
    dither=0.00 silent → pass (leak=false, P=None, 746ms)
    dither=0.00 rtlf → pass (leak=false, P=Some(0.0), 19208ms)
    dither=5.00 tacet → pass (leak=false, P=Some(0.0), 265ms)
    dither=5.00 dudect → fail (leak=true, P=None, 9ms)
    dither=5.00 tvla → pass (leak=false, P=None, 0ms)
SILENT result: test_stat=114.688166438912 threshold=3.60470206419993 adjusted=111.083464374712
    dither=5.00 silent → fail (leak=true, P=None, 780ms)
    dither=5.00 rtlf → pass (leak=false, P=Some(0.0), 22553ms)
[80/160] rustcrypto::sha3::sha3_256 iter 20/20 (seed=13159258925411676788)
  collected 10000 baseline + 10000 test samples in 111 ms (timer=rdtsc, resolution=0.223 ns)
    dither=0.00 tacet → pass (leak=false, P=Some(0.0), 207ms)
    dither=0.00 dudect → fail (leak=true, P=None, 8ms)
    dither=0.00 tvla → pass (leak=false, P=None, 0ms)
SILENT result: test_stat=0.133534157081851 threshold=5.28527292820971 adjusted=-5.15173877112785
    dither=0.00 silent → pass (leak=false, P=None, 923ms)
    dither=0.00 rtlf → pass (leak=false, P=Some(0.0), 19346ms)
    dither=5.00 tacet → pass (leak=false, P=Some(0.0), 268ms)
    dither=5.00 dudect → fail (leak=true, P=None, 9ms)
    dither=5.00 tvla → pass (leak=false, P=None, 0ms)
SILENT result: test_stat=1.40917517800002 threshold=5.2969228415488 adjusted=-3.88774766354877
    dither=5.00 silent → pass (leak=false, P=None, 978ms)
    dither=5.00 rtlf → pass (leak=false, P=Some(0.0), 22505ms)
[81/160] dalek::x25519::scalar_mult iter 1/20 (seed=10836228825329631233)
  collected 10000 baseline + 10000 test samples in 840 ms (timer=rdtsc, resolution=0.223 ns)
    dither=0.00 tacet → pass (leak=false, P=Some(0.0), 351ms)
    dither=0.00 dudect → pass (leak=false, P=None, 9ms)
    dither=0.00 tvla → pass (leak=false, P=None, 0ms)
SILENT result: test_stat=12.3019582528127 threshold=4.91323147575631 adjusted=7.38872677705642
    dither=0.00 silent → fail (leak=true, P=None, 956ms)
    dither=0.00 rtlf → pass (leak=false, P=Some(0.0), 24945ms)
    dither=5.00 tacet → pass (leak=false, P=Some(0.0), 512ms)
    dither=5.00 dudect → pass (leak=false, P=None, 9ms)
    dither=5.00 tvla → pass (leak=false, P=None, 0ms)
SILENT result: test_stat=11.6387009265846 threshold=4.9016840689798 adjusted=6.73701685760483
    dither=5.00 silent → fail (leak=true, P=None, 1028ms)
    dither=5.00 rtlf → pass (leak=false, P=Some(0.0), 27185ms)
[82/160] dalek::x25519::scalar_mult iter 2/20 (seed=3001517157359332171)
  collected 10000 baseline + 10000 test samples in 823 ms (timer=rdtsc, resolution=0.223 ns)
    dither=0.00 tacet → pass (leak=false, P=Some(0.0), 284ms)
    dither=0.00 dudect → fail (leak=true, P=None, 9ms)
    dither=0.00 tvla → pass (leak=false, P=None, 0ms)
SILENT result: test_stat=21.8679873718941 threshold=4.84540036278949 adjusted=17.0225870091046
    dither=0.00 silent → fail (leak=true, P=None, 976ms)
    dither=0.00 rtlf → fail (leak=true, P=Some(1.0), 22339ms)
    dither=5.00 tacet → pass (leak=false, P=Some(0.0), 394ms)
    dither=5.00 dudect → fail (leak=true, P=None, 9ms)
    dither=5.00 tvla → pass (leak=false, P=None, 0ms)
SILENT result: test_stat=34.2995109995829 threshold=5.27342201807414 adjusted=29.0260889815087
    dither=5.00 silent → fail (leak=true, P=None, 1073ms)
    dither=5.00 rtlf → fail (leak=true, P=Some(1.0), 25293ms)
[83/160] dalek::x25519::scalar_mult iter 3/20 (seed=10442373143697980568)
  collected 10000 baseline + 10000 test samples in 823 ms (timer=rdtsc, resolution=0.223 ns)
    dither=0.00 tacet → pass (leak=false, P=Some(0.0055), 323ms)
    dither=0.00 dudect → fail (leak=true, P=None, 9ms)
    dither=0.00 tvla → pass (leak=false, P=None, 0ms)
SILENT result: test_stat=4.14376018131256 threshold=4.62409252669304 adjusted=-0.480332345380481
    dither=0.00 silent → pass (leak=false, P=None, 899ms)
    dither=0.00 rtlf → fail (leak=true, P=Some(1.0), 23625ms)
    dither=5.00 tacet → pass (leak=false, P=Some(0.0055), 477ms)
    dither=5.00 dudect → fail (leak=true, P=None, 9ms)
    dither=5.00 tvla → pass (leak=false, P=None, 0ms)
SILENT result: test_stat=8.16293062159324 threshold=5.0159908990963 adjusted=3.14693972249694
    dither=5.00 silent → fail (leak=true, P=None, 961ms)
    dither=5.00 rtlf → fail (leak=true, P=Some(1.0), 26764ms)
[84/160] dalek::x25519::scalar_mult iter 4/20 (seed=254640812419664096)
  collected 10000 baseline + 10000 test samples in 838 ms (timer=rdtsc, resolution=0.223 ns)
    dither=0.00 tacet → pass (leak=false, P=Some(0.0), 312ms)
    dither=0.00 dudect → fail (leak=true, P=None, 9ms)
    dither=0.00 tvla → pass (leak=false, P=None, 0ms)
SILENT result: test_stat=149.123925383015 threshold=5.47123497753444 adjusted=143.652690405481
    dither=0.00 silent → fail (leak=true, P=None, 876ms)
    dither=0.00 rtlf → pass (leak=false, P=Some(0.0), 23731ms)
    dither=5.00 tacet → pass (leak=false, P=Some(0.0), 443ms)
    dither=5.00 dudect → fail (leak=true, P=None, 9ms)
    dither=5.00 tvla → pass (leak=false, P=None, 0ms)
SILENT result: test_stat=139.224290612135 threshold=9.52193372459082 adjusted=129.702356887544
    dither=5.00 silent → fail (leak=true, P=None, 972ms)
    dither=5.00 rtlf → fail (leak=true, P=Some(1.0), 26766ms)
[85/160] dalek::x25519::scalar_mult iter 5/20 (seed=2784417049637337928)
  collected 10000 baseline + 10000 test samples in 850 ms (timer=rdtsc, resolution=0.223 ns)
    dither=0.00 tacet → pass (leak=false, P=Some(0.0), 358ms)
    dither=0.00 dudect → pass (leak=false, P=None, 9ms)
    dither=0.00 tvla → pass (leak=false, P=None, 0ms)
SILENT result: test_stat=76.2207458150653 threshold=6.19171240963046 adjusted=70.0290334054348
    dither=0.00 silent → fail (leak=true, P=None, 816ms)
    dither=0.00 rtlf → pass (leak=false, P=Some(0.0), 25228ms)
    dither=5.00 tacet → pass (leak=false, P=Some(0.0), 541ms)
    dither=5.00 dudect → pass (leak=false, P=None, 9ms)
    dither=5.00 tvla → pass (leak=false, P=None, 0ms)
SILENT result: test_stat=1.63798863800761 threshold=6.1671487966127 adjusted=-4.52916015860509
    dither=5.00 silent → pass (leak=false, P=None, 1076ms)
    dither=5.00 rtlf → pass (leak=false, P=Some(0.0), 28284ms)
[86/160] dalek::x25519::scalar_mult iter 6/20 (seed=2899094717620558662)
  collected 10000 baseline + 10000 test samples in 847 ms (timer=rdtsc, resolution=0.223 ns)
    dither=0.00 tacet → pass (leak=false, P=Some(0.0), 332ms)
    dither=0.00 dudect → fail (leak=true, P=None, 9ms)
    dither=0.00 tvla → pass (leak=false, P=None, 0ms)
SILENT result: test_stat=106.227166133759 threshold=5.11413605930335 adjusted=101.113030074456
    dither=0.00 silent → fail (leak=true, P=None, 859ms)
    dither=0.00 rtlf → fail (leak=true, P=Some(1.0), 24242ms)
    dither=5.00 tacet → pass (leak=false, P=Some(0.0), 466ms)
    dither=5.00 dudect → fail (leak=true, P=None, 9ms)
    dither=5.00 tvla → pass (leak=false, P=None, 0ms)
SILENT result: test_stat=121.497028488752 threshold=5.36348525538033 adjusted=116.133543233372
    dither=5.00 silent → fail (leak=true, P=None, 959ms)
    dither=5.00 rtlf → fail (leak=true, P=Some(1.0), 26940ms)
[87/160] dalek::x25519::scalar_mult iter 7/20 (seed=592374285312858385)
  collected 10000 baseline + 10000 test samples in 846 ms (timer=rdtsc, resolution=0.223 ns)
    dither=0.00 tacet → pass (leak=false, P=Some(0.0), 334ms)
    dither=0.00 dudect → fail (leak=true, P=None, 9ms)
    dither=0.00 tvla → pass (leak=false, P=None, 0ms)
SILENT result: test_stat=132.971039404411 threshold=12.6174924684747 adjusted=120.353546935936
    dither=0.00 silent → fail (leak=true, P=None, 854ms)
    dither=0.00 rtlf → fail (leak=true, P=Some(1.0), 24270ms)
    dither=5.00 tacet → pass (leak=false, P=Some(0.0), 489ms)
    dither=5.00 dudect → fail (leak=true, P=None, 9ms)
    dither=5.00 tvla → pass (leak=false, P=None, 0ms)
SILENT result: test_stat=104.699405537413 threshold=13.900942922545 adjusted=90.7984626148676
    dither=5.00 silent → fail (leak=true, P=None, 947ms)
    dither=5.00 rtlf → fail (leak=true, P=Some(1.0), 27024ms)
[88/160] dalek::x25519::scalar_mult iter 8/20 (seed=3454088062200130132)
  collected 10000 baseline + 10000 test samples in 830 ms (timer=rdtsc, resolution=0.223 ns)
    dither=0.00 tacet → pass (leak=false, P=Some(0.0), 292ms)
    dither=0.00 dudect → fail (leak=true, P=None, 9ms)
    dither=0.00 tvla → pass (leak=false, P=None, 0ms)
SILENT result: test_stat=2927.34441666939 threshold=31.2254015874598 adjusted=2896.11901508193
    dither=0.00 silent → fail (leak=true, P=None, 808ms)
    dither=0.00 rtlf → fail (leak=true, P=Some(1.0), 22760ms)
    dither=5.00 tacet → pass (leak=false, P=Some(0.0), 413ms)
    dither=5.00 dudect → fail (leak=true, P=None, 9ms)
    dither=5.00 tvla → pass (leak=false, P=None, 0ms)
SILENT result: test_stat=1055.17484794958 threshold=78.6097667611683 adjusted=976.56508118841
    dither=5.00 silent → fail (leak=true, P=None, 878ms)
    dither=5.00 rtlf → fail (leak=true, P=Some(1.0), 25821ms)
[89/160] dalek::x25519::scalar_mult iter 9/20 (seed=13910157344041706971)
  collected 10000 baseline + 10000 test samples in 828 ms (timer=rdtsc, resolution=0.223 ns)
    dither=0.00 tacet → pass (leak=false, P=Some(0.0), 311ms)
    dither=0.00 dudect → pass (leak=false, P=None, 9ms)
    dither=0.00 tvla → pass (leak=false, P=None, 0ms)
SILENT result: test_stat=80.8387816066054 threshold=5.55356338922527 adjusted=75.2852182173802
    dither=0.00 silent → fail (leak=true, P=None, 782ms)
    dither=0.00 rtlf → pass (leak=false, P=Some(0.0), 23323ms)
    dither=5.00 tacet → pass (leak=false, P=Some(0.0), 447ms)
    dither=5.00 dudect → pass (leak=false, P=None, 9ms)
    dither=5.00 tvla → pass (leak=false, P=None, 0ms)
SILENT result: test_stat=55.4179459408806 threshold=4.35085191411313 adjusted=51.0670940267674
    dither=5.00 silent → fail (leak=true, P=None, 1003ms)
    dither=5.00 rtlf → pass (leak=false, P=Some(0.0), 26191ms)
[90/160] dalek::x25519::scalar_mult iter 10/20 (seed=9531589991746876306)
  collected 10000 baseline + 10000 test samples in 823 ms (timer=rdtsc, resolution=0.223 ns)
    dither=0.00 tacet → pass (leak=false, P=Some(0.0), 344ms)
    dither=0.00 dudect → pass (leak=false, P=None, 9ms)
    dither=0.00 tvla → pass (leak=false, P=None, 0ms)
SILENT result: test_stat=6.5803553053962 threshold=4.78196866442605 adjusted=1.79838664097015
    dither=0.00 silent → fail (leak=true, P=None, 824ms)
    dither=0.00 rtlf → pass (leak=false, P=Some(0.0), 24293ms)
    dither=5.00 tacet → pass (leak=false, P=Some(0.0), 511ms)
    dither=5.00 dudect → pass (leak=false, P=None, 9ms)
    dither=5.00 tvla → pass (leak=false, P=None, 0ms)
SILENT result: test_stat=1.91426925621363 threshold=5.34332906755251 adjusted=-3.42905981133887
    dither=5.00 silent → pass (leak=false, P=None, 926ms)
    dither=5.00 rtlf → pass (leak=false, P=Some(0.0), 27138ms)
[91/160] dalek::x25519::scalar_mult iter 11/20 (seed=4623180996112719199)
  collected 10000 baseline + 10000 test samples in 821 ms (timer=rdtsc, resolution=0.223 ns)
    dither=0.00 tacet → pass (leak=false, P=Some(0.0), 310ms)
    dither=0.00 dudect → pass (leak=false, P=None, 9ms)
    dither=0.00 tvla → pass (leak=false, P=None, 0ms)
SILENT result: test_stat=69.7382986878651 threshold=5.94526232304366 adjusted=63.7930363648214
    dither=0.00 silent → fail (leak=true, P=None, 829ms)
    dither=0.00 rtlf → pass (leak=false, P=Some(0.0), 23889ms)
    dither=5.00 tacet → pass (leak=false, P=Some(0.0), 449ms)
    dither=5.00 dudect → pass (leak=false, P=None, 9ms)
    dither=5.00 tvla → pass (leak=false, P=None, 0ms)
SILENT result: test_stat=37.3185035939089 threshold=5.42841630427836 adjusted=31.8900872896306
    dither=5.00 silent → fail (leak=true, P=None, 901ms)
    dither=5.00 rtlf → pass (leak=false, P=Some(0.0), 26227ms)
[92/160] dalek::x25519::scalar_mult iter 12/20 (seed=9367617876812008747)
  collected 10000 baseline + 10000 test samples in 826 ms (timer=rdtsc, resolution=0.223 ns)
    dither=0.00 tacet → pass (leak=false, P=Some(0.0), 350ms)
    dither=0.00 dudect → pass (leak=false, P=None, 9ms)
    dither=0.00 tvla → pass (leak=false, P=None, 0ms)
SILENT result: test_stat=13.4253467373952 threshold=5.19269948993492 adjusted=8.23264724746026
    dither=0.00 silent → fail (leak=true, P=None, 939ms)
    dither=0.00 rtlf → pass (leak=false, P=Some(0.0), 24546ms)
    dither=5.00 tacet → pass (leak=false, P=Some(0.0), 523ms)
    dither=5.00 dudect → pass (leak=false, P=None, 9ms)
    dither=5.00 tvla → pass (leak=false, P=None, 0ms)
SILENT result: test_stat=2.57187803484149 threshold=5.80560304766855 adjusted=-3.23372501282707
    dither=5.00 silent → pass (leak=false, P=None, 1058ms)
    dither=5.00 rtlf → pass (leak=false, P=Some(0.0), 27792ms)
[93/160] dalek::x25519::scalar_mult iter 13/20 (seed=16517315102724302181)
  collected 10000 baseline + 10000 test samples in 848 ms (timer=rdtsc, resolution=0.223 ns)
    dither=0.00 tacet → pass (leak=false, P=Some(0.0), 347ms)
    dither=0.00 dudect → pass (leak=false, P=None, 9ms)
    dither=0.00 tvla → pass (leak=false, P=None, 0ms)
SILENT result: test_stat=20.2576399321397 threshold=41.5877673854744 adjusted=-21.3301274533348
    dither=0.00 silent → pass (leak=false, P=None, 856ms)
    dither=0.00 rtlf → pass (leak=false, P=Some(0.0), 24237ms)
    dither=5.00 tacet → pass (leak=false, P=Some(0.0), 504ms)
    dither=5.00 dudect → pass (leak=false, P=None, 9ms)
    dither=5.00 tvla → pass (leak=false, P=None, 0ms)
SILENT result: test_stat=2.29828644948736 threshold=6.22985067132603 adjusted=-3.93156422183867
    dither=5.00 silent → pass (leak=false, P=None, 881ms)
    dither=5.00 rtlf → pass (leak=false, P=Some(0.0), 27550ms)
[94/160] dalek::x25519::scalar_mult iter 14/20 (seed=16104254234219470556)
  collected 10000 baseline + 10000 test samples in 851 ms (timer=rdtsc, resolution=0.223 ns)
    dither=0.00 tacet → pass (leak=false, P=Some(0.00075), 351ms)
    dither=0.00 dudect → pass (leak=false, P=None, 9ms)
    dither=0.00 tvla → pass (leak=false, P=None, 0ms)
SILENT result: test_stat=12.1596091039531 threshold=6.04513961469567 adjusted=6.11446948925738
    dither=0.00 silent → fail (leak=true, P=None, 896ms)
    dither=0.00 rtlf → pass (leak=false, P=Some(0.0), 24799ms)
    dither=5.00 tacet → pass (leak=false, P=Some(0.00075), 506ms)
    dither=5.00 dudect → pass (leak=false, P=None, 9ms)
    dither=5.00 tvla → pass (leak=false, P=None, 0ms)
SILENT result: test_stat=1.97222112800649 threshold=7.21734256073421 adjusted=-5.24512143272772
    dither=5.00 silent → pass (leak=false, P=None, 1064ms)
    dither=5.00 rtlf → pass (leak=false, P=Some(0.0), 27438ms)
[95/160] dalek::x25519::scalar_mult iter 15/20 (seed=12816627530996085636)
  collected 10000 baseline + 10000 test samples in 836 ms (timer=rdtsc, resolution=0.223 ns)
    dither=0.00 tacet → pass (leak=false, P=Some(0.0), 314ms)
    dither=0.00 dudect → pass (leak=false, P=None, 9ms)
    dither=0.00 tvla → pass (leak=false, P=None, 0ms)
SILENT result: test_stat=120.39607239947 threshold=7.23607552824003 adjusted=113.15999687123
    dither=0.00 silent → fail (leak=true, P=None, 826ms)
    dither=0.00 rtlf → pass (leak=false, P=Some(0.0), 23211ms)
    dither=5.00 tacet → pass (leak=false, P=Some(0.0), 449ms)
    dither=5.00 dudect → pass (leak=false, P=None, 9ms)
    dither=5.00 tvla → pass (leak=false, P=None, 0ms)
SILENT result: test_stat=83.7355841869346 threshold=7.56281982849455 adjusted=76.17276435844
    dither=5.00 silent → fail (leak=true, P=None, 952ms)
    dither=5.00 rtlf → pass (leak=false, P=Some(0.0), 25949ms)
[96/160] dalek::x25519::scalar_mult iter 16/20 (seed=15201698715172826076)
  collected 10000 baseline + 10000 test samples in 824 ms (timer=rdtsc, resolution=0.223 ns)
    dither=0.00 tacet → pass (leak=false, P=Some(0.0), 351ms)
    dither=0.00 dudect → fail (leak=true, P=None, 9ms)
    dither=0.00 tvla → pass (leak=false, P=None, 0ms)
SILENT result: test_stat=23.8685810861957 threshold=5.35837578162653 adjusted=18.5102053045692
    dither=0.00 silent → fail (leak=true, P=None, 996ms)
    dither=0.00 rtlf → pass (leak=false, P=Some(0.0), 24557ms)
    dither=5.00 tacet → pass (leak=false, P=Some(0.0), 509ms)
    dither=5.00 dudect → fail (leak=true, P=None, 9ms)
    dither=5.00 tvla → pass (leak=false, P=None, 0ms)
SILENT result: test_stat=2.28373503594271 threshold=5.71351435421834 adjusted=-3.42977931827563
    dither=5.00 silent → pass (leak=false, P=None, 1345ms)
    dither=5.00 rtlf → fail (leak=true, P=Some(1.0), 27519ms)
[97/160] dalek::x25519::scalar_mult iter 17/20 (seed=5963978339920358103)
  collected 10000 baseline + 10000 test samples in 844 ms (timer=rdtsc, resolution=0.223 ns)
    dither=0.00 tacet → pass (leak=false, P=Some(0.00075), 349ms)
    dither=0.00 dudect → fail (leak=true, P=None, 9ms)
    dither=0.00 tvla → pass (leak=false, P=None, 0ms)
SILENT result: test_stat=366.706757714998 threshold=4.19284055401543 adjusted=362.513917160982
    dither=0.00 silent → fail (leak=true, P=None, 938ms)
    dither=0.00 rtlf → fail (leak=true, P=Some(1.0), 25019ms)
    dither=5.00 tacet → pass (leak=false, P=Some(0.001), 527ms)
    dither=5.00 dudect → fail (leak=true, P=None, 9ms)
    dither=5.00 tvla → pass (leak=false, P=None, 0ms)
SILENT result: test_stat=3.57334348359193 threshold=4.14190158640415 adjusted=-0.568558102812219
    dither=5.00 silent → pass (leak=false, P=None, 1090ms)
    dither=5.00 rtlf → fail (leak=true, P=Some(1.0), 27930ms)
[98/160] dalek::x25519::scalar_mult iter 18/20 (seed=10347803105237819348)
  collected 10000 baseline + 10000 test samples in 848 ms (timer=rdtsc, resolution=0.223 ns)
    dither=0.00 tacet → pass (leak=false, P=Some(0.0), 301ms)
    dither=0.00 dudect → pass (leak=false, P=None, 9ms)
    dither=0.00 tvla → pass (leak=false, P=None, 0ms)
SILENT result: test_stat=52.0357305081093 threshold=4.56589560009704 adjusted=47.4698349080123
    dither=0.00 silent → fail (leak=true, P=None, 840ms)
    dither=0.00 rtlf → pass (leak=false, P=Some(0.0), 23334ms)
    dither=5.00 tacet → pass (leak=false, P=Some(0.0), 415ms)
    dither=5.00 dudect → pass (leak=false, P=None, 9ms)
    dither=5.00 tvla → pass (leak=false, P=None, 0ms)
SILENT result: test_stat=74.7687641262147 threshold=4.58335482591605 adjusted=70.1854093002987
    dither=5.00 silent → fail (leak=true, P=None, 914ms)
    dither=5.00 rtlf → fail (leak=true, P=Some(1.0), 26287ms)
[99/160] dalek::x25519::scalar_mult iter 19/20 (seed=6998161959293617148)
  collected 10000 baseline + 10000 test samples in 851 ms (timer=rdtsc, resolution=0.223 ns)
    dither=0.00 tacet → pass (leak=false, P=Some(0.0), 360ms)
    dither=0.00 dudect → pass (leak=false, P=None, 9ms)
    dither=0.00 tvla → pass (leak=false, P=None, 0ms)
SILENT result: test_stat=54.307828453079 threshold=5.4446506980415 adjusted=48.8631777550375
    dither=0.00 silent → fail (leak=true, P=None, 885ms)
    dither=0.00 rtlf → pass (leak=false, P=Some(0.0), 25003ms)
    dither=5.00 tacet → pass (leak=false, P=Some(0.0), 532ms)
    dither=5.00 dudect → pass (leak=false, P=None, 9ms)
    dither=5.00 tvla → pass (leak=false, P=None, 0ms)
SILENT result: test_stat=2.25463200332676 threshold=5.98967422525641 adjusted=-3.73504222192964
    dither=5.00 silent → pass (leak=false, P=None, 1053ms)
    dither=5.00 rtlf → pass (leak=false, P=Some(0.0), 27820ms)
[100/160] dalek::x25519::scalar_mult iter 20/20 (seed=3778832655702614015)
  collected 10000 baseline + 10000 test samples in 836 ms (timer=rdtsc, resolution=0.223 ns)
    dither=0.00 tacet → pass (leak=false, P=Some(0.0), 329ms)
    dither=0.00 dudect → pass (leak=false, P=None, 9ms)
    dither=0.00 tvla → pass (leak=false, P=None, 0ms)
SILENT result: test_stat=247.981949921058 threshold=4.97830676799797 adjusted=243.00364315306
    dither=0.00 silent → fail (leak=true, P=None, 1100ms)
    dither=0.00 rtlf → pass (leak=false, P=Some(0.0), 23540ms)
    dither=5.00 tacet → pass (leak=false, P=Some(0.0), 471ms)
    dither=5.00 dudect → pass (leak=false, P=None, 9ms)
    dither=5.00 tvla → pass (leak=false, P=None, 0ms)
SILENT result: test_stat=2.59161523321736 threshold=5.98493935378921 adjusted=-3.39332412057185
    dither=5.00 silent → pass (leak=false, P=None, 997ms)
    dither=5.00 rtlf → fail (leak=true, P=Some(1.0), 26553ms)
[101/160] c_libraries::libsodium::ed25519_sign iter 1/20 (seed=7970434012246635665)
  collected 10000 baseline + 10000 test samples in 339 ms (timer=rdtsc, resolution=0.223 ns)
    dither=0.00 tacet → pass (leak=false, P=Some(0.0), 241ms)
    dither=0.00 dudect → fail (leak=true, P=None, 9ms)
    dither=0.00 tvla → pass (leak=false, P=None, 0ms)
SILENT result: test_stat=0.747532217181487 threshold=5.60563944497143 adjusted=-4.85810722778994
    dither=0.00 silent → pass (leak=false, P=None, 816ms)
    dither=0.00 rtlf → pass (leak=false, P=Some(0.0), 20453ms)
    dither=5.00 tacet → pass (leak=false, P=Some(0.0), 313ms)
    dither=5.00 dudect → fail (leak=true, P=None, 9ms)
    dither=5.00 tvla → pass (leak=false, P=None, 0ms)
SILENT result: test_stat=4.92056694358668 threshold=5.79483132488278 adjusted=-0.874264381296098
    dither=5.00 silent → pass (leak=false, P=None, 1058ms)
    dither=5.00 rtlf → fail (leak=true, P=Some(1.0), 23625ms)
[102/160] c_libraries::libsodium::ed25519_sign iter 2/20 (seed=32891279060181905)
  collected 10000 baseline + 10000 test samples in 339 ms (timer=rdtsc, resolution=0.223 ns)
    dither=0.00 tacet → pass (leak=false, P=Some(0.0), 229ms)
    dither=0.00 dudect → pass (leak=false, P=None, 8ms)
    dither=0.00 tvla → pass (leak=false, P=None, 0ms)
SILENT result: test_stat=8.86921858784726 threshold=3.46062100607094 adjusted=5.40859758177631
    dither=0.00 silent → fail (leak=true, P=None, 948ms)
    dither=0.00 rtlf → pass (leak=false, P=Some(0.0), 20263ms)
    dither=5.00 tacet → pass (leak=false, P=Some(0.0), 294ms)
    dither=5.00 dudect → pass (leak=false, P=None, 9ms)
    dither=5.00 tvla → pass (leak=false, P=None, 0ms)
SILENT result: test_stat=49.722058521989 threshold=5.68860373004468 adjusted=44.0334547919444
    dither=5.00 silent → fail (leak=true, P=None, 1009ms)
    dither=5.00 rtlf → pass (leak=false, P=Some(0.0), 23170ms)
[103/160] c_libraries::libsodium::ed25519_sign iter 3/20 (seed=6463052652355296689)
  collected 10000 baseline + 10000 test samples in 338 ms (timer=rdtsc, resolution=0.223 ns)
    dither=0.00 tacet → pass (leak=false, P=Some(0.0), 229ms)
    dither=0.00 dudect → pass (leak=false, P=None, 8ms)
    dither=0.00 tvla → pass (leak=false, P=None, 0ms)
SILENT result: test_stat=0.33209872890627 threshold=5.17889436316992 adjusted=-4.84679563426365
    dither=0.00 silent → pass (leak=false, P=None, 839ms)
    dither=0.00 rtlf → pass (leak=false, P=Some(0.0), 20046ms)
    dither=5.00 tacet → pass (leak=false, P=Some(0.0), 307ms)
    dither=5.00 dudect → pass (leak=false, P=None, 9ms)
    dither=5.00 tvla → pass (leak=false, P=None, 0ms)
SILENT result: test_stat=1.0312287081047 threshold=5.62580047257361 adjusted=-4.59457176446892
    dither=5.00 silent → pass (leak=false, P=None, 1120ms)
    dither=5.00 rtlf → pass (leak=false, P=Some(0.0), 23716ms)
[104/160] c_libraries::libsodium::ed25519_sign iter 4/20 (seed=13791190684930009006)
  collected 10000 baseline + 10000 test samples in 346 ms (timer=rdtsc, resolution=0.223 ns)
    dither=0.00 tacet → pass (leak=false, P=Some(0.0), 262ms)
    dither=0.00 dudect → pass (leak=false, P=None, 9ms)
    dither=0.00 tvla → pass (leak=false, P=None, 0ms)
SILENT result: test_stat=2.51195415337518 threshold=5.79679614010196 adjusted=-3.28484198672678
    dither=0.00 silent → pass (leak=false, P=None, 996ms)
    dither=0.00 rtlf → pass (leak=false, P=Some(0.0), 21859ms)
    dither=5.00 tacet → pass (leak=false, P=Some(0.0), 352ms)
    dither=5.00 dudect → pass (leak=false, P=None, 9ms)
    dither=5.00 tvla → pass (leak=false, P=None, 0ms)
SILENT result: test_stat=2.44417709736465 threshold=6.13514854089868 adjusted=-3.69097144353403
    dither=5.00 silent → pass (leak=false, P=None, 1117ms)
    dither=5.00 rtlf → pass (leak=false, P=Some(0.0), 24905ms)
[105/160] c_libraries::libsodium::ed25519_sign iter 5/20 (seed=9329310494821122244)
  collected 10000 baseline + 10000 test samples in 346 ms (timer=rdtsc, resolution=0.223 ns)
    dither=0.00 tacet → pass (leak=false, P=Some(0.0), 265ms)
    dither=0.00 dudect → pass (leak=false, P=None, 9ms)
    dither=0.00 tvla → pass (leak=false, P=None, 0ms)
SILENT result: test_stat=0.324142549817291 threshold=6.63342364105938 adjusted=-6.30928109124209
    dither=0.00 silent → pass (leak=false, P=None, 974ms)
    dither=0.00 rtlf → pass (leak=false, P=Some(0.0), 22009ms)
    dither=5.00 tacet → pass (leak=false, P=Some(0.0), 360ms)
    dither=5.00 dudect → pass (leak=false, P=None, 9ms)
    dither=5.00 tvla → pass (leak=false, P=None, 0ms)
SILENT result: test_stat=0.54138233794252 threshold=7.0619816106885 adjusted=-6.52059927274598
    dither=5.00 silent → pass (leak=false, P=None, 1088ms)
    dither=5.00 rtlf → fail (leak=true, P=Some(1.0), 25027ms)
[106/160] c_libraries::libsodium::ed25519_sign iter 6/20 (seed=6348657202958305343)
  collected 10000 baseline + 10000 test samples in 352 ms (timer=rdtsc, resolution=0.223 ns)
    dither=0.00 tacet → pass (leak=false, P=Some(0.0), 270ms)
    dither=0.00 dudect → pass (leak=false, P=None, 9ms)
    dither=0.00 tvla → pass (leak=false, P=None, 0ms)
SILENT result: test_stat=1.28401882490307 threshold=6.73780187874396 adjusted=-5.45378305384089
    dither=0.00 silent → pass (leak=false, P=None, 1004ms)
    dither=0.00 rtlf → pass (leak=false, P=Some(0.0), 22391ms)
    dither=5.00 tacet → pass (leak=false, P=Some(0.0), 356ms)
    dither=5.00 dudect → pass (leak=false, P=None, 9ms)
    dither=5.00 tvla → pass (leak=false, P=None, 0ms)
SILENT result: test_stat=3.30484942631085 threshold=6.59650632028369 adjusted=-3.29165689397284
    dither=5.00 silent → pass (leak=false, P=None, 1103ms)
    dither=5.00 rtlf → pass (leak=false, P=Some(0.0), 25301ms)
[107/160] c_libraries::libsodium::ed25519_sign iter 7/20 (seed=5140504885099625482)
  collected 10000 baseline + 10000 test samples in 345 ms (timer=rdtsc, resolution=0.223 ns)
    dither=0.00 tacet → pass (leak=false, P=Some(0.0), 270ms)
    dither=0.00 dudect → pass (leak=false, P=None, 9ms)
    dither=0.00 tvla → pass (leak=false, P=None, 0ms)
SILENT result: test_stat=0.46535331296333 threshold=5.69330284897662 adjusted=-5.22794953601329
    dither=0.00 silent → pass (leak=false, P=None, 901ms)
    dither=0.00 rtlf → pass (leak=false, P=Some(0.0), 22171ms)
    dither=5.00 tacet → pass (leak=false, P=Some(0.0), 359ms)
    dither=5.00 dudect → pass (leak=false, P=None, 9ms)
    dither=5.00 tvla → pass (leak=false, P=None, 0ms)
SILENT result: test_stat=0.563484860797939 threshold=5.65307007486345 adjusted=-5.08958521406551
    dither=5.00 silent → pass (leak=false, P=None, 1176ms)
    dither=5.00 rtlf → pass (leak=false, P=Some(0.0), 25010ms)
[108/160] c_libraries::libsodium::ed25519_sign iter 8/20 (seed=12709504465293182615)
  collected 10000 baseline + 10000 test samples in 346 ms (timer=rdtsc, resolution=0.223 ns)
    dither=0.00 tacet → pass (leak=false, P=Some(0.0), 263ms)
    dither=0.00 dudect → pass (leak=false, P=None, 9ms)
    dither=0.00 tvla → pass (leak=false, P=None, 0ms)
SILENT result: test_stat=2.80181188470544 threshold=4.96435995710023 adjusted=-2.1625480723948
    dither=0.00 silent → pass (leak=false, P=None, 862ms)
    dither=0.00 rtlf → pass (leak=false, P=Some(0.0), 22046ms)
    dither=5.00 tacet → pass (leak=false, P=Some(0.0), 347ms)
    dither=5.00 dudect → pass (leak=false, P=None, 9ms)
    dither=5.00 tvla → pass (leak=false, P=None, 0ms)
SILENT result: test_stat=3.46369541104036 threshold=4.96051686267645 adjusted=-1.49682145163609
    dither=5.00 silent → pass (leak=false, P=None, 977ms)
    dither=5.00 rtlf → pass (leak=false, P=Some(0.0), 24966ms)
[109/160] c_libraries::libsodium::ed25519_sign iter 9/20 (seed=14002040616935439461)
  collected 10000 baseline + 10000 test samples in 346 ms (timer=rdtsc, resolution=0.223 ns)
    dither=0.00 tacet → pass (leak=false, P=Some(0.0), 273ms)
    dither=0.00 dudect → pass (leak=false, P=None, 9ms)
    dither=0.00 tvla → pass (leak=false, P=None, 0ms)
SILENT result: test_stat=4.99615417294705 threshold=7.71541109450374 adjusted=-2.71925692155669
    dither=0.00 silent → pass (leak=false, P=None, 864ms)
    dither=0.00 rtlf → pass (leak=false, P=Some(0.0), 22311ms)
    dither=5.00 tacet → pass (leak=false, P=Some(0.0), 358ms)
    dither=5.00 dudect → pass (leak=false, P=None, 9ms)
    dither=5.00 tvla → pass (leak=false, P=None, 0ms)
SILENT result: test_stat=9.96710866852652 threshold=8.09199543647184 adjusted=1.87511323205468
    dither=5.00 silent → fail (leak=true, P=None, 987ms)
    dither=5.00 rtlf → fail (leak=true, P=Some(1.0), 25061ms)
[110/160] c_libraries::libsodium::ed25519_sign iter 10/20 (seed=3335784747518990472)
  collected 10000 baseline + 10000 test samples in 347 ms (timer=rdtsc, resolution=0.223 ns)
    dither=0.00 tacet → pass (leak=false, P=Some(0.0), 274ms)
    dither=0.00 dudect → pass (leak=false, P=None, 9ms)
    dither=0.00 tvla → pass (leak=false, P=None, 0ms)
SILENT result: test_stat=5.0433001799752 threshold=10.6407744921644 adjusted=-5.5974743121892
    dither=0.00 silent → pass (leak=false, P=None, 1006ms)
    dither=0.00 rtlf → pass (leak=false, P=Some(0.0), 22355ms)
    dither=5.00 tacet → pass (leak=false, P=Some(0.0), 365ms)
    dither=5.00 dudect → pass (leak=false, P=None, 9ms)
    dither=5.00 tvla → pass (leak=false, P=None, 0ms)
SILENT result: test_stat=6.41157582468988 threshold=11.1747209989986 adjusted=-4.76314517430869
    dither=5.00 silent → pass (leak=false, P=None, 982ms)
    dither=5.00 rtlf → pass (leak=false, P=Some(0.0), 25506ms)
[111/160] c_libraries::libsodium::ed25519_sign iter 11/20 (seed=12771573836352869037)
  collected 10000 baseline + 10000 test samples in 346 ms (timer=rdtsc, resolution=0.223 ns)
    dither=0.00 tacet → pass (leak=false, P=Some(0.0), 267ms)
    dither=0.00 dudect → pass (leak=false, P=None, 9ms)
    dither=0.00 tvla → pass (leak=false, P=None, 0ms)
SILENT result: test_stat=0.783847249248233 threshold=6.31985502936436 adjusted=-5.53600778011612
    dither=0.00 silent → pass (leak=false, P=None, 1012ms)
    dither=0.00 rtlf → pass (leak=false, P=Some(0.0), 22212ms)
    dither=5.00 tacet → pass (leak=false, P=Some(0.0), 347ms)
    dither=5.00 dudect → pass (leak=false, P=None, 9ms)
    dither=5.00 tvla → pass (leak=false, P=None, 0ms)
SILENT result: test_stat=2.58933576746682 threshold=6.2497780446798 adjusted=-3.66044227721297
    dither=5.00 silent → pass (leak=false, P=None, 1100ms)
    dither=5.00 rtlf → pass (leak=false, P=Some(0.0), 24599ms)
[112/160] c_libraries::libsodium::ed25519_sign iter 12/20 (seed=7643396267366310542)
  collected 10000 baseline + 10000 test samples in 346 ms (timer=rdtsc, resolution=0.223 ns)
    dither=0.00 tacet → pass (leak=false, P=Some(0.0), 269ms)
    dither=0.00 dudect → pass (leak=false, P=None, 9ms)
    dither=0.00 tvla → pass (leak=false, P=None, 0ms)
SILENT result: test_stat=3.602672259041 threshold=4.23588489624081 adjusted=-0.633212637199815
    dither=0.00 silent → pass (leak=false, P=None, 1039ms)
    dither=0.00 rtlf → pass (leak=false, P=Some(0.0), 22201ms)
    dither=5.00 tacet → pass (leak=false, P=Some(0.0), 358ms)
    dither=5.00 dudect → pass (leak=false, P=None, 9ms)
    dither=5.00 tvla → pass (leak=false, P=None, 0ms)
SILENT result: test_stat=7.78528335976869 threshold=4.20804246115096 adjusted=3.57724089861772
    dither=5.00 silent → fail (leak=true, P=None, 1167ms)
    dither=5.00 rtlf → pass (leak=false, P=Some(0.0), 24998ms)
[113/160] c_libraries::libsodium::ed25519_sign iter 13/20 (seed=13252678918360487590)
  collected 10000 baseline + 10000 test samples in 346 ms (timer=rdtsc, resolution=0.223 ns)
    dither=0.00 tacet → pass (leak=false, P=Some(0.0), 267ms)
    dither=0.00 dudect → fail (leak=true, P=None, 9ms)
    dither=0.00 tvla → pass (leak=false, P=None, 0ms)
SILENT result: test_stat=8.46227246628168 threshold=6.41433048408977 adjusted=2.04794198219191
    dither=0.00 silent → fail (leak=true, P=None, 1137ms)
    dither=0.00 rtlf → fail (leak=true, P=Some(1.0), 22210ms)
    dither=5.00 tacet → pass (leak=false, P=Some(0.0), 367ms)
    dither=5.00 dudect → fail (leak=true, P=None, 9ms)
    dither=5.00 tvla → pass (leak=false, P=None, 0ms)
SILENT result: test_stat=9.68537059477053 threshold=6.37032140026962 adjusted=3.31504919450091
    dither=5.00 silent → fail (leak=true, P=None, 1095ms)
    dither=5.00 rtlf → fail (leak=true, P=Some(1.0), 24748ms)
[114/160] c_libraries::libsodium::ed25519_sign iter 14/20 (seed=1214243361007879087)
  collected 10000 baseline + 10000 test samples in 343 ms (timer=rdtsc, resolution=0.223 ns)
    dither=0.00 tacet → pass (leak=false, P=Some(0.0), 259ms)
    dither=0.00 dudect → pass (leak=false, P=None, 9ms)
    dither=0.00 tvla → pass (leak=false, P=None, 0ms)
SILENT result: test_stat=0.0881927885981091 threshold=5.43271803955214 adjusted=-5.34452525095403
    dither=0.00 silent → pass (leak=false, P=None, 849ms)
    dither=0.00 rtlf → pass (leak=false, P=Some(0.0), 21653ms)
    dither=5.00 tacet → pass (leak=false, P=Some(0.0), 350ms)
    dither=5.00 dudect → pass (leak=false, P=None, 9ms)
    dither=5.00 tvla → pass (leak=false, P=None, 0ms)
SILENT result: test_stat=1.21034594687886 threshold=4.90202477753077 adjusted=-3.69167883065191
    dither=5.00 silent → pass (leak=false, P=None, 942ms)
    dither=5.00 rtlf → pass (leak=false, P=Some(0.0), 24366ms)
[115/160] c_libraries::libsodium::ed25519_sign iter 15/20 (seed=9075834288637245570)
  collected 10000 baseline + 10000 test samples in 337 ms (timer=rdtsc, resolution=0.223 ns)
    dither=0.00 tacet → pass (leak=false, P=Some(0.0), 224ms)
    dither=0.00 dudect → fail (leak=true, P=None, 8ms)
    dither=0.00 tvla → pass (leak=false, P=None, 0ms)
SILENT result: test_stat=5.30548722885088 threshold=4.01653444336877 adjusted=1.28895278548211
    dither=0.00 silent → fail (leak=true, P=None, 824ms)
    dither=0.00 rtlf → pass (leak=false, P=Some(0.0), 19959ms)
    dither=5.00 tacet → pass (leak=false, P=Some(0.0), 286ms)
    dither=5.00 dudect → fail (leak=true, P=None, 9ms)
    dither=5.00 tvla → pass (leak=false, P=None, 0ms)
SILENT result: test_stat=26.6185493549491 threshold=4.7502275597402 adjusted=21.8683217952089
    dither=5.00 silent → fail (leak=true, P=None, 876ms)
    dither=5.00 rtlf → fail (leak=true, P=Some(1.0), 23088ms)
[116/160] c_libraries::libsodium::ed25519_sign iter 16/20 (seed=10181704434802825662)
  collected 10000 baseline + 10000 test samples in 346 ms (timer=rdtsc, resolution=0.223 ns)
    dither=0.00 tacet → pass (leak=false, P=Some(0.0), 262ms)
    dither=0.00 dudect → pass (leak=false, P=None, 9ms)
    dither=0.00 tvla → pass (leak=false, P=None, 0ms)
SILENT result: test_stat=0.526257018270775 threshold=5.54158650111126 adjusted=-5.01532948284048
    dither=0.00 silent → pass (leak=false, P=None, 1003ms)
    dither=0.00 rtlf → pass (leak=false, P=Some(0.0), 21788ms)
    dither=5.00 tacet → pass (leak=false, P=Some(0.0), 350ms)
    dither=5.00 dudect → pass (leak=false, P=None, 9ms)
    dither=5.00 tvla → pass (leak=false, P=None, 0ms)
SILENT result: test_stat=1.46504212813113 threshold=5.54129213409914 adjusted=-4.07625000596801
    dither=5.00 silent → pass (leak=false, P=None, 1290ms)
    dither=5.00 rtlf → fail (leak=true, P=Some(1.0), 24806ms)
[117/160] c_libraries::libsodium::ed25519_sign iter 17/20 (seed=13275209156158533194)
  collected 10000 baseline + 10000 test samples in 345 ms (timer=rdtsc, resolution=0.223 ns)
    dither=0.00 tacet → pass (leak=false, P=Some(0.0), 267ms)
    dither=0.00 dudect → pass (leak=false, P=None, 9ms)
    dither=0.00 tvla → pass (leak=false, P=None, 0ms)
SILENT result: test_stat=2.86132189988068 threshold=4.89125060833327 adjusted=-2.02992870845259
    dither=0.00 silent → pass (leak=false, P=None, 866ms)
    dither=0.00 rtlf → pass (leak=false, P=Some(0.0), 22215ms)
    dither=5.00 tacet → pass (leak=false, P=Some(0.0), 353ms)
    dither=5.00 dudect → pass (leak=false, P=None, 9ms)
    dither=5.00 tvla → pass (leak=false, P=None, 0ms)
SILENT result: test_stat=1.99478069987537 threshold=5.0212431048171 adjusted=-3.02646240494173
    dither=5.00 silent → pass (leak=false, P=None, 987ms)
    dither=5.00 rtlf → pass (leak=false, P=Some(0.0), 25209ms)
[118/160] c_libraries::libsodium::ed25519_sign iter 18/20 (seed=6488309322685326415)
  collected 10000 baseline + 10000 test samples in 369 ms (timer=rdtsc, resolution=0.223 ns)
    dither=0.00 tacet → pass (leak=false, P=Some(0.0235), 322ms)
    dither=0.00 dudect → pass (leak=false, P=None, 9ms)
    dither=0.00 tvla → pass (leak=false, P=None, 0ms)
SILENT result: test_stat=141.72418235672 threshold=7.1761005192326 adjusted=134.548081837488
    dither=0.00 silent → fail (leak=true, P=None, 977ms)
    dither=0.00 rtlf → pass (leak=false, P=Some(0.0), 23078ms)
    dither=5.00 tacet → pass (leak=false, P=Some(0.0235), 405ms)
    dither=5.00 dudect → pass (leak=false, P=None, 9ms)
    dither=5.00 tvla → pass (leak=false, P=None, 0ms)
SILENT result: test_stat=143.438688217223 threshold=7.28199990192689 adjusted=136.156688315296
    dither=5.00 silent → fail (leak=true, P=None, 1097ms)
    dither=5.00 rtlf → pass (leak=false, P=Some(0.0), 25996ms)
[119/160] c_libraries::libsodium::ed25519_sign iter 19/20 (seed=12424354672564703249)
  collected 10000 baseline + 10000 test samples in 346 ms (timer=rdtsc, resolution=0.223 ns)
    dither=0.00 tacet → pass (leak=false, P=Some(0.0), 279ms)
    dither=0.00 dudect → fail (leak=true, P=None, 9ms)
    dither=0.00 tvla → pass (leak=false, P=None, 0ms)
SILENT result: test_stat=1.02508886216419 threshold=7.82309212310472 adjusted=-6.79800326094052
    dither=0.00 silent → pass (leak=false, P=None, 846ms)
    dither=0.00 rtlf → pass (leak=false, P=Some(0.0), 22139ms)
    dither=5.00 tacet → pass (leak=false, P=Some(0.0), 361ms)
    dither=5.00 dudect → fail (leak=true, P=None, 9ms)
    dither=5.00 tvla → pass (leak=false, P=None, 0ms)
SILENT result: test_stat=1.2900923145342 threshold=8.30521404379858 adjusted=-7.01512172926438
    dither=5.00 silent → pass (leak=false, P=None, 1086ms)
    dither=5.00 rtlf → fail (leak=true, P=Some(1.0), 24923ms)
[120/160] c_libraries::libsodium::ed25519_sign iter 20/20 (seed=12711110141138892983)
  collected 10000 baseline + 10000 test samples in 341 ms (timer=rdtsc, resolution=0.223 ns)
    dither=0.00 tacet → pass (leak=false, P=Some(0.0), 251ms)
    dither=0.00 dudect → pass (leak=false, P=None, 9ms)
    dither=0.00 tvla → pass (leak=false, P=None, 0ms)
SILENT result: test_stat=1.66456273153889 threshold=5.64026860213664 adjusted=-3.97570587059775
    dither=0.00 silent → pass (leak=false, P=None, 817ms)
    dither=0.00 rtlf → pass (leak=false, P=Some(0.0), 21354ms)
    dither=5.00 tacet → pass (leak=false, P=Some(0.0), 338ms)
    dither=5.00 dudect → pass (leak=false, P=None, 9ms)
    dither=5.00 tvla → pass (leak=false, P=None, 0ms)
SILENT result: test_stat=2.22596184638536 threshold=5.4381413057908 adjusted=-3.21217945940544
    dither=5.00 silent → pass (leak=false, P=None, 934ms)
    dither=5.00 rtlf → fail (leak=true, P=Some(1.0), 24119ms)
[121/160] pqcrypto::kyber::kyber768_decapsulate iter 1/20 (seed=5407073028699858624)
  collected 10000 baseline + 10000 test samples in 333 ms (timer=rdtsc, resolution=0.223 ns)
    dither=0.00 tacet → inconclusive (leak=false, P=Some(0.02325), 270ms)
    dither=0.00 dudect → pass (leak=false, P=None, 9ms)
    dither=0.00 tvla → pass (leak=false, P=None, 0ms)
SILENT result: test_stat=2.09953376430828 threshold=4.76029644246107 adjusted=-2.66076267815279
    dither=0.00 silent → pass (leak=false, P=None, 837ms)
    dither=0.00 rtlf → pass (leak=false, P=Some(0.0), 22448ms)
    dither=5.00 tacet → inconclusive (leak=false, P=Some(0.02325), 382ms)
    dither=5.00 dudect → pass (leak=false, P=None, 9ms)
    dither=5.00 tvla → pass (leak=false, P=None, 0ms)
SILENT result: test_stat=3.89095587150783 threshold=4.90420655384287 adjusted=-1.01325068233503
    dither=5.00 silent → pass (leak=false, P=None, 956ms)
    dither=5.00 rtlf → pass (leak=false, P=Some(0.0), 25290ms)
[122/160] pqcrypto::kyber::kyber768_decapsulate iter 2/20 (seed=16486602942224098378)
  collected 10000 baseline + 10000 test samples in 332 ms (timer=rdtsc, resolution=0.223 ns)
    dither=0.00 tacet → inconclusive (leak=false, P=Some(0.03475), 271ms)
    dither=0.00 dudect → pass (leak=false, P=None, 9ms)
    dither=0.00 tvla → pass (leak=false, P=None, 0ms)
SILENT result: test_stat=2.34477274827369 threshold=5.08619944299863 adjusted=-2.74142669472494
    dither=0.00 silent → pass (leak=false, P=None, 854ms)
    dither=0.00 rtlf → pass (leak=false, P=Some(0.0), 22283ms)
    dither=5.00 tacet → inconclusive (leak=false, P=Some(0.03475), 378ms)
    dither=5.00 dudect → pass (leak=false, P=None, 9ms)
    dither=5.00 tvla → pass (leak=false, P=None, 0ms)
SILENT result: test_stat=4.31247225062013 threshold=5.11316148589017 adjusted=-0.800689235270037
    dither=5.00 silent → pass (leak=false, P=None, 985ms)
    dither=5.00 rtlf → pass (leak=false, P=Some(0.0), 25206ms)
[123/160] pqcrypto::kyber::kyber768_decapsulate iter 3/20 (seed=47689242042048377)
  collected 10000 baseline + 10000 test samples in 333 ms (timer=rdtsc, resolution=0.223 ns)
    dither=0.00 tacet → inconclusive (leak=false, P=Some(0.05125), 266ms)
    dither=0.00 dudect → pass (leak=false, P=None, 9ms)
    dither=0.00 tvla → pass (leak=false, P=None, 0ms)
SILENT result: test_stat=5.96787753389555 threshold=4.56029337464685 adjusted=1.4075841592487
    dither=0.00 silent → fail (leak=true, P=None, 839ms)
    dither=0.00 rtlf → pass (leak=false, P=Some(0.0), 22273ms)
    dither=5.00 tacet → inconclusive (leak=false, P=Some(0.0505), 377ms)
    dither=5.00 dudect → pass (leak=false, P=None, 9ms)
    dither=5.00 tvla → pass (leak=false, P=None, 0ms)
SILENT result: test_stat=5.85605101895868 threshold=4.67706897588023 adjusted=1.17898204307845
    dither=5.00 silent → fail (leak=true, P=None, 957ms)
    dither=5.00 rtlf → pass (leak=false, P=Some(0.0), 25247ms)
[124/160] pqcrypto::kyber::kyber768_decapsulate iter 4/20 (seed=1609967460387453248)
  collected 10000 baseline + 10000 test samples in 334 ms (timer=rdtsc, resolution=0.223 ns)
    dither=0.00 tacet → inconclusive (leak=false, P=Some(0.0015), 283ms)
    dither=0.00 dudect → pass (leak=false, P=None, 9ms)
    dither=0.00 tvla → pass (leak=false, P=None, 0ms)
SILENT result: test_stat=7.41222082412192 threshold=6.60767871488213 adjusted=0.804542109239789
    dither=0.00 silent → fail (leak=true, P=None, 970ms)
    dither=0.00 rtlf → pass (leak=false, P=Some(0.0), 22639ms)
    dither=5.00 tacet → inconclusive (leak=false, P=Some(0.0015), 394ms)
    dither=5.00 dudect → pass (leak=false, P=None, 9ms)
    dither=5.00 tvla → pass (leak=false, P=None, 0ms)
SILENT result: test_stat=16.373616213472 threshold=7.72497075781768 adjusted=8.6486454556543
    dither=5.00 silent → fail (leak=true, P=None, 1057ms)
    dither=5.00 rtlf → pass (leak=false, P=Some(0.0), 25516ms)
[125/160] pqcrypto::kyber::kyber768_decapsulate iter 5/20 (seed=7374443985686313794)
  collected 10000 baseline + 10000 test samples in 332 ms (timer=rdtsc, resolution=0.223 ns)
    dither=0.00 tacet → inconclusive (leak=false, P=Some(0.10125), 270ms)
    dither=0.00 dudect → pass (leak=false, P=None, 9ms)
    dither=0.00 tvla → pass (leak=false, P=None, 0ms)
SILENT result: test_stat=7.94987390846421 threshold=3.92461305507985 adjusted=4.02526085338436
    dither=0.00 silent → fail (leak=true, P=None, 816ms)
    dither=0.00 rtlf → pass (leak=false, P=Some(0.0), 22924ms)
    dither=5.00 tacet → inconclusive (leak=false, P=Some(0.102), 394ms)
    dither=5.00 dudect → pass (leak=false, P=None, 9ms)
    dither=5.00 tvla → pass (leak=false, P=None, 0ms)
SILENT result: test_stat=7.7743276157264 threshold=4.22622365941684 adjusted=3.54810395630956
    dither=5.00 silent → fail (leak=true, P=None, 949ms)
    dither=5.00 rtlf → pass (leak=false, P=Some(0.0), 26027ms)
[126/160] pqcrypto::kyber::kyber768_decapsulate iter 6/20 (seed=6305068527935083372)
  collected 10000 baseline + 10000 test samples in 339 ms (timer=rdtsc, resolution=0.223 ns)
    dither=0.00 tacet → inconclusive (leak=false, P=Some(0.337), 283ms)
    dither=0.00 dudect → fail (leak=true, P=None, 9ms)
    dither=0.00 tvla → pass (leak=false, P=None, 0ms)
SILENT result: test_stat=18.5185128351167 threshold=4.58183098941509 adjusted=13.9366818457016
    dither=0.00 silent → fail (leak=true, P=None, 864ms)
    dither=0.00 rtlf → fail (leak=true, P=Some(1.0), 23068ms)
    dither=5.00 tacet → inconclusive (leak=false, P=Some(0.33475), 410ms)
    dither=5.00 dudect → fail (leak=true, P=None, 9ms)
    dither=5.00 tvla → pass (leak=false, P=None, 0ms)
SILENT result: test_stat=17.3680260694545 threshold=4.93248427686228 adjusted=12.4355417925923
    dither=5.00 silent → fail (leak=true, P=None, 1155ms)
    dither=5.00 rtlf → fail (leak=true, P=Some(1.0), 26129ms)
[127/160] pqcrypto::kyber::kyber768_decapsulate iter 7/20 (seed=9890119370013277476)
  collected 10000 baseline + 10000 test samples in 340 ms (timer=rdtsc, resolution=0.223 ns)
    dither=0.00 tacet → inconclusive (leak=false, P=Some(0.00675), 295ms)
    dither=0.00 dudect → pass (leak=false, P=None, 9ms)
    dither=0.00 tvla → pass (leak=false, P=None, 0ms)
SILENT result: test_stat=4.04097405268714 threshold=5.10982073057868 adjusted=-1.06884667789153
    dither=0.00 silent → pass (leak=false, P=None, 895ms)
    dither=0.00 rtlf → pass (leak=false, P=Some(0.0), 23611ms)
    dither=5.00 tacet → inconclusive (leak=false, P=Some(0.00725), 411ms)
    dither=5.00 dudect → pass (leak=false, P=None, 9ms)
    dither=5.00 tvla → pass (leak=false, P=None, 0ms)
SILENT result: test_stat=3.57097834797501 threshold=5.13494908867053 adjusted=-1.56397074069552
    dither=5.00 silent → pass (leak=false, P=None, 994ms)
    dither=5.00 rtlf → pass (leak=false, P=Some(0.0), 25856ms)
[128/160] pqcrypto::kyber::kyber768_decapsulate iter 8/20 (seed=176755103601538197)
  collected 10000 baseline + 10000 test samples in 332 ms (timer=rdtsc, resolution=0.223 ns)
    dither=0.00 tacet → inconclusive (leak=false, P=Some(0.10425), 268ms)
    dither=0.00 dudect → pass (leak=false, P=None, 9ms)
    dither=0.00 tvla → pass (leak=false, P=None, 0ms)
SILENT result: test_stat=8.9962427153513 threshold=4.64392800057357 adjusted=4.35231471477773
    dither=0.00 silent → fail (leak=true, P=None, 831ms)
    dither=0.00 rtlf → pass (leak=false, P=Some(0.0), 22324ms)
    dither=5.00 tacet → inconclusive (leak=false, P=Some(0.103), 378ms)
    dither=5.00 dudect → pass (leak=false, P=None, 9ms)
    dither=5.00 tvla → pass (leak=false, P=None, 0ms)
SILENT result: test_stat=8.2344894988943 threshold=4.82313914627433 adjusted=3.41135035261998
    dither=5.00 silent → fail (leak=true, P=None, 1086ms)
    dither=5.00 rtlf → pass (leak=false, P=Some(0.0), 25835ms)
[129/160] pqcrypto::kyber::kyber768_decapsulate iter 9/20 (seed=12310112850682059155)
  collected 10000 baseline + 10000 test samples in 343 ms (timer=rdtsc, resolution=0.223 ns)
    dither=0.00 tacet → inconclusive (leak=false, P=Some(0.0215), 292ms)
    dither=0.00 dudect → pass (leak=false, P=None, 9ms)
    dither=0.00 tvla → pass (leak=false, P=None, 0ms)
SILENT result: test_stat=1.38015175654832 threshold=4.7446598593587 adjusted=-3.36450810281037
    dither=0.00 silent → pass (leak=false, P=None, 846ms)
    dither=0.00 rtlf → pass (leak=false, P=Some(0.0), 23438ms)
    dither=5.00 tacet → inconclusive (leak=false, P=Some(0.0215), 416ms)
    dither=5.00 dudect → pass (leak=false, P=None, 9ms)
    dither=5.00 tvla → pass (leak=false, P=None, 0ms)
SILENT result: test_stat=4.21426276872327 threshold=4.95787917445161 adjusted=-0.743616405728344
    dither=5.00 silent → pass (leak=false, P=None, 967ms)
    dither=5.00 rtlf → pass (leak=false, P=Some(0.0), 26371ms)
[130/160] pqcrypto::kyber::kyber768_decapsulate iter 10/20 (seed=8189053803202916190)
  collected 10000 baseline + 10000 test samples in 339 ms (timer=rdtsc, resolution=0.223 ns)
    dither=0.00 tacet → inconclusive (leak=false, P=Some(0.71625), 291ms)
    dither=0.00 dudect → fail (leak=true, P=None, 9ms)
    dither=0.00 tvla → fail (leak=true, P=None, 0ms)
SILENT result: test_stat=16.3882086954833 threshold=4.31817419100279 adjusted=12.0700345044806
    dither=0.00 silent → fail (leak=true, P=None, 1036ms)
    dither=0.00 rtlf → fail (leak=true, P=Some(1.0), 23432ms)
    dither=5.00 tacet → inconclusive (leak=false, P=Some(0.71875), 413ms)
    dither=5.00 dudect → fail (leak=true, P=None, 9ms)
    dither=5.00 tvla → fail (leak=true, P=None, 0ms)
SILENT result: test_stat=15.7511070757575 threshold=4.42361783975845 adjusted=11.3274892359991
    dither=5.00 silent → fail (leak=true, P=None, 1205ms)
    dither=5.00 rtlf → fail (leak=true, P=Some(1.0), 26458ms)
[131/160] pqcrypto::kyber::kyber768_decapsulate iter 11/20 (seed=9586989520369437188)
  collected 10000 baseline + 10000 test samples in 338 ms (timer=rdtsc, resolution=0.223 ns)
    dither=0.00 tacet → inconclusive (leak=false, P=Some(0.80325), 289ms)
    dither=0.00 dudect → fail (leak=true, P=None, 9ms)
    dither=0.00 tvla → pass (leak=false, P=None, 0ms)
SILENT result: test_stat=18.4169446542958 threshold=4.80315552267784 adjusted=13.6137891316179
    dither=0.00 silent → fail (leak=true, P=None, 1022ms)
    dither=0.00 rtlf → fail (leak=true, P=Some(1.0), 23143ms)
    dither=5.00 tacet → inconclusive (leak=false, P=Some(0.80325), 403ms)
    dither=5.00 dudect → fail (leak=true, P=None, 9ms)
    dither=5.00 tvla → pass (leak=false, P=None, 0ms)
SILENT result: test_stat=18.3183042420087 threshold=4.96752534264716 adjusted=13.3507788993616
    dither=5.00 silent → fail (leak=true, P=None, 1148ms)
    dither=5.00 rtlf → fail (leak=true, P=Some(1.0), 25760ms)
[132/160] pqcrypto::kyber::kyber768_decapsulate iter 12/20 (seed=6886572663207074733)
  collected 10000 baseline + 10000 test samples in 332 ms (timer=rdtsc, resolution=0.223 ns)
    dither=0.00 tacet → fail (leak=true, P=Some(0.96275), 263ms)
    dither=0.00 dudect → fail (leak=true, P=None, 9ms)
    dither=0.00 tvla → fail (leak=true, P=None, 0ms)
SILENT result: test_stat=40.3800271131903 threshold=4.49727984695844 adjusted=35.8827472662319
    dither=0.00 silent → fail (leak=true, P=None, 846ms)
    dither=0.00 rtlf → fail (leak=true, P=Some(1.0), 22208ms)
    dither=5.00 tacet → fail (leak=true, P=Some(0.96275), 363ms)
    dither=5.00 dudect → fail (leak=true, P=None, 9ms)
    dither=5.00 tvla → fail (leak=true, P=None, 0ms)
SILENT result: test_stat=42.3113147619426 threshold=4.89088739883949 adjusted=37.4204273631031
    dither=5.00 silent → fail (leak=true, P=None, 935ms)
    dither=5.00 rtlf → fail (leak=true, P=Some(1.0), 24918ms)
[133/160] pqcrypto::kyber::kyber768_decapsulate iter 13/20 (seed=5658702506151180768)
  collected 10000 baseline + 10000 test samples in 332 ms (timer=rdtsc, resolution=0.223 ns)
    dither=0.00 tacet → inconclusive (leak=false, P=Some(0.33625), 267ms)
    dither=0.00 dudect → fail (leak=true, P=None, 9ms)
    dither=0.00 tvla → pass (leak=false, P=None, 0ms)
SILENT result: test_stat=22.585590799062 threshold=3.82418748832296 adjusted=18.761403310739
    dither=0.00 silent → fail (leak=true, P=None, 852ms)
    dither=0.00 rtlf → fail (leak=true, P=Some(1.0), 22394ms)
    dither=5.00 tacet → inconclusive (leak=false, P=Some(0.33625), 375ms)
    dither=5.00 dudect → fail (leak=true, P=None, 9ms)
    dither=5.00 tvla → pass (leak=false, P=None, 0ms)
SILENT result: test_stat=25.3370700304239 threshold=4.09163715822 adjusted=21.2454328722039
    dither=5.00 silent → fail (leak=true, P=None, 983ms)
    dither=5.00 rtlf → fail (leak=true, P=Some(1.0), 25331ms)
[134/160] pqcrypto::kyber::kyber768_decapsulate iter 14/20 (seed=4792069720766380498)
  collected 10000 baseline + 10000 test samples in 343 ms (timer=rdtsc, resolution=0.223 ns)
    dither=0.00 tacet → inconclusive (leak=false, P=Some(0.1285), 271ms)
    dither=0.00 dudect → pass (leak=false, P=None, 9ms)
    dither=0.00 tvla → pass (leak=false, P=None, 0ms)
SILENT result: test_stat=0.472732514591076 threshold=4.65577087561463 adjusted=-4.18303836102356
    dither=0.00 silent → pass (leak=false, P=None, 963ms)
    dither=0.00 rtlf → pass (leak=false, P=Some(0.0), 22577ms)
    dither=5.00 tacet → inconclusive (leak=false, P=Some(0.12775), 388ms)
    dither=5.00 dudect → pass (leak=false, P=None, 9ms)
    dither=5.00 tvla → pass (leak=false, P=None, 0ms)
SILENT result: test_stat=2.52231539488828 threshold=5.49178492991728 adjusted=-2.969469535029
    dither=5.00 silent → pass (leak=false, P=None, 910ms)
    dither=5.00 rtlf → pass (leak=false, P=Some(0.0), 25490ms)
[135/160] pqcrypto::kyber::kyber768_decapsulate iter 15/20 (seed=14651847528942421857)
  collected 10000 baseline + 10000 test samples in 332 ms (timer=rdtsc, resolution=0.223 ns)
    dither=0.00 tacet → inconclusive (leak=false, P=Some(0.03825), 269ms)
    dither=0.00 dudect → pass (leak=false, P=None, 9ms)
    dither=0.00 tvla → pass (leak=false, P=None, 0ms)
SILENT result: test_stat=1.27444117845647 threshold=4.57789197481397 adjusted=-3.3034507963575
    dither=0.00 silent → pass (leak=false, P=None, 837ms)
    dither=0.00 rtlf → pass (leak=false, P=Some(0.0), 22268ms)
    dither=5.00 tacet → inconclusive (leak=false, P=Some(0.03825), 382ms)
    dither=5.00 dudect → pass (leak=false, P=None, 9ms)
    dither=5.00 tvla → pass (leak=false, P=None, 0ms)
SILENT result: test_stat=5.00095114597571 threshold=4.7468580697225 adjusted=0.254093076253205
    dither=5.00 silent → fail (leak=true, P=None, 945ms)
    dither=5.00 rtlf → pass (leak=false, P=Some(0.0), 25372ms)
[136/160] pqcrypto::kyber::kyber768_decapsulate iter 16/20 (seed=4154250121268557018)
  collected 10000 baseline + 10000 test samples in 332 ms (timer=rdtsc, resolution=0.223 ns)
    dither=0.00 tacet → inconclusive (leak=false, P=Some(0.1265), 270ms)
    dither=0.00 dudect → pass (leak=false, P=None, 9ms)
    dither=0.00 tvla → pass (leak=false, P=None, 0ms)
SILENT result: test_stat=0.769205763317685 threshold=4.72667522746026 adjusted=-3.95746946414258
    dither=0.00 silent → pass (leak=false, P=None, 820ms)
    dither=0.00 rtlf → pass (leak=false, P=Some(0.0), 22454ms)
    dither=5.00 tacet → inconclusive (leak=false, P=Some(0.1265), 388ms)
    dither=5.00 dudect → pass (leak=false, P=None, 9ms)
    dither=5.00 tvla → pass (leak=false, P=None, 0ms)
SILENT result: test_stat=1.62897676290267 threshold=4.89469680080008 adjusted=-3.2657200378974
    dither=5.00 silent → pass (leak=false, P=None, 951ms)
    dither=5.00 rtlf → pass (leak=false, P=Some(0.0), 26111ms)
[137/160] pqcrypto::kyber::kyber768_decapsulate iter 17/20 (seed=10818500491425747739)
  collected 10000 baseline + 10000 test samples in 340 ms (timer=rdtsc, resolution=0.223 ns)
    dither=0.00 tacet → inconclusive (leak=false, P=Some(0.19625), 295ms)
    dither=0.00 dudect → pass (leak=false, P=None, 9ms)
    dither=0.00 tvla → pass (leak=false, P=None, 0ms)
SILENT result: test_stat=5.07002344927088 threshold=4.8084421592893 adjusted=0.261581289981583
    dither=0.00 silent → fail (leak=true, P=None, 1033ms)
    dither=0.00 rtlf → pass (leak=false, P=Some(0.0), 23445ms)
    dither=5.00 tacet → inconclusive (leak=false, P=Some(0.19625), 418ms)
    dither=5.00 dudect → pass (leak=false, P=None, 9ms)
    dither=5.00 tvla → pass (leak=false, P=None, 0ms)
SILENT result: test_stat=4.82042626696745 threshold=5.01420397128549 adjusted=-0.193777704318045
    dither=5.00 silent → pass (leak=false, P=None, 1194ms)
    dither=5.00 rtlf → fail (leak=true, P=Some(1.0), 26094ms)
[138/160] pqcrypto::kyber::kyber768_decapsulate iter 18/20 (seed=572620811241552383)
  collected 10000 baseline + 10000 test samples in 332 ms (timer=rdtsc, resolution=0.223 ns)
    dither=0.00 tacet → inconclusive (leak=false, P=Some(0.601), 258ms)
    dither=0.00 dudect → fail (leak=true, P=None, 9ms)
    dither=0.00 tvla → pass (leak=false, P=None, 0ms)
SILENT result: test_stat=19.5999386417281 threshold=3.46343475875983 adjusted=16.1365038829682
    dither=0.00 silent → fail (leak=true, P=None, 816ms)
    dither=0.00 rtlf → fail (leak=true, P=Some(1.0), 21823ms)
    dither=5.00 tacet → inconclusive (leak=false, P=Some(0.6015), 374ms)
    dither=5.00 dudect → fail (leak=true, P=None, 9ms)
    dither=5.00 tvla → pass (leak=false, P=None, 0ms)
SILENT result: test_stat=19.8595300145596 threshold=3.90470708031355 adjusted=15.9548229342461
    dither=5.00 silent → fail (leak=true, P=None, 939ms)
    dither=5.00 rtlf → fail (leak=true, P=Some(1.0), 25555ms)
[139/160] pqcrypto::kyber::kyber768_decapsulate iter 19/20 (seed=8229575250880609467)
  collected 10000 baseline + 10000 test samples in 335 ms (timer=rdtsc, resolution=0.223 ns)
    dither=0.00 tacet → inconclusive (leak=false, P=Some(0.14575), 271ms)
    dither=0.00 dudect → pass (leak=false, P=None, 9ms)
    dither=0.00 tvla → pass (leak=false, P=None, 0ms)
SILENT result: test_stat=2.62422331680682 threshold=4.63777260514975 adjusted=-2.01354928834293
    dither=0.00 silent → pass (leak=false, P=None, 835ms)
    dither=0.00 rtlf → pass (leak=false, P=Some(0.0), 22465ms)
    dither=5.00 tacet → inconclusive (leak=false, P=Some(0.147), 389ms)
    dither=5.00 dudect → pass (leak=false, P=None, 9ms)
    dither=5.00 tvla → pass (leak=false, P=None, 0ms)
SILENT result: test_stat=4.36491892221521 threshold=5.15599365577533 adjusted=-0.791074733560127
    dither=5.00 silent → pass (leak=false, P=None, 949ms)
    dither=5.00 rtlf → pass (leak=false, P=Some(0.0), 26042ms)
[140/160] pqcrypto::kyber::kyber768_decapsulate iter 20/20 (seed=14084362981756627871)
  collected 10000 baseline + 10000 test samples in 339 ms (timer=rdtsc, resolution=0.223 ns)
    dither=0.00 tacet → inconclusive (leak=false, P=Some(0.75075), 289ms)
    dither=0.00 dudect → fail (leak=true, P=None, 9ms)
    dither=0.00 tvla → pass (leak=false, P=None, 0ms)
SILENT result: test_stat=8.95801139680571 threshold=4.3512933255824 adjusted=4.60671807122331
    dither=0.00 silent → fail (leak=true, P=None, 1027ms)
    dither=0.00 rtlf → fail (leak=true, P=Some(1.0), 23585ms)
    dither=5.00 tacet → inconclusive (leak=false, P=Some(0.7475), 415ms)
    dither=5.00 dudect → fail (leak=true, P=None, 9ms)
    dither=5.00 tvla → pass (leak=false, P=None, 0ms)
SILENT result: test_stat=8.93904217911488 threshold=4.27872168025977 adjusted=4.66032049885511
    dither=5.00 silent → fail (leak=true, P=None, 1017ms)
    dither=5.00 rtlf → fail (leak=true, P=Some(1.0), 26329ms)
[141/160] rustcrypto::rsa::marvin_rsa1024_pkcs1v15_decrypt iter 1/20 (seed=9876562591584109655)
  collected 10000 baseline + 10000 test samples in 3866 ms (timer=rdtsc, resolution=0.223 ns)
    dither=0.00 tacet → inconclusive (leak=false, P=Some(0.1425), 570ms)
    dither=0.00 dudect → pass (leak=false, P=None, 9ms)
    dither=0.00 tvla → pass (leak=false, P=None, 0ms)
SILENT result: test_stat=4.82886287155275 threshold=4.63275610991685 adjusted=0.196106761635894
    dither=0.00 silent → fail (leak=true, P=None, 1370ms)
    dither=0.00 rtlf → pass (leak=false, P=Some(0.0), 28244ms)
    dither=5.00 tacet → inconclusive (leak=false, P=Some(0.1955), 679ms)
    dither=5.00 dudect → pass (leak=false, P=None, 9ms)
    dither=5.00 tvla → pass (leak=false, P=None, 0ms)
SILENT result: test_stat=1.60880601696594 threshold=3.92796044411569 adjusted=-2.31915442714975
    dither=5.00 silent → pass (leak=false, P=None, 1280ms)
    dither=5.00 rtlf → pass (leak=false, P=Some(0.0), 29811ms)
[142/160] rustcrypto::rsa::marvin_rsa1024_pkcs1v15_decrypt iter 2/20 (seed=16181177017490280269)
  collected 10000 baseline + 10000 test samples in 3725 ms (timer=rdtsc, resolution=0.223 ns)
    dither=0.00 tacet → inconclusive (leak=false, P=Some(0.38225), 483ms)
    dither=0.00 dudect → pass (leak=false, P=None, 9ms)
    dither=0.00 tvla → pass (leak=false, P=None, 0ms)
SILENT result: test_stat=4.80793356748047 threshold=6.78633434251032 adjusted=-1.97840077502985
    dither=0.00 silent → pass (leak=false, P=None, 981ms)
    dither=0.00 rtlf → fail (leak=true, P=Some(1.0), 27001ms)
    dither=5.00 tacet → inconclusive (leak=false, P=Some(0.352), 655ms)
    dither=5.00 dudect → pass (leak=false, P=None, 9ms)
    dither=5.00 tvla → pass (leak=false, P=None, 0ms)
SILENT result: test_stat=4.2840718231305 threshold=3.2038464626779 adjusted=1.08022536045261
    dither=5.00 silent → fail (leak=true, P=None, 1732ms)
    dither=5.00 rtlf → fail (leak=true, P=Some(1.0), 29255ms)
[143/160] rustcrypto::rsa::marvin_rsa1024_pkcs1v15_decrypt iter 3/20 (seed=10345527531909316375)
  collected 10000 baseline + 10000 test samples in 3723 ms (timer=rdtsc, resolution=0.223 ns)
    dither=0.00 tacet → inconclusive (leak=false, P=Some(0.1075), 441ms)
    dither=0.00 dudect → fail (leak=true, P=None, 9ms)
    dither=0.00 tvla → pass (leak=false, P=None, 0ms)
SILENT result: test_stat=5.38645478623548 threshold=4.20952299267958 adjusted=1.1769317935559
    dither=0.00 silent → fail (leak=true, P=None, 955ms)
    dither=0.00 rtlf → fail (leak=true, P=Some(1.0), 26740ms)
    dither=5.00 tacet → inconclusive (leak=false, P=Some(0.1095), 658ms)
    dither=5.00 dudect → fail (leak=true, P=None, 9ms)
    dither=5.00 tvla → pass (leak=false, P=None, 0ms)
SILENT result: test_stat=9.15247241402834 threshold=3.48561058808246 adjusted=5.66686182594588
    dither=5.00 silent → fail (leak=true, P=None, 1529ms)
    dither=5.00 rtlf → fail (leak=true, P=Some(1.0), 29713ms)
[144/160] rustcrypto::rsa::marvin_rsa1024_pkcs1v15_decrypt iter 4/20 (seed=5235722407536906526)
  collected 10000 baseline + 10000 test samples in 3858 ms (timer=rdtsc, resolution=0.223 ns)
    dither=0.00 tacet → inconclusive (leak=false, P=Some(0.133), 460ms)
    dither=0.00 dudect → pass (leak=false, P=None, 9ms)
    dither=0.00 tvla → pass (leak=false, P=None, 0ms)
SILENT result: test_stat=3.52206652718275 threshold=4.46973246064633 adjusted=-0.947665933463583
    dither=0.00 silent → pass (leak=false, P=None, 1017ms)
    dither=0.00 rtlf → pass (leak=false, P=Some(0.0), 26845ms)
    dither=5.00 tacet → inconclusive (leak=false, P=Some(0.17), 655ms)
    dither=5.00 dudect → pass (leak=false, P=None, 9ms)
    dither=5.00 tvla → pass (leak=false, P=None, 0ms)
SILENT result: test_stat=1.59431342482392 threshold=3.8975530286386 adjusted=-2.30323960381468
    dither=5.00 silent → pass (leak=false, P=None, 1597ms)
    dither=5.00 rtlf → pass (leak=false, P=Some(0.0), 29622ms)
[145/160] rustcrypto::rsa::marvin_rsa1024_pkcs1v15_decrypt iter 5/20 (seed=11103911911378150211)
  collected 10000 baseline + 10000 test samples in 3859 ms (timer=rdtsc, resolution=0.223 ns)
    dither=0.00 tacet → inconclusive (leak=false, P=Some(0.0035), 550ms)
    dither=0.00 dudect → pass (leak=false, P=None, 9ms)
    dither=0.00 tvla → pass (leak=false, P=None, 0ms)
SILENT result: test_stat=6.452242718293 threshold=7.25183542821776 adjusted=-0.79959270992476
    dither=0.00 silent → pass (leak=false, P=None, 1239ms)
    dither=0.00 rtlf → pass (leak=false, P=Some(0.0), 28129ms)
    dither=5.00 tacet → inconclusive (leak=false, P=Some(0.0165), 691ms)
    dither=5.00 dudect → pass (leak=false, P=None, 9ms)
    dither=5.00 tvla → pass (leak=false, P=None, 0ms)
SILENT result: test_stat=2.26189326650852 threshold=3.99705450055662 adjusted=-1.73516123404809
    dither=5.00 silent → pass (leak=false, P=None, 1263ms)
    dither=5.00 rtlf → pass (leak=false, P=Some(0.0), 30473ms)
[146/160] rustcrypto::rsa::marvin_rsa1024_pkcs1v15_decrypt iter 6/20 (seed=10080952379486741611)
  collected 10000 baseline + 10000 test samples in 3885 ms (timer=rdtsc, resolution=0.223 ns)
    dither=0.00 tacet → inconclusive (leak=false, P=Some(0.33725), 576ms)
    dither=0.00 dudect → pass (leak=false, P=None, 9ms)
    dither=0.00 tvla → pass (leak=false, P=None, 0ms)
SILENT result: test_stat=25.5312065305248 threshold=10.0933973814407 adjusted=15.4378091490842
    dither=0.00 silent → fail (leak=true, P=None, 1045ms)
    dither=0.00 rtlf → fail (leak=true, P=Some(1.0), 28643ms)
    dither=5.00 tacet → inconclusive (leak=false, P=Some(0.33725), 699ms)
    dither=5.00 dudect → pass (leak=false, P=None, 9ms)
    dither=5.00 tvla → pass (leak=false, P=None, 0ms)
SILENT result: test_stat=4.28512390670843 threshold=3.28166679384054 adjusted=1.00345711286789
    dither=5.00 silent → fail (leak=true, P=None, 1412ms)
    dither=5.00 rtlf → fail (leak=true, P=Some(1.0), 30766ms)
[147/160] rustcrypto::rsa::marvin_rsa1024_pkcs1v15_decrypt iter 7/20 (seed=7147528179339094999)
  collected 10000 baseline + 10000 test samples in 3848 ms (timer=rdtsc, resolution=0.223 ns)
    dither=0.00 tacet → pass (leak=false, P=Some(0.0005), 532ms)
    dither=0.00 dudect → pass (leak=false, P=None, 9ms)
    dither=0.00 tvla → pass (leak=false, P=None, 0ms)
SILENT result: test_stat=3.49026152542931 threshold=4.40907092349255 adjusted=-0.918809398063245
    dither=0.00 silent → pass (leak=false, P=None, 1036ms)
    dither=0.00 rtlf → pass (leak=false, P=Some(0.0), 28085ms)
    dither=5.00 tacet → pass (leak=false, P=Some(0.0005), 687ms)
    dither=5.00 dudect → pass (leak=false, P=None, 9ms)
    dither=5.00 tvla → pass (leak=false, P=None, 0ms)
SILENT result: test_stat=2.66541716763412 threshold=3.70789946299965 adjusted=-1.04248229536553
    dither=5.00 silent → pass (leak=false, P=None, 1776ms)
    dither=5.00 rtlf → pass (leak=false, P=Some(0.0), 30291ms)
[148/160] rustcrypto::rsa::marvin_rsa1024_pkcs1v15_decrypt iter 8/20 (seed=16222819606835889983)
  collected 10000 baseline + 10000 test samples in 3850 ms (timer=rdtsc, resolution=0.223 ns)
    dither=0.00 tacet → pass (leak=false, P=Some(0.00525), 573ms)
    dither=0.00 dudect → pass (leak=false, P=None, 9ms)
    dither=0.00 tvla → pass (leak=false, P=None, 0ms)
SILENT result: test_stat=3.91509154984547 threshold=4.37298407469474 adjusted=-0.457892524849272
    dither=0.00 silent → pass (leak=false, P=None, 1220ms)
    dither=0.00 rtlf → pass (leak=false, P=Some(0.0), 28452ms)
    dither=5.00 tacet → pass (leak=false, P=Some(0.0065), 700ms)
    dither=5.00 dudect → pass (leak=false, P=None, 9ms)
    dither=5.00 tvla → pass (leak=false, P=None, 0ms)
SILENT result: test_stat=2.37842378278997 threshold=3.70974613871049 adjusted=-1.33132235592051
    dither=5.00 silent → pass (leak=false, P=None, 1619ms)
    dither=5.00 rtlf → pass (leak=false, P=Some(0.0), 30744ms)
[149/160] rustcrypto::rsa::marvin_rsa1024_pkcs1v15_decrypt iter 9/20 (seed=4874026367394903154)
  collected 10000 baseline + 10000 test samples in 3839 ms (timer=rdtsc, resolution=0.223 ns)
    dither=0.00 tacet → pass (leak=false, P=Some(0.0185), 541ms)
    dither=0.00 dudect → pass (leak=false, P=None, 9ms)
    dither=0.00 tvla → pass (leak=false, P=None, 0ms)
SILENT result: test_stat=6.52853184729277 threshold=3.95188875595011 adjusted=2.57664309134266
    dither=0.00 silent → fail (leak=true, P=None, 1045ms)
    dither=0.00 rtlf → fail (leak=true, P=Some(1.0), 28296ms)
    dither=5.00 tacet → pass (leak=false, P=Some(0.01875), 694ms)
    dither=5.00 dudect → pass (leak=false, P=None, 9ms)
    dither=5.00 tvla → pass (leak=false, P=None, 0ms)
SILENT result: test_stat=2.60716071686672 threshold=3.6361200560019 adjusted=-1.02895933913518
    dither=5.00 silent → pass (leak=false, P=None, 1743ms)
    dither=5.00 rtlf → fail (leak=true, P=Some(1.0), 29833ms)
[150/160] rustcrypto::rsa::marvin_rsa1024_pkcs1v15_decrypt iter 10/20 (seed=14412695428229330657)
  collected 10000 baseline + 10000 test samples in 3781 ms (timer=rdtsc, resolution=0.223 ns)
    dither=0.00 tacet → inconclusive (leak=false, P=Some(0.24575), 484ms)
    dither=0.00 dudect → pass (leak=false, P=None, 9ms)
    dither=0.00 tvla → pass (leak=false, P=None, 0ms)
SILENT result: test_stat=7.03766441998063 threshold=4.35048228414879 adjusted=2.68718213583184
    dither=0.00 silent → fail (leak=true, P=None, 1004ms)
    dither=0.00 rtlf → pass (leak=false, P=Some(0.0), 26820ms)
    dither=5.00 tacet → inconclusive (leak=false, P=Some(0.1755), 656ms)
    dither=5.00 dudect → pass (leak=false, P=None, 9ms)
    dither=5.00 tvla → pass (leak=false, P=None, 0ms)
SILENT result: test_stat=2.60979339389347 threshold=3.89814681292283 adjusted=-1.28835341902936
    dither=5.00 silent → pass (leak=false, P=None, 1684ms)
    dither=5.00 rtlf → fail (leak=true, P=Some(1.0), 29106ms)
[151/160] rustcrypto::rsa::marvin_rsa1024_pkcs1v15_decrypt iter 11/20 (seed=7309414515811073847)
  collected 10000 baseline + 10000 test samples in 3739 ms (timer=rdtsc, resolution=0.223 ns)
    dither=0.00 tacet → inconclusive (leak=false, P=Some(0.41825), 518ms)
    dither=0.00 dudect → pass (leak=false, P=None, 9ms)
    dither=0.00 tvla → pass (leak=false, P=None, 0ms)
SILENT result: test_stat=9.22845876919471 threshold=3.90519599632188 adjusted=5.32326277287283
    dither=0.00 silent → fail (leak=true, P=None, 1010ms)
    dither=0.00 rtlf → fail (leak=true, P=Some(1.0), 27281ms)
    dither=5.00 tacet → inconclusive (leak=false, P=Some(0.419), 665ms)
    dither=5.00 dudect → pass (leak=false, P=None, 9ms)
    dither=5.00 tvla → pass (leak=false, P=None, 0ms)
SILENT result: test_stat=4.55334060292211 threshold=2.99890630701938 adjusted=1.55443429590273
    dither=5.00 silent → fail (leak=true, P=None, 1133ms)
    dither=5.00 rtlf → fail (leak=true, P=Some(1.0), 29440ms)
[152/160] rustcrypto::rsa::marvin_rsa1024_pkcs1v15_decrypt iter 12/20 (seed=1416603868060367477)
  collected 10000 baseline + 10000 test samples in 3719 ms (timer=rdtsc, resolution=0.223 ns)
    dither=0.00 tacet → inconclusive (leak=false, P=Some(0.08), 442ms)
    dither=0.00 dudect → fail (leak=true, P=None, 9ms)
    dither=0.00 tvla → pass (leak=false, P=None, 0ms)
SILENT result: test_stat=10.6711938616291 threshold=4.50766645248155 adjusted=6.16352740914753
    dither=0.00 silent → fail (leak=true, P=None, 1010ms)
    dither=0.00 rtlf → fail (leak=true, P=Some(1.0), 26449ms)
    dither=5.00 tacet → inconclusive (leak=false, P=Some(0.08775), 640ms)
    dither=5.00 dudect → fail (leak=true, P=None, 9ms)
    dither=5.00 tvla → pass (leak=false, P=None, 0ms)
SILENT result: test_stat=11.8721600561444 threshold=2.93965056746759 adjusted=8.93250948867683
    dither=5.00 silent → fail (leak=true, P=None, 1244ms)
    dither=5.00 rtlf → fail (leak=true, P=Some(1.0), 28945ms)
[153/160] rustcrypto::rsa::marvin_rsa1024_pkcs1v15_decrypt iter 13/20 (seed=7156272371374718987)
  collected 10000 baseline + 10000 test samples in 3706 ms (timer=rdtsc, resolution=0.223 ns)
    dither=0.00 tacet → pass (leak=false, P=Some(0.005), 469ms)
    dither=0.00 dudect → pass (leak=false, P=None, 9ms)
    dither=0.00 tvla → pass (leak=false, P=None, 0ms)
SILENT result: test_stat=2.68553109813488 threshold=4.45005644871268 adjusted=-1.7645253505778
    dither=0.00 silent → pass (leak=false, P=None, 1003ms)
    dither=0.00 rtlf → pass (leak=false, P=Some(0.0), 27307ms)
    dither=5.00 tacet → pass (leak=false, P=Some(0.005), 670ms)
    dither=5.00 dudect → pass (leak=false, P=None, 9ms)
    dither=5.00 tvla → pass (leak=false, P=None, 0ms)
SILENT result: test_stat=2.88834123913536 threshold=3.73524054927146 adjusted=-0.846899310136092
    dither=5.00 silent → pass (leak=false, P=None, 1112ms)
    dither=5.00 rtlf → fail (leak=true, P=Some(1.0), 29892ms)
[154/160] rustcrypto::rsa::marvin_rsa1024_pkcs1v15_decrypt iter 14/20 (seed=5733042429392844838)
  collected 10000 baseline + 10000 test samples in 3865 ms (timer=rdtsc, resolution=0.223 ns)
    dither=0.00 tacet → pass (leak=false, P=Some(0.009), 513ms)
    dither=0.00 dudect → pass (leak=false, P=None, 9ms)
    dither=0.00 tvla → pass (leak=false, P=None, 0ms)
SILENT result: test_stat=13.1432844315625 threshold=3.30274401195852 adjusted=9.84054041960395
    dither=0.00 silent → fail (leak=true, P=None, 1012ms)
    dither=0.00 rtlf → fail (leak=true, P=Some(1.0), 27406ms)
    dither=5.00 tacet → pass (leak=false, P=Some(0.009), 661ms)
    dither=5.00 dudect → pass (leak=false, P=None, 9ms)
    dither=5.00 tvla → pass (leak=false, P=None, 0ms)
SILENT result: test_stat=5.27465922095334 threshold=2.90683655767961 adjusted=2.36782266327373
    dither=5.00 silent → fail (leak=true, P=None, 1361ms)
    dither=5.00 rtlf → fail (leak=true, P=Some(1.0), 29388ms)
[155/160] rustcrypto::rsa::marvin_rsa1024_pkcs1v15_decrypt iter 15/20 (seed=8740215586439081363)
  collected 10000 baseline + 10000 test samples in 3717 ms (timer=rdtsc, resolution=0.223 ns)
    dither=0.00 tacet → inconclusive (leak=false, P=Some(0.21525), 491ms)
    dither=0.00 dudect → fail (leak=true, P=None, 9ms)
    dither=0.00 tvla → pass (leak=false, P=None, 0ms)
SILENT result: test_stat=7.93012910249686 threshold=3.95956493670361 adjusted=3.97056416579326
    dither=0.00 silent → fail (leak=true, P=None, 990ms)
    dither=0.00 rtlf → fail (leak=true, P=Some(1.0), 27038ms)
    dither=5.00 tacet → inconclusive (leak=false, P=Some(0.26625), 658ms)
    dither=5.00 dudect → fail (leak=true, P=None, 9ms)
    dither=5.00 tvla → pass (leak=false, P=None, 0ms)
SILENT result: test_stat=4.23729683197555 threshold=3.46458340591674 adjusted=0.772713426058814
    dither=5.00 silent → fail (leak=true, P=None, 1140ms)
    dither=5.00 rtlf → fail (leak=true, P=Some(1.0), 29313ms)
[156/160] rustcrypto::rsa::marvin_rsa1024_pkcs1v15_decrypt iter 16/20 (seed=268587819215575437)
  collected 10000 baseline + 10000 test samples in 3796 ms (timer=rdtsc, resolution=0.223 ns)
    dither=0.00 tacet → pass (leak=false, P=Some(0.03875), 498ms)
    dither=0.00 dudect → pass (leak=false, P=None, 9ms)
    dither=0.00 tvla → pass (leak=false, P=None, 0ms)
SILENT result: test_stat=13.968643273442 threshold=3.70488364222735 adjusted=10.2637596312146
    dither=0.00 silent → fail (leak=true, P=None, 996ms)
    dither=0.00 rtlf → pass (leak=false, P=Some(0.0), 26922ms)
    dither=5.00 tacet → pass (leak=false, P=Some(0.0385), 661ms)
    dither=5.00 dudect → pass (leak=false, P=None, 9ms)
    dither=5.00 tvla → pass (leak=false, P=None, 0ms)
SILENT result: test_stat=2.61197913896608 threshold=3.70588972733515 adjusted=-1.09391058836907
    dither=5.00 silent → pass (leak=false, P=None, 1630ms)
    dither=5.00 rtlf → pass (leak=false, P=Some(0.0), 29242ms)
[157/160] rustcrypto::rsa::marvin_rsa1024_pkcs1v15_decrypt iter 17/20 (seed=9369743751105822393)
  collected 10000 baseline + 10000 test samples in 3726 ms (timer=rdtsc, resolution=0.223 ns)
    dither=0.00 tacet → inconclusive (leak=false, P=Some(0.0605), 515ms)
    dither=0.00 dudect → pass (leak=false, P=None, 9ms)
    dither=0.00 tvla → pass (leak=false, P=None, 0ms)
SILENT result: test_stat=7.98313656632135 threshold=4.60048893294415 adjusted=3.3826476333772
    dither=0.00 silent → fail (leak=true, P=None, 1001ms)
    dither=0.00 rtlf → fail (leak=true, P=Some(1.0), 27612ms)
    dither=5.00 tacet → inconclusive (leak=false, P=Some(0.1275), 670ms)
    dither=5.00 dudect → pass (leak=false, P=None, 9ms)
    dither=5.00 tvla → pass (leak=false, P=None, 0ms)
SILENT result: test_stat=4.71131782936261 threshold=3.34121979708659 adjusted=1.37009803227601
    dither=5.00 silent → fail (leak=true, P=None, 1155ms)
    dither=5.00 rtlf → fail (leak=true, P=Some(1.0), 29557ms)
[158/160] rustcrypto::rsa::marvin_rsa1024_pkcs1v15_decrypt iter 18/20 (seed=1392717593351835413)
  collected 10000 baseline + 10000 test samples in 3753 ms (timer=rdtsc, resolution=0.223 ns)
    dither=0.00 tacet → inconclusive (leak=false, P=Some(0.4755), 513ms)
    dither=0.00 dudect → pass (leak=false, P=None, 9ms)
    dither=0.00 tvla → pass (leak=false, P=None, 0ms)
SILENT result: test_stat=8.51183412645699 threshold=4.09955367315843 adjusted=4.41228045329857
    dither=0.00 silent → fail (leak=true, P=None, 983ms)
    dither=0.00 rtlf → pass (leak=false, P=Some(0.0), 27357ms)
    dither=5.00 tacet → inconclusive (leak=false, P=Some(0.45225), 669ms)
    dither=5.00 dudect → pass (leak=false, P=None, 9ms)
    dither=5.00 tvla → pass (leak=false, P=None, 0ms)
SILENT result: test_stat=2.10956658331269 threshold=3.26410265782454 adjusted=-1.15453607451185
    dither=5.00 silent → pass (leak=false, P=None, 1243ms)
    dither=5.00 rtlf → fail (leak=true, P=Some(1.0), 29549ms)
[159/160] rustcrypto::rsa::marvin_rsa1024_pkcs1v15_decrypt iter 19/20 (seed=18003829273360213823)
  collected 10000 baseline + 10000 test samples in 3850 ms (timer=rdtsc, resolution=0.223 ns)
    dither=0.00 tacet → inconclusive (leak=false, P=Some(0.71525), 507ms)
    dither=0.00 dudect → fail (leak=true, P=None, 9ms)
    dither=0.00 tvla → pass (leak=false, P=None, 0ms)
SILENT result: test_stat=11.0773576963273 threshold=3.80786258716708 adjusted=7.2694951091602
    dither=0.00 silent → fail (leak=true, P=None, 1194ms)
    dither=0.00 rtlf → fail (leak=true, P=Some(1.0), 27576ms)
    dither=5.00 tacet → inconclusive (leak=false, P=Some(0.71525), 678ms)
    dither=5.00 dudect → fail (leak=true, P=None, 9ms)
    dither=5.00 tvla → pass (leak=false, P=None, 0ms)
SILENT result: test_stat=6.08806266283543 threshold=2.63407119634225 adjusted=3.45399146649317
    dither=5.00 silent → fail (leak=true, P=None, 1315ms)
    dither=5.00 rtlf → fail (leak=true, P=Some(1.0), 29513ms)
[160/160] rustcrypto::rsa::marvin_rsa1024_pkcs1v15_decrypt iter 20/20 (seed=16764460929957836017)
  collected 10000 baseline + 10000 test samples in 3729 ms (timer=rdtsc, resolution=0.223 ns)
    dither=0.00 tacet → pass (leak=false, P=Some(0.0), 455ms)
    dither=0.00 dudect → pass (leak=false, P=None, 9ms)
    dither=0.00 tvla → pass (leak=false, P=None, 0ms)
SILENT result: test_stat=1.89526339509109 threshold=4.55468287131701 adjusted=-2.65941947622592
    dither=0.00 silent → pass (leak=false, P=None, 957ms)
    dither=0.00 rtlf → pass (leak=false, P=Some(0.0), 26508ms)
    dither=5.00 tacet → pass (leak=false, P=Some(0.0), 642ms)
    dither=5.00 dudect → pass (leak=false, P=None, 9ms)
    dither=5.00 tvla → pass (leak=false, P=None, 0ms)
SILENT result: test_stat=2.15777155797081 threshold=4.083442224307 adjusted=-1.92567066633619
    dither=5.00 silent → pass (leak=false, P=None, 1332ms)
    dither=5.00 rtlf → pass (leak=false, P=Some(0.0), 29318ms)
Done. Wrote 1600 units to /root/bench-results/main/results.csv.
R persistent worker shutting down
MAIN_EXIT_0
