class,timing_ns
baseline,974342
baseline,1031180
baseline,952227
baseline,1139440
baseline,1065199
baseline,1168140
baseline,849573
baseline,951611
baseline,927815
baseline,1023376
baseline,966174
baseline,968512
baseline,926682
baseline,1129759
baseline,986564
baseline,975938
baseline,835754
baseline,992638
baseline,775410
baseline,878083
baseline,1132057
baseline,797876
baseline,1236665
baseline,1215848
baseline,1105505
baseline,850657
baseline,960559
baseline,814076
baseline,866938
baseline,813185
baseline,861344
baseline,813640
baseline,1180429
baseline,982640
baseline,1161777
baseline,712207
baseline,741754
baseline,778704
baseline,954694
baseline,981323
baseline,1038152
baseline,803080
baseline,903387
baseline,833708
baseline,856252
baseline,1025170
baseline,774549
baseline,891856
baseline,1037548
baseline,871962
baseline,824486
baseline,880114
baseline,776525
baseline,719029
baseline,851322
baseline,889312
baseline,1032251
baseline,943020
baseline,818202
baseline,757844
baseline,1070742
baseline,1069009
baseline,1221220
baseline,1188416
baseline,1212070
baseline,1176927
baseline,892967
baseline,720022
baseline,807216
baseline,909969
baseline,860232
baseline,709765
baseline,896551
baseline,1053771
baseline,951412
baseline,1111662
baseline,1240825
baseline,991175
baseline,968802
baseline,958588
baseline,1009005
baseline,938652
baseline,824550
baseline,969798
baseline,998838
baseline,1437939
baseline,1224401
baseline,1022691
baseline,1371700
baseline,950595
baseline,921243
baseline,850323
baseline,728804
baseline,675638
baseline,841025
baseline,1030763
baseline,880749
baseline,835122
baseline,1050792
baseline,783059
baseline,1000675
baseline,1157423
baseline,937802
baseline,848626
baseline,975045
baseline,938132
baseline,1014353
baseline,1037977
baseline,985213
baseline,961574
baseline,844554
baseline,815698
baseline,867007
baseline,990830
baseline,946453
baseline,1089458
baseline,1227500
baseline,1183873
baseline,1279724
baseline,928061
baseline,822930
baseline,980471
baseline,793435
baseline,746138
baseline,897829
baseline,810205
baseline,846300
baseline,931093
baseline,1077391
baseline,970681
baseline,830867
baseline,1041307
baseline,827118
baseline,830180
baseline,1043631
baseline,1109786
baseline,892168
baseline,1051418
baseline,1058973
baseline,807637
baseline,917770
baseline,821511
baseline,1017138
baseline,1089188
baseline,894423
baseline,1312198
baseline,1121877
baseline,1130475
baseline,1001509
baseline,1298450
baseline,1185716
baseline,932942
baseline,1107648
baseline,1063832
baseline,1107077
baseline,978988
baseline,1112467
baseline,869942
baseline,1052599
baseline,1007251
baseline,1041631
baseline,951432
baseline,1038577
baseline,1097902
baseline,991100
baseline,996813
baseline,930271
baseline,948978
baseline,881331
baseline,1040560
baseline,1046087
baseline,868504
baseline,934501
baseline,1034338
baseline,943139
baseline,787060
baseline,956550
baseline,990395
baseline,1051938
baseline,1221600
baseline,1005706
baseline,908890
baseline,873566
baseline,945846
baseline,1115341
baseline,930409
baseline,1049564
baseline,1009060
baseline,793493
baseline,817471
baseline,1100670
baseline,1198717
baseline,1019918
baseline,1052089
baseline,1112146
baseline,1157091
baseline,1193799
baseline,887639
baseline,784184
baseline,793051
baseline,1020492
baseline,833236
baseline,901230
baseline,819494
baseline,800322
baseline,743846
baseline,942855
baseline,906798
baseline,1003826
baseline,841164
baseline,1021162
baseline,908713
baseline,1115177
baseline,854113
baseline,1061859
baseline,811909
baseline,880503
baseline,1100620
baseline,1042390
baseline,831728
baseline,894696
baseline,794253
baseline,1021633
baseline,1303108
baseline,1171767
baseline,1124601
baseline,1065970
baseline,910174
baseline,1121265
baseline,1039269
baseline,1266072
baseline,993937
baseline,1285443
baseline,768217
baseline,853913
baseline,927451
baseline,1317990
baseline,979644
baseline,909370
baseline,1021398
baseline,765562
baseline,912879
baseline,1023325
baseline,811258
baseline,846960
baseline,873964
baseline,773154
baseline,934852
baseline,820386
baseline,862215
baseline,903346
baseline,885024
baseline,1062323
baseline,878803
baseline,1124962
baseline,1031892
baseline,911273
baseline,933983
baseline,925137
baseline,913923
baseline,1256213
baseline,1004304
baseline,1021489
baseline,1200454
baseline,927816
baseline,1041778
baseline,893936
baseline,1096655
baseline,999029
baseline,940249
baseline,1045584
baseline,860057
baseline,896043
baseline,789997
baseline,977806
baseline,1234258
baseline,1057853
baseline,1193547
baseline,947701
baseline,985535
baseline,895628
baseline,1149190
baseline,919821
baseline,983379
baseline,915098
baseline,1026146
baseline,783602
baseline,880561
baseline,883374
baseline,1133686
baseline,816472
baseline,788405
baseline,873825
baseline,1048259
baseline,984033
baseline,1137599
baseline,1096026
baseline,1017558
baseline,1270668
baseline,1044947
baseline,1228080
baseline,871262
baseline,833304
baseline,884501
baseline,1089566
baseline,1188268
baseline,774959
baseline,944393
baseline,917662
baseline,924915
baseline,851830
baseline,1001034
baseline,955869
baseline,984033
baseline,1240556
baseline,1116078
baseline,1038530
baseline,1327518
baseline,1049695
baseline,959592
baseline,1035777
baseline,1274027
baseline,840274
baseline,890709
baseline,1039700
baseline,1090915
baseline,842296
baseline,827976
baseline,762963
baseline,1014166
baseline,914634
baseline,802271
baseline,800871
baseline,1040850
baseline,990378
baseline,896527
baseline,1064050
baseline,1183578
baseline,1345352
baseline,1190176
baseline,797231
baseline,981173
baseline,1031824
baseline,1248704
baseline,1075907
baseline,1092867
baseline,1058985
baseline,1007112
baseline,972394
baseline,889983
baseline,849120
baseline,975304
baseline,1066845
baseline,1146539
baseline,927416
baseline,1135845
baseline,1016498
baseline,1051213
baseline,968661
baseline,881481
baseline,1001188
baseline,1209393
baseline,987614
baseline,1207855
baseline,1276409
baseline,1254890
baseline,990864
baseline,1218142
baseline,1155295
baseline,817280
baseline,1102994
baseline,1065527
baseline,1191130
baseline,1113027
baseline,958005
baseline,1065048
baseline,713047
baseline,785268
baseline,1038800
baseline,1031101
baseline,916213
baseline,799285
baseline,878954
baseline,827694
baseline,895460
baseline,820252
baseline,781568
baseline,695176
baseline,981627
baseline,781311
baseline,978024
baseline,879536
baseline,976803
baseline,1195303
baseline,899811
baseline,1147641
baseline,992424
baseline,847001
baseline,902671
baseline,1175113
baseline,1222117
baseline,1172487
baseline,1244760
baseline,1222736
baseline,1238902
baseline,1043432
baseline,1128730
baseline,1004410
baseline,956960
baseline,1221173
baseline,851439
baseline,1019579
baseline,904407
baseline,894597
baseline,889073
baseline,917750
baseline,921079
baseline,934577
baseline,992945
baseline,780561
baseline,1359913
baseline,984199
baseline,991158
baseline,993632
baseline,886053
baseline,886733
baseline,956123
baseline,893342
baseline,797206
baseline,879312
baseline,879612
baseline,1013981
baseline,929741
baseline,876339
baseline,838973
baseline,972699
baseline,1138226
baseline,884537
baseline,1058726
baseline,925784
baseline,1108466
baseline,995627
baseline,939136
baseline,841635
baseline,819079
baseline,837982
baseline,746782
baseline,952869
baseline,789523
baseline,829659
baseline,994648
baseline,853361
baseline,942309
baseline,1152259
baseline,1005086
baseline,1012743
baseline,947299
baseline,864478
baseline,888687
baseline,1042048
baseline,925293
baseline,746086
baseline,928192
baseline,791801
baseline,957687
baseline,1123439
baseline,911175
baseline,959242
baseline,795543
baseline,997479
baseline,732126
baseline,881524
baseline,951251
baseline,971717
baseline,933792
baseline,1144163
baseline,989512
baseline,1019692
baseline,1204959
baseline,957119
baseline,936963
baseline,936049
baseline,873267
baseline,894803
baseline,975919
baseline,1221377
baseline,1060587
baseline,931191
baseline,874323
baseline,946774
baseline,926998
baseline,835174
baseline,1015725
baseline,1134101
baseline,1181980
baseline,959610
baseline,856473
baseline,957117
baseline,870034
baseline,1029283
baseline,896696
baseline,1332033
baseline,1167013
baseline,1157493
baseline,1199503
baseline,870923
baseline,952340
baseline,823328
baseline,880044
baseline,827214
baseline,981996
baseline,825042
baseline,833322
baseline,900744
baseline,759833
baseline,889025
baseline,1067019
baseline,1071053
baseline,799894
baseline,1018482
baseline,989425
baseline,914412
baseline,965161
baseline,781280
baseline,973588
baseline,920810
baseline,1193837
baseline,936554
baseline,1191679
baseline,1075164
baseline,842206
baseline,850940
baseline,783492
baseline,1047210
baseline,825574
baseline,928936
baseline,1058497
baseline,967715
baseline,982018
baseline,910184
baseline,1019934
baseline,779131
baseline,1036965
baseline,1152398
baseline,890298
baseline,1183525
baseline,937531
baseline,1102063
baseline,1017240
baseline,1028819
baseline,1095873
baseline,1076573
baseline,1192013
baseline,1141572
baseline,1155827
baseline,1042248
baseline,1203043
baseline,1067217
baseline,1134915
baseline,1212004
baseline,1253439
baseline,1166269
baseline,998973
baseline,988380
baseline,1049496
baseline,754779
baseline,891591
baseline,1084618
baseline,1094500
baseline,875730
baseline,1363292
baseline,1099937
baseline,1057372
baseline,1105733
baseline,1027873
baseline,1044568
baseline,785620
baseline,715191
baseline,838279
baseline,1164226
baseline,1076968
baseline,904391
baseline,1118956
baseline,1010147
baseline,807452
baseline,995937
baseline,1143394
baseline,941106
baseline,1008797
baseline,1018270
baseline,914710
baseline,978663
baseline,962732
baseline,945378
baseline,1045701
baseline,1368862
baseline,885823
baseline,993792
baseline,718973
baseline,890388
baseline,1036248
baseline,1113816
baseline,886207
baseline,820545
baseline,835765
baseline,1102341
baseline,944957
baseline,964037
baseline,887575
baseline,1182403
baseline,932806
baseline,1127725
baseline,1148108
baseline,1162042
baseline,1070149
baseline,866419
baseline,1128437
baseline,1233565
baseline,1147906
baseline,1083057
baseline,962295
baseline,888801
baseline,1165769
baseline,803300
baseline,945907
baseline,879274
baseline,859059
baseline,893707
baseline,1121151
baseline,1122515
baseline,1140694
baseline,920497
baseline,702123
baseline,1018151
baseline,983350
baseline,936855
baseline,907572
baseline,778158
baseline,1136154
baseline,900775
baseline,784229
baseline,805927
baseline,1154731
baseline,792393
baseline,1012870
baseline,860209
baseline,1348823
baseline,867609
baseline,1010509
baseline,721243
baseline,953663
baseline,774037
baseline,1010143
baseline,784842
baseline,792654
baseline,830559
baseline,1069893
baseline,979246
baseline,986538
baseline,797226
baseline,858335
baseline,1149150
baseline,1211043
baseline,1270939
baseline,1228276
baseline,1217905
baseline,920311
baseline,995959
baseline,1184654
baseline,1170469
baseline,896608
baseline,1035316
baseline,1115824
baseline,1196140
baseline,1229060
baseline,1111518
baseline,842489
baseline,1135384
baseline,1266356
baseline,1114347
baseline,904397
baseline,1180248
baseline,850793
baseline,854206
baseline,909243
baseline,923876
baseline,701956
baseline,790640
baseline,885780
baseline,737658
baseline,728131
baseline,967590
baseline,927322
baseline,1130061
baseline,1282361
baseline,970266
baseline,891699
baseline,1143260
baseline,959787
baseline,1072033
baseline,871727
baseline,831994
baseline,1074016
baseline,902094
baseline,821095
baseline,940312
baseline,950007
baseline,875914
baseline,842272
baseline,858693
baseline,873192
baseline,1113674
baseline,1072322
baseline,1180988
baseline,902316
baseline,886327
baseline,1107382
baseline,1239205
baseline,1170954
baseline,1128415
baseline,897152
baseline,1070958
baseline,866514
baseline,845591
baseline,1055015
baseline,974864
baseline,963414
baseline,886012
baseline,935355
baseline,795610
baseline,934184
baseline,1078947
baseline,1051755
baseline,1172094
baseline,1056477
baseline,947633
baseline,1023248
baseline,1059995
baseline,1024572
baseline,1191985
baseline,986850
baseline,1199324
baseline,1080277
baseline,1102740
baseline,1053602
baseline,1101591
baseline,976065
baseline,935162
baseline,1121752
baseline,926957
baseline,962966
baseline,943586
baseline,1257310
baseline,956539
baseline,898635
baseline,841146
baseline,1008555
baseline,890235
baseline,904738
baseline,1057616
baseline,1069852
baseline,1039286
baseline,858205
baseline,921253
baseline,825776
baseline,1054626
baseline,1041009
baseline,1074101
baseline,925999
baseline,1108442
baseline,1038905
baseline,1158821
baseline,1133791
baseline,1175708
baseline,1241750
baseline,1083893
baseline,1177967
baseline,988568
baseline,764251
baseline,987731
baseline,1056094
baseline,789579
baseline,788220
baseline,1313194
baseline,820034
baseline,965132
baseline,882316
baseline,1085198
baseline,913619
baseline,991091
baseline,1068343
baseline,1005310
baseline,1088380
baseline,887239
baseline,886154
baseline,1370918
baseline,1072117
baseline,875993
baseline,851419
baseline,1061577
baseline,1117366
baseline,995176
baseline,848981
baseline,1152440
baseline,1119048
baseline,1200265
baseline,920185
baseline,871245
baseline,990783
baseline,962646
baseline,1042406
baseline,1060710
baseline,1056722
baseline,1059660
baseline,1236553
baseline,1019928
baseline,993323
baseline,1060467
baseline,933829
baseline,1097686
baseline,945728
baseline,1007396
baseline,980292
baseline,1016551
baseline,964618
baseline,1191438
baseline,993740
baseline,888084
baseline,954019
baseline,1250768
baseline,1142936
baseline,979536
baseline,753106
baseline,1147542
baseline,989339
baseline,962366
baseline,1167141
baseline,1125133
baseline,828530
baseline,934946
baseline,1101224
baseline,1118013
baseline,861579
baseline,993655
baseline,1030408
baseline,1269440
baseline,1078607
baseline,1109900
baseline,1042542
baseline,1098252
baseline,1109496
baseline,1058252
baseline,988412
baseline,880421
baseline,798902
baseline,884805
baseline,969611
baseline,802678
baseline,1108680
baseline,985026
baseline,926169
baseline,883699
baseline,990512
baseline,906278
baseline,928072
baseline,758264
baseline,924809
baseline,1060693
baseline,1084375
baseline,1069762
baseline,980083
baseline,937187
baseline,882661
baseline,880888
baseline,1035031
baseline,1134623
baseline,1213487
baseline,1141956
baseline,1017820
baseline,1084755
baseline,1070075
baseline,946554
baseline,918622
baseline,1121755
baseline,938438
baseline,870427
baseline,904591
baseline,1080475
baseline,1080431
baseline,966074
baseline,885224
baseline,873966
baseline,1237260
baseline,1020382
baseline,1137010
baseline,898557
baseline,764835
baseline,912753
baseline,935403
baseline,1363377
baseline,1128954
baseline,974582
baseline,975323
baseline,1222148
baseline,1234840
baseline,1138856
baseline,1052111
baseline,1206481
baseline,990593
baseline,975529
baseline,1227695
baseline,1061248
baseline,1002982
baseline,1106600
baseline,1048150
baseline,977180
baseline,911731
baseline,927400
baseline,839149
baseline,793136
baseline,712328
baseline,991428
baseline,985022
baseline,999204
baseline,900378
baseline,906818
baseline,1018287
baseline,871626
baseline,1026077
baseline,959905
baseline,920442
baseline,1160758
baseline,1074849
baseline,938602
baseline,1078854
baseline,883355
baseline,922160
baseline,1233494
baseline,944474
baseline,1065393
baseline,1031187
baseline,948394
baseline,1064572
baseline,1501187
baseline,1050111
baseline,965942
baseline,888699
baseline,915853
baseline,1030013
baseline,943301
baseline,901606
baseline,1138563
baseline,1061273
baseline,1091998
baseline,1024483
baseline,823780
baseline,818143
baseline,806471
baseline,748000
baseline,830840
baseline,949220
baseline,680054
baseline,1031050
baseline,1077958
baseline,1126149
baseline,1079238
baseline,1171807
baseline,970177
baseline,1094690
baseline,964882
baseline,815721
baseline,1033831
baseline,1132305
baseline,1060723
baseline,1220500
baseline,913245
baseline,768954
baseline,964601
baseline,740922
baseline,852143
baseline,940259
baseline,961400
baseline,943487
baseline,1004198
baseline,1007104
baseline,850109
baseline,886630
baseline,889516
baseline,1110798
baseline,1283625
baseline,1144803
baseline,1189626
baseline,879624
baseline,808320
baseline,1044102
baseline,1062473
baseline,1151319
baseline,795362
baseline,969013
baseline,913987
baseline,1014793
baseline,1108066
baseline,1062134
baseline,1150138
baseline,1014681
baseline,1044384
baseline,1176313
baseline,1235870
baseline,967006
baseline,1132001
baseline,791657
baseline,1129913
baseline,1037954
baseline,1241574
baseline,1159483
baseline,1107947
baseline,1039144
baseline,1005659
baseline,1000992
baseline,918756
baseline,1013986
baseline,1193074
baseline,990950
baseline,1070461
baseline,1101729
baseline,946899
baseline,1201941
baseline,969853
baseline,1082720
baseline,1076607
baseline,1125941
baseline,954039
baseline,943582
baseline,1261755
baseline,993864
baseline,1179202
baseline,1054233
baseline,1285352
baseline,939754
baseline,1113634
baseline,1222861
baseline,1066517
baseline,1036943
baseline,869605
baseline,1037910
baseline,1046143
baseline,1045802
baseline,1022441
baseline,1007970
baseline,1105976
baseline,855277
baseline,1206670
baseline,1275379
baseline,910585
baseline,960685
baseline,887991
baseline,1162882
baseline,1148819
baseline,1111218
baseline,1217091
baseline,882907
baseline,1089401
baseline,935189
baseline,906452
baseline,958945
baseline,1064058
baseline,880047
baseline,1035199
baseline,958323
baseline,919297
baseline,882207
baseline,926868
baseline,1035320
baseline,846858
baseline,1200051
baseline,1202744
baseline,1000146
baseline,1123694
baseline,1042071
baseline,1267170
baseline,1039945
baseline,1172474
baseline,1025515
baseline,956766
baseline,902308
baseline,870242
baseline,933229
baseline,859994
baseline,753397
baseline,786233
baseline,1025953
baseline,773251
baseline,717462
baseline,889332
baseline,942314
baseline,1277825
baseline,1089093
baseline,865776
baseline,961629
baseline,1003865
baseline,1003198
baseline,920463
baseline,931068
baseline,1039009
baseline,973303
baseline,732798
baseline,889663
baseline,802020
baseline,844201
baseline,1166998
baseline,1126016
baseline,918096
baseline,927820
baseline,1081756
baseline,986860
baseline,928062
baseline,972847
baseline,932959
baseline,875541
baseline,1042280
baseline,1011865
baseline,745392
baseline,610296
baseline,825903
baseline,1025790
baseline,896522
baseline,830069
baseline,717722
baseline,922343
baseline,1075087
baseline,1041184
baseline,1424083
baseline,1078172
baseline,1198766
baseline,946554
baseline,932151
baseline,1059294
baseline,1034461
baseline,910887
baseline,903601
baseline,806130
baseline,857811
baseline,861107
baseline,1140216
baseline,1007545
baseline,748774
baseline,816330
baseline,822589
baseline,966589
baseline,910229
baseline,896046
baseline,1013761
baseline,1026835
baseline,920455
baseline,1108197
baseline,1291806
baseline,1272107
baseline,1167675
baseline,963408
baseline,1126657
baseline,967340
baseline,1107207
baseline,993868
baseline,985196
baseline,1215751
baseline,945200
baseline,968261
baseline,1047586
baseline,860982
baseline,1210559
baseline,963205
baseline,990799
baseline,1250503
baseline,1112977
baseline,885566
baseline,1045015
baseline,1036861
baseline,963116
baseline,821415
baseline,957095
baseline,864203
baseline,937588
baseline,787021
baseline,790095
baseline,1121536
baseline,752754
baseline,910202
baseline,824507
baseline,912530
baseline,1139983
baseline,1105354
baseline,1107908
baseline,992956
baseline,1253963
baseline,956659
baseline,889445
baseline,1065390
baseline,1096690
baseline,1197414
baseline,908652
baseline,976469
baseline,1053985
baseline,949056
baseline,910530
baseline,854954
baseline,1045959
baseline,874691
baseline,871138
baseline,678782
baseline,808743
baseline,1069545
baseline,968358
baseline,902049
baseline,954033
baseline,1117288
baseline,897463
baseline,869232
baseline,998177
baseline,1384260
baseline,920934
baseline,878973
baseline,1167125
baseline,955491
baseline,1039938
baseline,1166659
baseline,1037320
baseline,872631
baseline,1159276
baseline,1051067
baseline,1064111
baseline,909100
baseline,914533
baseline,1186917
baseline,1116609
baseline,1153905
baseline,1140184
baseline,902927
baseline,1135610
baseline,969855
baseline,956790
baseline,895755
baseline,838390
baseline,1094999
baseline,1063056
baseline,851506
baseline,855541
baseline,1014727
baseline,978503
baseline,1186675
baseline,1130871
baseline,1299180
baseline,957600
baseline,1187354
baseline,1147848
baseline,1071812
baseline,1090865
baseline,982250
baseline,1076660
baseline,908651
baseline,1084888
baseline,992465
baseline,924426
baseline,953649
baseline,1038642
baseline,1030823
baseline,979688
baseline,895595
baseline,967754
baseline,976135
baseline,931353
baseline,1038941
baseline,1098337
baseline,979816
baseline,940297
baseline,1066053
baseline,663906
baseline,1123205
baseline,868983
baseline,674295
baseline,969592
baseline,804333
baseline,800146
baseline,1050822
baseline,984487
baseline,860586
baseline,859411
baseline,1022234
baseline,1109630
baseline,778808
baseline,914749
baseline,1010944
baseline,938269
baseline,1100634
baseline,868142
baseline,833497
baseline,1069373
baseline,1021940
baseline,1023058
baseline,1031463
baseline,1039494
baseline,934983
baseline,900533
baseline,988065
baseline,863098
baseline,1201306
baseline,951837
baseline,946610
baseline,1013096
baseline,1085558
baseline,930600
baseline,962323
baseline,939760
baseline,1221811
baseline,901927
baseline,980868
baseline,1038260
baseline,1033491
baseline,737847
baseline,1039407
baseline,1081133
baseline,1172279
baseline,983303
baseline,959359
baseline,1073068
baseline,1263886
baseline,1064589
baseline,1085654
baseline,997809
baseline,1044747
baseline,977625
baseline,1010273
baseline,1068164
baseline,848428
baseline,945428
baseline,929302
baseline,792319
baseline,1238321
baseline,879653
baseline,1154490
baseline,1118635
baseline,1086553
baseline,1052831
baseline,933001
baseline,911642
baseline,879279
baseline,877846
baseline,1101362
baseline,979880
baseline,1206788
baseline,1187459
baseline,1382746
baseline,874803
baseline,978179
baseline,997026
baseline,955466
baseline,881401
baseline,813489
baseline,770761
baseline,889691
baseline,813411
baseline,959688
baseline,877730
baseline,895220
baseline,1112889
baseline,724455
baseline,926580
baseline,1177156
baseline,1200218
baseline,928411
baseline,889888
baseline,914756
baseline,1048726
baseline,1028376
baseline,1092183
baseline,1021104
baseline,1007574
baseline,715104
baseline,946171
baseline,910369
baseline,858078
baseline,889083
baseline,1037291
baseline,1061090
baseline,1078974
baseline,1098888
baseline,1134679
baseline,1150811
baseline,881140
baseline,1075636
baseline,1099283
baseline,982522
baseline,1127561
baseline,1141917
baseline,848465
baseline,803506
baseline,1081675
baseline,1302910
baseline,912929
baseline,1100665
baseline,984041
baseline,879076
baseline,1102525
baseline,994602
baseline,932347
baseline,802018
baseline,994354
baseline,1168136
baseline,751215
baseline,1019298
baseline,1039393
baseline,1214627
baseline,917914
baseline,1148822
baseline,1272388
baseline,998131
baseline,885441
baseline,770067
baseline,920278
baseline,1018662
baseline,1315276
baseline,1000801
baseline,1322478
baseline,1101765
baseline,1199204
baseline,905080
baseline,812964
baseline,1088413
baseline,1027993
baseline,1359965
baseline,1152819
baseline,1037651
baseline,1159423
baseline,942604
baseline,835953
baseline,1123893
baseline,944410
baseline,734472
baseline,888202
baseline,702551
baseline,1019867
baseline,831768
baseline,930532
baseline,1179997
baseline,995463
baseline,1179085
baseline,1009186
baseline,1123545
baseline,1145721
baseline,1081285
baseline,1046891
baseline,1329510
baseline,1514980
baseline,975379
baseline,882453
baseline,982974
baseline,1074404
baseline,990193
baseline,823097
baseline,748588
baseline,868407
baseline,770839
baseline,945595
baseline,858561
baseline,930840
baseline,848674
baseline,703603
baseline,995232
baseline,978373
baseline,1094476
baseline,826451
baseline,875305
baseline,987576
baseline,810287
baseline,1067629
baseline,1024663
baseline,871167
baseline,831340
baseline,869686
baseline,1049576
baseline,1030763
baseline,988129
baseline,1165911
baseline,1231257
baseline,962582
baseline,952135
baseline,985294
baseline,1029637
baseline,935305
baseline,1372460
baseline,860335
baseline,1135464
baseline,1022622
baseline,1116937
baseline,1039813
baseline,841548
baseline,1214752
baseline,1550147
baseline,963857
baseline,984501
baseline,829428
baseline,904556
baseline,1064391
baseline,994962
baseline,1045339
baseline,860703
baseline,717020
baseline,1000060
baseline,1093292
baseline,935492
baseline,833130
baseline,945745
baseline,1100707
baseline,955743
baseline,791197
baseline,1112836
baseline,1003142
baseline,1084307
baseline,1301055
baseline,1065898
baseline,1016764
baseline,1274187
baseline,1074414
baseline,1207397
baseline,1293995
baseline,851454
baseline,778112
baseline,1014830
baseline,1086676
baseline,950257
baseline,1274745
baseline,1153804
baseline,1095456
baseline,968730
baseline,829596
baseline,1019406
baseline,974129
baseline,776536
baseline,875954
baseline,955181
baseline,825829
baseline,1237743
baseline,1018834
baseline,1027920
baseline,925102
baseline,755345
baseline,722124
baseline,740113
baseline,784673
baseline,829630
baseline,950805
baseline,772809
baseline,959237
baseline,786803
baseline,1012047
baseline,997186
baseline,1004668
baseline,1139350
baseline,1061505
baseline,822661
baseline,1069749
baseline,923217
baseline,913991
baseline,1063237
baseline,1086545
baseline,904711
baseline,858383
baseline,820407
baseline,876936
baseline,856079
baseline,1219031
baseline,991758
baseline,1201922
baseline,1151686
baseline,997253
baseline,993182
baseline,1061274
baseline,1042667
baseline,1120359
baseline,822088
baseline,922259
baseline,852762
baseline,885513
baseline,1046075
baseline,949030
baseline,997446
baseline,1170380
baseline,1323555
baseline,1072640
baseline,912803
baseline,1019060
baseline,1119158
baseline,1203612
baseline,880973
baseline,814589
baseline,1147036
baseline,933899
baseline,857466
baseline,1167945
baseline,1159053
baseline,704942
baseline,713545
baseline,881716
baseline,1166223
baseline,1119388
baseline,1157431
baseline,1067765
baseline,799055
baseline,877316
baseline,945674
baseline,1135349
baseline,1249464
baseline,890353
baseline,911872
baseline,942159
baseline,866556
baseline,925145
baseline,762132
baseline,903267
baseline,937959
baseline,900531
baseline,1034677
baseline,934478
baseline,838099
baseline,1017137
baseline,911291
baseline,923167
baseline,971841
baseline,1002329
baseline,1212510
baseline,941827
baseline,791736
baseline,834393
baseline,969016
baseline,1123422
baseline,1022784
baseline,898743
baseline,901775
baseline,1007165
baseline,1133254
baseline,690374
baseline,750990
baseline,751036
baseline,901874
baseline,1134237
baseline,818327
baseline,721150
baseline,982723
baseline,887813
baseline,948580
baseline,874994
baseline,838241
baseline,936373
baseline,913654
baseline,697523
baseline,874759
baseline,996185
baseline,1250844
baseline,981124
baseline,1010870
baseline,1179804
baseline,841582
baseline,923791
baseline,1330856
baseline,1182868
baseline,713365
baseline,984012
baseline,870956
baseline,1082108
baseline,766427
baseline,907700
baseline,935483
baseline,1143111
baseline,1059002
baseline,895237
baseline,827984
baseline,950988
baseline,1065612
baseline,725760
baseline,917465
baseline,942049
baseline,872867
baseline,925014
baseline,1110110
baseline,951354
baseline,1180273
baseline,1270316
baseline,989977
baseline,974688
baseline,1154336
baseline,998591
baseline,973404
baseline,1056107
baseline,1118906
baseline,1236082
baseline,1296997
baseline,978716
baseline,1123402
baseline,987360
baseline,770414
baseline,986483
baseline,961077
baseline,1095341
baseline,1188337
baseline,1114201
baseline,879686
baseline,1064150
baseline,1074972
baseline,943471
baseline,1079652
baseline,1169180
baseline,1312041
baseline,1049684
baseline,1292825
baseline,1139352
baseline,1099070
baseline,1252236
baseline,1004766
baseline,1150014
baseline,1110840
baseline,944914
baseline,1167999
baseline,1036156
baseline,1153090
baseline,1139476
baseline,943981
baseline,1126937
baseline,1054478
baseline,1124938
baseline,965964
baseline,1195377
baseline,1152220
baseline,1285741
baseline,1326794
baseline,1190478
baseline,1029660
baseline,996872
baseline,1220447
baseline,1202444
baseline,932200
baseline,1111360
baseline,1062156
baseline,1192044
baseline,844567
baseline,1003697
baseline,1032201
baseline,1022996
baseline,1015077
baseline,875596
baseline,904479
baseline,956630
baseline,889414
baseline,1063938
baseline,1267479
baseline,971195
baseline,1200957
baseline,868235
baseline,988780
baseline,882023
baseline,962835
baseline,843046
baseline,868348
baseline,1152426
baseline,1036450
baseline,1246265
baseline,913174
baseline,942782
baseline,843635
baseline,925731
baseline,927505
baseline,892947
baseline,832717
baseline,954833
baseline,1254288
baseline,1203150
baseline,1206247
baseline,861091
baseline,979386
baseline,932282
baseline,1127355
baseline,920410
baseline,904780
baseline,1159114
baseline,1014400
baseline,865362
baseline,866703
baseline,956525
baseline,880861
baseline,835393
baseline,865050
baseline,722972
baseline,944941
baseline,1108698
baseline,980119
baseline,876394
baseline,875221
baseline,1103556
baseline,1085079
baseline,1111186
baseline,1002023
baseline,972624
baseline,845601
baseline,821718
baseline,921655
baseline,1003380
baseline,945286
baseline,975031
baseline,1103110
baseline,1152024
baseline,1079268
baseline,937597
baseline,1105887
baseline,1074093
baseline,1152861
baseline,1134874
baseline,975750
baseline,1026324
baseline,1243884
baseline,1008150
baseline,1079833
baseline,942829
baseline,838151
baseline,1112122
baseline,1087384
baseline,1153982
baseline,923270
baseline,882756
baseline,1132532
baseline,910753
baseline,1039242
baseline,928469
baseline,875610
baseline,1101190
baseline,909963
baseline,1080838
baseline,787210
baseline,967908
baseline,1015310
baseline,906476
baseline,837681
baseline,1118335
baseline,908381
baseline,902136
baseline,844749
baseline,1020506
baseline,893430
baseline,874709
baseline,974373
baseline,902589
baseline,1091696
baseline,1089689
baseline,1246858
baseline,1052430
baseline,1052369
baseline,990185
baseline,1325274
baseline,978080
baseline,1304819
baseline,1126803
baseline,1093527
baseline,764392
baseline,1097791
baseline,1057519
baseline,1014125
baseline,1024130
baseline,932819
baseline,1190294
baseline,977493
baseline,834860
baseline,1146555
baseline,1085669
baseline,940222
baseline,1213627
baseline,878734
baseline,800971
baseline,1027229
baseline,857325
baseline,951412
baseline,759422
baseline,994949
baseline,964490
baseline,939595
baseline,1225522
baseline,835373
baseline,1076906
baseline,718574
baseline,1018331
baseline,895024
baseline,813710
baseline,890649
baseline,871693
baseline,787442
baseline,731982
baseline,960220
baseline,1096224
baseline,1038202
baseline,896459
baseline,1055901
baseline,888746
baseline,923692
baseline,977658
baseline,893001
baseline,683063
baseline,775333
baseline,900221
baseline,763013
baseline,898438
baseline,1174176
baseline,1060451
baseline,1000389
baseline,1058317
baseline,901038
baseline,1036363
baseline,1184714
baseline,862080
baseline,834717
baseline,831469
baseline,881289
baseline,960522
baseline,837906
baseline,1051838
baseline,1271845
baseline,1260787
baseline,1094437
baseline,1005029
baseline,933861
baseline,875103
baseline,956079
baseline,1142700
baseline,960374
baseline,1042943
baseline,1099965
baseline,853764
baseline,914598
baseline,806015
baseline,1049487
baseline,1154887
baseline,892486
baseline,882291
baseline,1063033
baseline,1158263
baseline,912157
baseline,933013
baseline,977493
baseline,908911
baseline,1011427
baseline,867417
baseline,1259217
baseline,874135
baseline,1091617
baseline,1292356
baseline,1214462
baseline,1004277
baseline,1069437
baseline,979425
baseline,1043774
baseline,920481
baseline,1184726
baseline,911414
baseline,965323
baseline,1056101
baseline,974498
baseline,869614
baseline,1108203
baseline,833818
baseline,877531
baseline,988308
baseline,1051288
baseline,982542
baseline,1156360
baseline,842017
baseline,862406
baseline,909903
baseline,863487
baseline,822582
baseline,990940
baseline,989160
baseline,1063950
baseline,1205265
baseline,974906
baseline,1220726
baseline,874200
baseline,979000
baseline,1028037
baseline,823195
baseline,813516
baseline,990917
baseline,1085117
baseline,1038401
baseline,1030348
baseline,1064182
baseline,1081719
baseline,1156417
baseline,991595
baseline,841223
baseline,1129771
baseline,839893
baseline,1186140
baseline,1044769
baseline,1209563
baseline,828270
baseline,1032386
baseline,863125
baseline,898230
baseline,961312
baseline,1153167
baseline,965431
baseline,1219478
baseline,1087081
baseline,957984
baseline,1206207
baseline,1051230
baseline,1205196
baseline,1207727
baseline,1172501
baseline,879507
baseline,1351990
baseline,957054
baseline,732531
baseline,1191444
baseline,1049926
baseline,1116861
baseline,1018656
baseline,911041
baseline,1181196
baseline,950460
baseline,955800
baseline,1211787
baseline,987430
baseline,964592
baseline,1160707
baseline,883611
baseline,1122993
baseline,971921
baseline,1089183
baseline,1061207
baseline,910540
baseline,963801
baseline,1037613
baseline,840633
baseline,900163
baseline,802113
baseline,981744
baseline,939961
baseline,878653
baseline,909043
baseline,819207
baseline,1102261
baseline,884292
baseline,840388
baseline,836746
baseline,687022
baseline,988382
baseline,912138
baseline,1118426
baseline,973339
baseline,925683
baseline,706648
baseline,1041768
baseline,999344
baseline,851936
baseline,874615
baseline,938411
baseline,1119422
baseline,989560
baseline,896573
baseline,968528
baseline,999823
baseline,1200936
baseline,1074000
baseline,683216
baseline,1084211
baseline,1271939
baseline,1183863
baseline,1181994
baseline,1122688
baseline,1041084
baseline,1005156
baseline,1113917
baseline,963557
baseline,1286163
baseline,996223
baseline,1022956
baseline,839454
baseline,1036979
baseline,1070827
baseline,827247
baseline,863436
baseline,913948
baseline,839902
baseline,957270
baseline,998521
baseline,1100971
baseline,852753
baseline,1040550
baseline,879094
baseline,777904
baseline,890002
baseline,920212
baseline,694171
baseline,847771
baseline,872452
baseline,904125
baseline,780513
baseline,929610
baseline,760230
baseline,908897
baseline,1001319
baseline,843674
baseline,951110
baseline,981856
baseline,937965
baseline,851564
baseline,1326721
baseline,1119427
baseline,896033
baseline,921842
baseline,983886
baseline,1195688
baseline,1092219
baseline,1266376
baseline,1357156
baseline,1011830
baseline,1123364
baseline,1433675
baseline,1256015
baseline,1172535
baseline,1222958
baseline,1132900
baseline,976776
baseline,888078
baseline,999906
baseline,965364
baseline,1192778
baseline,1059529
baseline,1134368
baseline,1022811
baseline,1021933
baseline,807051
baseline,978801
baseline,899318
baseline,1065765
baseline,884113
baseline,720414
baseline,985553
baseline,959248
baseline,937733
baseline,1022513
baseline,1131072
baseline,1127935
baseline,936234
baseline,967872
baseline,823990
baseline,804122
baseline,949976
baseline,876501
baseline,942937
baseline,733570
baseline,886348
baseline,950141
baseline,911854
baseline,809542
baseline,940205
baseline,955820
baseline,1051099
baseline,1071140
baseline,950176
baseline,1092811
baseline,944898
baseline,905357
baseline,786135
baseline,790084
baseline,956029
baseline,693937
baseline,1087729
baseline,876473
baseline,996968
baseline,958306
baseline,895157
baseline,1132901
baseline,1197173
baseline,996109
baseline,839206
baseline,983260
baseline,1061920
baseline,1081770
baseline,899939
baseline,1342442
baseline,1220804
baseline,779949
baseline,869516
baseline,906857
baseline,966146
baseline,871778
baseline,883622
baseline,996846
baseline,961670
baseline,1056609
baseline,914231
baseline,874029
baseline,956359
baseline,958722
baseline,908188
baseline,956122
baseline,954815
baseline,815871
baseline,1024691
baseline,1119437
baseline,896405
baseline,1178419
baseline,1083785
baseline,1062971
baseline,1084292
baseline,876496
baseline,767091
baseline,977122
baseline,995009
baseline,1066064
baseline,1071063
baseline,839882
baseline,984884
baseline,985725
baseline,997954
baseline,939678
baseline,1013690
baseline,960870
baseline,964037
baseline,1005142
baseline,1015083
baseline,1429643
baseline,1284425
baseline,1035783
baseline,1482603
baseline,1001439
baseline,1216278
baseline,1277285
baseline,1071213
baseline,1102286
baseline,1209015
baseline,934898
baseline,1068677
baseline,776624
baseline,1084246
baseline,965622
baseline,917775
baseline,916548
baseline,1280501
baseline,1305064
baseline,920745
baseline,983215
baseline,941401
baseline,971083
baseline,1007233
baseline,928433
baseline,921479
baseline,901260
baseline,821022
baseline,826849
baseline,1036736
baseline,924267
baseline,1215564
baseline,1182447
baseline,900161
baseline,961092
baseline,1073944
baseline,1044893
baseline,1152650
baseline,1018144
baseline,1068224
baseline,1012154
baseline,1127809
baseline,1031123
baseline,960832
baseline,910011
baseline,1057840
baseline,1349970
baseline,1186326
baseline,1265743
baseline,909814
baseline,975927
baseline,1078511
baseline,1198745
baseline,1018346
baseline,1008098
baseline,871685
baseline,1004986
baseline,1155715
baseline,964970
baseline,754478
baseline,1028087
baseline,1205870
baseline,1032617
baseline,898205
baseline,756365
baseline,919575
baseline,935010
baseline,826225
baseline,1147023
baseline,1194174
baseline,883658
baseline,838907
baseline,965548
baseline,807130
baseline,1066191
baseline,1039635
baseline,726790
baseline,755861
baseline,840583
baseline,956172
baseline,1185345
baseline,938458
baseline,1213752
baseline,989983
baseline,1179131
baseline,1051549
baseline,1141897
baseline,1016462
baseline,1082471
baseline,985599
baseline,963038
baseline,1273629
baseline,945708
baseline,1295802
baseline,895359
baseline,1086086
baseline,941979
baseline,1199494
baseline,1116191
baseline,888260
baseline,942502
baseline,1029315
baseline,886457
baseline,1001301
baseline,1090659
baseline,1216922
baseline,1041265
baseline,877207
baseline,1057152
baseline,900827
baseline,944362
baseline,865768
baseline,1169101
baseline,1117368
baseline,1068197
baseline,985229
baseline,1032051
baseline,745945
baseline,849256
baseline,805875
baseline,943609
baseline,785312
baseline,1068558
baseline,1124280
baseline,714573
baseline,841049
baseline,1070765
baseline,842565
baseline,947407
baseline,1015109
baseline,1328204
baseline,1012591
baseline,1063672
baseline,1017339
baseline,998732
baseline,1173063
baseline,1072580
baseline,1125080
baseline,1044561
baseline,1184602
baseline,912897
baseline,957701
baseline,1270734
baseline,1070306
baseline,1032066
baseline,935105
baseline,883226
baseline,943405
baseline,787407
baseline,1022347
baseline,1048975
baseline,872984
baseline,957512
baseline,972069
baseline,1228121
baseline,1170721
baseline,865920
baseline,831961
baseline,938648
baseline,1073846
baseline,1175972
baseline,1360271
baseline,1130072
baseline,995381
baseline,908231
baseline,930391
baseline,998998
baseline,988134
baseline,967842
baseline,1131413
baseline,803418
baseline,1000938
baseline,1045936
baseline,1024345
baseline,1288658
baseline,1120745
baseline,1179668
baseline,1080565
baseline,899111
baseline,983567
baseline,798183
baseline,946524
baseline,1075330
baseline,1158378
baseline,1052743
baseline,1030374
baseline,1003856
baseline,820507
baseline,891549
baseline,1064177
baseline,834369
baseline,1078211
baseline,899508
baseline,1130349
baseline,1166726
baseline,1220888
baseline,1161248
baseline,1145073
baseline,753232
baseline,1108853
baseline,934925
baseline,916618
baseline,917882
baseline,924451
baseline,854786
baseline,1036433
baseline,1165475
baseline,887409
baseline,988338
baseline,1105813
baseline,911612
baseline,1113610
baseline,1318056
baseline,909154
baseline,729608
baseline,1092120
baseline,1180342
baseline,1244928
baseline,1077590
baseline,976851
baseline,1080069
baseline,1180139
baseline,1240912
baseline,1055045
baseline,794767
baseline,875808
baseline,853385
baseline,982859
baseline,702332
baseline,896347
baseline,858661
baseline,928627
baseline,874572
baseline,726761
baseline,1134212
baseline,1107338
baseline,954658
baseline,1015227
baseline,890677
baseline,1213858
baseline,917050
baseline,815005
baseline,799260
baseline,829521
baseline,750738
baseline,730459
baseline,843847
baseline,1011243
baseline,960083
baseline,762568
baseline,698404
baseline,932935
baseline,841504
baseline,945685
baseline,977586
baseline,1134166
baseline,1062312
baseline,847376
baseline,809828
baseline,1035927
baseline,1001246
baseline,927859
baseline,1007655
baseline,984342
baseline,1138030
baseline,934607
baseline,1072205
baseline,911275
baseline,933682
baseline,928693
baseline,999473
baseline,1033260
baseline,908049
baseline,936228
baseline,744387
baseline,1124691
baseline,940714
baseline,1216205
baseline,1042894
baseline,968305
baseline,1090677
baseline,1022861
baseline,970244
baseline,1021224
baseline,1061472
baseline,1038038
baseline,1348280
baseline,1122262
baseline,1056467
baseline,1238163
baseline,1052759
baseline,1185151
baseline,987434
baseline,1124709
baseline,989154
baseline,967915
baseline,1096311
baseline,1005582
baseline,994405
baseline,850443
baseline,1185694
baseline,994131
baseline,988813
baseline,1147295
baseline,821779
baseline,953935
baseline,871146
baseline,1044017
baseline,950660
baseline,1208131
baseline,1061978
baseline,901892
baseline,954240
baseline,1023451
baseline,1177732
baseline,998547
baseline,900865
baseline,912887
baseline,1126889
baseline,774590
baseline,900525
baseline,1023113
baseline,961871
baseline,911743
baseline,907683
baseline,1105914
baseline,1211543
baseline,995929
baseline,1086074
baseline,1141549
baseline,931357
baseline,979569
baseline,1136306
baseline,958348
baseline,1261107
baseline,1385213
baseline,1172375
baseline,1266721
baseline,988487
baseline,944991
baseline,1041766
baseline,1107123
baseline,1107359
baseline,915443
baseline,1258435
baseline,1245062
baseline,970582
baseline,1090294
baseline,1255409
baseline,925505
baseline,965676
baseline,906043
baseline,1009642
baseline,969264
baseline,1106730
baseline,1128048
baseline,859170
baseline,822617
baseline,861547
baseline,1079729
baseline,914537
baseline,809794
baseline,888093
baseline,981089
baseline,956848
baseline,1048380
baseline,1005201
baseline,913429
baseline,1062658
baseline,1017579
baseline,1171111
baseline,1063246
baseline,908101
baseline,979267
baseline,934937
baseline,691465
baseline,786342
baseline,1057212
baseline,1008231
baseline,1066191
baseline,1031678
baseline,944767
baseline,804515
baseline,1069932
baseline,852887
baseline,1167492
baseline,1011927
baseline,858150
baseline,868789
baseline,984185
baseline,896997
baseline,777805
baseline,886603
baseline,792579
baseline,882854
baseline,829948
baseline,624265
baseline,1081894
baseline,1070452
baseline,685559
baseline,1109657
baseline,971508
baseline,921507
baseline,1235945
baseline,1048539
baseline,930890
baseline,1205678
baseline,1166502
baseline,913333
baseline,1100502
baseline,1126615
baseline,1138844
baseline,1132822
baseline,952511
baseline,709816
baseline,932365
baseline,1248696
baseline,1002170
baseline,871777
baseline,1019896
baseline,1066806
baseline,1358413
baseline,1444928
baseline,994429
baseline,1117072
baseline,1026903
baseline,1169493
baseline,917763
baseline,966508
baseline,788741
baseline,1052665
baseline,682437
baseline,814269
baseline,977451
baseline,1001752
baseline,991406
baseline,955780
baseline,875556
baseline,1075655
baseline,969600
baseline,1150552
baseline,1088368
baseline,934271
baseline,774756
baseline,886668
baseline,1235245
baseline,1084018
baseline,835931
baseline,855544
baseline,821343
baseline,1042772
baseline,971719
baseline,861154
baseline,1034355
baseline,1089572
baseline,1026341
baseline,1050405
baseline,913596
baseline,938605
baseline,921573
baseline,840292
baseline,944340
baseline,949434
baseline,1097484
baseline,928442
baseline,943928
baseline,1117426
baseline,1345880
baseline,1098490
baseline,1038337
baseline,948755
baseline,868880
baseline,930588
baseline,902057
baseline,1076567
baseline,930773
baseline,1085579
baseline,1174881
baseline,1222606
baseline,1082600
baseline,1175980
baseline,1062896
baseline,1049053
baseline,1042797
baseline,921349
baseline,730660
baseline,772314
baseline,985202
baseline,1185856
baseline,1220898
baseline,1015096
baseline,945800
baseline,1437302
baseline,930976
baseline,956523
baseline,1025576
baseline,1183559
baseline,1080318
baseline,1187672
baseline,1081482
baseline,858818
baseline,942243
baseline,962823
baseline,912870
baseline,1032340
baseline,842641
baseline,847327
baseline,794169
baseline,788935
baseline,999983
baseline,929899
baseline,1061095
baseline,1173297
baseline,1039395
baseline,846081
baseline,993543
baseline,1050321
baseline,1364635
baseline,898349
baseline,1196741
baseline,898103
baseline,1125547
baseline,977698
baseline,984520
baseline,1256920
baseline,1152247
baseline,888056
baseline,879406
baseline,899819
baseline,973464
baseline,840306
baseline,760190
baseline,818231
baseline,922335
baseline,805207
baseline,1063706
baseline,760841
baseline,832621
baseline,1290911
baseline,1060420
baseline,1014435
baseline,927928
baseline,1001363
baseline,973236
baseline,1010631
baseline,738025
baseline,868313
baseline,1075810
baseline,1014141
baseline,1043221
baseline,993471
baseline,820708
baseline,757705
baseline,822404
baseline,1084240
baseline,770552
baseline,935748
baseline,814780
baseline,1118858
baseline,900022
baseline,802150
baseline,792539
baseline,881604
baseline,942330
baseline,1118859
baseline,1013354
baseline,980305
baseline,1033217
baseline,1138059
baseline,1064434
baseline,901410
baseline,972142
baseline,1025118
baseline,785755
baseline,845340
baseline,806766
baseline,896717
baseline,1099593
baseline,913926
baseline,843135
baseline,910848
baseline,989987
baseline,794538
baseline,1059282
baseline,1012833
baseline,919609
baseline,1126054
baseline,1055869
baseline,1226706
baseline,837511
baseline,914591
baseline,987054
baseline,1102951
baseline,1201306
baseline,1000641
baseline,697722
baseline,1106107
baseline,1360691
baseline,1214801
baseline,1022378
baseline,1137598
baseline,883398
baseline,1083901
baseline,1212710
baseline,1108422
baseline,1226541
baseline,1039524
baseline,1032295
baseline,861438
baseline,1083477
baseline,879005
baseline,882036
baseline,895517
baseline,1060814
baseline,1229207
baseline,862800
baseline,864874
baseline,797528
baseline,1051264
baseline,776994
baseline,979908
baseline,1030393
baseline,1019423
baseline,972246
baseline,885200
baseline,911323
baseline,900665
baseline,815979
baseline,902785
baseline,937693
baseline,889439
baseline,1061793
baseline,880513
baseline,988781
baseline,1144450
baseline,1089870
baseline,747779
baseline,731658
baseline,889797
baseline,1190250
baseline,939968
baseline,913739
baseline,794635
baseline,884392
baseline,808910
baseline,856045
baseline,804463
baseline,986546
baseline,920102
baseline,839589
baseline,947828
baseline,1074686
baseline,1154685
baseline,1055580
baseline,1059064
baseline,878206
baseline,901396
baseline,1142883
baseline,1175397
baseline,1052184
baseline,999749
baseline,877043
baseline,1276166
baseline,958609
baseline,1289512
baseline,1119623
baseline,984601
baseline,961935
baseline,974987
baseline,940700
baseline,970066
baseline,1102119
baseline,1117481
baseline,907771
baseline,959281
baseline,907507
baseline,826295
baseline,910730
baseline,929828
baseline,1044585
baseline,1061379
baseline,957705
baseline,876760
baseline,790273
baseline,892776
baseline,933833
baseline,942859
baseline,1053492
baseline,988942
baseline,884854
baseline,829590
baseline,860437
baseline,994206
baseline,734053
baseline,819447
baseline,806978
baseline,961014
baseline,1032405
baseline,1062060
baseline,987657
baseline,1408059
baseline,732027
baseline,1079215
baseline,892795
baseline,839672
baseline,927722
baseline,833018
baseline,680266
baseline,916058
baseline,916016
baseline,1147089
baseline,1148948
baseline,782733
baseline,1100791
baseline,971928
baseline,887018
baseline,1015023
baseline,1124645
baseline,1108429
baseline,1313155
baseline,1211711
baseline,1013360
baseline,1095736
baseline,943950
baseline,822027
baseline,750681
baseline,687434
baseline,969390
baseline,1008551
baseline,980876
baseline,932924
baseline,1129921
baseline,988297
baseline,1228473
baseline,1238199
baseline,1065027
baseline,1028727
baseline,894003
baseline,951109
baseline,962628
baseline,1262524
baseline,1217370
baseline,959774
baseline,1212917
baseline,996842
baseline,1064490
baseline,1306558
baseline,1248793
baseline,1216549
baseline,1314207
baseline,1268754
baseline,964419
baseline,711042
baseline,1030243
baseline,946269
baseline,1048257
baseline,1300077
baseline,949743
baseline,1415176
baseline,1074251
baseline,889618
baseline,1017889
baseline,823510
baseline,935716
baseline,933053
baseline,1202486
baseline,1080798
baseline,1099940
baseline,1011293
baseline,1121296
baseline,965818
baseline,983230
baseline,1099745
baseline,1050879
baseline,1099265
baseline,956505
baseline,1027924
baseline,926888
baseline,686772
baseline,861058
baseline,1039987
baseline,1072156
baseline,1047865
baseline,1010654
baseline,697278
baseline,835184
baseline,958887
baseline,1015785
baseline,1022694
baseline,1016605
baseline,862376
baseline,944135
baseline,937822
baseline,826888
baseline,756057
baseline,831865
baseline,928115
baseline,977844
baseline,763701
baseline,820205
baseline,732215
baseline,794057
baseline,1087422
baseline,1089599
baseline,1123665
baseline,938364
baseline,855182
baseline,903204
baseline,1007522
baseline,795203
baseline,784319
baseline,864054
baseline,989650
baseline,1047641
baseline,1127268
baseline,814286
baseline,927976
baseline,967707
baseline,1108870
baseline,1062739
baseline,862433
baseline,959958
baseline,1107135
baseline,990087
baseline,1061975
baseline,962440
baseline,988737
baseline,1055993
baseline,1207106
baseline,1095235
baseline,878099
baseline,916078
baseline,850736
baseline,863518
baseline,1026757
baseline,1001181
baseline,1074900
baseline,1017732
baseline,893750
baseline,1019609
baseline,972882
baseline,968524
baseline,1079912
baseline,1000074
baseline,946095
baseline,974978
baseline,1245809
baseline,1127132
baseline,1074177
baseline,864959
baseline,877321
baseline,1113664
baseline,953405
baseline,858827
baseline,933446
baseline,896396
baseline,874460
baseline,1017268
baseline,811107
baseline,816934
baseline,865972
baseline,1022790
baseline,1063186
baseline,1268665
baseline,1088291
baseline,1188550
baseline,1164492
baseline,959940
baseline,1137145
baseline,1315473
baseline,1164472
baseline,986582
baseline,1043881
baseline,861840
baseline,902995
baseline,962989
baseline,792497
baseline,807912
baseline,809869
baseline,955470
baseline,1259511
baseline,1039908
baseline,845484
baseline,916215
baseline,844233
baseline,1101194
baseline,985464
baseline,865499
baseline,822538
baseline,1185133
baseline,1076190
baseline,1030986
baseline,767085
baseline,866716
baseline,794318
baseline,890948
baseline,831440
baseline,920744
baseline,858708
baseline,825142
baseline,855087
baseline,870855
baseline,727401
baseline,907165
baseline,1138608
baseline,1338408
baseline,1028033
baseline,1029194
baseline,812904
baseline,848372
baseline,1101654
baseline,1081977
baseline,1173918
baseline,1025089
baseline,1090344
baseline,1014221
baseline,1208431
baseline,1397349
baseline,912039
baseline,937797
baseline,865246
baseline,1154309
baseline,1248696
baseline,900048
baseline,1040482
baseline,964345
baseline,826633
baseline,930212
baseline,899854
baseline,1013793
baseline,1052668
baseline,1115109
baseline,959619
baseline,951006
baseline,814361
baseline,748281
baseline,926819
baseline,1017606
baseline,1056176
baseline,1127610
baseline,1061731
baseline,831333
baseline,995811
baseline,903241
baseline,916100
baseline,1135015
baseline,717801
baseline,948924
baseline,1088444
baseline,1040893
baseline,1051150
baseline,1026614
baseline,1038979
baseline,1053273
baseline,855445
baseline,1079972
baseline,924682
baseline,861190
baseline,765149
baseline,976960
baseline,1329098
baseline,1024102
baseline,1140173
baseline,1020008
baseline,1063727
baseline,920645
baseline,925178
baseline,984022
baseline,1071339
baseline,1016195
baseline,1250090
baseline,1042935
baseline,1170127
baseline,851463
baseline,1161303
baseline,1003960
baseline,1186050
baseline,1034807
baseline,1219033
baseline,895854
baseline,934544
baseline,1150458
baseline,870106
baseline,1141328
baseline,1130574
baseline,1183928
baseline,984926
baseline,1067838
baseline,884928
baseline,854762
baseline,845368
baseline,732540
baseline,866383
baseline,779006
baseline,957765
baseline,838798
baseline,743587
baseline,908235
baseline,949932
baseline,853037
baseline,962493
baseline,1290703
baseline,1150952
baseline,916378
baseline,1238230
baseline,1034021
baseline,915885
baseline,1401399
baseline,927590
baseline,1002819
baseline,1241862
baseline,1011478
baseline,952018
baseline,935478
baseline,928324
baseline,762601
baseline,928516
baseline,961230
baseline,1057104
baseline,1094878
baseline,1014871
baseline,1032725
baseline,1170200
baseline,1185768
baseline,1078726
baseline,953214
baseline,1061657
baseline,1151982
baseline,988632
baseline,1039942
baseline,876404
baseline,889083
baseline,928020
baseline,976525
baseline,875353
baseline,1089638
baseline,684652
baseline,864399
baseline,937301
baseline,915017
baseline,947406
baseline,754706
baseline,926172
baseline,786416
baseline,725301
baseline,716113
baseline,914560
baseline,923965
baseline,874419
baseline,844683
baseline,856970
baseline,864178
baseline,781684
baseline,1115882
baseline,771135
baseline,800190
baseline,966143
baseline,1193514
baseline,932721
baseline,1170675
baseline,1031695
baseline,1121124
baseline,838456
baseline,706053
baseline,907627
baseline,822474
baseline,772517
baseline,787465
baseline,743967
baseline,738580
baseline,893742
baseline,970911
baseline,1020468
baseline,1184756
baseline,997984
baseline,1129516
baseline,772343
baseline,863400
baseline,833330
baseline,839682
baseline,1007452
baseline,910720
baseline,911741
baseline,1104809
baseline,900334
baseline,926896
baseline,850333
baseline,913791
baseline,769496
baseline,772106
baseline,823608
baseline,705409
baseline,960354
baseline,1060974
baseline,1113872
baseline,927013
baseline,1106726
baseline,1048069
baseline,946029
baseline,788307
baseline,1027037
baseline,928527
baseline,993693
baseline,907660
baseline,895396
baseline,875614
baseline,886290
baseline,874030
baseline,730249
baseline,946713
baseline,1104895
baseline,1006018
baseline,902492
baseline,924312
baseline,1067052
baseline,967271
baseline,1040233
baseline,845765
baseline,1096599
baseline,942156
baseline,933520
baseline,963830
baseline,933969
baseline,1146205
baseline,968819
baseline,907984
baseline,1227596
baseline,1004982
baseline,990077
baseline,1037290
baseline,1007239
baseline,976090
baseline,1028691
baseline,1129273
baseline,1264936
baseline,1045021
baseline,918517
baseline,935781
baseline,964378
baseline,867172
baseline,895848
baseline,947546
baseline,847829
baseline,1021602
baseline,1176288
baseline,883655
baseline,863260
baseline,1000702
baseline,971780
baseline,914860
baseline,985804
baseline,876422
baseline,952810
baseline,916728
baseline,791883
baseline,1009420
baseline,793825
baseline,936089
baseline,1060067
baseline,1016365
baseline,952441
baseline,1039455
baseline,1138599
baseline,932006
baseline,964662
baseline,1109604
baseline,875435
baseline,1081124
baseline,857859
baseline,857893
baseline,1077025
baseline,1132806
baseline,1228229
baseline,951626
baseline,855010
baseline,900497
baseline,917622
baseline,944406
baseline,1055037
baseline,934637
baseline,893473
baseline,1194681
baseline,1098525
baseline,783731
baseline,776317
baseline,732904
baseline,878736
baseline,982963
baseline,1025281
baseline,962655
baseline,1018524
baseline,978161
baseline,979526
baseline,1064393
baseline,1035378
baseline,1195469
baseline,972545
baseline,1028389
baseline,830867
baseline,842042
baseline,854099
baseline,953297
baseline,690167
baseline,1077234
baseline,840152
baseline,940545
baseline,842607
baseline,815506
baseline,720971
baseline,777374
baseline,907601
baseline,778779
baseline,738509
baseline,890773
baseline,1142187
baseline,885772
baseline,785816
baseline,1079940
baseline,983250
baseline,1055324
baseline,993724
baseline,933265
baseline,943502
baseline,1179263
baseline,1063706
baseline,1169060
baseline,902165
baseline,1016442
baseline,1007081
baseline,947125
baseline,955828
baseline,1032474
baseline,928295
baseline,1315102
baseline,996433
baseline,1114870
baseline,844062
baseline,848892
baseline,971019
baseline,797532
baseline,817008
baseline,830977
baseline,1073996
baseline,1218608
baseline,1138762
baseline,987050
baseline,863198
baseline,1229400
baseline,1030288
baseline,1386660
baseline,950080
baseline,1106354
baseline,1013539
baseline,1038788
baseline,1117735
baseline,1161848
baseline,996359
baseline,1125587
baseline,1044361
baseline,927888
baseline,931418
baseline,972273
baseline,745043
baseline,908865
baseline,947155
baseline,1025399
baseline,1337934
baseline,896150
baseline,736545
baseline,933752
baseline,798969
baseline,972548
baseline,948172
baseline,1091470
baseline,1136640
baseline,1149263
baseline,974963
baseline,861234
baseline,967772
baseline,1028871
baseline,846926
baseline,806024
baseline,997408
baseline,886233
baseline,1113802
baseline,1005536
baseline,846643
baseline,1011949
baseline,838385
baseline,990512
baseline,945735
baseline,997775
baseline,943228
baseline,837239
baseline,933702
baseline,1105641
baseline,760503
baseline,854555
baseline,859852
baseline,1096596
baseline,849079
baseline,997756
baseline,1099481
baseline,923647
baseline,1148470
baseline,1048994
baseline,1184868
baseline,795948
baseline,801319
baseline,934090
baseline,866345
baseline,890073
baseline,738412
baseline,1075880
baseline,851481
baseline,794995
baseline,818464
baseline,1062183
baseline,1108316
baseline,1111949
baseline,835499
baseline,1121955
baseline,921353
baseline,1058099
baseline,901351
baseline,816996
baseline,887558
baseline,846987
baseline,1256658
baseline,1040079
baseline,979598
baseline,1053092
baseline,935976
baseline,1006366
baseline,1071109
baseline,971091
baseline,1203000
baseline,1275214
baseline,945243
baseline,1052232
baseline,1138382
baseline,1098812
baseline,864610
baseline,886462
baseline,991491
baseline,1034813
baseline,1186566
baseline,966485
baseline,774840
baseline,800641
baseline,945702
baseline,953004
baseline,870148
baseline,815230
baseline,1131729
baseline,864756
baseline,959421
baseline,744428
baseline,887134
baseline,768040
baseline,860104
baseline,926028
baseline,978500
baseline,1139143
baseline,1005683
baseline,1090212
baseline,1023889
baseline,953353
baseline,1028903
baseline,868753
baseline,1223372
baseline,874661
baseline,812299
baseline,1046115
baseline,1083419
baseline,1003756
baseline,914039
baseline,953935
baseline,1128162
baseline,1085686
baseline,1040076
baseline,980893
baseline,948475
baseline,1192072
baseline,1049098
baseline,1045930
baseline,948914
baseline,974850
baseline,1000964
baseline,1137949
baseline,1302696
baseline,1059316
baseline,1004751
baseline,1260372
baseline,989094
baseline,1097622
baseline,1266665
baseline,915879
baseline,821392
baseline,983535
baseline,1099780
baseline,856907
baseline,803910
baseline,792468
baseline,835585
baseline,952625
baseline,923654
baseline,1051050
baseline,948317
baseline,1070702
baseline,872621
baseline,861692
baseline,912248
baseline,828678
baseline,922485
baseline,956176
baseline,1008516
baseline,1048616
baseline,1015020
baseline,1266129
baseline,884178
baseline,678034
baseline,788214
baseline,845067
baseline,941660
baseline,762331
baseline,925468
baseline,757888
baseline,1036726
baseline,1002265
baseline,1051706
baseline,1295997
baseline,1082432
baseline,914143
baseline,1029218
baseline,745616
baseline,1034451
baseline,853804
baseline,930254
baseline,718979
baseline,803038
baseline,1073442
baseline,1109895
baseline,1174156
baseline,911793
baseline,1004350
baseline,815458
baseline,897129
baseline,1534569
baseline,1043819
baseline,1103985
baseline,1376267
baseline,1136773
baseline,1139326
baseline,1005538
baseline,843257
baseline,778925
baseline,907438
baseline,991817
baseline,1034293
baseline,937871
baseline,961805
baseline,939212
baseline,957097
baseline,1242870
baseline,1125342
baseline,1160403
baseline,1234240
baseline,1169068
baseline,935565
baseline,1134179
baseline,1479616
baseline,1044850
baseline,1297575
baseline,818044
baseline,1066726
baseline,909252
baseline,1231727
baseline,885336
baseline,771655
baseline,926354
baseline,1090284
baseline,1066764
baseline,858607
baseline,1005059
baseline,805057
baseline,985248
baseline,933295
baseline,1050342
baseline,1147618
baseline,1174019
baseline,1278618
baseline,1035711
baseline,1094998
baseline,904139
baseline,807907
baseline,1004328
baseline,854918
baseline,937980
baseline,777020
baseline,774179
baseline,1046330
baseline,980424
baseline,1121344
baseline,1044086
baseline,1126666
baseline,926041
baseline,762588
baseline,785516
baseline,900238
baseline,916740
baseline,1037922
baseline,957995
baseline,1135817
baseline,1129497
baseline,1092997
baseline,884865
baseline,1006464
baseline,1112427
baseline,801580
baseline,1016950
baseline,1069730
baseline,978551
baseline,958263
baseline,803269
baseline,1168570
baseline,930868
baseline,1040217
baseline,1090550
baseline,935303
baseline,891730
baseline,784899
baseline,847912
baseline,830176
baseline,752032
baseline,1015178
baseline,638544
baseline,750528
baseline,863337
baseline,1183747
baseline,1054053
baseline,1039631
baseline,1149875
baseline,1317222
baseline,1232691
baseline,1110962
baseline,1301764
baseline,1046242
baseline,1161975
baseline,929004
baseline,944425
baseline,894278
baseline,915023
baseline,915886
baseline,887661
baseline,1042063
baseline,911962
baseline,926092
baseline,750164
baseline,959418
baseline,898741
baseline,958499
baseline,728925
baseline,672003
baseline,1012285
baseline,1057326
baseline,1046446
baseline,944231
baseline,1236066
baseline,795747
baseline,896003
baseline,864232
baseline,855062
baseline,1008508
baseline,959028
baseline,829232
baseline,1247446
baseline,1483226
baseline,1024105
baseline,894591
baseline,869821
baseline,923781
baseline,812002
baseline,894429
baseline,928517
baseline,774903
baseline,993621
baseline,903143
baseline,928749
baseline,1332471
baseline,1227932
baseline,1145614
baseline,1035377
baseline,1179311
baseline,1168747
baseline,991590
baseline,1238176
baseline,1296459
baseline,933309
baseline,1044484
baseline,1032107
baseline,966612
baseline,916139
baseline,1087647
baseline,1054995
baseline,816571
baseline,1214169
baseline,938976
baseline,982273
baseline,1049580
baseline,1435348
baseline,1068711
baseline,872593
baseline,1250091
baseline,1245957
baseline,1377707
baseline,1052938
baseline,963361
baseline,842846
baseline,863326
baseline,872128
baseline,972594
baseline,762452
baseline,947806
baseline,969631
baseline,1219011
baseline,833884
baseline,936028
baseline,1036317
baseline,798220
baseline,846522
baseline,1028924
baseline,800806
baseline,1091221
baseline,816649
baseline,1321007
baseline,1070842
baseline,1073307
baseline,771841
baseline,864537
baseline,1068128
baseline,932252
baseline,753625
baseline,1089915
baseline,939804
baseline,1136568
baseline,886905
baseline,724340
baseline,779218
baseline,923732
baseline,973094
baseline,998495
baseline,1010817
baseline,944960
baseline,1057152
baseline,1074124
baseline,907154
baseline,1024184
baseline,992000
baseline,1065455
baseline,1017615
baseline,896794
baseline,711855
baseline,902967
baseline,755468
baseline,734957
baseline,952194
baseline,981831
baseline,1298496
baseline,1166190
baseline,1184469
baseline,1115286
baseline,1035502
baseline,1127035
baseline,1005948
baseline,992935
baseline,992818
baseline,1064361
baseline,988861
baseline,926408
baseline,793499
baseline,724601
baseline,696802
baseline,842159
baseline,786197
baseline,724774
baseline,934525
baseline,934718
baseline,871748
baseline,1161778
baseline,841220
baseline,1004157
baseline,1071398
baseline,1101848
baseline,917448
baseline,1188420
baseline,1103441
baseline,1144957
baseline,819500
baseline,1015001
baseline,1298677
baseline,1263601
baseline,954357
baseline,1172233
baseline,1129695
baseline,1044369
baseline,961124
baseline,898796
baseline,839136
baseline,995869
baseline,1179219
baseline,1391030
baseline,1166507
baseline,918547
baseline,1187611
baseline,1185000
baseline,1264882
baseline,1223659
baseline,1154347
baseline,988492
baseline,1218510
baseline,990446
baseline,1033093
baseline,1086756
baseline,1241539
baseline,1124795
baseline,972249
baseline,1115807
baseline,1110031
baseline,1070573
baseline,946576
baseline,1126502
baseline,916210
baseline,1011655
baseline,966071
baseline,900656
baseline,953029
baseline,1306431
baseline,1017609
baseline,949141
baseline,851936
baseline,1189341
baseline,1034765
baseline,981138
baseline,1205009
baseline,1115563
baseline,1046135
baseline,1091696
baseline,890057
baseline,994512
baseline,927604
baseline,936664
baseline,926535
baseline,1019876
baseline,807110
baseline,965125
baseline,849276
baseline,916545
baseline,1058591
baseline,1195891
baseline,1046410
baseline,890669
baseline,1106195
baseline,973879
baseline,1107449
baseline,1111870
baseline,1189537
baseline,1056139
baseline,1190945
baseline,1042904
baseline,925376
baseline,1076431
baseline,957792
baseline,736015
baseline,931377
baseline,1038868
baseline,994816
baseline,896207
baseline,1007375
baseline,819479
baseline,912591
baseline,941745
baseline,1073888
baseline,980095
baseline,918337
baseline,1051691
baseline,1078811
baseline,1090798
baseline,858722
baseline,905907
baseline,808230
baseline,986619
baseline,916632
baseline,793443
baseline,1066317
baseline,1026126
baseline,954919
baseline,889456
baseline,1004034
baseline,1090231
baseline,956997
baseline,843602
baseline,1034562
baseline,946142
baseline,916704
baseline,1114404
baseline,987152
baseline,1098776
baseline,973833
baseline,943256
baseline,881313
baseline,1012677
baseline,1031201
baseline,981031
baseline,855797
baseline,1106900
baseline,1073091
baseline,1103265
baseline,1106120
baseline,1094073
baseline,1126385
baseline,1248957
baseline,1052481
baseline,904990
baseline,970625
baseline,1250803
baseline,1161319
baseline,1146103
baseline,868229
baseline,973581
baseline,900351
baseline,838921
baseline,823237
baseline,765573
baseline,1043270
baseline,1049491
baseline,936103
baseline,1144181
baseline,856660
baseline,865352
baseline,854318
baseline,1031264
baseline,1020859
baseline,1010858
baseline,1010937
baseline,899004
baseline,1112718
baseline,1240761
baseline,843560
baseline,1115199
baseline,1211755
baseline,941439
baseline,1061361
baseline,948412
baseline,812334
baseline,965348
baseline,781417
baseline,866508
baseline,827179
baseline,739134
baseline,791266
baseline,802762
baseline,742676
baseline,1042371
baseline,976284
baseline,1012512
baseline,883531
baseline,970920
baseline,1153055
baseline,1287422
baseline,1009028
baseline,857961
baseline,937847
baseline,914276
baseline,1051958
baseline,1180297
baseline,847231
baseline,868049
baseline,878073
baseline,832030
baseline,747086
baseline,640282
baseline,851109
baseline,1005130
baseline,1077289
baseline,1200281
baseline,923402
baseline,860962
baseline,933878
baseline,1075683
baseline,1005880
baseline,1138115
baseline,1277847
baseline,1014182
baseline,989715
baseline,779170
baseline,841631
baseline,1074754
baseline,889689
baseline,972528
baseline,889611
baseline,1077139
baseline,805389
baseline,898102
baseline,847010
baseline,1200390
baseline,1028039
baseline,851158
baseline,1021472
baseline,1069896
baseline,1270940
baseline,1043215
baseline,885810
baseline,859838
baseline,854196
baseline,1187726
baseline,915805
baseline,988159
baseline,893677
baseline,982036
baseline,910179
baseline,1067573
baseline,1269399
baseline,1114457
baseline,1103618
baseline,923940
baseline,1129922
baseline,741413
baseline,852420
baseline,733733
baseline,1002882
baseline,969069
baseline,967944
baseline,1029854
baseline,1402248
baseline,1123888
baseline,931512
baseline,1180776
baseline,882892
baseline,1221935
baseline,930333
baseline,1196161
baseline,1038696
baseline,1113739
baseline,1018334
baseline,1064207
baseline,1041331
baseline,963440
baseline,924059
baseline,1233508
baseline,1007337
baseline,776928
baseline,750468
baseline,701696
baseline,785515
baseline,846449
baseline,824752
baseline,978134
baseline,1063762
baseline,1016325
baseline,1012366
baseline,1040902
baseline,1050512
baseline,927211
baseline,1176419
baseline,1131491
baseline,805031
baseline,1145377
baseline,926252
baseline,838435
baseline,1038723
baseline,925065
baseline,1208056
baseline,1076222
baseline,884607
baseline,1025309
baseline,1082305
baseline,1268274
baseline,981022
baseline,1075926
baseline,1275815
baseline,1092063
baseline,909842
baseline,923654
baseline,1037455
baseline,994377
baseline,925932
baseline,1135642
baseline,969859
baseline,1058799
baseline,766908
baseline,895797
baseline,897490
baseline,803687
baseline,801212
baseline,968991
baseline,855886
baseline,844934
baseline,793670
baseline,907508
baseline,961426
baseline,987835
baseline,926225
baseline,1128733
baseline,1004625
baseline,971466
baseline,1045369
baseline,954264
baseline,973859
baseline,853524
baseline,907557
baseline,944785
baseline,817380
baseline,1188109
baseline,1111599
baseline,1006226
baseline,1096007
baseline,1138552
baseline,708031
baseline,834747
baseline,1070344
baseline,983473
baseline,1138408
baseline,1077776
baseline,939121
baseline,1040721
baseline,902383
baseline,947078
baseline,935463
baseline,951677
baseline,918989
baseline,820332
baseline,863721
baseline,911766
baseline,724125
baseline,920327
baseline,1004077
baseline,974190
baseline,1018252
baseline,858171
baseline,921057
baseline,850116
baseline,811654
baseline,984975
baseline,826235
baseline,1032037
baseline,1121969
baseline,1094998
baseline,1074085
baseline,774896
baseline,1042282
baseline,951864
baseline,1039767
baseline,1217177
baseline,1449446
baseline,990063
baseline,1197429
baseline,1144916
baseline,1106161
baseline,1374430
baseline,920937
baseline,961973
baseline,890403
baseline,1044976
baseline,1034106
baseline,1268303
baseline,1042742
baseline,938935
baseline,880772
baseline,899823
baseline,1011320
baseline,1013099
baseline,966120
baseline,1074847
baseline,1158668
baseline,925448
baseline,1210780
baseline,873466
baseline,986173
baseline,981748
baseline,1038523
baseline,930459
baseline,715524
baseline,1166863
baseline,1168077
baseline,943399
baseline,1133958
baseline,1138736
baseline,1085597
baseline,1103421
baseline,1089333
baseline,985664
baseline,1053709
baseline,865445
baseline,885910
baseline,988235
baseline,1155647
baseline,847943
baseline,793676
baseline,1024308
baseline,1246433
baseline,1062409
baseline,1036558
baseline,1144546
baseline,1024195
baseline,1040989
baseline,909300
baseline,1032650
baseline,992956
baseline,1202505
baseline,1069417
baseline,983827
baseline,1103645
baseline,929166
baseline,998164
baseline,715866
baseline,810995
baseline,943734
baseline,909624
baseline,1049110
baseline,1130864
baseline,1013985
baseline,1078484
baseline,950581
baseline,1094393
baseline,1131457
baseline,990150
baseline,1236043
baseline,1003464
baseline,855303
baseline,984961
baseline,1022515
baseline,872785
baseline,994621
baseline,1037234
baseline,706236
baseline,765475
baseline,1063078
baseline,942655
baseline,873354
baseline,770143
baseline,913344
baseline,922154
baseline,1034216
baseline,1364120
baseline,956506
baseline,1032687
baseline,1210903
baseline,1138573
baseline,1146548
baseline,1424272
baseline,1018253
baseline,926271
baseline,1111620
baseline,953687
baseline,942690
baseline,903951
baseline,870483
baseline,1175892
baseline,1073022
baseline,912046
baseline,1106030
baseline,1378782
baseline,1250471
baseline,1127006
baseline,962631
baseline,876462
baseline,908095
baseline,825752
baseline,975138
baseline,1050852
baseline,991428
baseline,1206583
baseline,1479454
baseline,983809
baseline,872590
baseline,1066820
baseline,763169
baseline,894289
baseline,750042
baseline,1113527
baseline,1037662
baseline,869486
baseline,970204
baseline,1051608
baseline,945366
baseline,1095253
baseline,1149222
baseline,1117701
baseline,1111251
baseline,951734
baseline,1056019
baseline,887839
baseline,1000802
baseline,1040534
baseline,783146
baseline,678439
baseline,934987
baseline,762541
baseline,856492
baseline,932037
baseline,791977
baseline,905335
baseline,911878
baseline,930916
baseline,1018062
baseline,960649
baseline,1105578
baseline,962403
baseline,922104
baseline,1029408
baseline,974456
baseline,1055231
baseline,981827
baseline,1038374
baseline,849142
baseline,1054451
baseline,851764
baseline,997221
baseline,1165424
baseline,781073
baseline,989072
baseline,843238
baseline,901443
baseline,706280
baseline,700195
baseline,832113
baseline,1114236
baseline,815470
baseline,972273
baseline,1023982
baseline,820667
baseline,741736
baseline,736483
baseline,633095
baseline,681331
baseline,951997
baseline,1062170
baseline,996169
baseline,857536
baseline,882549
baseline,934458
baseline,882139
baseline,947674
baseline,861131
baseline,927013
baseline,1001312
baseline,1153438
baseline,912755
baseline,874020
baseline,920364
baseline,961125
baseline,981843
baseline,888531
baseline,1124078
baseline,1085420
baseline,1127789
baseline,1118687
baseline,914032
baseline,1096634
baseline,958437
baseline,1050419
baseline,973072
baseline,916254
baseline,1276012
baseline,1300917
baseline,978438
baseline,1218479
baseline,1150252
baseline,1131847
baseline,1026492
baseline,1067367
baseline,1184908
baseline,1053205
baseline,1113759
baseline,1164095
baseline,1152023
baseline,1065756
baseline,1211065
baseline,1004807
baseline,894372
baseline,1093343
baseline,924524
baseline,843445
baseline,892567
baseline,1075855
baseline,1152765
baseline,1126139
baseline,945533
baseline,818619
baseline,863623
baseline,1059400
baseline,1256671
baseline,1212490
baseline,858931
baseline,885394
baseline,1056308
baseline,1083140
baseline,940197
baseline,883319
baseline,976012
baseline,1147323
baseline,894621
baseline,849868
baseline,830285
baseline,854399
baseline,771309
baseline,973107
baseline,1059308
baseline,798331
baseline,1119884
baseline,1069389
baseline,1049786
baseline,1045268
baseline,761967
baseline,985698
baseline,944403
baseline,1045167
baseline,1046563
baseline,918139
baseline,891490
baseline,936551
baseline,1024283
baseline,1099692
baseline,1150526
baseline,1219392
baseline,1090162
baseline,1045174
baseline,1118666
baseline,1290254
baseline,1004354
baseline,991501
baseline,968523
baseline,993341
baseline,907963
baseline,1112999
baseline,1053860
baseline,1152891
baseline,1040873
baseline,1125842
baseline,1045661
baseline,1044727
baseline,1128888
baseline,1022910
baseline,954512
baseline,1037473
baseline,876480
baseline,933961
baseline,849064
baseline,1034498
baseline,1020104
baseline,932793
baseline,929546
baseline,888471
baseline,1077530
baseline,1063532
baseline,1086751
baseline,806234
baseline,926628
baseline,1172249
baseline,789580
baseline,841224
baseline,814839
baseline,961569
baseline,841770
baseline,1013214
baseline,1110728
baseline,826337
baseline,1084379
baseline,970671
baseline,1007100
baseline,1089046
baseline,1150917
baseline,1159783
baseline,1257651
baseline,1157327
baseline,1162777
baseline,1066965
baseline,1130204
baseline,771971
baseline,888956
baseline,1081569
baseline,1133688
baseline,769652
baseline,937463
baseline,980599
baseline,869262
baseline,1230889
baseline,863379
baseline,941425
baseline,803198
baseline,1148073
baseline,1111168
baseline,1193233
baseline,761932
baseline,887921
baseline,824138
baseline,967065
baseline,1042811
baseline,832504
baseline,1044973
baseline,912138
baseline,1054835
baseline,1043665
baseline,825059
baseline,841138
baseline,1075795
baseline,1039016
baseline,905039
baseline,837794
baseline,876636
baseline,971432
baseline,884398
baseline,955077
baseline,814504
baseline,800406
baseline,955314
baseline,766118
baseline,792314
baseline,842607
baseline,826891
baseline,1015043
baseline,958602
baseline,970989
baseline,1003812
baseline,878181
baseline,1028038
baseline,875945
baseline,883959
baseline,1003355
baseline,1090822
baseline,994159
baseline,797070
baseline,1026056
baseline,1093169
baseline,1070555
baseline,1029890
baseline,1498522
baseline,1211701
baseline,1003522
baseline,996993
baseline,900980
baseline,848536
baseline,969643
baseline,951915
baseline,1061055
baseline,1282412
baseline,971807
baseline,1250826
baseline,962446
baseline,1134522
baseline,921126
baseline,853314
baseline,1091730
baseline,1015101
baseline,1048783
baseline,1013827
baseline,981110
baseline,873294
baseline,861237
baseline,821212
baseline,931392
baseline,1031453
baseline,1153833
baseline,1019301
baseline,1021795
baseline,1170751
baseline,933557
baseline,1009898
baseline,1059438
baseline,1028330
baseline,848484
baseline,1193873
baseline,1108629
baseline,1294767
baseline,1027649
baseline,908582
baseline,917271
baseline,1142339
baseline,1084619
baseline,1319451
baseline,1176977
baseline,1048622
baseline,1092010
baseline,905669
baseline,909721
baseline,1045084
baseline,1047598
baseline,803049
baseline,891798
baseline,974393
baseline,1070880
baseline,1145695
baseline,947284
baseline,944735
baseline,999243
baseline,909633
baseline,780933
baseline,1200127
baseline,944793
baseline,1112126
baseline,1104902
baseline,1361735
baseline,1395268
baseline,969691
baseline,1082770
baseline,905744
baseline,1202867
baseline,960153
baseline,975450
baseline,1121562
baseline,1175937
baseline,913680
baseline,976311
baseline,974836
baseline,901264
baseline,898372
baseline,1044753
baseline,938067
baseline,951798
baseline,948211
baseline,1034816
baseline,1166689
baseline,1278456
baseline,984231
baseline,923137
baseline,824438
baseline,828543
baseline,942349
baseline,952161
baseline,1303129
baseline,1282501
baseline,903458
baseline,890756
baseline,984094
baseline,811777
baseline,910024
baseline,938335
baseline,953256
baseline,1014620
baseline,994872
baseline,998608
baseline,975258
baseline,1147716
baseline,1082504
baseline,1075417
baseline,1199141
baseline,966865
baseline,1011514
baseline,1210027
baseline,1044505
baseline,1086677
baseline,1070810
baseline,1141459
baseline,860857
baseline,899810
baseline,925285
baseline,921478
baseline,1219849
baseline,1023680
baseline,1037501
baseline,1344030
baseline,1208416
baseline,823152
baseline,754214
baseline,1080024
baseline,1081216
baseline,913152
baseline,823762
baseline,889551
baseline,962889
baseline,1133791
baseline,1149969
baseline,949128
baseline,957326
baseline,971615
baseline,990928
baseline,860575
baseline,986831
baseline,918578
baseline,986713
baseline,1027139
baseline,1043498
baseline,937899
baseline,1013367
baseline,1000394
baseline,1102094
baseline,1207616
baseline,862767
baseline,969081
baseline,919016
baseline,814509
baseline,1062525
baseline,853380
baseline,821876
baseline,806484
baseline,798073
baseline,766456
baseline,863167
baseline,1084232
baseline,993584
baseline,784645
baseline,867710
baseline,876750
baseline,822488
baseline,769438
baseline,865579
baseline,1076435
baseline,988378
baseline,867136
baseline,1134335
baseline,1420791
baseline,1005075
baseline,923895
baseline,1089763
baseline,1018593
baseline,1022235
baseline,1029172
baseline,1329208
baseline,1048777
baseline,1087086
baseline,755993
baseline,1094834
baseline,1247198
baseline,1324325
baseline,1007169
baseline,1088785
baseline,1277646
baseline,1063512
baseline,853528
baseline,857305
baseline,789589
baseline,750445
baseline,804546
baseline,785283
baseline,773660
baseline,946623
baseline,778923
baseline,794983
baseline,764449
baseline,905571
baseline,852476
baseline,1005677
baseline,1030461
baseline,1045328
baseline,1082700
baseline,863219
baseline,809305
baseline,781592
baseline,804871
baseline,912473
baseline,968535
baseline,1150284
baseline,922932
baseline,909799
baseline,780407
baseline,959297
baseline,809850
baseline,976780
baseline,894943
baseline,1090268
baseline,986011
baseline,976453
baseline,1061623
baseline,1259780
baseline,1161807
baseline,1000840
baseline,990966
baseline,873678
baseline,869244
baseline,837675
baseline,873689
baseline,904085
baseline,782820
baseline,784506
baseline,949438
baseline,920179
baseline,1029511
baseline,879495
baseline,977249
baseline,906693
baseline,849665
baseline,701389
baseline,920083
baseline,883309
baseline,751134
baseline,958781
baseline,870177
baseline,1072645
baseline,1022446
baseline,1064939
baseline,1030171
baseline,1198980
baseline,930943
baseline,924327
baseline,984678
baseline,726880
baseline,941065
baseline,896058
baseline,854516
baseline,883949
baseline,903125
baseline,1009616
baseline,830389
baseline,1222493
baseline,1168420
baseline,950945
baseline,1049194
baseline,1238242
baseline,1089844
baseline,832098
baseline,948040
baseline,1131594
baseline,1034833
baseline,880642
baseline,821741
baseline,914055
baseline,1049560
baseline,1176649
baseline,1098384
baseline,1127547
baseline,1176144
baseline,924127
baseline,907472
baseline,928186
baseline,1028252
baseline,994344
baseline,803087
baseline,1047633
baseline,1006022
baseline,922033
baseline,885349
baseline,777869
baseline,950817
baseline,1375349
baseline,1311248
baseline,1082168
baseline,1056874
baseline,978456
baseline,1095950
baseline,884159
baseline,1068781
baseline,1232386
baseline,1023383
baseline,1112100
baseline,1328382
baseline,1137960
baseline,929570
baseline,1029927
baseline,1038548
baseline,967915
baseline,809943
baseline,1149591
baseline,838202
baseline,994371
baseline,992684
baseline,895485
baseline,1068934
baseline,976426
baseline,956462
baseline,1057355
baseline,1086008
baseline,1243513
baseline,1191005
baseline,868317
baseline,1229098
baseline,1152363
baseline,1261263
baseline,1095052
baseline,1015571
baseline,930533
baseline,1079524
baseline,789117
baseline,825021
baseline,713802
baseline,890665
baseline,1033050
baseline,847404
baseline,762374
baseline,846980
baseline,860315
baseline,1043628
baseline,1043584
baseline,1041241
baseline,971000
baseline,1187276
baseline,1008520
baseline,939251
baseline,827786
baseline,984046
baseline,946891
baseline,946806
baseline,922412
baseline,978431
baseline,807589
baseline,623054
baseline,737346
baseline,868862
baseline,914746
baseline,902845
baseline,907348
baseline,847428
baseline,1052453
baseline,802315
baseline,863226
baseline,1044633
baseline,1220310
baseline,1448600
baseline,1117132
baseline,1005207
baseline,893532
baseline,1361089
baseline,1088587
baseline,829057
baseline,897928
baseline,1062066
baseline,1017485
baseline,1252185
baseline,935533
baseline,1044625
baseline,1071582
baseline,971753
baseline,986192
baseline,960875
baseline,947659
baseline,1018803
baseline,720608
baseline,1008514
baseline,937870
baseline,923097
baseline,1010225
baseline,1211241
baseline,1020049
baseline,841220
baseline,862048
baseline,976293
baseline,1235668
baseline,1090549
baseline,831696
baseline,846189
baseline,849377
baseline,767482
baseline,726394
baseline,931906
baseline,1357022
baseline,906722
baseline,858228
baseline,985738
baseline,1219923
baseline,1052833
baseline,1143307
baseline,1040805
baseline,1059098
baseline,1225695
baseline,1167422
baseline,1059276
baseline,1068629
baseline,906771
baseline,895852
baseline,1076213
baseline,965544
baseline,1017884
baseline,953993
baseline,1096468
baseline,1145205
baseline,1135787
baseline,985787
baseline,1122133
baseline,1174345
baseline,1032043
baseline,747312
baseline,786938
baseline,1115361
baseline,1026995
baseline,988158
baseline,890550
baseline,963571
baseline,748882
baseline,780532
baseline,950299
baseline,842027
baseline,842702
baseline,918517
baseline,1071619
baseline,1096725
baseline,960010
baseline,1067791
baseline,871122
baseline,891514
baseline,999583
baseline,927048
baseline,981249
baseline,857435
baseline,977744
baseline,941591
baseline,1003186
baseline,991350
baseline,1133803
baseline,841816
baseline,769134
baseline,840306
baseline,1339597
baseline,1136193
baseline,949971
baseline,764207
baseline,713048
baseline,730170
baseline,702253
baseline,928633
baseline,855810
baseline,1008341
baseline,1101814
baseline,1016052
baseline,903082
baseline,1005761
baseline,1131630
baseline,1037388
baseline,1161107
baseline,1050759
baseline,1133935
baseline,1125487
baseline,1179158
baseline,1163512
baseline,1245055
baseline,936311
baseline,1141128
baseline,985068
baseline,895870
baseline,1021667
baseline,1058134
baseline,971458
baseline,954391
baseline,1010759
baseline,940575
baseline,973481
baseline,1039182
baseline,839775
baseline,1184630
baseline,913503
baseline,992602
baseline,1086291
baseline,863193
baseline,1224904
baseline,1193433
baseline,1040218
baseline,833911
baseline,1006464
baseline,954180
baseline,885660
baseline,1060827
baseline,847927
baseline,985966
baseline,931063
baseline,867455
baseline,1188194
baseline,1071435
baseline,978672
baseline,987433
baseline,761941
baseline,912971
baseline,849901
baseline,809430
baseline,891419
baseline,1024224
baseline,847133
baseline,855463
baseline,746289
baseline,701122
baseline,768140
baseline,793173
baseline,767695
baseline,961308
baseline,841167
baseline,908138
baseline,963922
baseline,873046
baseline,923498
baseline,979406
baseline,1133568
baseline,886057
baseline,970729
baseline,1016547
baseline,848659
baseline,1148736
baseline,1151648
baseline,988900
baseline,977740
baseline,1138315
baseline,928059
baseline,1077723
baseline,1060224
baseline,1172855
baseline,1084996
baseline,1093520
baseline,964372
baseline,1077044
baseline,1091441
baseline,1003808
baseline,1034473
baseline,896122
baseline,956952
baseline,842948
baseline,777630
baseline,917069
baseline,922550
baseline,1199584
baseline,728092
baseline,982172
baseline,913306
baseline,1018971
baseline,711236
baseline,912050
baseline,1129835
baseline,905818
baseline,981340
baseline,995523
baseline,1018088
baseline,1136437
baseline,1202797
baseline,1097760
baseline,959715
baseline,977977
baseline,989663
baseline,1013406
baseline,941085
baseline,895762
baseline,909723
baseline,1020591
baseline,998220
baseline,907459
baseline,1044290
baseline,919025
baseline,1016988
baseline,794083
baseline,878751
baseline,1096461
baseline,996095
baseline,773481
baseline,1048740
baseline,862435
baseline,733984
baseline,786208
baseline,812841
baseline,861607
baseline,788855
baseline,965315
baseline,856060
baseline,948823
baseline,936991
baseline,878429
baseline,708108
baseline,804601
baseline,724053
baseline,858551
baseline,798819
baseline,978562
baseline,936048
baseline,787813
baseline,937794
baseline,974031
baseline,1007939
baseline,931944
baseline,888070
baseline,901137
baseline,1008996
baseline,1174476
baseline,829432
baseline,880750
baseline,909419
baseline,940198
baseline,928812
baseline,1234017
baseline,1556342
baseline,1047924
baseline,1325830
baseline,1058732
baseline,1265482
baseline,1061707
baseline,1146435
baseline,940023
baseline,748775
baseline,798441
baseline,1032184
baseline,976680
baseline,881182
baseline,947836
baseline,1010427
baseline,1142158
baseline,1157390
baseline,964672
baseline,1015559
baseline,1126566
baseline,975272
baseline,874660
baseline,756888
baseline,1042410
baseline,1071196
baseline,955898
baseline,1010136
baseline,1036666
baseline,1042404
baseline,845947
baseline,906402
baseline,807480
baseline,1095237
baseline,1077257
baseline,763406
baseline,899901
baseline,774041
baseline,958038
baseline,939264
baseline,915616
baseline,1100011
baseline,1050067
baseline,1130155
baseline,948882
baseline,966495
baseline,1007968
baseline,1029481
baseline,974352
baseline,909347
baseline,1150919
baseline,909672
baseline,902874
baseline,812108
baseline,990070
baseline,765626
baseline,834568
baseline,949804
baseline,714912
baseline,918711
baseline,1164621
baseline,1018726
baseline,1067389
baseline,970111
baseline,980440
baseline,1016772
baseline,1047387
baseline,908419
baseline,1018261
baseline,1367440
baseline,904210
baseline,1351335
baseline,1115924
baseline,908731
baseline,904069
baseline,1230131
baseline,1295258
baseline,1234836
baseline,1100420
baseline,1237847
baseline,1036937
baseline,937651
baseline,944700
baseline,765641
baseline,851180
baseline,931477
baseline,951973
baseline,964939
baseline,1078693
baseline,1091914
baseline,799485
baseline,888214
baseline,1140196
baseline,998542
baseline,983887
baseline,896729
baseline,1006419
baseline,968983
baseline,987136
baseline,1124867
baseline,883021
baseline,1413242
baseline,970516
baseline,1077916
baseline,1090388
baseline,1059067
baseline,1142975
baseline,1153528
baseline,987313
baseline,987392
baseline,807649
baseline,949086
baseline,962354
baseline,1049881
baseline,754909
baseline,1009819
baseline,1068857
baseline,1114624
baseline,890330
baseline,788384
baseline,1117130
baseline,1075135
baseline,908506
baseline,1093706
baseline,919795
baseline,803957
baseline,1229507
baseline,996233
baseline,885016
baseline,1020717
baseline,978725
baseline,920245
baseline,997708
baseline,1134600
baseline,832500
baseline,1015831
baseline,995078
baseline,832591
baseline,922116
baseline,1053048
baseline,1166927
baseline,955477
baseline,1122376
baseline,1381415
baseline,1057480
baseline,1282682
baseline,1481603
baseline,1074552
baseline,1081541
baseline,974837
baseline,1064949
baseline,992216
baseline,1168868
baseline,969737
baseline,966370
baseline,881750
baseline,1027304
baseline,931412
baseline,923534
baseline,1002919
baseline,942383
baseline,826849
baseline,974934
baseline,1146293
baseline,1305827
baseline,1110024
baseline,851019
baseline,879450
baseline,857195
baseline,882454
baseline,870509
baseline,1133654
baseline,1197983
baseline,1188151
baseline,958649
baseline,931244
baseline,912864
baseline,921277
baseline,1044031
baseline,917495
baseline,747456
baseline,864978
baseline,928828
baseline,1031474
baseline,991620
baseline,1055368
baseline,734739
baseline,922211
baseline,1128018
baseline,988873
baseline,1080345
baseline,1104691
baseline,1018646
baseline,860381
baseline,840818
baseline,882808
baseline,907106
baseline,994465
baseline,1182675
baseline,983330
baseline,862486
baseline,906886
baseline,968313
baseline,845796
baseline,1229384
baseline,1112575
baseline,1047880
baseline,1083862
baseline,1015548
baseline,1231670
baseline,1073287
baseline,1087385
baseline,1290411
baseline,967668
baseline,1070553
baseline,916830
baseline,807386
baseline,689781
baseline,845532
baseline,1153992
baseline,1166241
baseline,924623
baseline,995944
baseline,888729
baseline,725521
baseline,1042549
baseline,969469
baseline,1035624
baseline,1133495
baseline,1070936
baseline,1074520
baseline,1170857
baseline,1031364
baseline,1074313
baseline,1191686
baseline,1375424
baseline,899125
baseline,940782
baseline,922850
baseline,875309
baseline,842013
baseline,1036772
baseline,1024957
baseline,961968
baseline,865615
baseline,861847
baseline,924639
baseline,774002
baseline,1002034
baseline,1000645
baseline,1312701
baseline,1174792
baseline,1112720
baseline,893182
baseline,863499
baseline,822850
baseline,789347
baseline,826376
baseline,1106635
baseline,1087314
baseline,953352
baseline,816784
baseline,970504
baseline,883480
baseline,834087
baseline,1090161
baseline,1003977
baseline,895331
baseline,962307
baseline,1060237
baseline,849255
baseline,955224
baseline,1423099
baseline,867519
baseline,821270
baseline,1054990
baseline,966288
baseline,1135179
baseline,1083905
baseline,1083445
baseline,1024076
baseline,767757
baseline,911889
baseline,857437
baseline,1031511
baseline,1022676
baseline,972355
baseline,1078144
baseline,1155362
baseline,1019418
baseline,1074921
baseline,883918
baseline,982801
baseline,983928
baseline,1063253
baseline,911399
baseline,1073415
baseline,831591
baseline,1186785
baseline,788258
baseline,1168864
baseline,1262010
baseline,874112
baseline,996349
baseline,944163
baseline,934004
baseline,944957
baseline,1080786
baseline,842785
baseline,965811
baseline,1009806
baseline,974318
baseline,888398
baseline,862863
baseline,890188
baseline,1038369
baseline,892670
baseline,1001279
baseline,907620
baseline,820997
baseline,726963
baseline,893671
baseline,1037219
baseline,893078
baseline,882235
baseline,884452
baseline,1047346
baseline,1148437
baseline,1091745
baseline,964469
baseline,1175776
baseline,898316
baseline,927561
baseline,1076824
baseline,1133118
baseline,1143188
baseline,1163319
baseline,1096148
baseline,1101647
baseline,1338728
baseline,1167474
baseline,1313898
baseline,895565
baseline,890141
baseline,1071146
baseline,716367
baseline,929711
baseline,898977
baseline,970415
baseline,972675
baseline,871257
baseline,802482
baseline,802723
baseline,617515
baseline,612318
baseline,892860
baseline,786449
baseline,1037375
baseline,1071227
baseline,926821
baseline,988381
baseline,1253433
baseline,1050985
baseline,1116485
baseline,1050224
baseline,1036738
baseline,905184
baseline,907205
baseline,1148381
baseline,971472
baseline,857780
baseline,1077419
baseline,1157916
baseline,1052787
baseline,1043602
baseline,1241124
baseline,786738
baseline,1266087
baseline,1015699
baseline,1302415
baseline,930356
baseline,979894
baseline,1041599
baseline,1024524
baseline,804078
baseline,1002425
baseline,874527
baseline,883158
baseline,1104304
baseline,968884
baseline,1039886
baseline,958242
baseline,957151
baseline,874923
baseline,890124
baseline,1030718
baseline,1143397
baseline,953985
baseline,1061140
baseline,1338011
baseline,1305582
baseline,972336
baseline,1042258
baseline,1162069
baseline,805890
baseline,815626
baseline,1091372
baseline,1019291
baseline,1056997
baseline,1039774
baseline,1067876
baseline,1095903
baseline,969890
baseline,925368
baseline,1050919
baseline,968258
baseline,1103978
baseline,1014650
baseline,1266217
baseline,1306328
baseline,819714
baseline,1140298
baseline,940262
baseline,1130500
baseline,1107455
baseline,1037592
baseline,942890
baseline,1072022
baseline,949012
baseline,734664
baseline,1104383
baseline,1002724
baseline,1040067
baseline,1162838
baseline,900772
baseline,1074560
baseline,851823
baseline,1042313
baseline,888784
baseline,874982
baseline,990792
baseline,987581
baseline,1108640
baseline,1008794
baseline,923544
baseline,817544
baseline,1047333
baseline,990223
baseline,990798
baseline,684296
baseline,1035180
baseline,806980
baseline,1039422
baseline,1356223
baseline,1197648
baseline,1140407
baseline,1060075
baseline,1175362
baseline,1052094
baseline,1086462
baseline,1330174
baseline,945507
baseline,1260282
baseline,1053302
baseline,948164
baseline,724319
baseline,878816
baseline,845079
baseline,819097
baseline,722051
baseline,749367
baseline,1098020
baseline,923255
baseline,857446
baseline,663764
baseline,909080
baseline,1118895
baseline,1142014
baseline,1147017
baseline,868467
baseline,916600
baseline,1083906
baseline,1191216
baseline,929809
baseline,1034881
baseline,1047886
baseline,877243
baseline,1010128
baseline,916836
baseline,798576
baseline,878304
baseline,1003962
baseline,703564
baseline,719913
baseline,989825
baseline,882884
baseline,773639
baseline,1067673
baseline,1074112
baseline,1035287
baseline,1004209
baseline,944074
baseline,1279544
baseline,1207650
baseline,1132288
baseline,998849
baseline,811215
baseline,1026109
baseline,1103929
baseline,1109175
baseline,1178776
baseline,1217896
baseline,1076894
baseline,1182015
baseline,1180397
baseline,1111902
baseline,1114246
baseline,1039011
baseline,1223121
baseline,886242
baseline,961178
baseline,1015974
baseline,904791
baseline,1118999
baseline,954405
baseline,1056007
baseline,1085871
baseline,887929
baseline,850987
baseline,935409
baseline,810392
baseline,1057740
baseline,1004182
baseline,923440
baseline,933313
baseline,1223400
baseline,1114105
baseline,888742
baseline,739623
baseline,911061
baseline,1356830
baseline,904462
baseline,1046981
baseline,1130252
baseline,926571
baseline,1197112
baseline,1220539
baseline,1010142
baseline,868886
baseline,992698
baseline,940576
baseline,1140733
baseline,831561
baseline,767645
baseline,864697
baseline,989235
baseline,908392
baseline,678552
baseline,805820
baseline,773579
baseline,950460
baseline,755637
baseline,956615
baseline,1027778
baseline,1053206
baseline,1039479
baseline,991806
baseline,841679
baseline,858593
baseline,754204
baseline,713945
baseline,917424
baseline,859196
baseline,917677
baseline,958724
baseline,799965
baseline,819893
baseline,1140084
baseline,879513
baseline,1010413
baseline,1270468
baseline,1060191
baseline,1111432
baseline,871851
baseline,1053451
baseline,998422
baseline,992716
baseline,1023193
baseline,1203798
baseline,1126580
baseline,1197670
baseline,1113836
baseline,1064427
baseline,900393
baseline,1071489
baseline,926760
baseline,968625
baseline,1055265
baseline,984781
baseline,945969
baseline,993400
baseline,962639
baseline,1057989
baseline,801480
baseline,1049555
baseline,884712
baseline,954692
baseline,897012
baseline,977877
baseline,779271
baseline,986387
baseline,959672
baseline,837840
baseline,763489
baseline,985357
baseline,896270
baseline,1027292
baseline,1013252
baseline,970587
baseline,1045278
baseline,1157784
baseline,985580
baseline,982942
baseline,1077553
baseline,907268
baseline,921179
baseline,918699
baseline,1063350
baseline,1138463
baseline,938823
baseline,935580
baseline,1188025
baseline,1090157
baseline,862980
baseline,966977
baseline,767183
baseline,844954
baseline,1031640
baseline,984964
baseline,1026605
baseline,897295
baseline,951621
baseline,938229
baseline,707336
baseline,893507
baseline,1087414
baseline,1044817
baseline,1047672
baseline,1357770
baseline,1089021
baseline,995892
baseline,901776
baseline,972116
baseline,788243
baseline,860297
baseline,895317
baseline,954484
baseline,1237581
baseline,853502
baseline,1042225
baseline,1068004
baseline,916240
baseline,1117735
baseline,1063415
baseline,960276
baseline,980321
baseline,913448
baseline,825499
baseline,868503
baseline,796725
baseline,863727
baseline,793750
baseline,874751
baseline,850960
baseline,935264
baseline,953045
baseline,804812
baseline,973442
baseline,998933
baseline,819467
baseline,959127
baseline,917827
baseline,940225
baseline,840579
baseline,891933
baseline,872182
baseline,821090
baseline,873719
baseline,900646
baseline,931628
baseline,1113066
baseline,1074491
baseline,951755
baseline,1159899
baseline,1379255
baseline,1607419
baseline,1099158
baseline,1115817
baseline,1141041
baseline,1085349
baseline,1342435
baseline,894992
baseline,978399
baseline,1025940
baseline,910084
baseline,999300
baseline,858360
baseline,874593
baseline,860810
baseline,1106125
baseline,1201327
baseline,867755
baseline,814503
baseline,924667
baseline,876511
baseline,951023
baseline,1216169
baseline,1262585
baseline,1103927
baseline,918613
baseline,950160
baseline,877982
baseline,878027
baseline,1051154
baseline,823610
baseline,713456
baseline,802284
baseline,697352
baseline,928062
baseline,1029026
baseline,1128297
baseline,1194876
baseline,995586
baseline,926649
baseline,1022682
baseline,956279
baseline,972952
baseline,1484293
baseline,930021
baseline,1117487
baseline,994158
baseline,1210739
baseline,972360
baseline,1175278
baseline,1198235
baseline,981858
baseline,1247010
baseline,1064073
baseline,1031714
baseline,1037108
baseline,993155
baseline,835514
baseline,815566
baseline,731960
baseline,981905
baseline,913491
baseline,882342
baseline,890911
baseline,846432
baseline,863317
baseline,909540
baseline,859416
baseline,830027
baseline,882745
baseline,964581
baseline,1052913
baseline,892722
baseline,967943
baseline,1147108
baseline,1205902
baseline,1024810
baseline,1152431
baseline,872226
baseline,845596
baseline,1110406
baseline,940400
baseline,938713
baseline,1419143
baseline,1016648
baseline,957293
baseline,881450
baseline,915207
baseline,859037
baseline,852925
baseline,1053765
baseline,1225952
baseline,1100958
baseline,1008098
baseline,1228941
baseline,1083092
baseline,912516
baseline,941639
baseline,1017303
baseline,1148175
baseline,1247588
baseline,1242421
baseline,1223118
baseline,1107496
baseline,1053442
baseline,1327605
baseline,1297717
baseline,1184746
baseline,1013726
baseline,1235676
baseline,1022153
baseline,962170
baseline,980655
baseline,1012677
baseline,1184063
baseline,974119
baseline,1157203
baseline,1017624
baseline,955347
baseline,1065124
baseline,1374642
baseline,1070195
baseline,842607
baseline,1127028
baseline,1041945
baseline,1170199
baseline,989728
baseline,1029223
baseline,1060033
baseline,819309
baseline,1017645
baseline,1106700
baseline,753853
baseline,880326
baseline,935896
baseline,758367
baseline,924858
baseline,872516
baseline,886543
baseline,994879
baseline,889652
baseline,1113736
baseline,948312
baseline,840561
baseline,626581
baseline,886548
baseline,754233
baseline,853749
baseline,911345
baseline,767488
baseline,859034
baseline,826430
baseline,1022466
baseline,976139
baseline,1094277
baseline,1020180
baseline,751018
baseline,940412
baseline,981538
baseline,943227
baseline,1024000
baseline,810493
baseline,1042278
baseline,894754
baseline,792266
baseline,775415
baseline,962883
baseline,910443
baseline,992783
baseline,823262
baseline,939865
baseline,908492
baseline,927654
baseline,815448
baseline,703820
baseline,1076621
baseline,1166386
baseline,1419452
baseline,1097587
baseline,920813
baseline,925852
baseline,1147266
baseline,951516
baseline,842863
baseline,1006069
baseline,1301184
baseline,1064085
baseline,950261
baseline,1237101
baseline,793255
baseline,772356
baseline,890456
baseline,1010279
baseline,955871
baseline,923553
baseline,959333
baseline,873184
baseline,948910
baseline,1078229
baseline,1003940
baseline,871102
baseline,1046594
baseline,941337
baseline,978197
baseline,1024475
baseline,988616
baseline,1207565
baseline,1252125
baseline,954747
baseline,999197
baseline,936946
baseline,761035
baseline,818999
baseline,790184
baseline,743090
baseline,728749
baseline,928339
baseline,1042613
baseline,873596
baseline,1017750
baseline,950838
baseline,943202
baseline,875771
baseline,935500
baseline,1085843
baseline,930674
baseline,882314
baseline,884309
baseline,1176186
baseline,868178
baseline,836506
baseline,906312
baseline,884330
baseline,925176
baseline,776344
baseline,918891
baseline,838074
baseline,890054
baseline,855620
baseline,1099160
baseline,965849
baseline,754451
baseline,1053895
baseline,921316
baseline,759794
baseline,795584
baseline,682436
baseline,848369
baseline,766990
baseline,1108400
baseline,1143160
baseline,1082792
baseline,1043428
baseline,1006609
baseline,809949
baseline,896129
baseline,906159
baseline,832043
baseline,1105694
baseline,944172
baseline,932656
baseline,859923
baseline,1041112
baseline,860053
baseline,756266
baseline,961535
baseline,933555
baseline,1067030
baseline,941994
baseline,843652
baseline,989037
baseline,1251478
baseline,1125232
baseline,1107963
baseline,1294927
baseline,916706
baseline,843447
baseline,836857
baseline,983920
baseline,1019461
baseline,997404
baseline,858565
baseline,840990
baseline,1027517
baseline,986072
baseline,909767
baseline,1122384
baseline,1407168
baseline,1104491
baseline,955222
baseline,914059
baseline,1100185
baseline,1264608
baseline,1195151
baseline,1038364
baseline,934836
baseline,991991
baseline,983263
baseline,1080486
baseline,1147914
baseline,891251
baseline,831233
baseline,1008579
baseline,871649
baseline,937556
baseline,904311
baseline,1174696
baseline,990333
baseline,1000725
baseline,933487
baseline,1046120
baseline,992759
baseline,780635
baseline,1151856
baseline,1214217
baseline,1189670
baseline,931068
baseline,1175206
baseline,1098088
baseline,951514
baseline,1112631
baseline,809524
baseline,781520
baseline,1171618
baseline,987151
baseline,1042613
baseline,1187238
baseline,957189
baseline,1011508
baseline,817905
baseline,771598
baseline,1003591
baseline,925365
baseline,881696
baseline,734722
baseline,947732
baseline,793401
baseline,915677
baseline,1304466
baseline,925988
baseline,1127005
baseline,992236
baseline,905742
baseline,833655
baseline,1072264
baseline,952307
baseline,868096
baseline,950830
baseline,1330478
baseline,1172284
baseline,1001832
baseline,916654
baseline,824989
baseline,911473
baseline,975837
baseline,985871
baseline,988379
baseline,782799
baseline,1008270
baseline,910724
baseline,841873
baseline,872711
baseline,791181
baseline,955517
baseline,828915
baseline,1297696
baseline,1014001
baseline,925522
baseline,1121741
baseline,942700
baseline,1107170
baseline,1021571
baseline,1062314
baseline,847609
baseline,900873
baseline,923026
baseline,1234882
baseline,1073456
baseline,1066516
baseline,1029368
baseline,908151
baseline,929096
baseline,765375
baseline,962948
baseline,952257
baseline,1198101
baseline,991111
baseline,1067059
baseline,1012080
baseline,822029
baseline,1298877
baseline,1088289
baseline,983438
baseline,873353
baseline,907355
baseline,846506
baseline,858622
baseline,891628
baseline,913619
baseline,1058205
baseline,765388
baseline,1035565
baseline,845797
baseline,991608
baseline,894896
baseline,965333
baseline,978221
baseline,973424
baseline,1063874
baseline,896048
baseline,1154451
baseline,944229
baseline,845056
baseline,978137
baseline,921714
baseline,1033905
baseline,1028709
baseline,1125839
baseline,747708
baseline,951445
baseline,972750
baseline,893855
baseline,980715
baseline,887056
baseline,1028923
baseline,862554
baseline,862524
baseline,1102068
baseline,951109
baseline,795635
baseline,919297
baseline,844067
baseline,1000823
baseline,863297
baseline,969987
baseline,937779
baseline,668784
baseline,941202
baseline,957003
baseline,1070459
baseline,963010
baseline,878980
baseline,1064647
baseline,994264
baseline,1050687
baseline,1237591
baseline,975250
baseline,951362
baseline,1197105
baseline,1053770
baseline,968596
baseline,1229213
baseline,874957
baseline,1356645
baseline,1170576
baseline,938238
baseline,972627
baseline,858624
baseline,1099997
baseline,1023112
baseline,916506
baseline,1048950
baseline,772955
baseline,1230871
baseline,778707
baseline,825715
baseline,900984
baseline,954250
baseline,992424
baseline,1073393
baseline,991459
baseline,1039479
baseline,1100769
baseline,1237430
baseline,897306
baseline,1089923
baseline,1210382
baseline,1017894
baseline,800755
baseline,1179093
baseline,1209347
baseline,1264216
baseline,892918
baseline,1053175
baseline,845531
baseline,975853
baseline,806770
baseline,1027104
baseline,854441
baseline,915813
baseline,1176338
baseline,925301
baseline,955636
baseline,1321457
baseline,986529
baseline,962818
baseline,930785
baseline,1039472
baseline,1100031
baseline,1198451
baseline,1334735
baseline,1288696
baseline,1133951
baseline,1026366
baseline,1188893
baseline,1119111
baseline,960041
baseline,1078253
baseline,923171
baseline,783405
baseline,860248
baseline,771208
baseline,852494
baseline,975532
baseline,905743
baseline,1141271
baseline,1026346
baseline,1107455
baseline,1121044
baseline,1098029
baseline,1101409
baseline,892198
baseline,1079312
baseline,894042
baseline,826433
baseline,997205
baseline,1229368
baseline,858609
baseline,939681
baseline,1004499
baseline,723622
baseline,956878
baseline,823118
baseline,984364
baseline,1008144
baseline,758055
baseline,948549
baseline,808020
baseline,1037703
baseline,1270230
baseline,1200869
baseline,813940
baseline,827590
baseline,923039
baseline,1008019
baseline,1064459
baseline,1186260
baseline,943546
baseline,1072567
baseline,910198
baseline,1317687
baseline,1211725
baseline,965262
baseline,1168831
baseline,1009419
baseline,938240
baseline,883393
baseline,976256
baseline,964775
baseline,1067146
baseline,1048299
baseline,1048384
baseline,1011274
baseline,953589
baseline,950305
baseline,950184
baseline,1017589
baseline,788283
baseline,799184
baseline,857547
baseline,935895
baseline,1109892
baseline,933788
baseline,923504
baseline,827288
baseline,834280
baseline,1031460
baseline,988637
baseline,1193344
baseline,1118618
baseline,960955
baseline,1145931
baseline,1147143
baseline,1157009
baseline,1370666
baseline,956753
baseline,1063063
baseline,884354
baseline,825243
baseline,1211757
baseline,1261541
baseline,917994
baseline,987613
baseline,981239
baseline,861203
baseline,959862
baseline,946753
baseline,965827
baseline,1042692
baseline,1120523
baseline,1009851
baseline,1061613
baseline,938921
baseline,977288
baseline,814199
baseline,762413
baseline,854583
baseline,1068372
baseline,1009754
baseline,903213
baseline,895952
baseline,767210
baseline,771384
baseline,983369
baseline,900386
baseline,1059081
baseline,1036865
baseline,837134
baseline,989014
baseline,895902
baseline,658474
baseline,918789
baseline,1054059
baseline,1090248
baseline,1057884
baseline,854151
baseline,907202
baseline,1061402
baseline,1106165
baseline,958366
baseline,1120675
baseline,997955
baseline,925759
baseline,1028296
baseline,1044169
baseline,1020679
baseline,897065
baseline,994221
baseline,1024065
baseline,912878
baseline,962322
baseline,993112
baseline,994978
baseline,1049747
baseline,1019429
baseline,1327983
baseline,1157111
baseline,840974
baseline,964925
baseline,1029471
baseline,921473
baseline,1019707
baseline,896153
baseline,813305
baseline,868925
baseline,1135111
baseline,871410
baseline,1095152
baseline,1353981
baseline,1000549
baseline,887106
baseline,972130
baseline,853896
baseline,1031323
baseline,867737
baseline,832547
baseline,837195
baseline,739418
baseline,895037
baseline,1110257
baseline,905788
baseline,799484
baseline,890278
baseline,1132059
baseline,1277727
baseline,1134084
baseline,919957
baseline,985211
baseline,841710
baseline,855849
baseline,1006507
baseline,981555
baseline,780582
baseline,956293
baseline,1045207
baseline,801009
baseline,843752
baseline,966684
baseline,950023
baseline,949338
baseline,975919
baseline,912518
baseline,1062381
baseline,986688
baseline,1105587
baseline,1085741
baseline,1020058
baseline,1123125
baseline,1426200
baseline,1356620
baseline,1538938
baseline,1108649
baseline,1030531
baseline,965284
baseline,852348
baseline,1008010
baseline,956047
baseline,940282
baseline,821984
baseline,636681
baseline,802599
baseline,705524
baseline,718462
baseline,782178
baseline,860745
baseline,1046319
baseline,765761
baseline,914418
baseline,1023268
baseline,830673
baseline,1020669
baseline,757147
baseline,1228571
baseline,986747
baseline,830351
baseline,969278
baseline,895380
baseline,705921
baseline,1241343
baseline,943623
baseline,1206286
baseline,930756
baseline,1000216
baseline,831702
baseline,844661
baseline,968685
baseline,922431
baseline,924323
baseline,1036385
baseline,794008
baseline,965637
baseline,927196
baseline,1022240
baseline,877849
baseline,833285
baseline,893086
baseline,993928
baseline,1122157
baseline,1032252
baseline,1060953
baseline,955868
baseline,980857
baseline,1057199
baseline,907959
baseline,913747
baseline,1015843
baseline,927931
baseline,1010397
baseline,990803
baseline,1155171
baseline,1229909
baseline,1061584
baseline,845395
baseline,993463
baseline,787451
baseline,821087
baseline,820979
baseline,710349
baseline,1101207
baseline,864065
baseline,937346
baseline,1061051
baseline,890759
baseline,1175513
baseline,946378
baseline,1152540
baseline,980932
baseline,849733
baseline,1083635
baseline,1152485
baseline,837665
baseline,1114434
baseline,1248003
baseline,1351388
baseline,991710
baseline,937577
baseline,878487
baseline,1140841
baseline,1537737
baseline,1507202
baseline,1065460
baseline,1081513
baseline,1216168
baseline,1040601
baseline,1012514
baseline,1193862
baseline,965759
baseline,1301811
baseline,975893
baseline,1103399
baseline,1126518
baseline,1204789
baseline,1279664
baseline,913638
baseline,1289928
baseline,1211806
baseline,954816
baseline,966430
baseline,941613
baseline,812330
baseline,976434
baseline,982242
baseline,1020376
baseline,1094168
baseline,896466
baseline,806473
baseline,859863
baseline,1145626
baseline,1112772
baseline,917373
baseline,929119
baseline,1089985
baseline,894196
baseline,971714
baseline,1056561
baseline,1083498
baseline,1124566
baseline,966151
baseline,1109204
baseline,938376
baseline,810337
baseline,767263
baseline,873764
baseline,983406
baseline,978766
baseline,995280
baseline,906584
baseline,1090944
baseline,872708
baseline,1076113
baseline,1132870
baseline,890194
baseline,846144
baseline,889776
baseline,827300
baseline,858145
baseline,981342
baseline,1298801
baseline,971157
baseline,1157724
baseline,988691
baseline,1039400
baseline,984969
baseline,876778
baseline,983989
baseline,816092
baseline,729791
baseline,930134
baseline,928505
baseline,1038304
baseline,753397
baseline,853381
baseline,1034402
baseline,949216
baseline,961919
baseline,897287
baseline,946339
baseline,905904
baseline,833760
baseline,781764
baseline,1068172
baseline,1114902
baseline,859098
baseline,970831
baseline,927300
baseline,1013954
baseline,1024719
baseline,1199944
baseline,908010
baseline,889462
baseline,1078611
baseline,1023062
baseline,1225948
baseline,1191700
baseline,975830
baseline,920447
baseline,1099096
baseline,1129472
baseline,1085062
baseline,1038700
baseline,1142470
baseline,1128089
baseline,1266625
baseline,1190223
baseline,1102744
baseline,974992
baseline,1034179
baseline,988761
baseline,1155870
baseline,798062
baseline,811310
baseline,759280
baseline,964728
baseline,846569
baseline,910584
baseline,931448
baseline,973273
baseline,1142974
baseline,831602
baseline,906387
baseline,921044
baseline,974525
baseline,925310
baseline,1305463
baseline,1120522
baseline,1087150
baseline,1092554
baseline,894759
baseline,840860
baseline,931494
baseline,616995
baseline,831179
baseline,1012770
baseline,1303902
baseline,1051466
baseline,1021546
baseline,1118659
baseline,1011695
baseline,1258887
baseline,1119378
baseline,1118942
baseline,953205
baseline,1116674
baseline,1087885
baseline,1028277
baseline,1008796
baseline,737181
baseline,889351
baseline,1437783
baseline,1284070
baseline,942805
baseline,986216
baseline,810781
baseline,946466
baseline,823588
baseline,1097285
baseline,1072412
baseline,979532
baseline,1105912
baseline,1165523
baseline,1054426
baseline,977512
baseline,1000312
baseline,925185
baseline,876339
baseline,1006625
baseline,1038555
baseline,853195
baseline,947722
baseline,1155556
baseline,1037497
baseline,1012320
baseline,929998
baseline,815172
baseline,933020
baseline,839351
baseline,799285
baseline,970405
baseline,940886
baseline,922312
baseline,1048330
baseline,1239168
baseline,833360
baseline,975975
baseline,1119428
baseline,865185
baseline,975781
baseline,1035935
baseline,990148
baseline,953439
baseline,794957
baseline,879393
baseline,1338635
baseline,959142
baseline,979613
baseline,724052
baseline,923234
baseline,1053162
baseline,938669
baseline,1015765
baseline,1030980
baseline,806119
baseline,992802
baseline,785539
baseline,984939
baseline,986131
baseline,972651
baseline,840904
baseline,891285
baseline,1032352
baseline,953239
baseline,910288
baseline,1220700
baseline,1119017
baseline,1169953
baseline,976739
baseline,1230400
baseline,974382
baseline,977999
baseline,1038568
baseline,994966
baseline,1243910
baseline,1262051
baseline,991297
baseline,1013772
baseline,1018138
baseline,883805
baseline,901154
baseline,1036517
baseline,954877
baseline,1098123
baseline,1186665
baseline,803935
baseline,986635
baseline,909683
baseline,857732
baseline,930505
baseline,759352
baseline,842958
baseline,1011674
baseline,903140
baseline,1002969
baseline,831557
baseline,1011318
baseline,881292
baseline,1108725
baseline,1000539
baseline,788376
baseline,1165431
baseline,1008328
baseline,1142358
baseline,1415098
baseline,944512
baseline,899840
baseline,888666
baseline,1035856
baseline,978942
baseline,1021311
baseline,1106234
baseline,1126500
baseline,1356630
baseline,1191321
baseline,1053634
baseline,1152755
baseline,1138123
baseline,805257
baseline,975866
baseline,910638
baseline,1569582
baseline,1105712
baseline,898754
baseline,975682
baseline,1328303
baseline,1019172
baseline,845146
baseline,989648
baseline,954993
baseline,946826
baseline,943675
baseline,1021683
baseline,962938
baseline,1194324
baseline,1230764
baseline,1288173
baseline,848858
baseline,985739
baseline,1075545
baseline,1007326
baseline,1099471
baseline,1218897
baseline,911564
baseline,848816
baseline,1255083
baseline,1129581
baseline,1238945
baseline,1021454
baseline,862316
baseline,1064929
baseline,1001116
baseline,967683
baseline,1119240
baseline,1018020
baseline,1102481
baseline,965234
baseline,818563
baseline,903731
baseline,1028825
baseline,906868
baseline,817902
baseline,946350
baseline,1134628
baseline,1022879
baseline,1114833
baseline,1003561
baseline,1037906
baseline,837809
baseline,784395
baseline,754924
baseline,1049086
baseline,1013248
baseline,817216
baseline,1010318
baseline,1003635
baseline,1026670
baseline,1049179
baseline,926686
baseline,1129140
baseline,1049135
baseline,970149
baseline,1109744
baseline,903016
baseline,991813
baseline,1144813
baseline,897357
baseline,959741
baseline,966784
baseline,1040627
baseline,1101160
baseline,852285
baseline,908026
baseline,995960
baseline,941856
baseline,895092
baseline,794373
baseline,861883
baseline,1036762
baseline,1233007
baseline,916551
baseline,1244821
baseline,1107520
baseline,945312
baseline,819744
baseline,933463
baseline,947223
baseline,924108
baseline,799485
baseline,827066
baseline,1009283
baseline,932038
baseline,926285
baseline,990878
baseline,956840
baseline,928751
baseline,1005393
baseline,967422
baseline,918254
baseline,818521
baseline,1094114
baseline,1019773
baseline,1039255
baseline,1280316
baseline,1062111
baseline,866502
baseline,821303
baseline,1035992
baseline,1021530
baseline,975535
baseline,765913
baseline,1008491
baseline,1208311
baseline,1097482
baseline,768646
baseline,875778
baseline,790794
baseline,773919
baseline,895120
baseline,955228
baseline,979682
baseline,888433
baseline,903359
baseline,969704
baseline,814611
baseline,912335
baseline,785939
baseline,957478
baseline,856311
baseline,738014
baseline,937235
baseline,985186
baseline,939308
baseline,1013550
baseline,965769
baseline,1085956
baseline,1037724
baseline,843738
baseline,900488
baseline,1037683
baseline,1116456
baseline,890077
baseline,870169
baseline,946819
baseline,794118
baseline,958908
baseline,944022
baseline,1091013
baseline,922715
baseline,1161041
baseline,841226
baseline,838807
baseline,715877
baseline,987654
baseline,936217
baseline,1122310
baseline,921662
baseline,931922
baseline,1045906
baseline,1019706
baseline,1130344
baseline,1122993
baseline,1047506
baseline,1162643
baseline,1072236
baseline,1080579
baseline,1353964
baseline,1132840
baseline,977160
baseline,915567
baseline,1076337
baseline,870439
baseline,947856
baseline,739783
baseline,771302
baseline,755506
baseline,772837
baseline,685727
baseline,780793
baseline,840244
baseline,724812
baseline,1016721
baseline,1089340
baseline,1003092
baseline,1026691
baseline,796473
baseline,957775
baseline,1004965
baseline,1003235
baseline,980978
baseline,952113
baseline,1054418
baseline,1128117
baseline,1064632
baseline,1047930
baseline,1100913
baseline,1090103
baseline,773674
baseline,823327
baseline,773178
baseline,726976
baseline,798537
baseline,939122
baseline,934552
baseline,741767
baseline,870209
baseline,887688
baseline,844006
baseline,897678
baseline,862115
baseline,1059303
baseline,978086
baseline,838823
baseline,936871
baseline,824183
baseline,820838
baseline,894013
baseline,1174660
baseline,980298
baseline,929195
baseline,881107
baseline,983015
baseline,756937
baseline,944456
baseline,948125
baseline,955248
baseline,1071092
baseline,906969
baseline,1076160
baseline,946971
baseline,894737
baseline,1195194
baseline,1138844
baseline,1393208
baseline,932675
baseline,1279666
baseline,990802
baseline,763017
baseline,773744
baseline,969322
baseline,1169015
baseline,1041199
baseline,970357
baseline,912169
baseline,766430
baseline,835429
baseline,822687
baseline,921859
baseline,1035730
baseline,1118093
baseline,907357
baseline,1053757
baseline,909048
baseline,967404
baseline,905795
baseline,881720
baseline,969314
baseline,1209779
baseline,1285140
baseline,864630
baseline,938999
baseline,1020596
baseline,1035773
baseline,1090910
baseline,1185523
baseline,1144548
baseline,1226758
baseline,970067
baseline,918825
baseline,793137
baseline,967559
baseline,965721
baseline,876827
baseline,1089256
baseline,1002305
baseline,1163514
baseline,1018604
baseline,1251179
baseline,1039336
baseline,832762
baseline,1238857
baseline,1237983
baseline,1302076
baseline,1208911
baseline,1045390
baseline,988518
baseline,780121
baseline,976018
baseline,877192
baseline,871710
baseline,998907
baseline,1080615
baseline,890179
baseline,858861
baseline,1012693
baseline,914905
baseline,857587
baseline,955524
baseline,949802
baseline,866233
baseline,1179798
baseline,955232
baseline,1257547
baseline,991951
baseline,1125753
baseline,1060286
baseline,1076077
baseline,803534
baseline,1162573
baseline,1176174
baseline,844395
baseline,891245
baseline,995480
baseline,1170088
baseline,1414665
baseline,1065133
baseline,1099711
baseline,1014423
baseline,1170714
baseline,890250
baseline,1031497
baseline,996530
baseline,841326
baseline,1223182
baseline,1202468
baseline,1159953
baseline,1185383
baseline,1181555
baseline,905324
baseline,1006855
baseline,1011505
baseline,952188
baseline,837585
baseline,841250
baseline,988262
baseline,1144135
baseline,794504
baseline,1126025
baseline,1058836
baseline,1002226
baseline,886189
baseline,1323105
baseline,1249452
baseline,936545
baseline,1096192
baseline,1033572
baseline,1057275
baseline,1128465
baseline,880474
baseline,1162488
baseline,854127
baseline,1073537
baseline,1039534
baseline,844000
baseline,950726
baseline,1016787
baseline,1042397
baseline,1221479
baseline,1105428
baseline,962906
baseline,825535
baseline,1017788
baseline,1067725
baseline,1029191
baseline,835921
baseline,826136
baseline,966717
baseline,1221788
baseline,1051264
baseline,1050430
baseline,1136797
baseline,749168
baseline,803877
baseline,1103571
baseline,922394
baseline,910553
baseline,976784
baseline,894571
baseline,1074480
baseline,902301
baseline,965787
baseline,1104678
baseline,995454
baseline,1017922
baseline,1129863
baseline,1204338
baseline,1301877
baseline,845431
baseline,1000809
baseline,1175852
baseline,942112
baseline,1166098
baseline,948547
baseline,798519
baseline,831691
baseline,829587
baseline,851503
baseline,995463
baseline,900971
baseline,1052250
baseline,986392
baseline,1383834
baseline,1252927
baseline,1222966
baseline,1056355
baseline,1043384
baseline,1270293
baseline,964009
baseline,824999
baseline,992827
baseline,861015
baseline,876030
baseline,1028286
baseline,991304
baseline,1152637
baseline,993287
baseline,913824
baseline,931268
baseline,722673
baseline,852020
baseline,988319
baseline,791748
baseline,828438
baseline,924027
baseline,994207
baseline,886140
baseline,767439
baseline,899175
baseline,984208
baseline,908023
baseline,959912
baseline,1167667
baseline,1273360
baseline,1269183
baseline,944909
baseline,962890
baseline,965172
baseline,979360
baseline,917131
baseline,960959
baseline,883399
baseline,1013108
baseline,1047428
baseline,1134869
baseline,1085586
baseline,1092191
baseline,944671
baseline,1172786
baseline,944394
baseline,940414
baseline,971107
baseline,901266
baseline,1219730
baseline,1144688
baseline,1005963
baseline,843204
baseline,1164880
baseline,1084773
baseline,892681
baseline,902025
baseline,853266
baseline,938554
baseline,845403
baseline,1057235
baseline,696661
baseline,1106917
baseline,978106
baseline,1134701
baseline,1039425
baseline,1029683
baseline,874771
baseline,1013661
baseline,1082504
baseline,1066158
baseline,1184814
baseline,1077623
baseline,866073
baseline,1141164
baseline,994140
baseline,1020662
baseline,869315
baseline,944890
baseline,1354445
baseline,1168066
baseline,1045704
baseline,1057686
baseline,838460
baseline,741359
baseline,978936
baseline,914768
baseline,957082
baseline,950372
baseline,1029072
baseline,1133782
baseline,752234
baseline,831737
baseline,1117810
baseline,876851
baseline,761715
baseline,951157
baseline,925426
baseline,864971
baseline,1240639
baseline,893732
baseline,918252
baseline,863792
baseline,853476
baseline,1114548
baseline,933162
baseline,817004
baseline,800253
baseline,1251502
baseline,1124843
baseline,1380828
baseline,1235312
baseline,1067259
baseline,1153816
baseline,1268613
baseline,1274878
baseline,814128
baseline,1287296
baseline,968609
baseline,887209
baseline,899467
baseline,986314
baseline,1091120
baseline,964043
baseline,1039353
baseline,1060583
baseline,911746
baseline,979889
baseline,913057
baseline,859165
baseline,888059
baseline,887126
baseline,826467
baseline,978524
baseline,1261181
baseline,1134068
baseline,1109694
baseline,1115341
baseline,1135187
baseline,1080313
baseline,875553
baseline,778462
baseline,928890
baseline,917759
baseline,1216140
baseline,1130773
baseline,797753
baseline,896972
baseline,995576
baseline,978846
baseline,1014851
baseline,926881
baseline,813653
baseline,953456
baseline,937978
baseline,929839
baseline,1201305
baseline,995104
baseline,1110910
baseline,1041634
baseline,1050768
baseline,1001784
baseline,795824
baseline,1051218
baseline,1083154
baseline,933109
baseline,1002674
baseline,1140681
baseline,1074501
baseline,967652
baseline,915737
baseline,1094373
baseline,1039126
baseline,956795
baseline,1138992
baseline,962920
baseline,957781
baseline,1096289
baseline,992363
baseline,928028
baseline,1077378
baseline,1409103
baseline,1113093
baseline,1017081
baseline,965279
baseline,812439
baseline,1157328
baseline,1106467
baseline,1078582
baseline,1261901
baseline,1077132
baseline,947504
baseline,772522
baseline,857802
baseline,995815
baseline,1046811
baseline,1016250
baseline,837461
baseline,956429
baseline,1063610
baseline,1019194
baseline,1023153
baseline,1060792
baseline,1009070
baseline,810929
baseline,984180
baseline,1399666
baseline,1005339
baseline,1204989
baseline,954717
baseline,1123178
baseline,1064232
baseline,930012
baseline,994328
baseline,882205
baseline,1204752
baseline,1284288
baseline,1196271
baseline,1197269
baseline,1192865
baseline,1135383
baseline,1249649
baseline,1064340
baseline,1007109
baseline,824876
baseline,996121
baseline,823012
baseline,920190
baseline,838625
baseline,804892
baseline,931101
baseline,1002541
baseline,882155
baseline,977318
baseline,1013638
baseline,1144078
baseline,913073
baseline,1268765
baseline,983798
baseline,1274517
baseline,1056366
baseline,1154733
baseline,1167906
baseline,1083085
baseline,1099654
baseline,936913
baseline,970454
baseline,949792
baseline,909694
baseline,925024
baseline,927418
baseline,960357
baseline,1116231
baseline,912324
baseline,886766
baseline,891097
baseline,867858
baseline,1215858
baseline,843694
baseline,903860
baseline,975262
baseline,888177
baseline,877669
baseline,1149193
baseline,963334
baseline,924251
baseline,879744
baseline,965279
baseline,873894
baseline,855142
baseline,961449
baseline,1139245
baseline,886218
baseline,830533
baseline,913854
baseline,989482
baseline,914197
baseline,770657
baseline,1225729
baseline,975730
baseline,1114693
baseline,1350860
baseline,1155511
baseline,902284
baseline,1016836
baseline,992242
baseline,843620
baseline,969473
baseline,857458
baseline,882567
baseline,920786
baseline,994107
baseline,1063956
baseline,930563
baseline,949804
baseline,1113003
baseline,1168156
baseline,979148
baseline,832369
baseline,1167706
baseline,974858
baseline,988002
baseline,1106178
baseline,883851
baseline,1085002
baseline,1081051
baseline,1201165
baseline,1126523
baseline,1011233
baseline,915930
baseline,738971
baseline,865310
baseline,809053
baseline,1106872
baseline,974907
baseline,898699
baseline,792312
baseline,1007791
baseline,983579
baseline,928324
baseline,968751
baseline,1113742
baseline,1316126
baseline,1159849
baseline,1424119
baseline,1121126
baseline,1179849
baseline,1060366
baseline,1152022
baseline,1206310
baseline,1023093
baseline,931172
baseline,1132096
baseline,839150
baseline,901994
baseline,1220789
baseline,985555
baseline,1301885
baseline,1226884
baseline,1060119
baseline,824101
baseline,990185
baseline,897941
baseline,1191836
baseline,1080355
baseline,1004392
baseline,917598
baseline,863564
baseline,886855
baseline,1116544
baseline,884196
baseline,853978
baseline,1067110
baseline,1009477
baseline,943378
baseline,1017992
baseline,968026
baseline,974099
baseline,884753
baseline,817882
baseline,925447
baseline,910594
baseline,896835
baseline,1167431
baseline,1162308
baseline,1043467
baseline,976632
baseline,1013919
baseline,860319
baseline,1196218
baseline,1075234
baseline,1277846
baseline,1126747
baseline,1040767
baseline,988133
baseline,785218
baseline,940321
baseline,1096688
baseline,1036829
baseline,1254838
baseline,1236240
baseline,1064514
baseline,854163
baseline,849648
baseline,932210
baseline,1247699
baseline,1054433
baseline,994429
baseline,1074121
baseline,914130
baseline,956076
baseline,1105506
baseline,1224479
baseline,951424
baseline,1044202
baseline,1074125
baseline,1294669
baseline,1019380
baseline,1196593
baseline,901473
baseline,1055461
baseline,1014585
baseline,1042523
baseline,1106199
baseline,1292172
baseline,1037203
baseline,1030175
baseline,954168
baseline,919167
baseline,927545
baseline,741688
baseline,863140
baseline,999160
baseline,904480
baseline,1259424
baseline,1076515
baseline,1108888
baseline,988578
baseline,920599
baseline,1053821
baseline,1037378
baseline,1406035
baseline,1187829
baseline,1018585
baseline,1020032
baseline,1097053
baseline,1109445
baseline,987978
baseline,973915
baseline,1097094
baseline,1362106
baseline,1026658
baseline,961826
baseline,1083719
baseline,912942
baseline,1013075
baseline,868972
baseline,860886
baseline,970459
baseline,1091771
baseline,1191296
baseline,836187
baseline,1023117
baseline,1328920
baseline,885117
baseline,668169
baseline,812875
baseline,1134396
baseline,947687
baseline,921946
baseline,883136
baseline,833605
baseline,846884
baseline,1036188
baseline,1082293
baseline,1040891
baseline,1050052
baseline,1090068
baseline,1170891
baseline,961495
baseline,1044567
baseline,1090800
baseline,824050
baseline,976677
baseline,1112019
baseline,1151777
baseline,995220
baseline,894649
baseline,965933
baseline,1013209
baseline,1206877
baseline,1006415
baseline,1418575
baseline,1218104
baseline,1214370
baseline,1366336
baseline,1098746
baseline,1085309
baseline,1089101
baseline,1011150
baseline,1075748
baseline,921633
baseline,900020
baseline,963610
baseline,900868
baseline,1125237
baseline,1019203
baseline,1209251
baseline,745129
baseline,792712
baseline,717767
baseline,1150158
baseline,872075
baseline,1195031
baseline,1050922
baseline,1082687
baseline,1029978
baseline,931041
baseline,1223251
baseline,1009644
baseline,1030331
baseline,998961
baseline,1026185
baseline,1074484
baseline,911428
baseline,777558
baseline,1052432
baseline,801147
baseline,970607
baseline,1129333
baseline,924655
baseline,1185024
baseline,1067953
baseline,871052
baseline,798695
baseline,1031403
baseline,994839
baseline,1011335
baseline,992411
baseline,860894
baseline,1130389
baseline,983596
baseline,967437
baseline,863835
baseline,993245
baseline,983001
baseline,1036356
baseline,782364
baseline,1003619
baseline,1031070
baseline,984600
baseline,1191298
baseline,850334
baseline,828158
baseline,1075090
baseline,1016372
baseline,1109090
baseline,1137010
baseline,1101928
baseline,1036784
baseline,1135605
baseline,1130993
baseline,1155727
baseline,883073
baseline,1019768
baseline,968486
baseline,1028738
baseline,991394
baseline,1078783
baseline,953219
baseline,1308082
baseline,1114414
baseline,803612
baseline,944903
baseline,1025340
baseline,1017515
baseline,928350
baseline,1098849
baseline,1009013
baseline,1074240
baseline,919934
baseline,1189694
baseline,967015
baseline,1024791
baseline,955759
baseline,952248
baseline,910373
baseline,845856
baseline,902655
baseline,1173172
baseline,1267995
baseline,840920
baseline,904914
baseline,798673
baseline,1000641
baseline,952139
baseline,1041636
baseline,964437
baseline,1067467
baseline,973247
baseline,890461
baseline,1066260
baseline,1093043
baseline,1009989
baseline,1619817
baseline,1285369
baseline,1191255
baseline,1081954
baseline,1105642
baseline,1058719
baseline,967434
baseline,1247201
baseline,986592
baseline,1071493
baseline,948787
baseline,796824
baseline,1068083
baseline,1238933
baseline,1199019
baseline,1033190
baseline,1141853
baseline,1274071
baseline,1110297
baseline,1012243
baseline,886473
baseline,1147475
baseline,989031
baseline,945275
baseline,1070806
baseline,1150320
baseline,1308831
baseline,860900
baseline,810876
baseline,1043273
baseline,808973
baseline,877483
baseline,776053
baseline,847603
baseline,792829
baseline,898210
baseline,861288
baseline,1040830
baseline,927028
baseline,1661357
baseline,1257732
baseline,1295288
baseline,863816
baseline,800145
baseline,1088090
baseline,1166378
baseline,906084
baseline,809155
baseline,801639
baseline,1009149
baseline,1103073
baseline,1004074
baseline,1026091
baseline,1214631
baseline,973121
baseline,957954
baseline,1142312
baseline,777412
baseline,1082821
baseline,962823
baseline,1133256
baseline,1035496
baseline,911546
baseline,877111
baseline,783167
baseline,1266128
baseline,996605
baseline,878805
baseline,1147955
baseline,925284
baseline,1018545
baseline,1068448
baseline,956183
baseline,816706
baseline,916609
baseline,762455
baseline,856537
baseline,1016288
baseline,1039269
baseline,1177996
baseline,1227611
baseline,1158998
baseline,844835
baseline,760430
baseline,932158
baseline,839050
baseline,902061
baseline,929202
baseline,963820
baseline,755993
baseline,826090
baseline,828688
baseline,931287
baseline,719368
baseline,687723
baseline,948148
baseline,854013
baseline,789774
baseline,1138949
baseline,1101430
baseline,987747
baseline,1207680
baseline,1042743
baseline,791578
baseline,811856
baseline,947198
baseline,926725
baseline,1176221
baseline,825891
baseline,691581
baseline,931303
baseline,1049174
baseline,883078
baseline,965426
baseline,883867
baseline,983026
baseline,923834
baseline,991682
baseline,1237897
baseline,1015658
baseline,1002606
baseline,935272
baseline,1223936
baseline,1227597
baseline,1052673
baseline,1177272
baseline,894605
baseline,1149933
baseline,1026420
baseline,853716
baseline,1038460
baseline,1097457
baseline,901251
baseline,852811
baseline,978603
baseline,821961
baseline,995705
baseline,957850
baseline,875082
baseline,924855
baseline,893797
baseline,1001011
baseline,958612
baseline,956055
baseline,863995
baseline,1034044
baseline,894672
baseline,1119084
baseline,1058003
baseline,1144146
baseline,976278
baseline,854573
baseline,996417
baseline,859183
baseline,769501
baseline,934173
baseline,1045288
baseline,1003039
baseline,910177
baseline,855235
baseline,860178
baseline,1156437
baseline,847243
baseline,1126335
baseline,900261
baseline,1087069
baseline,841866
baseline,937939
baseline,985774
baseline,844523
baseline,1008188
baseline,1060210
baseline,1366318
baseline,1467372
baseline,1292140
baseline,1269825
baseline,833742
baseline,960863
baseline,1225176
baseline,835372
baseline,989950
baseline,766211
baseline,984601
baseline,954118
baseline,1097644
baseline,1040294
baseline,971202
baseline,970814
baseline,1071980
baseline,1055156
baseline,1069232
baseline,1173967
baseline,932052
baseline,1015079
baseline,929442
baseline,1094749
baseline,1023442
baseline,942442
baseline,830848
baseline,980096
baseline,745462
baseline,958685
baseline,1032485
baseline,895548
baseline,904786
baseline,809456
baseline,1037163
baseline,1164994
baseline,757803
baseline,734278
baseline,1054975
baseline,813938
baseline,1048512
baseline,871763
baseline,1048991
baseline,1141584
baseline,913014
baseline,1156162
baseline,902688
baseline,793923
baseline,1135691
baseline,946262
baseline,971935
baseline,963515
baseline,762400
baseline,785171
baseline,1007201
baseline,831637
baseline,950489
baseline,907527
baseline,1113655
baseline,1185880
baseline,971222
baseline,1046194
baseline,1134202
baseline,1115086
baseline,1132064
baseline,818235
baseline,833873
baseline,869797
baseline,778806
baseline,998650
baseline,950649
baseline,996700
baseline,964186
baseline,987323
baseline,950223
baseline,1104554
baseline,845657
baseline,870822
baseline,939378
baseline,967770
baseline,1071309
baseline,920336
baseline,1135435
baseline,904370
baseline,984510
baseline,1000735
baseline,980215
baseline,1141839
baseline,926541
baseline,870118
baseline,928247
baseline,1111124
baseline,996708
baseline,1152950
baseline,1160525
baseline,1136803
baseline,989290
baseline,929946
baseline,931246
baseline,998269
baseline,685459
baseline,712470
baseline,838082
baseline,868954
baseline,947658
baseline,722956
baseline,885698
baseline,1148863
baseline,1328399
baseline,1273585
baseline,1215343
baseline,1063072
baseline,940896
baseline,1080097
baseline,810798
baseline,867706
baseline,711222
baseline,801459
baseline,940533
baseline,1044932
baseline,929943
baseline,1041404
baseline,1086323
baseline,1053642
baseline,1042978
baseline,1056898
baseline,713435
baseline,901111
baseline,1041484
baseline,963463
baseline,1027194
baseline,1155924
baseline,842047
baseline,857537
baseline,952006
baseline,751149
baseline,879664
baseline,725773
baseline,844306
baseline,840592
baseline,993569
baseline,1347411
baseline,998479
baseline,1185812
baseline,1187156
baseline,1116298
baseline,1112888
baseline,1059792
baseline,843960
baseline,830272
baseline,757912
baseline,977692
baseline,821109
baseline,1113152
baseline,868991
baseline,966529
baseline,894131
baseline,1016106
baseline,958381
baseline,1217512
baseline,909283
baseline,1109513
baseline,994714
baseline,1029628
baseline,1144681
baseline,998016
baseline,1063106
baseline,1035836
baseline,940432
baseline,1072225
baseline,1134997
baseline,990934
baseline,1015846
baseline,929785
baseline,913943
baseline,944253
baseline,1139441
baseline,806203
baseline,919560
baseline,1077854
baseline,752071
baseline,875092
baseline,970659
baseline,773471
baseline,1169355
baseline,1060551
baseline,1094938
baseline,1024043
baseline,1135491
baseline,922820
baseline,895356
baseline,802476
baseline,982847
baseline,797273
baseline,863955
baseline,921257
baseline,829400
baseline,1010573
baseline,1035178
baseline,1026029
baseline,836655
baseline,1021233
baseline,1011143
baseline,792608
baseline,920845
baseline,1092460
baseline,1178989
baseline,1013374
baseline,902441
baseline,945023
baseline,980266
baseline,1144033
baseline,933402
baseline,894955
baseline,1051142
baseline,939319
baseline,916192
baseline,817467
baseline,1008603
baseline,992643
baseline,755335
baseline,837619
baseline,830876
baseline,944960
baseline,843444
baseline,1005341
baseline,857504
baseline,1085988
baseline,1252106
baseline,1028603
baseline,942632
baseline,973607
baseline,1029631
baseline,1083019
baseline,1016968
baseline,959138
baseline,815725
baseline,1106451
baseline,967661
baseline,928682
baseline,967762
baseline,948260
baseline,900610
baseline,992309
baseline,993473
baseline,1270444
baseline,961000
baseline,1200004
baseline,1166427
baseline,1059002
baseline,961869
baseline,1014991
baseline,1054003
baseline,889443
baseline,940330
baseline,924179
baseline,784622
baseline,864757
baseline,806314
baseline,1136383
baseline,1115739
baseline,880180
baseline,967590
baseline,892053
baseline,885896
baseline,961550
baseline,1045068
baseline,933856
baseline,943616
baseline,1423466
baseline,961255
baseline,934205
baseline,912438
baseline,1336195
baseline,874521
baseline,981754
baseline,995052
baseline,914482
baseline,883375
baseline,1052626
baseline,1013590
baseline,984865
baseline,1107075
baseline,1205791
baseline,1167259
baseline,1129603
baseline,803388
baseline,1038055
baseline,977894
baseline,915086
baseline,871387
baseline,1005335
baseline,867508
baseline,1000749
baseline,1047798
baseline,961587
baseline,1146453
baseline,833608
baseline,896428
baseline,1149957
baseline,720229
baseline,1039154
baseline,897970
baseline,909117
baseline,934713
baseline,968530
baseline,895928
baseline,1172876
baseline,794759
baseline,737185
baseline,868154
baseline,1142590
baseline,779082
baseline,1131542
baseline,1017547
baseline,967101
baseline,851797
baseline,808766
baseline,1048006
baseline,962432
baseline,1077391
baseline,840779
baseline,1105888
baseline,1041667
baseline,1096251
baseline,1283196
baseline,1356182
baseline,870218
baseline,1090204
baseline,1054842
baseline,988853
baseline,1212680
baseline,1261961
baseline,1114545
baseline,1048110
baseline,987457
baseline,1119864
baseline,1178810
baseline,890889
baseline,985990
baseline,809716
baseline,1286781
baseline,791804
baseline,896650
baseline,1051589
baseline,1345175
baseline,831009
baseline,939512
baseline,1200235
baseline,1295842
baseline,1165202
baseline,877934
baseline,1152818
baseline,1103256
baseline,1059463
baseline,893238
baseline,1218059
baseline,1088717
baseline,1000412
baseline,931017
baseline,1011233
baseline,915997
baseline,1042054
baseline,802219
baseline,1012601
baseline,919484
baseline,909831
baseline,912522
baseline,1089429
baseline,1040311
baseline,808376
baseline,670168
baseline,884352
baseline,883495
baseline,758326
baseline,1028668
baseline,956916
baseline,1045803
baseline,927792
baseline,868882
baseline,1154779
baseline,1294500
baseline,1084889
baseline,1099712
baseline,1102300
baseline,1142453
baseline,1058966
baseline,906472
baseline,893406
baseline,913477
baseline,1075452
baseline,1108042
baseline,1120619
baseline,1092340
baseline,1036891
baseline,879559
baseline,977633
baseline,949850
baseline,1008593
baseline,1275509
baseline,1269350
baseline,1236503
baseline,989233
baseline,868128
baseline,1071864
baseline,979858
baseline,1121856
baseline,1022288
baseline,1221441
baseline,1211919
baseline,1227807
baseline,1067023
baseline,997106
baseline,1051861
baseline,1064328
baseline,909241
baseline,909208
baseline,1125314
baseline,995032
baseline,1078941
baseline,1071184
baseline,920894
baseline,1078872
baseline,991456
baseline,851094
baseline,1206780
baseline,1079949
baseline,935649
baseline,915402
baseline,971060
baseline,944284
baseline,1049233
baseline,917707
baseline,1065475
baseline,992964
baseline,890182
baseline,957375
baseline,929678
baseline,1024652
baseline,927681
baseline,803134
baseline,876136
baseline,950393
baseline,819557
baseline,1153058
baseline,857508
baseline,1054524
baseline,951509
baseline,1057526
baseline,961220
baseline,952561
baseline,1072849
baseline,1211869
baseline,1137540
baseline,1067658
baseline,1214920
baseline,1469587
baseline,980468
baseline,1279173
baseline,839202
baseline,792171
baseline,675293
baseline,854124
baseline,1005341
baseline,994069
baseline,952013
baseline,969509
baseline,947898
baseline,1065886
baseline,875965
baseline,1062673
baseline,911055
baseline,1004102
baseline,1107040
baseline,909491
baseline,1231376
baseline,1193946
baseline,1003630
baseline,881922
baseline,954265
baseline,952395
baseline,1023817
baseline,1382528
baseline,969365
baseline,1100107
baseline,894001
baseline,978795
baseline,1001686
baseline,1159506
baseline,1015311
baseline,1223321
baseline,1454608
baseline,1304236
baseline,1428532
baseline,1188714
baseline,936148
baseline,1084888
baseline,995642
baseline,779327
baseline,911378
baseline,944117
baseline,969579
baseline,969947
baseline,936671
baseline,859286
baseline,753524
baseline,1036709
baseline,1176859
baseline,741115
baseline,895907
baseline,1067366
baseline,888359
baseline,929112
baseline,895479
baseline,1085269
baseline,847258
baseline,1158702
baseline,1085455
baseline,913743
baseline,1042820
baseline,932743
baseline,962515
baseline,1064254
baseline,1310212
baseline,1022581
baseline,996606
baseline,1016063
baseline,1134454
baseline,889452
baseline,1059056
baseline,997321
baseline,1061443
baseline,916266
baseline,977639
baseline,795632
baseline,913693
baseline,937271
baseline,807558
baseline,1028950
baseline,992537
baseline,1079156
baseline,1230747
baseline,897610
baseline,966256
baseline,946063
baseline,816398
baseline,964614
baseline,904009
baseline,820342
baseline,1082730
baseline,930530
baseline,1079731
baseline,707180
baseline,931787
baseline,784446
baseline,924384
baseline,805145
baseline,978744
baseline,820462
baseline,1051916
baseline,1199216
baseline,1116694
baseline,843928
baseline,1075275
baseline,1058093
baseline,1049715
baseline,1038856
baseline,1105256
baseline,965854
baseline,1221549
baseline,884093
baseline,1128437
baseline,1103344
baseline,1056171
baseline,747277
baseline,985627
baseline,1010265
baseline,936789
baseline,1066607
baseline,860671
baseline,834398
baseline,885730
baseline,872588
baseline,801025
baseline,763445
baseline,840836
baseline,871751
baseline,653616
baseline,763900
baseline,774723
baseline,647309
baseline,940463
baseline,1052560
baseline,836134
baseline,1013876
baseline,1015627
baseline,1019889
baseline,996940
baseline,895510
baseline,1080469
baseline,1077207
baseline,712023
baseline,947036
baseline,934408
baseline,880145
baseline,1089720
baseline,900644
baseline,819830
baseline,1116660
baseline,977150
baseline,921043
baseline,957034
baseline,787696
baseline,843365
baseline,923801
baseline,703524
baseline,915180
baseline,1076119
baseline,1062956
baseline,1139186
baseline,1090420
baseline,958735
baseline,722505
baseline,749007
baseline,1042689
baseline,682632
baseline,745490
baseline,726983
baseline,878737
baseline,879075
baseline,1020295
baseline,1101634
baseline,999049
baseline,1033477
baseline,940880
baseline,1107038
baseline,1023185
baseline,804660
baseline,883089
baseline,853979
baseline,991080
baseline,1279616
baseline,892815
baseline,967157
baseline,950691
baseline,1042946
baseline,1022797
baseline,687760
baseline,846192
baseline,953649
baseline,1139954
baseline,892206
baseline,902882
baseline,948239
baseline,895552
baseline,975898
baseline,1007599
baseline,856947
baseline,1046207
baseline,750663
baseline,955556
baseline,840769
baseline,853547
baseline,1167723
baseline,1157746
baseline,1076822
baseline,881042
baseline,935531
baseline,742918
baseline,847895
baseline,1024007
baseline,1169826
baseline,1067799
baseline,1110806
baseline,945968
baseline,904548
baseline,773200
baseline,856417
baseline,904599
baseline,884171
baseline,708148
baseline,777395
baseline,675748
baseline,755049
baseline,886060
baseline,934025
baseline,1061680
baseline,795482
baseline,869607
baseline,1151456
baseline,953763
baseline,1001563
baseline,907944
baseline,1108249
baseline,1146906
baseline,933166
baseline,1071696
baseline,1149733
baseline,1292882
baseline,869581
baseline,1097551
baseline,893288
baseline,1040011
baseline,1154194
baseline,848852
baseline,1036700
baseline,1279160
baseline,1274085
baseline,875110
baseline,929883
baseline,1216184
baseline,886468
baseline,1070913
baseline,998021
baseline,1220431
baseline,1022810
baseline,1037918
baseline,778883
baseline,1002978
baseline,1058026
baseline,784078
baseline,1062618
baseline,1271024
baseline,1055812
baseline,870192
baseline,1062080
baseline,973053
baseline,812072
baseline,1027884
baseline,798153
baseline,1019801
baseline,1327103
baseline,1103860
baseline,873723
baseline,995158
baseline,1213973
baseline,937458
baseline,810017
baseline,984837
baseline,1005402
baseline,890362
baseline,833709
baseline,963770
baseline,1005970
baseline,947105
baseline,915929
baseline,1090362
baseline,1050274
baseline,1016202
baseline,1138257
baseline,1095562
baseline,1045018
baseline,865582
baseline,1091705
baseline,1089578
baseline,987778
baseline,890066
baseline,1075347
baseline,988845
baseline,985757
baseline,853943
baseline,1106699
baseline,1145107
baseline,929815
baseline,756508
baseline,1111683
baseline,794363
baseline,1000010
baseline,933393
baseline,977241
baseline,915874
baseline,1106029
baseline,873391
baseline,916655
baseline,996811
baseline,1027533
baseline,1072509
baseline,954877
baseline,897337
baseline,1103356
baseline,1014265
baseline,1061619
baseline,1101184
baseline,927163
baseline,809075
baseline,925700
baseline,879570
baseline,977232
baseline,919535
baseline,1021867
baseline,809600
baseline,1009237
baseline,999920
baseline,959775
baseline,982545
baseline,903355
baseline,934309
baseline,854729
baseline,1004346
baseline,1077295
baseline,1053112
baseline,1001068
baseline,786067
baseline,1121920
baseline,968815
baseline,1144363
baseline,864257
baseline,1093399
baseline,1061505
baseline,1009012
baseline,1105195
baseline,992103
baseline,1223713
baseline,1564537
baseline,1119131
baseline,1143977
baseline,906119
baseline,1179318
baseline,1046801
baseline,951368
baseline,1049193
baseline,1136492
baseline,805628
baseline,833645
baseline,1127234
baseline,860176
baseline,1042855
baseline,1234967
baseline,967472
baseline,1191880
baseline,1193702
baseline,1050175
baseline,1257609
baseline,863466
baseline,826719
baseline,1136925
baseline,1038506
baseline,1045353
baseline,869491
baseline,1179277
baseline,1032300
baseline,898860
baseline,942623
baseline,1245111
baseline,1047198
baseline,994662
baseline,1078899
baseline,1005078
baseline,1032227
baseline,1066900
baseline,907161
baseline,1189655
baseline,1205618
baseline,906271
baseline,803532
baseline,871106
baseline,1097410
baseline,851052
baseline,956018
baseline,956739
baseline,959300
baseline,987645
baseline,1183269
baseline,1096131
baseline,935085
baseline,1022593
baseline,1053413
baseline,907814
baseline,1125009
baseline,1020874
baseline,914366
baseline,933612
baseline,804806
baseline,976956
baseline,1031175
baseline,1007317
baseline,1105962
baseline,1137903
baseline,1030914
baseline,1051128
baseline,1342607
baseline,1017762
baseline,887508
baseline,1006791
baseline,1019534
baseline,1219428
baseline,1139768
baseline,1211939
baseline,1135597
baseline,1329705
baseline,1040921
baseline,1045482
baseline,1090244
baseline,1001414
baseline,1031229
baseline,851198
baseline,1210446
baseline,1187223
baseline,1001035
baseline,1053634
baseline,906933
baseline,742803
baseline,1117302
baseline,715998
baseline,845164
baseline,820248
baseline,1000385
baseline,1049043
baseline,634422
baseline,787814
baseline,940095
baseline,805117
baseline,817344
baseline,725769
baseline,1022039
baseline,1263456
baseline,925349
baseline,1037400
baseline,1221970
baseline,1016741
baseline,905193
baseline,862641
baseline,924278
baseline,1104390
baseline,1344554
baseline,1003605
baseline,978486
baseline,964584
baseline,951158
baseline,880599
baseline,975945
baseline,1126721
baseline,1023238
baseline,1199474
baseline,1028788
baseline,898262
baseline,860072
baseline,952071
baseline,847126
baseline,805002
baseline,829358
baseline,1036709
baseline,866213
baseline,1122032
baseline,824145
baseline,1106221
baseline,915774
baseline,1119399
baseline,926273
baseline,1013102
baseline,895849
baseline,1039341
baseline,935397
baseline,1031858
baseline,900142
baseline,1224232
baseline,1011590
baseline,996004
baseline,908270
baseline,960688
baseline,1069634
baseline,1121598
baseline,1061122
baseline,1035013
baseline,818481
baseline,906051
baseline,902339
baseline,909451
baseline,1025139
baseline,1252755
baseline,1187450
baseline,1013013
baseline,1131507
baseline,913550
baseline,1078004
baseline,964843
baseline,990148
baseline,1016072
baseline,936611
baseline,1234588
baseline,1169487
baseline,918999
baseline,895828
baseline,952965
baseline,992024
baseline,1054553
baseline,849150
baseline,855769
baseline,1005023
baseline,1215798
baseline,1094610
baseline,1129456
baseline,1005320
baseline,1240608
baseline,872232
baseline,716319
baseline,1009421
baseline,1168850
baseline,1215864
baseline,1023911
baseline,990622
baseline,917549
baseline,1298399
baseline,1109725
baseline,1182042
baseline,854522
baseline,869063
baseline,708222
baseline,1029304
baseline,1128916
baseline,885361
baseline,917608
baseline,1043340
baseline,961444
baseline,864241
baseline,993089
baseline,1085103
baseline,1135279
baseline,1182217
baseline,982598
baseline,1035782
baseline,935494
baseline,943225
baseline,1051540
baseline,1073603
baseline,921224
baseline,836444
baseline,743067
baseline,881423
baseline,855728
baseline,1030313
baseline,793916
baseline,907462
baseline,1054903
baseline,853897
baseline,1121880
baseline,1145067
baseline,1048163
baseline,1004517
baseline,920766
baseline,1121008
baseline,1164939
baseline,927799
baseline,1150142
baseline,1296403
baseline,1299112
baseline,1154553
baseline,1598518
baseline,1431724
baseline,1030649
baseline,1124280
baseline,936326
baseline,1190015
baseline,1126425
baseline,1201130
baseline,1106066
baseline,833700
baseline,964810
baseline,1028221
baseline,1117263
baseline,1174792
baseline,962960
baseline,1112611
baseline,854866
baseline,1032657
baseline,1069983
baseline,1034448
baseline,1236641
baseline,1124726
baseline,1027324
baseline,953011
baseline,1000851
baseline,1186590
baseline,912497
baseline,1164330
baseline,1200864
baseline,1031207
baseline,985789
baseline,1025062
baseline,1040926
baseline,1136553
baseline,1061051
baseline,1097500
baseline,994206
baseline,949654
baseline,969125
baseline,1146244
baseline,1055785
baseline,839475
baseline,723745
baseline,907528
baseline,1003657
baseline,1219397
baseline,875015
baseline,1048872
baseline,982486
baseline,907262
baseline,1066306
baseline,970297
baseline,969176
baseline,861787
baseline,986625
baseline,811221
baseline,922455
baseline,892029
baseline,1150761
baseline,778424
baseline,1044050
baseline,1058389
baseline,1060733
baseline,1113968
baseline,927083
baseline,846674
baseline,903886
baseline,1021297
baseline,1042107
baseline,1239987
baseline,1306499
baseline,1233705
baseline,1499254
baseline,1239095
baseline,1121995
baseline,978726
baseline,1097518
baseline,798687
baseline,798852
baseline,961009
baseline,1054912
baseline,985390
baseline,1016761
baseline,945580
baseline,1149705
baseline,975897
baseline,965213
baseline,961778
baseline,1073679
baseline,784118
baseline,1165767
baseline,804999
baseline,1210315
baseline,841187
baseline,1051091
baseline,924793
baseline,823908
baseline,1129762
baseline,1076402
baseline,1135016
baseline,1077286
baseline,1061576
baseline,1260791
baseline,1103003
baseline,856002
baseline,1123930
baseline,880283
baseline,818443
baseline,787591
baseline,824191
baseline,756027
baseline,932485
baseline,772829
baseline,997747
baseline,769677
baseline,918519
baseline,850400
baseline,877449
baseline,1095334
baseline,1076074
baseline,1033026
baseline,807204
baseline,824848
baseline,743137
baseline,1078393
baseline,1059474
baseline,1093270
baseline,965843
baseline,754547
baseline,798960
baseline,664856
baseline,919740
baseline,733781
baseline,980369
baseline,966020
baseline,719071
baseline,859401
baseline,1146685
baseline,853865
baseline,918250
baseline,968491
baseline,1005039
baseline,1219718
baseline,1099749
baseline,1344235
baseline,1328792
baseline,1550928
baseline,1155443
baseline,1104661
baseline,1269505
baseline,1201179
baseline,986255
baseline,781747
baseline,1029484
baseline,902606
baseline,1007305
baseline,940516
baseline,1167180
baseline,1017949
baseline,992622
baseline,1235961
baseline,1066187
baseline,1138286
baseline,1112848
baseline,981133
baseline,1179627
baseline,1181730
baseline,988212
baseline,870388
baseline,847354
baseline,1332462
baseline,1239171
baseline,828727
baseline,936638
baseline,891954
baseline,1015168
baseline,920595
baseline,1266867
baseline,994652
baseline,1120954
baseline,1156852
baseline,1040918
baseline,896029
baseline,779684
baseline,775246
baseline,828434
baseline,1224854
baseline,1025687
baseline,972731
baseline,864672
baseline,831600
baseline,724510
baseline,1028170
baseline,1092611
baseline,1069316
baseline,1141844
baseline,1264352
baseline,1044222
baseline,991987
baseline,1014907
baseline,1183820
baseline,989473
baseline,1058019
baseline,959858
baseline,1167954
baseline,861839
baseline,810290
baseline,761573
baseline,874140
baseline,765968
baseline,851677
baseline,882299
baseline,661029
baseline,927379
baseline,909605
baseline,928029
baseline,1023522
baseline,1124663
baseline,963405
baseline,991038
baseline,1013870
baseline,969299
baseline,1030472
baseline,1105582
baseline,1073378
baseline,1112227
baseline,943202
baseline,1045398
baseline,938717
baseline,1159758
baseline,768338
baseline,888534
baseline,851094
baseline,1071096
baseline,1017667
baseline,996157
baseline,1071591
baseline,960641
baseline,883757
baseline,931561
baseline,955423
baseline,1186423
baseline,1232682
baseline,1093536
baseline,1046803
baseline,1062873
baseline,976476
baseline,928456
baseline,1045940
baseline,865400
baseline,882215
baseline,1048476
baseline,1071560
baseline,985723
baseline,1012063
baseline,1021266
baseline,1194808
baseline,1071483
baseline,1108078
baseline,992634
baseline,985731
baseline,954118
baseline,840417
baseline,1018004
baseline,1080560
baseline,849670
baseline,840120
baseline,955415
baseline,819165
baseline,1133139
baseline,1137445
baseline,1078964
baseline,878779
baseline,1223049
baseline,984633
baseline,1156686
baseline,1012130
baseline,938308
baseline,1023303
baseline,1131665
baseline,1180275
baseline,999507
baseline,1147637
baseline,975138
baseline,1088868
baseline,926013
baseline,1360632
baseline,1127307
baseline,1045919
baseline,1068956
baseline,918315
baseline,1087085
baseline,1003987
baseline,950918
baseline,1098852
baseline,1078149
baseline,964124
baseline,937602
baseline,778257
baseline,1035083
baseline,916864
baseline,890854
baseline,901629
baseline,1146546
baseline,1133577
baseline,1070039
baseline,883819
baseline,949925
baseline,1205473
baseline,936935
baseline,935030
baseline,726609
baseline,899831
baseline,1019543
baseline,948986
baseline,972757
baseline,1033536
baseline,1046638
baseline,1070430
baseline,927467
baseline,861522
baseline,869249
baseline,1071614
baseline,900580
baseline,1119807
baseline,1049994
baseline,813352
baseline,1067085
baseline,974422
baseline,1072804
baseline,1068578
baseline,1009215
baseline,890063
baseline,1085927
baseline,1030708
baseline,971685
baseline,910954
baseline,1195974
baseline,1091730
baseline,924304
baseline,1034745
baseline,859083
baseline,865291
baseline,723954
baseline,846775
baseline,1030693
baseline,965051
baseline,925235
baseline,973160
baseline,910102
baseline,842329
baseline,1098362
baseline,937890
baseline,1200864
baseline,1139317
baseline,1131917
baseline,1261676
baseline,881098
baseline,685710
baseline,969443
baseline,1153977
baseline,1046320
baseline,954860
baseline,948278
baseline,1011054
baseline,989981
baseline,1163172
baseline,858343
baseline,671583
baseline,749695
baseline,940385
baseline,1011479
baseline,825828
baseline,767002
baseline,777101
baseline,800395
baseline,887997
baseline,771469
baseline,963646
baseline,951767
baseline,1139555
baseline,982450
baseline,732748
baseline,1038145
baseline,929401
baseline,1109048
baseline,1060166
baseline,894084
baseline,888588
baseline,912888
baseline,865955
baseline,820144
baseline,920913
baseline,938731
baseline,847101
baseline,780832
baseline,989562
baseline,977794
baseline,1065353
baseline,986242
baseline,991316
baseline,931430
baseline,922046
baseline,781412
baseline,866858
baseline,823253
baseline,978611
baseline,1011438
baseline,1094312
baseline,1093992
baseline,936292
baseline,1127896
baseline,1047503
baseline,1000026
baseline,799481
baseline,1158331
baseline,1195658
baseline,1026487
baseline,1070081
baseline,972660
baseline,1034187
baseline,1060345
baseline,977530
baseline,1079232
baseline,1216556
baseline,1139479
baseline,1081436
baseline,1089511
baseline,1211717
baseline,912206
baseline,802636
baseline,837347
baseline,1153124
baseline,1038284
baseline,968772
baseline,834651
baseline,778280
baseline,1088024
baseline,1115166
baseline,990936
baseline,930419
baseline,1003077
baseline,913119
baseline,1078315
baseline,944333
baseline,949631
baseline,1055031
baseline,1141316
baseline,1160261
baseline,994095
baseline,1326507
baseline,937244
baseline,880217
baseline,850075
baseline,1012972
baseline,897746
baseline,870355
baseline,980948
baseline,1207212
baseline,1106292
baseline,967649
baseline,1127299
baseline,977791
baseline,959472
baseline,849186
baseline,1134345
baseline,977762
baseline,1011055
baseline,1044340
baseline,897349
baseline,1044837
baseline,1067116
baseline,944611
baseline,1086827
baseline,1007797
baseline,805790
baseline,1026844
baseline,851240
baseline,947474
baseline,836010
baseline,1229031
baseline,902541
baseline,972591
baseline,887535
baseline,979307
baseline,962901
baseline,871430
baseline,1054140
baseline,792610
baseline,909825
baseline,1051448
baseline,933936
baseline,1076494
baseline,1010155
baseline,1167705
baseline,1010184
baseline,878295
baseline,1263386
baseline,1118572
baseline,1247220
baseline,1132527
baseline,816669
baseline,1078936
baseline,864689
baseline,860119
baseline,836965
baseline,839815
baseline,1011116
baseline,928904
baseline,904600
baseline,918325
baseline,982987
baseline,917741
baseline,1303423
baseline,1107358
baseline,1153678
baseline,1006277
baseline,998517
baseline,1128946
baseline,947751
baseline,887593
baseline,1092727
baseline,1139528
baseline,1123389
baseline,717224
baseline,913466
baseline,830636
baseline,943181
baseline,1069036
baseline,827100
baseline,878779
baseline,709645
baseline,972838
baseline,852923
baseline,976227
baseline,959669
baseline,969152
baseline,906292
baseline,1087926
baseline,908367
baseline,1096194
baseline,1226766
baseline,886070
baseline,846955
baseline,1291845
baseline,901124
baseline,1029518
baseline,1015702
baseline,989680
baseline,951335
baseline,942744
baseline,971423
baseline,1196789
baseline,955539
baseline,913426
baseline,1073923
baseline,988866
baseline,907704
baseline,894666
baseline,1087363
baseline,1182947
baseline,944826
baseline,1008492
baseline,834879
baseline,1118618
baseline,1097014
baseline,932929
baseline,851918
baseline,1118906
baseline,910659
baseline,1048278
baseline,1065485
baseline,862942
baseline,965058
baseline,889314
baseline,1051110
baseline,1034266
baseline,847514
baseline,1126924
baseline,956885
baseline,1021567
baseline,1047498
baseline,906540
baseline,1006360
baseline,960857
baseline,1089866
baseline,793125
baseline,1068961
baseline,943606
baseline,973805
baseline,1114504
baseline,740406
baseline,963175
baseline,1125543
baseline,1045167
baseline,1104325
baseline,1082344
baseline,1247673
baseline,943478
baseline,1301334
baseline,1080908
baseline,957946
baseline,1115572
baseline,1232059
baseline,1037116
baseline,852217
baseline,1055472
baseline,1010407
baseline,946426
baseline,1336274
baseline,1305194
baseline,1465703
baseline,993070
baseline,897753
baseline,928632
baseline,1010448
baseline,1133356
baseline,1459621
baseline,1303610
baseline,1089265
baseline,989484
baseline,1183979
baseline,967528
baseline,978537
baseline,1110815
baseline,944787
baseline,903133
baseline,852748
baseline,972926
baseline,880342
baseline,1074770
baseline,1072920
baseline,805701
baseline,1054408
baseline,1053996
baseline,991833
baseline,975670
baseline,852964
baseline,764804
baseline,1053785
baseline,1042697
baseline,1081285
baseline,1195781
baseline,1189471
baseline,1085523
baseline,1024172
baseline,1035869
baseline,1155336
baseline,1299383
baseline,1033525
baseline,984484
baseline,861579
baseline,1120291
baseline,1261903
baseline,1182381
baseline,889415
baseline,1039699
baseline,887063
baseline,749855
baseline,740139
baseline,1200840
baseline,1130744
baseline,1171331
baseline,1308075
baseline,1194582
baseline,977376
baseline,862675
baseline,947748
baseline,1006943
baseline,1275920
baseline,800462
baseline,809781
baseline,940341
baseline,764784
baseline,847858
baseline,1058440
baseline,1016457
baseline,792957
baseline,913179
baseline,973670
baseline,1277496
baseline,1160694
baseline,1047117
baseline,1021901
baseline,918957
baseline,1127126
baseline,1187129
baseline,915239
baseline,936366
baseline,746400
baseline,1023586
baseline,886885
baseline,987573
baseline,758735
baseline,922532
baseline,1186437
baseline,1169747
baseline,1154295
baseline,1071730
baseline,1089959
baseline,1210938
baseline,1281021
baseline,1210132
baseline,926589
baseline,1039962
baseline,888611
baseline,1006884
baseline,1128173
baseline,975722
baseline,904845
baseline,887481
baseline,826738
baseline,971679
baseline,991858
baseline,951383
baseline,1017096
baseline,1275155
baseline,1133586
baseline,1074389
baseline,842513
baseline,1060477
baseline,1335517
baseline,934278
baseline,982333
baseline,1056582
baseline,959323
baseline,789256
baseline,921056
baseline,999007
baseline,996583
baseline,886107
baseline,1007317
baseline,991424
baseline,1231954
baseline,1118838
baseline,1079710
baseline,1335120
baseline,1132896
baseline,821191
baseline,915349
baseline,919683
baseline,870408
baseline,825635
baseline,984761
test,1207144
test,1236049
test,1126364
test,1068711
test,1060614
test,791307
test,999581
test,1121678
test,1008135
test,1052617
test,1245909
test,996795
test,1078599
test,1128315
test,892519
test,889037
test,1319212
test,1206748
test,1248236
test,1088973
test,1161775
test,1357568
test,958961
test,1373967
test,932529
test,918868
test,1249530
test,1174360
test,1283700
test,1462304
test,1135409
test,1381698
test,1403514
test,987565
test,1189226
test,1271857
test,1053345
test,805462
test,1108777
test,1130033
test,1168614
test,1230946
test,1088933
test,1013947
test,820680
test,942845
test,893813
test,1127316
test,1342750
test,1096960
test,1099597
test,1135521
test,1087251
test,957443
test,867850
test,989782
test,914931
test,955672
test,1142549
test,946095
test,1129845
test,1075997
test,1021380
test,766111
test,1019768
test,1053346
test,1050813
test,1398542
test,1362753
test,1485921
test,1243556
test,1292652
test,1080376
test,1075889
test,855500
test,1066750
test,1198999
test,1243122
test,1379079
test,1283014
test,1324756
test,1150640
test,1125745
test,978039
test,1014702
test,1160206
test,1081132
test,1056877
test,1009302
test,1061224
test,994623
test,1100209
test,1213779
test,1238330
test,1106040
test,1113419
test,1138549
test,914113
test,1059711
test,1145437
test,1245785
test,1268495
test,1035794
test,1073322
test,840792
test,1012022
test,1042896
test,1150753
test,1309014
test,1187451
test,1006110
test,950086
test,986222
test,1251879
test,1265047
test,1060881
test,1049894
test,1239047
test,1140595
test,919882
test,737511
test,1127515
test,1121333
test,1311123
test,1284421
test,1239804
test,1130195
test,1341192
test,1119335
test,1129626
test,1014663
test,1185001
test,1041432
test,857089
test,938513
test,1072352
test,1268539
test,1149006
test,1052295
test,1189618
test,1081020
test,1042374
test,1042334
test,1047474
test,1014158
test,1084784
test,1181424
test,1215392
test,1008879
test,1057115
test,881072
test,903486
test,1678847
test,1109324
test,1090029
test,996472
test,1042504
test,899829
test,960508
test,870184
test,964790
test,1287904
test,872358
test,1062405
test,1037608
test,989266
test,965804
test,1131815
test,952724
test,886901
test,1205415
test,1036466
test,883242
test,1122408
test,830327
test,1053170
test,1336793
test,1141476
test,1289907
test,1127403
test,1256651
test,1084808
test,1014996
test,1036077
test,1013889
test,1136081
test,1030229
test,987589
test,913169
test,1040193
test,1272249
test,1075600
test,1073208
test,1115987
test,1145080
test,1119377
test,1142378
test,775913
test,966579
test,943687
test,1287716
test,1122065
test,1154567
test,1361432
test,999763
test,1197123
test,1084755
test,1042697
test,1334654
test,889278
test,1066614
test,1319124
test,1199670
test,1410841
test,1358674
test,1164969
test,1075949
test,944454
test,986670
test,1140641
test,1049305
test,807820
test,1026279
test,1037567
test,1009131
test,1118514
test,988130
test,825517
test,1062795
test,963515
test,1044911
test,1210895
test,1283268
test,1252114
test,1020291
test,1095314
test,1101967
test,1093531
test,1279683
test,1467585
test,998832
test,1054072
test,1075392
test,1311536
test,1011528
test,928407
test,1211941
test,1127722
test,1276257
test,1046390
test,1283882
test,1208074
test,1144253
test,958418
test,974418
test,968831
test,918036
test,999751
test,1069124
test,1124703
test,1369952
test,1035606
test,1168130
test,1153068
test,1121939
test,1053999
test,1012565
test,1059798
test,1056777
test,1018032
test,991659
test,1194376
test,1237838
test,1184144
test,971117
test,1002373
test,1149399
test,1025187
test,1044581
test,1037988
test,1169793
test,1209141
test,1039342
test,1246397
test,902218
test,815856
test,888748
test,790974
test,1026874
test,1108657
test,1041504
test,1302127
test,878767
test,1211537
test,863852
test,1283973
test,1517811
test,1145532
test,1348058
test,912780
test,879450
test,1208231
test,843216
test,1087683
test,954297
test,1044367
test,1088312
test,1147523
test,1142730
test,1182920
test,1235047
test,1083404
test,973374
test,1276665
test,1159744
test,1278023
test,998028
test,805662
test,1000935
test,1110650
test,1053678
test,1197036
test,1086846
test,1236801
test,1028193
test,1179877
test,1280025
test,1307336
test,1363929
test,1246431
test,870694
test,1091660
test,1044859
test,1067100
test,996513
test,1349909
test,1249511
test,1277989
test,1207852
test,949913
test,1223054
test,1155201
test,1095026
test,1080318
test,1078146
test,1023985
test,1111413
test,1086108
test,1037359
test,1411860
test,1238657
test,1120991
test,950890
test,953780
test,986895
test,886183
test,981977
test,933681
test,1061399
test,1056191
test,1127041
test,1405894
test,1330131
test,1164953
test,948114
test,1187227
test,814785
test,1001535
test,805476
test,1153386
test,914561
test,1188305
test,946829
test,1029086
test,1326104
test,1294632
test,1164199
test,1150412
test,1237973
test,946135
test,1073665
test,905424
test,1004669
test,1304854
test,989654
test,1333372
test,964565
test,1314197
test,1376619
test,1148969
test,996927
test,1167675
test,1031766
test,1256760
test,1179763
test,991165
test,996643
test,1028833
test,976663
test,1237824
test,1152889
test,1025994
test,1028294
test,1350173
test,1174602
test,1137113
test,1159053
test,1073726
test,1335306
test,1189840
test,1088485
test,1099038
test,1183575
test,1249061
test,954110
test,1021586
test,1216345
test,1022461
test,1084153
test,1033668
test,1105300
test,988860
test,1105136
test,1149897
test,1226292
test,1175509
test,1263255
test,1173647
test,1431998
test,935937
test,884477
test,1246709
test,1142206
test,1036021
test,1431570
test,1197668
test,1048056
test,812243
test,998841
test,948676
test,1032586
test,1147821
test,1078241
test,960854
test,1348846
test,1027606
test,940623
test,1253201
test,1084050
test,1211201
test,1327316
test,1175763
test,995861
test,965379
test,1079583
test,1031004
test,1085812
test,1427189
test,1229137
test,1023422
test,1010679
test,959757
test,761646
test,1152197
test,1237210
test,1216410
test,1070370
test,1139925
test,1127697
test,1261880
test,954374
test,985337
test,1093800
test,1084156
test,1165843
test,939535
test,1161595
test,781526
test,847446
test,795437
test,950678
test,1013850
test,1174587
test,946428
test,1371638
test,996563
test,1246318
test,1259388
test,1160103
test,1385957
test,1003180
test,1116768
test,1107654
test,1209734
test,1011262
test,987951
test,1071075
test,1407121
test,896269
test,1050704
test,994171
test,905150
test,989555
test,846828
test,1105019
test,1299555
test,1154963
test,1207816
test,1521142
test,1361384
test,1303617
test,1664512
test,1152553
test,1069208
test,1207829
test,1177744
test,1174812
test,1052764
test,1104809
test,1033669
test,1025253
test,1010431
test,789338
test,1115957
test,864114
test,951865
test,836333
test,1033544
test,1267265
test,954700
test,1204828
test,1086665
test,997269
test,1027727
test,1019686
test,693454
test,944571
test,1004408
test,1098058
test,1131286
test,1182830
test,833330
test,936371
test,1157847
test,764054
test,1126511
test,1252891
test,1046133
test,1215490
test,1255034
test,1157565
test,907157
test,1314453
test,1249706
test,1230912
test,1665489
test,1361854
test,1068574
test,1351830
test,1008529
test,1408719
test,1364368
test,1095673
test,1189550
test,1224526
test,1105130
test,1041491
test,1173178
test,1180431
test,1156099
test,1147444
test,1340500
test,1119842
test,839926
test,1139782
test,1122079
test,971094
test,1344480
test,1087109
test,917018
test,1002575
test,1124844
test,1162802
test,1280058
test,1200189
test,1152669
test,1169299
test,1002625
test,923595
test,791078
test,897670
test,967849
test,1013840
test,1071300
test,1233664
test,1179828
test,1141259
test,1160119
test,892833
test,962202
test,868100
test,1277963
test,943442
test,915845
test,1157473
test,1077906
test,939090
test,738515
test,1013772
test,997877
test,1135411
test,1076630
test,924269
test,1070196
test,1220253
test,1045597
test,791306
test,839831
test,867483
test,920148
test,845915
test,1353474
test,1206055
test,1452764
test,1165427
test,1075451
test,1245031
test,1254228
test,1101539
test,1338736
test,1136898
test,1310882
test,984236
test,1126144
test,1246511
test,904999
test,893248
test,768753
test,1273849
test,1064764
test,1099714
test,1248156
test,1054303
test,750346
test,991173
test,1498056
test,1015210
test,1312398
test,1228068
test,1239807
test,1061085
test,1026532
test,1073931
test,1119962
test,987220
test,858517
test,1218796
test,1083338
test,1089458
test,1383909
test,944228
test,1472396
test,1687565
test,1272770
test,1210217
test,1251312
test,928071
test,888600
test,1067316
test,1283289
test,1170545
test,1256736
test,1047133
test,1037844
test,1197429
test,1170268
test,1229965
test,1149124
test,1020990
test,887391
test,1184418
test,881415
test,995577
test,1067005
test,968478
test,1183135
test,954312
test,1006501
test,1205327
test,1102688
test,969499
test,1052747
test,1234484
test,1152841
test,1237580
test,967826
test,1041387
test,1332211
test,1127488
test,1210964
test,899681
test,707911
test,1076791
test,971680
test,1129088
test,1173874
test,1004000
test,1069405
test,1179794
test,1143583
test,1274088
test,1078731
test,1074769
test,1009438
test,948354
test,875477
test,1046109
test,984421
test,1042279
test,1051293
test,1081492
test,1089969
test,982906
test,1120797
test,1176254
test,1232336
test,1155216
test,1239177
test,1260605
test,917259
test,1180298
test,1421061
test,1282466
test,1448461
test,1058844
test,1048720
test,942891
test,1124909
test,1121007
test,1338478
test,1302168
test,1023338
test,988755
test,960460
test,1002838
test,1103408
test,1128036
test,924471
test,898846
test,1020123
test,908061
test,1044184
test,1105401
test,1125449
test,1161156
test,1136142
test,930531
test,899725
test,859465
test,755190
test,1201797
test,1125792
test,1139314
test,1032466
test,1058647
test,1192908
test,948277
test,1018879
test,1128152
test,984954
test,874994
test,1181240
test,1330657
test,1511476
test,1214922
test,1140497
test,1092590
test,987679
test,950549
test,1073689
test,1058176
test,1107665
test,1209857
test,1154325
test,933177
test,1526869
test,1415096
test,1037380
test,1289316
test,1052629
test,1264211
test,1070043
test,1112899
test,965697
test,877697
test,1226049
test,1325977
test,951901
test,1001972
test,1259917
test,838245
test,906749
test,1111772
test,1188216
test,1052115
test,1182179
test,1186419
test,1074714
test,1021263
test,1194925
test,1079345
test,1111655
test,942325
test,1061012
test,899244
test,1095902
test,1144784
test,944215
test,1058355
test,1013827
test,1063140
test,868444
test,1113547
test,1017996
test,1136269
test,948466
test,1068254
test,1092703
test,1134680
test,1275683
test,1599379
test,1059836
test,1042972
test,1036133
test,1175899
test,973000
test,1022286
test,841686
test,988671
test,1060750
test,1201928
test,1048280
test,961024
test,1269678
test,1178113
test,978148
test,1254984
test,982102
test,1283262
test,1251702
test,1017482
test,1009334
test,1067341
test,1030694
test,882288
test,1048612
test,1087573
test,866433
test,1126106
test,1141622
test,1111878
test,1304552
test,1397075
test,960862
test,939245
test,965891
test,879056
test,1003592
test,953135
test,901509
test,1009899
test,1242573
test,1136623
test,1102927
test,1429714
test,1163060
test,838499
test,1087158
test,1082531
test,1206868
test,1159600
test,1180929
test,1062034
test,1136353
test,942899
test,900220
test,845556
test,972544
test,996721
test,861042
test,1331947
test,1130577
test,1224669
test,1093817
test,928392
test,1269889
test,1146166
test,984443
test,1183739
test,1005352
test,1078257
test,863661
test,978981
test,1036674
test,920509
test,1023284
test,849015
test,933292
test,972050
test,1024990
test,1306193
test,971761
test,1040066
test,1240857
test,1246917
test,1129075
test,1075371
test,1139267
test,1323101
test,857989
test,953330
test,1014037
test,1210055
test,1176504
test,1077841
test,974120
test,881340
test,1059730
test,1188675
test,1035470
test,1093158
test,877071
test,820751
test,975198
test,802342
test,971805
test,1197232
test,1424017
test,1150566
test,1291422
test,1271540
test,1416556
test,1262094
test,1422338
test,1506621
test,1169889
test,1165027
test,939785
test,1107815
test,1013601
test,886823
test,1181642
test,860139
test,1015965
test,982993
test,791210
test,984257
test,972398
test,888430
test,867178
test,923700
test,1169413
test,941576
test,991219
test,1055307
test,1079999
test,932981
test,940760
test,1119433
test,1097707
test,1028648
test,862532
test,881302
test,1188860
test,1012948
test,870100
test,885933
test,1076298
test,1110846
test,1277140
test,1038202
test,1196463
test,1307949
test,1087491
test,822532
test,1036862
test,1063018
test,938834
test,1091415
test,1052128
test,1014096
test,1033165
test,885647
test,1168990
test,984248
test,1171514
test,1150484
test,1168763
test,901196
test,1082313
test,1124236
test,1246214
test,1249711
test,1083293
test,1678649
test,1396201
test,1068346
test,882445
test,879115
test,1205200
test,844150
test,822805
test,1010221
test,1117059
test,819649
test,1050270
test,1441171
test,1300584
test,962401
test,999315
test,1082927
test,1119644
test,1253707
test,1186555
test,1155603
test,1120035
test,1104467
test,1035396
test,1060614
test,1176099
test,1399310
test,1039353
test,898867
test,956267
test,1302574
test,1237793
test,1142157
test,933121
test,1075827
test,802067
test,788060
test,953381
test,1101726
test,913258
test,1001627
test,1313263
test,1117122
test,1221669
test,1317138
test,1182968
test,938819
test,803209
test,1169515
test,1093329
test,1004656
test,746661
test,983327
test,1173226
test,1373155
test,921611
test,816402
test,937445
test,990353
test,853414
test,1036939
test,1136588
test,936582
test,1003691
test,849505
test,1188320
test,1022552
test,1039152
test,1006690
test,974077
test,921562
test,864685
test,789705
test,1158572
test,1128348
test,1269339
test,1093377
test,1166602
test,1282960
test,1379854
test,1254275
test,1492105
test,1144470
test,989471
test,1180451
test,1003638
test,1114860
test,884197
test,1251318
test,1547556
test,1305654
test,1020330
test,1021007
test,936335
test,1084459
test,1246010
test,1132757
test,1487842
test,1360402
test,1103753
test,1159794
test,1068685
test,1141626
test,956589
test,868415
test,1146262
test,880905
test,1180617
test,1001109
test,1521627
test,1201770
test,1122299
test,989190
test,1158603
test,937751
test,1375445
test,1012743
test,1287063
test,1168643
test,1177016
test,1188126
test,1158229
test,1093590
test,1058277
test,1196001
test,932536
test,1021618
test,1124313
test,1159315
test,1061265
test,880336
test,1027331
test,1011505
test,819368
test,914052
test,1135889
test,1082837
test,1243242
test,946609
test,1035457
test,847662
test,853837
test,933331
test,1536661
test,1078289
test,1172865
test,1108897
test,1274176
test,1343275
test,1150665
test,1163754
test,901856
test,995887
test,770223
test,978355
test,930612
test,1040647
test,1203578
test,987706
test,1151848
test,1162936
test,1084916
test,1098708
test,1224409
test,1260248
test,1394199
test,1027515
test,1219405
test,1283752
test,1273064
test,914730
test,907300
test,979694
test,836729
test,1133980
test,1238310
test,1243270
test,1164739
test,1474818
test,1063065
test,1376458
test,1201004
test,1050073
test,1128484
test,903884
test,1245690
test,1192192
test,1188747
test,1146676
test,1268088
test,1196312
test,1352273
test,1143075
test,1211020
test,1143169
test,1033059
test,928945
test,834609
test,916837
test,1158816
test,1009134
test,1086997
test,1343671
test,1054796
test,1124017
test,1070677
test,1175490
test,953718
test,937045
test,1156820
test,930964
test,1219737
test,898476
test,997658
test,951858
test,1091372
test,936578
test,1211373
test,1119751
test,1059144
test,1069176
test,899031
test,1171233
test,1004389
test,1075360
test,1286600
test,1258789
test,1248224
test,1191553
test,1125584
test,792585
test,1075370
test,1055524
test,930795
test,979768
test,935094
test,1117578
test,957208
test,1190342
test,1193386
test,1072352
test,1264444
test,1214338
test,1072843
test,1113409
test,1299211
test,1070471
test,1232801
test,1118291
test,1510831
test,1125199
test,1019771
test,1030879
test,1138945
test,972332
test,1054968
test,1039062
test,1088322
test,1180761
test,1136848
test,953295
test,1011287
test,1180970
test,816271
test,952888
test,1024398
test,1201734
test,986096
test,1096065
test,1086449
test,926032
test,973730
test,1216696
test,1012737
test,1124489
test,1098523
test,1156702
test,996076
test,744406
test,965551
test,1061375
test,1065672
test,1316788
test,1087125
test,1111069
test,935242
test,1129784
test,912812
test,1000782
test,1000863
test,842297
test,1214525
test,1039876
test,1254359
test,1270567
test,1374034
test,1446094
test,944716
test,1024613
test,1034408
test,1194760
test,1079700
test,1021154
test,993857
test,998201
test,1033761
test,1236376
test,1053949
test,971156
test,932227
test,878089
test,1134441
test,1042321
test,1282320
test,1278326
test,1236402
test,939650
test,1022185
test,1178432
test,996401
test,934411
test,788819
test,1132969
test,1175376
test,981588
test,1022729
test,952780
test,991206
test,736639
test,787784
test,1288408
test,1116752
test,1208475
test,1169990
test,1100227
test,1225933
test,1337550
test,970132
test,937514
test,1110692
test,1312820
test,1447098
test,1179702
test,965901
test,1076609
test,1212088
test,1223861
test,1088792
test,1011188
test,1051754
test,949472
test,1149425
test,1141085
test,1052597
test,1371734
test,1263415
test,1115694
test,1106092
test,1108787
test,1326590
test,1043182
test,1232861
test,1092156
test,1374722
test,1172460
test,1253507
test,1119455
test,1645779
test,1160777
test,1330821
test,1030018
test,790134
test,1011894
test,919203
test,914691
test,937788
test,1059624
test,1024718
test,1113927
test,917390
test,1069921
test,1042387
test,1052115
test,1029318
test,1027830
test,938139
test,1023304
test,1000984
test,1289466
test,897661
test,981662
test,1176425
test,1144376
test,1382916
test,1182021
test,924574
test,1125199
test,932800
test,1055792
test,964626
test,930084
test,1094032
test,1321698
test,1092309
test,1200849
test,1100551
test,1107163
test,983863
test,1241125
test,1017731
test,1195669
test,940484
test,1018814
test,913937
test,1008987
test,927185
test,1033594
test,1077971
test,1043016
test,1006673
test,1074099
test,1217085
test,1361655
test,1224525
test,1206695
test,834200
test,1041233
test,1115975
test,1243486
test,946826
test,1037507
test,1188214
test,1231841
test,1094329
test,1352210
test,1163335
test,1388662
test,1208645
test,1701258
test,1566678
test,1173848
test,968641
test,1120624
test,1106931
test,1016108
test,956002
test,882016
test,837424
test,1066539
test,1027477
test,967275
test,1075348
test,965446
test,959887
test,977466
test,1038432
test,907615
test,1133734
test,1213956
test,1044830
test,932112
test,806974
test,925625
test,848398
test,854022
test,1076963
test,1152211
test,1083296
test,978993
test,1279843
test,1027190
test,1034826
test,984964
test,966946
test,828546
test,1270249
test,1017224
test,1109412
test,1263270
test,873151
test,941837
test,1118549
test,1173260
test,1037814
test,1005396
test,1115153
test,1045201
test,1140622
test,838310
test,1137373
test,1191836
test,1327233
test,1242522
test,1082102
test,1005118
test,927363
test,1189061
test,999954
test,1279026
test,1065680
test,870546
test,1124333
test,1082407
test,970747
test,1125646
test,1182760
test,1320100
test,1086732
test,974378
test,1178265
test,986051
test,941874
test,1089203
test,985213
test,1026351
test,1092154
test,1249886
test,1153427
test,1164716
test,1037808
test,1427641
test,1311691
test,1211176
test,1002498
test,1021483
test,1081599
test,948887
test,1097300
test,1085949
test,1225754
test,1128246
test,1037240
test,1187710
test,1010126
test,1552844
test,1233751
test,1188019
test,1159782
test,1320864
test,1051894
test,1191109
test,1176359
test,1218709
test,1092226
test,1035843
test,985174
test,1019893
test,915189
test,1315484
test,1144415
test,1174356
test,1169720
test,826995
test,944937
test,911004
test,1059268
test,860430
test,1162747
test,956140
test,944871
test,1318766
test,1159549
test,1365902
test,1290406
test,1181726
test,1150725
test,1418516
test,1340303
test,1433281
test,1378449
test,1256880
test,1039843
test,1649886
test,1437904
test,1043763
test,1155752
test,1269811
test,1229112
test,1254756
test,1133271
test,1009254
test,1251094
test,907772
test,945894
test,1385975
test,1232113
test,926310
test,1072752
test,1161422
test,1059831
test,1211820
test,975372
test,1023571
test,967689
test,1255737
test,1008724
test,1400484
test,1180088
test,1101229
test,1224666
test,1082804
test,1171909
test,1038432
test,911920
test,1018367
test,1083661
test,1155349
test,949307
test,954282
test,1268547
test,1048395
test,1043942
test,1068226
test,1398920
test,1145613
test,1164342
test,1109787
test,1452056
test,1459029
test,1151230
test,933656
test,750717
test,945785
test,1192046
test,1192151
test,949088
test,1028163
test,1245738
test,1248440
test,1109353
test,1271769
test,1079082
test,1233378
test,1168082
test,1146645
test,1033997
test,1020082
test,1140659
test,1512198
test,1297225
test,1370163
test,1318076
test,1263074
test,1351334
test,1430566
test,1252356
test,1230246
test,977893
test,814617
test,1013357
test,1098954
test,1089844
test,1223760
test,1107637
test,1157226
test,1199237
test,1118502
test,1147488
test,1221930
test,1427079
test,1391557
test,1561432
test,1113333
test,1283089
test,974194
test,1112862
test,1098318
test,917340
test,1003155
test,987587
test,1296637
test,1228744
test,1340664
test,1168541
test,1112825
test,1256827
test,1115377
test,1117770
test,983670
test,936734
test,1243899
test,1220086
test,1020341
test,1383011
test,1045691
test,1055886
test,1099852
test,1067992
test,1077012
test,1003998
test,1255366
test,1327194
test,1244770
test,928665
test,1195746
test,1371064
test,1360156
test,1034460
test,1007081
test,1050772
test,1086885
test,902342
test,888816
test,1120961
test,1220431
test,1204021
test,1067655
test,1221770
test,1174591
test,1258751
test,1252488
test,1256205
test,1073038
test,1265137
test,1278968
test,1176671
test,1089225
test,1220296
test,1330329
test,1354006
test,1138700
test,1010977
test,1156879
test,913720
test,1225611
test,989144
test,1003973
test,1247954
test,836834
test,1123041
test,932803
test,946620
test,881015
test,965304
test,1203558
test,1050298
test,1041944
test,1246439
test,1132579
test,1101282
test,919404
test,1023616
test,1148418
test,941911
test,985246
test,962047
test,1091648
test,1497740
test,1122631
test,1174777
test,1146638
test,1072258
test,1159196
test,1063555
test,936041
test,1026756
test,954065
test,1000823
test,1006187
test,1216589
test,1440221
test,1092361
test,1216398
test,897084
test,887032
test,1074710
test,1109920
test,1132566
test,1350019
test,1394020
test,1179706
test,1072502
test,1304232
test,1084178
test,1055228
test,1140260
test,903970
test,1099167
test,952948
test,1029163
test,1253374
test,871096
test,812133
test,1154047
test,1123686
test,924915
test,1262918
test,1289678
test,1283422
test,1150191
test,1264796
test,954498
test,1299246
test,1235143
test,950373
test,898573
test,1245035
test,914128
test,977952
test,1192798
test,1148094
test,1162610
test,996791
test,1086478
test,995276
test,973622
test,748756
test,1034505
test,807338
test,1042864
test,997366
test,1087148
test,1323476
test,830147
test,1012023
test,1054152
test,1239837
test,954833
test,1027297
test,1036210
test,1165798
test,1073150
test,1406650
test,1178652
test,1240713
test,850586
test,835603
test,1038209
test,758389
test,1034488
test,1170525
test,934799
test,1070306
test,1185339
test,1043515
test,1113134
test,1204290
test,823722
test,1135650
test,1188698
test,1170861
test,1409275
test,1207191
test,1359219
test,1070874
test,925498
test,895727
test,1029298
test,961496
test,980954
test,874494
test,933947
test,885620
test,1009443
test,1024551
test,1063745
test,1389408
test,1112656
test,1138918
test,1218442
test,1169277
test,1375933
test,1018597
test,963346
test,912815
test,1006473
test,1144454
test,1183155
test,1188716
test,895627
test,1294767
test,1166150
test,911549
test,1318185
test,967934
test,1253686
test,988552
test,960208
test,1050347
test,995869
test,714566
test,994922
test,918399
test,856653
test,878231
test,1135923
test,1151349
test,1177173
test,963875
test,1041116
test,1050160
test,1093342
test,882184
test,840052
test,1231518
test,1037966
test,1152949
test,1110865
test,889815
test,1004788
test,1231049
test,939076
test,1106678
test,1057816
test,1280668
test,1330570
test,1121967
test,1187273
test,1052470
test,1147725
test,1196710
test,1168130
test,1086294
test,896494
test,865537
test,1048999
test,888721
test,1188353
test,978091
test,901533
test,872543
test,1331028
test,1015950
test,949900
test,1228770
test,1069584
test,984161
test,1159870
test,930049
test,1199750
test,1240870
test,1352785
test,1291658
test,1539109
test,1074598
test,1265871
test,1436768
test,1444642
test,1238831
test,1007593
test,898750
test,1099071
test,991714
test,1283201
test,1256944
test,1343816
test,1233824
test,1068715
test,1007692
test,911931
test,1023773
test,988087
test,1170431
test,961505
test,1017328
test,1337127
test,1074553
test,1085525
test,977064
test,1059744
test,1172482
test,1042032
test,946203
test,869979
test,917603
test,925026
test,923031
test,956975
test,1050270
test,1065653
test,1275748
test,944546
test,1096304
test,1203000
test,1099773
test,1261708
test,877446
test,957687
test,856225
test,992306
test,1056081
test,802793
test,699641
test,939892
test,955494
test,1316502
test,1194881
test,1241292
test,1409872
test,1059963
test,1506050
test,1280828
test,1500644
test,1437786
test,1202850
test,1082586
test,1096898
test,1318437
test,927285
test,1174376
test,896871
test,979188
test,1391771
test,1030151
test,1217487
test,1138964
test,1133057
test,878242
test,955610
test,763626
test,1140940
test,1016213
test,1051460
test,1137852
test,968804
test,1162928
test,1016981
test,846301
test,1148873
test,1213938
test,1350223
test,1290270
test,1221932
test,1159079
test,1101990
test,968605
test,888493
test,841827
test,807161
test,741293
test,1061753
test,1122397
test,1043814
test,857582
test,944944
test,1009052
test,1225173
test,1323630
test,1091852
test,1193605
test,1085803
test,859693
test,756498
test,897707
test,1099868
test,891283
test,977382
test,766634
test,1044484
test,1329755
test,1059604
test,1027505
test,1117330
test,1153497
test,923515
test,1086261
test,1156218
test,1271399
test,1176406
test,1022907
test,1159489
test,1090349
test,972845
test,1201134
test,1296739
test,1000002
test,1372191
test,1398967
test,1511569
test,1509726
test,1067069
test,932752
test,1020554
test,1205203
test,984142
test,860573
test,1024751
test,946922
test,1103344
test,1242150
test,1287723
test,1300977
test,1160850
test,1015857
test,1281530
test,1018200
test,1076751
test,1136615
test,1091494
test,1151812
test,1312958
test,1182388
test,1087084
test,1146868
test,1367442
test,997024
test,954592
test,935645
test,1043374
test,1200909
test,1206976
test,1434738
test,1164010
test,1500605
test,1136011
test,980910
test,1332027
test,1018461
test,1483428
test,1116842
test,1154114
test,1127635
test,1290070
test,1139875
test,1075714
test,1152438
test,1412929
test,1050274
test,1256171
test,1247572
test,1014991
test,1067484
test,1222462
test,1009294
test,1235278
test,1276312
test,1085294
test,1109879
test,938618
test,1184760
test,1354282
test,938540
test,1042820
test,1055982
test,1030874
test,1021093
test,1128361
test,1183740
test,1148295
test,1270787
test,1483606
test,915553
test,1164406
test,1147074
test,1221812
test,1185829
test,992986
test,995137
test,1128136
test,1229337
test,1329925
test,1404664
test,1192098
test,1145688
test,1009501
test,1030190
test,1174068
test,832356
test,935754
test,1025692
test,888064
test,1075780
test,1083452
test,1059785
test,1134971
test,1007620
test,893919
test,920786
test,970131
test,1157271
test,1230356
test,1290184
test,1138936
test,1095456
test,1124641
test,1479115
test,897746
test,1110619
test,1150016
test,1293047
test,1258150
test,1066117
test,988410
test,1079637
test,1127335
test,1016445
test,812712
test,1043241
test,1090968
test,1124700
test,1224761
test,1216162
test,1133435
test,1426210
test,1295473
test,1056417
test,1280286
test,995621
test,1119488
test,1164931
test,1101101
test,1097386
test,808288
test,1234027
test,1023761
test,1148023
test,1341175
test,895147
test,1258486
test,920808
test,1100258
test,986033
test,976359
test,1073155
test,1146733
test,1152345
test,1018610
test,1027983
test,1232163
test,1087117
test,896743
test,1118857
test,829029
test,1178298
test,954864
test,998486
test,964911
test,989831
test,1066118
test,1125466
test,1290151
test,1023356
test,973896
test,921132
test,1235152
test,999370
test,1150414
test,901578
test,880666
test,1160569
test,881836
test,1003279
test,1006417
test,910073
test,1229153
test,1241848
test,1060006
test,1073365
test,1043111
test,1126813
test,1470462
test,1339724
test,916070
test,1135983
test,1003755
test,951456
test,885321
test,1094749
test,1093249
test,994206
test,1124867
test,1313273
test,1201600
test,1053073
test,1265401
test,1304889
test,1265419
test,994285
test,952473
test,1329342
test,1225766
test,1694448
test,1616452
test,1130047
test,1366746
test,1189610
test,1029048
test,1245002
test,1074681
test,1098943
test,1143594
test,999257
test,1333645
test,1117478
test,1003732
test,1130074
test,1333992
test,920958
test,1261771
test,1104588
test,1307270
test,1071171
test,1035496
test,1000616
test,1019372
test,1130840
test,986834
test,1055381
test,1056139
test,896159
test,854879
test,981201
test,1250185
test,1003134
test,969060
test,1415505
test,1006547
test,1185594
test,1059067
test,1144486
test,945802
test,1182558
test,1094622
test,1150665
test,1264005
test,1120443
test,1187759
test,937781
test,1025284
test,1177408
test,1339305
test,845750
test,1038419
test,997812
test,1428613
test,1304501
test,896738
test,790942
test,903835
test,1024060
test,1052464
test,1063462
test,990160
test,1306458
test,1272931
test,1258493
test,1291999
test,1485909
test,1390857
test,1556328
test,1158918
test,1315520
test,1159256
test,1341348
test,1187064
test,1180238
test,1175519
test,1107780
test,991989
test,1125107
test,859870
test,998722
test,1023485
test,1027211
test,1424789
test,999524
test,1027507
test,1007596
test,857422
test,890611
test,883673
test,1141668
test,978664
test,1215824
test,808031
test,1060154
test,912988
test,905611
test,954323
test,932164
test,911056
test,957059
test,915258
test,1023979
test,863677
test,1311165
test,1023219
test,1112499
test,1361491
test,1021751
test,990129
test,1288303
test,895356
test,1195263
test,1055604
test,1092103
test,991328
test,1198938
test,1057454
test,1143069
test,1025579
test,909449
test,848028
test,809010
test,861610
test,1022552
test,932690
test,902133
test,1043673
test,1094110
test,1004387
test,994455
test,1133284
test,1043940
test,984330
test,1166501
test,1128718
test,1373868
test,1001628
test,1070766
test,887076
test,1173502
test,935221
test,1461835
test,1130386
test,1123740
test,1071546
test,1191042
test,1315192
test,1145853
test,1286634
test,1225580
test,1072456
test,1211226
test,1252879
test,1152834
test,951269
test,1316373
test,1012045
test,1116791
test,1020155
test,978400
test,1368337
test,1200112
test,1026557
test,1075953
test,1133319
test,1025976
test,1041015
test,852007
test,1030215
test,878101
test,843051
test,1373749
test,1259397
test,1012581
test,910034
test,1120463
test,1055408
test,1005447
test,1021225
test,909220
test,1282935
test,1086599
test,862859
test,1260378
test,1118974
test,1177969
test,1013076
test,1087326
test,1263813
test,1137741
test,990600
test,1142911
test,894268
test,1093802
test,1007041
test,1151220
test,1007124
test,970794
test,1002330
test,904708
test,863453
test,963418
test,912000
test,1063391
test,1213127
test,906713
test,1029394
test,1203309
test,1204274
test,1077048
test,1148828
test,1193394
test,1068944
test,968374
test,1065008
test,1295463
test,1307264
test,1484392
test,1261862
test,1252147
test,973936
test,1102087
test,1163783
test,929568
test,1107991
test,1313188
test,1162511
test,1340446
test,1038900
test,997928
test,878699
test,1285812
test,1223253
test,1178070
test,1000329
test,990328
test,1199427
test,1092660
test,1499748
test,981761
test,1284650
test,1264380
test,1134664
test,1100955
test,990541
test,1227130
test,851713
test,1174655
test,857978
test,892900
test,793962
test,1276613
test,880743
test,981470
test,1198834
test,1031642
test,984851
test,1124039
test,1182536
test,919214
test,1025370
test,867523
test,1154643
test,951873
test,917143
test,919153
test,963792
test,1091860
test,806051
test,1059836
test,1059991
test,904561
test,1135191
test,1041636
test,1296275
test,1148993
test,1222749
test,1125012
test,1028883
test,936611
test,878817
test,1330575
test,1019912
test,1130953
test,929295
test,1200070
test,1080288
test,1123200
test,1308645
test,1086103
test,1060459
test,1121861
test,1153923
test,856330
test,900991
test,1014206
test,1047865
test,819361
test,879771
test,917614
test,1050882
test,1278545
test,940302
test,915202
test,927198
test,1150080
test,870461
test,1110992
test,1154047
test,1077336
test,1211243
test,1267503
test,1405643
test,1033904
test,1110905
test,1197753
test,1103042
test,1288485
test,1044554
test,1067219
test,1251010
test,991547
test,911960
test,979879
test,1024660
test,1037450
test,928797
test,870676
test,905640
test,1031204
test,950467
test,999330
test,1172049
test,893122
test,1062048
test,1091608
test,1248185
test,1042084
test,1056677
test,1110759
test,1082495
test,1124155
test,1001634
test,786533
test,1079665
test,1194557
test,1102745
test,1192627
test,1003801
test,1137533
test,959622
test,858710
test,906879
test,1057624
test,984167
test,866591
test,945240
test,850036
test,793666
test,917224
test,1248349
test,1082853
test,1038474
test,1042525
test,1386772
test,1297617
test,1469728
test,1068692
test,1074332
test,1197555
test,1303093
test,1343116
test,977190
test,1178630
test,944177
test,1027843
test,1069861
test,1276990
test,1288253
test,1055862
test,1033102
test,1237951
test,1034258
test,1000468
test,1091240
test,1114669
test,916473
test,1154845
test,1083478
test,1216332
test,1371493
test,1353252
test,1264403
test,1204623
test,1095563
test,889373
test,888013
test,948892
test,1109494
test,982320
test,818169
test,1025700
test,786377
test,972545
test,1042327
test,1182331
test,1043324
test,1279645
test,1067861
test,925079
test,1411368
test,1087111
test,865654
test,1053260
test,730579
test,771596
test,1001398
test,958800
test,974292
test,1085643
test,1087001
test,962801
test,1206291
test,1204614
test,1050716
test,952400
test,975583
test,1064327
test,916851
test,944493
test,1220416
test,1056186
test,989982
test,1362403
test,1203641
test,1007511
test,1158274
test,973744
test,1037629
test,1094532
test,1054411
test,1195153
test,1108502
test,1201193
test,1311331
test,1096676
test,1077410
test,1340548
test,990588
test,905912
test,755416
test,1003091
test,945962
test,1219458
test,1271876
test,1351354
test,1047571
test,1000540
test,1185664
test,1205796
test,967586
test,1104340
test,1230028
test,1009129
test,1110476
test,1251680
test,1038065
test,915811
test,1166033
test,1030137
test,1033735
test,1181000
test,906806
test,1263467
test,1027157
test,1333603
test,989749
test,1076617
test,1251318
test,1151247
test,1163500
test,1063044
test,869858
test,1214474
test,1216849
test,1153675
test,1024680
test,1076875
test,1145015
test,1008884
test,1019576
test,1026341
test,1075606
test,969283
test,1337521
test,1228914
test,1250666
test,1271158
test,1201596
test,1256463
test,1238727
test,1247158
test,976952
test,1077243
test,1262754
test,1367397
test,941070
test,1042350
test,924318
test,1081592
test,1098690
test,1426169
test,1298384
test,1386707
test,1103370
test,872193
test,933757
test,1213432
test,1296104
test,1085093
test,1015206
test,1284723
test,1092179
test,1051910
test,948896
test,869364
test,897440
test,901265
test,902411
test,942389
test,1161104
test,1009676
test,1241053
test,1143009
test,1440928
test,1043127
test,1091684
test,1195718
test,1227147
test,1167390
test,1139903
test,1101671
test,1285445
test,1210617
test,1145748
test,963486
test,1172719
test,1037437
test,1067846
test,1046332
test,885245
test,1190792
test,1060773
test,933870
test,879672
test,953315
test,1112797
test,1171298
test,1327424
test,908027
test,938423
test,987404
test,816170
test,833372
test,1133185
test,1030311
test,941387
test,855344
test,1061511
test,938912
test,1019214
test,978053
test,942156
test,870795
test,1001770
test,1140700
test,1016013
test,1011019
test,1155134
test,1116647
test,1259087
test,1301512
test,976872
test,1032533
test,1147890
test,1044609
test,1079392
test,1087722
test,1319076
test,937242
test,1008244
test,808245
test,683819
test,813237
test,989097
test,1051907
test,996920
test,1089167
test,854307
test,1212244
test,962541
test,1098414
test,1201513
test,1130544
test,1256906
test,1290242
test,1175239
test,1390948
test,1143712
test,1057154
test,1192880
test,1155477
test,1213827
test,1085881
test,1093376
test,996170
test,1071124
test,1057875
test,996972
test,1030470
test,1128492
test,1319264
test,1120403
test,1138420
test,1111665
test,1150111
test,1164323
test,1278449
test,1375913
test,1100931
test,1223976
test,1035969
test,988057
test,924633
test,972642
test,960883
test,847094
test,859633
test,908914
test,900830
test,872111
test,836199
test,863126
test,990768
test,926005
test,881546
test,828269
test,885118
test,920998
test,857308
test,1006293
test,1024843
test,957382
test,926867
test,931056
test,1171079
test,954824
test,1134591
test,1073797
test,973403
test,1130680
test,1228735
test,1093708
test,926743
test,911653
test,876244
test,1173163
test,1050424
test,1284894
test,700715
test,934507
test,983391
test,1054346
test,1268864
test,993140
test,1122491
test,1239576
test,995684
test,1008325
test,1129091
test,924013
test,992112
test,1072596
test,1246782
test,1180449
test,970913
test,1109435
test,1079899
test,1121069
test,1185237
test,1095062
test,1637600
test,1113391
test,1119376
test,1162296
test,1105519
test,1242065
test,1149654
test,1177985
test,1000600
test,1247788
test,1326503
test,1111164
test,1053173
test,1236578
test,1026500
test,1167297
test,1229037
test,1224014
test,1009106
test,1062743
test,1122128
test,1161836
test,931954
test,1124406
test,916287
test,1092279
test,1033689
test,1029851
test,1269337
test,1125148
test,1365166
test,1016448
test,1044896
test,1049029
test,1095811
test,1019573
test,1435932
test,951194
test,947967
test,1199505
test,955708
test,1018462
test,1239927
test,1241718
test,1049006
test,1367900
test,1203140
test,1219894
test,914895
test,910293
test,1285913
test,1017072
test,1007939
test,566592
test,975142
test,957988
test,1040058
test,1024108
test,1615745
test,1316722
test,1489551
test,1233726
test,1179378
test,1320091
test,1105403
test,1357370
test,1135874
test,804421
test,923762
test,1067992
test,1246581
test,994744
test,1149149
test,911108
test,1042470
test,1005428
test,731324
test,935330
test,1271050
test,904523
test,863141
test,1105534
test,926271
test,865415
test,1245535
test,1293435
test,1021069
test,1272583
test,1166438
test,1179535
test,1279425
test,911502
test,993769
test,1342312
test,1009192
test,1268161
test,1237937
test,1159494
test,1167873
test,1171563
test,1336905
test,1159054
test,1004012
test,1112846
test,1256519
test,1040675
test,1037394
test,1637169
test,1167084
test,836151
test,965338
test,808910
test,964133
test,1152000
test,1022410
test,1143447
test,1088749
test,1031872
test,1063766
test,1007675
test,1054587
test,1092519
test,958264
test,1030026
test,1086461
test,888551
test,1108903
test,1045945
test,1117424
test,1117511
test,1179330
test,1369009
test,1177907
test,1598465
test,1339753
test,1008317
test,1084533
test,1195693
test,885851
test,1159037
test,983672
test,1188354
test,1276921
test,1225323
test,895485
test,810433
test,735218
test,855111
test,838363
test,983661
test,664234
test,1042472
test,777802
test,1097039
test,1110405
test,961557
test,1092386
test,1076570
test,1170810
test,1012612
test,1039666
test,1049233
test,1128905
test,1251756
test,1062491
test,1179161
test,994475
test,1251088
test,1301501
test,1145788
test,1169750
test,1084714
test,1081742
test,1177573
test,1075925
test,855946
test,1181282
test,1114865
test,1156672
test,1333985
test,1227853
test,1216210
test,1264737
test,1119004
test,1037881
test,1087795
test,933583
test,978282
test,1029728
test,926429
test,1351705
test,1325317
test,1064962
test,1137762
test,1147953
test,1169228
test,916495
test,1033305
test,1322032
test,1221238
test,1223030
test,983518
test,1096239
test,1065087
test,1133226
test,1228637
test,1280651
test,1318438
test,1282275
test,1470178
test,1288504
test,991414
test,1165494
test,1344410
test,1175471
test,1000607
test,1028949
test,1058685
test,1117057
test,1226123
test,1083926
test,1369492
test,1019146
test,933706
test,902189
test,1093689
test,1135448
test,1037497
test,1171575
test,804332
test,1354202
test,1287021
test,1193597
test,1162878
test,1341328
test,800367
test,851384
test,923773
test,1103494
test,1254470
test,1232383
test,1090535
test,1036746
test,1147179
test,1176355
test,999009
test,1254738
test,1331266
test,919480
test,1185390
test,988948
test,1278054
test,929275
test,1170513
test,1156665
test,1094902
test,1084998
test,1122035
test,1295870
test,1347436
test,981462
test,1069193
test,1073869
test,885084
test,1101497
test,1021137
test,1230791
test,964220
test,927333
test,1049455
test,948132
test,1027005
test,912234
test,996054
test,1169650
test,1144854
test,1047990
test,1028523
test,990809
test,1215307
test,1285890
test,990974
test,1236200
test,994308
test,1325248
test,1344769
test,988029
test,999704
test,1164860
test,1044887
test,1121312
test,1044598
test,1250828
test,911461
test,991461
test,1013245
test,1008737
test,1026805
test,874125
test,1095406
test,1047624
test,854497
test,1024151
test,907709
test,756497
test,1078457
test,939144
test,1037899
test,1061242
test,1175954
test,1261331
test,1061815
test,1083107
test,1125941
test,1127935
test,1063584
test,1126886
test,1131518
test,1330854
test,1218718
test,1166091
test,1120526
test,1102531
test,1258272
test,1084125
test,1129614
test,1127495
test,1330746
test,1433134
test,1159914
test,1375087
test,1274238
test,1519440
test,1059472
test,1051820
test,1241888
test,1224147
test,1082468
test,898245
test,1243174
test,1222908
test,1192823
test,1372931
test,1195533
test,962322
test,1175831
test,886178
test,1134742
test,1011231
test,880804
test,990848
test,1026141
test,1061758
test,1175240
test,1090901
test,1243436
test,1200215
test,1335166
test,1076306
test,1033885
test,1029852
test,1316567
test,1035613
test,1169391
test,920660
test,1128665
test,1292907
test,1291201
test,1349501
test,1095768
test,1127341
test,1305147
test,1053570
test,1048376
test,807987
test,1006615
test,1163001
test,1328213
test,1361160
test,1042608
test,1122833
test,1357676
test,1013236
test,1309331
test,1225664
test,1205935
test,1130913
test,1549156
test,1410079
test,1185558
test,990154
test,1058702
test,1403851
test,1303945
test,1185796
test,1297197
test,1178263
test,1098425
test,1016080
test,985891
test,944902
test,984351
test,909838
test,841448
test,1203104
test,758517
test,1146025
test,884279
test,903689
test,976784
test,879750
test,1115569
test,1001032
test,967173
test,944868
test,1010967
test,1017769
test,1102384
test,885819
test,1047243
test,876947
test,991549
test,1094910
test,1117550
test,973199
test,911051
test,912523
test,961270
test,936447
test,959892
test,950970
test,1028450
test,949519
test,1161843
test,1112350
test,1029575
test,1210458
test,882490
test,1090122
test,1048403
test,1104439
test,1117135
test,1041016
test,1106706
test,1235903
test,1077716
test,1296330
test,1191732
test,1427436
test,1095487
test,1202078
test,893810
test,1003320
test,991418
test,973165
test,1373359
test,1116840
test,961671
test,1115417
test,1014726
test,1346833
test,871582
test,836326
test,1208287
test,1177166
test,1023457
test,894792
test,1172475
test,996382
test,1121997
test,1580544
test,1301990
test,1157488
test,1096859
test,866002
test,1030933
test,927442
test,1475498
test,1112750
test,1081061
test,899531
test,875613
test,900889
test,969599
test,1050187
test,999228
test,965485
test,1142465
test,1064637
test,1399081
test,1199684
test,1065991
test,1005238
test,891268
test,1036128
test,1018773
test,1011042
test,1142982
test,974168
test,1051113
test,1249853
test,1032722
test,1078451
test,1074043
test,1150401
test,1185922
test,1129784
test,1115731
test,1043837
test,1158140
test,1154027
test,881105
test,930061
test,1193354
test,1402502
test,989510
test,1064511
test,1240249
test,1119572
test,1052664
test,1145097
test,1290497
test,1078015
test,1058016
test,1043514
test,764459
test,1071760
test,1038553
test,1221173
test,1303157
test,1038980
test,1017573
test,1052451
test,1262167
test,930110
test,874230
test,1214265
test,892027
test,998999
test,1099132
test,928157
test,1339401
test,1375928
test,1343460
test,1064623
test,1358783
test,1207890
test,1142115
test,1186551
test,1053786
test,928784
test,998487
test,1061328
test,1870161
test,1414755
test,1391756
test,1421168
test,1179987
test,1170587
test,1001135
test,910587
test,1069935
test,993942
test,957249
test,1050530
test,1008058
test,1246203
test,1177515
test,1000140
test,1255704
test,1120868
test,1010763
test,1079284
test,1046258
test,1081578
test,1066915
test,997456
test,878119
test,836650
test,1254862
test,994447
test,1033577
test,1031652
test,1062842
test,1010985
test,983274
test,961088
test,967782
test,928834
test,858152
test,910038
test,939252
test,1093839
test,1114967
test,1060968
test,1320189
test,1431650
test,1432995
test,966688
test,1113734
test,754290
test,790563
test,927110
test,820543
test,884734
test,1209061
test,1216399
test,1024711
test,1196233
test,1019687
test,1061528
test,1275455
test,1065192
test,1089299
test,1146961
test,1160438
test,866685
test,1002578
test,1158842
test,1083008
test,1068483
test,923681
test,799261
test,1117643
test,1040189
test,879659
test,969418
test,1159580
test,1158335
test,1180807
test,1117101
test,1261589
test,1118516
test,745494
test,1009088
test,1083734
test,1097573
test,1271673
test,1090978
test,1205618
test,1219278
test,1308369
test,961693
test,1269447
test,1170486
test,1059621
test,1052532
test,1071691
test,1074241
test,993654
test,1000801
test,917629
test,1318621
test,1496732
test,1213076
test,1141638
test,1247008
test,1093749
test,1103375
test,1058488
test,977594
test,1101024
test,976045
test,1274753
test,1304449
test,1020856
test,1225670
test,1194107
test,1281193
test,1138437
test,1108678
test,1165201
test,1086202
test,1093748
test,1233919
test,1226778
test,1586420
test,1329323
test,986381
test,984405
test,928111
test,950734
test,946921
test,1070429
test,1178759
test,853908
test,1009897
test,1090682
test,845864
test,1051713
test,1072606
test,1001516
test,1190489
test,1240941
test,1024953
test,806583
test,1128946
test,1115307
test,1085880
test,966787
test,1003590
test,1060931
test,1096603
test,1114601
test,1327232
test,1196028
test,1204985
test,1049288
test,1093593
test,1054722
test,1051317
test,1245678
test,1047814
test,1291944
test,1159330
test,1181051
test,1224869
test,1350381
test,1052382
test,864511
test,984358
test,959101
test,1087304
test,1036299
test,1003368
test,1021319
test,1097131
test,950132
test,810899
test,1035856
test,1124148
test,930395
test,963997
test,976759
test,922753
test,1054804
test,1119639
test,1037430
test,958142
test,946692
test,1181319
test,1048437
test,1092087
test,873285
test,1168100
test,1188046
test,1299052
test,1149902
test,1483164
test,1176912
test,1394243
test,1482940
test,933235
test,1007950
test,1259005
test,1110480
test,1096991
test,1137453
test,1265775
test,830930
test,1117509
test,972515
test,967895
test,1079642
test,1396454
test,1131815
test,888633
test,974476
test,1071826
test,1188864
test,1206473
test,1005873
test,1008995
test,1002691
test,860513
test,1182987
test,1076745
test,1411795
test,1138840
test,1118045
test,866623
test,873028
test,887210
test,873707
test,897674
test,1019745
test,1033434
test,1000269
test,1074349
test,1087658
test,838853
test,1134408
test,964162
test,910267
test,1119206
test,1208464
test,1144232
test,1137651
test,1254281
test,1032103
test,1307273
test,1091937
test,986022
test,1159260
test,1060469
test,1044575
test,1184501
test,926704
test,974295
test,1179112
test,1138555
test,1107274
test,1234913
test,1101865
test,1189836
test,1441039
test,883926
test,863669
test,1140458
test,1387329
test,1300421
test,1039306
test,1242422
test,1016239
test,919512
test,993596
test,998888
test,881915
test,1161715
test,1247294
test,928910
test,1260838
test,1021211
test,1034441
test,881363
test,1154041
test,1115778
test,1074190
test,1134995
test,1277560
test,1551537
test,1332164
test,1353666
test,1159135
test,1106146
test,1271055
test,902611
test,1168684
test,1322471
test,1191379
test,1054927
test,957773
test,1181779
test,1084454
test,976711
test,1190778
test,1293385
test,1167788
test,814173
test,923192
test,869136
test,1071220
test,1032099
test,1206002
test,876825
test,960725
test,949263
test,1163743
test,1092239
test,1172241
test,1334377
test,1458896
test,982080
test,990960
test,970995
test,1092593
test,1186153
test,1208461
test,1044220
test,1081443
test,1213738
test,1030090
test,873604
test,792349
test,935501
test,988498
test,842831
test,1135658
test,983925
test,1360837
test,1330597
test,1097503
test,929662
test,971901
test,963440
test,1131044
test,1055961
test,1173562
test,1309300
test,1084370
test,1217333
test,915331
test,1217766
test,1184987
test,1100817
test,1139894
test,848754
test,882646
test,854875
test,973487
test,1156922
test,1182801
test,954195
test,843804
test,1041304
test,1073084
test,897072
test,1163297
test,1060932
test,1232788
test,1220707
test,983078
test,1155527
test,953563
test,967915
test,893549
test,871406
test,1060433
test,1111235
test,1092385
test,1072139
test,1110296
test,1239877
test,1256808
test,970578
test,1256160
test,993181
test,1414048
test,1217527
test,1221938
test,1025259
test,1024748
test,1094893
test,938432
test,1086657
test,849994
test,1019946
test,981266
test,1397368
test,1053289
test,890520
test,785962
test,926741
test,1024093
test,925288
test,853782
test,932376
test,1034747
test,996430
test,1158259
test,1026343
test,1003122
test,1130840
test,1039300
test,1291594
test,1085454
test,1150238
test,1045874
test,1134399
test,1019589
test,1084484
test,1076024
test,996981
test,1340762
test,866169
test,1117889
test,1236678
test,1156332
test,1168576
test,1091203
test,1196912
test,976824
test,950757
test,1081147
test,834785
test,1275693
test,1189248
test,1139455
test,1038028
test,945867
test,1057477
test,1039717
test,1203437
test,1146957
test,1409126
test,1362847
test,1103859
test,1363962
test,1050828
test,1050648
test,1209785
test,1000587
test,1175728
test,1024184
test,1224987
test,904402
test,1371821
test,984952
test,1169289
test,1073061
test,989685
test,858799
test,968109
test,1037739
test,1107968
test,1032628
test,1222016
test,1211539
test,1019467
test,1117482
test,1030950
test,1144504
test,1126705
test,815863
test,1060779
test,1248034
test,1246434
test,983967
test,1325989
test,915835
test,970689
test,1187919
test,1355361
test,1205175
test,982436
test,1123755
test,1201560
test,992379
test,1154532
test,999058
test,980765
test,1132491
test,1234824
test,969980
test,1141727
test,1050469
test,1366280
test,1339168
test,1056774
test,973564
test,1102170
test,992683
test,1283418
test,821808
test,852489
test,1070796
test,1184306
test,1199541
test,900238
test,989074
test,838434
test,826938
test,1416541
test,900494
test,1124475
test,1344004
test,1081845
test,1002508
test,1141727
test,1142325
test,1396126
test,1065969
test,1429111
test,1334144
test,1465282
test,1111761
test,1347680
test,1396549
test,922898
test,1168147
test,1210114
test,1076202
test,1374434
test,1159523
test,1252644
test,1345409
test,1055471
test,1017686
test,1255524
test,940366
test,1271705
test,1104907
test,758000
test,943146
test,1331704
test,1185301
test,960544
test,1073715
test,1004849
test,1335379
test,1306440
test,1054304
test,995302
test,1343389
test,1067038
test,898145
test,865051
test,846538
test,927360
test,960777
test,1032602
test,1274344
test,959068
test,943798
test,914026
test,970948
test,1187043
test,1031418
test,1117102
test,1041813
test,1250464
test,1130358
test,1191157
test,1086590
test,1254363
test,847771
test,949112
test,919821
test,980896
test,1210634
test,1318727
test,1007062
test,1099105
test,1107256
test,1212005
test,944016
test,933589
test,1054501
test,1183435
test,911422
test,1148736
test,1238195
test,1327282
test,1092134
test,1081286
test,1033770
test,1034149
test,848795
test,1094207
test,900875
test,998842
test,1186199
test,1162889
test,1271317
test,1164469
test,1082811
test,1148575
test,924978
test,1018397
test,745321
test,967854
test,1190187
test,925007
test,848104
test,931433
test,1038471
test,1071561
test,1182457
test,978524
test,1057374
test,1227413
test,1168901
test,1223458
test,1099784
test,1122257
test,1148175
test,955091
test,1075523
test,1021227
test,1303798
test,1080434
test,1021631
test,1025498
test,998927
test,1002531
test,1157153
test,1297516
test,1117596
test,1382834
test,1130259
test,1019073
test,1163858
test,990641
test,970600
test,1447209
test,1126266
test,1415974
test,1328335
test,1353740
test,1146722
test,998670
test,980904
test,1015052
test,931002
test,1164097
test,1248285
test,1137266
test,889796
test,1117861
test,1157664
test,894732
test,908304
test,973840
test,954660
test,939531
test,1032882
test,1055141
test,949837
test,849804
test,1014507
test,1136078
test,1099308
test,1313286
test,857819
test,1288496
test,1073987
test,1067851
test,1141941
test,1211537
test,1119763
test,1343804
test,1248665
test,937192
test,1234574
test,1233046
test,1466505
test,1160386
test,925252
test,1155775
test,1052333
test,1251180
test,1006352
test,1071969
test,1161766
test,1077976
test,897218
test,893950
test,1170779
test,1446969
test,1289938
test,1350712
test,936596
test,1049242
test,895102
test,894144
test,1474493
test,1061159
test,1062390
test,1463315
test,1390849
test,1093859
test,996154
test,1065286
test,1252681
test,1294819
test,1188341
test,1351131
test,1204581
test,1157621
test,1349303
test,1307430
test,1431307
test,1266838
test,1454213
test,1340112
test,1088502
test,1335631
test,1226314
test,1095086
test,1244704
test,1041490
test,1014305
test,1297600
test,1370702
test,1671727
test,1269454
test,1357659
test,1430789
test,1125080
test,1422177
test,1381237
test,1148377
test,1347781
test,1503532
test,1247656
test,1088133
test,1089852
test,1134463
test,1238978
test,1114689
test,1150433
test,1330361
test,927318
test,1252226
test,1199555
test,996357
test,1097904
test,1038728
test,1010079
test,1099192
test,1150404
test,1209706
test,985770
test,1171320
test,903013
test,1112869
test,820686
test,1280037
test,1140877
test,1143945
test,1297697
test,1061740
test,1041778
test,1191640
test,1218197
test,1306145
test,1120795
test,1170124
test,1314840
test,1195651
test,1082764
test,1116094
test,1072466
test,1276961
test,944869
test,1059419
test,1327568
test,1005388
test,1362768
test,1326405
test,1182032
test,1441292
test,1117700
test,1093059
test,1189124
test,1211809
test,890717
test,918386
test,1231165
test,1021074
test,1246515
test,1305469
test,1022530
test,1017030
test,1464547
test,1138061
test,1364970
test,1066308
test,885024
test,1033807
test,1343391
test,1125658
test,822910
test,737321
test,1033722
test,839593
test,869778
test,996002
test,1188477
test,910902
test,981746
test,1101131
test,921791
test,930230
test,1107977
test,852529
test,898568
test,938661
test,1148162
test,949657
test,865408
test,995548
test,774271
test,989830
test,1124227
test,1172753
test,843922
test,852989
test,916206
test,1108633
test,811812
test,1056683
test,1030173
test,1204543
test,1046679
test,965774
test,1005762
test,767832
test,907808
test,1110157
test,1399661
test,1159139
test,1135795
test,1447606
test,957033
test,1136377
test,1114409
test,1352432
test,1451829
test,1206670
test,1189840
test,991119
test,1138680
test,1056947
test,1048363
test,1087229
test,1018259
test,1005139
test,898162
test,992808
test,931962
test,1414200
test,1209224
test,1407751
test,1281629
test,964479
test,1114170
test,937249
test,1019501
test,1047219
test,1278722
test,966243
test,958525
test,1174392
test,921519
test,1056240
test,956145
test,1036477
test,952114
test,978453
test,964199
test,977692
test,982485
test,1118044
test,835185
test,955740
test,1189090
test,1069083
test,979972
test,1022244
test,1123242
test,1007305
test,1089060
test,996036
test,1249450
test,1028587
test,953258
test,1193268
test,1465628
test,991638
test,1212414
test,1275904
test,1184765
test,1095015
test,946062
test,882388
test,1081369
test,1012502
test,1038632
test,815995
test,1085406
test,827017
test,919179
test,1042740
test,1136405
test,1211580
test,1371437
test,1060539
test,1326821
test,1430706
test,1248002
test,1400847
test,1058219
test,1193398
test,997406
test,1074914
test,1157661
test,1053494
test,942528
test,1144600
test,1100946
test,1228901
test,1152090
test,1301496
test,1118782
test,1289830
test,896501
test,1172762
test,897608
test,938902
test,1102253
test,1272667
test,1124312
test,1131181
test,1115781
test,1206334
test,1332598
test,1136319
test,1313761
test,1283526
test,807368
test,946517
test,1059914
test,1062270
test,1023967
test,1114378
test,1021171
test,1150721
test,988324
test,1080323
test,1143821
test,1313773
test,1228919
test,1056253
test,1106272
test,1331733
test,1293148
test,1136636
test,1134083
test,938651
test,962219
test,1415560
test,1164173
test,1198887
test,1013412
test,1198307
test,983725
test,1020338
test,926502
test,888690
test,1218714
test,1150575
test,1369888
test,1155243
test,1057985
test,1110972
test,1144705
test,1058577
test,1192127
test,1013671
test,800131
test,867420
test,921785
test,1259069
test,1321637
test,988405
test,1112925
test,1111124
test,896034
test,1003981
test,1024471
test,1104743
test,878467
test,1012490
test,1323950
test,1107060
test,1006299
test,905298
test,1410171
test,1042530
test,953627
test,1204439
test,1042279
test,1322261
test,1131580
test,1244260
test,1283348
test,1001974
test,931653
test,843561
test,833418
test,964942
test,1107877
test,1570099
test,1210782
test,1204308
test,1278101
test,1095861
test,1033198
test,1101913
test,1227685
test,880097
test,993036
test,1133495
test,1160033
test,1011805
test,1094948
test,1067908
test,853360
test,919285
test,944590
test,956276
test,1028812
test,897957
test,1029926
test,1316018
test,1160607
test,1058346
test,1152171
test,1083537
test,1131573
test,1061984
test,1194147
test,1482017
test,1249089
test,1167107
test,1133983
test,1160088
test,1065418
test,1010102
test,1279688
test,982908
test,1081228
test,1040643
test,1093868
test,912170
test,1188524
test,904546
test,1248609
test,927416
test,1185166
test,1075481
test,757864
test,982244
test,1003283
test,1005059
test,764255
test,957267
test,1147706
test,1203094
test,1310845
test,1096325
test,907812
test,1112994
test,953098
test,1093981
test,911944
test,1136848
test,1319442
test,1141106
test,1046263
test,1114313
test,1048676
test,888197
test,878552
test,772038
test,935967
test,857295
test,993341
test,1088876
test,990247
test,1326337
test,1169253
test,962263
test,998697
test,941550
test,926233
test,953142
test,1390068
test,1106992
test,987545
test,1103641
test,1232344
test,1106774
test,1111611
test,1358109
test,1080509
test,1102358
test,972454
test,972006
test,1045875
test,1224629
test,1107453
test,1028669
test,1204934
test,900718
test,1120683
test,1057123
test,1082876
test,1015247
test,875639
test,861694
test,786192
test,1147945
test,1129119
test,1341851
test,1189584
test,1090772
test,1299454
test,1191194
test,962207
test,1140919
test,926731
test,1159961
test,888334
test,903448
test,1349359
test,1202460
test,909457
test,1068774
test,1386066
test,1305992
test,1046984
test,884662
test,1144078
test,1019288
test,1056543
test,1214424
test,1030430
test,910594
test,1177322
test,998229
test,1029836
test,1023708
test,974665
test,1189593
test,990174
test,1192064
test,1083099
test,1014341
test,1332873
test,1238674
test,1270367
test,1361654
test,1055764
test,981343
test,1270197
test,1163451
test,953488
test,1122454
test,1055599
test,1015992
test,1074703
test,861361
test,818341
test,1166229
test,1049430
test,879513
test,839543
test,836432
test,800973
test,863365
test,1042234
test,1196162
test,1161356
test,1269546
test,1220029
test,1036818
test,987440
test,1651057
test,1238354
test,1309940
test,1211784
test,1069443
test,1015587
test,1112322
test,1171304
test,1092467
test,1152358
test,972475
test,1071627
test,1180931
test,1069673
test,1035531
test,1069285
test,1225974
test,1156428
test,1117159
test,1210357
test,1193482
test,1179440
test,1019442
test,982321
test,1402717
test,1164783
test,1223916
test,1284385
test,1186218
test,1118018
test,1064858
test,1214825
test,997323
test,908391
test,885158
test,857787
test,1013231
test,1130509
test,1101952
test,1302710
test,1251790
test,931735
test,957061
test,987087
test,921960
test,1272588
test,1043035
test,1023159
test,906633
test,1100283
test,938588
test,1459679
test,1104081
test,1236654
test,829597
test,1068143
test,1171933
test,1192633
test,1243260
test,1251823
test,1216170
test,935592
test,915810
test,1049544
test,914759
test,1045192
test,1030392
test,1128118
test,1087915
test,885864
test,858891
test,1090186
test,1200160
test,1145914
test,1090670
test,1271375
test,866578
test,1003942
test,1121819
test,1290673
test,1125947
test,1205383
test,1366000
test,1181487
test,1150714
test,1155618
test,1259815
test,1180820
test,1060687
test,995845
test,907975
test,915925
test,983011
test,1565535
test,1212191
test,1240081
test,1042179
test,891893
test,939279
test,1057246
test,982802
test,1321147
test,1307885
test,1132344
test,1058804
test,1011333
test,788392
test,772984
test,905840
test,1146940
test,891617
test,1055309
test,951349
test,1171897
test,820716
test,929852
test,1103350
test,1239855
test,1311511
test,1224991
test,1230951
test,1026468
test,988432
test,1125441
test,1186536
test,948475
test,939647
test,758078
test,847002
test,919159
test,1234891
test,1191785
test,993645
test,1124833
test,1051997
test,1142884
test,1019665
test,1067523
test,1024981
test,898593
test,1019437
test,1241353
test,1148882
test,1187247
test,1416393
test,1386500
test,1252611
test,1235690
test,1391521
test,1211782
test,1410298
test,1225647
test,1386675
test,1170145
test,1180004
test,1049996
test,948572
test,989618
test,1474972
test,1004258
test,919774
test,1395892
test,1112127
test,1007227
test,1387019
test,1185119
test,1061262
test,1247484
test,1196989
test,1094404
test,1209281
test,915974
test,1093956
test,1032591
test,872349
test,1148395
test,1149379
test,1107426
test,1130514
test,1281596
test,1249306
test,1125459
test,1085648
test,1245385
test,1083492
test,1161984
test,1229900
test,883354
test,1205428
test,1324346
test,1390256
test,1579289
test,1704365
test,1387055
test,1338824
test,1180039
test,1051579
test,936820
test,1024353
test,1280212
test,1087836
test,1044781
test,1283631
test,1094806
test,1205082
test,1202880
test,1162732
test,1142100
test,928072
test,1097765
test,1092347
test,1105731
test,1053281
test,1024078
test,1254327
test,1114266
test,1128428
test,936304
test,929227
test,1210502
test,1046157
test,1156128
test,1034820
test,1122610
test,1137489
test,1096452
test,1091101
test,1025860
test,1139142
test,837681
test,927241
test,791533
test,1113824
test,909471
test,1058283
test,915806
test,1078693
test,1329099
test,1149225
test,960219
test,1084035
test,1160054
test,1091998
test,1024302
test,1122336
test,1266079
test,1008921
test,1000059
test,1062249
test,946877
test,746636
test,952455
test,1306186
test,946235
test,1244847
test,1117045
test,1060406
test,1136073
test,1014447
test,1287257
test,861832
test,983519
test,942885
test,840310
test,867666
test,1006415
test,1162124
test,1260944
test,986438
test,1238551
test,1252321
test,856384
test,944693
test,888155
test,805978
test,1098233
test,1088709
test,990365
test,1085854
test,817143
test,785683
test,940930
test,1157637
test,807292
test,1041318
test,1101616
test,905197
test,984932
test,1005583
test,974479
test,991774
test,1048894
test,977962
test,1173015
test,942640
test,1087484
test,1215715
test,1076237
test,1163148
test,1115146
test,1067927
test,1125507
test,1449135
test,1126438
test,1370733
test,1264309
test,1461361
test,982629
test,1264752
test,1138881
test,1202855
test,1155485
test,1065618
test,869321
test,1214778
test,1219086
test,1010982
test,1186650
test,1003818
test,1137099
test,1309436
test,876132
test,941675
test,1021678
test,1074427
test,921467
test,1214055
test,925591
test,1226867
test,956166
test,908521
test,1149534
test,1062745
test,954230
test,1254205
test,907012
test,1019048
test,1332821
test,1149527
test,1297277
test,1250253
test,998129
test,928809
test,1264832
test,1245681
test,1050150
test,1053349
test,956201
test,1140181
test,1186030
test,961498
test,890320
test,932814
test,1278387
test,1209627
test,979117
test,886355
test,738058
test,1064434
test,1081954
test,1158334
test,1147556
test,932223
test,964614
test,989179
test,883589
test,1146410
test,1373423
test,1039489
test,1117055
test,919954
test,1270559
test,1321704
test,1277894
test,982168
test,1204567
test,1160170
test,1342086
test,1114543
test,1085851
test,1175567
test,1177862
test,1324753
test,1236351
test,928567
test,978877
test,1305593
test,1005916
test,906045
test,1173237
test,1071379
test,1015711
test,1066395
test,1027233
test,1156290
test,1014021
test,1087662
test,1050115
test,966847
test,961595
test,1094957
test,979180
test,1141033
test,899194
test,1129924
test,1008978
test,1078254
test,909122
test,1233417
test,1310138
test,1088063
test,997859
test,1111010
test,1019107
test,945814
test,969947
test,996086
test,1042612
test,1015259
test,1243423
test,1279700
test,1363047
test,933421
test,1246385
test,1304319
test,1201830
test,1258908
test,1246190
test,1234619
test,881346
test,1091051
test,868241
test,1123590
test,842356
test,1040118
test,859989
test,1169198
test,1003427
test,1149059
test,1022893
test,1060203
test,1056210
test,1109735
test,1123762
test,1280102
test,1409270
test,1210305
test,1250129
test,1287401
test,1171734
test,1149931
test,1201974
test,909915
test,917932
test,1123726
test,1100197
test,1075337
test,1478064
test,862258
test,836136
test,1092507
test,1026906
test,1163433
test,870474
test,923188
test,880133
test,995365
test,928629
test,959339
test,1180128
test,1237166
test,1038792
test,1270423
test,1367643
test,1115931
test,898358
test,1073431
test,1079963
test,1003459
test,984291
test,1026733
test,1371055
test,1040562
test,1433450
test,1308470
test,984235
test,1212264
test,1292610
test,971403
test,965716
test,1006786
test,931839
test,1161931
test,1062828
test,1071532
test,819427
test,1022541
test,1130791
test,1050877
test,1216058
test,1062904
test,1072109
test,977705
test,1421508
test,1427378
test,1297284
test,1036264
test,1299955
test,1187069
test,1263961
test,1172639
test,1009884
test,1043438
test,1117931
test,964159
test,1038378
test,1171130
test,840545
test,1155470
test,1066070
test,765130
test,974304
test,1319931
test,1301821
test,1157786
test,1055011
test,1170748
test,821634
test,1110044
test,1052450
test,1220334
test,1102942
test,1006972
test,875778
test,962918
test,1024956
test,1052170
test,996941
test,1295096
test,882142
test,901277
test,1016519
test,1274580
test,1149706
test,1046019
test,1112366
test,1050721
test,1300748
test,1555002
test,1302090
test,1322651
test,980596
test,1175651
test,991767
test,1215457
test,1296077
test,982541
test,1008188
test,940581
test,809948
test,829884
test,1004449
test,1049424
test,1245444
test,1046970
test,1099581
test,960443
test,1263638
test,880983
test,1006785
test,1107697
test,1184377
test,1120164
test,1096979
test,1631400
test,1192168
test,1532775
test,1235500
test,1117014
test,1195801
test,1033568
test,922519
test,964710
test,1029018
test,1130376
test,900523
test,770692
test,756520
test,1108019
test,1149239
test,944957
test,921613
test,931423
test,1013870
test,1038507
test,1095185
test,1263500
test,825650
test,1092689
test,1230515
test,1080923
test,969892
test,895976
test,839683
test,863586
test,1196969
test,1060120
test,1335957
test,1250100
test,1237057
test,1142704
test,1273221
test,1166481
test,1050125
test,943405
test,959091
test,962608
test,871753
test,954541
test,879585
test,773677
test,856327
test,877614
test,920163
test,981251
test,1093854
test,932057
test,964921
test,1169348
test,1187470
test,1047657
test,1124510
test,1147277
test,1125376
test,1017981
test,1071520
test,975819
test,919884
test,1119862
test,1020787
test,1194523
test,1059871
test,1058719
test,1025218
test,1048260
test,1220374
test,914091
test,981248
test,1222636
test,1222207
test,895446
test,752317
test,943618
test,1017061
test,918113
test,1053859
test,1132821
test,1104635
test,1220666
test,1140161
test,1081055
test,1096077
test,995008
test,1173619
test,1044525
test,1274740
test,1026854
test,1187411
test,1285258
test,1240708
test,1118364
test,1075935
test,1172183
test,985747
test,1026021
test,1128686
test,1217556
test,1119195
test,1228569
test,1171657
test,1083417
test,1042594
test,1062838
test,786829
test,1049633
test,1066382
test,1138382
test,995592
test,1402694
test,1207386
test,924894
test,1293850
test,1168194
test,919996
test,987598
test,882332
test,1028436
test,1281103
test,1509881
test,1095391
test,1142119
test,1180493
test,1225486
test,1005924
test,1357187
test,1092201
test,1055559
test,1160219
test,1082175
test,1213255
test,1054202
test,853860
test,887670
test,1250092
test,1060234
test,1289058
test,909104
test,976628
test,767782
test,1156699
test,1238487
test,1195411
test,1346834
test,1143050
test,1641097
test,1583447
test,1208934
test,1000951
test,750661
test,1036325
test,1042855
test,894319
test,917468
test,1143999
test,1022885
test,1060208
test,1113635
test,1161606
test,1013109
test,1081894
test,1206614
test,1095770
test,1073407
test,1005260
test,983297
test,1159587
test,1064906
test,1173237
test,1052150
test,1046078
test,1006422
test,1074078
test,1403903
test,1052624
test,1202651
test,1064117
test,1259559
test,938505
test,1076912
test,1028067
test,954988
test,856248
test,882615
test,891609
test,1015566
test,1203249
test,1315431
test,1032988
test,1012905
test,1105647
test,1060779
test,1059757
test,1041390
test,1127778
test,1045250
test,1065994
test,1011057
test,1465527
test,1186089
test,1570615
test,1152086
test,1469536
test,1117120
test,1229795
test,1095510
test,1159293
test,812430
test,1059911
test,1182168
test,963167
test,1283566
test,1256823
test,1132658
test,1064765
test,1086598
test,960662
test,970780
test,1029177
test,1004978
test,1025685
test,1133064
test,1431913
test,1130121
test,1179255
test,1163983
test,1273788
test,1074061
test,1056568
test,902993
test,1125064
test,894759
test,1164129
test,1148557
test,1367169
test,1114313
test,1158917
test,1127619
test,1239620
test,1019957
test,1058524
test,883366
test,1115734
test,840496
test,1165221
test,1007209
test,1467972
test,1499100
test,1202650
test,1210218
test,995117
test,1060694
test,1182029
test,1024923
test,915208
test,968694
test,1003824
test,1011575
test,1132353
test,990579
test,1136217
test,1105956
test,1131614
test,1227973
test,1149545
test,1128578
test,979537
test,1201548
test,957900
test,1059314
test,871651
test,892888
test,912800
test,967661
test,1393794
test,847974
test,1111612
test,919325
test,1092794
test,1042587
test,1261563
test,1342978
test,1181308
test,866924
test,1038785
test,1032305
test,916837
test,955968
test,1069948
test,980666
test,950364
test,737871
test,777162
test,956681
test,996321
test,901222
test,1306686
test,956728
test,1050773
test,1356306
test,1243607
test,1078297
test,1207355
test,1176439
test,1099285
test,889204
test,948802
test,1121346
test,1081726
test,1198027
test,1043179
test,981586
test,923759
test,749075
test,950397
test,902211
test,1153329
test,1232178
test,992564
test,994456
test,985602
test,1035170
test,1325458
test,1374193
test,1116514
test,1050533
test,963263
test,1152336
test,1319036
test,1025954
test,886465
test,1182686
test,1035835
test,1087198
test,1004415
test,1028013
test,1211033
test,1039002
test,1118097
test,1294967
test,1208334
test,1118419
test,1127539
test,1288883
test,1116850
test,1082459
test,1174019
test,1196885
test,1351665
test,1062314
test,1020160
test,1248298
test,1218462
test,1086971
test,1160339
test,1120212
test,930891
test,1047980
test,984849
test,994112
test,1007029
test,783783
test,992840
test,935190
test,1011970
test,876968
test,1189512
test,1289617
test,1116910
test,1313597
test,1124117
test,1003273
test,971792
test,877305
test,987899
test,1050759
test,1264745
test,1282008
test,1116657
test,829989
test,960421
test,890796
test,900282
test,1070649
test,848684
test,983420
test,1202097
test,898097
test,1046182
test,1208357
test,1232667
test,991383
test,919095
test,968375
test,1059718
test,1135659
test,1240672
test,1413660
test,1205346
test,1342402
test,1642252
test,1090353
test,1002436
test,764307
test,1080130
test,980422
test,994115
test,995881
test,876241
test,1131556
test,1004866
test,975933
test,1002076
test,1186432
test,1088195
test,890042
test,1059948
test,1382222
test,954235
test,899383
test,1113356
test,971721
test,1091004
test,1358674
test,1097433
test,1299617
test,1221642
test,976338
test,1381516
test,1089914
test,1042998
test,1097404
test,983642
test,1174970
test,1067056
test,1029700
test,1348378
test,1064065
test,1171096
test,1280563
test,1125058
test,1274447
test,1250262
test,1123806
test,1022588
test,1084291
test,1246113
test,1122170
test,1134441
test,1124807
test,1283580
test,1378542
test,1660104
test,1343541
test,1081972
test,1015735
test,1115562
test,1089745
test,1124080
test,1019345
test,1228809
test,998196
test,1282705
test,1571979
test,1146767
test,1212363
test,1406104
test,1353060
test,999960
test,1221750
test,1050657
test,1034610
test,1047471
test,983213
test,978305
test,1192733
test,985239
test,984442
test,1204699
test,1111343
test,1445137
test,1470069
test,1105769
test,1300312
test,1002439
test,943065
test,784259
test,1102600
test,939542
test,1208591
test,1071462
test,899205
test,1091975
test,1152142
test,1193008
test,1071524
test,1005961
test,988617
test,1285043
test,1327312
test,1222929
test,1209244
test,1044661
test,966316
test,1083424
test,1139132
test,988891
test,1095646
test,804089
test,1059727
test,1203334
test,1061020
test,955078
test,1102408
test,1133316
test,1017385
test,979220
test,1028648
test,929511
test,1213871
test,1013008
test,1071409
test,1120861
test,993870
test,1193454
test,1187546
test,1300346
test,943953
test,900243
test,1022242
test,1047596
test,1129158
test,1104238
test,1172686
test,1280417
test,1035153
test,1325615
test,947781
test,1333665
test,1059297
test,1313346
test,840178
test,968740
test,1005755
test,893390
test,939500
test,917811
test,1067476
test,1158995
test,1246086
test,1079637
test,878148
test,1081153
test,879120
test,1174794
test,1186670
test,1188692
test,1158846
test,732335
test,895910
test,901352
test,1142431
test,1504828
test,1153589
test,1293741
test,1125434
test,1232452
test,954467
test,1065560
test,900315
test,943925
test,1087505
test,961615
test,1065871
test,1108348
test,1022532
test,1044254
test,998271
test,1164856
test,1355234
test,874847
test,893109
test,914464
test,1051159
test,1120846
test,1294349
test,1188853
test,1375559
test,1426895
test,1051632
test,1109584
test,947288
test,878585
test,1044003
test,1276308
test,1179711
test,1155271
test,1090728
test,1161177
test,1176646
test,1311978
test,1110593
test,985794
test,1114257
test,1071917
test,1131208
test,1037620
test,941309
test,1049944
test,1024046
test,1045930
test,1052345
test,1135741
test,902399
test,1300638
test,1048504
test,956362
test,976651
test,921411
test,1162031
test,1027177
test,1115170
test,1027337
test,1151870
test,954543
test,968107
test,1240182
test,1137702
test,1316958
test,1020963
test,1121522
test,1240864
test,1375922
test,700984
test,1178082
test,755553
test,1049736
test,968590
test,919429
test,1022797
test,1042183
test,965606
test,1111578
test,1127290
test,900598
test,745231
test,992495
test,1091486
test,1053502
test,1036701
test,1062845
test,1125194
test,1059724
test,1478947
test,1363308
test,1598288
test,1062532
test,1351807
test,1452414
test,1322013
test,1065817
test,1181600
test,1409763
test,1211538
test,1929629
test,1385559
test,1181201
test,1156509
test,1354552
test,1115901
test,1130830
test,1442226
test,1078828
test,1353580
test,1258317
test,1244745
test,931776
test,878029
test,991137
test,957293
test,1151989
test,1223765
test,817843
test,866047
test,1052903
test,1128704
test,1001615
test,1009781
test,1149828
test,1039830
test,1254747
test,1293621
test,1165004
test,933086
test,1007862
test,1265795
test,1131493
test,1085946
test,1042707
test,805591
test,1315587
test,1042156
test,989919
test,1135452
test,1097339
test,1043757
test,1181515
test,1292003
test,1008975
test,1442860
test,1176208
test,949175
test,1202659
test,1036449
test,861766
test,996008
test,1060865
test,1164192
test,1116555
test,1092236
test,1189008
test,1101156
test,907252
test,883748
test,1062235
test,945336
test,1057354
test,1143361
test,903173
test,874561
test,1136090
test,1124371
test,1157081
test,926142
test,1230339
test,877444
test,939689
test,793004
test,1004412
test,1104117
test,1048080
test,1039370
test,1129866
test,1031652
test,1062103
test,1344531
test,978697
test,1207279
test,1028401
test,1367167
test,1149752
test,1178241
test,961287
test,1397729
test,1280966
test,1073286
test,1092456
test,716041
test,843746
test,862728
test,1180924
test,1065981
test,1007329
test,1073747
test,1234510
test,789569
test,1146670
test,920886
test,954075
test,874226
test,858710
test,779822
test,1086023
test,926083
test,1068179
test,1021616
test,1079027
test,1110775
test,1108757
test,820069
test,1282155
test,1142012
test,1217630
test,1298515
test,1049220
test,857850
test,874524
test,948209
test,1084891
test,915710
test,1056397
test,1314449
test,1373271
test,1405962
test,1087869
test,1341285
test,888961
test,929371
test,1164713
test,1291916
test,1255785
test,1345554
test,881159
test,1028182
test,936584
test,1005157
test,1386839
test,945965
test,1030964
test,929121
test,1100010
test,956577
test,994996
test,916818
test,1178862
test,1316471
test,1351170
test,1343768
test,1414919
test,1188212
test,1138378
test,1385425
test,1080948
test,1016488
test,1363785
test,1056521
test,944487
test,958369
test,924290
test,906285
test,1028917
test,923251
test,983433
test,1090160
test,1136964
test,1190463
test,1317740
test,865455
test,995622
test,1027162
test,786376
test,798460
test,1109929
test,1051813
test,1083432
test,815150
test,929962
test,789481
test,947014
test,1039964
test,885150
test,953892
test,998956
test,1094755
test,1060522
test,1149051
test,1251815
test,1402450
test,1047382
test,1151157
test,988369
test,1263321
test,1384902
test,1088973
test,1107358
test,1043674
test,1137964
test,1078528
test,1234605
test,1284393
test,1123554
test,1234387
test,1128558
test,901133
test,1081799
test,1003591
test,1148598
test,1204842
test,948273
test,841126
test,1088804
test,984135
test,964166
test,1136938
test,1201545
test,1151388
test,1311750
test,915035
test,824498
test,1202087
test,1026175
test,1227726
test,1023313
test,946223
test,855694
test,1083144
test,1409534
test,1048445
test,1073335
test,950618
test,847380
test,1070891
test,989301
test,914168
test,1064735
test,894914
test,1064035
test,1212889
test,1358369
test,1139602
test,1246233
test,1059774
test,827663
test,1223870
test,1166709
test,977879
test,977170
test,928387
test,1024758
test,956385
test,966906
test,1023441
test,1289968
test,1155391
test,1152310
test,1073894
test,1302126
test,1061918
test,1283598
test,1045320
test,1284287
test,1125149
test,1153412
test,1016960
test,1174179
test,1051852
test,1575912
test,1045058
test,1021379
test,1137494
test,1229013
test,1201429
test,1451589
test,1240641
test,1334847
test,1141689
test,1092804
test,801383
test,765516
test,1051994
test,825169
test,986569
test,929792
test,1227098
test,1137514
test,1065038
test,1089201
test,952706
test,909444
test,1176110
test,912600
test,1075593
test,1269672
test,983931
test,1353222
test,993840
test,1144594
test,1353301
test,1243966
test,1035378
test,1051930
test,1491203
test,922238
test,926522
test,1138433
test,1086317
test,1276352
test,1309846
test,1196827
test,1304266
test,1206366
test,1241143
test,1041705
test,1053745
test,1113103
test,951000
test,1343301
test,1231284
test,1154324
test,1224889
test,1196251
test,924924
test,1062496
test,1230142
test,1038209
test,992098
test,922027
test,1135486
test,1020991
test,1230157
test,1089977
test,1214582
test,684357
test,1070901
test,904247
test,1014779
test,838443
test,1309791
test,916884
test,1065114
test,1071802
test,1126980
test,1192810
test,872960
test,1126100
test,966755
test,1022469
test,1162194
test,1096520
test,965735
test,1114475
test,944513
test,1342864
test,957821
test,1073596
test,842891
test,909903
test,901331
test,931171
test,904795
test,1136828
test,1051545
test,881067
test,1044236
test,901135
test,1386462
test,1334959
test,1250553
test,1221685
test,1425011
test,1065108
test,1119292
test,1133293
test,1102685
test,1226641
test,1477085
test,1464878
test,1241528
test,1382749
test,1324519
test,1304760
test,1338273
test,1242781
test,1156375
test,1197511
test,928736
test,1005419
test,962319
test,799803
test,851601
test,1160370
test,1164255
test,1008691
test,672466
test,1093524
test,801395
test,1098723
test,1012782
test,948052
test,1061789
test,758052
test,797628
test,821709
test,945765
test,1100455
test,1067026
test,953423
test,1155144
test,1166000
test,1067111
test,1160443
test,976044
test,1124743
test,1171934
test,870861
test,1069745
test,1025377
test,1065337
test,981083
test,864189
test,924167
test,1193910
test,1370034
test,1457996
test,912493
test,955116
test,1060366
test,1226501
test,1067253
test,969845
test,1062860
test,1099763
test,1160233
test,994709
test,1408646
test,974600
test,1168058
test,1198310
test,953470
test,1226173
test,1148708
test,950378
test,947142
test,1201615
test,1082947
test,897055
test,1014604
test,1136595
test,834201
test,862715
test,992239
test,895933
test,934798
test,1080705
test,1073332
test,1031199
test,1240606
test,976964
test,850550
test,1207427
test,1194910
test,1053962
test,884687
test,1061240
test,1540209
test,1160273
test,1303879
test,1130099
test,1271398
test,1384417
test,1362296
test,1388781
test,1115066
test,1328269
test,1111807
test,1029604
test,954807
test,965573
test,1009352
test,1111853
test,1192514
test,1098898
test,1269329
test,969130
test,1020501
test,1086316
test,961340
test,1080433
test,1104410
test,1093977
test,997762
test,1040522
test,1051521
test,1321257
test,1365329
test,1381655
test,1492619
test,1230358
test,1149388
test,1497412
test,1309291
test,1045080
test,989836
test,1471427
test,1096918
test,980472
test,1284903
test,1130875
test,1061158
test,958315
test,1246689
test,1136021
test,1057378
test,1287196
test,1278395
test,990516
test,1163173
test,953989
test,1022647
test,1174872
test,1062763
test,1030832
test,1094134
test,983027
test,1132806
test,1097928
test,924282
test,1043088
test,1109035
test,1047133
test,977225
test,1065694
test,889279
test,914088
test,1014796
test,1018448
test,1143877
test,1160375
test,1187888
test,924737
test,1049373
test,1010188
test,987664
test,956043
test,957477
test,986143
test,1330108
test,1353329
test,1405696
test,1448656
test,1143105
test,801481
test,1276972
test,1139853
test,1107569
test,857110
test,871967
test,995591
test,1306832
test,1153097
test,1022099
test,1016454
test,1285844
test,994899
test,905748
test,1040898
test,976466
test,1108604
test,1027887
test,992212
test,1270301
test,1303542
test,1098918
test,1014833
test,1003767
test,1272118
test,948336
test,1145954
test,1273498
test,1001710
test,1103504
test,1066850
test,1158088
test,994776
test,1251752
test,1100460
test,1231304
test,961487
test,1018540
test,1147655
test,1132201
test,1153018
test,924239
test,1113695
test,1019145
test,1006422
test,1114656
test,1010906
test,878720
test,894073
test,992394
test,890302
test,1001074
test,1127004
test,860135
test,1141819
test,1016848
test,1131210
test,1338771
test,1161256
test,791108
test,897106
test,1106297
test,938391
test,1199804
test,1093561
test,1184418
test,1154454
test,1001535
test,912429
test,1239558
test,845558
test,1223933
test,1090409
test,1464293
test,1019228
test,1009178
test,975341
test,1049988
test,999046
test,1152198
test,940854
test,1019221
test,901489
test,924619
test,957170
test,1030783
test,1075459
test,1053984
test,988557
test,961315
test,811065
test,1159496
test,980382
test,1211200
test,986867
test,1098854
test,1299554
test,1457928
test,1011894
test,1356874
test,1116159
test,1131886
test,834866
test,1063765
test,1328247
test,944674
test,1035254
test,960398
test,861421
test,1071592
test,1034024
test,1155248
test,1077689
test,883988
test,875181
test,1084473
test,897274
test,1110604
test,1022418
test,903495
test,1245701
test,1387888
test,1150201
test,1450957
test,1151968
test,1041696
test,1109888
test,1388352
test,1131837
test,1131607
test,918543
test,963950
test,1005894
test,968150
test,1014807
test,985533
test,1131889
test,1029816
test,1007488
test,1108139
test,1279810
test,1310900
test,1337245
test,1144079
test,1169823
test,1228854
test,1120702
test,1207207
test,1328019
test,1084733
test,1269030
test,1146825
test,1275930
test,1206936
test,939599
test,1018955
test,938944
test,1277218
test,1462112
test,1083888
test,1129835
test,1273413
test,1041696
test,936766
test,819518
test,1211997
test,1045694
test,1222812
test,1021752
test,1111048
test,1138096
test,1191127
test,1052545
test,1009645
test,1241366
test,1141350
test,1076091
test,1336469
test,1117773
test,1250882
test,1426564
test,1205562
test,1179298
test,1234135
test,1223841
test,1053015
test,1018372
test,1134940
test,1084847
test,1198318
test,1335790
test,1078911
test,1284045
test,1173620
test,907778
test,1081925
test,897078
test,964321
test,949134
test,1033510
test,987368
test,1061104
test,972703
test,1240661
test,996141
test,1040184
test,1002620
test,983985
test,1015911
test,1110674
test,1073347
test,1103428
test,1030535
test,1067105
test,1020178
test,999267
test,1347793
test,1178568
test,758032
test,1049923
test,858842
test,1012678
test,1067815
test,976390
test,1208495
test,1009260
test,987699
test,836673
test,683459
test,810125
test,1054273
test,1052420
test,1171110
test,1195351
test,1039707
test,1366999
test,1139019
test,839920
test,919320
test,1212474
test,1041757
test,850129
test,1149829
test,1259482
test,981293
test,1377092
test,1239840
test,990166
test,1195546
test,1316825
test,1169473
test,1147113
test,903024
test,1089381
test,937543
test,1203369
test,1148689
test,1402490
test,1388852
test,1242729
test,1250778
test,1283128
test,1011558
test,1363527
test,1271985
test,1104993
test,1482933
test,1086259
test,965528
test,1131138
test,1311949
test,1334754
test,1326732
test,1258863
test,939986
test,1062153
test,1178203
test,1090455
test,1025295
test,1204797
test,1074133
test,1320904
test,960328
test,1034554
test,977067
test,829836
test,885418
test,872669
test,1013241
test,933916
test,1247315
test,1298626
test,1012607
test,973856
test,1101594
test,1125794
test,1004677
test,919834
test,1006111
test,1046396
test,1236541
test,1000482
test,1047714
test,1073136
test,839905
test,943957
test,1194774
test,1277348
test,892888
test,1133751
test,1316651
test,1284917
test,1098571
test,1040075
test,955632
test,989222
test,1288783
test,1049975
test,1388228
test,1142792
test,1256056
test,1370550
test,1212461
test,1049958
test,998170
test,1033693
test,1037586
test,1101668
test,917490
test,820281
test,1076920
test,948607
test,974967
test,1022278
test,1285622
test,850022
test,977865
test,1133604
test,1062604
test,1029312
test,1051991
test,1164740
test,1056230
test,856039
test,889294
test,1271486
test,982504
test,1393294
test,1150619
test,1080008
test,1051582
test,1199591
test,1033891
test,1194084
test,1073168
test,881092
test,888192
test,882253
test,1157458
test,1084708
test,1253009
test,1243114
test,1434425
test,1336700
test,1577481
test,1410863
test,1009824
test,817459
test,1139903
test,1055181
test,1038063
test,1436730
test,1256812
test,1151500
test,1161651
test,1147567
test,905606
test,1121662
test,1154796
test,1029114
test,1109298
test,1140289
test,916420
test,900381
test,1413630
test,995043
test,1078640
test,1254382
test,1231176
test,945524
test,1520469
test,1084357
test,1133609
test,1104718
test,994304
test,1110875
test,1151250
test,1072199
test,1016959
test,1275665
test,1164247
test,1101328
test,1355780
test,1183645
test,1038852
test,1293732
test,1032363
test,1001811
test,1272293
test,1234745
test,1283114
test,927012
test,1020364
test,961446
test,1132569
test,985061
test,969505
test,1210597
test,1263795
test,1333557
test,1181347
test,983419
test,841619
test,965816
test,1042872
test,1052698
test,1325054
test,1058318
test,1152096
test,1056720
test,885968
test,1118827
test,1281729
test,1106567
test,1130082
test,1043517
test,1165576
test,1284715
test,1086628
test,1186328
test,1005148
test,1413517
test,1088054
test,1066724
test,1071228
test,1082294
test,992497
test,778222
test,751052
test,808452
test,798420
test,777226
test,803549
test,894534
test,912543
test,841068
test,992205
test,1064011
test,1339542
test,976883
test,1070989
test,1535479
test,1459502
test,1056252
test,1274517
test,1339718
test,1474848
test,966235
test,899176
test,1060208
test,1311534
test,1409218
test,1038125
test,766350
test,983267
test,1130625
test,1199869
test,1241412
test,1221760
test,928214
test,1241976
test,1013276
test,1033272
test,1128894
test,1162588
test,1118096
test,1220285
test,1251493
test,1111038
test,1308919
test,1126083
test,1209183
test,1250636
test,1198105
test,1204571
test,991376
test,1099773
test,1143661
test,1136357
test,1159916
test,1103650
test,1156603
test,934349
test,1276297
test,924134
test,757795
test,688765
test,954741
test,1076542
test,1004046
test,1080995
test,1503874
test,988762
test,1325773
test,1207350
test,1117677
test,1119404
test,1038094
test,866454
test,940507
test,959657
test,987658
test,794126
test,953269
test,972635
test,1201482
test,1123795
test,1272216
test,1124150
test,1214082
test,1369159
test,1175148
test,1075176
test,1093348
test,1277425
test,1040170
test,1007599
test,1087123
test,1434568
test,1132869
test,1133804
test,1073737
test,911158
test,734481
test,938198
test,1189792
test,1099076
test,1279454
test,1016888
test,1198377
test,1159612
test,1266749
test,1160083
test,934005
test,922821
test,1277556
test,1235822
test,1162152
test,1098009
test,1132524
test,1079572
test,885212
test,821108
test,802739
test,858261
test,845642
test,833873
test,808510
test,838900
test,1073471
test,1029795
test,789748
test,884133
test,1066720
test,1004189
test,1082844
test,1320504
test,1405765
test,1276896
test,1052352
test,1061486
test,1337611
test,972511
test,1068364
test,910548
test,900785
test,1210192
test,851490
test,1095823
test,1055826
test,1251267
test,926196
test,1051096
test,1007366
test,1188026
test,1211510
test,1213980
test,878630
test,1269028
test,841008
test,1150267
test,977728
test,1221691
test,1082486
test,877193
test,1057238
test,1104205
test,1022589
test,1100916
test,945472
test,1234403
test,1049791
test,1297276
test,1209983
test,1382496
test,1399566
test,1308280
test,983529
test,1029838
test,1017132
test,1348610
test,1159842
test,833946
test,919293
test,819911
test,1102551
test,1276863
test,1045373
test,1145178
test,1086515
test,1130916
test,1299736
test,1214387
test,1334940
test,1269738
test,1063554
test,846725
test,1088298
test,1393222
test,1052362
test,885752
test,1138597
test,1203475
test,1060555
test,1150643
test,1079784
test,1068254
test,932528
test,957176
test,1138343
test,1101208
test,1062238
test,1253186
test,1259051
test,1044161
test,1220297
test,1706663
test,1242116
test,930652
test,1108653
test,976831
test,1154981
test,1052218
test,1111844
test,959341
test,977980
test,983432
test,1067302
test,1163272
test,1011562
test,1140018
test,890411
test,933741
test,955832
test,1143940
test,1102484
test,1300360
test,1207421
test,971598
test,1415619
test,1128895
test,1000205
test,1126658
test,1265054
test,989354
test,1187006
test,1040826
test,773034
test,756063
test,712957
test,993291
test,992845
test,1094881
test,1080815
test,935982
test,1114557
test,1181995
test,1098385
test,953662
test,1284314
test,1372636
test,1065981
test,1125099
test,981841
test,1188901
test,1306284
test,862037
test,1145998
test,985008
test,1151675
test,1113646
test,1143023
test,913396
test,854224
test,1198414
test,1056352
test,964840
test,1115402
test,1227514
test,905711
test,1001467
test,1024856
test,1023295
test,732099
test,850039
test,915075
test,1092937
test,1090502
test,858936
test,1146113
test,1283510
test,1220944
test,1039789
test,1392687
test,1069967
test,1124827
test,1044890
test,1007636
test,991227
test,1274075
test,1303528
test,955562
test,1090009
test,762968
test,984703
test,930090
test,1053163
test,927285
test,1334369
test,930342
test,898516
test,966600
test,976274
test,927485
test,852227
test,1046651
test,865977
test,1153980
test,864979
test,838786
test,911958
test,1061790
test,1028446
test,922745
test,1082581
test,1072537
test,1250644
test,1161883
test,1074761
test,990497
test,988985
test,821018
test,1169906
test,1007221
test,1299401
test,1179157
test,1164897
test,1081091
test,1058095
test,1043847
test,1129692
test,1163293
test,1226981
test,855850
test,989944
test,985395
test,1038602
test,986181
test,1207400
test,1360537
test,1081164
test,948074
test,1015979
test,1314636
test,1345756
test,1395977
test,1280323
test,1033054
test,1037882
test,1127515
test,1231529
test,1358564
test,1602392
test,1210954
test,1108105
test,1054485
test,1071458
test,956097
test,1073633
test,1139998
test,1051568
test,1313798
test,1548211
test,1101683
test,1191463
test,1165742
test,1252584
test,1363364
test,1260178
test,1250876
test,1137114
test,1231038
test,1227663
test,1260618
test,1227578
test,1498621
test,1132475
test,1480048
test,1244489
test,1241798
test,1311134
test,1078250
test,1123504
test,888869
test,1003853
test,1181616
test,1132152
test,1367066
test,1148162
test,1028389
test,1449186
test,907882
test,947352
test,1073013
test,1194961
test,1342824
test,912994
test,1049109
test,1068434
test,1254997
test,1121141
test,1011747
test,1177763
test,1075050
test,1271442
test,1040447
test,1220829
test,1140205
test,1021910
test,920579
test,1231471
test,1155794
test,916461
test,1119569
test,802286
test,1275390
test,975157
test,892717
test,1002805
test,1124114
test,1167433
test,972896
test,1015495
test,1347255
test,1067933
test,1056789
test,1118482
test,866327
test,958123
test,808474
test,1273184
test,1148050
test,1273864
test,1106011
test,1172610
test,1090065
test,1253854
test,1084652
test,1574790
test,1078215
test,987964
test,1169367
test,1011342
test,1011638
test,1393966
test,1141885
test,987917
test,1191935
test,1181692
test,1252760
test,1136549
test,961560
test,1162209
test,1098347
test,1145769
test,1182825
test,1033442
test,968695
test,851490
test,735980
test,800737
test,859893
test,962097
test,1003696
test,787992
test,953322
test,781129
test,1131715
test,1322633
test,1140153
test,874895
test,883053
test,901948
test,1023089
test,1036693
test,1103727
test,907427
test,1040882
test,1052909
test,1038099
test,1171710
test,1015461
test,945421
test,918972
test,1179948
test,1042904
test,898926
test,1091079
test,996605
test,996617
test,1122311
test,1081326
test,855858
test,1045910
test,855424
test,1065104
test,1064064
test,1160728
test,990708
test,942508
test,896168
test,1260282
test,1045109
test,1158667
test,1231394
test,998827
test,1144924
test,997773
test,959957
test,1044653
test,959990
test,1199686
test,855270
test,1007470
test,950627
test,1253332
test,911386
test,1047121
test,869157
test,1003958
test,1105292
test,1016343
test,1302730
test,1188240
test,842668
test,1137526
test,1006002
test,1093309
test,950745
test,1195888
test,1139807
test,1178733
test,967454
test,989409
test,1111160
test,1064933
test,1265219
test,1321654
test,1066844
test,1288555
test,1027455
test,1139216
test,1085756
test,1266397
test,1242444
test,1147503
test,1004392
test,1052719
test,1098292
test,1077319
test,912180
test,946050
test,1034276
test,1080925
test,1179883
test,1156336
test,1369644
test,1324110
test,1279197
test,1087979
test,1362060
test,1249473
test,958003
test,980947
test,886862
test,1432182
test,1254554
test,1250295
test,1230764
test,887315
test,1057716
test,1261951
test,1226313
test,879100
test,998719
test,844110
test,1105275
test,799014
test,1088596
test,858783
test,861736
test,1158351
test,792121
test,840508
test,1099653
test,1031181
test,1143548
test,1191385
test,1146514
test,999780
test,1064387
test,1080907
test,914826
test,847322
test,1108269
test,1246690
test,819870
test,886118
test,976890
test,848544
test,1196111
test,1025567
test,1101818
test,844985
test,1031767
test,1036865
test,1038998
test,1002816
test,1036788
test,932848
test,1043913
test,939670
test,826503
test,1066710
test,992173
test,980005
test,1074679
test,1226998
test,1003651
test,1307641
test,1238904
test,1028156
test,1049322
test,1001475
test,965098
test,738606
test,1255579
test,937265
test,787453
test,1082919
test,1004326
test,1151715
test,996645
test,1160072
test,1239880
test,960500
test,1339189
test,932483
test,913897
test,1141215
test,984690
test,1302811
test,1242192
test,1217234
test,1273679
test,1026725
test,1058274
test,1140320
test,1168962
test,1175979
test,1092421
test,1501505
test,1193813
test,1182887
test,1415376
test,1014639
test,1045344
test,972942
test,1088468
test,1276775
test,965722
test,1028081
test,1194905
test,1123399
test,1064132
test,1092799
test,1235396
test,1343675
test,1278528
test,1238455
test,1523667
test,1271268
test,1392221
test,1156854
test,1325400
test,1286599
test,1361678
test,1488642
test,1434994
test,1172544
test,1258897
test,978842
test,1035843
test,1259241
test,1148040
test,1005246
test,1352415
test,1157117
test,839180
test,883449
test,856730
test,763688
test,955115
test,822095
test,1022098
test,1115058
test,930161
test,1226938
test,1093697
test,876098
test,1052566
test,1043219
test,1266478
test,1022026
test,790145
test,981347
test,1128038
test,807254
test,1053661
test,1027685
test,1181758
test,1178154
test,1191406
test,896508
test,727969
test,1204176
test,1158422
test,959116
test,1045447
test,1303339
test,1130332
test,1105174
test,889272
test,837505
test,1179109
test,1020099
test,1168304
test,1446523
test,1291758
test,1229752
test,1097162
test,834517
test,954496
test,1157129
test,1012220
test,901555
test,937848
test,978459
test,1129143
test,963819
test,1031167
test,775035
test,1196113
test,1035549
test,947874
test,1065495
test,1006368
test,1204839
test,1202715
test,1266689
test,1026667
test,1318012
test,1139302
test,1246176
test,1141647
test,912514
test,1047101
test,941495
test,936314
test,1152442
test,1036752
test,1150049
test,1029533
test,1174358
test,1162897
test,1249534
test,1074828
test,1163187
test,1319348
test,1223432
test,1053265
test,1049724
test,914103
test,1139998
test,1068078
test,1262933
test,1055017
test,948517
test,1065138
test,1078573
test,1020030
test,720528
test,1177482
test,929976
test,1093742
test,1102023
test,960848
test,1075088
test,968893
test,952088
test,1028162
test,993099
test,1290848
test,1489392
test,1173336
test,1195171
test,1232786
test,1160909
test,896876
test,1109565
test,985988
test,981697
test,941930
test,1053649
test,1189107
test,823543
test,861871
test,1074864
test,1105637
test,1187018
test,1070186
test,994250
test,1138511
test,998667
test,986533
test,1217427
test,845574
test,1199425
test,994052
test,979564
test,1141771
test,1115512
test,1013015
test,1067694
test,973243
test,1298467
test,826622
test,1227185
test,1187076
test,1023959
test,984368
test,848298
test,795355
test,788760
test,908105
test,975705
test,1050604
test,836877
test,1252379
test,1065312
test,1147580
test,1238483
test,989530
test,1246664
test,1036184
test,1154498
test,1254316
test,1111816
test,1076021
test,1121884
test,918678
test,1095526
test,947705
test,931417
test,1163274
test,1159063
test,889413
test,1008468
test,970529
test,1176081
test,1150805
test,1294315
test,1214853
test,1378007
test,1026901
test,1233519
test,1395089
test,1335302
test,747361
test,949880
test,1323925
test,1090014
test,985798
test,957670
test,1140082
test,1140458
test,1105736
test,994909
test,1106029
test,1101448
test,1503738
test,1071107
test,1040987
test,897969
test,1205441
test,1047481
test,1076822
test,890153
test,1358753
test,1097054
test,1124399
test,937660
test,1017809
test,1252157
test,1068410
test,1201206
test,1328529
test,1202815
test,1082204
test,1418559
test,1087493
test,1008571
test,1029934
test,825690
test,1049330
test,1125296
test,973488
test,1424008
test,1144608
test,1023241
test,953837
test,1272092
test,1284608
test,1066884
test,1008052
test,1293847
test,1168879
test,1116070
test,1257338
test,940774
test,980146
test,1050158
test,1061672
test,1039042
test,947223
test,1276030
test,1321994
test,1124188
test,1090478
test,857118
test,931450
test,1150930
test,1066464
test,1275865
test,918848
test,1145640
test,1697378
test,1320674
test,1208301
test,1114498
test,1115561
test,1118498
test,1174766
test,866372
test,1074081
test,796411
test,836147
test,993779
test,1029776
test,967998
test,1472590
test,1134560
test,1033095
test,1066185
test,1235018
test,1096586
test,1293732
test,1337012
test,919780
test,1092908
test,875603
test,999282
test,1047325
test,915364
test,987660
test,873465
test,1045083
test,1059312
test,1164691
test,1473852
test,1015901
test,1045072
test,1301952
test,1271246
test,1158440
test,1463735
test,1155184
test,1470904
test,1114360
test,1013402
test,1195710
test,1242963
test,1118191
test,1012522
test,860776
test,1389424
test,1110192
test,933722
test,1209479
test,1063689
test,1064360
test,1148494
test,1331373
test,984950
test,1074258
test,1174200
test,1167872
test,990365
test,1082108
test,1009479
test,1075165
test,1120933
test,1260105
test,1175425
test,1073279
test,1063646
test,1168010
test,1207851
test,1186659
test,1096074
test,1165329
test,1150995
test,942596
test,1161801
test,954731
test,916383
test,855673
test,1447817
test,1257744
test,1318386
test,1342279
test,1512706
test,942755
test,780327
test,951167
test,1119338
test,875333
test,1015348
test,915603
test,982020
test,988319
test,921687
test,967336
test,1119066
test,939885
test,1120252
test,1093910
test,1017536
test,984572
test,1163000
test,1105464
test,1196562
test,1154507
test,1338422
test,1196941
test,1192317
test,982175
test,1387472
test,1036063
test,1120512
test,928139
test,1105615
test,696762
test,969243
test,1004900
test,880812
test,1095865
test,1169391
test,1131706
test,1092059
test,1269323
test,1051237
test,1085311
test,1243648
test,1460190
test,1095652
test,1318113
test,1024309
test,817638
test,1498816
test,1355250
test,1083656
test,1154229
test,917451
test,892501
test,1323759
test,941889
test,1337133
test,1164535
test,1169738
test,1061903
test,972378
test,806577
test,982347
test,990448
test,1015232
test,1318086
test,1195269
test,1079999
test,924648
test,1298099
test,1007534
test,1218404
test,1072686
test,961220
test,987343
test,945674
test,839822
test,748667
test,868881
test,892723
test,976204
test,1093487
test,1013796
test,1200442
test,1036986
test,1062518
test,1165240
test,815241
test,825112
test,1077051
test,796573
test,1127758
test,1054496
test,1130423
test,1019223
test,855164
test,1014556
test,1095767
test,1186996
test,1195317
test,1195741
test,1033733
test,858841
test,806742
test,921941
test,1143305
test,831913
test,917470
test,954578
test,990528
test,850630
test,747664
test,859619
test,1092696
test,1251551
test,1284015
test,1236196
test,1037270
test,1143542
test,1014993
test,1104638
test,901216
test,1240432
test,1121083
test,1194689
test,874627
test,1062510
test,1100505
test,928197
test,917665
test,1041036
test,981129
test,918816
test,1086890
test,1084339
test,1140139
test,1063622
test,1050232
test,976138
test,1295091
test,1174593
test,1101704
test,1223524
test,1413895
test,809915
test,1090136
test,1055585
test,1159763
test,1128390
test,1306409
test,1068506
test,1258016
test,1788606
test,1043408
test,1079688
test,1029061
test,882341
test,1011770
test,1137075
test,1078677
test,1063845
test,1025800
test,833840
test,803707
test,1075455
test,1157779
test,1154750
test,1187600
test,1031050
test,918311
test,845664
test,1043811
test,1011589
test,968287
test,1007683
test,982714
test,998048
test,1181183
test,1160078
test,1023097
test,1125891
test,1137519
test,1022911
test,1307193
test,1270479
test,1294651
test,1377281
test,1055804
test,700778
test,1078750
test,1348513
test,1444739
test,997784
test,781763
test,949525
test,981548
test,775919
test,1286111
test,753874
test,1176402
test,1278031
test,1135900
test,1346621
test,866005
test,941501
test,1009508
test,990678
test,1265438
test,963956
test,1207538
test,1420668
test,997051
test,1315143
test,1126436
test,1204606
test,1066465
test,1036097
test,1009109
test,1200963
test,1155943
test,933307
test,903211
test,822243
test,1107492
test,914020
test,853756
test,927537
test,973861
test,1267969
test,1130097
test,1144369
test,1195239
test,1041327
test,1041379
test,843211
test,1536124
test,1176011
test,929374
test,1047824
test,882721
test,1118604
test,1028681
test,843568
test,830921
test,1358805
test,1365274
test,1283214
test,1339626
test,1329583
test,1046242
test,1115690
test,868619
test,929941
test,1005242
test,1243564
test,1205240
test,1329529
test,1023582
test,1157811
test,1310241
test,1410269
test,1180801
test,940055
test,950627
test,1017102
test,1003823
test,1197102
test,1275786
test,1049028
test,1362380
test,1286280
test,843019
test,1003350
test,778421
test,1031745
test,1029200
test,1009070
test,1002669
test,928543
test,1062079
test,984553
test,874686
test,953467
test,1281211
test,1058254
test,1097422
test,1354020
test,1149189
test,1013790
test,1126877
test,974245
test,1074847
test,1269837
test,1085921
test,1182527
test,1003760
test,1022653
test,1092622
test,868373
test,981415
test,764673
test,784772
test,965718
test,962507
test,1010911
test,1089981
test,1057255
test,953096
test,874245
test,1146614
test,1135100
test,1085568
test,1205690
test,1096019
test,1049869
test,793622
test,967204
test,830903
test,1073067
test,1068237
test,1001543
test,1407805
test,1452032
test,1177679
test,1131187
test,864815
test,1095230
test,1142339
test,1307936
test,1159238
test,1068412
test,1405102
test,1119749
test,1071911
test,1162849
test,1173106
test,1105042
test,895632
test,1237465
test,1092171
test,982798
test,994280
test,1230623
test,1142255
test,1057152
test,1059235
test,1201284
test,1378002
test,967214
test,983181
test,926013
test,1342115
test,840797
test,924666
test,843718
test,1046214
test,858641
test,900063
test,926673
test,1146908
test,839214
test,1193551
test,1040958
test,1099170
test,1317356
test,1212172
test,1056619
test,1253020
test,1204430
test,1183379
test,1024937
test,1275121
test,1232351
test,1153400
test,1152821
test,1125501
test,1057483
test,983471
test,869264
test,938944
test,1026346
test,1022829
test,950405
test,856231
test,1104667
test,991086
test,1015926
test,1292615
test,1135865
test,1334500
test,992334
test,947654
test,1123203
test,1042784
test,1286408
test,1190047
test,1015625
test,1173387
test,1033139
test,926673
test,1169601
test,1457289
test,1146477
test,1069043
test,1195787
test,1169672
test,1294280
test,1100704
test,1063183
test,951802
test,909687
test,1043077
test,984545
test,1058492
test,1327601
test,1512030
test,1411262
test,1116004
test,1187156
test,793397
test,1132530
test,789087
test,933645
test,971045
test,1081015
test,1127439
test,1210195
test,1031456
test,1168385
test,989268
test,1027463
test,953973
test,1166733
test,1286042
test,987579
test,955596
test,981688
test,1108629
test,885081
test,1016583
test,1332227
test,1244256
test,963902
test,1298240
test,1336125
test,1250646
test,1359144
test,1213560
test,1296118
test,1161719
test,1375681
test,1444441
test,1069807
test,1107343
test,906735
test,801620
test,1059984
test,1405748
test,1115527
test,1099192
test,985778
test,1294558
test,1095665
test,920716
test,1123077
test,944461
test,1023356
test,1102695
test,1127031
test,1233505
test,1093055
test,1249244
test,964100
test,1141327
test,698758
test,892995
test,1278291
test,966725
test,1282894
test,1043705
test,1021428
test,1182374
test,1071534
test,1172941
test,978940
test,956111
test,871902
test,733915
test,872550
test,911273
test,830737
test,989366
test,1187186
test,1399138
test,934962
test,1128975
test,1158547
test,1366269
test,1157874
test,1299069
test,1120544
test,1101244
test,1223952
test,1042672
test,1291199
test,1264890
test,846686
test,925368
test,928695
test,898802
test,1016438
test,1145085
test,1206444
test,1094333
test,1076102
test,1103966
test,1104700
test,980797
test,1254270
test,1148071
test,1266673
test,1296438
test,929092
test,1002021
test,1089800
test,1163035
test,991083
test,1033873
test,959918
test,1334055
test,1218488
test,1177244
test,1365063
test,1105731
test,976937
test,959997
test,1006136
test,1169690
test,1133876
test,1257519
test,1183393
test,1231756
test,790709
test,1043255
test,1045837
test,1058403
test,1112952
test,1210183
test,1123895
test,1141018
test,1076882
test,1035413
test,1002234
test,1040206
test,988759
test,1265035
test,1052657
test,1208114
test,1104197
test,1006484
test,975984
test,1061886
test,1061441
test,1172511
test,1086331
test,884683
test,1063632
test,1055361
test,985596
test,896453
test,1083631
test,853818
test,1043026
test,889467
test,892057
test,1095151
test,1152628
test,1029475
test,1233946
test,1349951
test,959976
test,1179906
test,1162155
test,1096978
test,834248
test,975244
test,1006728
test,1315573
test,1314042
test,1069134
test,1227246
test,1027830
test,1014925
test,1139882
test,1066903
test,1104847
test,1268575
test,1270384
test,1224262
test,1570095
test,1275485
test,1294097
test,1145704
test,1105939
test,1055485
test,978089
test,931869
test,1189234
test,1200368
test,1055649
test,1618545
test,1274892
test,1272320
test,1058540
test,1371185
test,1293190
test,1039027
test,1099160
test,1366078
test,1049605
test,1031902
test,1053062
test,992555
test,1005090
test,1057859
test,907414
test,974457
test,869532
test,768231
test,904882
test,1101310
test,1040056
test,1092029
test,978721
test,1034940
test,949333
test,1098130
test,909355
test,838478
test,1105172
test,1148270
test,884684
test,1108313
test,1289041
test,1013901
test,933459
test,1123092
test,1140539
test,1096788
test,1109345
test,1139836
test,1074977
test,1230889
test,1224952
test,992922
test,1162991
test,1157465
test,1078744
test,1220245
test,1297292
test,905256
test,1220661
test,1154357
test,1099339
test,1034721
test,1084721
test,883983
test,883089
test,850598
test,869125
test,825346
test,710412
test,926522
test,1038744
test,960393
test,1115699
test,1183939
test,1335737
test,1027946
test,1052633
test,1030203
test,1127096
test,1182739
test,1070921
test,1238592
test,960016
test,1091638
test,1245912
test,1084880
test,1094556
test,1232590
test,1121202
test,1153632
test,1018289
test,859819
test,1370258
test,985167
test,926631
test,1217085
test,899045
test,912085
test,1062314
test,911313
test,1080661
test,892781
test,1104526
test,1096601
test,1022487
test,1004603
test,746424
test,1003058
test,1086706
test,871263
test,980298
test,1148082
test,1162249
test,1196384
test,1218825
test,1220524
test,1395921
test,1162337
test,1131642
test,1012350
test,1085304
test,1102972
test,1118527
test,1169848
test,1254419
test,1224331
test,1005294
test,1079988
test,988919
test,1221651
test,917858
test,1203099
test,1160201
test,1121266
test,1226576
test,1107763
test,1081579
test,1075027
test,1163085
test,1020186
test,1091540
test,896616
test,1141030
test,1114255
test,1018267
test,898517
test,929321
test,990894
test,857546
test,971420
test,1096931
test,1395103
test,1269655
test,1091278
test,1091187
test,949401
test,1149911
test,830036
test,1074630
test,1181678
test,1278734
test,1013211
test,1024671
test,1145625
test,1104119
test,1032115
test,1541779
test,757392
test,924280
test,1099635
test,937994
test,1446855
test,987700
test,1142703
test,1155343
test,1140908
test,1173566
test,1376674
test,1163125
test,1261588
test,1047777
test,1249368
test,1006759
test,852790
test,1103057
test,1216506
test,1261842
test,1119414
test,1428822
test,940121
test,1220677
test,1217564
test,1067049
test,1520915
test,1378554
test,1328842
test,1376952
test,1230527
test,1219097
test,1221351
test,1137229
test,976271
test,1181036
test,1401337
test,1087686
test,900829
test,1046169
test,922558
test,1060206
test,932571
test,1376506
test,1245480
test,1308813
test,1168632
test,1167709
test,905215
test,935412
test,959649
test,978035
test,1180020
test,1184971
test,898570
test,900891
test,953066
test,1139673
test,1249036
test,1136691
test,1024194
test,1166342
test,1072094
test,1032343
test,1275350
test,1276247
test,994253
test,1374222
test,1165064
test,1191283
test,1075185
test,1066844
test,1435679
test,1576995
test,1121720
test,1091537
test,1003949
test,1067087
test,1150607
test,994644
test,1052240
test,973416
test,1070550
test,1066853
test,1299471
test,1240965
test,1253547
test,1240351
test,964432
test,862334
test,1107033
test,1256535
test,1209656
test,977652
test,1010377
test,1057254
test,1181883
test,1256403
test,914954
test,1207374
test,1080332
test,1237757
test,1107677
test,1125360
test,1360406
test,1116865
test,1143158
test,1247512
test,1248352
test,1349947
test,1116011
test,1152681
test,1285778
test,1086804
test,1269505
test,1078635
test,1074811
test,1183133
test,1390270
test,890869
test,891401
test,1106818
test,972887
test,956486
test,1015976
test,1087249
test,885327
test,1020719
test,1020343
test,944305
test,906672
test,1156731
test,1360953
test,1264779
test,1081885
test,1072962
test,1155253
test,914355
test,1053769
test,1321852
test,1152867
test,1194635
test,924383
test,1098818
test,1071110
test,1196497
test,1088655
test,1116327
test,1446170
test,1442669
test,1079720
test,928403
test,973090
test,1223878
test,1048135
test,990313
test,1324094
test,1021848
test,965404
test,1078181
test,839368
test,1109797
test,1026981
test,1029228
test,1008755
test,843317
test,1019284
test,1025183
test,1092467
test,1244175
test,1482429
test,1164201
test,987106
test,843349
test,1229993
test,1120540
test,1129335
test,1080615
test,881479
test,995852
test,816051
test,1055670
test,1092762
test,974678
test,1170838
test,1073136
test,1099283
test,926658
test,1135398
test,1204820
test,1044884
test,1152514
test,1288495
test,1168185
test,963557
test,826311
test,985767
test,1077031
test,1097088
test,1189317
test,1002871
test,1210252
test,1209204
test,995794
test,994313
test,1521840
test,926475
test,979896
test,885122
test,1309865
test,975030
test,973899
test,955192
test,1055992
test,999231
test,1205659
test,1008094
test,898708
test,1287990
test,1563826
test,1100190
test,1092557
test,1094682
test,984231
test,1066279
test,1001941
test,1122058
test,928076
test,862594
test,884808
test,1204570
test,1153474
test,1098872
test,912299
test,1170342
test,1221951
test,1119319
test,1029843
test,991701
test,1019835
test,1023035
test,1092343
test,1013991
test,1102886
test,1017772
test,1303941
test,1310652
test,1113537
test,1338834
test,972898
test,1134100
test,1287200
test,1012011
test,1099297
test,1149231
test,1143958
test,1082646
test,1133001
test,1180514
test,1104120
test,1127839
test,910373
test,1092555
test,997480
test,993967
test,910102
test,1076308
test,1162541
test,1357752
test,1006594
test,1193313
test,1160148
test,1301780
test,1056754
test,1119598
test,1081891
test,1181966
test,1499036
test,1260340
test,1087320
test,1134673
test,994146
test,1232664
test,1166475
test,1558616
test,1352376
test,1103922
test,1729919
test,1341182
test,1148107
test,1424652
test,1069865
test,1128961
test,1046932
test,960432
test,1199421
test,1201582
test,1146140
test,1188780
test,1264204
test,1346450
test,950831
test,874971
test,1065272
test,1227727
test,1214538
test,959204
test,1240209
test,1187966
test,1024496
test,1059406
test,1057660
test,1074159
test,1057663
test,897744
test,977596
test,1004204
test,1015455
test,926861
test,1223472
test,1438526
test,1331209
test,1035076
test,976826
test,918293
test,1027989
test,824894
test,926396
test,1027536
test,1087032
test,1077370
test,1225976
test,1103781
test,1216490
test,1003810
test,1409372
test,1003073
test,1083229
test,1075365
test,1211198
test,972338
test,1116683
test,1255177
test,1064816
test,1096143
test,904046
test,973586
test,945679
test,1032667
test,1074281
test,1085256
test,992471
test,856422
test,1212084
test,973233
test,863398
test,886201
test,995191
test,1041271
test,995411
test,1029684
test,995721
test,941787
test,937585
test,1023470
test,986882
test,967250
test,857333
test,1076620
test,1005609
test,878235
test,1113515
test,990989
test,1189073
test,1251019
test,1078880
test,1010846
test,903141
test,1064755
test,1121986
test,1156792
test,1098567
test,1301910
test,962848
test,1187122
test,1252256
test,1036412
test,1341974
test,1319058
test,1193424
test,1209436
test,1361736
test,1162821
test,1278651
test,1492484
test,1075433
test,1085201
test,963291
test,1346397
test,1020101
test,1028214
test,886952
test,968629
test,810940
test,954392
test,1036189
test,1023077
test,1046833
test,1038291
test,1185194
test,1048157
test,1202891
test,1456924
test,1002421
test,1183810
test,1365317
test,1226409
test,897789
test,950174
test,897861
test,1380968
test,1100579
test,904250
test,899090
test,1003744
test,975673
test,878694
test,778641
test,980930
test,992844
test,969839
test,1252797
test,1054393
test,1405240
test,1534786
test,1129067
test,1288401
test,862572
test,1055699
test,1319816
test,1076588
test,1315404
test,1197801
test,1114007
test,1018396
test,953243
test,1032872
test,1196351
test,1043641
test,1261309
test,1149525
test,1373974
test,1366853
test,1088270
test,1249729
test,1118768
test,1234404
test,826599
test,1098516
test,923445
test,990947
test,905039
test,983258
test,838853
test,1017815
test,857774
test,1148921
test,1016380
test,1020355
test,1436791
test,1359634
test,928685
test,1093970
test,1120610
test,1145049
test,1090128
test,1243079
test,1305004
test,1190578
test,1216057
test,809976
test,1064655
test,1298526
test,1193527
test,1223089
test,985705
test,1114133
test,1074485
test,1184757
test,895340
test,1233081
test,780006
test,1024134
test,889539
test,939018
test,883447
test,1072937
test,1189458
test,1248598
test,1288942
test,1393951
test,1039852
test,1209004
test,1581470
test,1196565
test,1516707
test,1179383
test,1261888
test,1192728
test,1113600
test,1280774
test,1263447
test,988516
test,1297894
test,1288268
test,1443904
test,1435977
test,1487065
test,1361378
test,1122091
test,999880
test,1444607
test,1245024
test,1037747
test,1133989
test,1362450
test,1236421
test,1062513
test,1208600
test,1227382
test,944333
test,880911
test,1109214
test,1180167
test,1162697
test,942767
test,1169729
test,1171914
test,1318108
test,1026384
test,991796
test,989705
test,1100099
test,1019282
test,1137608
test,925490
test,1170102
test,1213768
test,1237053
test,928294
test,983098
test,573565
test,925918
test,881025
test,1092119
test,956465
test,1212555
test,1277317
test,1188646
test,996380
test,839592
test,1104256
test,1169727
test,991448
test,961552
test,627146
test,854889
test,899047
test,988544
test,1139545
test,959416
test,957618
test,1159613
test,1161642
test,1019168
test,897069
test,1019957
test,1107603
test,1079718
test,1189361
test,1143249
test,1048767
test,1122091
test,1193653
test,1154159
test,1004990
test,944041
test,908075
test,903430
test,781462
test,1059390
test,1103526
test,1119704
test,1161785
test,989101
test,948197
test,1001141
test,742623
test,914092
test,849010
test,802308
test,890760
test,985820
test,1160904
test,1123776
test,1239687
test,1129488
test,1165498
test,1214882
test,1217330
test,1130381
test,1186701
test,1253134
test,1129629
test,1045167
test,1087343
test,917550
test,843239
test,1075400
test,1129520
test,981682
test,1169120
test,1097252
test,1049370
test,924228
test,1008174
test,1085165
test,1085585
test,1180286
test,988224
test,983918
test,834506
test,1030269
test,831305
test,912348
test,1006205
test,891978
test,1010417
test,1067640
test,1217011
test,957152
test,1037012
test,1110360
test,1228193
test,1290282
test,1230306
test,950016
test,974037
test,913429
test,939156
test,1073648
test,938758
test,1186897
test,976652
test,1045211
test,972059
test,1160020
test,1130620
test,961046
test,880261
test,861292
test,1068690
test,947226
test,1360579
test,1100714
test,1158429
test,1081441
test,1250902
test,1212722
test,970777
test,941102
test,879779
test,843581
test,1055583
test,1116636
test,1023193
test,947049
test,1061376
test,1167206
test,1023440
test,1081551
test,1040014
test,962040
test,1047780
test,1017800
test,962869
test,896787
test,940618
test,1006846
test,1111619
test,1192804
test,1308266
test,1047938
test,931397
test,818403
test,874434
test,995533
test,1053371
test,1137219
test,1058935
test,1243230
test,979451
test,1018002
test,1080859
test,1079571
test,1339366
test,1486905
test,1081477
test,1520189
test,1208406
test,1410442
test,1286328
test,1292372
test,1380466
test,1027326
test,1310206
test,1175824
test,1144006
test,1011154
test,1177361
test,970139
test,984184
test,803636
test,881426
test,1134282
test,1040223
test,887099
test,1090607
test,861206
test,1119991
test,1072575
test,1130467
test,1006712
test,1093312
test,1097508
test,1230054
test,1146347
test,1134791
test,1413067
test,901720
test,845312
test,998845
test,987547
test,878517
test,1289984
test,1127398
test,1243057
test,1210174
test,1052272
test,1031207
test,1078226
test,933556
test,1120798
test,919485
test,810518
test,850734
test,1210554
test,1056227
test,1008979
test,1011019
test,1228008
test,1372053
test,1381622
test,1040327
test,1289169
test,1042564
test,1118970
test,1024903
test,1109656
test,1196189
test,945573
test,1086163
test,1187710
test,972438
test,1201060
test,1056343
test,1245613
test,1058356
test,1012891
test,1240567
test,1096180
test,924400
test,867950
test,835346
test,796613
test,1149156
test,1034371
test,1055446
test,1176691
test,1092427
test,907938
test,1136169
test,1099894
test,967255
test,897891
test,907785
test,944697
test,820968
test,1115787
test,1012906
test,882275
test,897257
test,778515
test,1213972
test,775186
test,1329869
test,1111164
test,1043193
test,958105
test,1294870
test,1083565
test,1180923
test,1043629
test,1352508
test,1254042
test,1318692
test,1000511
test,1183837
test,883670
test,841336
test,1045619
test,1153784
test,1124543
test,1210456
test,890677
test,1023162
test,1047611
test,967954
test,1251199
test,1269172
test,938199
test,1012156
test,1164493
test,1331225
test,1231613
test,1103810
test,1375248
test,1111490
test,1063291
test,1161907
test,1050862
test,919885
test,1094198
test,1221597
test,1160218
test,964914
test,1373480
test,1447946
test,1399029
test,1392251
test,1226999
test,1303890
test,1032721
test,1162996
test,1132015
test,1254957
test,1144167
test,1206402
test,846553
test,861654
test,996138
test,1381938
test,1265262
test,1398551
test,1021332
test,924365
test,1031533
test,1119889
test,1186813
test,1390573
test,1196223
test,853659
test,1014321
test,894390
test,1038100
test,1071851
test,1003212
test,1199085
test,899200
test,1049749
test,1281408
test,1302377
test,1337236
test,1237163
test,963452
test,1077232
test,1195596
test,953626
test,1001647
test,1059807
test,1178587
test,1092782
test,941143
test,1184087
test,997474
test,913074
test,929940
test,1226021
test,1306120
test,1322592
test,1137049
test,1034154
test,1265587
test,1058006
test,924263
test,885277
test,1060330
test,964479
test,1134606
test,1184938
test,1154123
test,1025770
test,1204507
test,1199606
test,1245962
test,1025477
test,1105869
test,1052234
test,1055316
test,1087031
test,1164233
test,1073260
test,1164150
test,988297
test,1124795
test,1026617
test,903687
test,1240113
test,1111695
test,1077211
test,1154300
test,1253883
test,969493
test,1261666
test,1207996
test,1018779
test,949047
test,1000085
test,1272756
test,1016105
test,1217926
test,1320562
test,1053495
test,1194276
test,988136
test,1250900
test,1282867
test,1175562
test,1021773
test,1202611
test,1056235
test,1140165
test,1089450
test,890104
test,1025552
test,1280399
test,1094002
test,1073724
test,1152361
test,856228
test,960606
test,1029169
test,1030975
test,988937
test,975626
test,752732
test,842091
test,1158062
test,1275283
test,1403475
test,1482948
test,1506585
test,1286544
test,1089779
test,1078211
test,1395520
test,953123
test,1131671
test,962301
test,1080763
test,917971
test,768838
test,927111
test,884250
test,1113018
test,1042232
test,1130733
test,1393493
test,1235390
test,1108736
test,1073591
test,1239626
test,1378042
test,1352240
test,1218250
test,1010025
test,988961
test,1124281
test,839814
test,1275743
test,1216454
test,860082
test,963380
test,1326835
test,704247
test,727567
test,959638
test,1097988
test,879108
test,914627
test,836797
test,863948
test,916865
test,949590
test,1032338
test,883094
test,1069293
test,1133781
test,1417959
test,1206018
test,1069279
test,1064470
test,1077774
test,938371
test,1222506
test,1117129
test,1087102
test,1314781
test,1497216
test,1202824
test,1074288
test,1197132
test,1217701
test,1003699
test,1399545
test,1243056
test,1177451
test,937796
test,965798
test,1069081
test,1035099
test,1004225
test,983389
test,977868
test,1429520
test,1138195
test,903721
test,1101644
test,1069984
test,981315
test,975565
test,808030
test,999152
test,1002815
test,1301454
test,938673
test,856859
test,1027747
test,872465
test,920747
test,1042996
test,952537
test,971019
test,1377190
test,951265
test,1127955
test,1205657
test,1071515
test,1291330
test,1074834
test,1184797
test,1304108
test,1177991
test,1377230
test,1224707
test,1302001
test,1059138
test,1056167
test,923558
test,836772
test,857730
test,971727
test,1192875
test,1083592
test,858606
test,931445
test,805091
test,940109
test,908978
test,1049971
test,812446
test,1176923
test,883057
test,1093844
test,1207427
test,1201673
test,1346024
test,1202034
test,1056617
test,1218522
test,1064598
test,1312190
test,1092705
test,1340639
test,1401220
test,1020309
test,1107452
test,1246338
test,1161164
test,1121452
test,1151267
test,1356590
test,1156687
test,915263
test,1057679
test,1224628
test,932214
test,909186
test,1063162
test,989936
test,1082096
test,969638
test,1093829
test,1033769
test,954594
test,1168473
test,1406714
test,1182423
test,1156352
test,912404
test,1180135
test,1380874
test,880790
test,1168075
test,992960
test,967862
test,1030659
test,1034851
test,1119168
test,869971
test,1038262
test,1058744
test,974804
test,1183104
test,1331870
test,1142586
test,1232935
test,1091436
test,1223263
test,1032455
test,1280530
test,1221091
test,1119673
test,1287780
test,990454
test,1063874
test,1159483
test,1076723
test,1038409
test,960190
test,1152518
test,1248628
test,1136264
test,970082
test,1183562
test,1291764
test,976804
test,1191644
test,1088030
test,898168
test,988441
test,1034447
test,936211
test,1120604
test,1308402
test,1148337
test,961665
test,1109721
test,1253295
test,1173407
test,1253274
test,1158765
test,1187574
test,1157961
test,1414733
test,1301179
test,1005452
test,1147146
test,1022250
test,1289706
test,996570
test,1082115
test,1020046
test,1009753
test,965568
test,1063995
test,1079395
test,1170652
test,993415
test,1071862
test,1131288
test,1251447
test,1053361
test,986555
test,1001745
test,1286076
test,1148045
test,1150711
test,1025357
test,978602
test,1147230
test,925979
test,1088236
test,1000143
test,825581
test,1171962
test,1142038
test,901330
test,773285
test,934773
test,1319061
test,1414229
test,1058228
test,1152701
test,1107921
test,949629
test,1306434
test,1030513
test,903388
test,944651
test,1047558
test,942078
test,1176061
