class,timing_ns
baseline,902777
baseline,936387
baseline,980034
baseline,976361
baseline,908276
baseline,1165487
baseline,856180
baseline,951105
baseline,887187
baseline,719353
baseline,905176
baseline,832719
baseline,976210
baseline,779680
baseline,1066652
baseline,844582
baseline,873838
baseline,1035873
baseline,1046276
baseline,919732
baseline,1081782
baseline,1065901
baseline,945752
baseline,894100
baseline,841837
baseline,835448
baseline,1067940
baseline,844913
baseline,955289
baseline,896517
baseline,1065153
baseline,1120154
baseline,1059488
baseline,1311365
baseline,1175715
baseline,1151180
baseline,941734
baseline,1232903
baseline,840243
baseline,737952
baseline,982253
baseline,1009190
baseline,1006420
baseline,890557
baseline,736051
baseline,890451
baseline,1030497
baseline,869228
baseline,1057623
baseline,1170944
baseline,1130258
baseline,1381613
baseline,1090405
baseline,1125020
baseline,850257
baseline,1017656
baseline,911753
baseline,713552
baseline,993277
baseline,949739
baseline,1087956
baseline,870453
baseline,864854
baseline,755688
baseline,908141
baseline,750677
baseline,613014
baseline,953643
baseline,815692
baseline,910741
baseline,984682
baseline,1012811
baseline,1110682
baseline,1485841
baseline,1061858
baseline,898859
baseline,1105431
baseline,990584
baseline,905876
baseline,987529
baseline,850662
baseline,928731
baseline,956537
baseline,969413
baseline,1241086
baseline,902671
baseline,897889
baseline,950650
baseline,1059695
baseline,1010467
baseline,974900
baseline,1297017
baseline,1103621
baseline,1256296
baseline,1271842
baseline,1011271
baseline,905702
baseline,948196
baseline,1231406
baseline,965110
baseline,786778
baseline,932415
baseline,1153665
baseline,1052270
baseline,1120454
baseline,897888
baseline,1335526
baseline,974832
baseline,995442
baseline,858049
baseline,951338
baseline,1070784
baseline,899352
baseline,1120495
baseline,1122881
baseline,883063
baseline,954408
baseline,988551
baseline,1034023
baseline,1174256
baseline,953611
baseline,1044910
baseline,1263355
baseline,892383
baseline,1210647
baseline,1139736
baseline,1078997
baseline,975448
baseline,994192
baseline,932469
baseline,838828
baseline,876339
baseline,1180770
baseline,832741
baseline,1104035
baseline,910130
baseline,945015
baseline,802971
baseline,862837
baseline,750767
baseline,791395
baseline,854735
baseline,1020328
baseline,841427
baseline,822174
baseline,839493
baseline,1107108
baseline,1181910
baseline,1096397
baseline,1128676
baseline,1164270
baseline,1225859
baseline,1013645
baseline,919930
baseline,958857
baseline,776718
baseline,805070
baseline,1049196
baseline,988122
baseline,1400083
baseline,1115834
baseline,984746
baseline,992057
baseline,1214495
baseline,798696
baseline,780052
baseline,983016
baseline,908687
baseline,742430
baseline,757579
baseline,993501
baseline,996651
baseline,878756
baseline,952006
baseline,1083509
baseline,1120139
baseline,1086207
baseline,882903
baseline,887294
baseline,987761
baseline,928803
baseline,1004240
baseline,994784
baseline,1005475
baseline,906709
baseline,690081
baseline,959053
baseline,877877
baseline,1027842
baseline,951414
baseline,935825
baseline,1248471
baseline,896616
baseline,775741
baseline,1032946
baseline,995987
baseline,933886
baseline,870501
baseline,882542
baseline,1321293
baseline,913904
baseline,939175
baseline,753182
baseline,1193116
baseline,1037578
baseline,879892
baseline,950450
baseline,742133
baseline,1077399
baseline,992532
baseline,917649
baseline,957159
baseline,1164695
baseline,1235104
baseline,1018355
baseline,904472
baseline,757841
baseline,777885
baseline,1004297
baseline,1198460
baseline,954640
baseline,1102335
baseline,1250656
baseline,1028917
baseline,1015390
baseline,970419
baseline,1147989
baseline,928194
baseline,862079
baseline,1015551
baseline,865516
baseline,1102959
baseline,995975
baseline,1163156
baseline,887116
baseline,942503
baseline,911828
baseline,1090207
baseline,1107627
baseline,1126681
baseline,1061902
baseline,1115495
baseline,1060630
baseline,1182899
baseline,981906
baseline,1026622
baseline,1250126
baseline,1132803
baseline,851325
baseline,925005
baseline,996646
baseline,845277
baseline,1183560
baseline,1408543
baseline,992829
baseline,891634
baseline,977026
baseline,1007381
baseline,842719
baseline,1044483
baseline,762088
baseline,962780
baseline,935802
baseline,848734
baseline,1305001
baseline,1192480
baseline,977423
baseline,1203848
baseline,1144542
baseline,782843
baseline,1061562
baseline,1035210
baseline,1020135
baseline,1065318
baseline,933710
baseline,947222
baseline,1074020
baseline,1059831
baseline,974795
baseline,1099937
baseline,1064465
baseline,1455305
baseline,1075255
baseline,1176101
baseline,1060132
baseline,876390
baseline,768404
baseline,1061022
baseline,833901
baseline,907325
baseline,849576
baseline,781543
baseline,965146
baseline,1116027
baseline,1115612
baseline,945532
baseline,1232733
baseline,959705
baseline,994811
baseline,1013854
baseline,997278
baseline,892694
baseline,987971
baseline,1142831
baseline,1150161
baseline,965580
baseline,1103160
baseline,963026
baseline,1192822
baseline,1197496
baseline,992875
baseline,970650
baseline,1196850
baseline,1194861
baseline,791641
baseline,876571
baseline,902950
baseline,880976
baseline,791286
baseline,729228
baseline,849839
baseline,806509
baseline,884305
baseline,794232
baseline,843904
baseline,977551
baseline,1123041
baseline,1368200
baseline,1284656
baseline,1177330
baseline,1373164
baseline,1181983
baseline,892282
baseline,1042973
baseline,1151443
baseline,710405
baseline,845217
baseline,969711
baseline,1045383
baseline,813930
baseline,756919
baseline,872582
baseline,887203
baseline,787430
baseline,1125111
baseline,1166340
baseline,737987
baseline,1031606
baseline,905207
baseline,838697
baseline,863180
baseline,920048
baseline,959197
baseline,1080464
baseline,1201738
baseline,1103902
baseline,772327
baseline,989960
baseline,926502
baseline,1079807
baseline,797322
baseline,1002738
baseline,969908
baseline,1064895
baseline,1096012
baseline,934425
baseline,807096
baseline,743574
baseline,892744
baseline,844517
baseline,996159
baseline,954913
baseline,937130
baseline,1034100
baseline,925934
baseline,949816
baseline,888334
baseline,938606
baseline,939768
baseline,611337
baseline,941364
baseline,862090
baseline,1120159
baseline,1221908
baseline,1113337
baseline,1068466
baseline,1091839
baseline,1047356
baseline,831763
baseline,1028123
baseline,873020
baseline,946308
baseline,914072
baseline,988558
baseline,1023104
baseline,1221676
baseline,907391
baseline,838590
baseline,974525
baseline,1056981
baseline,1129763
baseline,864439
baseline,982791
baseline,990001
baseline,1167850
baseline,971001
baseline,1144162
baseline,1024062
baseline,1078887
baseline,1044610
baseline,1022995
baseline,812584
baseline,973192
baseline,981609
baseline,1180316
baseline,1205359
baseline,1286340
baseline,1076791
baseline,937869
baseline,929315
baseline,941123
baseline,960562
baseline,927515
baseline,798747
baseline,1056461
baseline,873178
baseline,858287
baseline,902231
baseline,1217108
baseline,1014136
baseline,899111
baseline,907960
baseline,995159
baseline,1029946
baseline,1021803
baseline,1075598
baseline,862072
baseline,859579
baseline,1047949
baseline,949712
baseline,968337
baseline,881051
baseline,1078726
baseline,930594
baseline,892327
baseline,856298
baseline,845356
baseline,1016324
baseline,1177280
baseline,904198
baseline,1123505
baseline,1016530
baseline,980200
baseline,1019080
baseline,928665
baseline,900155
baseline,1100056
baseline,919880
baseline,656545
baseline,808402
baseline,1002865
baseline,934119
baseline,1029349
baseline,1019696
baseline,834171
baseline,1036817
baseline,1170124
baseline,1169471
baseline,848946
baseline,869671
baseline,922731
baseline,868856
baseline,896871
baseline,996987
baseline,1230326
baseline,1362815
baseline,1391216
baseline,938570
baseline,935813
baseline,1038012
baseline,1173465
baseline,939477
baseline,1113751
baseline,1221827
baseline,1222472
baseline,1147639
baseline,1118196
baseline,1213035
baseline,932123
baseline,918645
baseline,828237
baseline,1249008
baseline,1041433
baseline,842291
baseline,811247
baseline,1049342
baseline,850629
baseline,942191
baseline,1157062
baseline,915070
baseline,954398
baseline,1185248
baseline,1223308
baseline,1049632
baseline,1052347
baseline,913477
baseline,842950
baseline,935034
baseline,1204240
baseline,966434
baseline,1340442
baseline,1142562
baseline,1171425
baseline,1139357
baseline,1001350
baseline,995697
baseline,1082638
baseline,1066643
baseline,1000968
baseline,963296
baseline,959277
baseline,919680
baseline,1127006
baseline,1202370
baseline,1144280
baseline,1084555
baseline,1075763
baseline,976122
baseline,1138937
baseline,1140045
baseline,1019912
baseline,905711
baseline,981762
baseline,918573
baseline,740571
baseline,963265
baseline,755497
baseline,930503
baseline,948958
baseline,790074
baseline,1028717
baseline,1104331
baseline,1120951
baseline,1119077
baseline,1031255
baseline,1010522
baseline,1094465
baseline,865614
baseline,724332
baseline,803414
baseline,990291
baseline,877033
baseline,882369
baseline,824716
baseline,1087992
baseline,1184187
baseline,1119172
baseline,1015053
baseline,1027069
baseline,1013859
baseline,1188624
baseline,1177329
baseline,1042021
baseline,887256
baseline,1114122
baseline,1030778
baseline,1196025
baseline,1139719
baseline,1256179
baseline,861826
baseline,881409
baseline,808250
baseline,900368
baseline,768749
baseline,932779
baseline,935376
baseline,1058086
baseline,1101188
baseline,1106445
baseline,1129587
baseline,986685
baseline,953430
baseline,1158204
baseline,1115250
baseline,1122127
baseline,1077531
baseline,897496
baseline,851649
baseline,806076
baseline,1008912
baseline,1061525
baseline,959887
baseline,1474198
baseline,970838
baseline,1122397
baseline,981286
baseline,1061250
baseline,719068
baseline,866578
baseline,828548
baseline,946111
baseline,1161319
baseline,1054960
baseline,1259593
baseline,1409522
baseline,936389
baseline,1113389
baseline,1041601
baseline,1139445
baseline,1006773
baseline,780575
baseline,885651
baseline,1065959
baseline,886705
baseline,845944
baseline,749093
baseline,983186
baseline,855947
baseline,910541
baseline,907476
baseline,838288
baseline,1007890
baseline,864676
baseline,913473
baseline,954288
baseline,921307
baseline,972263
baseline,1173432
baseline,945588
baseline,942511
baseline,1032533
baseline,896349
baseline,1035713
baseline,858849
baseline,1084805
baseline,1187389
baseline,859814
baseline,949338
baseline,1177194
baseline,1222237
baseline,1036097
baseline,1118267
baseline,970887
baseline,1143658
baseline,1244356
baseline,1047850
baseline,1141751
baseline,1109459
baseline,1191601
baseline,908043
baseline,1032577
baseline,1026242
baseline,964213
baseline,939388
baseline,853482
baseline,1199798
baseline,1041775
baseline,1133387
baseline,776502
baseline,1080394
baseline,978395
baseline,888136
baseline,1068497
baseline,749048
baseline,968373
baseline,956433
baseline,762944
baseline,993637
baseline,761776
baseline,898423
baseline,1053842
baseline,896952
baseline,1099927
baseline,974972
baseline,822784
baseline,691866
baseline,899685
baseline,1162279
baseline,1317961
baseline,985184
baseline,1015627
baseline,966055
baseline,1344903
baseline,1145365
baseline,1149818
baseline,842738
baseline,1097943
baseline,980480
baseline,1053003
baseline,1045722
baseline,1019969
baseline,1099680
baseline,1025342
baseline,1059289
baseline,1076650
baseline,830399
baseline,1055432
baseline,1073988
baseline,844787
baseline,1048771
baseline,1090326
baseline,1085513
baseline,850970
baseline,1286619
baseline,1077606
baseline,1140818
baseline,1050026
baseline,1428844
baseline,1030426
baseline,929511
baseline,877789
baseline,937761
baseline,1013146
baseline,1149017
baseline,960397
baseline,1011478
baseline,1075693
baseline,1071737
baseline,1000400
baseline,1207499
baseline,875166
baseline,961168
baseline,1058374
baseline,1191680
baseline,1170809
baseline,1201818
baseline,998299
baseline,990135
baseline,876868
baseline,978454
baseline,738425
baseline,800536
baseline,824251
baseline,818159
baseline,808175
baseline,869999
baseline,1180451
baseline,1135848
baseline,1021011
baseline,1278258
baseline,1167961
baseline,1116087
baseline,1057534
baseline,1026027
baseline,1126380
baseline,918688
baseline,1035945
baseline,837492
baseline,801143
baseline,1167603
baseline,1005439
baseline,1130546
baseline,1193456
baseline,1061069
baseline,753521
baseline,1092553
baseline,1127967
baseline,1234101
baseline,1216913
baseline,918050
baseline,830030
baseline,858347
baseline,875784
baseline,930117
baseline,909847
baseline,1042607
baseline,1123569
baseline,1141667
baseline,900493
baseline,922209
baseline,869054
baseline,780075
baseline,937389
baseline,946301
baseline,1089210
baseline,940906
baseline,996797
baseline,1041058
baseline,796526
baseline,946239
baseline,1014090
baseline,1042951
baseline,904068
baseline,979211
baseline,802660
baseline,851012
baseline,1069508
baseline,747823
baseline,828252
baseline,1451260
baseline,875352
baseline,878650
baseline,943181
baseline,906667
baseline,1069576
baseline,1137925
baseline,732230
baseline,1014979
baseline,848118
baseline,1061256
baseline,825153
baseline,1106853
baseline,1104052
baseline,1032152
baseline,1237646
baseline,967617
baseline,781290
baseline,795637
baseline,886247
baseline,937761
baseline,1073422
baseline,895640
baseline,847756
baseline,1099133
baseline,791244
baseline,997194
baseline,1044614
baseline,768711
baseline,807861
baseline,920885
baseline,1051405
baseline,938760
baseline,782738
baseline,827601
baseline,775782
baseline,1138660
baseline,965440
baseline,839749
baseline,1036933
baseline,972010
baseline,796049
baseline,1020111
baseline,1003227
baseline,1141715
baseline,1090003
baseline,1031344
baseline,990776
baseline,1065300
baseline,903445
baseline,1042522
baseline,832003
baseline,951400
baseline,886069
baseline,945604
baseline,1074258
baseline,916283
baseline,886646
baseline,854909
baseline,969019
baseline,1014307
baseline,1001262
baseline,730951
baseline,1092851
baseline,904332
baseline,817540
baseline,802576
baseline,899117
baseline,1077111
baseline,1056953
baseline,1130586
baseline,1056467
baseline,1121885
baseline,1012054
baseline,982608
baseline,983333
baseline,735874
baseline,881121
baseline,1118170
baseline,1097417
baseline,1083567
baseline,928574
baseline,1063044
baseline,1281694
baseline,1171442
baseline,1460936
baseline,1225049
baseline,1044521
baseline,972916
baseline,920201
baseline,982249
baseline,955655
baseline,1037839
baseline,757609
baseline,880310
baseline,1307866
baseline,1242398
baseline,1038006
baseline,686532
baseline,948874
baseline,1137686
baseline,990851
baseline,1192634
baseline,912779
baseline,889760
baseline,1142959
baseline,1126574
baseline,1375253
baseline,873786
baseline,823762
baseline,891666
baseline,903816
baseline,850919
baseline,843817
baseline,1067945
baseline,942422
baseline,994037
baseline,1149753
baseline,991203
baseline,958189
baseline,1127974
baseline,1030669
baseline,891677
baseline,846305
baseline,967791
baseline,1002169
baseline,1092648
baseline,774479
baseline,1210915
baseline,1232010
baseline,958194
baseline,985552
baseline,877730
baseline,881199
baseline,1238486
baseline,1005822
baseline,1112052
baseline,1086637
baseline,887380
baseline,1294169
baseline,1067782
baseline,853798
baseline,1112491
baseline,923293
baseline,1021119
baseline,918761
baseline,798849
baseline,955199
baseline,934313
baseline,1083365
baseline,988217
baseline,986691
baseline,1146907
baseline,1047167
baseline,1306007
baseline,1153108
baseline,939624
baseline,1030201
baseline,1093968
baseline,1099018
baseline,881120
baseline,1365469
baseline,834689
baseline,1015258
baseline,996791
baseline,972908
baseline,1107011
baseline,909093
baseline,943722
baseline,1378128
baseline,919477
baseline,989681
baseline,1038118
baseline,1124919
baseline,810734
baseline,1028087
baseline,944061
baseline,973798
baseline,1204372
baseline,1110702
baseline,947990
baseline,983078
baseline,929347
baseline,1051754
baseline,922007
baseline,1121334
baseline,965091
baseline,905934
baseline,1253581
baseline,936686
baseline,978495
baseline,1122289
baseline,1038880
baseline,1075748
baseline,874624
baseline,1048654
baseline,914812
baseline,951744
baseline,977843
baseline,796991
baseline,924920
baseline,810140
baseline,898051
baseline,833827
baseline,963212
baseline,927848
baseline,829759
baseline,945717
baseline,875846
baseline,782401
baseline,1030404
baseline,876799
baseline,829748
baseline,1021623
baseline,1120649
baseline,1296555
baseline,1035777
baseline,1162292
baseline,1060184
baseline,762173
baseline,976646
baseline,942556
baseline,1050415
baseline,1021158
baseline,953010
baseline,1005363
baseline,1198314
baseline,902683
baseline,1069116
baseline,839181
baseline,990146
baseline,949654
baseline,801298
baseline,1089155
baseline,991268
baseline,882956
baseline,998959
baseline,913118
baseline,1042791
baseline,938612
baseline,1014704
baseline,1067532
baseline,921223
baseline,835786
baseline,882208
baseline,903744
baseline,1018392
baseline,948586
baseline,888898
baseline,1041868
baseline,775916
baseline,1016416
baseline,921192
baseline,1001572
baseline,945611
baseline,1106332
baseline,1003595
baseline,1104146
baseline,1123437
baseline,1020300
baseline,821209
baseline,1070983
baseline,1137197
baseline,1208681
baseline,1085798
baseline,1198366
baseline,1059275
baseline,1018946
baseline,927456
baseline,973898
baseline,1044889
baseline,1266358
baseline,1013081
baseline,1078469
baseline,932431
baseline,1033277
baseline,863616
baseline,1179509
baseline,923801
baseline,941272
baseline,1341475
baseline,1181139
baseline,1109177
baseline,957345
baseline,872420
baseline,882145
baseline,992907
baseline,1251509
baseline,1141276
baseline,901180
baseline,911734
baseline,988364
baseline,951282
baseline,807341
baseline,872570
baseline,888071
baseline,855621
baseline,1009902
baseline,909969
baseline,1191599
baseline,992117
baseline,918627
baseline,1154466
baseline,896279
baseline,1238324
baseline,1166124
baseline,727147
baseline,860502
baseline,956532
baseline,832456
baseline,970989
baseline,961404
baseline,1131397
baseline,1011960
baseline,922585
baseline,1143624
baseline,903371
baseline,922707
baseline,1048250
baseline,1051688
baseline,966719
baseline,918322
baseline,1036169
baseline,931638
baseline,1010931
baseline,1058959
baseline,1106159
baseline,1138066
baseline,926621
baseline,772394
baseline,937192
baseline,932332
baseline,1140890
baseline,738120
baseline,901786
baseline,1179133
baseline,884372
baseline,1315475
baseline,1044767
baseline,1009037
baseline,911935
baseline,859464
baseline,1023675
baseline,1126055
baseline,1295582
baseline,877521
baseline,1054706
baseline,1105042
baseline,958607
baseline,1317477
baseline,926858
baseline,1133461
baseline,950537
baseline,1112265
baseline,827938
baseline,784253
baseline,837180
baseline,935920
baseline,1024779
baseline,1089338
baseline,1035517
baseline,980877
baseline,958950
baseline,918119
baseline,1053413
baseline,898643
baseline,795509
baseline,755801
baseline,906621
baseline,925839
baseline,920112
baseline,724086
baseline,990277
baseline,796242
baseline,1128902
baseline,1013063
baseline,962411
baseline,958649
baseline,1147182
baseline,1125661
baseline,1445847
baseline,1157890
baseline,1231064
baseline,1050102
baseline,949787
baseline,975301
baseline,963999
baseline,1026113
baseline,918609
baseline,856176
baseline,697141
baseline,888636
baseline,1035802
baseline,950347
baseline,875223
baseline,1109690
baseline,1168562
baseline,882130
baseline,900914
baseline,1209791
baseline,752247
baseline,917676
baseline,1158510
baseline,884621
baseline,861210
baseline,739301
baseline,1091416
baseline,1159968
baseline,1154594
baseline,1075530
baseline,1222291
baseline,833067
baseline,1015269
baseline,1005593
baseline,845581
baseline,847668
baseline,903070
baseline,1054151
baseline,938748
baseline,1031491
baseline,909806
baseline,1250567
baseline,1031577
baseline,1329781
baseline,1081969
baseline,904119
baseline,940180
baseline,975863
baseline,1117956
baseline,1115312
baseline,993972
baseline,1063552
baseline,1136484
baseline,1031070
baseline,1100524
baseline,973292
baseline,795359
baseline,908605
baseline,811499
baseline,1175369
baseline,1104852
baseline,880505
baseline,886238
baseline,943510
baseline,758025
baseline,986990
baseline,799534
baseline,1155831
baseline,984757
baseline,988499
baseline,1032561
baseline,1016049
baseline,1145760
baseline,1331695
baseline,918141
baseline,1082849
baseline,1070783
baseline,1076198
baseline,1060734
baseline,1200214
baseline,1181420
baseline,1063629
baseline,893039
baseline,1083042
baseline,1217444
baseline,869529
baseline,1029960
baseline,971423
baseline,960920
baseline,826191
baseline,850151
baseline,1142514
baseline,827997
baseline,1030818
baseline,863029
baseline,830930
baseline,1136100
baseline,799681
baseline,906236
baseline,1212811
baseline,1050233
baseline,998780
baseline,851189
baseline,1136219
baseline,964386
baseline,1054584
baseline,801411
baseline,732739
baseline,864424
baseline,957446
baseline,970004
baseline,1065378
baseline,991558
baseline,942406
baseline,1420360
baseline,1317849
baseline,1243169
baseline,1030910
baseline,866725
baseline,1209444
baseline,1112784
baseline,950802
baseline,1075718
baseline,1019425
baseline,827478
baseline,989632
baseline,853800
baseline,792988
baseline,777001
baseline,1034761
baseline,996362
baseline,1377111
baseline,1293062
baseline,1005908
baseline,1165504
baseline,1074400
baseline,922235
baseline,870992
baseline,1204752
baseline,1111657
baseline,1092321
baseline,1118180
baseline,1181864
baseline,1016928
baseline,934046
baseline,926927
baseline,837225
baseline,961448
baseline,914346
baseline,1259670
baseline,1045780
baseline,1130236
baseline,1355974
baseline,1428638
baseline,1704710
baseline,1291672
baseline,1151354
baseline,1120826
baseline,944894
baseline,887161
baseline,968969
baseline,1000502
baseline,1113257
baseline,807131
baseline,1006183
baseline,878981
baseline,1034013
baseline,861349
baseline,918528
baseline,844160
baseline,1092627
baseline,817338
baseline,1003932
baseline,893564
baseline,1063498
baseline,877189
baseline,817141
baseline,996949
baseline,951170
baseline,1172906
baseline,883102
baseline,932188
baseline,1385718
baseline,1095585
baseline,1124460
baseline,1111736
baseline,1250700
baseline,1058291
baseline,1118375
baseline,1099996
baseline,894097
baseline,1059512
baseline,1042954
baseline,1117839
baseline,1002684
baseline,1259765
baseline,1177723
baseline,1271967
baseline,1252677
baseline,1104288
baseline,1181370
baseline,1117600
baseline,1134081
baseline,1343903
baseline,1114605
baseline,799139
baseline,978014
baseline,996712
baseline,1127065
baseline,948029
baseline,1039767
baseline,693973
baseline,801071
baseline,919150
baseline,1132722
baseline,1076344
baseline,1161932
baseline,1173390
baseline,965405
baseline,847186
baseline,925261
baseline,812750
baseline,886100
baseline,902717
baseline,1116173
baseline,870142
baseline,1231237
baseline,1036761
baseline,904522
baseline,1048815
baseline,926088
baseline,1065705
baseline,791001
baseline,829204
baseline,943268
baseline,999174
baseline,847106
baseline,956349
baseline,1006124
baseline,799190
baseline,839768
baseline,784495
baseline,918500
baseline,1244541
baseline,1058743
baseline,1101850
baseline,971317
baseline,808957
baseline,1021737
baseline,920737
baseline,764361
baseline,1097172
baseline,1146417
baseline,1113016
baseline,989179
baseline,927075
baseline,812189
baseline,817881
baseline,1064639
baseline,974156
baseline,946802
baseline,885622
baseline,1041348
baseline,882438
baseline,1109873
baseline,1005039
baseline,764918
baseline,787948
baseline,924670
baseline,815143
baseline,855436
baseline,1016189
baseline,1017150
baseline,876463
baseline,913731
baseline,1121365
baseline,932103
baseline,792518
baseline,940384
baseline,834219
baseline,995623
baseline,1111766
baseline,987006
baseline,1003965
baseline,1097792
baseline,950580
baseline,1085376
baseline,866722
baseline,769446
baseline,1052561
baseline,1078161
baseline,1110790
baseline,984081
baseline,1029039
baseline,1271776
baseline,1034331
baseline,816198
baseline,1222159
baseline,1021257
baseline,1043072
baseline,1040684
baseline,1343345
baseline,877989
baseline,934729
baseline,1057644
baseline,1011519
baseline,1043047
baseline,980850
baseline,941358
baseline,876536
baseline,1061172
baseline,1065467
baseline,1062732
baseline,892336
baseline,1023963
baseline,1102632
baseline,983976
baseline,885935
baseline,951367
baseline,934552
baseline,1171673
baseline,1133900
baseline,1214489
baseline,992734
baseline,1136692
baseline,761602
baseline,867807
baseline,921308
baseline,1004362
baseline,848813
baseline,884071
baseline,1214778
baseline,1111660
baseline,1350915
baseline,998240
baseline,924907
baseline,956225
baseline,936286
baseline,922187
baseline,1129761
baseline,1201923
baseline,907736
baseline,962653
baseline,963033
baseline,1188291
baseline,1015367
baseline,959364
baseline,949388
baseline,1063386
baseline,935431
baseline,842998
baseline,818183
baseline,911596
baseline,863094
baseline,965723
baseline,754565
baseline,760433
baseline,895773
baseline,1006143
baseline,1021547
baseline,983575
baseline,880645
baseline,1070861
baseline,1114507
baseline,819913
baseline,829849
baseline,800802
baseline,903546
baseline,1156793
baseline,946227
baseline,773695
baseline,893901
baseline,978774
baseline,877406
baseline,781104
baseline,822812
baseline,1196939
baseline,973587
baseline,1076821
baseline,988807
baseline,1208026
baseline,1156490
baseline,907598
baseline,1109573
baseline,855320
baseline,824468
baseline,810911
baseline,1092635
baseline,859531
baseline,1124930
baseline,974047
baseline,935580
baseline,853588
baseline,951091
baseline,956676
baseline,1106021
baseline,903611
baseline,991034
baseline,1088798
baseline,841247
baseline,889738
baseline,777323
baseline,858914
baseline,1131880
baseline,987000
baseline,1225961
baseline,1188630
baseline,1222442
baseline,795409
baseline,1127139
baseline,774974
baseline,942967
baseline,746482
baseline,889951
baseline,929308
baseline,909550
baseline,826896
baseline,1010517
baseline,836928
baseline,914676
baseline,947652
baseline,778757
baseline,783272
baseline,876774
baseline,937204
baseline,1223646
baseline,1149843
baseline,1028721
baseline,951940
baseline,1112188
baseline,1280649
baseline,1083175
baseline,963838
baseline,1245087
baseline,967983
baseline,902901
baseline,990698
baseline,876248
baseline,970685
baseline,1022729
baseline,1009057
baseline,1042881
baseline,1046313
baseline,1029764
baseline,1178309
baseline,1223966
baseline,1093147
baseline,957798
baseline,1288935
baseline,1006037
baseline,999128
baseline,1069442
baseline,1151791
baseline,969431
baseline,865911
baseline,854480
baseline,687773
baseline,867537
baseline,929400
baseline,707270
baseline,894734
baseline,952752
baseline,928074
baseline,872274
baseline,1088784
baseline,1105647
baseline,1058872
baseline,727414
baseline,997878
baseline,1133705
baseline,1048127
baseline,978037
baseline,1114979
baseline,990913
baseline,1421728
baseline,871935
baseline,892382
baseline,979707
baseline,826203
baseline,1049879
baseline,1196480
baseline,951133
baseline,968148
baseline,1047164
baseline,1159618
baseline,1371228
baseline,876066
baseline,874086
baseline,952272
baseline,934586
baseline,1076053
baseline,961519
baseline,918156
baseline,887600
baseline,1016041
baseline,964508
baseline,955865
baseline,1087178
baseline,1012335
baseline,1013735
baseline,1005442
baseline,1226912
baseline,985867
baseline,1110214
baseline,988200
baseline,1088843
baseline,1091521
baseline,931480
baseline,993020
baseline,1016725
baseline,1084495
baseline,1044610
baseline,888499
baseline,1136429
baseline,1090779
baseline,1140568
baseline,1140376
baseline,1170711
baseline,1033907
baseline,984490
baseline,1205042
baseline,1408005
baseline,1129305
baseline,1012197
baseline,731502
baseline,1038168
baseline,1070382
baseline,965536
baseline,1061458
baseline,881410
baseline,1174977
baseline,1058564
baseline,1081924
baseline,1215769
baseline,1086833
baseline,1025097
baseline,994918
baseline,856442
baseline,778036
baseline,662586
baseline,1041403
baseline,888069
baseline,1085717
baseline,1098121
baseline,1126332
baseline,1146490
baseline,1070843
baseline,1114662
baseline,926447
baseline,1083370
baseline,1073766
baseline,942650
baseline,975807
baseline,794196
baseline,1134592
baseline,1177267
baseline,1250523
baseline,1068119
baseline,800471
baseline,858914
baseline,1073754
baseline,1139949
baseline,882056
baseline,991029
baseline,842159
baseline,863913
baseline,1004231
baseline,871381
baseline,711530
baseline,928398
baseline,761913
baseline,796215
baseline,1130704
baseline,1203595
baseline,986304
baseline,985604
baseline,1194133
baseline,922716
baseline,1096086
baseline,998374
baseline,1151713
baseline,969381
baseline,947456
baseline,878149
baseline,1048956
baseline,1028238
baseline,959464
baseline,919904
baseline,800118
baseline,891429
baseline,975229
baseline,854732
baseline,897423
baseline,1074262
baseline,1153731
baseline,848808
baseline,971325
baseline,1059939
baseline,1093570
baseline,1120616
baseline,1125456
baseline,776558
baseline,1084926
baseline,1359942
baseline,1037643
baseline,940613
baseline,866002
baseline,854682
baseline,1055781
baseline,870645
baseline,976048
baseline,739970
baseline,787968
baseline,987130
baseline,1094440
baseline,1305638
baseline,1239199
baseline,1071634
baseline,930322
baseline,1061199
baseline,941519
baseline,877632
baseline,750229
baseline,1066538
baseline,1184552
baseline,893323
baseline,886737
baseline,885445
baseline,1071003
baseline,849482
baseline,1084082
baseline,944354
baseline,1087480
baseline,942121
baseline,696598
baseline,921593
baseline,1014503
baseline,1162732
baseline,908822
baseline,874561
baseline,1006085
baseline,1007127
baseline,794322
baseline,788715
baseline,884466
baseline,1329799
baseline,956843
baseline,1110780
baseline,1084489
baseline,908224
baseline,1080133
baseline,911304
baseline,1086973
baseline,990666
baseline,973323
baseline,971957
baseline,907867
baseline,1000384
baseline,887400
baseline,934998
baseline,861249
baseline,1035806
baseline,1063339
baseline,962839
baseline,897152
baseline,959667
baseline,816129
baseline,775977
baseline,783068
baseline,800410
baseline,960070
baseline,1204761
baseline,877242
baseline,891423
baseline,1205614
baseline,1324670
baseline,1169300
baseline,854592
baseline,1049229
baseline,1091237
baseline,889382
baseline,1194102
baseline,884704
baseline,968523
baseline,912185
baseline,896942
baseline,950882
baseline,1021716
baseline,1043999
baseline,1225800
baseline,1088193
baseline,914283
baseline,747113
baseline,747093
baseline,943743
baseline,972844
baseline,918605
baseline,717325
baseline,847253
baseline,711446
baseline,689951
baseline,989407
baseline,1023035
baseline,987416
baseline,1101801
baseline,1245502
baseline,1114694
baseline,901254
baseline,1226932
baseline,924284
baseline,1024225
baseline,1107742
baseline,967517
baseline,1058323
baseline,958334
baseline,948310
baseline,1230516
baseline,1114533
baseline,1063848
baseline,994356
baseline,1072441
baseline,1191142
baseline,891919
baseline,743295
baseline,916731
baseline,913544
baseline,865471
baseline,916257
baseline,882304
baseline,1015827
baseline,923519
baseline,1136113
baseline,976149
baseline,1106493
baseline,1195161
baseline,937055
baseline,1029352
baseline,1436409
baseline,1297288
baseline,1095752
baseline,876400
baseline,791428
baseline,842796
baseline,924990
baseline,757578
baseline,1069781
baseline,897093
baseline,959681
baseline,908329
baseline,810324
baseline,848533
baseline,999457
baseline,951190
baseline,1134425
baseline,1024010
baseline,1074464
baseline,809896
baseline,744778
baseline,886631
baseline,745524
baseline,814976
baseline,762062
baseline,1014169
baseline,980915
baseline,829342
baseline,852959
baseline,971969
baseline,1082002
baseline,1070746
baseline,873354
baseline,977170
baseline,750536
baseline,982645
baseline,946231
baseline,936025
baseline,1096572
baseline,1066341
baseline,1273010
baseline,1069952
baseline,1015860
baseline,1237342
baseline,964741
baseline,861630
baseline,1026084
baseline,884848
baseline,1071641
baseline,944360
baseline,938188
baseline,877541
baseline,916425
baseline,689358
baseline,927942
baseline,1203629
baseline,1001144
baseline,1000371
baseline,1338701
baseline,1017415
baseline,1088702
baseline,1314338
baseline,1044004
baseline,1113560
baseline,1155010
baseline,1162506
baseline,950360
baseline,872128
baseline,776734
baseline,858374
baseline,734984
baseline,768076
baseline,1118709
baseline,1184966
baseline,1070336
baseline,913040
baseline,837288
baseline,970872
baseline,1165255
baseline,1119543
baseline,1205864
baseline,1119873
baseline,829369
baseline,814239
baseline,943030
baseline,934484
baseline,1038922
baseline,1128420
baseline,1079017
baseline,1064641
baseline,1101800
baseline,874860
baseline,1098974
baseline,1137125
baseline,1048645
baseline,1104493
baseline,1203030
baseline,1172722
baseline,980676
baseline,1122512
baseline,1191203
baseline,895909
baseline,931546
baseline,882933
baseline,820472
baseline,948849
baseline,843092
baseline,1028702
baseline,830998
baseline,871947
baseline,691017
baseline,850445
baseline,831456
baseline,922752
baseline,1098076
baseline,976959
baseline,1018879
baseline,816428
baseline,1028330
baseline,1071599
baseline,924717
baseline,945340
baseline,749509
baseline,963058
baseline,1236046
baseline,896539
baseline,879400
baseline,1059078
baseline,1002553
baseline,972550
baseline,934537
baseline,1172435
baseline,935027
baseline,904660
baseline,955925
baseline,797101
baseline,942462
baseline,1011578
baseline,1176763
baseline,1159571
baseline,1092332
baseline,1162191
baseline,1154019
baseline,907724
baseline,962734
baseline,914385
baseline,812000
baseline,940873
baseline,1145643
baseline,975132
baseline,978297
baseline,1007107
baseline,969398
baseline,984080
baseline,853550
baseline,926867
baseline,1203332
baseline,894136
baseline,935641
baseline,893104
baseline,1079532
baseline,1113226
baseline,1081787
baseline,1002511
baseline,1154839
baseline,978124
baseline,972919
baseline,1027143
baseline,881604
baseline,986541
baseline,724044
baseline,742964
baseline,1088242
baseline,1013995
baseline,1084119
baseline,1169080
baseline,999152
baseline,1224184
baseline,902973
baseline,985465
baseline,917966
baseline,932606
baseline,891251
baseline,876891
baseline,754243
baseline,764331
baseline,768992
baseline,922613
baseline,1067735
baseline,722787
baseline,715149
baseline,928893
baseline,1044714
baseline,1151396
baseline,1104868
baseline,842309
baseline,1013834
baseline,911143
baseline,1095858
baseline,1007721
baseline,849385
baseline,1015493
baseline,763469
baseline,894540
baseline,1124203
baseline,913372
baseline,769197
baseline,976502
baseline,986887
baseline,955874
baseline,1029465
baseline,953267
baseline,1119907
baseline,897751
baseline,919708
baseline,963724
baseline,942813
baseline,906424
baseline,1169891
baseline,987793
baseline,943940
baseline,933808
baseline,1076284
baseline,1022665
baseline,901272
baseline,1154442
baseline,873090
baseline,762246
baseline,785972
baseline,884964
baseline,1017713
baseline,906805
baseline,1203444
baseline,1205965
baseline,1098124
baseline,893026
baseline,1120655
baseline,1075032
baseline,963814
baseline,893831
baseline,913839
baseline,859187
baseline,1029267
baseline,1070040
baseline,1073215
baseline,1250975
baseline,1025404
baseline,910461
baseline,1117812
baseline,1013078
baseline,1103198
baseline,1067382
baseline,1121897
baseline,964688
baseline,1193484
baseline,1163143
baseline,1140216
baseline,1088248
baseline,1055630
baseline,1160945
baseline,1063981
baseline,1009575
baseline,1426131
baseline,1088272
baseline,1105775
baseline,1112398
baseline,998198
baseline,945970
baseline,1169334
baseline,926043
baseline,1158418
baseline,1086076
baseline,969882
baseline,1353447
baseline,1236871
baseline,1242342
baseline,1281159
baseline,1087771
baseline,1243441
baseline,1123762
baseline,1067176
baseline,1048863
baseline,941403
baseline,969085
baseline,793395
baseline,924871
baseline,1000087
baseline,1095630
baseline,1076261
baseline,1071815
baseline,977292
baseline,923773
baseline,1011020
baseline,1189965
baseline,1076504
baseline,1250034
baseline,745161
baseline,1027725
baseline,1060134
baseline,1058519
baseline,1080601
baseline,1371237
baseline,1074518
baseline,1196481
baseline,999633
baseline,1163130
baseline,1199665
baseline,1346428
baseline,1134607
baseline,728160
baseline,906473
baseline,1013160
baseline,775003
baseline,925391
baseline,810503
baseline,1073638
baseline,1026409
baseline,932096
baseline,956375
baseline,891140
baseline,959681
baseline,1201712
baseline,1108575
baseline,1116029
baseline,1041994
baseline,1070014
baseline,977493
baseline,1026849
baseline,928166
baseline,928689
baseline,919447
baseline,1371358
baseline,1286262
baseline,1060739
baseline,822270
baseline,913040
baseline,932209
baseline,984815
baseline,1099699
baseline,1087236
baseline,1182197
baseline,1091667
baseline,1002956
baseline,912088
baseline,1201963
baseline,883829
baseline,905368
baseline,914558
baseline,881256
baseline,921158
baseline,955863
baseline,972968
baseline,809173
baseline,1140306
baseline,1157011
baseline,1127457
baseline,1043404
baseline,1051960
baseline,863043
baseline,1028467
baseline,1176388
baseline,999224
baseline,1126822
baseline,1079391
baseline,877294
baseline,861421
baseline,883054
baseline,933218
baseline,1234120
baseline,912582
baseline,1026052
baseline,1254022
baseline,1053215
baseline,1091194
baseline,1054450
baseline,882961
baseline,872006
baseline,861848
baseline,753414
baseline,992971
baseline,991499
baseline,983605
baseline,1100475
baseline,1318335
baseline,926052
baseline,1336396
baseline,1194263
baseline,1267695
baseline,1172959
baseline,1159400
baseline,1192985
baseline,899952
baseline,752725
baseline,919084
baseline,963585
baseline,860760
baseline,1018691
baseline,1029115
baseline,1100741
baseline,1304313
baseline,1085335
baseline,1021965
baseline,1035631
baseline,900025
baseline,871399
baseline,1024538
baseline,981403
baseline,998740
baseline,879328
baseline,796329
baseline,1094320
baseline,908622
baseline,911021
baseline,860105
baseline,893508
baseline,1127642
baseline,965106
baseline,976013
baseline,963267
baseline,1020070
baseline,957003
baseline,1073412
baseline,809543
baseline,975874
baseline,902443
baseline,697543
baseline,891157
baseline,940193
baseline,899682
baseline,910213
baseline,1123445
baseline,848166
baseline,894754
baseline,818803
baseline,803573
baseline,792095
baseline,929911
baseline,766584
baseline,725284
baseline,895307
baseline,717966
baseline,842586
baseline,809350
baseline,1033451
baseline,1111589
baseline,1195162
baseline,1071733
baseline,1229695
baseline,1147740
baseline,824289
baseline,932634
baseline,1186334
baseline,1261761
baseline,1058108
baseline,1082593
baseline,997564
baseline,869616
baseline,1060936
baseline,967470
baseline,1106271
baseline,962148
baseline,1146276
baseline,759893
baseline,846982
baseline,964031
baseline,991697
baseline,1264756
baseline,890422
baseline,1044935
baseline,1092357
baseline,860283
baseline,824948
baseline,899337
baseline,1078955
baseline,889332
baseline,965471
baseline,1509812
baseline,1095064
baseline,931942
baseline,1041994
baseline,881371
baseline,882559
baseline,1198981
baseline,890615
baseline,1027924
baseline,1090888
baseline,764409
baseline,901967
baseline,813845
baseline,1131147
baseline,1012289
baseline,774654
baseline,815753
baseline,951266
baseline,1155171
baseline,873724
baseline,999176
baseline,1072095
baseline,898220
baseline,816423
baseline,958310
baseline,1008067
baseline,1051470
baseline,987251
baseline,1188264
baseline,1235789
baseline,1193632
baseline,1108669
baseline,1006865
baseline,1145370
baseline,976647
baseline,958377
baseline,1060279
baseline,988592
baseline,936568
baseline,1045173
baseline,1156362
baseline,1071547
baseline,1045279
baseline,1252939
baseline,1207651
baseline,1099825
baseline,870428
baseline,952555
baseline,1120737
baseline,885438
baseline,955043
baseline,987285
baseline,923221
baseline,1113514
baseline,865026
baseline,1038989
baseline,914423
baseline,1013052
baseline,808071
baseline,962201
baseline,1014744
baseline,861172
baseline,1167954
baseline,930390
baseline,939736
baseline,765234
baseline,1009138
baseline,968334
baseline,1026788
baseline,1090198
baseline,623648
baseline,829477
baseline,898173
baseline,1095836
baseline,1039385
baseline,821411
baseline,1286552
baseline,960820
baseline,841579
baseline,870478
baseline,807858
baseline,806963
baseline,1172975
baseline,966013
baseline,1136427
baseline,975476
baseline,816589
baseline,889332
baseline,810658
baseline,965400
baseline,1179900
baseline,885398
baseline,1038054
baseline,1404757
baseline,1151809
baseline,1041471
baseline,1056804
baseline,1179902
baseline,1001659
baseline,1107938
baseline,1029965
baseline,1037751
baseline,838521
baseline,868000
baseline,944683
baseline,767065
baseline,1088986
baseline,951947
baseline,1028288
baseline,1001024
baseline,1004709
baseline,914258
baseline,1040611
baseline,1132568
baseline,1109844
baseline,1107330
baseline,1004934
baseline,960050
baseline,988998
baseline,1073135
baseline,833992
baseline,935345
baseline,1048805
baseline,994566
baseline,1096889
baseline,1068356
baseline,797560
baseline,936832
baseline,890100
baseline,1005007
baseline,1081038
baseline,1150457
baseline,939799
baseline,1005739
baseline,938003
baseline,1024793
baseline,1034928
baseline,917146
baseline,1042970
baseline,1049511
baseline,931778
baseline,789176
baseline,833457
baseline,659951
baseline,755648
baseline,841763
baseline,872884
baseline,712839
baseline,819138
baseline,969583
baseline,912986
baseline,1261390
baseline,1017899
baseline,1043356
baseline,951164
baseline,970215
baseline,1168998
baseline,763392
baseline,933797
baseline,892798
baseline,1139390
baseline,1161714
baseline,1143893
baseline,1196690
baseline,1315479
baseline,1299790
baseline,1042418
baseline,1127517
baseline,962188
baseline,1069010
baseline,1118364
baseline,1153323
baseline,757677
baseline,930569
baseline,663144
baseline,882877
baseline,853460
baseline,922951
baseline,952971
baseline,1214579
baseline,1081168
baseline,1337735
baseline,1094766
baseline,994238
baseline,1013348
baseline,871324
baseline,1076256
baseline,979058
baseline,863857
baseline,1117925
baseline,1127668
baseline,1131081
baseline,1163627
baseline,1004633
baseline,797944
baseline,905057
baseline,950349
baseline,1353808
baseline,1175724
baseline,1123175
baseline,1168519
baseline,877240
baseline,1030105
baseline,868209
baseline,982285
baseline,886620
baseline,926155
baseline,1023373
baseline,843902
baseline,896666
baseline,946703
baseline,988202
baseline,763866
baseline,1138880
baseline,1205838
baseline,1063110
baseline,1070502
baseline,1181591
baseline,945997
baseline,907262
baseline,989756
baseline,986120
baseline,1258445
baseline,1180529
baseline,887845
baseline,961692
baseline,1067549
baseline,1146772
baseline,1105027
baseline,775011
baseline,780661
baseline,861856
baseline,1049880
baseline,1077695
baseline,1102085
baseline,1078343
baseline,1264225
baseline,1037242
baseline,1055455
baseline,981291
baseline,984068
baseline,1020285
baseline,1115349
baseline,779731
baseline,766427
baseline,1130035
baseline,971630
baseline,1082556
baseline,817489
baseline,885641
baseline,893133
baseline,1012583
baseline,945366
baseline,786260
baseline,734395
baseline,704141
baseline,1181132
baseline,1223011
baseline,1139962
baseline,1241394
baseline,1234193
baseline,1203877
baseline,1126518
baseline,1021562
baseline,882099
baseline,1230260
baseline,1242721
baseline,1274738
baseline,1007716
baseline,1002267
baseline,1327943
baseline,932803
baseline,1080552
baseline,1005162
baseline,1025111
baseline,1027767
baseline,987875
baseline,921197
baseline,783146
baseline,897622
baseline,1023343
baseline,855353
baseline,824420
baseline,820990
baseline,1222884
baseline,1051076
baseline,1341482
baseline,1141982
baseline,997414
baseline,1248225
baseline,992796
baseline,1030963
baseline,1422117
baseline,849027
baseline,928857
baseline,896980
baseline,1044762
baseline,1072595
baseline,995243
baseline,830114
baseline,933787
baseline,888858
baseline,1013556
baseline,1108995
baseline,1176309
baseline,1001893
baseline,928057
baseline,1076619
baseline,908378
baseline,842731
baseline,1278169
baseline,878692
baseline,1081779
baseline,1182077
baseline,1000021
baseline,1040545
baseline,837500
baseline,959284
baseline,900546
baseline,1032384
baseline,1527284
baseline,995260
baseline,1196717
baseline,899051
baseline,954794
baseline,894263
baseline,786292
baseline,986008
baseline,759525
baseline,841744
baseline,1125084
baseline,878986
baseline,894113
baseline,942146
baseline,805201
baseline,1235200
baseline,1033695
baseline,1172886
baseline,1029378
baseline,839486
baseline,996133
baseline,1017737
baseline,811033
baseline,1141353
baseline,1022275
baseline,954903
baseline,1144446
baseline,780249
baseline,886236
baseline,1000034
baseline,961062
baseline,907464
baseline,956815
baseline,1085237
baseline,1049204
baseline,825731
baseline,808371
baseline,1082513
baseline,1043084
baseline,1057478
baseline,889597
baseline,993270
baseline,941733
baseline,938661
baseline,1478495
baseline,1537590
baseline,1336929
baseline,1229266
baseline,998420
baseline,1372890
baseline,952692
baseline,947909
baseline,1072502
baseline,910315
baseline,1261059
baseline,1065056
baseline,1035567
baseline,1158755
baseline,1109605
baseline,996470
baseline,1162647
baseline,1148561
baseline,1195415
baseline,1095708
baseline,1295411
baseline,1060961
baseline,977830
baseline,1227221
baseline,1083887
baseline,1236169
baseline,941247
baseline,936494
baseline,1023348
baseline,1037709
baseline,932330
baseline,1059394
baseline,1131738
baseline,971388
baseline,1077040
baseline,947602
baseline,1002492
baseline,960610
baseline,1055112
baseline,915516
baseline,943781
baseline,987686
baseline,983280
baseline,977992
baseline,838856
baseline,976706
baseline,981380
baseline,1045100
baseline,967418
baseline,925908
baseline,922631
baseline,1003771
baseline,1232865
baseline,1056481
baseline,1114803
baseline,1131661
baseline,830175
baseline,838371
baseline,819779
baseline,952575
baseline,1006236
baseline,1259895
baseline,776185
baseline,1078279
baseline,777000
baseline,1041973
baseline,776596
baseline,742652
baseline,902759
baseline,1151809
baseline,763853
baseline,788015
baseline,818943
baseline,911523
baseline,936492
baseline,1015889
baseline,994610
baseline,1189449
baseline,1004326
baseline,948779
baseline,1142813
baseline,1014416
baseline,875199
baseline,851334
baseline,1041371
baseline,917534
baseline,1095372
baseline,998852
baseline,919469
baseline,1320829
baseline,1035775
baseline,1100423
baseline,1004324
baseline,866348
baseline,894926
baseline,941988
baseline,1094904
baseline,991178
baseline,989321
baseline,913432
baseline,879820
baseline,876976
baseline,916497
baseline,1041344
baseline,973294
baseline,1168042
baseline,1221081
baseline,1157629
baseline,1014922
baseline,1032016
baseline,989499
baseline,996857
baseline,909720
baseline,927321
baseline,1052845
baseline,1125481
baseline,1081697
baseline,843347
baseline,884072
baseline,923709
baseline,1002574
baseline,885751
baseline,874719
baseline,1048453
baseline,1000536
baseline,1019620
baseline,993709
baseline,1030076
baseline,1030288
baseline,1034211
baseline,909783
baseline,1041767
baseline,859415
baseline,983165
baseline,862238
baseline,995802
baseline,1006418
baseline,928451
baseline,910356
baseline,802397
baseline,853303
baseline,783171
baseline,888751
baseline,789246
baseline,886688
baseline,954300
baseline,933296
baseline,995112
baseline,1125095
baseline,1096462
baseline,908559
baseline,897643
baseline,898190
baseline,1026715
baseline,1347715
baseline,868769
baseline,970687
baseline,983859
baseline,939159
baseline,967042
baseline,899176
baseline,823950
baseline,959663
baseline,816516
baseline,988419
baseline,983445
baseline,914184
baseline,1088274
baseline,1056613
baseline,1125445
baseline,1072070
baseline,998477
baseline,1272770
baseline,870086
baseline,901193
baseline,950319
baseline,1117481
baseline,1141449
baseline,770453
baseline,831674
baseline,1036258
baseline,1115932
baseline,971251
baseline,978874
baseline,1024996
baseline,1225815
baseline,1049848
baseline,956867
baseline,1366117
baseline,1114855
baseline,1118434
baseline,1246318
baseline,995663
baseline,930106
baseline,993203
baseline,954252
baseline,906058
baseline,987948
baseline,952849
baseline,905970
baseline,991217
baseline,967071
baseline,1435255
baseline,1063027
baseline,1176321
baseline,989699
baseline,1064882
baseline,993269
baseline,974343
baseline,1197460
baseline,1076763
baseline,947116
baseline,966210
baseline,948632
baseline,1088997
baseline,1042516
baseline,994389
baseline,1140762
baseline,1009352
baseline,943391
baseline,794800
baseline,984544
baseline,950615
baseline,1001825
baseline,947916
baseline,1040457
baseline,1214647
baseline,1138001
baseline,1162712
baseline,948490
baseline,993717
baseline,911536
baseline,1046943
baseline,855070
baseline,880876
baseline,1143343
baseline,1195580
baseline,1082471
baseline,1097494
baseline,950606
baseline,904919
baseline,612911
baseline,720959
baseline,657179
baseline,880951
baseline,900301
baseline,1058942
baseline,920040
baseline,785471
baseline,815804
baseline,786852
baseline,1003267
baseline,911320
baseline,993494
baseline,953258
baseline,959930
baseline,1008560
baseline,919479
baseline,909538
baseline,1159597
baseline,909794
baseline,853782
baseline,978408
baseline,826902
baseline,974177
baseline,958866
baseline,975184
baseline,827086
baseline,740163
baseline,959153
baseline,868420
baseline,841888
baseline,1361273
baseline,1022569
baseline,1084508
baseline,1121049
baseline,1025277
baseline,1116816
baseline,937827
baseline,1124705
baseline,1016096
baseline,851450
baseline,1061975
baseline,1113465
baseline,1028530
baseline,1170418
baseline,909421
baseline,940042
baseline,931058
baseline,753738
baseline,936741
baseline,1003598
baseline,996280
baseline,1003675
baseline,862813
baseline,1066934
baseline,1377998
baseline,878322
baseline,1188102
baseline,939372
baseline,1035710
baseline,1183612
baseline,1054413
baseline,1040488
baseline,951335
baseline,871476
baseline,1337924
baseline,1080249
baseline,916932
baseline,844899
baseline,1030380
baseline,786438
baseline,955114
baseline,1073760
baseline,1052084
baseline,1023680
baseline,1177569
baseline,1166430
baseline,926252
baseline,1069965
baseline,933309
baseline,1075980
baseline,951755
baseline,1186397
baseline,936283
baseline,931064
baseline,876613
baseline,908430
baseline,989863
baseline,968558
baseline,869889
baseline,992456
baseline,1017291
baseline,987237
baseline,1180799
baseline,1078957
baseline,1120781
baseline,852784
baseline,1047533
baseline,808842
baseline,1148831
baseline,1144877
baseline,913506
baseline,1104566
baseline,1067235
baseline,1164768
baseline,936663
baseline,948923
baseline,828522
baseline,884668
baseline,960660
baseline,920941
baseline,842745
baseline,973053
baseline,1084260
baseline,1088864
baseline,1161429
baseline,989015
baseline,1274180
baseline,1185865
baseline,1001050
baseline,1081863
baseline,959744
baseline,794430
baseline,890296
baseline,1043745
baseline,909677
baseline,932198
baseline,903077
baseline,845992
baseline,862592
baseline,1227215
baseline,1004085
baseline,1029186
baseline,1018146
baseline,1004878
baseline,987303
baseline,1083156
baseline,1064523
baseline,965835
baseline,900553
baseline,897960
baseline,1011573
baseline,978754
baseline,951990
baseline,968570
baseline,876333
baseline,1356568
baseline,1367444
baseline,1115726
baseline,1029306
baseline,848474
baseline,1130032
baseline,1054148
baseline,959357
baseline,825824
baseline,1290202
baseline,1037236
baseline,950022
baseline,890431
baseline,1194538
baseline,1099786
baseline,1253458
baseline,1279878
baseline,1161994
baseline,1414722
baseline,1172890
baseline,1183754
baseline,1064042
baseline,1050678
baseline,960090
baseline,1020563
baseline,1065920
baseline,947617
baseline,931020
baseline,1178269
baseline,898345
baseline,917338
baseline,1138405
baseline,1540898
baseline,1254027
baseline,1254407
baseline,1300648
baseline,1447424
baseline,1051152
baseline,986594
baseline,1189380
baseline,925794
baseline,998734
baseline,1136183
baseline,1160477
baseline,944471
baseline,954951
baseline,1192300
baseline,900749
baseline,975341
baseline,949254
baseline,888426
baseline,832753
baseline,1017227
baseline,890079
baseline,658075
baseline,729225
baseline,836149
baseline,911939
baseline,918882
baseline,751853
baseline,836479
baseline,885756
baseline,1120734
baseline,1000771
baseline,1324488
baseline,995651
baseline,889139
baseline,1092511
baseline,955878
baseline,1003681
baseline,1292702
baseline,812814
baseline,998526
baseline,1129247
baseline,1128363
baseline,885680
baseline,1091328
baseline,1020376
baseline,1220787
baseline,1167260
baseline,994509
baseline,853349
baseline,1090254
baseline,1112231
baseline,1085959
baseline,1261403
baseline,1181768
baseline,1255420
baseline,1087827
baseline,1353969
baseline,1045401
baseline,1146555
baseline,1119447
baseline,907064
baseline,1036287
baseline,1145143
baseline,1551256
baseline,1164089
baseline,1029098
baseline,1014059
baseline,1009406
baseline,1068230
baseline,1110095
baseline,1002208
baseline,1367805
baseline,1303404
baseline,1243915
baseline,1084755
baseline,1354982
baseline,1443610
baseline,1237506
baseline,944933
baseline,869476
baseline,1072401
baseline,1074467
baseline,978979
baseline,975728
baseline,1002801
baseline,907922
baseline,925503
baseline,803952
baseline,1009512
baseline,1090516
baseline,888616
baseline,1010368
baseline,1091600
baseline,1021983
baseline,789787
baseline,843519
baseline,652369
baseline,904586
baseline,905431
baseline,834882
baseline,968736
baseline,949512
baseline,936476
baseline,1156129
baseline,1143442
baseline,894823
baseline,1035273
baseline,988943
baseline,917470
baseline,982548
baseline,836654
baseline,1017727
baseline,1130656
baseline,869956
baseline,890168
baseline,804109
baseline,958404
baseline,991825
baseline,1023872
baseline,921026
baseline,805562
baseline,835744
baseline,840083
baseline,1103937
baseline,977471
baseline,1268467
baseline,1082498
baseline,1005489
baseline,958383
baseline,947949
baseline,955279
baseline,915787
baseline,1003503
baseline,927578
baseline,1029633
baseline,938626
baseline,920916
baseline,753965
baseline,776735
baseline,861743
baseline,1060470
baseline,920574
baseline,958266
baseline,1074464
baseline,1165933
baseline,961790
baseline,1192172
baseline,1024202
baseline,1246211
baseline,937325
baseline,851919
baseline,950195
baseline,896709
baseline,990523
baseline,1024457
baseline,1133049
baseline,976355
baseline,1033577
baseline,1312175
baseline,841115
baseline,976612
baseline,945779
baseline,1023960
baseline,808164
baseline,998832
baseline,1033404
baseline,1080778
baseline,827693
baseline,752894
baseline,840724
baseline,811879
baseline,940360
baseline,864291
baseline,1008405
baseline,726299
baseline,977378
baseline,1013536
baseline,1027505
baseline,840141
baseline,1033112
baseline,1163851
baseline,1271629
baseline,1068602
baseline,1088034
baseline,966500
baseline,1045174
baseline,1231832
baseline,1108243
baseline,1029265
baseline,1039994
baseline,971451
baseline,974066
baseline,1118490
baseline,888289
baseline,819596
baseline,968225
baseline,882408
baseline,851528
baseline,1007798
baseline,947190
baseline,931395
baseline,1011637
baseline,975280
baseline,1313546
baseline,985862
baseline,1206775
baseline,1180295
baseline,1428515
baseline,1032236
baseline,803523
baseline,1150418
baseline,1279460
baseline,1123402
baseline,851940
baseline,906410
baseline,861860
baseline,806562
baseline,970058
baseline,1074909
baseline,1071621
baseline,982347
baseline,1076305
baseline,658834
baseline,909289
baseline,940829
baseline,892461
baseline,912010
baseline,1039407
baseline,971349
baseline,967050
baseline,1018388
baseline,846401
baseline,866814
baseline,1147864
baseline,1139216
baseline,1064617
baseline,1066049
baseline,1020915
baseline,1027780
baseline,939213
baseline,1042967
baseline,1082786
baseline,1035618
baseline,844545
baseline,902129
baseline,1068717
baseline,1054528
baseline,1063890
baseline,1030684
baseline,1164204
baseline,1404327
baseline,959707
baseline,897190
baseline,1069565
baseline,845685
baseline,760753
baseline,775592
baseline,1014157
baseline,1166569
baseline,852789
baseline,877300
baseline,931023
baseline,1175895
baseline,1149173
baseline,1166539
baseline,1157018
baseline,1270824
baseline,902752
baseline,828267
baseline,946528
baseline,858645
baseline,887191
baseline,969599
baseline,945615
baseline,1022179
baseline,1061988
baseline,828329
baseline,775334
baseline,888170
baseline,1055075
baseline,949563
baseline,946027
baseline,944135
baseline,1030108
baseline,769610
baseline,1116671
baseline,1076286
baseline,861844
baseline,954563
baseline,1028301
baseline,1069479
baseline,950342
baseline,1074291
baseline,1136661
baseline,1057622
baseline,1117644
baseline,956943
baseline,1040149
baseline,1201474
baseline,1019645
baseline,957680
baseline,902920
baseline,781312
baseline,1013096
baseline,839849
baseline,812217
baseline,733794
baseline,926536
baseline,1228237
baseline,1133125
baseline,1057518
baseline,1173905
baseline,1143204
baseline,1203542
baseline,1143812
baseline,1242704
baseline,1143677
baseline,980825
baseline,950890
baseline,1033460
baseline,1065694
baseline,995077
baseline,1167392
baseline,1121100
baseline,1269456
baseline,1215117
baseline,1193940
baseline,947147
baseline,1187526
baseline,815529
baseline,1090294
baseline,990968
baseline,944862
baseline,827089
baseline,1103347
baseline,1083642
baseline,993213
baseline,1163394
baseline,1064605
baseline,862244
baseline,1027773
baseline,949438
baseline,892988
baseline,1532301
baseline,872211
baseline,1046177
baseline,769523
baseline,774308
baseline,1145929
baseline,1089680
baseline,776844
baseline,736996
baseline,834150
baseline,1016242
baseline,982039
baseline,930553
baseline,836855
baseline,858280
baseline,814923
baseline,876517
baseline,870439
baseline,856716
baseline,864563
baseline,1007307
baseline,1091283
baseline,828011
baseline,861596
baseline,911202
baseline,1085116
baseline,756044
baseline,905690
baseline,1340786
baseline,1262033
baseline,1225135
baseline,977045
baseline,1015558
baseline,1075205
baseline,874142
baseline,876122
baseline,1026758
baseline,1033215
baseline,1093530
baseline,1018924
baseline,914533
baseline,818575
baseline,831117
baseline,933125
baseline,1065194
baseline,1026173
baseline,1015941
baseline,1138024
baseline,1011866
baseline,1285442
baseline,1180936
baseline,905922
baseline,807551
baseline,857531
baseline,1000629
baseline,981155
baseline,781792
baseline,1019965
baseline,1114375
baseline,1325011
baseline,928821
baseline,1067374
baseline,954227
baseline,878680
baseline,847934
baseline,838102
baseline,1271198
baseline,1071459
baseline,935393
baseline,1244641
baseline,1001523
baseline,1084373
baseline,1078167
baseline,970383
baseline,1050392
baseline,1068127
baseline,820344
baseline,1083235
baseline,1066351
baseline,1102386
baseline,1152550
baseline,939318
baseline,946530
baseline,761993
baseline,898847
baseline,793714
baseline,933580
baseline,957662
baseline,1113027
baseline,1249617
baseline,935274
baseline,933368
baseline,845046
baseline,1012267
baseline,1157152
baseline,1141050
baseline,1089884
baseline,813196
baseline,794040
baseline,1149671
baseline,886234
baseline,950222
baseline,1115127
baseline,1256602
baseline,957498
baseline,865591
baseline,871867
baseline,1032129
baseline,883433
baseline,1186331
baseline,1191470
baseline,1092802
baseline,974374
baseline,1232981
baseline,777822
baseline,844378
baseline,1043668
baseline,717202
baseline,993314
baseline,906242
baseline,939681
baseline,1041381
baseline,885029
baseline,1009611
baseline,1045566
baseline,1136747
baseline,944835
baseline,1014377
baseline,1065192
baseline,856737
baseline,837168
baseline,829686
baseline,1068515
baseline,1161086
baseline,1056922
baseline,1067770
baseline,1106511
baseline,1009295
baseline,893767
baseline,822312
baseline,950479
baseline,1045842
baseline,1090722
baseline,1044334
baseline,839657
baseline,1321817
baseline,871126
baseline,890768
baseline,989192
baseline,973353
baseline,901141
baseline,978981
baseline,981985
baseline,891172
baseline,1004963
baseline,883445
baseline,885506
baseline,816099
baseline,824942
baseline,763173
baseline,903083
baseline,1034895
baseline,1028203
baseline,911929
baseline,1109843
baseline,752552
baseline,863244
baseline,1072635
baseline,850353
baseline,1045244
baseline,830770
baseline,761915
baseline,763311
baseline,976450
baseline,977225
baseline,1149402
baseline,865459
baseline,1196130
baseline,985437
baseline,932767
baseline,1039856
baseline,873195
baseline,1159104
baseline,1044982
baseline,1097831
baseline,992016
baseline,1055026
baseline,1023195
baseline,843002
baseline,934944
baseline,921639
baseline,1064803
baseline,850768
baseline,1082074
baseline,1138208
baseline,1069116
baseline,881134
baseline,833311
baseline,823859
baseline,831289
baseline,905954
baseline,877032
baseline,1052441
baseline,999841
baseline,948422
baseline,842154
baseline,1039964
baseline,1152905
baseline,1013736
baseline,940076
baseline,775369
baseline,877642
baseline,1031997
baseline,1019104
baseline,1008638
baseline,917737
baseline,1002284
baseline,903707
baseline,803919
baseline,848779
baseline,840230
baseline,941974
baseline,898418
baseline,1088747
baseline,874451
baseline,892534
baseline,733227
baseline,658926
baseline,910400
baseline,934930
baseline,1012626
baseline,1228427
baseline,1159893
baseline,1046820
baseline,940651
baseline,796128
baseline,897241
baseline,977019
baseline,1026515
baseline,763020
baseline,939912
baseline,818632
baseline,815801
baseline,873817
baseline,941319
baseline,1037962
baseline,1298907
baseline,1152782
baseline,1168583
baseline,944020
baseline,974642
baseline,1054250
baseline,914195
baseline,926225
baseline,866423
baseline,982339
baseline,884407
baseline,990782
baseline,833765
baseline,1098755
baseline,960634
baseline,750754
baseline,849552
baseline,1131248
baseline,879472
baseline,1108738
baseline,1124514
baseline,831292
baseline,918547
baseline,1013883
baseline,1030289
baseline,1084944
baseline,1129462
baseline,808790
baseline,1127915
baseline,950940
baseline,815874
baseline,920614
baseline,1125989
baseline,988702
baseline,1103225
baseline,1080984
baseline,1149079
baseline,1070930
baseline,957312
baseline,916385
baseline,1006415
baseline,1168508
baseline,809293
baseline,982317
baseline,986415
baseline,1133822
baseline,868427
baseline,873194
baseline,1138339
baseline,939280
baseline,936709
baseline,1012084
baseline,1179143
baseline,1256311
baseline,937408
baseline,815892
baseline,840347
baseline,896307
baseline,955764
baseline,921633
baseline,835228
baseline,1095207
baseline,964296
baseline,971319
baseline,931544
baseline,1055476
baseline,1062841
baseline,1298626
baseline,1165339
baseline,1033342
baseline,1117244
baseline,885802
baseline,913168
baseline,855680
baseline,1120503
baseline,1257510
baseline,1024829
baseline,1096689
baseline,1008506
baseline,997116
baseline,963898
baseline,894481
baseline,1008698
baseline,1115487
baseline,928723
baseline,780991
baseline,977473
baseline,893476
baseline,769789
baseline,1011816
baseline,1018730
baseline,889254
baseline,1005145
baseline,857661
baseline,789006
baseline,831776
baseline,692244
baseline,858319
baseline,821106
baseline,997464
baseline,902857
baseline,979678
baseline,815780
baseline,997698
baseline,1068420
baseline,1125285
baseline,938115
baseline,1091782
baseline,865096
baseline,982342
baseline,798616
baseline,1050364
baseline,955299
baseline,784894
baseline,889566
baseline,1141773
baseline,933834
baseline,862942
baseline,1108105
baseline,1105858
baseline,1156166
baseline,922061
baseline,899420
baseline,922354
baseline,1204619
baseline,1060680
baseline,1087977
baseline,1082183
baseline,1088224
baseline,1098678
baseline,834456
baseline,952217
baseline,850127
baseline,1049219
baseline,910769
baseline,1117307
baseline,925310
baseline,1070181
baseline,1305549
baseline,920691
baseline,905184
baseline,946751
baseline,882270
baseline,1050326
baseline,834835
baseline,923317
baseline,878742
baseline,853165
baseline,900165
baseline,1008284
baseline,842448
baseline,778057
baseline,782328
baseline,970092
baseline,941147
baseline,1133551
baseline,1059713
baseline,1027276
baseline,1143696
baseline,1104806
baseline,1041956
baseline,1015595
baseline,869279
baseline,1044488
baseline,926746
baseline,1020295
baseline,916266
baseline,1104218
baseline,1067085
baseline,881915
baseline,1091262
baseline,1038715
baseline,835372
baseline,858370
baseline,793353
baseline,967617
baseline,1023088
baseline,986159
baseline,997902
baseline,918599
baseline,985555
baseline,1145197
baseline,1115881
baseline,1275275
baseline,993210
baseline,1238746
baseline,1109832
baseline,1220534
baseline,1004464
baseline,1285378
baseline,880263
baseline,715907
baseline,666460
baseline,1030405
baseline,870618
baseline,1022902
baseline,871028
baseline,897117
baseline,1001749
baseline,871350
baseline,1036062
baseline,950120
baseline,872990
baseline,907102
baseline,888852
baseline,1005931
baseline,1037979
baseline,1326260
baseline,1185727
baseline,957692
baseline,1079749
baseline,1050861
baseline,923169
baseline,939930
baseline,881072
baseline,1153103
baseline,1191596
baseline,942089
baseline,1254591
baseline,950050
baseline,889850
baseline,942318
baseline,1138972
baseline,1107194
baseline,1159120
baseline,1076947
baseline,1003143
baseline,1249597
baseline,1018884
baseline,1066428
baseline,1012742
baseline,665430
baseline,792818
baseline,924313
baseline,958214
baseline,1023505
baseline,1126731
baseline,995537
baseline,1050931
baseline,910702
baseline,1053041
baseline,936126
baseline,767673
baseline,1059444
baseline,964274
baseline,1005934
baseline,794987
baseline,1006716
baseline,927140
baseline,1086733
baseline,903435
baseline,970469
baseline,834917
baseline,1329201
baseline,1090986
baseline,1088592
baseline,1123900
baseline,1207807
baseline,815456
baseline,1140543
baseline,877859
baseline,1089432
baseline,1253688
baseline,1391794
baseline,1301644
baseline,1347804
baseline,1064782
baseline,882279
baseline,994074
baseline,964079
baseline,963481
baseline,994234
baseline,1037550
baseline,897178
baseline,714926
baseline,1126031
baseline,1114953
baseline,968791
baseline,919509
baseline,1027605
baseline,1161807
baseline,961312
baseline,880858
baseline,860033
baseline,1128787
baseline,1143080
baseline,1445923
baseline,713899
baseline,1037117
baseline,1011848
baseline,946281
baseline,866541
baseline,1204656
baseline,1230314
baseline,1261683
baseline,959524
baseline,767684
baseline,1048523
baseline,1013351
baseline,706467
baseline,935084
baseline,1022048
baseline,1272938
baseline,1270264
baseline,1326772
baseline,1152102
baseline,1146890
baseline,1075864
baseline,1124168
baseline,1008412
baseline,1118295
baseline,886668
baseline,959688
baseline,927063
baseline,801811
baseline,841341
baseline,850105
baseline,869872
baseline,924325
baseline,962195
baseline,942850
baseline,701346
baseline,867013
baseline,978019
baseline,1181979
baseline,1037315
baseline,757052
baseline,1043418
baseline,1037347
baseline,781333
baseline,856783
baseline,822204
baseline,806385
baseline,1083194
baseline,1145286
baseline,1190296
baseline,963379
baseline,1036207
baseline,1087267
baseline,1127057
baseline,1298366
baseline,1277743
baseline,1101435
baseline,1012487
baseline,894132
baseline,1181044
baseline,1112491
baseline,830003
baseline,924493
baseline,740368
baseline,840231
baseline,1129136
baseline,907945
baseline,968807
baseline,1053005
baseline,892486
baseline,817865
baseline,1143117
baseline,1157700
baseline,1064540
baseline,1120316
baseline,923407
baseline,882326
baseline,873122
baseline,1048088
baseline,878050
baseline,879743
baseline,1063398
baseline,1114485
baseline,1084305
baseline,1001034
baseline,1026747
baseline,834108
baseline,886495
baseline,952207
baseline,872998
baseline,761312
baseline,764715
baseline,857248
baseline,874957
baseline,873641
baseline,992380
baseline,1076212
baseline,943950
baseline,1022192
baseline,937840
baseline,1148169
baseline,1182367
baseline,911303
baseline,985348
baseline,923636
baseline,890317
baseline,959034
baseline,966259
baseline,999012
baseline,1164580
baseline,1163689
baseline,894767
baseline,951409
baseline,970942
baseline,822721
baseline,1048628
baseline,1147295
baseline,1261315
baseline,972431
baseline,1048247
baseline,787600
baseline,833078
baseline,959859
baseline,799750
baseline,1009364
baseline,1049072
baseline,999004
baseline,955730
baseline,1240397
baseline,1127590
baseline,1142892
baseline,1151327
baseline,1103273
baseline,963682
baseline,840533
baseline,930198
baseline,785934
baseline,930097
baseline,825182
baseline,1095085
baseline,1261125
baseline,1148836
baseline,827058
baseline,1185591
baseline,1025743
baseline,896615
baseline,1165119
baseline,924355
baseline,933007
baseline,1220632
baseline,1402294
baseline,1049331
baseline,794224
baseline,916512
baseline,1040691
baseline,822678
baseline,880428
baseline,908750
baseline,969674
baseline,855735
baseline,957621
baseline,975507
baseline,1032543
baseline,1314406
baseline,1282223
baseline,1441988
baseline,1139555
baseline,1079077
baseline,1351613
baseline,915779
baseline,969638
baseline,897139
baseline,1199341
baseline,989436
baseline,951112
baseline,773564
baseline,1050170
baseline,1151018
baseline,988506
baseline,1070728
baseline,1049406
baseline,1044297
baseline,1177145
baseline,1045826
baseline,880928
baseline,1241831
baseline,1049707
baseline,1011028
baseline,885374
baseline,909525
baseline,1281115
baseline,1466639
baseline,1053921
baseline,872352
baseline,905665
baseline,964334
baseline,945998
baseline,864331
baseline,922483
baseline,1022819
baseline,1122533
baseline,999340
baseline,1091820
baseline,1005121
baseline,1236449
baseline,1107401
baseline,1035352
baseline,1130477
baseline,1277882
baseline,905921
baseline,1022073
baseline,973622
baseline,1060880
baseline,1234974
baseline,927781
baseline,1157056
baseline,1194375
baseline,932960
baseline,842316
baseline,766490
baseline,807822
baseline,1020276
baseline,1065005
baseline,1052336
baseline,932406
baseline,885543
baseline,1113986
baseline,1078382
baseline,873789
baseline,896200
baseline,935867
baseline,884448
baseline,988167
baseline,959397
baseline,773042
baseline,866039
baseline,994107
baseline,1050674
baseline,978304
baseline,1065554
baseline,978635
baseline,1010761
baseline,1063753
baseline,1022278
baseline,1128054
baseline,845879
baseline,1113717
baseline,1330052
baseline,948084
baseline,869078
baseline,1068100
baseline,913624
baseline,941598
baseline,1192492
baseline,1191061
baseline,1030307
baseline,1186964
baseline,881173
baseline,1040992
baseline,1007417
baseline,1113970
baseline,1148523
baseline,1128764
baseline,913545
baseline,923390
baseline,1124881
baseline,1060482
baseline,1445669
baseline,1382017
baseline,1060435
baseline,881596
baseline,1022362
baseline,1269300
baseline,1124515
baseline,1052409
baseline,1026536
baseline,814283
baseline,817572
baseline,859113
baseline,896007
baseline,875204
baseline,1065598
baseline,1059221
baseline,885131
baseline,994559
baseline,1185019
baseline,961498
baseline,1144296
baseline,1008710
baseline,935755
baseline,974814
baseline,1128341
baseline,1271717
baseline,1089383
baseline,928482
baseline,764774
baseline,1015266
baseline,833135
baseline,715575
baseline,896462
baseline,1035958
baseline,941208
baseline,988449
baseline,877820
baseline,975051
baseline,928527
baseline,1074904
baseline,1028032
baseline,929645
baseline,867072
baseline,900801
baseline,887292
baseline,956967
baseline,908144
baseline,988315
baseline,838143
baseline,1257659
baseline,1287672
baseline,1018276
baseline,722591
baseline,1015146
baseline,879000
baseline,1134144
baseline,1083764
baseline,982776
baseline,1067080
baseline,1028867
baseline,1005056
baseline,997621
baseline,854468
baseline,869497
baseline,1266207
baseline,1038789
baseline,1059514
baseline,1273855
baseline,1123589
baseline,1166134
baseline,951559
baseline,929764
baseline,1286070
baseline,1031953
baseline,1016578
baseline,1067980
baseline,946861
baseline,1043299
baseline,1003885
baseline,829700
baseline,1218072
baseline,1062503
baseline,1341465
baseline,874563
baseline,853698
baseline,1054531
baseline,654329
baseline,1097765
baseline,1022843
baseline,1037842
baseline,1091577
baseline,1013134
baseline,953207
baseline,880016
baseline,921235
baseline,995421
baseline,1041161
baseline,998586
baseline,1114627
baseline,1053041
baseline,1201959
baseline,1124296
baseline,857364
baseline,981563
baseline,1030773
baseline,1249777
baseline,890330
baseline,897721
baseline,973656
baseline,1033313
baseline,891173
baseline,1076143
baseline,1142323
baseline,831789
baseline,1135236
baseline,1133740
baseline,1006059
baseline,891766
baseline,994018
baseline,854220
baseline,869830
baseline,1026356
baseline,946838
baseline,805201
baseline,1011948
baseline,774600
baseline,996497
baseline,759654
baseline,875194
baseline,884375
baseline,879671
baseline,906741
baseline,647488
baseline,846428
baseline,813681
baseline,1184042
baseline,1120750
baseline,1137365
baseline,1091627
baseline,1061118
baseline,1190561
baseline,977449
baseline,1161450
baseline,954498
baseline,1138130
baseline,1041065
baseline,856450
baseline,1015981
baseline,1080205
baseline,924472
baseline,1061878
baseline,846829
baseline,916242
baseline,1112116
baseline,986900
baseline,863624
baseline,1153671
baseline,911091
baseline,1169477
baseline,1032199
baseline,930977
baseline,950118
baseline,931163
baseline,869956
baseline,898556
baseline,1079729
baseline,1013119
baseline,844034
baseline,917301
baseline,1196967
baseline,967822
baseline,981972
baseline,872628
baseline,863718
baseline,911657
baseline,1035948
baseline,1058769
baseline,1270728
baseline,1025010
baseline,1175448
baseline,926434
baseline,1014923
baseline,938305
baseline,897891
baseline,995759
baseline,1129955
baseline,1221795
baseline,1223404
baseline,1041718
baseline,854551
baseline,832724
baseline,889125
baseline,768382
baseline,762437
baseline,870020
baseline,855330
baseline,918779
baseline,951977
baseline,986931
baseline,886924
baseline,1074705
baseline,873552
baseline,1147556
baseline,1046719
baseline,1060492
baseline,887868
baseline,856431
baseline,781872
baseline,907360
baseline,785318
baseline,1075243
baseline,966283
baseline,928783
baseline,857214
baseline,1373382
baseline,1406373
baseline,1562415
baseline,1154639
baseline,1020947
baseline,897418
baseline,903039
baseline,1141995
baseline,1014457
baseline,1024615
baseline,1025057
baseline,972406
baseline,961180
baseline,1006203
baseline,856762
baseline,915161
baseline,936267
baseline,889197
baseline,1010094
baseline,876505
baseline,886706
baseline,979077
baseline,794382
baseline,1010335
baseline,888066
baseline,1051521
baseline,981574
baseline,1129687
baseline,938618
baseline,734074
baseline,1090534
baseline,1080266
baseline,800779
baseline,1003975
baseline,911625
baseline,778738
baseline,926088
baseline,1093780
baseline,944148
baseline,927614
baseline,885944
baseline,845865
baseline,1042823
baseline,1022514
baseline,871707
baseline,1028861
baseline,1342099
baseline,1029943
baseline,746641
baseline,964392
baseline,1139297
baseline,1041856
baseline,1080501
baseline,1142910
baseline,1067658
baseline,1040820
baseline,952003
baseline,1193524
baseline,925629
baseline,898238
baseline,851376
baseline,1043125
baseline,847280
baseline,783073
baseline,1021074
baseline,1020914
baseline,943247
baseline,981721
baseline,1029255
baseline,1169464
baseline,1003460
baseline,1091897
baseline,1225357
baseline,1133874
baseline,850878
baseline,976939
baseline,960053
baseline,958526
baseline,903071
baseline,1329720
baseline,898562
baseline,933219
baseline,1072122
baseline,1112178
baseline,878148
baseline,1298448
baseline,1065769
baseline,914977
baseline,926589
baseline,1144521
baseline,1180077
baseline,1071062
baseline,1294084
baseline,823490
baseline,824811
baseline,959665
baseline,955011
baseline,892358
baseline,1119016
baseline,1204266
baseline,1019451
baseline,867215
baseline,1207858
baseline,1337296
baseline,886833
baseline,864802
baseline,900929
baseline,1130444
baseline,1299806
baseline,857627
baseline,1404142
baseline,968841
baseline,1036780
baseline,1262449
baseline,1092363
baseline,1166611
baseline,899921
baseline,1346641
baseline,1114630
baseline,1015222
baseline,904741
baseline,1192969
baseline,899796
baseline,1021783
baseline,766426
baseline,984572
baseline,977721
baseline,947208
baseline,823938
baseline,795595
baseline,846999
baseline,879727
baseline,1010176
baseline,1072245
baseline,908180
baseline,1122768
baseline,994319
baseline,916197
baseline,850686
baseline,782884
baseline,971521
baseline,1046626
baseline,1045957
baseline,1366190
baseline,1174390
baseline,1200287
baseline,1021997
baseline,1052966
baseline,993084
baseline,1103566
baseline,1018029
baseline,911083
baseline,1145875
baseline,906652
baseline,1110427
baseline,969706
baseline,747101
baseline,878857
baseline,884712
baseline,1263164
baseline,772703
baseline,759835
baseline,995981
baseline,1026893
baseline,947518
baseline,1094277
baseline,913232
baseline,1304246
baseline,1412815
baseline,1110872
baseline,1406807
baseline,1057632
baseline,971919
baseline,1079861
baseline,650949
baseline,866927
baseline,1022456
baseline,822818
baseline,1142237
baseline,1238553
baseline,1346828
baseline,1197647
baseline,996098
baseline,988590
baseline,1007610
baseline,1138612
baseline,809569
baseline,918085
baseline,927028
baseline,858290
baseline,824845
baseline,1032961
baseline,817288
baseline,823811
baseline,1016103
baseline,1232970
baseline,970465
baseline,829604
baseline,1254856
baseline,1136826
baseline,1008144
baseline,1219054
baseline,1108743
baseline,1024273
baseline,889623
baseline,1127418
baseline,1128335
baseline,1124470
baseline,1212914
baseline,898423
baseline,993125
baseline,849257
baseline,963846
baseline,885440
baseline,1029625
baseline,967260
baseline,928242
baseline,937387
baseline,1043326
baseline,1082392
baseline,1047878
baseline,1078615
baseline,1275905
baseline,971969
baseline,1014526
baseline,1253200
baseline,1261050
baseline,1199232
baseline,1183770
baseline,1313720
baseline,913200
baseline,916321
baseline,947623
baseline,1166979
baseline,1092286
baseline,931457
baseline,931870
baseline,927219
baseline,1019298
baseline,1130275
baseline,1154536
baseline,1185142
baseline,983593
baseline,992999
baseline,1353644
baseline,927854
baseline,1054786
baseline,1295496
baseline,1114665
baseline,1109318
baseline,900631
baseline,984994
baseline,1203868
baseline,1184765
baseline,1260255
baseline,1167708
baseline,1416098
baseline,1075200
baseline,1095267
baseline,935558
baseline,907887
baseline,1058650
baseline,1383290
baseline,1150097
baseline,1250575
baseline,1031946
baseline,1160719
baseline,1152406
baseline,1025827
baseline,1223492
baseline,1047096
baseline,1153823
baseline,994308
baseline,1169128
baseline,822045
baseline,752894
baseline,935529
baseline,1159564
baseline,1054519
baseline,1025165
baseline,909184
baseline,845333
baseline,955405
baseline,808691
baseline,1134549
baseline,1158759
baseline,1078534
baseline,758846
baseline,970272
baseline,972785
baseline,926721
baseline,940185
baseline,798429
baseline,744311
baseline,760572
baseline,1018861
baseline,823832
baseline,866268
baseline,832136
baseline,947790
baseline,970880
baseline,962352
baseline,892329
baseline,1086299
baseline,789537
baseline,1181356
baseline,1163639
baseline,964962
baseline,920667
baseline,1099713
baseline,993686
baseline,938100
baseline,932343
baseline,1124608
baseline,1165139
baseline,1179546
baseline,840199
baseline,760162
baseline,827738
baseline,764492
baseline,973095
baseline,961291
baseline,727018
baseline,1055270
baseline,858566
baseline,916483
baseline,896302
baseline,1104769
baseline,865048
baseline,823842
baseline,957140
baseline,1031792
baseline,896340
baseline,1100205
baseline,946993
baseline,1213955
baseline,1066903
baseline,1172569
baseline,999882
baseline,1204255
baseline,970624
baseline,1177494
baseline,1148196
baseline,1154352
baseline,1024755
baseline,859672
baseline,877127
baseline,1011075
baseline,1050403
baseline,1142896
baseline,1170114
baseline,1147832
baseline,1050623
baseline,1212236
baseline,1150106
baseline,943638
baseline,983722
baseline,891018
baseline,1069610
baseline,872589
baseline,916140
baseline,881766
baseline,862822
baseline,961083
baseline,904179
baseline,914828
baseline,1057218
baseline,1399927
baseline,986229
baseline,1168862
baseline,1156888
baseline,1339608
baseline,1171610
baseline,1160326
baseline,977743
baseline,1147518
baseline,846466
baseline,900704
baseline,818204
baseline,670007
baseline,962086
baseline,1308538
baseline,1062204
baseline,934270
baseline,1120588
baseline,1342279
baseline,1148890
baseline,1109179
baseline,1112078
baseline,891144
baseline,1102116
baseline,1190465
baseline,900301
baseline,926548
baseline,941979
baseline,838155
baseline,941359
baseline,815232
baseline,1059185
baseline,1042114
baseline,1095394
baseline,1225875
baseline,1139283
baseline,932082
baseline,846229
baseline,1152270
baseline,1289252
baseline,1050908
baseline,1183264
baseline,1015361
baseline,850705
baseline,824389
baseline,1007305
baseline,909108
baseline,855566
baseline,700244
baseline,1013274
baseline,1132966
baseline,1088174
baseline,1189200
baseline,916330
baseline,925529
baseline,933224
baseline,845962
baseline,1102908
baseline,1036643
baseline,989289
baseline,931356
baseline,1306501
baseline,893971
baseline,934828
baseline,890139
baseline,1064176
baseline,1029837
baseline,1075275
baseline,1086680
baseline,1054628
baseline,1376443
baseline,1010598
baseline,976104
baseline,1069192
baseline,898948
baseline,1091734
baseline,1017692
baseline,1106099
baseline,922681
baseline,1036558
baseline,1002529
baseline,1256428
baseline,920862
baseline,718421
baseline,900558
baseline,843221
baseline,1074237
baseline,1025162
baseline,1010546
baseline,1120834
baseline,988581
baseline,1214902
baseline,1032998
baseline,1151795
baseline,1234330
baseline,885610
baseline,869462
baseline,974187
baseline,1013309
baseline,784072
baseline,814056
baseline,847903
baseline,1032137
baseline,1019657
baseline,925320
baseline,909564
baseline,1023704
baseline,906321
baseline,1043775
baseline,861446
baseline,966557
baseline,1177703
baseline,960166
baseline,1038949
baseline,846606
baseline,788018
baseline,966243
baseline,761895
baseline,1217994
baseline,1204539
baseline,1101995
baseline,1061053
baseline,1120861
baseline,999724
baseline,941266
baseline,1052842
baseline,1015663
baseline,884843
baseline,810484
baseline,797435
baseline,1067609
baseline,1030063
baseline,921423
baseline,810363
baseline,1125139
baseline,1101458
baseline,1004461
baseline,1198316
baseline,1077133
baseline,1203891
baseline,1144518
baseline,1061060
baseline,877696
baseline,1081337
baseline,1206562
baseline,868922
baseline,992008
baseline,827628
baseline,937330
baseline,726337
baseline,966128
baseline,1188168
baseline,907505
baseline,933848
baseline,1118027
baseline,1112835
baseline,1116889
baseline,1117087
baseline,935197
baseline,1022375
baseline,1128731
baseline,986659
baseline,886173
baseline,1133312
baseline,979986
baseline,1056476
baseline,1180431
baseline,1067647
baseline,1063652
baseline,1050711
baseline,970356
baseline,1091894
baseline,1035768
baseline,959011
baseline,1021108
baseline,721713
baseline,842743
baseline,862407
baseline,1034918
baseline,944460
baseline,1046181
baseline,883569
baseline,1018048
baseline,784974
baseline,931494
baseline,781958
baseline,978621
baseline,1214955
baseline,1058040
baseline,1243526
baseline,1286765
baseline,1470700
baseline,930744
baseline,991648
baseline,1000110
baseline,1169575
baseline,880922
baseline,785653
baseline,1008986
baseline,986662
baseline,843213
baseline,806721
baseline,1053404
baseline,1007223
baseline,961423
baseline,962986
baseline,1245558
baseline,1052473
baseline,1167712
baseline,987355
baseline,816185
baseline,951245
baseline,993247
baseline,1199621
baseline,862413
baseline,1121488
baseline,1150071
baseline,1152066
baseline,1049647
baseline,1121147
baseline,903169
baseline,825467
baseline,961958
baseline,1110283
baseline,825473
baseline,1107265
baseline,1004475
baseline,1001974
baseline,849021
baseline,744331
baseline,956405
baseline,912877
baseline,918907
baseline,865762
baseline,859672
baseline,958432
baseline,1232297
baseline,976091
baseline,1071625
baseline,890045
baseline,786601
baseline,777215
baseline,847935
baseline,924213
baseline,942926
baseline,1290391
baseline,934606
baseline,886216
baseline,1062071
baseline,1257539
baseline,901381
baseline,963586
baseline,1045487
baseline,928688
baseline,969306
baseline,961590
baseline,1169744
baseline,1173675
baseline,1092520
baseline,1116487
baseline,951637
baseline,910539
baseline,885413
baseline,1032649
baseline,1126681
baseline,1106228
baseline,820091
baseline,1036860
baseline,1032024
baseline,799389
baseline,862636
baseline,1442339
baseline,908553
baseline,1113264
baseline,980266
baseline,1061970
baseline,988368
baseline,950585
baseline,1146270
baseline,1010662
baseline,931668
baseline,880259
baseline,1150649
baseline,873380
baseline,1233770
baseline,945537
baseline,836608
baseline,1019879
baseline,1015348
baseline,856265
baseline,1076978
baseline,1226423
baseline,927523
baseline,817448
baseline,985513
baseline,912090
baseline,1063642
baseline,954178
baseline,834150
baseline,1111921
baseline,795332
baseline,967531
baseline,758465
baseline,1106196
baseline,1011705
baseline,810275
baseline,1008622
baseline,822025
baseline,810365
baseline,875299
baseline,1276656
baseline,1010494
baseline,1150403
baseline,1157226
baseline,799521
baseline,1387145
baseline,1498842
baseline,1138760
baseline,937684
baseline,872679
baseline,1039327
baseline,1001409
baseline,714885
baseline,900060
baseline,1070502
baseline,769462
baseline,958287
baseline,733504
baseline,798780
baseline,990156
baseline,818032
baseline,950197
baseline,745597
baseline,1138226
baseline,781069
baseline,915431
baseline,851859
baseline,966910
baseline,943692
baseline,923558
baseline,1071357
baseline,983922
baseline,907391
baseline,1206411
baseline,1100940
baseline,1015432
baseline,1188902
baseline,1034132
baseline,1155380
baseline,919233
baseline,983384
baseline,920786
baseline,1070122
baseline,1095913
baseline,1038006
baseline,820394
baseline,1220371
baseline,1009218
baseline,842843
baseline,815830
baseline,833092
baseline,982191
baseline,782311
baseline,801384
baseline,972369
baseline,1019213
baseline,1071679
baseline,1166333
baseline,1019913
baseline,1068473
baseline,1125145
baseline,1029743
baseline,1024703
baseline,1078019
baseline,965680
baseline,1003174
baseline,1089627
baseline,1071798
baseline,1019187
baseline,975392
baseline,938040
baseline,1007699
baseline,928970
baseline,1038364
baseline,898188
baseline,865305
baseline,982717
baseline,770907
baseline,1188909
baseline,1001534
baseline,1146076
baseline,834738
baseline,1016038
baseline,828342
baseline,1222425
baseline,1208079
baseline,1155796
baseline,1187729
baseline,822648
baseline,953288
baseline,972873
baseline,1028315
baseline,1137534
baseline,921255
baseline,927766
baseline,904106
baseline,913124
baseline,909383
baseline,1057216
baseline,979202
baseline,891606
baseline,975591
baseline,902601
baseline,874184
baseline,849258
baseline,1107939
baseline,863399
baseline,991857
baseline,932866
baseline,809055
baseline,860556
baseline,1001382
baseline,1098940
baseline,1203950
baseline,1003768
baseline,923637
baseline,1017592
baseline,1158930
baseline,946528
baseline,1083020
baseline,949577
baseline,1007393
baseline,894216
baseline,1190281
baseline,1100215
baseline,854756
baseline,1353103
baseline,916780
baseline,1045447
baseline,1645253
baseline,965890
baseline,1208735
baseline,1086434
baseline,813164
baseline,1028791
baseline,1228373
baseline,746294
baseline,882972
baseline,1043937
baseline,1185086
baseline,1293812
baseline,904341
baseline,950751
baseline,913107
baseline,902200
baseline,774397
baseline,1210290
baseline,844309
baseline,933660
baseline,1070393
baseline,1123473
baseline,1191977
baseline,1069129
baseline,1349149
baseline,1149648
baseline,1078004
baseline,1110565
baseline,1059999
baseline,1033108
baseline,899748
baseline,981823
baseline,842345
baseline,726234
baseline,912263
baseline,786780
baseline,1005735
baseline,869513
baseline,771406
baseline,802471
baseline,798196
baseline,1009644
baseline,1058533
baseline,1048567
baseline,1017382
baseline,939216
baseline,1236608
baseline,1074582
baseline,1118370
baseline,1145678
baseline,883523
baseline,943697
baseline,1070598
baseline,1104841
baseline,929054
baseline,979328
baseline,936313
baseline,800077
baseline,797266
baseline,1061211
baseline,1193488
baseline,1123096
baseline,1030217
baseline,1091243
baseline,875101
baseline,1091079
baseline,1095112
baseline,1220180
baseline,1382269
baseline,789126
baseline,983600
baseline,952711
baseline,1289757
baseline,1089575
baseline,1137629
baseline,1198133
baseline,1334340
baseline,1063318
baseline,1095289
baseline,1066608
baseline,963071
baseline,858739
baseline,781923
baseline,937339
baseline,1130721
baseline,959400
baseline,795709
baseline,921513
baseline,957809
baseline,898316
baseline,904458
baseline,1030717
baseline,900829
baseline,936600
baseline,712683
baseline,696085
baseline,997704
baseline,1284846
baseline,1065524
baseline,1188645
baseline,994738
baseline,1007049
baseline,876837
baseline,950716
baseline,1070847
baseline,962167
baseline,1142924
baseline,986470
baseline,1183747
baseline,1006313
baseline,1040278
baseline,1279864
baseline,1062903
baseline,854861
baseline,743830
baseline,962354
baseline,981633
baseline,887394
baseline,881540
baseline,835328
baseline,1187914
baseline,1111967
baseline,937740
baseline,1221288
baseline,866598
baseline,1016868
baseline,1217813
baseline,952203
baseline,1217000
baseline,961281
baseline,1135952
baseline,1006427
baseline,1098501
baseline,1045938
baseline,967073
baseline,1331831
baseline,1121255
baseline,933019
baseline,686407
baseline,875723
baseline,832381
baseline,986449
baseline,1146139
baseline,1099599
baseline,853100
baseline,1223783
baseline,1045175
baseline,1082691
baseline,950571
baseline,1100666
baseline,761799
baseline,998744
baseline,947538
baseline,955231
baseline,734982
baseline,797890
baseline,932267
baseline,1062519
baseline,960346
baseline,899547
baseline,878859
baseline,836059
baseline,1011242
baseline,835060
baseline,1068320
baseline,1052916
baseline,905679
baseline,1510774
baseline,1101832
baseline,1212017
baseline,780081
baseline,838522
baseline,1111481
baseline,974560
baseline,800451
baseline,971219
baseline,860022
baseline,961787
baseline,886009
baseline,977857
baseline,739500
baseline,991407
baseline,736076
baseline,817994
baseline,1041580
baseline,924306
baseline,1033535
baseline,1142822
baseline,952356
baseline,1012066
baseline,894018
baseline,1159079
baseline,1289231
baseline,745953
baseline,1092988
baseline,908375
baseline,954906
baseline,1306655
baseline,1163987
baseline,1002377
baseline,958001
baseline,936099
baseline,1082562
baseline,978155
baseline,861498
baseline,1077305
baseline,1051131
baseline,891981
baseline,916742
baseline,1020000
baseline,809749
baseline,935035
baseline,712362
baseline,835201
baseline,805031
baseline,1069355
baseline,931081
baseline,975157
baseline,1052155
baseline,1158122
baseline,984856
baseline,1303689
baseline,1189782
baseline,1071077
baseline,1016888
baseline,1094011
baseline,829193
baseline,864148
baseline,1205951
baseline,1048468
baseline,1070541
baseline,1030727
baseline,981037
baseline,904888
baseline,848543
baseline,979455
baseline,951319
baseline,1079393
baseline,769018
baseline,1014364
baseline,987105
baseline,1088164
baseline,1098497
baseline,1050092
baseline,788496
baseline,660151
baseline,766449
baseline,1096328
baseline,1176033
baseline,907278
baseline,913293
baseline,1074772
baseline,946818
baseline,901585
baseline,880244
baseline,990267
baseline,917436
baseline,946700
baseline,823404
baseline,1050456
baseline,975888
baseline,908331
baseline,1051736
baseline,1042654
baseline,800244
baseline,845212
baseline,881334
baseline,1041794
baseline,1160711
baseline,1141352
baseline,888456
baseline,1080995
baseline,1116512
baseline,846305
baseline,1050103
baseline,903054
baseline,923989
baseline,797853
baseline,880754
baseline,941488
baseline,776829
baseline,872736
baseline,818683
baseline,870586
baseline,670956
baseline,947222
baseline,954453
baseline,901319
baseline,849964
baseline,960181
baseline,930218
baseline,929450
baseline,818254
baseline,884759
baseline,919609
baseline,979426
baseline,843494
baseline,1068033
baseline,1258209
baseline,1107230
baseline,1019003
baseline,986125
baseline,1000837
baseline,812296
baseline,1061173
baseline,997309
baseline,881892
baseline,868002
baseline,972715
baseline,1131087
baseline,888823
baseline,979521
baseline,967408
baseline,1047428
baseline,816640
baseline,914155
baseline,1001222
baseline,955607
baseline,1145392
baseline,901088
baseline,957370
baseline,871158
baseline,813661
baseline,678799
baseline,676017
baseline,714305
baseline,830364
baseline,797930
baseline,953425
baseline,833946
baseline,1271140
baseline,1254168
baseline,1052702
baseline,1041213
baseline,912915
baseline,707456
baseline,810322
baseline,955995
baseline,875087
baseline,910298
baseline,987275
baseline,882305
baseline,993602
baseline,1196905
baseline,1150259
baseline,814217
baseline,1111026
baseline,1026140
baseline,917678
baseline,1154101
baseline,1041326
baseline,791728
baseline,1051465
baseline,916979
baseline,925349
baseline,1295028
baseline,839237
baseline,899021
baseline,1079770
baseline,815825
baseline,897299
baseline,785003
baseline,1060066
baseline,785355
baseline,1144824
baseline,1102073
baseline,1208615
baseline,1324849
baseline,957995
baseline,1202462
baseline,959999
baseline,1213124
baseline,1025248
baseline,784379
baseline,868659
baseline,1165617
baseline,1048692
baseline,932781
baseline,1090574
baseline,1393088
baseline,1028959
baseline,840176
baseline,998544
baseline,1103759
baseline,805158
baseline,955695
baseline,829094
baseline,896931
baseline,988137
baseline,853873
baseline,943272
baseline,1172193
baseline,862339
baseline,714565
baseline,848958
baseline,836656
baseline,968573
baseline,1355108
baseline,1155174
baseline,1229193
baseline,1183871
baseline,1195379
baseline,1034419
baseline,1043094
baseline,969028
baseline,1164080
baseline,1137936
baseline,1352773
baseline,942598
baseline,963464
baseline,1089731
baseline,940290
baseline,1044085
baseline,833097
baseline,831617
baseline,807018
baseline,878770
baseline,811242
baseline,876425
baseline,951511
baseline,669832
baseline,820190
baseline,908631
baseline,1216244
baseline,961275
baseline,827350
baseline,986297
baseline,913513
baseline,902927
baseline,844148
baseline,880305
baseline,757468
baseline,1235652
baseline,902022
baseline,1053127
baseline,955913
baseline,940781
baseline,826913
baseline,819453
baseline,954021
baseline,980063
baseline,1158759
baseline,859265
baseline,919291
baseline,905690
baseline,1064626
baseline,1130760
baseline,979260
baseline,924732
baseline,997607
baseline,936662
baseline,1122181
baseline,931045
baseline,1054894
baseline,1043142
baseline,1235009
baseline,1136665
baseline,1080539
baseline,917944
baseline,935884
baseline,880518
baseline,1152582
baseline,895052
baseline,960829
baseline,952187
baseline,983738
baseline,1039553
baseline,1319540
baseline,936416
baseline,1173674
baseline,1116555
baseline,989486
baseline,1054084
baseline,1035282
baseline,825156
baseline,1115193
baseline,782232
baseline,952644
baseline,861516
baseline,823474
baseline,829119
baseline,949988
baseline,1010897
baseline,973589
baseline,899910
baseline,747867
baseline,862167
baseline,993965
baseline,1074322
baseline,800070
baseline,1155986
baseline,975840
baseline,901603
baseline,1214487
baseline,943839
baseline,1001242
baseline,1104774
baseline,785613
baseline,866697
baseline,914270
baseline,1041727
baseline,921519
baseline,1216162
baseline,1068123
baseline,1177801
baseline,919275
baseline,980518
baseline,1225276
baseline,1005098
baseline,1059621
baseline,954400
baseline,938173
baseline,911074
baseline,1232892
baseline,1071343
baseline,962243
baseline,1099853
baseline,831252
baseline,1097141
baseline,1061914
baseline,1229427
baseline,1072742
baseline,1013697
baseline,1089331
baseline,826103
baseline,928600
baseline,1122564
baseline,776553
baseline,826385
baseline,948282
baseline,806324
baseline,877581
baseline,887524
baseline,907939
baseline,689202
baseline,859790
baseline,990001
baseline,1143528
baseline,1305710
baseline,1429534
baseline,1065987
baseline,1077195
baseline,1168801
baseline,1176042
baseline,1130229
baseline,880897
baseline,806400
baseline,1153884
baseline,972652
baseline,761563
baseline,1081288
baseline,972948
baseline,748971
baseline,1204731
baseline,1052253
baseline,1161043
baseline,960643
baseline,1260521
baseline,1065618
baseline,1199863
baseline,901744
baseline,1052433
baseline,941258
baseline,975671
baseline,939220
baseline,912925
baseline,1195921
baseline,788663
baseline,789083
baseline,949276
baseline,948459
baseline,1030899
baseline,987961
baseline,954502
baseline,1114251
baseline,932294
baseline,1015560
baseline,1241486
baseline,1245199
baseline,1315589
baseline,1198463
baseline,995685
baseline,929609
baseline,758509
baseline,803785
baseline,901793
baseline,1045004
baseline,1075692
baseline,889440
baseline,820292
baseline,892289
baseline,1067183
baseline,1107019
baseline,1083544
baseline,1074815
baseline,872074
baseline,1060018
baseline,1048331
baseline,751247
baseline,956244
baseline,1151344
baseline,956844
baseline,886159
baseline,1064897
baseline,848873
baseline,1103808
baseline,1144963
baseline,1007414
baseline,1137964
baseline,1143356
baseline,1192833
baseline,1101192
baseline,993484
baseline,1244697
baseline,1084481
baseline,1063550
baseline,969952
baseline,957698
baseline,1007507
baseline,976684
baseline,1003922
baseline,968362
baseline,1287964
baseline,936254
baseline,1052718
baseline,989983
baseline,870389
baseline,1063129
baseline,1032363
baseline,1086809
baseline,1015084
baseline,1172422
baseline,924773
baseline,1050373
baseline,935856
baseline,962172
baseline,1012058
baseline,953061
baseline,1185375
baseline,1087709
baseline,1083079
baseline,943866
baseline,1047796
baseline,946119
baseline,820739
baseline,1127027
baseline,1024535
baseline,1015733
baseline,1327298
baseline,937644
baseline,784200
baseline,1104122
baseline,971914
baseline,929870
baseline,676397
baseline,1032849
baseline,971333
baseline,1028072
baseline,1063411
baseline,998195
baseline,909801
baseline,884390
baseline,908019
baseline,1073057
baseline,1104573
baseline,800292
baseline,578389
baseline,647038
baseline,811259
baseline,886995
baseline,944941
baseline,780295
baseline,960811
baseline,1064319
baseline,1051472
baseline,1077083
baseline,1063112
baseline,1143099
baseline,1108328
baseline,1053389
baseline,987937
baseline,923929
baseline,1084854
baseline,1108023
baseline,931685
baseline,920777
baseline,822762
baseline,890154
baseline,1009844
baseline,961303
baseline,1127420
baseline,884070
baseline,1037349
baseline,897036
baseline,890025
baseline,1082840
baseline,1270148
baseline,1075241
baseline,1008975
baseline,994664
baseline,864195
baseline,910831
baseline,969469
baseline,1014296
baseline,1103344
baseline,1262844
baseline,1054025
baseline,990295
baseline,1092945
baseline,931859
baseline,950278
baseline,885324
baseline,1017206
baseline,1013789
baseline,955597
baseline,953070
baseline,799413
baseline,1120803
baseline,798116
baseline,1051907
baseline,869751
baseline,834636
baseline,745325
baseline,913664
baseline,849583
baseline,949124
baseline,794956
baseline,966304
baseline,1371978
baseline,1150207
baseline,1259189
baseline,1037080
baseline,1115986
baseline,1000594
baseline,1004678
baseline,1213084
baseline,1115393
baseline,1139277
baseline,1103288
baseline,1105465
baseline,1083248
baseline,1039640
baseline,818945
baseline,776641
baseline,881520
baseline,1025143
baseline,913688
baseline,995419
baseline,727533
baseline,1114203
baseline,712008
baseline,1041056
baseline,986045
baseline,1097657
baseline,1168146
baseline,1005671
baseline,1178681
baseline,812492
baseline,865960
baseline,1088560
baseline,1503315
baseline,1251838
baseline,835342
baseline,1050805
baseline,1059573
baseline,981980
baseline,1180162
baseline,1289701
baseline,1109582
baseline,887878
baseline,874130
baseline,856082
baseline,917072
baseline,1077566
baseline,909317
baseline,974833
baseline,779968
baseline,810801
baseline,1066612
baseline,1076590
baseline,1052963
baseline,804196
baseline,766573
baseline,814985
baseline,963655
baseline,1186031
baseline,1082314
baseline,1208832
baseline,1204454
baseline,1118774
baseline,1022782
baseline,993897
baseline,995519
baseline,841703
baseline,782532
baseline,863868
baseline,909947
baseline,985865
baseline,1087012
baseline,904058
baseline,849148
baseline,991123
baseline,997403
baseline,958742
baseline,1242878
baseline,975105
baseline,1167022
baseline,1097663
baseline,881815
baseline,917438
baseline,1154872
baseline,1039734
baseline,995675
baseline,797045
baseline,974125
baseline,848708
baseline,884235
baseline,1111597
baseline,1035981
baseline,1286880
baseline,1233210
baseline,1074862
baseline,1291177
baseline,1136413
baseline,1094521
baseline,1113040
baseline,1124689
baseline,1087736
baseline,925223
baseline,1170831
baseline,1116212
baseline,1278298
baseline,1323373
baseline,983447
baseline,961987
baseline,778687
baseline,832212
baseline,1197260
baseline,1096018
baseline,1233061
baseline,1135507
baseline,902643
baseline,1114757
baseline,1357896
baseline,935722
baseline,1040238
baseline,800862
baseline,1090989
baseline,1068121
baseline,1229272
baseline,935014
baseline,803840
baseline,1039317
baseline,1022383
baseline,1119626
baseline,1055944
baseline,1039465
baseline,1016762
baseline,1016636
baseline,843476
baseline,876731
baseline,704544
baseline,1048923
baseline,891170
baseline,974298
baseline,1029218
baseline,1010788
baseline,1475378
baseline,1119340
baseline,965362
baseline,1035065
baseline,770817
baseline,952939
baseline,1140113
baseline,1063099
baseline,1046058
baseline,1083052
baseline,1095915
baseline,1005898
baseline,1049893
baseline,998528
baseline,1087078
baseline,962901
baseline,1008811
baseline,1163614
baseline,1037649
baseline,902673
baseline,941424
baseline,720431
baseline,878832
baseline,942149
baseline,811818
baseline,977939
baseline,1034794
baseline,1207034
baseline,1046739
baseline,923763
baseline,709833
baseline,880405
baseline,798573
baseline,769455
baseline,844865
baseline,922730
baseline,967882
baseline,1164571
baseline,1432664
baseline,1483564
baseline,973667
baseline,1010224
baseline,1184714
baseline,1280657
baseline,1047651
baseline,1013311
baseline,943195
baseline,1062034
baseline,1065742
baseline,981295
baseline,1104319
baseline,1016001
baseline,880546
baseline,1232613
baseline,907579
baseline,1071039
baseline,769336
baseline,826425
baseline,1115192
baseline,920628
baseline,857703
baseline,904635
baseline,1032124
baseline,1072752
baseline,1094159
baseline,1233288
baseline,799660
baseline,747102
baseline,921286
baseline,867237
baseline,1052538
baseline,872335
baseline,880130
baseline,717368
baseline,1057185
baseline,1059025
baseline,849753
baseline,1108511
baseline,922262
baseline,882786
baseline,995560
baseline,1087050
baseline,1332302
baseline,1260422
baseline,907946
baseline,1089228
baseline,1002066
baseline,951602
baseline,868992
baseline,1342889
baseline,1045587
baseline,849522
baseline,848906
baseline,949829
baseline,1035351
baseline,885412
baseline,887100
baseline,1100526
baseline,1114739
baseline,1133561
baseline,876918
baseline,830728
baseline,1051682
baseline,1000442
baseline,1013724
baseline,1121089
baseline,1084288
baseline,1189543
baseline,911342
baseline,1041423
baseline,927788
baseline,974840
baseline,1099385
baseline,1166244
baseline,1236400
baseline,977389
baseline,813477
baseline,860044
baseline,821011
baseline,859534
baseline,953347
baseline,808461
baseline,804437
baseline,942941
baseline,959671
baseline,958973
baseline,1001337
baseline,975815
baseline,962554
baseline,915607
baseline,806626
baseline,961431
baseline,997786
baseline,955623
baseline,991455
baseline,958665
baseline,993881
baseline,807233
baseline,727469
baseline,1116673
baseline,1222100
baseline,910208
baseline,912090
baseline,1051661
baseline,1130634
baseline,1165938
baseline,1033891
baseline,747511
baseline,869195
baseline,934511
baseline,949169
baseline,910145
baseline,841339
baseline,899994
baseline,845356
baseline,948281
baseline,1116082
baseline,1091443
baseline,890345
baseline,862391
baseline,793527
baseline,897331
baseline,957141
baseline,1021663
baseline,911163
baseline,1124036
baseline,798070
baseline,741358
baseline,807222
baseline,976788
baseline,733653
baseline,954936
baseline,1063787
baseline,1245085
baseline,1094025
baseline,1001214
baseline,796787
baseline,933220
baseline,956187
baseline,1047595
baseline,1053460
baseline,1090129
baseline,929492
baseline,1471878
baseline,1410885
baseline,1095446
baseline,1026276
baseline,883227
baseline,977460
baseline,783036
baseline,809506
baseline,997446
baseline,1185709
baseline,1237250
baseline,994221
baseline,991254
baseline,1022258
baseline,1085256
baseline,881063
baseline,891840
baseline,1072158
baseline,1047055
baseline,925504
baseline,850477
baseline,973889
baseline,1031399
baseline,848414
baseline,874499
baseline,1068477
baseline,1008709
baseline,921956
baseline,1012102
baseline,1084051
baseline,1031805
baseline,917594
baseline,1094899
baseline,973134
baseline,1108231
baseline,1112954
baseline,879193
baseline,849597
baseline,1002919
baseline,810030
baseline,869421
baseline,1037986
baseline,1033240
baseline,893052
baseline,1022026
baseline,885914
baseline,995958
baseline,1049048
baseline,1100852
baseline,1366320
baseline,957948
baseline,1026670
baseline,696534
baseline,939687
baseline,715532
baseline,737653
baseline,1016383
baseline,857169
baseline,980104
baseline,993455
baseline,896011
baseline,998145
baseline,909271
baseline,791708
baseline,820530
baseline,1098184
baseline,986197
baseline,1025934
baseline,1087151
baseline,971213
baseline,1061452
baseline,942399
baseline,1108767
baseline,906814
baseline,799241
baseline,1154117
baseline,727684
baseline,828113
baseline,895341
baseline,950851
baseline,845068
baseline,858952
baseline,859048
baseline,969322
baseline,966638
baseline,1140140
baseline,794722
baseline,847687
baseline,887128
baseline,936158
baseline,1080605
baseline,982381
baseline,867962
baseline,1586567
baseline,1105671
baseline,1160998
baseline,984205
baseline,1034123
baseline,1196618
baseline,1279008
baseline,971771
baseline,1004233
baseline,1075106
baseline,1262842
baseline,914423
baseline,865154
baseline,1084827
baseline,975469
baseline,845833
baseline,1056808
baseline,1305052
baseline,849076
baseline,861229
baseline,873885
baseline,1071021
baseline,1152129
baseline,1113030
baseline,1009339
baseline,822283
baseline,821519
baseline,954103
baseline,1005697
baseline,863691
baseline,844220
baseline,998640
baseline,940679
baseline,1043840
baseline,1091570
baseline,927709
baseline,1044917
baseline,886571
baseline,788022
baseline,1045173
baseline,1066386
baseline,1058670
baseline,1224502
baseline,918073
baseline,919588
baseline,1011591
baseline,954328
baseline,1127828
baseline,978011
baseline,1066376
baseline,947206
baseline,746433
baseline,1098221
baseline,1013555
baseline,977097
baseline,777699
baseline,905590
baseline,939602
baseline,997589
baseline,928522
baseline,707619
baseline,1036669
baseline,846672
baseline,921776
baseline,931724
baseline,772580
baseline,786502
baseline,810956
baseline,676127
baseline,963248
baseline,1127021
baseline,762417
baseline,839743
baseline,734343
baseline,940661
baseline,919661
baseline,778918
baseline,949363
baseline,896821
baseline,1081049
baseline,1059962
baseline,990084
baseline,928125
baseline,1117783
baseline,944144
baseline,811147
baseline,975796
baseline,958764
baseline,1180641
baseline,1026108
baseline,1113626
baseline,909205
baseline,947339
baseline,1027432
baseline,886006
baseline,730623
baseline,1051568
baseline,859686
baseline,1050441
baseline,1101295
baseline,930586
baseline,870095
baseline,874832
baseline,859216
baseline,759635
baseline,1005433
baseline,958756
baseline,1142606
baseline,1011822
baseline,1134358
baseline,1186685
baseline,947638
baseline,958904
baseline,947451
baseline,902038
baseline,1005795
baseline,1280851
baseline,1044894
baseline,942747
baseline,1157967
baseline,806550
baseline,959535
baseline,944417
baseline,1007528
baseline,891112
baseline,1191611
baseline,1064828
baseline,818844
baseline,848490
baseline,1058491
baseline,1203312
baseline,1269958
baseline,995075
baseline,1136073
baseline,1156214
baseline,1218321
baseline,1202530
baseline,1100388
baseline,1017781
baseline,910586
baseline,1053375
baseline,1026809
baseline,926507
baseline,904135
baseline,776904
baseline,865811
baseline,806204
baseline,913861
baseline,982240
baseline,1091211
baseline,972188
baseline,1160963
baseline,874754
baseline,1212154
baseline,1129584
baseline,1109017
baseline,862973
baseline,983902
baseline,1044442
baseline,837000
baseline,1026459
baseline,790344
baseline,894214
baseline,1141252
baseline,901123
baseline,847853
baseline,1116889
baseline,706994
baseline,999476
baseline,850271
baseline,839582
baseline,894233
baseline,885380
baseline,785533
baseline,951041
baseline,1075887
baseline,982423
baseline,1086873
baseline,1055278
baseline,988274
baseline,864513
baseline,976202
baseline,1157282
baseline,946309
baseline,871676
baseline,876171
baseline,913949
baseline,878030
baseline,924671
baseline,928545
baseline,1002671
baseline,1016524
baseline,968166
baseline,824777
baseline,886093
baseline,912031
baseline,1042880
baseline,1019122
baseline,1048623
baseline,1021599
baseline,836755
baseline,957796
baseline,907827
baseline,1167915
baseline,951227
baseline,953814
baseline,859363
baseline,740781
baseline,1020365
baseline,851421
baseline,981979
baseline,940559
baseline,1043767
baseline,1029017
baseline,909126
baseline,1000863
baseline,995073
baseline,1140391
baseline,1049130
baseline,1145543
baseline,1114708
baseline,1099810
baseline,1109434
baseline,1208929
baseline,967672
baseline,1226868
baseline,953308
baseline,852224
baseline,957832
baseline,1036320
baseline,845348
baseline,933690
baseline,905366
baseline,818804
baseline,822741
baseline,1002753
baseline,845670
baseline,980791
baseline,1058182
baseline,907500
baseline,1185011
baseline,896931
baseline,970985
baseline,1074800
baseline,1153125
baseline,1205314
baseline,902116
baseline,1128579
baseline,1008790
baseline,1012760
baseline,947596
baseline,1261147
baseline,1276689
baseline,976713
baseline,1035468
baseline,1037190
baseline,996257
baseline,1037571
baseline,1073280
baseline,867505
baseline,1045533
baseline,1023540
baseline,932801
baseline,995559
baseline,1101231
baseline,955106
baseline,984268
baseline,1052533
baseline,1088146
baseline,1311883
baseline,1073213
baseline,813449
baseline,816436
baseline,1250930
baseline,1089914
baseline,818558
baseline,861463
baseline,1096194
baseline,1119534
baseline,930946
baseline,908468
baseline,831544
baseline,1090081
baseline,805142
baseline,847307
baseline,981267
baseline,1122651
baseline,1102840
baseline,1008259
baseline,1055332
baseline,972348
baseline,854126
baseline,918787
baseline,709928
baseline,784423
baseline,1060828
baseline,929555
baseline,1208491
baseline,1092742
baseline,916412
baseline,943801
baseline,1218539
baseline,1331357
baseline,1182129
baseline,1250097
baseline,1186177
baseline,1158932
baseline,1077537
baseline,1348839
baseline,1041611
baseline,1186909
baseline,967733
baseline,966019
baseline,1148040
baseline,905686
baseline,723729
baseline,860339
baseline,1050287
baseline,922592
baseline,1143622
baseline,965694
baseline,906616
baseline,793787
baseline,776008
baseline,868108
baseline,847447
baseline,755281
baseline,898881
baseline,973303
baseline,1073003
baseline,1004788
baseline,1219446
baseline,959845
baseline,1528633
baseline,1083322
baseline,1058523
baseline,934842
baseline,1099996
baseline,977592
baseline,871351
baseline,1107912
baseline,964988
baseline,954893
baseline,796052
baseline,729997
baseline,1023496
baseline,995000
baseline,1093868
baseline,1165616
baseline,1127443
baseline,1103756
baseline,1294658
baseline,1163889
baseline,1125686
baseline,1122092
baseline,1063355
baseline,1009151
baseline,954858
baseline,961483
baseline,769268
baseline,877138
baseline,1082572
baseline,994161
baseline,1414319
baseline,1250420
baseline,1118974
baseline,1006403
baseline,788322
baseline,801358
baseline,873663
baseline,932940
baseline,761619
baseline,947158
baseline,1301002
baseline,1087786
baseline,1078284
baseline,940349
baseline,853229
baseline,787063
baseline,794528
baseline,1042897
baseline,935080
baseline,799874
baseline,811613
baseline,925436
baseline,1189377
baseline,955941
baseline,962222
baseline,881193
baseline,927518
baseline,1248468
baseline,886880
baseline,833264
baseline,1095551
baseline,1258442
baseline,968104
baseline,900513
baseline,930432
baseline,967831
baseline,1314601
baseline,878124
baseline,882175
baseline,1004878
baseline,966875
baseline,1035213
baseline,1017509
baseline,1023979
baseline,1031942
baseline,891563
baseline,901720
baseline,1143375
baseline,972984
baseline,874435
baseline,995484
baseline,950078
baseline,755929
baseline,710715
baseline,952725
baseline,903888
baseline,1222705
baseline,1165923
baseline,784476
baseline,1123023
baseline,1002464
baseline,869042
baseline,855006
baseline,833472
baseline,1267853
baseline,1322242
baseline,1016402
baseline,1123394
baseline,1184261
baseline,908142
baseline,838259
baseline,897616
baseline,878315
baseline,1046007
baseline,1126617
baseline,1049339
baseline,1154975
baseline,1107363
baseline,1024944
baseline,999778
baseline,1022266
baseline,1270225
baseline,1094169
baseline,827594
baseline,760092
baseline,845200
baseline,939202
baseline,1013951
baseline,1245227
baseline,1084288
baseline,1042020
baseline,878050
baseline,929265
baseline,1152242
baseline,905022
baseline,944949
baseline,1032433
baseline,1045791
baseline,1001678
baseline,895797
baseline,915953
baseline,985434
baseline,789308
baseline,1031116
baseline,955541
baseline,996389
baseline,1073710
baseline,956080
baseline,912645
baseline,1071715
baseline,1011518
baseline,986474
baseline,873222
baseline,872049
baseline,931741
baseline,1020013
baseline,850504
baseline,1004015
baseline,1201882
baseline,1176807
baseline,1533365
baseline,1268330
baseline,1089227
baseline,1106053
baseline,1043199
baseline,974494
baseline,1092554
baseline,989185
baseline,1057371
baseline,915364
baseline,977435
baseline,1043154
baseline,951113
baseline,832064
baseline,1017174
baseline,1110330
baseline,1184324
baseline,1205258
baseline,1061816
baseline,1049334
baseline,1173045
baseline,1006801
baseline,1001884
baseline,932379
baseline,928895
baseline,1114683
baseline,1191752
baseline,1016328
baseline,864336
baseline,839464
baseline,845053
baseline,890482
baseline,833798
baseline,726119
baseline,1318652
baseline,1009429
baseline,917026
baseline,806772
baseline,895818
baseline,887339
baseline,1078293
baseline,1107430
baseline,965061
baseline,955691
baseline,1158005
baseline,1151876
baseline,921819
baseline,1064750
baseline,816300
baseline,1063662
baseline,848035
baseline,924124
baseline,1033432
baseline,854795
baseline,795154
baseline,859293
baseline,870380
baseline,711902
baseline,1004447
baseline,952763
baseline,821952
baseline,825518
baseline,962736
baseline,777159
baseline,958295
baseline,989511
baseline,1220998
baseline,1210264
baseline,1159105
baseline,1178622
baseline,1246313
baseline,868234
baseline,917344
baseline,1124628
baseline,1040023
baseline,1120417
baseline,1022800
baseline,1080208
baseline,957671
baseline,1074940
baseline,1105595
baseline,1273717
baseline,804130
baseline,1098158
baseline,865287
baseline,1060122
baseline,900305
baseline,1129338
baseline,1259871
baseline,1002481
baseline,931972
baseline,713933
baseline,1058042
baseline,1112942
baseline,960680
baseline,911617
baseline,1045007
baseline,970073
baseline,901993
baseline,1085508
baseline,756422
baseline,830268
baseline,1071725
baseline,743243
baseline,795289
baseline,1123238
baseline,881133
baseline,1349869
baseline,1135153
baseline,1199209
baseline,1111702
baseline,1313967
baseline,1047103
baseline,1155723
baseline,1104071
baseline,993007
baseline,1149663
baseline,1098876
baseline,1276318
baseline,917863
baseline,837750
baseline,914560
baseline,952973
baseline,889798
baseline,1353394
baseline,838015
baseline,918420
baseline,1149732
baseline,1199006
baseline,1214962
baseline,1228230
baseline,1104346
baseline,1130475
baseline,942652
baseline,1153257
baseline,1076856
baseline,973985
baseline,1349805
baseline,949981
baseline,1264861
baseline,1074871
baseline,975854
baseline,1026828
baseline,1368167
baseline,1228322
baseline,1031565
baseline,1042590
baseline,1111345
baseline,1080323
baseline,1202941
baseline,891307
baseline,948757
baseline,885806
baseline,833054
baseline,999555
baseline,1133391
baseline,1139855
baseline,1317631
baseline,1174881
baseline,959263
baseline,832960
baseline,885956
baseline,828080
baseline,974463
baseline,857373
baseline,1196309
baseline,1107408
baseline,919064
baseline,762905
baseline,990603
baseline,1135123
baseline,1285744
baseline,1197483
baseline,1077769
baseline,1080544
baseline,1048643
baseline,1280342
baseline,983311
baseline,1271568
baseline,944543
baseline,1097100
baseline,1237359
baseline,848296
baseline,1090876
baseline,1210585
baseline,1068922
baseline,1322636
baseline,993119
baseline,1002599
baseline,866360
baseline,903953
baseline,795778
baseline,868175
baseline,1223881
baseline,1151433
baseline,1103947
baseline,1130398
baseline,1083847
baseline,943507
baseline,738450
baseline,1049488
baseline,1002619
baseline,958100
baseline,960925
baseline,1057462
baseline,1153537
baseline,953094
baseline,780760
baseline,874982
baseline,1110936
baseline,1086017
baseline,925061
baseline,1121404
baseline,1083804
baseline,1166495
baseline,1100560
baseline,957631
baseline,1085863
baseline,868867
baseline,1062156
baseline,1065559
baseline,1047630
baseline,986330
baseline,808395
baseline,897064
baseline,1086309
baseline,840744
baseline,905508
baseline,1018043
baseline,1080643
baseline,1108480
baseline,839220
baseline,887730
baseline,934904
baseline,842763
baseline,924476
baseline,828893
baseline,841627
baseline,754728
baseline,792702
baseline,744646
baseline,780087
baseline,884668
baseline,870224
baseline,946657
baseline,943362
baseline,1036143
baseline,852301
baseline,742187
baseline,741889
baseline,1253879
baseline,864309
baseline,1255294
baseline,1007642
baseline,830072
baseline,881750
baseline,1052474
baseline,1058073
baseline,1015685
baseline,856989
baseline,1171691
baseline,977337
baseline,909273
baseline,1128427
baseline,766965
baseline,914196
baseline,764427
baseline,1078455
baseline,1041722
baseline,983314
baseline,1761900
baseline,1172150
baseline,885693
baseline,1018513
baseline,1019507
baseline,920467
baseline,841655
baseline,834827
baseline,973111
baseline,1151624
baseline,1158831
baseline,1171977
baseline,895109
baseline,766668
baseline,910523
baseline,988553
baseline,723379
baseline,790383
baseline,1263650
baseline,957207
baseline,857056
baseline,865296
baseline,1045392
baseline,1134866
baseline,806163
baseline,941852
baseline,781207
baseline,1009377
baseline,1082496
baseline,1157086
baseline,1098696
baseline,1184229
baseline,935384
baseline,886178
baseline,872765
baseline,713412
baseline,752451
baseline,871272
baseline,1039931
baseline,1016589
baseline,790738
baseline,896156
baseline,915565
baseline,942914
baseline,858126
baseline,882091
baseline,911243
baseline,1087651
baseline,958467
baseline,910532
baseline,913351
baseline,794633
baseline,804603
baseline,1192645
baseline,1170787
baseline,1298650
baseline,906240
baseline,1031451
baseline,835350
baseline,1290187
baseline,829957
baseline,945790
baseline,816146
baseline,767464
baseline,854404
baseline,992003
baseline,1178648
baseline,1035740
baseline,999282
baseline,939297
baseline,817984
baseline,823557
baseline,860183
baseline,1062555
baseline,1278073
baseline,1084827
baseline,866047
baseline,958791
baseline,951683
baseline,1088253
baseline,1130113
baseline,749895
baseline,940460
baseline,1172112
baseline,1317476
baseline,1069047
baseline,952454
baseline,1088480
baseline,1033757
baseline,1405027
baseline,1204443
baseline,1193808
baseline,1001369
baseline,1272098
baseline,926650
baseline,1304528
baseline,999981
baseline,1196730
baseline,996908
baseline,941113
baseline,788139
baseline,908900
baseline,846494
baseline,854822
baseline,877016
baseline,1043088
baseline,993406
baseline,856694
baseline,845441
baseline,1023731
baseline,919056
baseline,1114835
baseline,1038160
baseline,713706
baseline,1077266
baseline,1126678
baseline,1127640
baseline,1024655
baseline,971074
baseline,1173220
baseline,1061964
baseline,1075850
baseline,1069009
baseline,929996
baseline,810655
baseline,948850
baseline,1412559
baseline,969479
baseline,931060
baseline,1514856
baseline,1043571
baseline,1299109
baseline,1020131
baseline,911422
baseline,735191
baseline,1206765
baseline,1001958
baseline,1161651
baseline,988093
baseline,990060
baseline,950126
baseline,1212996
baseline,1057989
baseline,763479
baseline,899018
baseline,758033
baseline,915995
baseline,1032525
baseline,801831
baseline,878566
baseline,889138
baseline,922069
baseline,875917
baseline,1035785
baseline,1078222
baseline,1091169
baseline,1040387
baseline,1088765
baseline,995846
baseline,1059836
baseline,861397
baseline,943657
baseline,1420756
baseline,1039744
baseline,1069019
baseline,971273
baseline,780609
baseline,976202
baseline,1044965
baseline,980951
baseline,1191953
baseline,1096532
baseline,1011801
baseline,1052171
baseline,1117671
baseline,1009231
baseline,917326
baseline,798144
baseline,1036421
baseline,1126265
baseline,801437
baseline,1091814
baseline,1012402
baseline,1121381
baseline,944814
baseline,1031275
baseline,924655
baseline,913351
baseline,962190
baseline,756752
baseline,879851
baseline,1006500
baseline,887923
baseline,694947
baseline,846811
baseline,987482
baseline,1007664
baseline,771465
baseline,993003
baseline,1324333
baseline,1125750
baseline,830168
baseline,939467
baseline,907427
baseline,951269
baseline,1033014
baseline,1062325
baseline,1211267
baseline,803829
baseline,1084535
baseline,934923
baseline,973933
baseline,1083188
baseline,1043452
baseline,867069
baseline,930106
baseline,938575
baseline,993959
baseline,1127384
baseline,1114234
baseline,1046888
baseline,807549
baseline,1097065
baseline,864124
baseline,888170
baseline,1095792
baseline,922843
baseline,1048774
baseline,989299
baseline,894549
baseline,899022
baseline,1001645
baseline,894024
baseline,728626
baseline,733091
baseline,720866
baseline,1024106
baseline,931320
baseline,999964
baseline,970694
baseline,1135407
baseline,947252
baseline,832069
baseline,895052
baseline,718341
baseline,798259
baseline,691078
baseline,1014436
baseline,934317
baseline,873013
baseline,1015525
baseline,918212
baseline,941550
baseline,948587
baseline,901755
baseline,811820
baseline,1067884
baseline,1365190
baseline,959600
baseline,1002875
baseline,1029027
baseline,1211693
baseline,1013036
baseline,963835
baseline,1015052
baseline,1064317
baseline,896108
baseline,1085272
baseline,1136653
baseline,969583
baseline,996903
baseline,830559
baseline,803141
baseline,953215
baseline,905985
baseline,1179734
baseline,1266678
baseline,929917
baseline,1162485
baseline,1174486
baseline,1055292
baseline,1035774
baseline,1161120
baseline,813022
baseline,691181
baseline,943782
baseline,964222
baseline,761468
baseline,760946
baseline,894940
baseline,742244
baseline,874801
baseline,1177794
baseline,1011517
baseline,810442
baseline,1012757
baseline,778009
baseline,1002215
baseline,946680
baseline,1120348
baseline,906414
baseline,1027939
baseline,810684
baseline,1056226
baseline,1217437
baseline,1083897
baseline,918821
baseline,896776
baseline,1053979
baseline,1005138
baseline,1073251
baseline,1143659
baseline,1227553
baseline,1375423
baseline,1203186
baseline,1083235
baseline,990477
baseline,825012
baseline,927394
baseline,821458
baseline,943103
baseline,764962
baseline,797539
baseline,987404
baseline,910081
baseline,1018346
baseline,879248
baseline,849963
baseline,1115564
baseline,885095
baseline,799278
baseline,774571
baseline,863177
baseline,773352
baseline,888149
baseline,871027
baseline,1051037
baseline,923472
baseline,1114812
baseline,921375
baseline,1057688
baseline,1057477
baseline,861266
baseline,1130848
baseline,1153678
baseline,899576
baseline,1137612
baseline,1035619
baseline,844097
baseline,996670
baseline,1011158
baseline,955745
baseline,1005667
baseline,947664
baseline,884852
baseline,1192435
baseline,1136185
baseline,848399
baseline,723457
baseline,836334
baseline,818978
baseline,915911
baseline,847666
baseline,954006
baseline,1055509
baseline,1043308
baseline,877581
baseline,1090160
baseline,928095
baseline,991818
baseline,885673
baseline,871904
baseline,882703
baseline,924056
baseline,1053728
baseline,973411
baseline,877647
baseline,939132
baseline,982043
baseline,994943
baseline,1045528
baseline,945786
baseline,1088482
baseline,1062052
baseline,1149499
baseline,1046848
baseline,1020690
baseline,989274
baseline,1132729
baseline,935622
baseline,952969
baseline,847556
baseline,844562
baseline,796967
baseline,900174
baseline,750660
baseline,727045
baseline,1056502
baseline,1223433
baseline,953730
baseline,990535
baseline,977785
baseline,840086
baseline,805240
baseline,945609
baseline,807053
baseline,956037
baseline,1013082
baseline,874919
baseline,1095915
baseline,892011
baseline,917460
baseline,898047
baseline,978504
baseline,915350
baseline,787188
baseline,810902
baseline,734467
baseline,923537
baseline,1154560
baseline,879822
baseline,851886
baseline,1037970
baseline,862718
baseline,875273
baseline,1066638
baseline,950794
baseline,838319
baseline,912318
baseline,1063913
baseline,1290203
baseline,906381
baseline,946159
baseline,1011083
baseline,911075
baseline,1213446
baseline,1100511
baseline,1003227
baseline,1034904
baseline,790919
baseline,936590
baseline,1118471
baseline,1053853
baseline,949392
baseline,1019896
baseline,1152078
baseline,1039716
baseline,936186
baseline,947335
baseline,775138
baseline,771460
baseline,861088
baseline,989207
baseline,938996
baseline,743879
baseline,829810
baseline,952197
baseline,900537
baseline,1115192
baseline,936220
baseline,1112295
baseline,1057598
baseline,959343
baseline,1067442
baseline,1009039
baseline,933510
baseline,708509
baseline,946639
baseline,1198075
baseline,1151154
baseline,1222547
baseline,1202070
baseline,1184926
baseline,1179152
baseline,1253988
baseline,968411
baseline,935934
baseline,928546
baseline,1117304
baseline,976720
baseline,920041
baseline,856896
baseline,922702
baseline,768839
baseline,806869
baseline,831101
baseline,985731
baseline,804037
baseline,1119368
baseline,954337
baseline,874905
baseline,832838
baseline,1300978
baseline,1085459
baseline,1040924
baseline,916270
baseline,952285
baseline,768512
baseline,956426
baseline,826010
baseline,1045101
baseline,1020846
baseline,829612
baseline,873654
baseline,908475
baseline,869758
baseline,918611
baseline,785501
baseline,791167
baseline,857634
baseline,1071181
baseline,863147
baseline,864687
baseline,925923
baseline,897200
baseline,952415
baseline,968868
baseline,940706
baseline,1066672
baseline,874918
baseline,781132
baseline,840696
baseline,984560
baseline,882390
baseline,1167190
baseline,1122866
baseline,1558941
baseline,942701
baseline,855852
baseline,833799
baseline,799140
baseline,976932
baseline,1258206
baseline,879947
baseline,852642
baseline,1151929
baseline,1009271
baseline,975390
baseline,948065
baseline,873022
baseline,1127467
baseline,1158491
baseline,1043373
baseline,947064
baseline,1233693
baseline,998499
baseline,852824
baseline,967192
baseline,1024743
baseline,927535
baseline,983699
baseline,1104672
baseline,1211583
baseline,1101414
baseline,1062720
baseline,874281
baseline,851225
baseline,942335
baseline,1231501
baseline,1034506
baseline,1004384
baseline,1138467
baseline,1160224
baseline,918099
baseline,818044
baseline,706937
baseline,820261
baseline,1114077
baseline,977878
baseline,885565
baseline,945904
baseline,892563
baseline,789822
baseline,1010744
baseline,915930
baseline,998172
baseline,1034865
baseline,890721
baseline,827090
baseline,869059
baseline,925403
baseline,1288141
baseline,1000260
baseline,829050
baseline,1215609
baseline,911636
baseline,1158267
baseline,953978
baseline,898915
baseline,1016915
baseline,992840
baseline,989447
baseline,968945
baseline,1170660
baseline,1149649
baseline,1190581
baseline,1139762
baseline,1175408
baseline,970515
baseline,827232
baseline,886151
baseline,918672
baseline,1087476
baseline,1111166
baseline,1003839
baseline,813138
baseline,973613
baseline,939814
baseline,921417
baseline,951228
baseline,794284
baseline,1163375
baseline,1327043
baseline,1132122
baseline,1283309
baseline,1092711
baseline,1108786
baseline,1039845
baseline,871387
baseline,847048
baseline,1166720
baseline,966333
baseline,901934
baseline,1151917
baseline,1207301
baseline,1057394
baseline,1168952
baseline,1146700
baseline,1243988
baseline,1039494
baseline,1045901
baseline,1291878
baseline,946635
baseline,1001204
baseline,1069927
baseline,918512
baseline,970594
baseline,1075933
baseline,977571
baseline,1108060
baseline,1422399
baseline,969274
baseline,1196648
baseline,1121134
baseline,986600
baseline,1021099
baseline,893391
baseline,969920
baseline,1021222
baseline,1048667
baseline,872339
baseline,904851
baseline,960756
baseline,926207
baseline,1033851
baseline,1006975
baseline,978065
baseline,1089820
baseline,1334134
baseline,1049711
baseline,797284
baseline,1140793
baseline,1017978
baseline,1098157
baseline,901844
baseline,1058522
baseline,1313219
baseline,1024388
baseline,967678
baseline,993200
baseline,919357
baseline,989298
baseline,1180530
baseline,955899
baseline,764309
baseline,892202
baseline,879874
baseline,929722
baseline,1043098
baseline,1012185
baseline,877260
baseline,1003797
baseline,789525
baseline,760644
baseline,983267
baseline,893168
baseline,1015390
baseline,1010075
baseline,854713
baseline,859916
baseline,790824
baseline,1025028
baseline,1062713
baseline,1012592
baseline,833999
baseline,1065119
baseline,986616
baseline,836159
baseline,961034
baseline,1008654
baseline,1083298
baseline,940407
baseline,1129286
baseline,807355
baseline,890173
baseline,1026443
baseline,917035
baseline,1124200
baseline,971965
baseline,1018192
baseline,1094705
baseline,975054
baseline,992890
baseline,858483
baseline,853209
baseline,828772
baseline,948265
baseline,1104802
baseline,1170319
baseline,1046917
baseline,1090362
baseline,1527685
baseline,932359
baseline,870901
baseline,976974
baseline,823422
baseline,1150936
baseline,1059650
baseline,1032366
baseline,1174987
baseline,1014239
baseline,987171
baseline,1043691
baseline,1017874
baseline,758500
baseline,1054872
baseline,1256930
baseline,1141479
baseline,1330709
baseline,1167520
baseline,1211496
baseline,869213
baseline,1173958
baseline,1158195
baseline,1136414
baseline,1156205
baseline,1218954
baseline,955454
baseline,1028138
baseline,925878
baseline,764952
baseline,827894
baseline,1068376
baseline,1027874
baseline,824368
baseline,899123
baseline,897954
baseline,856334
baseline,927997
baseline,898893
baseline,967705
baseline,1324454
baseline,872333
baseline,760469
baseline,758166
baseline,848035
baseline,848912
baseline,978208
baseline,769572
baseline,795024
baseline,861910
baseline,991140
baseline,913751
baseline,1009006
baseline,980338
baseline,1005384
baseline,874065
baseline,1030687
baseline,880371
baseline,834910
baseline,1121291
baseline,1208491
baseline,947111
baseline,1000944
baseline,849666
baseline,771117
baseline,1035653
baseline,1128656
baseline,1147433
baseline,782384
baseline,1071582
baseline,935153
baseline,1141709
baseline,1156714
baseline,1023349
baseline,908627
baseline,1106679
baseline,923442
baseline,889644
baseline,885482
baseline,990351
baseline,1309119
baseline,954321
baseline,1239586
baseline,1071239
baseline,912620
baseline,1137413
baseline,928907
baseline,894458
baseline,1095086
baseline,845294
baseline,1055388
baseline,1121463
baseline,1072553
baseline,1174833
baseline,980827
baseline,980924
baseline,817191
baseline,1050030
baseline,704409
baseline,804330
baseline,1102344
baseline,1041164
baseline,1011282
baseline,1081427
baseline,897594
baseline,935971
baseline,873586
baseline,894552
baseline,1069431
baseline,959009
baseline,829167
baseline,745164
baseline,630281
baseline,868446
baseline,757831
baseline,711242
baseline,947222
baseline,1001336
baseline,962942
baseline,765041
baseline,1060029
baseline,1005941
baseline,909891
baseline,806465
baseline,1013435
baseline,954278
baseline,1099564
baseline,961955
baseline,681765
baseline,728705
baseline,917515
baseline,690249
baseline,870091
baseline,930266
baseline,721135
baseline,847354
baseline,1053540
baseline,1049939
baseline,1129397
baseline,1059878
baseline,1005306
baseline,917949
baseline,1033777
baseline,940288
baseline,1005301
baseline,1416018
baseline,1322055
baseline,1052363
baseline,1352661
baseline,1095466
baseline,897390
baseline,1087605
baseline,1148870
baseline,984456
baseline,1257927
baseline,1164405
baseline,1009348
baseline,893379
baseline,974139
baseline,901606
baseline,1090082
baseline,677105
baseline,897229
baseline,1004379
baseline,905294
baseline,1088963
baseline,942074
baseline,1093162
baseline,946447
baseline,1072163
baseline,936606
baseline,915688
baseline,1033826
baseline,944270
baseline,995761
baseline,1229730
baseline,915435
baseline,1008642
baseline,1034748
baseline,875049
baseline,976494
baseline,887576
baseline,1107380
baseline,1121961
baseline,956775
baseline,830549
baseline,752999
baseline,595771
baseline,628714
baseline,733080
baseline,1031454
baseline,777652
baseline,848455
baseline,1202798
baseline,879010
baseline,970749
baseline,855627
baseline,819646
baseline,1131718
baseline,1290208
baseline,1153082
baseline,908809
baseline,948413
baseline,925161
baseline,958127
baseline,1111507
baseline,917510
baseline,1002683
baseline,1032776
baseline,1164215
baseline,938664
baseline,1034691
baseline,1081928
baseline,923505
baseline,957162
baseline,943676
baseline,1078107
baseline,1166338
baseline,936311
baseline,1156454
baseline,1404889
baseline,1080314
baseline,1060916
baseline,1058840
baseline,1196903
baseline,1075260
baseline,739931
baseline,1075708
baseline,920400
baseline,964153
baseline,934653
baseline,1125395
baseline,967229
baseline,1051343
baseline,1165199
baseline,1197290
baseline,1328478
baseline,1065514
baseline,1173577
baseline,1100189
baseline,923720
baseline,863194
baseline,1056223
baseline,1091731
baseline,1282171
baseline,1222122
baseline,1191884
baseline,1226411
baseline,981780
baseline,874900
baseline,904607
baseline,920014
baseline,1115950
baseline,1369017
baseline,676208
baseline,785002
baseline,844454
baseline,953188
baseline,840844
baseline,811339
baseline,1048921
baseline,1113582
baseline,1429132
baseline,1142485
baseline,1073392
baseline,806565
baseline,1044632
baseline,951756
baseline,916735
baseline,1205507
baseline,1294071
baseline,1022295
baseline,872524
baseline,1426874
baseline,1371022
baseline,1245025
baseline,1192895
baseline,864974
baseline,1217736
baseline,1050487
baseline,1003652
baseline,994216
baseline,874297
baseline,1127743
baseline,1117690
baseline,950018
baseline,1032306
baseline,1066219
baseline,994588
baseline,942449
baseline,1090968
baseline,841110
baseline,875271
baseline,961375
baseline,905016
baseline,948217
baseline,927048
baseline,866492
baseline,1066822
baseline,854276
baseline,967213
baseline,956010
baseline,1254112
baseline,814073
baseline,1018101
baseline,1039179
baseline,1000676
baseline,954599
baseline,964725
baseline,845525
baseline,997455
baseline,1086644
baseline,850693
baseline,879617
baseline,1152921
baseline,1102207
baseline,845369
baseline,961847
baseline,1067426
baseline,872437
baseline,814241
baseline,949555
baseline,1019074
baseline,918886
baseline,1003902
baseline,864475
baseline,793316
baseline,878533
baseline,1122050
baseline,1197345
baseline,1098291
baseline,887845
baseline,758420
baseline,952171
baseline,919382
baseline,1048737
baseline,966039
baseline,946332
baseline,1190432
baseline,912517
baseline,934461
baseline,1013672
baseline,1023312
baseline,966721
baseline,889977
baseline,965638
baseline,993804
baseline,1078965
baseline,1029097
baseline,1147138
baseline,885074
baseline,880652
baseline,1172624
baseline,1076126
baseline,1122240
baseline,929071
baseline,1019805
baseline,1106269
baseline,1193905
baseline,1339834
baseline,1263275
baseline,1150702
baseline,901523
baseline,1057669
baseline,1190337
baseline,952824
baseline,817631
baseline,979317
baseline,1135771
baseline,1314591
baseline,1153291
baseline,960462
baseline,1017477
baseline,947249
baseline,875208
baseline,1065017
baseline,1214423
baseline,978763
baseline,1276797
baseline,1320580
baseline,887572
baseline,1185216
baseline,1084966
baseline,1055613
baseline,983171
baseline,917759
baseline,1061053
baseline,953452
baseline,1228283
baseline,1159588
baseline,989878
baseline,1041687
baseline,1058692
baseline,746292
baseline,821078
baseline,736528
baseline,730776
baseline,845922
baseline,933912
baseline,988754
baseline,988913
baseline,1037907
baseline,962785
baseline,980432
baseline,1069077
baseline,1210850
baseline,941143
baseline,991385
baseline,808966
baseline,734873
baseline,843986
baseline,950299
baseline,939340
baseline,895712
baseline,920888
baseline,1053928
baseline,960509
baseline,937526
baseline,889903
baseline,1105266
baseline,1036640
baseline,1077278
baseline,1029367
baseline,1202524
baseline,1277727
baseline,752883
baseline,704078
baseline,848001
baseline,969562
baseline,821315
baseline,1002232
baseline,1046563
baseline,1037700
baseline,854574
baseline,978534
baseline,1242311
baseline,856274
baseline,1128605
baseline,983929
baseline,1079954
baseline,1085959
baseline,1436596
baseline,1159549
baseline,954162
baseline,684140
baseline,885049
baseline,819649
baseline,902301
baseline,1125722
baseline,1107686
baseline,1094571
baseline,1037180
baseline,898780
baseline,1302810
baseline,810554
baseline,810281
baseline,850731
baseline,707166
baseline,797296
baseline,1068073
baseline,947654
baseline,988540
baseline,1012615
baseline,1149609
baseline,1157556
baseline,1006995
baseline,906877
baseline,1023099
baseline,911573
baseline,973377
baseline,959712
baseline,987401
baseline,1188445
baseline,892437
baseline,926349
baseline,1099747
baseline,1071682
baseline,917371
baseline,794965
baseline,1175411
baseline,1131824
baseline,1133236
baseline,934359
baseline,931694
baseline,1065145
baseline,1234112
baseline,1132311
baseline,953724
baseline,928492
baseline,1007527
baseline,1025281
baseline,978268
baseline,900693
baseline,957037
baseline,907922
baseline,963099
baseline,739285
baseline,946482
baseline,967520
baseline,1080971
baseline,1111541
baseline,895226
baseline,991172
baseline,1044509
baseline,1009657
baseline,981949
baseline,1010002
baseline,988541
baseline,1303773
baseline,1090199
baseline,1070142
baseline,1149677
baseline,1245476
baseline,1030962
baseline,967674
baseline,871146
baseline,875662
baseline,968410
baseline,735545
baseline,951756
baseline,958170
baseline,1135597
baseline,1064241
baseline,1285168
baseline,1185841
baseline,951103
baseline,999974
baseline,1152765
baseline,1247985
baseline,829713
baseline,846627
baseline,855328
baseline,748113
baseline,850618
baseline,815569
baseline,703448
baseline,791075
baseline,1037784
baseline,986915
baseline,1213640
baseline,1182695
baseline,1449648
baseline,1170790
baseline,1034374
baseline,1017099
baseline,1363785
baseline,1176004
baseline,1106657
baseline,917854
baseline,873155
baseline,715572
baseline,860584
baseline,902600
baseline,1126991
baseline,1019283
baseline,1119281
baseline,850877
baseline,1162088
baseline,1023785
baseline,1097178
baseline,874500
baseline,1143763
baseline,859821
baseline,896007
baseline,1133393
baseline,1066579
baseline,773539
baseline,989774
baseline,944210
baseline,842259
baseline,859394
baseline,1332361
baseline,1110947
baseline,1277728
baseline,1086327
baseline,1289985
baseline,1057155
baseline,1519302
baseline,1183963
baseline,1186374
baseline,1030613
baseline,1073626
baseline,927084
baseline,1088804
baseline,1006745
baseline,895872
baseline,857904
baseline,861371
baseline,960850
baseline,1023688
baseline,1027406
baseline,1060973
baseline,1096673
baseline,1172274
baseline,801156
baseline,971835
baseline,1049566
baseline,876983
baseline,988971
baseline,1273349
baseline,976984
baseline,1221608
baseline,1181650
baseline,1269573
baseline,1118118
baseline,973177
baseline,1335797
baseline,1169670
baseline,988546
baseline,970498
baseline,1045164
baseline,850075
baseline,1149309
baseline,1132582
baseline,879744
baseline,1015408
baseline,962902
baseline,1010351
baseline,1169056
baseline,962731
baseline,658809
baseline,847997
baseline,1049018
baseline,992917
baseline,1109504
baseline,786529
baseline,841059
baseline,930782
baseline,852084
baseline,1076963
baseline,985738
baseline,974772
baseline,1053132
baseline,930276
baseline,952345
baseline,1006361
baseline,918357
baseline,854228
baseline,904316
baseline,768765
baseline,660262
baseline,873024
baseline,1026978
baseline,1059435
baseline,897438
baseline,1044897
baseline,978053
baseline,997644
baseline,1230405
baseline,949688
baseline,962667
baseline,879521
baseline,979124
baseline,764621
baseline,951617
baseline,1097983
baseline,1067045
baseline,966295
baseline,936086
baseline,1328479
baseline,1163006
baseline,1306852
baseline,1286495
baseline,968800
baseline,1147735
baseline,1112432
baseline,1170764
baseline,964272
baseline,1056373
baseline,1394870
baseline,1103354
baseline,1093734
baseline,1283240
baseline,1130226
baseline,931240
baseline,1093684
baseline,1043959
baseline,1139255
baseline,1315879
baseline,1303249
baseline,1032737
baseline,1040267
baseline,1302916
baseline,1104334
baseline,1006748
baseline,1149096
baseline,891989
baseline,1005536
baseline,949259
baseline,944895
baseline,990616
baseline,956046
baseline,925008
baseline,890410
baseline,942963
baseline,847055
baseline,885004
baseline,896857
baseline,1037899
baseline,1208206
baseline,1049878
baseline,1282920
baseline,927288
baseline,826621
baseline,939317
baseline,1006850
baseline,897571
baseline,908411
baseline,886161
baseline,781967
baseline,848195
baseline,932402
baseline,869498
baseline,911368
baseline,1002033
baseline,1047653
baseline,877352
baseline,1098361
baseline,795367
baseline,775059
baseline,878825
baseline,961190
baseline,848934
baseline,814683
baseline,888960
baseline,978589
baseline,1135273
baseline,1145563
baseline,997327
baseline,1119438
baseline,1030409
baseline,1080838
baseline,1348661
baseline,915650
baseline,1271968
baseline,953733
baseline,1067012
baseline,923458
baseline,887028
baseline,1183370
baseline,1009307
baseline,998086
baseline,887283
baseline,894321
baseline,806335
baseline,931745
baseline,1030479
baseline,1108443
baseline,1071356
baseline,1037660
baseline,1330217
baseline,1333020
baseline,1249142
baseline,950396
baseline,980100
baseline,951079
baseline,821208
baseline,980793
baseline,924303
baseline,1034600
baseline,991214
baseline,1159119
baseline,1285947
baseline,1382152
baseline,950660
baseline,1185763
baseline,1023052
baseline,972858
baseline,866524
baseline,852767
baseline,1221456
baseline,851532
baseline,1039968
baseline,933310
baseline,824034
baseline,931901
baseline,1030173
baseline,1052356
baseline,932837
baseline,1037815
baseline,1038194
baseline,773333
baseline,964571
baseline,900500
baseline,1053718
baseline,915146
baseline,1067448
baseline,849645
baseline,1007491
baseline,1006598
baseline,860315
baseline,873264
baseline,848379
baseline,982200
baseline,849143
baseline,1195325
baseline,931100
baseline,975310
baseline,1112861
baseline,1091867
baseline,1051325
baseline,1220988
baseline,952876
baseline,1070881
baseline,833733
baseline,802679
baseline,959789
baseline,850735
baseline,837430
baseline,951109
baseline,1004953
baseline,1150063
baseline,1146463
baseline,967476
baseline,1233714
baseline,951584
baseline,1180331
baseline,1150971
baseline,1091989
baseline,971130
baseline,922276
baseline,989470
baseline,778871
baseline,994752
baseline,994484
baseline,836280
baseline,966326
baseline,927620
baseline,790481
baseline,885295
baseline,717456
baseline,985938
baseline,1045389
baseline,916794
baseline,972167
baseline,1144326
baseline,987651
baseline,1070156
baseline,1183631
baseline,1103271
baseline,1027325
baseline,905619
baseline,1016993
baseline,939823
baseline,1022125
baseline,864378
baseline,861157
baseline,947996
baseline,1062360
baseline,1233465
baseline,1162660
baseline,965023
baseline,736958
baseline,1151541
baseline,1030133
baseline,1008351
baseline,1053850
baseline,1112038
baseline,894257
baseline,805537
baseline,719045
baseline,866024
baseline,806247
baseline,743078
baseline,1020258
baseline,962698
baseline,1075407
baseline,918656
baseline,884237
baseline,1002167
baseline,1059419
baseline,882968
baseline,916484
baseline,1037549
baseline,970067
baseline,1085794
baseline,987118
baseline,994994
baseline,986538
baseline,1199092
baseline,1079694
baseline,1091063
baseline,1040589
baseline,1034411
baseline,1028653
baseline,1213187
baseline,1040463
baseline,850535
baseline,1105896
baseline,1067189
baseline,1117244
baseline,1133747
baseline,845882
baseline,1043511
baseline,996584
baseline,1014483
baseline,947411
baseline,1045179
baseline,1066734
baseline,1231360
baseline,844271
baseline,930621
baseline,991784
baseline,859119
baseline,1060332
baseline,990858
baseline,959521
baseline,917940
baseline,1035381
baseline,1068285
baseline,696032
baseline,984187
baseline,956128
baseline,1074245
baseline,1202362
baseline,929083
baseline,1000998
baseline,1063385
baseline,1127728
baseline,901080
baseline,1053112
baseline,1035555
baseline,862343
baseline,973014
baseline,1285079
baseline,970456
baseline,1127387
baseline,729636
baseline,1043180
baseline,1096985
baseline,1142044
baseline,963078
baseline,1206400
baseline,1129084
baseline,976287
baseline,1063213
baseline,879822
baseline,1010372
baseline,1155937
baseline,1068310
baseline,993237
baseline,938674
baseline,1058558
baseline,805392
baseline,980458
baseline,1212590
baseline,1212233
baseline,1028048
baseline,859827
baseline,805764
baseline,1039961
baseline,852668
baseline,859536
baseline,974509
baseline,843105
baseline,952840
baseline,1028811
baseline,1002790
baseline,883283
baseline,1155517
baseline,1086489
baseline,851740
baseline,949140
baseline,1078153
baseline,859871
baseline,878465
baseline,897051
baseline,1018186
baseline,794404
baseline,730094
baseline,1126550
baseline,1074997
baseline,1035320
baseline,993514
baseline,924706
baseline,820935
baseline,990410
baseline,696101
baseline,1100722
baseline,1118171
baseline,1156948
baseline,858465
baseline,1055390
baseline,892300
baseline,1010698
baseline,974701
baseline,1082508
baseline,1104468
baseline,1131151
baseline,971431
baseline,1025440
baseline,1000575
baseline,885319
baseline,1118453
baseline,1030936
baseline,877999
baseline,1111024
baseline,1091218
baseline,1081762
baseline,834403
baseline,1065217
baseline,1314321
baseline,1197621
baseline,959038
baseline,1239568
baseline,1145389
baseline,998901
baseline,1109424
baseline,1304255
baseline,1169476
baseline,1103079
baseline,1532976
baseline,917823
baseline,898445
baseline,1014099
baseline,1279397
baseline,957756
baseline,1016467
baseline,1048108
baseline,923198
baseline,1051058
baseline,926354
baseline,954584
baseline,1004464
baseline,1056212
baseline,850212
baseline,1268021
baseline,881412
baseline,957184
baseline,1004525
baseline,1223046
baseline,1139229
baseline,867535
baseline,927850
baseline,826540
baseline,960911
baseline,1161150
baseline,819086
baseline,1104941
baseline,896117
baseline,1235355
baseline,1075334
baseline,930203
baseline,964492
baseline,1093311
baseline,1084277
baseline,1050692
baseline,1113024
baseline,900150
baseline,1104590
baseline,908099
baseline,937729
baseline,801205
baseline,903285
baseline,1089345
baseline,773004
baseline,856818
baseline,1078006
baseline,1053009
baseline,1055738
baseline,1252865
baseline,1006792
baseline,1097745
baseline,1056620
baseline,1182113
baseline,980449
baseline,977081
baseline,1069022
baseline,1079969
baseline,785425
baseline,828131
baseline,1046126
baseline,1034054
baseline,1009899
baseline,963415
baseline,794587
baseline,1061118
baseline,1156652
baseline,1096494
baseline,1057967
baseline,1034959
baseline,1057521
baseline,823587
baseline,993675
baseline,961431
baseline,1045137
baseline,1133306
baseline,1098013
baseline,846045
baseline,965804
baseline,898999
baseline,1178568
baseline,1084233
baseline,1144392
baseline,925010
baseline,958486
baseline,1132316
baseline,756853
baseline,842662
baseline,956250
baseline,823083
baseline,932881
baseline,889991
baseline,852154
baseline,884631
baseline,1024541
baseline,1228036
baseline,1031658
baseline,864569
baseline,1039671
baseline,1110948
baseline,934032
baseline,1004344
baseline,931967
baseline,899957
baseline,917735
baseline,890379
baseline,1410196
baseline,1238964
baseline,1250744
baseline,1204994
baseline,996486
baseline,1051916
baseline,898575
baseline,940104
baseline,1038126
baseline,1054341
baseline,804606
baseline,1076167
baseline,884462
baseline,677046
baseline,996285
baseline,1032149
baseline,1057378
baseline,963666
baseline,961711
baseline,903971
baseline,1018288
baseline,1060025
baseline,983221
baseline,1058478
baseline,927307
baseline,795720
baseline,872560
baseline,1032709
baseline,1026681
baseline,825376
baseline,961055
baseline,941583
baseline,952050
baseline,1021458
baseline,933495
baseline,911977
baseline,995310
baseline,1070987
baseline,1003084
baseline,1097015
baseline,1346973
baseline,1128929
baseline,1133975
baseline,931034
baseline,917046
baseline,1051695
baseline,761571
baseline,1164463
baseline,1003213
baseline,663336
baseline,913505
baseline,852455
baseline,826917
baseline,1037167
baseline,892529
baseline,965003
baseline,892885
baseline,978669
baseline,981967
baseline,857037
baseline,1039085
baseline,937591
baseline,1014301
baseline,1101269
baseline,1059109
baseline,1084423
baseline,1043245
baseline,1046046
baseline,988136
baseline,919442
baseline,1051421
baseline,957998
baseline,785192
baseline,797461
baseline,941062
baseline,899345
baseline,984854
baseline,1095102
baseline,957075
baseline,936402
baseline,889556
baseline,930889
baseline,1027371
baseline,741051
baseline,1047497
baseline,1320029
baseline,1028548
baseline,821329
baseline,726763
baseline,725153
baseline,889610
baseline,1004761
baseline,777624
baseline,1081120
baseline,759042
baseline,814727
baseline,1160272
baseline,1076630
baseline,1198715
baseline,987977
baseline,937079
baseline,944426
baseline,956822
baseline,936303
baseline,940673
baseline,929558
baseline,707647
baseline,874235
baseline,955550
baseline,925568
baseline,797345
baseline,961854
baseline,991080
baseline,958610
baseline,734034
baseline,818944
baseline,899356
baseline,982816
baseline,1035928
baseline,740772
baseline,700572
baseline,898745
baseline,804504
baseline,766849
baseline,889312
baseline,841649
baseline,838007
baseline,969586
baseline,894424
baseline,948499
baseline,899848
baseline,1128429
baseline,1178922
baseline,1082456
baseline,954877
baseline,868622
baseline,751619
baseline,1028909
baseline,799392
baseline,1064780
baseline,995809
baseline,994281
baseline,1157731
baseline,1066830
baseline,1120514
baseline,938652
baseline,1125419
baseline,1014249
baseline,1012211
baseline,899039
baseline,771568
baseline,810576
baseline,903855
baseline,979333
baseline,833840
baseline,926542
baseline,961783
baseline,953994
baseline,975751
baseline,826104
baseline,939179
baseline,1093704
baseline,1015380
baseline,1135822
baseline,1173071
baseline,1080151
baseline,1007932
baseline,1047672
baseline,1023690
baseline,951994
baseline,934320
baseline,980199
baseline,1017695
baseline,980053
baseline,916963
baseline,765728
baseline,1023444
baseline,865937
baseline,1117292
baseline,1146784
baseline,1039722
baseline,1090148
baseline,995736
baseline,981530
baseline,893156
baseline,896520
baseline,1096066
baseline,1074776
baseline,837135
baseline,1066549
baseline,949403
baseline,1016848
baseline,751703
baseline,817972
baseline,952981
baseline,964650
baseline,887075
baseline,979781
baseline,1043065
baseline,1181512
baseline,1427990
baseline,1299941
baseline,927783
baseline,678849
baseline,911159
baseline,801250
baseline,1054322
baseline,824698
baseline,1104283
baseline,1080013
baseline,1051417
baseline,882175
baseline,1285645
baseline,925458
baseline,1003040
baseline,992265
baseline,838188
baseline,976695
baseline,946588
baseline,896523
baseline,921081
baseline,975298
baseline,1174635
baseline,1163653
baseline,833702
baseline,873627
baseline,947458
baseline,1241430
baseline,1039875
baseline,1048898
baseline,964101
baseline,681184
baseline,953716
baseline,951411
baseline,928593
baseline,902027
baseline,1288447
baseline,1017073
baseline,1074602
baseline,886173
baseline,1049788
baseline,1098217
baseline,920417
baseline,865704
baseline,790451
baseline,1058050
baseline,1178345
baseline,1000503
baseline,1148936
baseline,1200711
baseline,1139337
baseline,1298063
baseline,1134324
baseline,1164833
baseline,1121974
baseline,1110155
baseline,1189673
baseline,1065419
baseline,1085721
baseline,1020858
baseline,834133
baseline,957140
baseline,895255
baseline,1088543
baseline,1202031
baseline,1371297
baseline,1154741
baseline,1005360
baseline,971018
baseline,1024310
baseline,990393
baseline,1051959
baseline,1327703
baseline,1166472
baseline,1014030
baseline,917698
baseline,1016410
baseline,1074133
baseline,1129664
baseline,1103552
baseline,1052532
baseline,891068
baseline,945185
baseline,920276
baseline,900629
baseline,813254
baseline,827464
baseline,851192
baseline,806967
baseline,996036
baseline,911174
baseline,997719
baseline,917386
baseline,1092222
baseline,1308470
baseline,1014501
baseline,1071296
baseline,845246
baseline,1199538
baseline,891089
baseline,1029658
baseline,909253
baseline,960419
baseline,1079273
baseline,1064353
baseline,928706
baseline,1275746
baseline,1044498
baseline,1041166
baseline,925718
baseline,1068160
baseline,1007820
baseline,926162
baseline,973352
baseline,869065
baseline,996398
baseline,863871
baseline,1052400
baseline,975313
baseline,996818
baseline,1018489
baseline,1194153
baseline,1041494
baseline,990844
baseline,900361
baseline,1036183
baseline,765781
baseline,824673
baseline,872221
baseline,883877
baseline,828756
baseline,732425
baseline,755433
baseline,801868
baseline,1124620
baseline,1169446
baseline,844770
baseline,839611
baseline,952005
baseline,1097624
baseline,929597
baseline,1068500
baseline,1150841
baseline,1019957
baseline,1186025
baseline,1143171
baseline,908411
baseline,1201029
baseline,1028922
baseline,988026
baseline,1058188
baseline,899991
baseline,1027648
baseline,945303
baseline,907695
baseline,1108299
baseline,1131914
baseline,1219424
baseline,1116833
baseline,968617
baseline,656051
baseline,1034479
baseline,819646
baseline,824536
baseline,978473
baseline,1054142
baseline,1033358
baseline,759872
baseline,861869
baseline,827606
baseline,827142
baseline,911508
baseline,905493
baseline,1037914
baseline,1021821
baseline,1041231
baseline,1002729
baseline,1223715
baseline,1131216
baseline,1143841
baseline,1206902
baseline,996670
baseline,1074555
baseline,1071243
baseline,992318
baseline,1290790
baseline,1384979
baseline,937201
baseline,1129006
baseline,1141435
baseline,1257417
baseline,1133754
baseline,790747
baseline,1171903
baseline,1020727
baseline,826089
baseline,903993
baseline,926874
baseline,1025606
baseline,980158
baseline,922181
baseline,987854
baseline,796903
baseline,988601
baseline,1017929
baseline,1077385
baseline,893082
baseline,812272
baseline,874942
baseline,1005443
baseline,976459
baseline,929768
baseline,907544
baseline,759834
baseline,934802
baseline,871637
baseline,837303
baseline,988377
baseline,877145
baseline,787144
baseline,968021
baseline,1145375
baseline,869560
baseline,1088073
baseline,765726
baseline,1010361
baseline,993402
baseline,985802
baseline,1090157
baseline,1030375
baseline,1082823
baseline,951017
baseline,1009453
baseline,871265
baseline,1150151
baseline,1068252
baseline,1212313
baseline,973299
baseline,962290
baseline,1078576
baseline,869555
baseline,950193
baseline,849332
baseline,900786
baseline,960977
baseline,766201
baseline,980742
baseline,841369
baseline,1031231
baseline,859123
baseline,1199192
baseline,1359822
baseline,1263597
baseline,1186642
baseline,1155438
baseline,1015588
baseline,1061311
baseline,1014078
baseline,1099814
baseline,955945
baseline,1048564
baseline,1002124
baseline,1076127
baseline,1153866
baseline,940901
baseline,1054959
baseline,1130856
baseline,1154680
baseline,1352168
baseline,908754
baseline,976095
baseline,972564
baseline,867309
baseline,1020203
baseline,1299747
baseline,1015978
baseline,867554
baseline,844676
baseline,899025
baseline,1073741
baseline,907120
baseline,807714
baseline,1116382
baseline,1084500
baseline,825996
baseline,929310
baseline,1167853
baseline,1013213
baseline,1109987
baseline,882508
baseline,891165
baseline,883555
baseline,856984
baseline,945842
baseline,749165
baseline,750955
baseline,1134748
baseline,1214644
baseline,980960
baseline,1060686
baseline,927426
baseline,1005657
baseline,1155472
baseline,923126
baseline,1084113
baseline,996852
baseline,955303
baseline,976437
baseline,1009414
baseline,1032982
baseline,1462595
baseline,1136873
baseline,804332
baseline,838462
baseline,923622
baseline,896136
baseline,920418
baseline,1141435
baseline,1217721
baseline,1020948
baseline,1087227
baseline,1023385
baseline,959702
baseline,941374
baseline,835955
baseline,832896
baseline,1093361
baseline,1040971
baseline,1167782
baseline,1039023
baseline,1106727
baseline,787089
baseline,679755
baseline,793165
baseline,789516
baseline,719333
baseline,753862
baseline,843711
baseline,1163187
baseline,1160612
baseline,852765
baseline,1106989
baseline,1008843
baseline,875905
baseline,832668
baseline,851921
baseline,974789
baseline,891320
baseline,1098915
baseline,964329
baseline,1513289
baseline,956528
baseline,966886
baseline,1065825
baseline,1043719
baseline,1102599
baseline,1004623
baseline,801762
baseline,1057660
baseline,833703
baseline,911292
baseline,1006297
baseline,1018136
baseline,968566
baseline,1086676
baseline,845549
baseline,934508
baseline,912899
baseline,1007502
baseline,1049264
baseline,873996
baseline,1076898
baseline,945479
baseline,791008
baseline,767075
baseline,932454
baseline,1187727
baseline,1187710
baseline,1252350
baseline,1218130
baseline,987828
baseline,1037639
baseline,781522
baseline,906002
baseline,870850
baseline,1165461
baseline,806321
baseline,1071559
baseline,777313
baseline,919412
baseline,1032868
baseline,989047
baseline,1035484
baseline,910084
baseline,905624
baseline,805945
baseline,776614
baseline,847527
baseline,1006886
baseline,966549
baseline,937305
baseline,956377
baseline,1037304
baseline,955442
baseline,1280144
baseline,869462
baseline,847346
baseline,827814
baseline,1085203
baseline,1212207
baseline,1086941
baseline,935225
baseline,931097
baseline,1034019
baseline,805313
baseline,915145
baseline,939644
baseline,1188047
baseline,811590
baseline,994510
baseline,939284
baseline,1051828
baseline,1010729
baseline,865773
baseline,889778
baseline,1143587
baseline,862756
baseline,918686
baseline,1052296
baseline,1205307
baseline,937330
baseline,935746
baseline,1085461
baseline,1047339
baseline,992550
baseline,1288291
baseline,1097125
baseline,1397167
baseline,1236879
baseline,1157866
baseline,929926
baseline,985110
baseline,1038758
baseline,922585
baseline,817819
baseline,889914
baseline,949590
baseline,741152
baseline,1030642
baseline,785052
baseline,928025
baseline,879776
baseline,850596
baseline,996282
baseline,1059511
baseline,1072312
baseline,977297
baseline,918094
baseline,850277
baseline,761946
baseline,751119
baseline,995446
baseline,888564
baseline,1213076
baseline,783513
baseline,965378
baseline,956379
baseline,895866
baseline,921572
baseline,1123155
baseline,750796
baseline,847683
baseline,863543
baseline,847102
baseline,887139
baseline,972124
baseline,907470
baseline,1001593
baseline,983065
baseline,947700
baseline,1035227
baseline,1128795
baseline,1067063
baseline,1078525
baseline,1040598
baseline,1039500
baseline,1121603
baseline,990501
baseline,1093826
baseline,1032774
baseline,766359
baseline,1082981
baseline,775038
baseline,1051835
baseline,945585
baseline,1009914
baseline,677164
baseline,883484
baseline,1038682
baseline,1180633
baseline,1401493
baseline,867082
baseline,938093
baseline,978186
baseline,1056598
baseline,1050782
baseline,950621
baseline,987249
baseline,1025240
baseline,998280
baseline,914607
baseline,1019456
baseline,819385
baseline,999497
baseline,936159
baseline,849569
baseline,830824
baseline,848537
baseline,1061328
baseline,1044960
baseline,1138185
baseline,1261217
baseline,1330855
baseline,1048776
baseline,987718
baseline,1022924
baseline,938145
baseline,1085933
baseline,909079
baseline,900771
baseline,985055
baseline,970132
baseline,626408
baseline,803372
baseline,850698
baseline,679114
baseline,820374
baseline,647657
baseline,703854
baseline,917441
baseline,1082597
baseline,987717
baseline,1007588
baseline,1117239
baseline,1132510
baseline,739339
baseline,1101713
baseline,908418
baseline,831926
baseline,885458
baseline,876770
baseline,711684
baseline,842579
baseline,1009087
baseline,705073
baseline,692119
baseline,868619
baseline,1014684
baseline,955636
baseline,888411
baseline,918655
baseline,1040470
baseline,995946
baseline,1218092
baseline,1017394
baseline,917251
baseline,966251
baseline,940847
baseline,902583
baseline,938761
baseline,960277
baseline,1207601
baseline,697035
baseline,762025
baseline,1016100
baseline,979307
baseline,1350595
baseline,996160
baseline,1032225
baseline,980321
baseline,1073044
baseline,1162075
baseline,1526190
baseline,1279397
baseline,1046252
baseline,920983
baseline,958190
baseline,1136392
baseline,1146379
baseline,1263407
baseline,936011
baseline,876171
baseline,826893
baseline,904136
baseline,1099296
baseline,830514
baseline,926186
baseline,781750
baseline,942217
baseline,620789
baseline,994428
baseline,767160
baseline,748956
baseline,1123840
baseline,740614
baseline,880160
baseline,891133
baseline,923675
baseline,912300
baseline,890158
baseline,952450
baseline,1170827
baseline,944563
baseline,1160088
baseline,1176583
baseline,1107837
baseline,1080246
baseline,1223433
baseline,1164327
baseline,936371
baseline,985602
baseline,960731
baseline,1155263
baseline,1135934
baseline,1210094
baseline,1100410
baseline,1184660
baseline,1084083
baseline,1185892
baseline,1018894
baseline,1012637
baseline,1281741
baseline,963195
baseline,1094222
baseline,1010834
baseline,1181672
baseline,1088076
baseline,1179899
baseline,962517
baseline,745037
baseline,1150363
baseline,831524
baseline,924925
baseline,1215663
baseline,870906
baseline,873849
baseline,960179
baseline,783473
baseline,886956
baseline,892776
baseline,1145775
baseline,1087257
baseline,980356
baseline,1287435
baseline,874458
baseline,985166
baseline,1151743
baseline,1009705
baseline,1215271
baseline,951936
baseline,1069679
baseline,939043
baseline,1083147
baseline,931385
baseline,1063241
baseline,992563
baseline,825208
baseline,906352
baseline,1033297
baseline,801983
baseline,1171907
baseline,1142865
baseline,813551
baseline,944143
baseline,882093
baseline,949963
baseline,1091388
baseline,788464
baseline,880279
baseline,1258221
baseline,1130002
baseline,1188286
baseline,1041442
baseline,1131647
baseline,864316
baseline,922990
baseline,790405
baseline,841311
baseline,731488
baseline,738118
baseline,841390
baseline,1061927
baseline,993651
baseline,1108639
baseline,1226400
baseline,1228019
baseline,987810
baseline,1038026
baseline,976328
baseline,1079215
baseline,892911
baseline,1246682
baseline,1026929
baseline,1101836
baseline,1021489
baseline,962974
baseline,743701
baseline,840154
baseline,816925
baseline,884837
baseline,999664
baseline,829801
baseline,922440
baseline,902039
baseline,1040430
baseline,946347
baseline,875904
baseline,979135
baseline,1120215
baseline,965914
baseline,997700
baseline,933932
baseline,1000379
baseline,992198
baseline,1046881
baseline,1001798
baseline,979358
baseline,1114792
baseline,982952
baseline,1121051
baseline,932013
baseline,916663
baseline,1399078
baseline,1114054
baseline,838904
baseline,940809
baseline,953162
baseline,1128446
test,786668
test,929720
test,1035806
test,1073740
test,1035728
test,1211355
test,1100086
test,1072470
test,1147701
test,1063008
test,1114317
test,927092
test,1036572
test,1111715
test,738047
test,1068385
test,1149661
test,815183
test,1051373
test,902813
test,1088440
test,1153249
test,1097721
test,1194172
test,955772
test,1084460
test,1045103
test,945773
test,971984
test,1119233
test,1330311
test,1374574
test,1144614
test,938214
test,927260
test,1106814
test,1221796
test,1154363
test,953016
test,1114666
test,1290515
test,1079232
test,1197394
test,1103729
test,1221463
test,1340166
test,1287951
test,1148637
test,1347104
test,1314848
test,1525621
test,1579028
test,1342495
test,1117225
test,1224279
test,966579
test,1082672
test,808395
test,933109
test,916892
test,1264089
test,768229
test,1040842
test,847775
test,1119138
test,953122
test,984391
test,996120
test,1095962
test,891279
test,866797
test,1051736
test,972003
test,841343
test,901489
test,890169
test,955976
test,1153404
test,857315
test,759353
test,999339
test,1066945
test,1208256
test,1265333
test,1144657
test,1142361
test,1092621
test,1130730
test,927039
test,945709
test,899727
test,1157009
test,1728315
test,1254685
test,1364614
test,977485
test,1093962
test,1120915
test,992885
test,968030
test,936590
test,1159256
test,937358
test,1310767
test,1173075
test,896537
test,985827
test,1114455
test,1287301
test,1189036
test,930790
test,1266185
test,1290341
test,931272
test,1137748
test,1063175
test,1110116
test,1243972
test,1406505
test,849124
test,1355052
test,1054494
test,1076689
test,1233576
test,1239228
test,1184484
test,1226535
test,1053743
test,1213798
test,975082
test,946520
test,974251
test,929012
test,1035534
test,1033899
test,893332
test,868662
test,1164494
test,1230995
test,1263462
test,1078081
test,934255
test,844850
test,1119601
test,924053
test,982416
test,1146023
test,988609
test,1225103
test,995376
test,1248221
test,1195782
test,1331466
test,1311770
test,1379270
test,1250101
test,1094467
test,833479
test,900969
test,967100
test,929415
test,1516173
test,1330557
test,1113025
test,777096
test,815645
test,1150931
test,917283
test,1221002
test,1277107
test,1065314
test,1037737
test,1253314
test,1058035
test,1107458
test,964568
test,1071892
test,1139796
test,1033074
test,1244472
test,1183422
test,967100
test,921537
test,923225
test,899288
test,1060190
test,1071542
test,996305
test,1103558
test,1053708
test,1037260
test,1294164
test,1088206
test,1037724
test,1034946
test,1039074
test,902185
test,944710
test,1036300
test,841640
test,809340
test,948886
test,967581
test,1053025
test,1033823
test,842511
test,989319
test,1142430
test,1131195
test,1229529
test,1028865
test,962314
test,889665
test,871789
test,891057
test,1029948
test,1067887
test,1007500
test,1163985
test,991569
test,1050735
test,1012764
test,959062
test,1130747
test,997046
test,1647632
test,1047705
test,1056022
test,1226764
test,1044035
test,942444
test,818779
test,1099727
test,962115
test,1005634
test,1054217
test,1072147
test,894487
test,1150480
test,1121980
test,1176368
test,1003260
test,1400991
test,1189914
test,997923
test,1292735
test,1113328
test,1115891
test,1265892
test,1088964
test,1198824
test,1138846
test,1003556
test,705784
test,809211
test,1015083
test,1087249
test,1155795
test,1439066
test,1023572
test,1190884
test,1209971
test,1031988
test,1179947
test,931435
test,1116009
test,1240461
test,1146918
test,1276815
test,1395849
test,1288710
test,1283006
test,1094628
test,1250918
test,1073229
test,1008120
test,1007195
test,1008775
test,1142335
test,989635
test,1033968
test,963894
test,1036398
test,1108807
test,864630
test,1197096
test,1156328
test,944762
test,798764
test,934714
test,921346
test,1018646
test,1057027
test,1065157
test,990902
test,1126139
test,943274
test,944897
test,1119987
test,982478
test,1285222
test,1153872
test,968412
test,996572
test,1201114
test,1031271
test,918924
test,1165011
test,1071522
test,848493
test,1300218
test,1033170
test,964756
test,1110597
test,965548
test,893905
test,886393
test,1032914
test,961647
test,1015829
test,889544
test,1008862
test,841698
test,1006473
test,920279
test,1014863
test,793975
test,1007928
test,1121314
test,984910
test,905512
test,912019
test,828294
test,961350
test,904825
test,931409
test,849629
test,1031700
test,941866
test,1026327
test,1072563
test,895771
test,964102
test,987775
test,838271
test,982464
test,995352
test,869855
test,698116
test,760567
test,966631
test,1120246
test,1110854
test,1160669
test,1140849
test,1230918
test,968985
test,1212404
test,835117
test,938791
test,1006440
test,1043738
test,1087866
test,1062177
test,1077572
test,1025878
test,1187512
test,859603
test,1074621
test,1127255
test,1100936
test,1041486
test,1051938
test,957185
test,729952
test,1034444
test,1188119
test,1465178
test,1481355
test,1087579
test,943398
test,1062852
test,1352579
test,1039025
test,1284726
test,1151524
test,1046077
test,973129
test,1122968
test,1107986
test,1540560
test,1309711
test,1345844
test,1424913
test,945299
test,1348635
test,1141652
test,1088153
test,1299099
test,1242970
test,1435878
test,1177715
test,1308157
test,1128814
test,1056088
test,929934
test,983584
test,998544
test,1078037
test,1211168
test,952824
test,1127321
test,1289801
test,1087150
test,1148759
test,1158548
test,1213213
test,1064254
test,1144774
test,1235042
test,891110
test,1244351
test,1074529
test,783817
test,864661
test,719498
test,929679
test,763670
test,1041261
test,900808
test,886728
test,1085302
test,1118125
test,1148124
test,883185
test,1016522
test,1426485
test,1210992
test,1195199
test,1285092
test,1461078
test,1333452
test,1228178
test,1152273
test,1274403
test,1399325
test,1031819
test,981100
test,892971
test,1243495
test,1165798
test,900852
test,1053284
test,1007843
test,1159877
test,1135295
test,1110126
test,1150617
test,1031379
test,1012190
test,1026605
test,972389
test,921201
test,1158499
test,1336792
test,1115914
test,1003375
test,1066311
test,1152427
test,894686
test,1073994
test,1057933
test,960064
test,1191634
test,918912
test,1107688
test,1005412
test,923389
test,1072826
test,834017
test,1012341
test,986092
test,1170159
test,850754
test,1093193
test,1070672
test,1117394
test,1608071
test,1070129
test,1221205
test,1157660
test,1082946
test,1048238
test,798606
test,1089473
test,1173187
test,1251772
test,1094059
test,1103650
test,921996
test,902859
test,1032302
test,1050627
test,1088134
test,1252326
test,1217133
test,1552487
test,1464196
test,1018177
test,1046552
test,1083581
test,1156815
test,1378299
test,1192853
test,961740
test,1006974
test,850919
test,977237
test,1067000
test,962749
test,928644
test,1092812
test,1235473
test,878592
test,1370274
test,1056386
test,1169826
test,1189604
test,1388601
test,1300532
test,1452685
test,1188591
test,1103118
test,1163352
test,1433136
test,1281319
test,885127
test,1091882
test,1514235
test,1322795
test,1002676
test,1409706
test,994782
test,1098578
test,1289499
test,1054041
test,1311330
test,1101692
test,1240698
test,955184
test,994672
test,1168680
test,930860
test,1213036
test,1242255
test,1249453
test,1214493
test,1128894
test,1146204
test,1061028
test,1267662
test,1251231
test,1062883
test,1009011
test,1241719
test,1103675
test,1030508
test,946669
test,1176803
test,981047
test,1066272
test,1110419
test,1116760
test,1103703
test,997968
test,1243856
test,1209687
test,1010886
test,1020453
test,1024571
test,1370193
test,1146924
test,1100427
test,873801
test,949696
test,1168796
test,1296133
test,935010
test,1157696
test,928991
test,985210
test,1282829
test,1239069
test,1263679
test,1146125
test,966822
test,1069746
test,1132809
test,1026571
test,944244
test,942915
test,1082044
test,1103654
test,897858
test,1016068
test,875679
test,1111334
test,974857
test,970561
test,805885
test,1001071
test,905400
test,1224642
test,1182184
test,1227103
test,1202155
test,1175286
test,776017
test,898225
test,1082437
test,1076655
test,895551
test,1104276
test,930313
test,1253712
test,1153408
test,1066041
test,883552
test,994208
test,1104304
test,1084861
test,1253771
test,1398640
test,1142542
test,1146713
test,1146536
test,1115687
test,1298839
test,1177238
test,979518
test,933009
test,821516
test,1243585
test,995317
test,826327
test,1172639
test,982954
test,1040708
test,948424
test,837988
test,861454
test,720700
test,969288
test,873096
test,926855
test,1005224
test,995214
test,1337621
test,1131670
test,949257
test,995478
test,1107680
test,1138125
test,1013763
test,1191747
test,864669
test,1203545
test,1066107
test,910635
test,736545
test,954678
test,1023562
test,948414
test,1107511
test,1079361
test,1051033
test,924413
test,1159039
test,1066405
test,1171506
test,964696
test,982228
test,1158553
test,976403
test,1085050
test,897623
test,854926
test,948922
test,882104
test,972823
test,1058965
test,1041429
test,1235901
test,1232498
test,1004488
test,1186054
test,1341065
test,1039846
test,921251
test,1074661
test,1035327
test,1204743
test,1040360
test,877136
test,1100445
test,1199906
test,1093362
test,1163162
test,1278297
test,1149458
test,1101165
test,1340070
test,1233909
test,1226707
test,1098588
test,1281131
test,1087188
test,1219548
test,1060983
test,1188354
test,1077662
test,1133818
test,1278823
test,1357814
test,1184915
test,1310979
test,1203525
test,1297654
test,1211159
test,1006854
test,936848
test,1100083
test,783270
test,1014764
test,1268335
test,1284900
test,1049033
test,918888
test,960043
test,826659
test,924389
test,874526
test,785163
test,1076601
test,1155322
test,1022000
test,1018126
test,1113613
test,1037615
test,824630
test,1115874
test,1056970
test,1027272
test,1152734
test,940620
test,1223158
test,1505642
test,973943
test,1037669
test,999292
test,1090613
test,1103354
test,946377
test,1283785
test,1279164
test,1265251
test,1340690
test,942529
test,900424
test,954797
test,1012091
test,1050125
test,1070345
test,1009895
test,1125767
test,1220426
test,1263515
test,1200694
test,978476
test,1039893
test,1349903
test,925943
test,1189264
test,818739
test,860120
test,974357
test,1181847
test,1162343
test,1292876
test,1149964
test,1214850
test,1252301
test,1114498
test,919127
test,1025344
test,1042927
test,989688
test,953877
test,981900
test,979990
test,1317972
test,1424297
test,931730
test,938979
test,1205885
test,1127620
test,967637
test,1146242
test,1130303
test,1072623
test,1311038
test,1252954
test,929572
test,1025153
test,1245102
test,1166771
test,842961
test,862361
test,1216997
test,1126163
test,1202967
test,946508
test,1425107
test,1170671
test,1168402
test,910329
test,1005601
test,1243747
test,1227519
test,1069810
test,1007121
test,1063930
test,1083854
test,911720
test,969607
test,960481
test,1202071
test,1096582
test,1261876
test,890528
test,1018105
test,1003539
test,1383646
test,1046428
test,1283223
test,1111914
test,1241050
test,1204462
test,1334260
test,1076617
test,1002579
test,1282113
test,1006019
test,1310150
test,1305242
test,1004045
test,908486
test,994048
test,1017123
test,987623
test,1125978
test,1060059
test,1102206
test,851817
test,925465
test,892778
test,1041722
test,1333470
test,1041970
test,1083629
test,1464647
test,1072986
test,998504
test,1129512
test,1093189
test,1163148
test,975671
test,1035280
test,954000
test,1034517
test,939366
test,1085637
test,1161813
test,1055867
test,899689
test,868510
test,855710
test,884534
test,1004091
test,1146765
test,1029171
test,999113
test,1179608
test,1170701
test,1015298
test,1254994
test,1338929
test,1247887
test,1420641
test,1247810
test,1025875
test,1062120
test,1164147
test,995984
test,975341
test,1110570
test,1070065
test,1127273
test,1077992
test,1087575
test,1059739
test,1146746
test,1340464
test,1168338
test,1235301
test,1037204
test,1102593
test,912793
test,805878
test,1034416
test,1136576
test,1170901
test,1225565
test,1232300
test,1030976
test,1331456
test,1132003
test,926702
test,980488
test,1080490
test,854490
test,1006237
test,1104996
test,1019137
test,1010498
test,1125411
test,1155636
test,1138134
test,782679
test,814899
test,968403
test,992502
test,933448
test,952563
test,871815
test,1216018
test,1085659
test,1107416
test,1037441
test,1189113
test,1072574
test,978831
test,1136730
test,981544
test,870561
test,900871
test,908939
test,895008
test,846436
test,929787
test,1295916
test,1332725
test,1141449
test,1091283
test,1045623
test,1078465
test,790767
test,1069832
test,1260600
test,1155750
test,1544943
test,1219272
test,1276358
test,1313209
test,1389634
test,1077265
test,1366466
test,1100034
test,842780
test,1054867
test,1158002
test,1232787
test,1017382
test,1371917
test,987667
test,915494
test,935371
test,1074508
test,1051668
test,1228204
test,1430802
test,1208438
test,1344991
test,1466606
test,1075652
test,1069866
test,723456
test,957752
test,1062174
test,724980
test,865684
test,990677
test,1239827
test,1329030
test,1120575
test,1299238
test,1304311
test,1123415
test,1122952
test,1065004
test,1177542
test,1204359
test,1073483
test,1279724
test,1109306
test,1198520
test,1140259
test,1073848
test,1236639
test,1136512
test,1107480
test,1227463
test,1128885
test,1281988
test,821659
test,1190781
test,1119604
test,1152163
test,1174755
test,1325320
test,1382627
test,1011099
test,1312887
test,1023011
test,957791
test,1156535
test,1107030
test,1228634
test,1303567
test,1204642
test,1086316
test,1073986
test,1226119
test,1377506
test,1102395
test,997224
test,991427
test,952586
test,1181738
test,1090183
test,1361024
test,1078301
test,1284414
test,929105
test,953567
test,1201120
test,1058330
test,1195974
test,1059059
test,1092563
test,1320370
test,937876
test,1097903
test,1130988
test,1068710
test,1021794
test,1260357
test,1225985
test,1263047
test,1242256
test,1333846
test,986933
test,917715
test,778416
test,1158378
test,1056587
test,1060637
test,1038785
test,828363
test,1000492
test,1021728
test,928681
test,905836
test,1095179
test,979108
test,1137189
test,960475
test,1292842
test,880099
test,1097527
test,952524
test,860078
test,1111632
test,1174431
test,1163127
test,1014140
test,914402
test,1114831
test,1072017
test,971681
test,1082464
test,947452
test,970423
test,1031984
test,1043633
test,1183286
test,1194675
test,976950
test,1105163
test,1068256
test,1211190
test,965579
test,1052945
test,1091024
test,1051379
test,1142054
test,1166538
test,762568
test,1098821
test,1019720
test,947125
test,829051
test,1005436
test,1063078
test,1171764
test,1292848
test,1185585
test,1273393
test,996364
test,838133
test,1050213
test,1120620
test,1130893
test,1039340
test,1083368
test,1081875
test,1050843
test,990928
test,1073600
test,1201990
test,1219992
test,994916
test,882525
test,1163694
test,1163202
test,1220290
test,985760
test,918745
test,1053318
test,1075465
test,1042258
test,1162169
test,1227746
test,1302164
test,950974
test,1095736
test,1154359
test,1072614
test,1405167
test,1159889
test,1365947
test,988231
test,1150530
test,1098729
test,1055643
test,1252403
test,1257429
test,973407
test,1376514
test,1299832
test,1132687
test,1055542
test,1077178
test,1044034
test,1135395
test,1327885
test,1133302
test,940606
test,955269
test,1364685
test,927261
test,1250660
test,1056375
test,1110178
test,1216103
test,1269519
test,1101976
test,1025403
test,1024841
test,821336
test,867877
test,1004637
test,993189
test,992657
test,954707
test,1149752
test,1243620
test,851824
test,970216
test,913656
test,1054668
test,1674830
test,1318545
test,1339956
test,1068999
test,1269284
test,1205369
test,1212889
test,985968
test,1223135
test,1400483
test,1187323
test,1131179
test,1254403
test,1046569
test,1090066
test,1115279
test,1116752
test,1083728
test,1273610
test,1337107
test,1575579
test,1298805
test,965827
test,1101021
test,1152974
test,1022273
test,921394
test,1104832
test,1263383
test,1157426
test,973140
test,1025442
test,1136715
test,1239783
test,1327685
test,1250752
test,1273910
test,1293400
test,1218078
test,1097151
test,1218146
test,1033278
test,800825
test,803537
test,986211
test,1049265
test,899228
test,1273253
test,1167800
test,1161530
test,996206
test,1159110
test,1246040
test,1271323
test,1249891
test,1293156
test,1442912
test,1092179
test,1318318
test,1136776
test,999074
test,1265013
test,1139617
test,1092700
test,1079423
test,1207826
test,1012740
test,1078199
test,1140793
test,1269229
test,1009579
test,1118242
test,1248898
test,1156122
test,949467
test,1155850
test,1331118
test,1118725
test,1096863
test,957532
test,1097290
test,1022128
test,909484
test,824844
test,902438
test,1210295
test,907382
test,935390
test,910628
test,972269
test,995964
test,1275582
test,983077
test,1026926
test,990523
test,1134569
test,1215021
test,1169933
test,1154343
test,1001691
test,1141681
test,1370737
test,1111554
test,1326966
test,1131546
test,1044133
test,1101001
test,1383867
test,1210562
test,926454
test,1197419
test,1332946
test,1262488
test,1087510
test,1206778
test,1169509
test,1373744
test,1074625
test,1000979
test,1035030
test,991894
test,1034987
test,1348906
test,1220601
test,995488
test,1036531
test,1247955
test,893250
test,947084
test,1041436
test,1112860
test,962833
test,1032988
test,901967
test,1084155
test,1058016
test,960324
test,1278576
test,1117632
test,1214879
test,1184353
test,1007892
test,942069
test,1116219
test,1099658
test,1224147
test,1008744
test,865159
test,1225776
test,1026522
test,914797
test,794718
test,872324
test,1148346
test,1342049
test,1024930
test,1250299
test,957007
test,1049479
test,1072711
test,1135710
test,1203365
test,1207609
test,1243735
test,1494830
test,1075557
test,1236158
test,933148
test,971506
test,1166654
test,1033493
test,1344563
test,1033776
test,1146245
test,1222918
test,930599
test,1174767
test,1149676
test,1082542
test,1255271
test,1463046
test,1317069
test,1176256
test,899285
test,1131217
test,847912
test,1098698
test,1207114
test,959806
test,912374
test,851712
test,1110882
test,1163461
test,1203574
test,1179542
test,1086395
test,1013290
test,882161
test,1097164
test,1039005
test,994067
test,792306
test,786626
test,817203
test,1098937
test,977741
test,1039797
test,973777
test,972120
test,1057148
test,1031226
test,1187198
test,1087343
test,1141931
test,941506
test,1139732
test,1176792
test,1346029
test,1497650
test,1043141
test,961419
test,997707
test,924047
test,1129589
test,943744
test,932361
test,858264
test,1034237
test,1042747
test,1052670
test,1231576
test,1188231
test,1135229
test,960922
test,1108460
test,1060313
test,1136985
test,1057341
test,941414
test,1116944
test,1166298
test,969565
test,1201295
test,1013044
test,1036180
test,969072
test,829338
test,898694
test,965222
test,1007148
test,1051818
test,1613623
test,1096697
test,1105506
test,914301
test,1091699
test,1211570
test,1354707
test,1124432
test,1431771
test,885549
test,1065608
test,1051335
test,1178788
test,1082901
test,1247963
test,1299471
test,1043762
test,1222003
test,1159200
test,1385893
test,1050961
test,1009496
test,1093514
test,1325746
test,1431112
test,1228022
test,758477
test,1010585
test,1126319
test,899569
test,984325
test,1030162
test,1091829
test,848681
test,1111852
test,1013615
test,1020968
test,1114625
test,1141363
test,1200498
test,1414930
test,1129530
test,1170506
test,1517724
test,1535879
test,1114605
test,1312510
test,1341605
test,1262187
test,1147025
test,1113878
test,1451603
test,1211511
test,925948
test,1105859
test,955671
test,1389960
test,1214948
test,1327739
test,952989
test,899790
test,983237
test,1171504
test,1109784
test,891550
test,939578
test,905755
test,826637
test,925741
test,1036402
test,1184852
test,998378
test,1257057
test,1316138
test,995237
test,1013792
test,1001321
test,1094992
test,1024609
test,1002347
test,1238767
test,1060070
test,953898
test,855945
test,932784
test,1101933
test,1244590
test,1027520
test,1174056
test,1091952
test,1204596
test,926414
test,973687
test,963054
test,961402
test,1373179
test,1196128
test,1282768
test,1214808
test,962663
test,1000416
test,1009581
test,900289
test,1041090
test,1045798
test,1201437
test,1020597
test,1109191
test,968095
test,1144066
test,998767
test,1191679
test,1201061
test,1146912
test,953745
test,929102
test,836112
test,1102544
test,1185585
test,1407621
test,1316216
test,974266
test,950003
test,851527
test,1006710
test,869752
test,1002625
test,1046323
test,1046498
test,1168161
test,1116643
test,1124338
test,984075
test,953152
test,1043948
test,1226707
test,1368167
test,993195
test,999989
test,1105801
test,1048492
test,842211
test,1329720
test,975605
test,1072010
test,953859
test,928474
test,1354811
test,1120856
test,1278096
test,1204601
test,1363732
test,1274305
test,1461314
test,1255204
test,1204194
test,1040927
test,982470
test,1019573
test,968747
test,1258830
test,1123435
test,956063
test,1039935
test,1101184
test,1083639
test,876315
test,903447
test,931040
test,996745
test,1271944
test,980460
test,1164074
test,1168073
test,1220167
test,1066995
test,1215081
test,1345700
test,846122
test,1047221
test,893746
test,1153572
test,966351
test,955075
test,1156032
test,930224
test,1091176
test,1355779
test,1261210
test,920938
test,1075699
test,1195028
test,1053594
test,958725
test,1197716
test,1067933
test,1005966
test,1111284
test,1022735
test,1105895
test,1191584
test,1124108
test,919324
test,897404
test,1397846
test,1066419
test,1274517
test,1280511
test,954191
test,977607
test,783451
test,752608
test,851356
test,1090738
test,1094296
test,992502
test,1177825
test,858470
test,1061464
test,1089898
test,1188129
test,960763
test,1293820
test,1163300
test,919530
test,774442
test,1037918
test,982052
test,1047932
test,1153864
test,1382268
test,1187993
test,1335375
test,1084896
test,859907
test,1140281
test,1181014
test,1179062
test,1123051
test,976664
test,1304822
test,1024477
test,942592
test,1016158
test,858070
test,927025
test,964555
test,786131
test,987224
test,1163761
test,1067308
test,1008063
test,1067288
test,885716
test,937025
test,988556
test,1302106
test,1261906
test,1261767
test,893863
test,971225
test,1083055
test,1000361
test,940976
test,941133
test,999113
test,1335409
test,1034314
test,888357
test,893264
test,979169
test,1119607
test,1016186
test,1103104
test,990245
test,1096208
test,1142818
test,1168184
test,1320065
test,1269114
test,1206087
test,1188607
test,1040864
test,1147653
test,1405470
test,1369475
test,1081968
test,1178277
test,1180129
test,1242534
test,916383
test,1116595
test,1087856
test,1214549
test,854046
test,1214348
test,1480410
test,1108666
test,888961
test,1102959
test,1014172
test,975416
test,958037
test,1263430
test,1082801
test,1206148
test,990887
test,1058999
test,1228086
test,885935
test,1034252
test,1221249
test,1215518
test,1213838
test,1316466
test,1058386
test,1127670
test,886970
test,812639
test,915439
test,938739
test,681135
test,778583
test,1103219
test,1031806
test,1152534
test,1245277
test,1219753
test,1228346
test,1232802
test,1031764
test,1152445
test,1079300
test,1207272
test,794152
test,1002491
test,890057
test,1047746
test,1260003
test,1563370
test,1253167
test,1271764
test,1146578
test,1378291
test,1513950
test,1146362
test,1199767
test,1140470
test,976851
test,1135349
test,1076240
test,923180
test,1098253
test,745492
test,870273
test,924054
test,870717
test,1105755
test,1173487
test,1085683
test,1395664
test,1329894
test,1241518
test,1025774
test,1032793
test,1395150
test,1024357
test,1067595
test,1031692
test,917931
test,1035678
test,1188816
test,1048278
test,715182
test,937726
test,1102600
test,997818
test,1124333
test,1149559
test,741518
test,948850
test,840575
test,964246
test,1007259
test,902207
test,940139
test,910240
test,966476
test,1124692
test,1069415
test,1181447
test,1194099
test,1121989
test,1086316
test,1089957
test,1037545
test,1127024
test,1290950
test,980690
test,813555
test,1121186
test,1112225
test,971822
test,1027950
test,1073708
test,1215145
test,830711
test,1107846
test,1241670
test,1333384
test,1384400
test,1080573
test,1037734
test,945312
test,1116512
test,927713
test,850579
test,776998
test,1047590
test,836241
test,978320
test,772328
test,1091874
test,1087916
test,1085653
test,792924
test,890138
test,909439
test,852278
test,992854
test,977716
test,870424
test,1025524
test,1044147
test,1141771
test,1049435
test,972769
test,893987
test,990360
test,872333
test,917394
test,1329654
test,1323766
test,1178156
test,1205034
test,851750
test,734410
test,1143445
test,1140884
test,1244614
test,1053662
test,998010
test,1158790
test,986093
test,1214777
test,1058372
test,987710
test,997685
test,927565
test,759091
test,1078593
test,932097
test,1069594
test,1083110
test,1077596
test,1235001
test,940032
test,815003
test,1034587
test,1075397
test,1042142
test,1266620
test,1031625
test,1514580
test,1215011
test,859293
test,910180
test,1078818
test,1036738
test,1066869
test,1133001
test,1113595
test,1150008
test,1231909
test,1314708
test,1201765
test,1349112
test,1087944
test,1152190
test,1152705
test,1085446
test,1195598
test,1206847
test,1029133
test,1098352
test,1195754
test,1001443
test,958943
test,982048
test,1308558
test,1067792
test,1218443
test,948273
test,1114734
test,1275080
test,1072898
test,1418720
test,1188917
test,1146210
test,1129548
test,1232198
test,996995
test,1073796
test,1194053
test,1252108
test,1089397
test,1147776
test,1056375
test,927369
test,1031920
test,921853
test,1008059
test,1029250
test,1161415
test,814357
test,1001007
test,912375
test,994858
test,1267086
test,924431
test,1178320
test,1220222
test,1237183
test,1000229
test,852363
test,856770
test,1044817
test,1039076
test,975380
test,983643
test,1180667
test,1255621
test,1298388
test,1219164
test,793574
test,941030
test,963311
test,1260668
test,996416
test,1148286
test,1330680
test,1182739
test,1156750
test,1091754
test,1110403
test,898287
test,1039606
test,1069129
test,950835
test,994078
test,821409
test,1065194
test,934897
test,1093194
test,891705
test,826372
test,1128408
test,1107460
test,1124623
test,1065639
test,1022927
test,1067891
test,1151630
test,1077969
test,1304853
test,1091896
test,1017290
test,988675
test,1022726
test,998746
test,1260562
test,1094516
test,1116062
test,1008189
test,910393
test,971135
test,1041345
test,800214
test,1031297
test,1147669
test,1157956
test,893782
test,1164525
test,980388
test,1130878
test,1459884
test,1301054
test,1350155
test,1414177
test,1314560
test,1009606
test,1398927
test,944091
test,1099603
test,1271167
test,774707
test,1032415
test,937878
test,1173478
test,1199172
test,1041531
test,1515345
test,1075526
test,1173750
test,1078828
test,988908
test,1169510
test,1310329
test,1324226
test,1360374
test,1002576
test,1139254
test,879756
test,1019210
test,949205
test,941751
test,1137312
test,1071558
test,1087701
test,1048989
test,1203648
test,890884
test,986111
test,1092466
test,1207906
test,930727
test,1135972
test,1185003
test,1031756
test,1127289
test,1154282
test,1104257
test,998593
test,1007060
test,1144108
test,1039427
test,1128563
test,1140501
test,1297932
test,1405110
test,1542946
test,1407251
test,1410391
test,1196322
test,1349889
test,1121087
test,973074
test,1043412
test,984985
test,983445
test,1102252
test,1271980
test,914707
test,1191550
test,896182
test,1180324
test,895273
test,920897
test,977377
test,999460
test,1033625
test,938136
test,819260
test,1027539
test,1031360
test,1102920
test,868487
test,1124881
test,1365046
test,1308862
test,1459710
test,953566
test,1225118
test,914097
test,1233798
test,1445039
test,1006326
test,1006854
test,1006531
test,1039842
test,861295
test,1043393
test,1276864
test,1235782
test,847002
test,993833
test,885169
test,862430
test,1067033
test,1117566
test,992578
test,1021628
test,912496
test,775362
test,1092845
test,1215822
test,1094747
test,971216
test,1401938
test,1051929
test,1163358
test,1183494
test,1208414
test,1022028
test,1071797
test,1272222
test,1365804
test,1057401
test,1155277
test,1374076
test,1414304
test,898019
test,1232082
test,959849
test,1020840
test,1037014
test,919713
test,881069
test,1067476
test,1382908
test,1489380
test,1243395
test,1042724
test,1003871
test,1055625
test,1246394
test,1257204
test,1152735
test,1325290
test,1139949
test,1187192
test,1168446
test,1212701
test,985894
test,828452
test,1103369
test,906402
test,1045443
test,948443
test,1072475
test,1023225
test,871119
test,948006
test,965806
test,1169112
test,864794
test,971586
test,1244934
test,957663
test,1189315
test,1086318
test,1171513
test,875614
test,866546
test,1202964
test,1113862
test,1113761
test,1177578
test,1205870
test,1179513
test,1109303
test,1183567
test,1428140
test,1426270
test,893038
test,1128897
test,1073949
test,992346
test,783485
test,1115448
test,1225734
test,1040692
test,1144468
test,1465324
test,824801
test,1511137
test,1184568
test,1303259
test,975908
test,1186179
test,1039790
test,917098
test,1127983
test,950230
test,873667
test,907026
test,1170635
test,993048
test,918113
test,973807
test,986045
test,908797
test,1066082
test,1026697
test,940225
test,1250853
test,986921
test,1121349
test,1076438
test,1255419
test,1353856
test,1056952
test,1039001
test,884631
test,1438067
test,1163166
test,1078417
test,1069088
test,1081499
test,910133
test,1000760
test,902434
test,1092328
test,889601
test,968910
test,1316460
test,1058320
test,1043257
test,1506410
test,1039505
test,1301832
test,965425
test,1026341
test,1066796
test,1376143
test,1052699
test,999013
test,1139505
test,1277123
test,1429201
test,1096283
test,934350
test,1216551
test,1086037
test,1174414
test,869393
test,1023502
test,993202
test,1174948
test,967457
test,1051263
test,867005
test,1079670
test,858103
test,1036877
test,1249905
test,1329607
test,1182479
test,940611
test,907622
test,1114616
test,1496686
test,1019275
test,1268829
test,1120345
test,1249747
test,1003231
test,1272050
test,889803
test,914165
test,959173
test,957257
test,888752
test,1020371
test,976919
test,931976
test,971323
test,937613
test,1070810
test,1118349
test,1144743
test,1289636
test,1209150
test,1172066
test,940694
test,945640
test,1408157
test,994267
test,1213452
test,1216146
test,1264459
test,1194990
test,1192438
test,950821
test,1116397
test,1038712
test,981528
test,915915
test,1047921
test,1220259
test,905522
test,1051171
test,1106210
test,1087477
test,1213078
test,1176484
test,1077681
test,1080576
test,1139034
test,1168054
test,978122
test,1114559
test,1073441
test,1155090
test,1412574
test,1122802
test,1100509
test,1046226
test,1047053
test,999412
test,1182618
test,930254
test,857951
test,741682
test,969810
test,866058
test,924875
test,985327
test,1082976
test,949662
test,1075623
test,960765
test,959152
test,1019566
test,1143087
test,1147932
test,1140189
test,1158771
test,1055244
test,1077922
test,1303087
test,1046624
test,1087890
test,1031247
test,1200439
test,1218829
test,1056558
test,961013
test,1014843
test,667165
test,939003
test,686172
test,759893
test,914431
test,1105514
test,922970
test,1007031
test,1197029
test,1244635
test,1263949
test,1082846
test,1330156
test,1289287
test,1145865
test,1129871
test,1102004
test,846151
test,1077032
test,1159330
test,870212
test,1109059
test,1001571
test,1107916
test,1148869
test,1062992
test,1302190
test,1252294
test,887263
test,1102938
test,1077345
test,1177330
test,984627
test,1188164
test,1436495
test,1359335
test,1014845
test,935341
test,1173439
test,1007625
test,1032324
test,905071
test,783738
test,832323
test,1134662
test,1079513
test,1045290
test,1005270
test,1084784
test,1072448
test,1137220
test,933801
test,1071112
test,1001828
test,816552
test,1297463
test,1267687
test,977797
test,1353244
test,955486
test,1261415
test,1189854
test,1070083
test,1010668
test,878200
test,1168046
test,989293
test,1210872
test,932384
test,1138375
test,1133335
test,904752
test,1133626
test,1151044
test,1018814
test,788250
test,887769
test,1054793
test,1143817
test,1336921
test,1225275
test,1126394
test,877267
test,991253
test,993747
test,1023224
test,1060403
test,1127120
test,1295122
test,970916
test,1114737
test,1367281
test,1076804
test,976180
test,976031
test,822820
test,980706
test,970256
test,899278
test,816782
test,1013413
test,887185
test,902436
test,839163
test,892789
test,1110449
test,969514
test,932421
test,978003
test,878132
test,824523
test,863743
test,1132560
test,982852
test,944060
test,1008085
test,970615
test,984581
test,851020
test,1210251
test,1547174
test,1333596
test,1011360
test,1179507
test,1321017
test,1361708
test,1233822
test,1240036
test,1242960
test,1500239
test,1253130
test,894308
test,933018
test,851540
test,943230
test,1021232
test,859309
test,1266371
test,1018257
test,977648
test,1089174
test,1064607
test,1027631
test,1470881
test,980637
test,1132813
test,1217777
test,1305064
test,1176103
test,1020938
test,1251639
test,1107578
test,1188553
test,1305229
test,1165091
test,1017247
test,1116982
test,1080145
test,1059463
test,829531
test,1110175
test,1141220
test,1198937
test,1271953
test,1190913
test,1043135
test,1125079
test,1124441
test,996394
test,1168972
test,1123629
test,1133479
test,1045569
test,1217223
test,906608
test,1152990
test,1059351
test,961738
test,976450
test,1165952
test,1272722
test,1103639
test,957311
test,1083776
test,1092005
test,996904
test,959089
test,973090
test,1221563
test,980766
test,1194536
test,987249
test,1381071
test,1134899
test,951905
test,859451
test,1030789
test,1188422
test,1385025
test,940972
test,1107278
test,973909
test,1223039
test,1200053
test,1147559
test,1277618
test,1272851
test,1132094
test,1175130
test,1256635
test,1236225
test,1235214
test,1071702
test,1134210
test,1195531
test,1222704
test,1216894
test,1230236
test,1366562
test,1091345
test,1192426
test,826186
test,811946
test,816487
test,970682
test,1060094
test,1016076
test,1468932
test,1337865
test,1215320
test,1424620
test,1100362
test,1106566
test,1108246
test,995332
test,1193945
test,1121953
test,931850
test,929918
test,1036572
test,899291
test,1038571
test,1060324
test,1171621
test,1134160
test,1081289
test,985626
test,1196104
test,865942
test,1119019
test,935110
test,827220
test,1040024
test,1275366
test,1144316
test,1096818
test,1044172
test,1041279
test,995747
test,1154774
test,1160588
test,1411435
test,1187142
test,1045573
test,1183478
test,1052194
test,959653
test,970310
test,795919
test,972766
test,1045615
test,1101953
test,1017376
test,1025874
test,921272
test,1054473
test,1016554
test,1175202
test,1187034
test,1079915
test,1251355
test,1215521
test,1243654
test,1308804
test,1186501
test,1176828
test,1126662
test,998090
test,1159995
test,966593
test,1074497
test,1159738
test,1088964
test,1223880
test,951596
test,1317572
test,888590
test,1288382
test,1161608
test,1144443
test,968659
test,981262
test,904559
test,1011337
test,1265410
test,996169
test,903792
test,1129219
test,1153965
test,1182114
test,1077288
test,931073
test,1081141
test,1190974
test,1129018
test,1146361
test,808172
test,1155120
test,1213241
test,1126472
test,1141287
test,1048957
test,1220249
test,979818
test,833141
test,964602
test,1068952
test,1175752
test,1095866
test,1104849
test,1205841
test,1072683
test,868220
test,697774
test,916538
test,948378
test,1033941
test,879505
test,1041318
test,943136
test,1005166
test,1266805
test,868431
test,967501
test,872574
test,838965
test,866063
test,930481
test,1103129
test,1062115
test,1033502
test,877215
test,1051431
test,808627
test,892440
test,1079310
test,1147813
test,1176218
test,1092295
test,1281313
test,952586
test,1099444
test,918943
test,994552
test,1061445
test,1301792
test,1058504
test,1248247
test,1191528
test,1451043
test,1429869
test,1264144
test,1001030
test,1084591
test,990567
test,1017343
test,1617559
test,1570255
test,1606629
test,1343364
test,1119494
test,1165594
test,1094190
test,975922
test,1056380
test,1054058
test,929230
test,1264214
test,1096297
test,1289510
test,1113306
test,1195036
test,1101537
test,1185471
test,1110942
test,1012764
test,1080320
test,1114560
test,1104703
test,1073652
test,839313
test,1010852
test,1066070
test,870273
test,1109730
test,833977
test,919666
test,1540013
test,1346200
test,1581451
test,1073910
test,1158566
test,1173520
test,1060270
test,824886
test,960794
test,779036
test,886725
test,812441
test,1086457
test,844777
test,891049
test,774435
test,970715
test,984573
test,1059504
test,895988
test,1400946
test,1059394
test,1165366
test,1325749
test,1324194
test,958834
test,967801
test,917447
test,1019647
test,1055652
test,1186854
test,945092
test,1139630
test,949578
test,932333
test,1178781
test,1172164
test,1197640
test,1141084
test,1154219
test,1142548
test,1210195
test,1008786
test,1280859
test,1053712
test,958130
test,1004129
test,986380
test,993382
test,1056815
test,1212690
test,1177079
test,1041917
test,1232637
test,1033922
test,1060264
test,1005204
test,1103773
test,987066
test,956429
test,1062483
test,1357650
test,1162532
test,1010080
test,1252015
test,1347712
test,1090986
test,1190857
test,1316634
test,1247004
test,1182725
test,1017188
test,1064827
test,1354642
test,1003430
test,1039166
test,974075
test,1000990
test,888601
test,1050684
test,1222962
test,1035448
test,979224
test,1169622
test,959062
test,1081154
test,1069100
test,1203504
test,1045977
test,1449958
test,948422
test,1034196
test,1096765
test,1058036
test,1092824
test,1003079
test,1064637
test,1108401
test,1192792
test,1102579
test,1338697
test,1190692
test,1092539
test,1046253
test,1100474
test,1221752
test,834576
test,999587
test,1225717
test,1253078
test,1035265
test,1137674
test,1287638
test,1168981
test,1191527
test,1119205
test,1066970
test,986581
test,941133
test,789420
test,1075355
test,1524687
test,1161773
test,1110087
test,926230
test,831309
test,1013694
test,1496251
test,1012295
test,1125193
test,960093
test,1139925
test,1274832
test,1344556
test,1031461
test,785673
test,1083468
test,1055370
test,999691
test,1226773
test,1065530
test,1214769
test,970352
test,1222364
test,1140697
test,1072905
test,1163032
test,990768
test,876724
test,1229555
test,904098
test,914707
test,1225995
test,1159461
test,1015445
test,1086696
test,793146
test,833111
test,894041
test,1013941
test,1104590
test,1065722
test,1336184
test,1067317
test,1168359
test,1189427
test,1462803
test,998035
test,1111480
test,1152500
test,1172667
test,904270
test,779473
test,1005271
test,1045373
test,1213303
test,1377882
test,1228003
test,1625366
test,1193978
test,1093083
test,1251270
test,1174339
test,1143062
test,1062134
test,933388
test,1076843
test,830674
test,1264166
test,981502
test,1074825
test,842379
test,964811
test,1072153
test,1424264
test,1184445
test,1144922
test,1076629
test,1158701
test,1085175
test,1237746
test,942192
test,1066745
test,806594
test,989836
test,959859
test,1187873
test,1073529
test,1127484
test,1158610
test,1282211
test,1262178
test,1001568
test,1376470
test,1298523
test,1158439
test,970656
test,1091202
test,824082
test,1014163
test,1030659
test,1168970
test,1088042
test,905144
test,1012520
test,1006798
test,1026851
test,960514
test,1029700
test,1318336
test,1041887
test,960107
test,962037
test,801258
test,995769
test,1042223
test,938366
test,945180
test,846715
test,953582
test,779259
test,1078668
test,932924
test,1032536
test,1261426
test,1254381
test,1276114
test,1433527
test,927573
test,1287697
test,1107079
test,1134237
test,921737
test,944341
test,903391
test,1190123
test,1303923
test,1355814
test,1063311
test,925187
test,1093091
test,835091
test,1060231
test,928394
test,1098767
test,952415
test,967509
test,867523
test,1011623
test,1018715
test,850532
test,946170
test,965951
test,962713
test,942921
test,1057741
test,1002407
test,1106340
test,1266200
test,1220044
test,1210299
test,1341716
test,1068246
test,892166
test,901264
test,1024849
test,978727
test,1092201
test,1281180
test,1077232
test,906469
test,801581
test,1040630
test,1172201
test,1197009
test,1130891
test,1536581
test,1025573
test,1054651
test,1079329
test,1203420
test,1032448
test,972526
test,1243268
test,1221835
test,1008257
test,1223889
test,1395524
test,1107733
test,1267425
test,940535
test,956044
test,1092284
test,1084627
test,1390130
test,827456
test,920335
test,947565
test,827231
test,1099195
test,1027436
test,1236764
test,1235241
test,1024051
test,1121349
test,899306
test,1046030
test,1209218
test,1058248
test,1069943
test,995543
test,1069176
test,1016475
test,1079098
test,931873
test,940361
test,1075467
test,1078146
test,1059319
test,1098078
test,1149993
test,1171307
test,1400205
test,906748
test,1016001
test,950349
test,987008
test,967247
test,1283088
test,1109745
test,1177649
test,1361204
test,984630
test,1037914
test,1084451
test,1005193
test,1003446
test,1075812
test,1207505
test,1239282
test,951262
test,853449
test,1036792
test,1040264
test,1072402
test,1073336
test,1032021
test,1176699
test,1344429
test,1202151
test,1105132
test,1024278
test,975665
test,966190
test,851039
test,1293701
test,1066520
test,1134747
test,994091
test,1220574
test,1334024
test,1336970
test,1044055
test,1025214
test,1090115
test,1032551
test,835357
test,851913
test,970077
test,1283096
test,928511
test,944497
test,1060204
test,1008167
test,977650
test,1028934
test,914969
test,844604
test,1155562
test,1313006
test,1350871
test,827951
test,909795
test,765007
test,892789
test,1325596
test,1088496
test,1054705
test,1478224
test,988981
test,1072904
test,816513
test,944715
test,937780
test,900049
test,731625
test,1026415
test,1142176
test,1325274
test,1135683
test,1149562
test,905936
test,916058
test,954525
test,887414
test,1105038
test,1136263
test,920755
test,901476
test,1149769
test,1400708
test,1616135
test,1417250
test,1198301
test,1130972
test,1406014
test,1217291
test,1084971
test,826008
test,945337
test,1106699
test,1162971
test,1387457
test,1018212
test,1066819
test,1123571
test,942127
test,978353
test,1380700
test,1053395
test,1104946
test,861939
test,1057876
test,1012323
test,1104350
test,927449
test,823490
test,992160
test,794458
test,1038599
test,947107
test,1045820
test,931177
test,1015519
test,984683
test,818521
test,1099112
test,1010580
test,1589068
test,1162655
test,1095788
test,1005263
test,957276
test,1028934
test,906089
test,999855
test,838389
test,1019973
test,935726
test,1348551
test,806495
test,1331747
test,1072134
test,1270244
test,1234169
test,999128
test,909813
test,873753
test,832402
test,976580
test,1231514
test,953964
test,1201741
test,980811
test,807660
test,988331
test,1046007
test,1281596
test,1140774
test,973713
test,1105264
test,1108951
test,1038891
test,965741
test,883736
test,1052152
test,1058809
test,1318968
test,1127108
test,1041688
test,972672
test,1115981
test,1105588
test,1029631
test,925837
test,911327
test,1063469
test,1186689
test,1106070
test,940111
test,1346176
test,1226697
test,885879
test,1039880
test,1144471
test,1354428
test,1130589
test,960155
test,1049236
test,1314667
test,872827
test,1272923
test,1058688
test,1105284
test,1135586
test,1441536
test,1109198
test,1138925
test,1056218
test,1260606
test,1062136
test,1287409
test,1171941
test,1180251
test,1351917
test,1222782
test,1210527
test,1036425
test,959600
test,987474
test,1004009
test,1101478
test,1170300
test,1193023
test,804530
test,984026
test,1078073
test,980073
test,1172794
test,1034043
test,783800
test,890169
test,1053593
test,1027113
test,931419
test,1011007
test,1217621
test,1005989
test,1470529
test,1126191
test,1540450
test,1121245
test,1476917
test,1015119
test,945718
test,958994
test,987225
test,986400
test,838505
test,1043138
test,1228053
test,1086844
test,1374341
test,1204023
test,1363599
test,1021431
test,1082567
test,946883
test,1067076
test,1221858
test,1108970
test,972152
test,993014
test,1090944
test,1136482
test,1418871
test,1128232
test,1063026
test,928789
test,902746
test,1133292
test,1378082
test,950211
test,1311883
test,959855
test,852617
test,1183631
test,987983
test,1136831
test,863404
test,820700
test,985412
test,995048
test,1023735
test,1013029
test,933948
test,1236972
test,1338608
test,1257932
test,880417
test,1060543
test,1058309
test,829838
test,744566
test,734235
test,911904
test,1168734
test,1259621
test,918080
test,1250479
test,1145826
test,1082190
test,1012567
test,892691
test,1054102
test,1002507
test,1157209
test,931884
test,1072955
test,985221
test,883951
test,961227
test,894432
test,846184
test,1315154
test,1227004
test,1253736
test,1034165
test,1241308
test,996717
test,1246356
test,1231128
test,1139074
test,1028040
test,906159
test,945032
test,842765
test,933421
test,947615
test,790890
test,772210
test,896033
test,918040
test,1140568
test,1041507
test,1085145
test,965791
test,1121284
test,1112182
test,1022402
test,1183436
test,999370
test,991340
test,1190099
test,1207071
test,1028818
test,1236695
test,941006
test,1077749
test,1217712
test,1188855
test,1109224
test,874301
test,1105632
test,1164147
test,1045708
test,958965
test,1006494
test,993564
test,860588
test,1017149
test,897108
test,868302
test,760678
test,1023015
test,843798
test,1136438
test,955557
test,879198
test,814366
test,776042
test,1112418
test,1175001
test,1014174
test,875557
test,1144788
test,873752
test,1024602
test,1168388
test,1090661
test,934648
test,946070
test,1041288
test,1262550
test,979483
test,1225246
test,1058236
test,905691
test,919368
test,1071617
test,899219
test,1059411
test,979942
test,1056307
test,1241177
test,1133506
test,1571017
test,975026
test,1236137
test,1479452
test,1326074
test,1208711
test,1240089
test,860734
test,1364846
test,1423831
test,1011697
test,1173644
test,1198734
test,1317444
test,1229571
test,1576672
test,1400897
test,1085780
test,1037182
test,1174123
test,1042187
test,1234637
test,1095764
test,1254338
test,1106738
test,1256498
test,1172123
test,1232924
test,1040559
test,1197881
test,1030696
test,1287669
test,1214654
test,1142731
test,1043888
test,1275355
test,1211954
test,1299642
test,1010745
test,1125444
test,1040569
test,1226151
test,1195093
test,1024880
test,1025504
test,1199691
test,1112832
test,1131470
test,946982
test,1086441
test,958370
test,1069251
test,1051587
test,1102377
test,1076441
test,983209
test,1257505
test,1201200
test,1157092
test,979786
test,893825
test,1013798
test,1113336
test,848040
test,1730324
test,1131633
test,1278384
test,1227115
test,951100
test,1046086
test,1087988
test,1082914
test,1064257
test,1135919
test,1032198
test,1031468
test,1294989
test,1002707
test,1069131
test,1179853
test,1303727
test,1039077
test,1004608
test,1222168
test,1227551
test,1211928
test,1220150
test,1457935
test,1011186
test,943227
test,1039452
test,1032516
test,1153961
test,1033276
test,948542
test,916573
test,886175
test,932952
test,940472
test,948831
test,841025
test,1014310
test,1259383
test,997692
test,945416
test,816880
test,989812
test,1045574
test,1167455
test,1004806
test,1067126
test,820408
test,1074721
test,963432
test,1139168
test,1171663
test,1184436
test,857653
test,1166881
test,1079047
test,1089057
test,1001017
test,1017582
test,1154595
test,930662
test,879267
test,895959
test,1214841
test,1064547
test,1020794
test,1198984
test,1031846
test,923327
test,1122472
test,1267828
test,1229733
test,1193949
test,1032182
test,1206807
test,1046701
test,1003201
test,1271476
test,1177446
test,873858
test,871920
test,1217070
test,1133025
test,1063924
test,995568
test,1038202
test,1374753
test,1441440
test,1097555
test,1141619
test,1152242
test,1274047
test,1250017
test,1269626
test,1227427
test,1145883
test,1362623
test,1137802
test,940821
test,1027038
test,916074
test,960467
test,1060274
test,958627
test,841873
test,1035520
test,1068845
test,1090353
test,1124401
test,971439
test,926902
test,1119685
test,1252228
test,1234676
test,1261581
test,1172700
test,983243
test,1003943
test,1207692
test,889503
test,1072365
test,1109282
test,1141604
test,1139446
test,1218453
test,1208010
test,1184180
test,1036504
test,1054501
test,1011762
test,1075096
test,1120916
test,1192043
test,1512916
test,1139668
test,981887
test,955535
test,1176155
test,1039643
test,1149108
test,1060996
test,1209414
test,1155512
test,889813
test,1109104
test,874334
test,885978
test,891730
test,951673
test,1278485
test,1004054
test,1323120
test,1196185
test,1080002
test,1350802
test,1341508
test,1585853
test,1239567
test,986385
test,1076354
test,1270642
test,976135
test,1039265
test,970224
test,742885
test,897926
test,964051
test,845577
test,971989
test,922278
test,977582
test,921209
test,1093899
test,1283166
test,1165283
test,1264222
test,1548477
test,1152689
test,1108405
test,853707
test,1120276
test,1129305
test,984412
test,1151790
test,1254730
test,945966
test,1087740
test,1277456
test,1452892
test,1195116
test,1239104
test,1098127
test,914351
test,924609
test,1030274
test,1117394
test,1283163
test,1226379
test,948835
test,954377
test,1129811
test,1039852
test,954104
test,1028480
test,898847
test,1248694
test,1410882
test,1220384
test,1040500
test,1181900
test,981420
test,1287174
test,1006466
test,1057924
test,907146
test,1054556
test,930472
test,1129316
test,1302485
test,917575
test,818700
test,1090193
test,1112537
test,1074631
test,1115969
test,1204405
test,1015193
test,1116443
test,1043713
test,1189323
test,1034739
test,1051384
test,1386768
test,1023159
test,845745
test,1265749
test,896219
test,1112487
test,1021230
test,1008921
test,1264745
test,1051971
test,1398068
test,1359981
test,1198842
test,1096353
test,1045755
test,1376947
test,975372
test,947728
test,1072077
test,1085902
test,1327596
test,1139641
test,1199227
test,1565506
test,1449964
test,1408942
test,1475261
test,1058308
test,982642
test,939413
test,992612
test,1164780
test,1015485
test,992210
test,978882
test,1237971
test,1004248
test,1122844
test,1088549
test,1294391
test,1027154
test,968676
test,1143671
test,1084040
test,1079475
test,1156438
test,1165237
test,1368869
test,1235593
test,1035743
test,997817
test,1020516
test,1091476
test,865966
test,1046618
test,958821
test,1088982
test,921440
test,1006501
test,1091319
test,1262317
test,1091729
test,1082567
test,1372169
test,1423718
test,1150115
test,1156007
test,985816
test,1059323
test,874289
test,1067446
test,918907
test,955147
test,936061
test,1228573
test,1040729
test,1181025
test,825361
test,903576
test,1004331
test,1033515
test,1192314
test,1052773
test,921831
test,1089192
test,886464
test,824331
test,865629
test,948225
test,856242
test,1178594
test,1055606
test,958489
test,1047488
test,1126607
test,1070117
test,946045
test,1110994
test,975465
test,1020349
test,1084715
test,959551
test,1172783
test,1053376
test,1199556
test,939975
test,1128271
test,1401775
test,1162508
test,1048559
test,1203427
test,1085259
test,1440437
test,952657
test,964836
test,1172270
test,1154448
test,1224454
test,955704
test,1082841
test,1139233
test,1032407
test,800013
test,1060750
test,1189074
test,901370
test,1012117
test,1057370
test,1041733
test,962832
test,1414836
test,906963
test,1026054
test,1314451
test,942230
test,1327908
test,1297203
test,1457859
test,1148498
test,1195417
test,1113936
test,1012488
test,1109563
test,1041703
test,1199890
test,1081960
test,1339494
test,928979
test,941209
test,1103056
test,1232311
test,1210307
test,1035003
test,1040586
test,1076580
test,1065815
test,1228676
test,1005168
test,1090092
test,860878
test,841999
test,1182434
test,942958
test,1116299
test,1092618
test,1067111
test,1200166
test,1077929
test,930883
test,938379
test,838277
test,845911
test,938236
test,1110172
test,1008822
test,1045947
test,1137781
test,1114504
test,1343114
test,1111663
test,1335301
test,1178495
test,946489
test,1250872
test,1346233
test,1059910
test,1480001
test,1180499
test,1161427
test,947874
test,1015982
test,852451
test,1084471
test,1065336
test,916754
test,1237897
test,1219753
test,1221928
test,1077735
test,1027858
test,990050
test,1110717
test,1256272
test,1223564
test,1190729
test,1164514
test,1276802
test,1480986
test,1052391
test,1025278
test,942778
test,1141713
test,975838
test,1298893
test,1057714
test,1043281
test,869800
test,850330
test,921154
test,920818
test,1194738
test,1120293
test,1154016
test,944752
test,1061963
test,1031620
test,1115320
test,946255
test,1364710
test,1168815
test,1117557
test,1046215
test,922938
test,1076161
test,870158
test,945760
test,772280
test,926240
test,874709
test,1156846
test,1096436
test,1032134
test,1076219
test,667433
test,1145129
test,996928
test,858947
test,1048433
test,1006670
test,994086
test,1229614
test,1083645
test,940832
test,1031795
test,1008576
test,1023293
test,934018
test,1021029
test,1118829
test,1352426
test,1317442
test,1178919
test,1124438
test,1216242
test,1183115
test,994354
test,1227293
test,1014595
test,1229276
test,1130274
test,1334635
test,1314076
test,1432817
test,1259292
test,1313369
test,1123379
test,1229429
test,1036424
test,1081577
test,1194470
test,1085574
test,1162244
test,1215904
test,1302485
test,1045651
test,1172866
test,1056516
test,812823
test,1234945
test,941658
test,1175196
test,978756
test,1029104
test,1418585
test,949457
test,1018529
test,950518
test,1276052
test,1237502
test,863487
test,1038510
test,1014387
test,1047038
test,838667
test,960381
test,1002361
test,1096793
test,795972
test,742221
test,826340
test,1199923
test,793988
test,845995
test,964307
test,1203106
test,987481
test,1185101
test,1024605
test,1409890
test,952087
test,978568
test,1073783
test,1241604
test,1521937
test,1025237
test,1024297
test,1096694
test,1123220
test,1199080
test,1133875
test,1251832
test,952538
test,1107907
test,1064712
test,1119625
test,1144669
test,1305466
test,1335439
test,1104260
test,1009229
test,1176867
test,1111191
test,920383
test,1370500
test,1272235
test,1058867
test,1278266
test,1122096
test,976134
test,1198690
test,1428801
test,1009393
test,1336962
test,1394070
test,1118934
test,1095277
test,1114351
test,1026374
test,1065107
test,1248874
test,965356
test,683748
test,1068927
test,1040844
test,1094440
test,974941
test,918293
test,953074
test,996126
test,1106089
test,1236545
test,1046640
test,1316464
test,1171202
test,1043774
test,951271
test,1003677
test,1033710
test,1025743
test,1527408
test,1079420
test,1179985
test,974498
test,1081292
test,895074
test,1086790
test,1286189
test,965063
test,1270335
test,1101535
test,1439574
test,1349489
test,1148769
test,1001334
test,927490
test,940171
test,865388
test,998497
test,1048237
test,861091
test,962658
test,993634
test,1015351
test,1304969
test,978484
test,1021240
test,931134
test,1091986
test,1274370
test,1046229
test,1005320
test,977900
test,1096269
test,1372834
test,1217881
test,1275732
test,1223245
test,994005
test,1051611
test,960404
test,1067716
test,993419
test,981474
test,717959
test,985551
test,1179352
test,1063661
test,1234402
test,1447029
test,1134389
test,982450
test,1151911
test,977239
test,991479
test,1234054
test,802225
test,1002679
test,910234
test,1068369
test,942843
test,1083257
test,964544
test,855318
test,832269
test,905993
test,1077884
test,958538
test,1392443
test,1112139
test,1265925
test,1114308
test,1151216
test,1154603
test,1228686
test,1355865
test,1243688
test,1318141
test,1102456
test,995111
test,1140148
test,930828
test,1064563
test,1286078
test,906177
test,1042598
test,1098832
test,963998
test,1132948
test,1128422
test,1128604
test,1387977
test,1143329
test,997690
test,1185148
test,1450528
test,1005032
test,1049692
test,1227788
test,1033548
test,972375
test,1035211
test,1125013
test,997488
test,985632
test,1035718
test,1025821
test,1216568
test,1188119
test,983400
test,916378
test,1106237
test,864642
test,882941
test,1164932
test,961589
test,1201558
test,1258842
test,1002221
test,989738
test,1126024
test,961102
test,985038
test,1041889
test,1020992
test,973394
test,986179
test,940185
test,1389082
test,1178479
test,1062595
test,1022708
test,1150011
test,1082236
test,800410
test,826697
test,926632
test,1194700
test,1391203
test,1256781
test,1033450
test,908549
test,1049528
test,963726
test,1036419
test,1100750
test,1035310
test,1220425
test,989520
test,958384
test,887906
test,1110752
test,1299789
test,1224707
test,1154941
test,1052264
test,1082156
test,1231773
test,1223899
test,1033613
test,725816
test,1126417
test,1185976
test,990439
test,937827
test,980082
test,1087698
test,1155174
test,1107757
test,948976
test,1101922
test,1123674
test,1015394
test,846200
test,993107
test,1094624
test,1463936
test,1127569
test,1211072
test,1193150
test,1161476
test,1257761
test,1208256
test,1039258
test,1354555
test,1028509
test,996092
test,1171628
test,1003404
test,1093688
test,972516
test,1098749
test,1098263
test,909053
test,939128
test,1166610
test,1158641
test,897587
test,1062443
test,1126556
test,1130497
test,979874
test,910200
test,1223798
test,914656
test,1057218
test,1047616
test,902634
test,945331
test,848442
test,1076817
test,945497
test,964215
test,1227322
test,869471
test,1073091
test,1182654
test,1175992
test,1019544
test,1083142
test,1116436
test,1020445
test,1196565
test,995008
test,1145705
test,1457859
test,980956
test,1108960
test,995831
test,961613
test,950466
test,906317
test,1073132
test,1114864
test,883909
test,874039
test,1020460
test,1003564
test,1264817
test,1223371
test,1011253
test,818193
test,795787
test,1030795
test,1108434
test,1128573
test,974271
test,1097033
test,1146929
test,816219
test,975986
test,844266
test,1028840
test,1227084
test,1055613
test,825763
test,818894
test,898127
test,1014338
test,945628
test,944618
test,1124340
test,1209353
test,1260851
test,1424805
test,1470517
test,1311306
test,1251606
test,1244003
test,1098354
test,1048050
test,1196547
test,1074960
test,1155511
test,983966
test,908906
test,1088263
test,1234375
test,1403786
test,1024176
test,1282068
test,842261
test,796756
test,924071
test,941058
test,990526
test,1098150
test,1050781
test,1240246
test,1457516
test,907983
test,1459860
test,1568796
test,1367470
test,1225527
test,1243370
test,1031577
test,1025590
test,1241352
test,1029228
test,1104363
test,876782
test,1004233
test,946447
test,958736
test,1038319
test,1011139
test,1128502
test,1159155
test,1230654
test,1214491
test,1236111
test,1010791
test,948859
test,1055745
test,987550
test,1006095
test,994146
test,833838
test,1124977
test,1185186
test,1052931
test,1058470
test,856522
test,951502
test,1186686
test,809059
test,955282
test,1126119
test,951304
test,1249887
test,1094825
test,886954
test,1447270
test,1081187
test,1309662
test,1308433
test,1261001
test,1037301
test,1243923
test,1196666
test,1206212
test,1310181
test,1244782
test,1053480
test,934907
test,1120059
test,1352773
test,1068386
test,1022118
test,1001269
test,1087104
test,1149969
test,1182104
test,1327276
test,1264727
test,1018336
test,1175037
test,1015790
test,1105961
test,914251
test,878444
test,851267
test,868627
test,984139
test,1150169
test,882619
test,1162443
test,969807
test,926711
test,943068
test,1310431
test,1427268
test,1089951
test,963694
test,1243803
test,1010812
test,1369087
test,1177068
test,1080832
test,1206901
test,982007
test,1096708
test,982458
test,944906
test,1028968
test,1250423
test,1061896
test,1243441
test,1124578
test,802052
test,1221878
test,1208023
test,1109213
test,1195393
test,972327
test,863027
test,1022036
test,944538
test,1009220
test,893658
test,1153076
test,1013399
test,963362
test,1278677
test,1174915
test,1266719
test,875800
test,927142
test,906585
test,1087494
test,1083022
test,1069332
test,1207324
test,1265665
test,1035563
test,962622
test,959986
test,1145537
test,1295177
test,901125
test,973661
test,1221542
test,993011
test,1078817
test,1001320
test,1004283
test,1094105
test,1079627
test,765590
test,906684
test,917968
test,985105
test,926532
test,921918
test,851497
test,898736
test,974302
test,1084122
test,1168982
test,895503
test,977246
test,932208
test,909851
test,1218655
test,1255065
test,877364
test,978842
test,959389
test,979860
test,1086520
test,1107788
test,967875
test,1037057
test,1019576
test,955553
test,1028993
test,1050486
test,995624
test,1093412
test,1095765
test,1140288
test,1131474
test,959430
test,1145013
test,1269824
test,1311738
test,1195033
test,1160146
test,979009
test,969366
test,1251645
test,1086028
test,1064663
test,1413661
test,1064845
test,1045135
test,1153986
test,1199949
test,814307
test,1193383
test,1180978
test,987897
test,1017882
test,1189170
test,858459
test,968188
test,1201822
test,1467950
test,1151472
test,1187321
test,1065370
test,1031632
test,1050140
test,838790
test,1041064
test,1396504
test,1443991
test,1100638
test,942593
test,969233
test,1043022
test,1122838
test,1339538
test,1172946
test,1229118
test,1312595
test,1405783
test,1106851
test,1237260
test,970378
test,1234611
test,1097835
test,992663
test,1103153
test,1270815
test,948162
test,1116036
test,1023898
test,1196593
test,1349167
test,1402049
test,1213267
test,1018213
test,871101
test,942402
test,1152774
test,1305763
test,1189389
test,1055086
test,1005332
test,1091059
test,1055266
test,1157012
test,921145
test,1083491
test,1185843
test,1174646
test,1414931
test,1091554
test,1175365
test,994915
test,929492
test,1045037
test,871708
test,1173353
test,1138139
test,989392
test,1027871
test,1158532
test,1041592
test,1190169
test,1293952
test,1220204
test,1122927
test,1230170
test,1184226
test,917413
test,1100184
test,1263011
test,1176860
test,1126464
test,1144935
test,944586
test,986901
test,886292
test,960636
test,899571
test,815837
test,970458
test,925265
test,1033897
test,820481
test,791534
test,1161693
test,999202
test,1165364
test,1043272
test,794111
test,806419
test,818555
test,1028197
test,1105494
test,901684
test,1072850
test,956291
test,1227471
test,1047962
test,957885
test,1021944
test,1017625
test,1091425
test,1038729
test,1356818
test,1239706
test,1455489
test,1238905
test,1225310
test,1139217
test,1007157
test,976140
test,1095556
test,1183248
test,1085490
test,1316841
test,952121
test,849916
test,799735
test,810913
test,766896
test,1119253
test,1105817
test,1139944
test,1018591
test,1065564
test,1168385
test,1064049
test,945153
test,1071991
test,1155455
test,1103832
test,1101365
test,1140878
test,1001714
test,1009947
test,941703
test,1092992
test,1126075
test,1172991
test,1016863
test,1044315
test,766227
test,1154936
test,1052089
test,1114107
test,1151870
test,1016744
test,1089877
test,1212700
test,1031230
test,1038444
test,974293
test,1135566
test,1032906
test,1051683
test,1068322
test,1288090
test,1202617
test,1112322
test,987063
test,941152
test,954334
test,975803
test,903898
test,1071295
test,998700
test,1264720
test,1235591
test,1084730
test,1149816
test,1594236
test,1306142
test,1123719
test,1272961
test,1089678
test,1084961
test,836606
test,1071619
test,1004218
test,1089150
test,973168
test,1114054
test,1027371
test,836157
test,986295
test,963609
test,1046325
test,955500
test,813628
test,826195
test,864333
test,1119268
test,951184
test,1122127
test,1249404
test,1214701
test,1128699
test,968542
test,708519
test,881286
test,898205
test,1293323
test,1437992
test,1485016
test,1329570
test,1090424
test,1116081
test,1093151
test,1174107
test,1114728
test,1122064
test,973753
test,872168
test,1149734
test,1148454
test,1299859
test,943371
test,1156379
test,1022944
test,907431
test,1200344
test,1162173
test,957747
test,879355
test,1008226
test,1032752
test,1399038
test,1405653
test,1237712
test,1541813
test,1184210
test,1323061
test,862115
test,1117835
test,1104129
test,1317603
test,1107476
test,1440840
test,1396934
test,1013767
test,1181982
test,1050687
test,1117631
test,1410373
test,1330531
test,1128756
test,1158239
test,1335215
test,1189616
test,1067194
test,1106872
test,897072
test,888530
test,892232
test,1068510
test,1076211
test,1003440
test,998836
test,901522
test,1252918
test,1074964
test,919767
test,1177624
test,1015130
test,1030807
test,1145648
test,1413553
test,1221600
test,1149714
test,1028212
test,1012819
test,1035233
test,887701
test,1004804
test,1051722
test,999612
test,1112144
test,1043767
test,810803
test,1130552
test,900820
test,1273532
test,1296619
test,1181469
test,1198859
test,1156002
test,1073355
test,1119298
test,1004184
test,995723
test,980607
test,1101599
test,1033667
test,1123224
test,1412208
test,1227307
test,1349505
test,1023442
test,1102363
test,1159969
test,1208550
test,1155353
test,981353
test,824082
test,986102
test,993433
test,1009612
test,946769
test,1173662
test,1310875
test,1274254
test,1259090
test,1133570
test,921859
test,1303544
test,1053684
test,1025367
test,1379058
test,1041931
test,948940
test,926095
test,1017336
test,1155776
test,1149713
test,941122
test,888531
test,1053101
test,791723
test,1100135
test,1090464
test,896738
test,1075186
test,913114
test,902972
test,840019
test,980650
test,920823
test,1164400
test,1323131
test,1160146
test,1082972
test,1259031
test,936603
test,1001786
test,1439071
test,1159952
test,1256537
test,1219815
test,1159150
test,1309876
test,1105817
test,1302606
test,1385673
test,1323040
test,1218718
test,1133616
test,1168177
test,1048999
test,978682
test,858368
test,970880
test,1126952
test,1100768
test,1194405
test,1117232
test,1052193
test,1116029
test,1073717
test,1217320
test,946895
test,1251113
test,1196220
test,1115574
test,1044409
test,1250542
test,1022335
test,997273
test,1113061
test,992416
test,1207074
test,986389
test,1058051
test,1045576
test,1136933
test,921437
test,1005969
test,1165259
test,1085150
test,1249892
test,1259601
test,1123389
test,1050513
test,1136862
test,859626
test,895794
test,1189351
test,1173237
test,1228550
test,1277849
test,1306342
test,1183943
test,1149917
test,1009620
test,1352775
test,1056093
test,1100409
test,787684
test,891279
test,1040800
test,1219114
test,1363783
test,1186495
test,1260450
test,1372712
test,1389654
test,832071
test,950433
test,954270
test,1115573
test,877504
test,922737
test,1187492
test,1202272
test,937227
test,1212344
test,1015693
test,1041131
test,990119
test,1142915
test,952337
test,1063387
test,1042832
test,1064225
test,1138393
test,1093605
test,1171847
test,885385
test,1081797
test,973370
test,1294888
test,998054
test,898128
test,1324640
test,1185839
test,1135635
test,1074598
test,1243864
test,1440734
test,1407599
test,988344
test,1431840
test,1566762
test,1231812
test,1648475
test,1169697
test,1253558
test,1234955
test,1112797
test,1104758
test,1391978
test,1089393
test,1102927
test,1105204
test,1125990
test,826231
test,1067938
test,1201135
test,1022025
test,983089
test,989118
test,1121781
test,1584848
test,1391492
test,1051476
test,1101823
test,1301485
test,1266113
test,919103
test,1196386
test,1050443
test,925147
test,1206511
test,1131929
test,1057826
test,1134333
test,1031350
test,1041667
test,776446
test,1004752
test,899435
test,1171628
test,1029811
test,944897
test,1116887
test,1125912
test,986770
test,926918
test,849779
test,1009034
test,860082
test,1213917
test,1200163
test,1097934
test,1075069
test,1177916
test,991762
test,1050295
test,985594
test,870561
test,891926
test,935402
test,1138377
test,932337
test,1317937
test,1104992
test,1245039
test,1018748
test,1049241
test,889290
test,1058771
test,982200
test,1075092
test,1230465
test,1198605
test,1283051
test,1099676
test,1211728
test,1013572
test,1011410
test,1109151
test,1219085
test,1189657
test,1175325
test,935436
test,1130799
test,1362180
test,1262875
test,1063701
test,1024764
test,904340
test,848053
test,1147938
test,1178887
test,1114465
test,1033005
test,904163
test,871069
test,974960
test,1032534
test,1124301
test,1425187
test,1370028
test,1326386
test,1228473
test,1118648
test,1517879
test,1174373
test,1399776
test,1057876
test,1162952
test,1215471
test,1026857
test,1009682
test,977218
test,1254893
test,1289458
test,1221677
test,1356523
test,1157285
test,1345014
test,1436065
test,1233176
test,955839
test,935787
test,1345819
test,1006514
test,1301918
test,1024058
test,1249994
test,1058481
test,1133892
test,1077241
test,1043048
test,1087106
test,854652
test,931325
test,950059
test,800053
test,803151
test,1010965
test,1044905
test,833422
test,800787
test,939187
test,903191
test,1033002
test,1135509
test,1057575
test,1212472
test,1187426
test,1174006
test,1096058
test,1103455
test,1192063
test,1514283
test,1165452
test,1248852
test,1151664
test,946262
test,1067023
test,1244548
test,1210651
test,1327509
test,1096198
test,1216653
test,1110063
test,1009390
test,1071022
test,1040273
test,877629
test,1136696
test,983984
test,964427
test,1110857
test,1062368
test,1196627
test,1224966
test,1175912
test,865466
test,909344
test,792900
test,989469
test,898325
test,1012606
test,863042
test,961307
test,1111622
test,1130582
test,853897
test,1090444
test,943684
test,1140703
test,969904
test,1133640
test,1129754
test,1121355
test,1415443
test,1329308
test,1366322
test,1313684
test,867585
test,1070518
test,906063
test,1058733
test,954458
test,1047375
test,1035994
test,1214430
test,1166711
test,1445386
test,1474053
test,975313
test,972251
test,1228428
test,1026469
test,801177
test,1205379
test,1000075
test,994818
test,1029403
test,999291
test,959537
test,1280830
test,1114914
test,1004855
test,1126029
test,1223963
test,1060432
test,1171764
test,1365637
test,1108246
test,1002130
test,938745
test,1024860
test,1100685
test,1072216
test,1326656
test,1211548
test,1183987
test,1147727
test,1319017
test,1289209
test,1116245
test,1054048
test,1251738
test,1024080
test,1128371
test,1122051
test,1218323
test,1105522
test,1184000
test,1143209
test,1049528
test,1002575
test,1255906
test,1068540
test,1263858
test,1269321
test,1164039
test,1220231
test,1264485
test,1029244
test,932320
test,931809
test,982576
test,1064949
test,1083883
test,1015518
test,1089365
test,973644
test,916126
test,1046786
test,1002634
test,886144
test,1074953
test,1076533
test,1074476
test,1005966
test,1285577
test,1082531
test,985632
test,1288688
test,1033450
test,1016076
test,1045934
test,1166562
test,1039253
test,906986
test,944689
test,1088930
test,935563
test,922667
test,905612
test,846628
test,1075362
test,993253
test,817870
test,1082113
test,1042186
test,1010988
test,954115
test,998932
test,816781
test,985222
test,1231485
test,1286921
test,974167
test,1154768
test,1304560
test,1086944
test,1145733
test,1062620
test,1114422
test,1192638
test,1007949
test,1125823
test,1154015
test,982374
test,1149331
test,979221
test,933325
test,1022562
test,993934
test,1000551
test,936737
test,1310861
test,963463
test,1023169
test,1058492
test,1236216
test,1061168
test,1097495
test,1112646
test,1145981
test,1128605
test,1056518
test,980452
test,1031192
test,1038497
test,1204161
test,1306662
test,1251292
test,1235901
test,937752
test,1079917
test,1108589
test,1106583
test,933790
test,1027696
test,983071
test,1144802
test,1047199
test,877088
test,1142242
test,1075356
test,1017567
test,1105565
test,987287
test,1207264
test,1223867
test,1128993
test,826726
test,1046453
test,1157883
test,1119770
test,908788
test,1015653
test,1227936
test,877743
test,913483
test,889690
test,810425
test,1046173
test,1000889
test,1057079
test,958421
test,968915
test,1130858
test,1138312
test,1175460
test,1173829
test,775264
test,1182244
test,1325951
test,1217711
test,1253339
test,1288879
test,1536604
test,1234126
test,1096387
test,1090322
test,1118368
test,1239691
test,1140524
test,1415477
test,1422664
test,1199180
test,1125471
test,1101340
test,1001556
test,1067672
test,1197391
test,1023589
test,1222030
test,929671
test,1056559
test,1127909
test,1273598
test,978193
test,1166063
test,1059934
test,1237995
test,892799
test,877375
test,964314
test,1067543
test,997958
test,1091259
test,975156
test,776437
test,1053020
test,846622
test,1005400
test,1212547
test,1174860
test,1205816
test,1328293
test,940208
test,1061693
test,930251
test,883642
test,1060862
test,1186234
test,870360
test,1063455
test,895561
test,1012168
test,1491865
test,1030513
test,1071162
test,1146355
test,1369759
test,1191793
test,1674867
test,1039996
test,1066031
test,1048887
test,1420683
test,1192699
test,1007433
test,1092594
test,1044362
test,1028463
test,958486
test,880719
test,973215
test,1156328
test,995720
test,859087
test,923920
test,884335
test,996922
test,1054899
test,976590
test,974546
test,944766
test,874281
test,977325
test,849847
test,1260527
test,1168203
test,1100865
test,1030624
test,1000904
test,961333
test,1365896
test,1038662
test,993403
test,808329
test,1133879
test,1119124
test,1048496
test,1008838
test,1015122
test,1277787
test,1464809
test,1444432
test,1179960
test,980454
test,1228889
test,1173322
test,970937
test,775565
test,1081540
test,984057
test,1079612
test,1155435
test,1202134
test,1060374
test,1093905
test,1020745
test,1173364
test,1204453
test,1230704
test,1194045
test,1056899
test,1034655
test,915061
test,1072761
test,1156339
test,949438
test,1041939
test,940374
test,1178041
test,1088515
test,1005127
test,1132391
test,957502
test,981230
test,1009646
test,1142519
test,1411735
test,1213802
test,1292904
test,1184971
test,1288731
test,1205017
test,1076889
test,846342
test,849151
test,922519
test,1050854
test,846305
test,793887
test,897822
test,1031046
test,1153732
test,1063489
test,1054783
test,986586
test,1083084
test,1078070
test,979948
test,1285190
test,1270186
test,1261600
test,1231770
test,993999
test,1180102
test,1141039
test,962026
test,1045942
test,1250920
test,1066134
test,1047386
test,1092649
test,1069614
test,1204156
test,975137
test,1078783
test,1154959
test,953259
test,1058792
test,1092855
test,1128493
test,1230678
test,1198788
test,1227787
test,937367
test,1151577
test,1014989
test,957444
test,1109726
test,1059518
test,1155517
test,907674
test,1349949
test,1299481
test,1218902
test,1312427
test,1018739
test,1165083
test,1193163
test,1332914
test,1242411
test,1004028
test,982909
test,1287342
test,1103441
test,980671
test,1181674
test,1158071
test,1379845
test,1125934
test,1011034
test,1098637
test,946321
test,1013191
test,1058218
test,1082302
test,1097841
test,929363
test,942690
test,1157621
test,1375108
test,1443111
test,1115110
test,1192444
test,933450
test,1253560
test,844354
test,1021320
test,1225144
test,1026444
test,1081424
test,792560
test,1165366
test,1511397
test,1275931
test,1073922
test,1081542
test,1208877
test,1121698
test,1228900
test,949573
test,1041826
test,747713
test,1041328
test,881706
test,1006027
test,821193
test,854784
test,885071
test,1084592
test,1009135
test,961553
test,881618
test,867526
test,1067954
test,1051606
test,956549
test,786608
test,1235100
test,986946
test,1006502
test,914881
test,981457
test,1052448
test,1086201
test,1235922
test,1024849
test,776017
test,1157061
test,1119178
test,1097126
test,1046794
test,1235881
test,1108486
test,1002079
test,915703
test,1163632
test,1028784
test,999284
test,952253
test,1017092
test,981541
test,1052829
test,914367
test,1151915
test,1244848
test,1221795
test,1112814
test,1260403
test,1230409
test,1194527
test,901696
test,1206881
test,1181584
test,1069352
test,1236757
test,967287
test,1431378
test,1327908
test,1191921
test,1166050
test,1016393
test,1053643
test,1283842
test,1327474
test,1132774
test,1197428
test,1100374
test,1044814
test,1116449
test,1162278
test,1396016
test,1223591
test,1197750
test,976923
test,911466
test,1104184
test,1002045
test,1154508
test,987410
test,1081950
test,889789
test,866473
test,930032
test,952939
test,931196
test,1291292
test,912899
test,979567
test,1067435
test,1188189
test,1036420
test,1344374
test,1001823
test,997150
test,993705
test,1051880
test,1241758
test,1119754
test,1238447
test,1258816
test,1253842
test,740272
test,842346
test,1053429
test,1250738
test,1104542
test,1224975
test,1163000
test,1129246
test,1045277
test,1070501
test,1156752
test,1133529
test,1020211
test,1319865
test,1311800
test,948624
test,970041
test,845048
test,1047984
test,947064
test,1051446
test,1042511
test,957701
test,1011286
test,1160437
test,1258765
test,1136362
test,1096023
test,979963
test,1029759
test,964603
test,958871
test,1114490
test,1034169
test,1082371
test,1076238
test,868831
test,1244928
test,960346
test,929127
test,1207664
test,914761
test,1193582
test,947785
test,1159989
test,857980
test,988455
test,996870
test,1043018
test,1000986
test,1152226
test,1179650
test,1172315
test,1269119
test,1008441
test,1087313
test,1240983
test,1199942
test,1129192
test,1040517
test,933349
test,1074798
test,921381
test,957912
test,969821
test,1214464
test,1225069
test,1045341
test,998999
test,1125575
test,1329252
test,1332578
test,898038
test,861631
test,1000869
test,1107865
test,1133552
test,1225971
test,898858
test,1050867
test,1033042
test,1042228
test,835273
test,1054257
test,887974
test,1098102
test,1079409
test,985582
test,1014875
test,1122077
test,974519
test,1093829
test,956970
test,1071314
test,906983
test,1192081
test,1079042
test,1085665
test,1246133
test,1155987
test,1616398
test,1317568
test,1274040
test,1269520
test,1090187
test,1086826
test,1080857
test,1036621
test,1373416
test,1309854
test,990807
test,1038016
test,1272549
test,1252807
test,1326220
test,1295977
test,1188460
test,1430242
test,1197414
test,1064514
test,1120920
test,995526
test,1355470
test,1271601
test,1086353
test,1095607
test,1040485
test,1122422
test,922257
test,877827
test,1010957
test,1111879
test,1093811
test,899114
test,1239513
test,1134990
test,1275913
test,1155683
test,1135195
test,1085979
test,999708
test,1075568
test,1130785
test,987143
test,1175363
test,1104706
test,1234557
test,917799
test,1019703
test,1118589
test,1423725
test,1315700
test,1237417
test,1268187
test,1135871
test,1111383
test,1126130
test,976067
test,928435
test,939542
test,1067820
test,1085889
test,1051611
test,1166216
test,1054916
test,940819
test,1298510
test,1258147
test,1309977
test,1024546
test,1298232
test,965306
test,1125017
test,1426604
test,1174028
test,934289
test,1012771
test,1113738
test,1192701
test,1240868
test,1316454
test,1308382
test,1077279
test,1040938
test,1072535
test,1206059
test,1483743
test,1260239
test,1081911
test,1212522
test,1117618
test,1117463
test,988388
test,1318746
test,1196556
test,1014226
test,1047654
test,1095095
test,849381
test,1225948
test,1194853
test,1092362
test,1191361
test,1135532
test,1212478
test,1116259
test,1227276
test,1030374
test,975233
test,1045639
test,1181677
test,1299844
test,1088932
test,1077393
test,962230
test,1023283
test,1306027
test,1095794
test,1114554
test,1030810
test,1112491
test,1034794
test,1171566
test,1227157
test,964053
test,1412196
test,1531160
test,1368629
test,1128113
test,1246388
test,1211468
test,1195565
test,1155788
test,1050577
test,1144736
test,1119971
test,1161501
test,1145708
test,1388725
test,960940
test,1146886
test,1004740
test,1345021
test,1387966
test,1063886
test,1192125
test,1349982
test,1184371
test,1056805
test,1140506
test,1089204
test,998297
test,1086519
test,1253085
test,1063065
test,1127696
test,832450
test,1230686
test,1284661
test,928257
test,1063673
test,1097199
test,1054956
test,1001005
test,1191080
test,1042330
test,751102
test,1068118
test,795825
test,1080034
test,1148568
test,1224552
test,1102743
test,1214361
test,1057724
test,831275
test,940732
test,1178358
test,1143289
test,1280766
test,1114358
test,1116616
test,969369
test,1259665
test,1058400
test,865412
test,1004923
test,1239604
test,1039628
test,1004924
test,1124358
test,1284827
test,1105932
test,786828
test,805332
test,1054134
test,829546
test,964845
test,1037186
test,1064080
test,903311
test,1448619
test,1223471
test,931895
test,1045069
test,1330220
test,1434224
test,1078673
test,1015993
test,1043405
test,1111617
test,1045162
test,1065908
test,1206581
test,946554
test,926834
test,992661
test,1114392
test,998455
test,1096663
test,1009352
test,1177950
test,928245
test,1219440
test,1060049
test,1192797
test,1265252
test,916531
test,1138151
test,1264182
test,1040864
test,926095
test,943663
test,1074797
test,1127566
test,1171594
test,1068638
test,997042
test,1025248
test,1138362
test,1212450
test,892536
test,1117036
test,1064007
test,1133119
test,1206440
test,1436824
test,1059174
test,1280788
test,1647128
test,974065
test,977048
test,1169498
test,1195159
test,1015453
test,796094
test,971552
test,905554
test,1339724
test,1434741
test,1066374
test,1306543
test,962065
test,1163297
test,976822
test,1215609
test,1118280
test,1060029
test,993557
test,1171294
test,1052833
test,1094431
test,1001811
test,888281
test,1166132
test,941678
test,854735
test,865758
test,899554
test,1235422
test,779304
test,904658
test,982500
test,1132630
test,1271052
test,1139829
test,941995
test,908382
test,832187
test,1221967
test,881641
test,812683
test,849282
test,1078561
test,787181
test,829350
test,960676
test,1111809
test,1053797
test,935457
test,940507
test,1030612
test,1095160
test,882680
test,961570
test,1007629
test,1283318
test,1289552
test,1247219
test,1007974
test,997582
test,979505
test,1146589
test,1112628
test,1123646
test,1153666
test,1193013
test,1225713
test,945752
test,1132263
test,1149378
test,1060427
test,1084088
test,1185321
test,1026565
test,1098740
test,1398177
test,1013489
test,1159422
test,1036578
test,1132918
test,1117473
test,1039114
test,974628
test,895830
test,921551
test,1218396
test,1211840
test,992503
test,1165739
test,1150963
test,1000464
test,1235822
test,1449198
test,1298347
test,1337619
test,1236227
test,1168200
test,1065573
test,1102372
test,1174202
test,1327863
test,1313003
test,1512589
test,1271964
test,1208461
test,1267981
test,1155049
test,1341910
test,1025707
test,1239209
test,1165610
test,993213
test,1088406
test,1253989
test,1123646
test,892007
test,964839
test,1002573
test,1324309
test,1063724
test,1311988
test,972554
test,1263512
test,929488
test,1058155
test,955562
test,1189053
test,1012852
test,1280207
test,1212885
test,1028857
test,1334069
test,911351
test,1272815
test,1091375
test,1004248
test,1273962
test,1310088
test,1168071
test,1066843
test,1471101
test,1099789
test,1432257
test,972034
test,1274345
test,1278583
test,1218631
test,1168648
test,886529
test,1112351
test,854238
test,1013067
test,1048456
test,1047624
test,1133433
test,1027331
test,1222516
test,922774
test,851502
test,1007698
test,1105479
test,865778
test,851526
test,1062394
test,1020759
test,1168337
test,1236951
test,1190730
test,1292768
test,1143403
test,1255552
test,1408161
test,1403006
test,1199393
test,1006986
test,1151867
test,1417675
test,986299
test,1186547
test,1009596
test,1272559
test,1245651
test,1009940
test,1132108
test,867867
test,920395
test,1062723
test,852759
test,1264521
test,1031139
test,827692
test,1149106
test,1349059
test,1266312
test,1266065
test,1320995
test,1184012
test,1065733
test,1160233
test,1125193
test,1164737
test,1237341
test,1099026
test,1095167
test,896727
test,1027118
test,1134561
test,1029926
test,1074511
test,1277459
test,1475718
test,1017499
test,1039030
test,1070158
test,1078874
test,839157
test,1046441
test,849457
test,927128
test,1076945
test,1117228
test,1360004
test,1189507
test,1329171
test,1541554
test,1210500
test,1039095
test,1161422
test,1211325
test,1040801
test,1159652
test,1027247
test,1217800
test,1147536
test,1011687
test,1307098
test,1135208
test,1208639
test,1016619
test,1184166
test,1303940
test,1396185
test,1222029
test,1242107
test,1173006
test,1079655
test,1293465
test,987097
test,958868
test,1132775
test,1241327
test,1048097
test,1062894
test,1177212
test,1054014
test,974378
test,1403118
test,962314
test,905499
test,1024037
test,1117131
test,960521
test,1068279
test,1167365
test,933670
test,904746
test,987212
test,972899
test,1020504
test,1133650
test,1089749
test,1584657
test,1168774
test,1285820
test,859486
test,887331
test,840931
test,1335559
test,1075889
test,1160661
test,1104161
test,1031445
test,1256725
test,950506
test,1227634
test,1130061
test,1050573
test,968341
test,1149739
test,1074235
test,1069962
test,1154171
test,1221942
test,909631
test,965516
test,902310
test,990026
test,957985
test,939206
test,1029055
test,901744
test,915281
test,1040870
test,1058137
test,995756
test,898243
test,1069313
test,1053808
test,1072362
test,965552
test,824364
test,995057
test,850351
test,1119560
test,902874
test,1148748
test,1081755
test,894695
test,910826
test,1079667
test,1309569
test,969071
test,1228227
test,1458993
test,1247497
test,1312995
test,1088106
test,1324501
test,1057784
test,1021304
test,940526
test,998095
test,1197949
test,1315437
test,1227070
test,1061923
test,1288012
test,1113165
test,1023298
test,1681278
test,1601283
test,967758
test,1221769
test,1184785
test,1105751
test,1381074
test,1387496
test,1023164
test,1066878
test,1295984
test,1232964
test,1180053
test,1301870
test,1089263
test,1095603
test,1293410
test,1331291
test,1408974
test,1095914
test,1408753
test,1062275
test,1458367
test,1157640
test,936554
test,1172693
test,1185268
test,1238507
test,1100103
test,871289
test,1103264
test,1139096
test,1203227
test,989279
test,1252849
test,887816
test,1163649
test,1031859
test,1296887
test,1132407
test,1069703
test,1038709
test,841051
test,987226
test,943655
test,1075806
test,853821
test,1395858
test,965145
test,1107499
test,1245879
test,1276411
test,1193702
test,1134776
test,893245
test,1143455
test,1296041
test,1060681
test,1079180
test,1399030
test,1129037
test,859562
test,1062048
test,1418919
test,1341810
test,1433981
test,1402216
test,1241850
test,1194535
test,1138810
test,1111258
test,1180625
test,1410913
test,1361032
test,1110329
test,996411
test,1068815
test,1757264
test,1306285
test,1294056
test,1212270
test,1123914
test,1134952
test,1157104
test,1496899
test,1006998
test,1168429
test,1367126
test,1465301
test,1035629
test,1166697
test,1114473
test,1203498
test,1091873
test,1438514
test,1145697
test,1157751
test,1091828
test,1015189
test,1469716
test,1274585
test,1194204
test,1150357
test,1092867
test,885506
test,935822
test,921405
test,1110113
test,960994
test,1114326
test,1026459
test,959275
test,802936
test,1006137
test,1175367
test,1379160
test,1102141
test,887761
test,1002886
test,1075335
test,978775
test,961406
test,1043576
test,1048628
test,1193642
test,1165808
test,1233703
test,981602
test,1061884
test,1001053
test,941156
test,1028278
test,1218562
test,943368
test,1220445
test,1024270
test,1327013
test,1257971
test,981370
test,1327079
test,1184874
test,903563
test,1255085
test,1009296
test,1284413
test,1129171
test,1006477
test,1019659
test,988594
test,1085270
test,1015919
test,898929
test,1169890
test,1197558
test,975458
test,977295
test,1223977
test,926649
test,973820
test,1160608
test,1025185
test,885574
test,678491
test,865176
test,784978
test,1291691
test,976589
test,1185082
test,776556
test,1164360
test,999749
test,1111961
test,1099452
test,1144537
test,1181724
test,1030970
test,1016759
test,1017861
test,889895
test,876935
test,826144
test,875096
test,910996
test,1137026
test,1179629
test,1096731
test,1377258
test,1006433
test,1406480
test,1246773
test,1267717
test,1133839
test,1050987
test,1389945
test,1264125
test,1194169
test,1245457
test,1105289
test,1207026
test,1139445
test,1112231
test,962982
test,1006075
test,1184260
test,1123726
test,886177
test,859109
test,884343
test,1087803
test,910374
test,795463
test,1040048
test,904866
test,1002745
test,822162
test,869035
test,1072241
test,1054796
test,973302
test,1114007
test,1270181
test,1322109
test,1014402
test,1290102
test,1141041
test,1115405
test,1185817
test,854702
test,1235222
test,1034485
test,1102062
test,972778
test,981291
test,906750
test,857790
test,1159581
test,970919
test,922615
test,869315
test,1104107
test,899921
test,1154479
test,1313186
test,1027958
test,1053327
test,1254524
test,1211631
test,1302016
test,1009624
test,1230291
test,1192433
test,1077798
test,910032
test,999836
test,956119
test,982558
test,1009925
test,858688
test,995433
test,1069679
test,1001920
test,913575
test,1076155
test,998862
test,1095477
test,1034343
test,748987
test,662463
test,973724
test,1309140
test,999389
test,1056647
test,1689336
test,1115023
test,1182691
test,1133038
test,1208688
test,1292925
test,891103
test,1048183
test,931999
test,1024999
test,1127751
test,970696
test,896538
test,1103882
test,1094441
test,1212299
test,1320535
test,950104
test,1374376
test,952187
test,814498
test,915705
test,926336
test,965027
test,1123399
test,1111884
test,890948
test,836253
test,1139488
test,1312454
test,821336
test,935795
test,968684
test,1142109
test,872548
test,1272655
test,1154416
test,1209020
test,1139262
test,1046685
test,1108605
test,1317404
test,1049289
test,1262854
test,1153856
test,1025022
test,917998
test,963573
test,1061288
test,894868
test,1169929
test,1059697
test,1152370
test,1068097
test,1283809
test,978197
test,937500
test,1108834
test,1204736
test,1348491
test,1319695
test,1126225
test,1264066
test,1267041
test,1135578
test,1116708
test,813117
test,952839
test,892674
test,1227669
test,1225945
test,1259052
test,1164618
test,1192882
test,1243501
test,1103069
test,1242288
test,956716
test,983937
test,1024158
test,856440
test,1203204
test,920008
test,1192193
test,1132568
test,965685
test,824280
test,958674
test,789876
test,939809
test,1134072
test,1113249
test,1067487
test,979939
test,1150687
test,1158942
test,873613
test,927614
test,1104387
test,1265856
test,958314
test,940357
test,955133
test,946729
test,1002468
test,1094204
test,857713
test,1015389
test,1322310
test,830559
test,1130272
test,1282301
test,1125502
test,1315247
test,1382901
test,1140778
test,1114200
test,1021890
test,992588
test,894427
test,1212609
test,1196631
test,1262130
test,1275825
test,902600
test,1084039
test,842814
test,1071157
test,1250612
test,1161890
test,1189499
test,1128389
test,1132118
test,952103
test,932816
test,1191313
test,941604
test,1151271
test,999445
test,1104693
test,1168330
test,1168144
test,1051446
test,955850
test,986805
test,1009362
test,1207385
test,1295527
test,1273523
test,1192673
test,963973
test,987047
test,1099067
test,1038546
test,1076558
test,1256320
test,1157816
test,1059522
test,1015919
test,1017733
test,895298
test,974081
test,1080158
test,999948
test,783480
test,1356805
test,934590
test,935530
test,915320
test,1102993
test,1395924
test,1013183
test,968438
test,967651
test,952825
test,1029122
test,1156196
test,1034806
test,1026672
test,1120269
test,1215889
test,1198504
test,1230145
test,1242653
test,1047481
test,944971
test,952670
test,960026
test,1028347
test,947280
test,1243782
test,1111543
test,1254949
test,1260209
test,1060920
test,1156442
test,1238391
test,930473
test,1331412
test,1351023
test,1283290
test,1244128
test,954915
test,910798
test,919494
test,940089
test,948604
test,1108344
test,1180990
test,949189
test,913820
test,1012823
test,1107434
test,1273732
test,1085858
test,1112913
test,1366082
test,1110392
test,999755
test,997892
test,883044
test,1046199
test,1255213
test,1270190
test,1226819
test,1322982
test,1328732
test,1073470
test,1248818
test,1162512
test,1138074
test,1059037
test,1397186
test,1103953
test,938159
test,1081239
test,956308
test,980654
test,1238431
test,1200375
test,1227322
test,1047681
test,1101993
test,1180162
test,1250924
test,1093356
test,837996
test,1195282
test,1372258
test,1294714
test,933523
test,1262978
test,1005538
test,1180610
test,888589
test,1140490
test,1207183
test,1258470
test,1072955
test,1019995
test,1268667
test,1144949
test,1367518
test,1028693
test,1185574
test,1189178
test,1099096
test,1121230
test,1031687
test,1022319
test,1188439
test,1134114
test,1078658
test,1237398
test,1124744
test,968847
test,766454
test,861068
test,1205550
test,996196
test,1177235
test,1360672
test,1255981
test,914931
test,957172
test,1217624
test,1171082
test,1042472
test,1088433
test,1067861
test,795404
test,885790
test,961777
test,978466
test,911269
test,913964
test,967957
test,1011453
test,975847
test,874456
test,1029863
test,1117813
test,1121118
test,1005073
test,1146018
test,803953
test,1062139
test,1152463
test,942323
test,846802
test,954732
test,939960
test,1241796
test,1219245
test,1216880
test,1084173
test,1124340
test,964220
test,1279528
test,1225974
test,1269690
test,1140540
test,1145134
test,1203338
test,1328125
test,1124013
test,952754
test,1081638
test,1142703
test,947294
test,901490
test,1110490
test,1094260
test,832644
test,938246
test,1161841
test,1312056
test,1057898
test,1227945
test,1180622
test,1049746
test,1149178
test,894032
test,1018351
test,1313204
test,1222731
test,832646
test,1170092
test,1236643
test,1024018
test,980787
test,987930
test,1331142
test,1055196
test,1027538
test,1183373
test,1193775
test,1122545
test,1010791
test,869084
test,968096
test,977293
test,1143007
test,1121793
test,1363663
test,959936
test,1012798
test,1097574
test,967263
test,1163577
test,1258161
test,1290841
test,1090320
test,1115394
test,1158100
test,962267
test,1126867
test,937708
test,1114844
test,1018523
test,936822
test,966125
test,1168640
test,1173538
test,1370561
test,1254859
test,1000697
test,1303544
test,1022974
test,1317374
test,873715
test,985357
test,1277481
test,1205328
test,1386754
test,1101599
test,1038186
test,1037306
test,1177466
test,1123933
test,1179160
test,949630
test,1099161
test,1016590
test,918511
test,1209991
test,1046058
test,1159174
test,1074458
test,1083053
test,1102944
test,1127477
test,964932
test,925900
test,1360135
test,1077020
test,973977
test,1113838
test,972502
test,1103526
test,1125239
test,1303797
test,1025764
test,1025867
test,843451
test,1134008
test,1224472
test,841153
test,924432
test,1110690
test,854828
test,970268
test,1054330
test,845595
test,1159929
test,1105562
test,1424800
test,1231270
test,1010390
test,985114
test,1126475
test,1360580
test,1125202
test,1365177
test,1001185
test,836598
test,1025938
test,894931
test,1143463
test,1038869
test,1018497
test,985216
test,1116585
test,1038528
test,1136580
test,1023552
test,905394
test,955319
test,980668
test,938579
test,1022501
test,1172585
test,830914
test,1174639
test,1035963
test,1019749
test,857629
test,1048081
test,1206090
test,905833
test,976084
test,1147055
test,1134899
test,1185036
test,1429742
test,1367670
test,937416
test,928910
test,1101081
test,936683
test,944741
test,931750
test,1212923
test,1027921
test,996763
test,1138227
test,1259326
test,1216296
test,1227866
test,1097089
test,1317730
test,1130267
test,966433
test,913192
test,976672
test,1133486
test,934971
test,928262
test,1148161
test,1018562
test,1012698
test,982158
test,924861
test,1180700
test,1482980
test,1394371
test,1256170
test,1209045
test,1083893
test,1543507
test,1244690
test,863827
test,968664
test,1014877
test,1000877
test,1060903
test,770043
test,1079778
test,1054481
test,1037034
test,1084388
test,1050176
test,1059728
test,1155857
test,1005500
test,939115
test,895273
test,1018052
test,1013267
test,762627
test,1112739
test,905226
test,929719
test,1225719
test,1041060
test,997365
test,1298088
test,976660
test,851467
test,1222187
test,1196321
test,1303579
test,1397193
test,1226477
test,1188710
test,1290735
test,1082646
test,1259341
test,1125663
test,864805
test,1024481
test,925997
test,1139121
test,915744
test,882011
test,910043
test,1024119
test,1398163
test,1363276
test,1193500
test,945588
test,1235589
test,1016447
test,1226425
test,1103992
test,929868
test,1132770
test,1105423
test,983706
test,969742
test,1190355
test,1010221
test,994351
test,951352
test,1170439
test,969082
test,1069374
test,1164703
test,1068558
test,1285799
test,1068915
test,1032510
test,1121899
test,978928
test,1110217
test,940908
test,936457
test,1198103
test,1211977
test,1089180
test,1030605
test,1140330
test,1184301
test,1184532
test,967752
test,1149274
test,1140810
test,1021090
test,1180940
test,1378961
test,1231936
test,1042605
test,1104566
test,956766
test,1081262
test,1122982
test,1098128
test,961792
test,989591
test,972846
test,936365
test,1153107
test,851066
test,1025792
test,1050168
test,1024006
test,911456
test,899212
test,1002247
test,830575
test,1038962
test,1057027
test,850250
test,1156016
test,1025656
test,1059583
test,1283481
test,988014
test,1057154
test,954912
test,1156623
test,983886
test,1061613
test,1098365
test,947193
test,1113472
test,1168829
test,1327257
test,1046256
test,1061625
test,912799
test,1235022
test,982309
test,1078159
test,1173849
test,900409
test,1075718
test,822406
test,919870
test,1277294
test,1110351
test,1342551
test,1445969
test,1197198
test,864523
test,896343
test,979721
test,928712
test,1155908
test,1052096
test,957594
test,961463
test,1004806
test,1152032
test,1251405
test,1001806
test,917793
test,1048743
test,936900
test,1354212
test,994930
test,1068648
test,1204154
test,1376847
test,1165514
test,1348157
test,1173582
test,1287870
test,943590
test,1152575
test,1383412
test,1044636
test,1109813
test,1363559
test,1238351
test,967615
test,969838
test,1088642
test,1266688
test,1225349
test,1100702
test,1030690
test,1059652
test,1129981
test,1345273
test,1174608
test,1097955
test,1283391
test,1270808
test,1115982
test,1036137
test,1125719
test,1089828
test,1310430
test,1387128
test,986239
test,1127905
test,1079843
test,1237106
test,1119650
test,1202771
test,1109161
test,1146059
test,1365077
test,1070828
test,911518
test,1020043
test,1144411
test,1138857
test,1115858
test,1303141
test,1494072
test,902791
test,1034004
test,1098353
test,1045050
test,1119638
test,1225310
test,1266224
test,1360962
test,1135105
test,970371
test,1211581
test,910843
test,1102575
test,1080177
test,1137062
test,1168031
test,1321840
test,1386502
test,1272953
test,1442624
test,1113885
test,1028989
test,1353659
test,1191304
test,1110879
test,821667
test,955064
test,942018
test,824587
test,837766
test,1126582
test,1028214
test,1423905
test,1140324
test,1125960
test,1087377
test,1001100
test,1433180
test,1397653
test,1210859
test,1263774
test,980294
test,1106253
test,985591
test,967662
test,1087360
test,866448
test,1157740
test,929092
test,937304
test,985142
test,946475
test,1145040
test,1004225
test,1036259
test,1192339
test,1120615
test,1423582
test,1449359
test,1410430
test,1152750
test,1054159
test,1013806
test,890574
test,1019397
test,1155039
test,1232408
test,976752
test,820880
test,849523
test,1031126
test,1012274
test,996880
test,1069660
test,1169581
test,940435
test,1106902
test,1046417
test,1033673
test,1299552
test,951292
test,953685
test,1008936
test,1016257
test,1051536
test,869750
test,1041755
test,1131133
test,1059542
test,1197850
test,1192495
test,1355216
test,1310733
test,933143
test,971531
test,1133649
test,1153804
test,1044468
test,1195329
test,1280176
test,1035463
test,1018770
test,985151
test,994220
test,934884
test,925382
test,1145795
test,1556927
test,1097064
test,1194804
test,1182578
test,1048345
test,1009262
test,1235218
test,1312390
test,1199725
test,1142290
test,1012770
test,1141467
test,1120191
test,1104923
test,1119875
test,1132737
test,1180598
test,1331049
test,925252
test,899541
test,1298878
test,1212534
test,1174001
test,1334409
test,1267409
test,1028714
test,1101558
test,1142568
test,846047
test,1111492
test,1335290
test,1305300
test,1196704
test,940786
test,1294676
test,1209387
test,1099613
test,1148618
test,1147176
test,1274784
test,1329936
test,1139460
test,1175909
test,903232
test,1059428
test,933291
test,1205552
test,1167755
test,1267429
test,1127034
test,1017390
test,957277
test,930815
test,963192
test,1016352
test,1043080
test,1212650
test,1001004
test,953578
test,1117545
test,1109777
test,978977
test,1047197
test,1157153
test,1504721
test,1350348
test,914905
test,1232581
test,1007891
test,1117348
test,1207805
test,1123765
test,914828
test,1069554
test,1102347
test,1041904
test,1211153
test,1301376
test,1342620
test,1343708
test,1069438
test,1276412
test,1033281
test,1212719
test,1110032
test,1121648
test,1178564
test,1061566
test,1299746
test,1140097
test,1113042
test,1232790
test,1385289
test,1187805
test,1168319
test,1278289
test,1193144
test,1106820
test,1080061
test,1209159
test,977506
test,1163108
test,889081
test,965737
test,1175006
test,1103815
test,1174319
test,1129738
test,1110564
test,1099608
test,1217612
test,1273593
test,1195619
test,1356596
test,1323834
test,1003662
test,933478
test,806392
test,1028983
test,1093859
test,1045742
test,1385798
test,1193674
test,1278767
test,1143256
test,1021110
test,1227120
test,1316598
test,1135771
test,1060158
test,1287794
test,1242940
test,1664177
test,1452819
test,1413680
test,1298775
test,1216768
test,989535
test,949644
test,1271841
test,1027103
test,1113225
test,1478359
test,1249617
test,1323747
test,1155114
test,1195473
test,1032620
test,1053213
test,1321981
test,1108556
test,956714
test,1008977
test,1122247
test,936835
test,1048778
test,1350458
test,1110595
test,1229261
test,1187637
test,1365303
test,1213196
test,1023348
test,995893
test,1020432
test,1335679
test,1075253
test,1113249
test,1221340
test,1114723
test,1014994
test,762051
test,1114240
test,919663
test,1254378
test,1067922
test,1172899
test,1155219
test,979045
test,1075713
test,1161958
test,1193163
test,992897
test,1175541
test,802983
test,1119199
test,1228464
test,928284
test,1332429
test,990952
test,909069
test,992725
test,1150339
test,938582
test,942141
test,1013477
test,1131890
test,1181727
test,984570
test,1070108
test,1200930
test,1371348
test,1192266
test,986780
test,949109
test,1297673
test,938591
test,1237838
test,1100531
test,984448
test,1229070
test,1354876
test,938340
test,1126565
test,1327467
test,1254710
test,1083552
test,1083424
test,1101078
test,1105688
test,1165148
test,875167
test,916830
test,852854
test,1085355
test,1186706
test,1110301
test,1183049
test,1203449
test,1345722
test,1423176
test,1129113
test,952701
test,852202
test,968421
test,1022584
test,1096679
test,1001172
test,1049821
test,1177284
test,1025637
test,1250696
test,998647
test,1161470
test,1163876
test,1188158
test,1213157
test,1117409
test,1212006
test,1144564
test,1183028
test,1204649
test,1275421
test,1042649
test,854467
test,925015
test,1124748
test,1231651
test,1247158
test,1303967
test,1018551
test,1104487
test,1192419
test,1262695
test,1223566
test,1011341
test,1080482
test,1134380
test,1209501
test,1220752
test,1111484
test,986608
test,947702
test,1121771
test,991254
test,1046714
test,811660
test,1106394
test,1080021
test,1099373
test,1321001
test,1309928
test,1089975
test,1250705
test,1363604
test,1164158
test,1141451
test,923281
test,1112413
test,966225
test,1012814
test,1219422
test,1281328
test,1064617
test,1259917
test,1231021
test,1475315
test,1086487
test,944307
test,1303562
test,1198013
test,993570
test,1001090
test,1066429
test,1108225
test,1088539
test,1117705
test,1116583
test,1054079
test,1337077
test,1097119
test,862021
test,897033
test,1080494
test,1285739
test,1254884
test,1149846
test,1243309
test,1276058
test,1183187
test,1534623
test,803775
test,1033331
test,1092709
test,1091837
test,838330
test,941869
test,905212
test,1171496
test,1007225
test,1253851
test,1297981
test,1364751
test,1154843
test,1123682
test,1092693
test,1144235
test,1544078
test,1139441
test,1220778
test,948159
test,1090793
test,1160576
test,1230202
test,908845
test,1002545
test,1090812
test,932239
test,860654
test,980704
test,1021396
test,1035855
test,1101705
test,1260008
test,1027117
test,957325
test,1231407
test,1244980
test,1061719
test,976531
test,1040570
test,1192103
test,1142670
test,1255032
test,1298075
test,971734
test,837323
test,1061719
test,974921
test,871629
test,954134
test,1081196
test,1251123
test,1265252
test,964767
test,763319
test,880996
test,869867
test,850354
test,1015267
test,1200603
test,1185891
test,1018438
test,1127684
test,976388
test,999868
test,1041883
test,989056
test,1064191
test,1029886
test,1026361
test,914888
test,1057033
test,1199958
test,1378077
test,1067685
test,1155422
test,925417
test,738462
test,1074125
test,887180
test,853803
test,1021055
test,1059007
test,1080829
test,1347829
test,1450423
test,1354770
test,1264453
test,1344467
test,1212657
test,1086078
test,1121896
test,968070
test,1257782
test,996034
test,732042
test,979172
test,1037294
test,993303
test,1039292
test,1064759
test,805600
test,902904
test,898101
test,917074
test,1096799
test,992788
test,1165005
test,1150371
test,1154701
test,984805
test,1094742
test,1105118
test,1237142
test,1175461
test,1219121
test,1028696
test,1400191
test,979715
test,785272
test,1030035
test,1214902
test,1128265
test,886798
test,1106146
test,1222439
test,1455033
test,959213
test,1061275
test,1114014
test,1025379
test,959045
test,795677
test,1288230
test,1142305
test,1085290
test,980786
test,1101383
test,1050159
test,1349495
test,922362
test,742908
test,1127190
test,902030
test,1018299
test,811088
test,860190
test,858520
test,831662
test,976279
test,1077191
test,1278952
test,1156244
test,898214
test,914732
test,1079273
test,1243307
test,1116061
test,995974
test,923320
test,1207305
test,968785
test,920968
test,1330552
test,1045907
test,1102871
test,1201014
test,967212
test,1008694
test,1134030
test,1259852
test,1444221
test,1146599
test,1228963
test,1203322
test,1152180
test,1422359
test,1358928
test,1251307
test,1384500
test,1028325
test,1237563
test,1110223
test,1273878
test,1605636
test,1230994
test,1328866
test,926669
test,1177858
test,1125995
test,1183874
test,824224
test,907176
test,1027060
test,1050543
test,1037315
test,1043618
test,923072
test,842209
test,1052931
test,784823
test,1083864
test,1149772
test,1080300
test,1171920
test,1227438
test,1092187
test,941631
test,1082531
test,1118182
test,1151085
test,1238501
test,1133253
test,1020156
test,1005044
test,1356017
test,1009783
test,1027280
test,947444
test,1024236
test,1183266
test,913037
test,1203909
test,1198309
test,1055730
test,918156
test,1088991
test,1014058
test,1058531
test,973465
test,1046171
test,1021692
test,1107538
test,1143729
test,930948
test,1151589
test,1007611
test,888244
test,947695
test,1186670
test,1043928
test,1209019
test,1247340
test,1115663
test,902903
test,994195
test,885034
test,1305967
test,1029578
test,1031421
test,910447
test,923177
test,1350599
test,1050703
test,947391
test,783332
test,958599
test,1100005
test,1097079
test,935943
test,1084010
test,986721
test,937660
test,916687
test,1145115
test,1105146
test,1284277
test,1191760
test,1125124
test,963804
test,1445218
test,1147669
test,1194400
test,1005043
test,1082047
test,1264498
test,1316694
test,1374158
test,1437588
test,1286117
test,1170373
test,1118302
test,1015082
test,1505933
test,1151035
test,1417080
test,1073118
test,1161391
test,970982
test,1042354
test,994183
test,967987
test,1077823
test,942924
test,1116325
test,1073766
test,909715
test,1144313
test,1211697
test,861679
test,760429
test,951013
test,1123719
test,1097019
test,1116444
test,1100510
test,1313537
test,1245457
test,1048477
test,1341206
test,1327984
test,1054177
test,1337295
test,1226976
test,1341993
test,1331736
test,1278698
test,808217
test,1033753
test,1009006
test,1158801
test,983808
test,1247837
test,1348819
test,1007868
test,1182060
test,777189
test,1057496
test,1182561
test,1174845
test,1261488
test,1014274
test,879671
test,1044131
test,979025
test,870964
test,989346
test,1042738
test,1194968
test,1148286
test,1168164
test,1211988
test,1463154
test,1118180
test,1227744
test,1139959
test,865025
test,1171849
test,1063630
test,1010038
test,1407013
test,1109102
test,1156807
test,975398
test,1028005
test,1048735
test,957786
test,828937
test,1028887
test,780160
test,989975
test,872675
test,1006508
test,1045421
test,1097605
test,1441580
test,1381540
test,1113780
test,1191650
test,1063433
test,1086360
test,1139904
test,1032121
test,1261136
test,1176964
test,995526
test,894639
test,987629
test,850889
test,861748
test,970754
test,1059679
test,1195065
test,1293184
test,1276701
test,1139688
test,992704
test,1512290
test,1208357
test,1187347
test,1238437
test,1103766
test,909847
test,897849
test,917378
test,880866
test,893429
test,901939
test,1140614
test,1199673
test,1285615
test,976932
test,987260
test,935335
test,1054317
test,1106175
test,1119150
test,1146119
test,1201164
test,953662
test,1198770
test,1125135
test,838656
test,1175184
test,873511
test,994849
test,915734
test,1075866
test,895262
test,919281
test,1058219
test,1119995
test,1048545
test,1299691
test,1148823
test,1119738
test,931269
test,996223
test,1247608
test,1120957
test,988064
test,1168305
test,970585
test,1000839
test,780098
test,881776
test,1275589
test,861920
test,1058612
test,1060883
test,1099261
test,1189035
test,1232611
test,1096562
test,963620
test,1062044
test,909618
test,934884
test,844324
test,1251067
test,1376398
test,1073896
test,1157512
test,1065701
test,985689
test,993665
test,1044032
test,1121549
test,965802
test,851298
test,1174180
test,840570
test,840091
test,1059786
test,922196
test,779595
test,995134
test,1022320
test,1495850
test,1203979
test,937950
test,1055715
test,1105736
test,1346288
test,1226339
test,1214034
test,1016398
test,938422
test,1023865
test,1211566
test,1197139
test,1205300
test,1090105
test,969618
test,999591
test,1017138
test,1023671
test,1035250
test,1086138
test,1285873
test,1082498
test,927884
test,1135854
test,1008883
test,1147415
test,1013942
test,971968
test,931218
test,1242228
test,1007890
test,927034
test,966547
test,1245950
test,1181841
test,1276558
test,1073840
test,1028334
test,968005
test,930882
test,1065725
test,966060
test,1118288
test,1309384
test,997420
test,923084
test,999090
test,1128506
test,1034330
test,995512
test,1194326
test,1279937
test,889105
test,1072224
test,918893
test,1025849
test,1279136
test,1142570
test,1202769
test,912993
test,1181585
test,1145478
test,1105770
test,1153331
test,1086584
test,955584
test,987028
test,871506
test,857060
test,918224
test,1416446
test,1180171
test,1154921
test,1067540
test,1145284
test,983085
test,781190
test,1057506
test,1221758
test,1119873
test,1223208
test,1115839
test,1169888
test,1050299
test,1377163
test,1012355
test,1054383
test,1029165
test,1048115
test,1082344
test,1083445
test,895728
test,1182683
test,1116735
test,1085893
test,1158365
test,1199710
test,942554
test,997838
test,931732
test,1205103
test,956476
test,1156128
test,1378552
test,1211572
test,931838
test,836288
test,915029
test,1175390
test,1211413
test,1009432
test,975110
test,1230585
test,1210643
test,1171263
test,1395744
test,1431661
test,1300336
test,1437557
test,1164020
test,1096403
test,1033789
test,1136692
test,1036617
test,1117873
test,1418709
test,1253160
test,1345565
test,1345862
test,1259861
test,1068814
test,1109784
test,1371441
test,1166362
test,1171283
test,1258656
test,1136212
test,1429499
test,1310622
test,1302307
test,1118187
test,1099141
test,949312
test,911964
test,880809
test,1046399
test,1016995
test,900150
test,976739
test,977507
test,1054866
test,961094
test,964220
test,944688
test,1048703
test,986543
test,1426405
test,1052865
test,1046308
test,1222615
test,1483230
test,1263329
test,1284824
test,1288378
test,1254427
test,936820
test,1040854
test,1204591
test,1137437
test,1178727
test,1144115
test,959653
test,1049993
test,1428045
test,981795
test,1407620
test,1202750
test,1257486
test,1424494
test,1274167
test,1360307
test,1133237
test,1188597
test,1126939
test,1103142
test,977109
test,959285
test,1032744
test,1123497
test,1193161
test,983869
test,1125955
test,1096061
test,992519
test,1037410
test,1097249
test,1202241
test,907896
test,743340
test,1021031
test,1031872
test,1023006
test,1060535
test,859817
test,1157306
test,901463
test,1203378
test,1055924
test,854117
test,1176872
test,863556
test,1088442
test,1362454
test,888114
test,1000726
test,1394089
test,1069848
test,1075810
test,1047074
test,1109077
test,1239807
test,1255706
test,1058097
test,1230288
test,1137317
test,1269178
test,1025080
test,1309889
test,1167389
test,1177950
test,959102
test,1107331
test,894904
test,1250094
test,910845
test,1114004
test,727146
test,995130
test,1154865
test,1023047
test,937985
test,856384
test,993607
test,1015762
test,878528
test,1175269
test,1046446
test,814115
test,982068
test,869367
test,1140724
test,1071301
test,1246016
test,1117357
test,1043984
test,1305603
test,896947
test,872153
test,1257335
test,927040
test,904687
test,1100672
test,1111081
test,1161344
test,1201774
test,1324791
test,1174705
test,1251423
test,1344761
test,1413029
test,1306860
test,894441
test,1078096
test,1119316
test,1127309
test,1041993
test,1018099
test,1165542
test,1256535
test,985276
test,1101784
test,1046582
test,777194
test,1231767
test,1213541
test,1183083
test,1134488
test,1009088
test,1051258
test,1008683
test,1083007
test,984912
test,1035517
test,1031998
test,911750
test,1041888
test,1488685
test,877987
test,1197206
test,1255397
test,1260168
test,1456121
test,1127575
test,1038248
test,1176930
test,1194695
test,1356813
test,1245853
test,1050213
test,924551
test,1113547
test,1017521
test,1018101
test,1097115
test,951578
test,1266849
test,1201934
test,1119756
test,1354642
test,1291775
test,1246655
test,1232196
test,1139323
test,1060852
test,1136963
test,1059012
test,1105850
test,1408008
test,1375579
test,1139621
test,1301508
test,1570009
test,1091630
test,1220146
test,1081497
test,1036858
test,1014356
test,1095650
test,850076
test,1143199
test,1269961
test,1288775
test,1246159
test,1426495
test,1169070
test,1343226
test,1269643
test,996308
test,1196003
test,986361
test,1145564
test,1114844
test,1048539
test,1000720
test,1108829
test,1252320
test,1062587
test,1334124
test,876417
test,1062151
test,1079433
test,940564
test,1024990
test,1077648
test,1137760
test,887594
test,1039028
test,1153915
test,1089703
test,1162522
test,800387
test,778203
test,829512
test,1247829
test,1091807
test,1333542
test,1163045
test,1142888
test,1131812
test,1065073
test,934405
test,1063656
test,1085379
test,1217963
test,1011695
test,1074516
test,1103799
test,1058403
test,1338651
test,1218417
test,1112293
test,902237
test,1065820
test,1249304
test,1370888
test,1060193
test,836945
test,882675
test,787920
test,704870
test,922636
test,989341
test,1130462
test,1100210
test,1039427
test,912025
test,1049186
test,792957
test,759658
test,1014454
test,1275162
test,1301043
test,1150829
test,1253425
test,1296678
test,995391
test,1241573
test,1004843
test,1138666
test,995130
test,876873
test,998994
test,1097851
test,968078
test,1109209
test,1031452
test,866194
test,975860
test,1094608
test,1386521
test,1137565
test,1194462
test,1310442
test,1065251
test,1038677
test,1190089
test,1240435
test,1066052
test,1111112
test,993504
test,977759
test,1210502
test,882635
test,767769
test,1021190
test,891456
test,1140485
test,882435
test,896190
test,863882
test,711612
test,1109354
test,990993
test,1143139
test,1078692
test,1107527
test,1108924
test,959379
test,835880
test,953166
test,1006442
test,1010577
test,947978
test,1208755
test,906418
test,863785
test,871259
test,1192999
test,1332804
test,1475469
test,1581260
test,1105760
test,865745
test,970151
test,954433
test,1025586
test,1165799
test,1004033
test,786696
test,946819
test,1023409
test,1139894
test,967261
test,1082073
test,1028323
test,1030067
test,1033644
test,983476
test,1116246
test,1359098
test,1113425
test,1096049
test,1070372
test,1170144
test,950202
test,1035998
test,1252315
test,967798
test,1167967
test,1067673
test,941084
test,728860
test,878835
test,1249077
test,870048
test,893561
test,971660
test,1049029
test,1286181
test,1297897
test,1378351
test,1313838
test,1442344
test,1034889
test,1179577
test,1360336
test,1271347
test,1171724
test,1206488
test,1299259
test,1393995
test,1205056
test,1273867
test,1340197
test,1123264
test,1016995
test,1107598
test,1075305
test,1110341
test,1176839
test,1495396
test,1054769
test,911773
test,892950
test,931481
test,1161916
test,930620
test,1259163
test,1268015
test,1139374
test,1325127
test,1174187
test,915374
test,791453
test,956991
test,882298
test,1028296
test,831298
test,1085760
test,1134293
test,1084685
test,1166477
test,1036851
test,1087315
test,956676
test,1081991
test,952206
test,1122979
test,1192050
test,1069991
test,1040666
test,1148882
test,1088058
test,1028185
test,1153321
test,842300
test,864698
test,1009488
test,953995
test,912658
test,1077968
test,1077819
test,1100031
test,931812
test,1082776
test,1360974
test,1209541
test,1055252
test,1146739
test,946485
test,975753
test,972389
test,1181001
test,1158137
test,1254196
test,1014627
test,1008125
test,943487
test,1069574
test,974640
test,1015704
test,1047339
test,1174956
test,1115254
test,1056212
test,1374488
test,1140040
test,1221620
test,977716
test,1282623
test,1121506
test,938525
test,1228006
test,953293
test,1192050
test,1329033
test,1081082
test,1075304
test,802545
test,1310846
test,1110381
test,1076841
test,938710
test,1221194
test,1010488
test,1083737
test,1196170
test,1085600
test,895971
test,934848
test,1013151
test,1064264
test,1015313
test,1274144
test,963312
test,1066946
test,1341537
test,1301694
test,1169534
test,1152279
test,1070092
test,1091691
test,778318
test,1167360
test,1166228
test,1308446
test,1263011
test,1036930
test,856508
test,1028030
test,1005976
test,1226464
test,1099685
test,1057339
test,1123963
test,843967
test,1010580
test,873648
test,1141446
test,918538
test,1046188
test,985977
test,1212887
test,1175269
test,1307682
test,1021381
test,1074133
test,1189108
test,1193824
test,1274793
test,1038452
test,1053835
test,945437
test,798377
test,977860
test,1149796
test,938699
test,1092157
test,1111259
test,1188053
test,850564
test,800036
test,836350
test,854079
test,951108
test,1257417
test,1253566
test,1390626
test,1115893
test,840910
test,1083147
test,904112
test,924714
test,1096564
test,832183
test,1044177
test,1057754
test,1607780
test,1210435
test,1548411
test,1076940
test,1140601
test,1224607
test,1130515
test,1314280
test,1140250
test,979454
test,1229211
test,1305729
test,1126515
test,1036148
test,1463087
test,1049355
test,1283837
test,1212714
test,1079285
test,1148100
test,1016877
test,1113373
test,1028409
test,1004801
test,1040844
test,1216674
test,1470171
test,1283730
test,1191056
test,1265006
test,1395998
test,1354282
test,1357522
test,1160558
test,1320031
test,1038973
test,1140956
test,1434240
test,1685049
test,916765
test,1219599
test,1102212
test,870246
test,872415
test,1524090
test,1230152
test,1430286
test,1361609
test,1368493
test,1832638
test,1258616
test,1206790
test,917803
test,1017663
test,1010263
test,1024780
test,1163189
test,1007098
test,1028791
test,1167461
test,1083826
test,1043381
test,1128521
test,1111074
test,1120379
test,996642
test,957871
test,1088729
test,996050
test,1111338
test,1075354
test,890607
test,1210829
test,996000
test,1234874
test,1432306
test,915980
test,1056262
test,1078385
test,939995
test,1245722
test,1091511
test,1114915
test,935705
test,1013533
test,892220
test,993737
test,1126432
test,1075843
test,1266627
test,1162429
test,1098033
test,1108966
test,1044048
test,953807
test,980259
test,890189
test,985380
test,872772
test,1177426
test,1339669
test,1081104
test,1155964
test,1254293
test,990863
test,1146237
test,1038394
test,982894
test,1075789
test,1236383
test,945358
test,1060135
test,1084774
test,1085333
test,1094474
test,1219718
test,1139844
test,1047214
test,972952
test,1065214
test,1009811
test,1054256
test,1131392
test,1159705
test,757131
test,1190100
test,1074394
test,1301193
test,1264418
test,1375711
test,1112799
test,1033312
test,1238741
test,973964
test,1150527
test,1448949
test,1293914
test,1162843
test,1127180
test,1197114
test,1291494
test,982822
test,1113113
test,961086
test,884846
test,925616
test,1158210
test,1317269
test,1430791
test,907373
test,1029859
test,958074
test,1009090
test,1044010
test,1115473
test,887085
test,1100991
test,1348853
test,1052464
test,1348511
test,1250088
test,1322689
test,1134011
test,1134798
test,864809
test,722996
test,787133
test,878200
test,1088586
test,1060072
test,938803
test,1024250
test,1009710
test,1070732
test,1008050
test,977562
test,738772
test,809101
test,1098743
test,1039038
test,980562
test,963096
test,1141607
test,1267501
test,1029521
test,962212
test,1220310
test,1119542
test,1146657
test,1124483
test,1276011
test,1263132
test,1154414
test,1042586
test,1071194
test,1147001
test,1012381
test,990179
test,1107384
test,828204
test,1114853
test,1152945
test,903819
test,1126401
test,1142881
test,1290955
test,1344850
test,1171968
test,1132607
test,1342341
test,874954
test,991574
test,869656
test,1134232
test,1097042
test,749896
test,911778
test,1119425
test,1014712
test,1075682
test,1315290
test,1131562
test,1308298
test,1221710
test,1011678
test,855798
test,1092952
test,1263459
test,1235590
test,1070265
test,1099693
test,1526518
test,1073315
test,1018272
test,1102320
test,1137389
test,980516
test,1119464
test,1138518
test,1193757
test,1049700
test,1109312
test,1078259
test,1111589
test,1170115
test,1247553
test,1153014
test,987939
test,932277
test,1117519
test,1242755
test,990453
test,1175722
test,1080252
test,1064974
test,1115147
test,951022
test,1064466
test,856681
test,891141
test,814137
test,1044873
test,925632
test,1177343
test,1311193
test,1104787
test,1139220
test,1160703
test,1042581
test,844076
test,777932
test,1318344
test,998713
test,1209181
test,979064
test,912102
test,959329
test,800055
test,842454
test,1027319
test,995763
test,927931
test,919921
test,1211017
test,1222028
test,1123278
test,1226257
test,1135167
test,892464
test,1272441
test,1196496
test,1241898
test,1117046
test,1325253
test,1134216
test,1075979
test,896744
test,1073910
test,1147708
test,878202
test,1024081
test,942098
test,1054662
test,1041727
test,939506
test,1009491
test,955593
test,719744
test,1047811
test,1391427
test,1206074
test,862650
test,1079518
test,1026791
test,1099043
test,1290528
test,1233682
test,1237926
test,1281210
test,1500500
test,1432164
test,1170384
test,1027710
test,1032385
test,813276
test,858758
test,1060251
test,1017613
test,1192274
test,1240594
test,1200588
test,1373078
test,1329509
test,1346665
test,961940
test,1053741
test,1135059
test,869200
test,935618
test,1074423
test,911529
test,1303730
test,1351304
test,1063460
test,1312440
test,1481740
test,1208702
test,922084
test,1046343
test,1025687
test,1129882
test,925559
test,1040075
test,1174851
test,1137215
test,1041350
test,1342151
test,841832
test,697126
test,1230868
test,908595
test,761727
test,1047840
test,941240
test,1029448
test,1114661
test,1162862
test,1090853
test,971325
test,1059541
test,1003168
test,988885
test,1093978
test,1203286
test,1170281
test,1067530
test,1018456
test,1121076
test,1138431
test,1151617
test,1210347
test,997507
test,1095252
test,1149300
test,1079075
test,1199954
test,1088541
test,1007888
test,1224262
test,900039
test,1133155
test,1107335
test,1166162
test,1161302
test,1027246
test,1111892
test,1005705
test,1137204
test,1086027
test,942540
test,1185022
test,1208154
test,1397368
test,1161772
test,1408347
test,1042654
test,1132282
test,1026218
test,994357
test,1028560
test,982825
test,1037887
test,1018396
test,966519
test,1131544
test,916864
test,965611
test,1177284
test,934026
test,1070717
test,1335545
test,997727
test,1214069
test,1127351
test,1252040
test,1234003
test,1244018
test,1013236
test,1052932
test,1045511
test,1236808
test,1038576
test,1221842
test,1279400
test,957187
test,1184953
test,1337004
test,1139437
test,1469007
test,914930
test,1115203
test,1151006
test,1413266
test,1045685
test,915219
test,1216521
test,1033993
test,1189637
test,1166369
test,865876
test,1056915
test,944478
test,981219
test,1099230
test,895371
test,661075
test,922976
test,810605
test,1286171
test,1186276
test,1245135
test,1079713
test,986722
test,1265861
test,1149328
test,1089778
test,1097747
test,947061
test,953684
test,1253472
test,1222733
test,1044315
test,1029585
test,979770
test,1130362
test,1077687
test,1156105
test,1124061
test,1357260
test,994659
test,1128022
test,1106485
test,1022861
test,1124210
test,854408
test,1115198
test,1102206
test,1075058
test,1125443
test,1134805
test,1163902
test,1054447
test,1281572
test,1141294
test,1224187
test,1410319
test,1231642
test,1349798
test,1049607
test,1173726
test,975873
test,1164292
test,1374138
test,1254741
test,1193634
test,1259415
test,1090638
test,988362
test,1160757
test,1295143
test,1269047
test,1186272
test,1110610
test,983969
test,1385509
test,1174101
test,1353170
test,1180821
test,1273854
test,1106551
test,1210446
test,867735
test,1067530
test,872419
test,778322
test,938423
test,810684
test,857558
test,1007810
test,883579
test,1284445
test,823368
test,996305
test,1223843
test,1090431
test,1103429
test,998411
test,1010758
test,1138818
test,946486
test,1172731
test,1298729
test,1267731
test,987033
test,1427606
test,1510150
test,1147959
test,1110052
test,1031479
test,1122060
test,1357220
test,1307270
test,1238463
test,1290960
test,1126898
test,1065149
test,1221727
test,1208985
test,1306347
test,1207801
test,893898
test,1065488
test,1349699
test,916715
test,1105246
test,899623
test,1201416
test,1198830
test,936795
test,1227262
test,1069951
test,1022174
test,957265
test,916514
test,1138219
test,1100938
test,1054342
test,1110953
test,1210103
test,1333151
test,1100220
test,1218753
test,1047178
test,1455881
test,926352
test,1109297
test,1203941
test,963536
test,993618
test,1163811
test,1142868
test,948797
test,1061777
test,959966
test,1208122
test,1158468
test,843385
test,1203200
test,971478
test,1083158
test,992074
test,1174178
test,1163156
test,850035
test,1102995
test,1031730
test,999423
test,1052877
test,948293
test,1120075
test,1188717
test,1214820
test,996298
test,1035499
test,1101776
test,1167374
test,1154194
test,992976
test,1198607
test,976952
test,1171076
test,1247939
test,1127284
test,1152555
test,1122435
test,1245915
test,1032684
test,1104529
test,1093652
test,962815
test,1101768
test,983478
test,715276
test,872156
test,780480
test,850421
test,971370
test,896129
test,997361
test,777503
test,844146
test,986626
test,1328941
test,1285782
test,1135555
test,1159129
test,845091
test,890959
test,939188
test,1251115
test,1204293
test,1212061
test,1373823
test,1344716
test,1077173
test,1075408
test,1152793
test,1100814
test,1088368
test,1259222
test,1076473
test,1109519
test,1529520
test,1024509
test,1230594
test,1528988
test,1333870
test,1516937
test,1229874
test,1252287
test,1056141
test,1015214
test,1173588
test,1243259
test,936922
test,1200584
test,1432234
test,1236650
test,1204798
test,1115911
test,1084980
test,1314012
test,1189041
test,868381
test,1113537
test,1112613
test,1028788
test,1111603
test,1014887
test,814595
test,931578
test,891108
test,1028346
test,877898
test,1080203
test,864744
test,857457
test,981065
test,1034305
test,920483
test,1220551
test,1074271
test,1222104
test,1029936
test,1070765
test,1100961
test,1381872
test,1226994
test,991085
test,1271219
test,1351820
test,1320128
test,1348377
test,1322695
test,1123799
test,1076213
test,911170
test,1157316
test,709364
test,1183080
test,1138081
test,1298418
test,963591
test,905583
test,1148705
test,952105
test,1360052
test,1306500
test,1029615
test,1249650
test,1035238
test,952534
test,1192786
test,958031
test,1107002
test,1140502
test,971902
test,998666
test,1157697
test,1228228
test,1235035
test,1106118
test,1195511
test,1141324
test,1137936
test,1134137
test,1152423
test,1173859
test,1141629
test,1226083
test,1142667
test,1024773
test,1129824
test,1130177
test,1160792
test,1293829
test,953005
test,1035967
test,1207342
test,1128877
test,1380706
test,1083815
test,931317
test,1083207
test,968983
test,803672
test,968500
test,1265204
test,1087858
test,992968
test,939011
test,1004442
test,924672
test,1213414
test,948326
test,1369890
test,798545
test,925628
test,960329
test,998979
test,1076634
test,998786
test,1191911
test,1225212
test,1161972
test,1263731
test,841961
test,855646
test,951106
test,1087701
test,1165043
test,1415017
test,1203974
test,1565896
test,1685650
test,1442569
test,1104514
test,1137701
test,1059526
test,1228309
test,1115611
test,1002247
test,1089032
test,974849
test,942469
test,1097133
test,984890
test,1083771
test,1012748
test,965480
test,1189224
test,961839
test,1091012
test,900856
test,1164125
test,1226503
test,1261823
test,1083284
test,1022428
test,919317
test,808807
test,948025
test,1070046
test,978270
test,974950
test,1092407
test,1013718
test,1084959
test,1161424
test,1024547
test,1172344
test,969801
test,998189
test,888055
test,987999
test,1119551
test,989904
test,822779
test,965493
test,852136
test,926562
test,1291052
test,1189640
test,1599116
test,1209414
test,1131712
test,1418857
test,1074931
test,1108879
test,1208470
test,1119586
test,1134708
test,923282
test,1014636
test,1064416
test,990287
test,1070554
