class,timing_ns
baseline,991468
baseline,997785
baseline,1010805
baseline,962673
baseline,921333
baseline,963628
baseline,1003889
baseline,1141258
baseline,863713
baseline,773678
baseline,1181959
baseline,988168
baseline,945152
baseline,924128
baseline,986312
baseline,908610
baseline,891481
baseline,986827
baseline,917683
baseline,1056655
baseline,1062695
baseline,983639
baseline,985873
baseline,801917
baseline,930791
baseline,965485
baseline,1039885
baseline,924304
baseline,973043
baseline,1013805
baseline,972495
baseline,1038655
baseline,1095033
baseline,1204816
baseline,1012711
baseline,872926
baseline,1002501
baseline,963654
baseline,849014
baseline,958763
baseline,1102481
baseline,1041901
baseline,971685
baseline,824710
baseline,849478
baseline,944880
baseline,982141
baseline,1067649
baseline,1158180
baseline,996341
baseline,1048879
baseline,1061151
baseline,1024232
baseline,906316
baseline,967792
baseline,950206
baseline,897116
baseline,870297
baseline,1025552
baseline,976606
baseline,1098924
baseline,862480
baseline,968982
baseline,992033
baseline,895548
baseline,903426
baseline,878914
baseline,995770
baseline,1042683
baseline,895126
baseline,977889
baseline,1001713
baseline,1159770
baseline,1011794
baseline,979945
baseline,973352
baseline,1131546
baseline,882637
baseline,982113
baseline,1070260
baseline,933752
baseline,924563
baseline,922993
baseline,1079831
baseline,1097245
baseline,1000737
baseline,858370
baseline,950022
baseline,1025125
baseline,1030838
baseline,947686
baseline,1189214
baseline,1019151
baseline,1038644
baseline,1081389
baseline,926632
baseline,883164
baseline,1166237
baseline,1086661
baseline,940138
baseline,945601
baseline,887282
baseline,1146250
baseline,1094066
baseline,967568
baseline,848236
baseline,1212240
baseline,869095
baseline,959856
baseline,969169
baseline,1039006
baseline,1015882
baseline,892284
baseline,1019774
baseline,966736
baseline,1105916
baseline,993586
baseline,1064683
baseline,836799
baseline,1206504
baseline,885314
baseline,1187093
baseline,1144965
baseline,876754
baseline,1233486
baseline,1094085
baseline,956346
baseline,979706
baseline,880031
baseline,1032876
baseline,1002944
baseline,910677
baseline,944430
baseline,976876
baseline,1195946
baseline,850850
baseline,930017
baseline,792775
baseline,988503
baseline,825445
baseline,912028
baseline,1051628
baseline,927467
baseline,916044
baseline,872045
baseline,1042875
baseline,969077
baseline,947322
baseline,1010055
baseline,1015531
baseline,961417
baseline,1047442
baseline,982055
baseline,937393
baseline,824759
baseline,1014595
baseline,881154
baseline,993006
baseline,1055683
baseline,1224841
baseline,975017
baseline,966368
baseline,843324
baseline,1055839
baseline,919268
baseline,762267
baseline,1087413
baseline,939023
baseline,876896
baseline,897960
baseline,1118307
baseline,1120498
baseline,974640
baseline,955868
baseline,1128181
baseline,1016979
baseline,984636
baseline,892829
baseline,983592
baseline,1072587
baseline,1055190
baseline,994091
baseline,1088263
baseline,872995
baseline,846100
baseline,786165
baseline,1038148
baseline,927072
baseline,1061196
baseline,946814
baseline,1033144
baseline,1074973
baseline,1111141
baseline,1024550
baseline,1087655
baseline,1020775
baseline,899691
baseline,839059
baseline,1031607
baseline,1106937
baseline,886450
baseline,975360
baseline,974530
baseline,1063353
baseline,1032111
baseline,933693
baseline,938625
baseline,791057
baseline,1003644
baseline,1073416
baseline,1006068
baseline,929892
baseline,1177454
baseline,1085526
baseline,1044859
baseline,950080
baseline,855775
baseline,848326
baseline,1121487
baseline,1081302
baseline,1015975
baseline,1067986
baseline,1174591
baseline,905097
baseline,996811
baseline,1082881
baseline,923366
baseline,956619
baseline,941241
baseline,1005607
baseline,961468
baseline,922919
baseline,990922
baseline,845055
baseline,993696
baseline,1001680
baseline,948303
baseline,1125538
baseline,994567
baseline,1044832
baseline,973333
baseline,1044050
baseline,1116713
baseline,966466
baseline,1004040
baseline,1041650
baseline,1214990
baseline,862650
baseline,880738
baseline,888261
baseline,930128
baseline,1024795
baseline,1090387
baseline,1140472
baseline,925460
baseline,927319
baseline,980747
baseline,1014832
baseline,921126
baseline,1090259
baseline,804483
baseline,1071221
baseline,973336
baseline,930288
baseline,1188458
baseline,1128753
baseline,896355
baseline,1131253
baseline,878893
baseline,922849
baseline,1055037
baseline,1106116
baseline,840082
baseline,907902
baseline,980502
baseline,1043676
baseline,1031422
baseline,909180
baseline,995322
baseline,1086158
baseline,1092757
baseline,1061064
baseline,1126933
baseline,934724
baseline,1067167
baseline,804005
baseline,912942
baseline,949148
baseline,895391
baseline,1047194
baseline,1147571
baseline,739495
baseline,1031625
baseline,1052607
baseline,965225
baseline,1201288
baseline,910971
baseline,996741
baseline,1045090
baseline,1055072
baseline,996619
baseline,941831
baseline,973406
baseline,1014447
baseline,1081668
baseline,985654
baseline,1093760
baseline,909504
baseline,1228315
baseline,994286
baseline,970443
baseline,954178
baseline,1088841
baseline,1019874
baseline,764619
baseline,1002124
baseline,924550
baseline,964680
baseline,853647
baseline,781653
baseline,920320
baseline,956336
baseline,970334
baseline,994390
baseline,985690
baseline,1003481
baseline,1166400
baseline,1045940
baseline,1140669
baseline,1115304
baseline,1093489
baseline,1124450
baseline,821767
baseline,901534
baseline,1172420
baseline,982706
baseline,826524
baseline,970439
baseline,1016523
baseline,772677
baseline,929148
baseline,945136
baseline,882238
baseline,957825
baseline,1118522
baseline,955032
baseline,847642
baseline,1012695
baseline,969685
baseline,896072
baseline,884672
baseline,952921
baseline,1199630
baseline,935474
baseline,1103066
baseline,915127
baseline,915215
baseline,1031459
baseline,843568
baseline,1277742
baseline,887294
baseline,984472
baseline,917245
baseline,963162
baseline,1228569
baseline,858139
baseline,873069
baseline,891834
baseline,1119274
baseline,853782
baseline,1051108
baseline,960818
baseline,1151431
baseline,1027493
baseline,947070
baseline,988048
baseline,894707
baseline,959691
baseline,788017
baseline,795721
baseline,992227
baseline,1085523
baseline,1102405
baseline,994026
baseline,1181241
baseline,937508
baseline,889604
baseline,1171150
baseline,825566
baseline,1027047
baseline,970436
baseline,1131942
baseline,886737
baseline,1005719
baseline,947585
baseline,954301
baseline,981125
baseline,823134
baseline,1126317
baseline,1017487
baseline,1208810
baseline,873473
baseline,1045184
baseline,996135
baseline,1006847
baseline,929936
baseline,1182045
baseline,943486
baseline,1007691
baseline,979182
baseline,992709
baseline,836873
baseline,954495
baseline,1179204
baseline,1119478
baseline,1035702
baseline,1252308
baseline,768953
baseline,939313
baseline,905258
baseline,1104236
baseline,993731
baseline,963127
baseline,761442
baseline,1112345
baseline,988612
baseline,925337
baseline,1003961
baseline,915760
baseline,1008956
baseline,998927
baseline,937351
baseline,1046549
baseline,1140737
baseline,1008816
baseline,969645
baseline,909298
baseline,886881
baseline,964680
baseline,958660
baseline,904426
baseline,848884
baseline,1036044
baseline,861333
baseline,898958
baseline,1040566
baseline,917014
baseline,1243098
baseline,1058631
baseline,833842
baseline,942308
baseline,994100
baseline,974225
baseline,868310
baseline,897525
baseline,1027135
baseline,998087
baseline,848383
baseline,823643
baseline,1002896
baseline,961846
baseline,961004
baseline,1186123
baseline,854781
baseline,891921
baseline,969317
baseline,1098531
baseline,1095473
baseline,841930
baseline,887721
baseline,1001136
baseline,911850
baseline,1055204
baseline,963944
baseline,1188563
baseline,1227382
baseline,1120242
baseline,836558
baseline,924997
baseline,1085576
baseline,927417
baseline,993132
baseline,1029969
baseline,1189764
baseline,1075370
baseline,979143
baseline,982826
baseline,951460
baseline,969671
baseline,884266
baseline,979793
baseline,1150430
baseline,916736
baseline,814761
baseline,967183
baseline,988658
baseline,970472
baseline,1165189
baseline,982434
baseline,839157
baseline,1050092
baseline,1075976
baseline,1084360
baseline,970024
baseline,1126285
baseline,957646
baseline,849615
baseline,1127067
baseline,1088516
baseline,963625
baseline,955019
baseline,1110001
baseline,956352
baseline,1085552
baseline,873511
baseline,1112261
baseline,995681
baseline,988716
baseline,874242
baseline,997856
baseline,897534
baseline,1089592
baseline,965991
baseline,1193687
baseline,994770
baseline,1049159
baseline,1002141
baseline,999103
baseline,1012542
baseline,1130562
baseline,995981
baseline,841418
baseline,942440
baseline,953907
baseline,989487
baseline,943279
baseline,898838
baseline,993046
baseline,904652
baseline,935138
baseline,1087245
baseline,1145996
baseline,969756
baseline,992264
baseline,995835
baseline,1025720
baseline,871563
baseline,1038841
baseline,729728
baseline,965414
baseline,1105373
baseline,991265
baseline,976028
baseline,1002976
baseline,1128731
baseline,1037834
baseline,996310
baseline,1090516
baseline,960342
baseline,950220
baseline,1009781
baseline,1122118
baseline,963423
baseline,996333
baseline,1104368
baseline,1015979
baseline,994965
baseline,1187923
baseline,945315
baseline,907154
baseline,910960
baseline,978237
baseline,854308
baseline,952114
baseline,870377
baseline,1091513
baseline,1179473
baseline,985088
baseline,1021285
baseline,998152
baseline,918278
baseline,941731
baseline,1178753
baseline,1112976
baseline,932461
baseline,958958
baseline,856263
baseline,1019543
baseline,1036843
baseline,1052434
baseline,994940
baseline,1116541
baseline,1121615
baseline,1111739
baseline,1039833
baseline,918865
baseline,1027548
baseline,800079
baseline,955571
baseline,872294
baseline,1145036
baseline,1035475
baseline,1040235
baseline,1054190
baseline,1189675
baseline,975909
baseline,927853
baseline,998537
baseline,1080718
baseline,859816
baseline,898782
baseline,998788
baseline,1060179
baseline,1029322
baseline,867926
baseline,1073426
baseline,985429
baseline,958043
baseline,928648
baseline,986964
baseline,938237
baseline,1039018
baseline,933866
baseline,842554
baseline,1040039
baseline,923290
baseline,1029314
baseline,1129262
baseline,940072
baseline,996955
baseline,947531
baseline,962941
baseline,1078258
baseline,979681
baseline,1093822
baseline,924716
baseline,928262
baseline,951829
baseline,1077183
baseline,1102616
baseline,916903
baseline,1025901
baseline,1103274
baseline,1100014
baseline,1051138
baseline,928218
baseline,989777
baseline,930212
baseline,1013153
baseline,926758
baseline,936722
baseline,970823
baseline,942809
baseline,1014575
baseline,999896
baseline,1080785
baseline,1109674
baseline,1094005
baseline,847663
baseline,951158
baseline,1168785
baseline,937880
baseline,992659
baseline,830776
baseline,1053375
baseline,1018018
baseline,768441
baseline,1020530
baseline,935649
baseline,925431
baseline,977753
baseline,889349
baseline,906961
baseline,1039231
baseline,772274
baseline,796180
baseline,1110429
baseline,1147906
baseline,1057974
baseline,1007578
baseline,1059308
baseline,833200
baseline,1278634
baseline,1068328
baseline,937989
baseline,936605
baseline,1009766
baseline,849291
baseline,991279
baseline,1024776
baseline,1050436
baseline,983343
baseline,1154889
baseline,1069081
baseline,920497
baseline,1024053
baseline,913339
baseline,1140942
baseline,996216
baseline,989674
baseline,892715
baseline,1041515
baseline,887819
baseline,1111535
baseline,1075458
baseline,1027063
baseline,1067489
baseline,1046692
baseline,946083
baseline,793313
baseline,971240
baseline,945155
baseline,1080915
baseline,983050
baseline,905764
baseline,1085889
baseline,1081452
baseline,1084282
baseline,912522
baseline,1051660
baseline,950321
baseline,1127145
baseline,1101478
baseline,1059425
baseline,1024710
baseline,943146
baseline,985762
baseline,976879
baseline,907512
baseline,853037
baseline,898951
baseline,882665
baseline,1013027
baseline,927993
baseline,911901
baseline,1106754
baseline,1047662
baseline,1101002
baseline,947070
baseline,1098402
baseline,1048735
baseline,971528
baseline,1062255
baseline,993170
baseline,985881
baseline,950268
baseline,1013845
baseline,892504
baseline,1088126
baseline,940738
baseline,1115749
baseline,937967
baseline,1062587
baseline,864396
baseline,759302
baseline,1219072
baseline,1131534
baseline,1092304
baseline,1019672
baseline,1102892
baseline,839717
baseline,924730
baseline,1053123
baseline,1019402
baseline,1072445
baseline,899594
baseline,1057754
baseline,1049315
baseline,846808
baseline,931343
baseline,840634
baseline,924624
baseline,979534
baseline,897738
baseline,1111826
baseline,983602
baseline,899991
baseline,1042625
baseline,915085
baseline,1057581
baseline,1011142
baseline,932269
baseline,911664
baseline,971442
baseline,899206
baseline,964838
baseline,854161
baseline,1018969
baseline,958359
baseline,1154131
baseline,981299
baseline,978055
baseline,908431
baseline,991049
baseline,962101
baseline,1020656
baseline,838769
baseline,999898
baseline,1038211
baseline,912585
baseline,855815
baseline,1198758
baseline,1050581
baseline,1047756
baseline,1056481
baseline,895639
baseline,714593
baseline,1062394
baseline,1009265
baseline,896162
baseline,975681
baseline,1018602
baseline,969280
baseline,1036385
baseline,921837
baseline,1037986
baseline,1001221
baseline,803044
baseline,932995
baseline,1033966
baseline,978368
baseline,933389
baseline,882997
baseline,884683
baseline,888276
baseline,1111366
baseline,928082
baseline,922888
baseline,1015260
baseline,1057299
baseline,827409
baseline,1139863
baseline,1066291
baseline,1026949
baseline,947545
baseline,922376
baseline,1021007
baseline,1000169
baseline,940402
baseline,1116635
baseline,969349
baseline,936638
baseline,1010622
baseline,1013422
baseline,1056358
baseline,861116
baseline,1077052
baseline,969810
baseline,928479
baseline,903859
baseline,1053828
baseline,924283
baseline,1208101
baseline,1034785
baseline,809719
baseline,751066
baseline,990938
baseline,985493
baseline,1060189
baseline,1211343
baseline,970170
baseline,1140963
baseline,860330
baseline,878651
baseline,949831
baseline,821450
baseline,983682
baseline,1232280
baseline,1090990
baseline,1003702
baseline,985006
baseline,1001796
baseline,1178747
baseline,1170395
baseline,1204714
baseline,936075
baseline,940015
baseline,1032363
baseline,1065180
baseline,871547
baseline,1058137
baseline,958096
baseline,891104
baseline,879160
baseline,1232281
baseline,1043634
baseline,1056212
baseline,763751
baseline,995660
baseline,1089349
baseline,1182517
baseline,883628
baseline,824249
baseline,1096113
baseline,1053720
baseline,1136400
baseline,1089902
baseline,892086
baseline,896889
baseline,940146
baseline,922132
baseline,928174
baseline,1017106
baseline,1047577
baseline,929057
baseline,1051814
baseline,1087122
baseline,982694
baseline,985810
baseline,1048245
baseline,932692
baseline,913671
baseline,948739
baseline,1017655
baseline,1021636
baseline,950478
baseline,811412
baseline,1155544
baseline,1181517
baseline,1031051
baseline,867700
baseline,1049053
baseline,1014163
baseline,1124114
baseline,903438
baseline,937644
baseline,1086809
baseline,898885
baseline,1033124
baseline,934552
baseline,1071808
baseline,888256
baseline,966273
baseline,1014224
baseline,895082
baseline,979056
baseline,1203275
baseline,804499
baseline,1082298
baseline,1055842
baseline,897386
baseline,979929
baseline,1094190
baseline,1145840
baseline,1069350
baseline,759800
baseline,1240838
baseline,930699
baseline,968310
baseline,1021323
baseline,1007777
baseline,966145
baseline,991160
baseline,858455
baseline,954870
baseline,1089313
baseline,1033196
baseline,1081414
baseline,1226850
baseline,898462
baseline,831082
baseline,1143892
baseline,1041268
baseline,868387
baseline,1043388
baseline,988955
baseline,935542
baseline,983719
baseline,1049924
baseline,973214
baseline,902306
baseline,937204
baseline,948114
baseline,1007603
baseline,1046376
baseline,896703
baseline,1260856
baseline,1036186
baseline,879176
baseline,1023033
baseline,1110596
baseline,885837
baseline,991035
baseline,940306
baseline,929146
baseline,964703
baseline,943948
baseline,1003766
baseline,821518
baseline,904491
baseline,939459
baseline,913496
baseline,942862
baseline,985869
baseline,922751
baseline,932647
baseline,1061900
baseline,944928
baseline,928899
baseline,1054386
baseline,914826
baseline,1089629
baseline,972772
baseline,1148890
baseline,1079997
baseline,944333
baseline,1083483
baseline,1029852
baseline,800244
baseline,1235078
baseline,1023883
baseline,1111280
baseline,840222
baseline,1047954
baseline,925729
baseline,1171853
baseline,857706
baseline,1018613
baseline,925267
baseline,1048470
baseline,893255
baseline,944436
baseline,976081
baseline,1055115
baseline,885070
baseline,961448
baseline,909962
baseline,936766
baseline,1061876
baseline,982984
baseline,1010340
baseline,775763
baseline,881293
baseline,931845
baseline,1075075
baseline,962431
baseline,928322
baseline,945543
baseline,941114
baseline,859614
baseline,927991
baseline,1072396
baseline,1037382
baseline,1125602
baseline,976343
baseline,865193
baseline,1088042
baseline,1076018
baseline,992918
baseline,979723
baseline,1041488
baseline,1021467
baseline,1053325
baseline,1030600
baseline,1183953
baseline,875994
baseline,869134
baseline,1003645
baseline,1061700
baseline,1023332
baseline,998221
baseline,927627
baseline,865884
baseline,936260
baseline,992359
baseline,1010547
baseline,998647
baseline,1006064
baseline,999009
baseline,1162641
baseline,978230
baseline,889331
baseline,913372
baseline,853602
baseline,958620
baseline,1061406
baseline,994692
baseline,978937
baseline,1013097
baseline,901362
baseline,965529
baseline,947493
baseline,896456
baseline,1049513
baseline,977281
baseline,889801
baseline,985106
baseline,939986
baseline,1098826
baseline,1041238
baseline,959800
baseline,937544
baseline,983213
baseline,1026238
baseline,992724
baseline,827379
baseline,846414
baseline,1109206
baseline,840378
baseline,987355
baseline,1025644
baseline,1146071
baseline,917860
baseline,925283
baseline,898824
baseline,1021688
baseline,900296
baseline,1154656
baseline,992313
baseline,997388
baseline,1028787
baseline,952279
baseline,962829
baseline,999501
baseline,1101747
baseline,1091072
baseline,1042533
baseline,918475
baseline,941018
baseline,1110171
baseline,841068
baseline,969470
baseline,852491
baseline,989194
baseline,1140694
baseline,839178
baseline,1166587
baseline,985765
baseline,933750
baseline,936894
baseline,1005092
baseline,1173098
baseline,1154401
baseline,1054667
baseline,846592
baseline,1065746
baseline,987237
baseline,1082149
baseline,1155980
baseline,854199
baseline,1251558
baseline,880524
baseline,1015831
baseline,935297
baseline,951863
baseline,895940
baseline,943109
baseline,1135962
baseline,979781
baseline,1269491
baseline,988902
baseline,1007972
baseline,861653
baseline,988086
baseline,955201
baseline,837396
baseline,937832
baseline,871854
baseline,958431
baseline,814855
baseline,890071
baseline,1093883
baseline,800858
baseline,1273153
baseline,920836
baseline,933483
baseline,1003721
baseline,1252254
baseline,943536
baseline,1296880
baseline,1036290
baseline,989137
baseline,902992
baseline,1094641
baseline,862622
baseline,985456
baseline,853242
baseline,974966
baseline,840523
baseline,917460
baseline,1006882
baseline,1066571
baseline,945806
baseline,909327
baseline,1256323
baseline,1069141
baseline,981334
baseline,1003244
baseline,1006241
baseline,806930
baseline,867425
baseline,1122485
baseline,905498
baseline,902511
baseline,831899
baseline,967197
baseline,1218128
baseline,1081329
baseline,1027102
baseline,917609
baseline,1087838
baseline,887849
baseline,921973
baseline,883177
baseline,872280
baseline,1085937
baseline,949121
baseline,890312
baseline,1117719
baseline,853804
baseline,1136059
baseline,1038902
baseline,1080594
baseline,1010378
baseline,876653
baseline,937654
baseline,1021959
baseline,1148441
baseline,987604
baseline,1001304
baseline,926786
baseline,874382
baseline,1163693
baseline,999573
baseline,1058650
baseline,902767
baseline,1000003
baseline,965582
baseline,1087339
baseline,1012135
baseline,1060903
baseline,1005570
baseline,869595
baseline,869468
baseline,958207
baseline,936771
baseline,1051196
baseline,960354
baseline,891724
baseline,981933
baseline,1144763
baseline,998629
baseline,1040507
baseline,1043508
baseline,810381
baseline,1067184
baseline,1161164
baseline,1117149
baseline,1082920
baseline,929316
baseline,999190
baseline,830681
baseline,914378
baseline,1106102
baseline,851226
baseline,1093214
baseline,1021009
baseline,1009255
baseline,911416
baseline,942796
baseline,1048180
baseline,907141
baseline,861876
baseline,1085069
baseline,951448
baseline,979091
baseline,970471
baseline,967605
baseline,1054458
baseline,1145664
baseline,866596
baseline,1005228
baseline,1028108
baseline,1044968
baseline,932396
baseline,1089758
baseline,827604
baseline,1083225
baseline,820447
baseline,973697
baseline,999784
baseline,1053876
baseline,1004830
baseline,1161334
baseline,977265
baseline,1003626
baseline,1006095
baseline,986562
baseline,1244410
baseline,920816
baseline,1122544
baseline,970068
baseline,844845
baseline,990708
baseline,878135
baseline,884562
baseline,875374
baseline,852878
baseline,1147129
baseline,983370
baseline,1090967
baseline,1068764
baseline,1032337
baseline,1052383
baseline,873209
baseline,981843
baseline,1007087
baseline,990393
baseline,1154323
baseline,1024467
baseline,882503
baseline,1005235
baseline,1038267
baseline,999459
baseline,833614
baseline,1005723
baseline,1016184
baseline,1002385
baseline,1189535
baseline,1050150
baseline,1087722
baseline,1059417
baseline,1278435
baseline,1425275
baseline,1027348
baseline,1077791
baseline,915545
baseline,927979
baseline,928833
baseline,901346
baseline,963522
baseline,1003242
baseline,796459
baseline,1111923
baseline,930643
baseline,1109449
baseline,903528
baseline,964404
baseline,831135
baseline,1089107
baseline,970736
baseline,983073
baseline,931978
baseline,1049628
baseline,758313
baseline,1063254
baseline,993619
baseline,937138
baseline,1098272
baseline,859690
baseline,1062939
baseline,1200539
baseline,889920
baseline,1221088
baseline,1044364
baseline,962432
baseline,904371
baseline,1054195
baseline,879062
baseline,924023
baseline,1126784
baseline,1009855
baseline,1019871
baseline,991245
baseline,1181247
baseline,1037687
baseline,1053740
baseline,1217624
baseline,974350
baseline,1003947
baseline,1025103
baseline,983871
baseline,1218406
baseline,1026266
baseline,909491
baseline,936442
baseline,1035988
baseline,1115959
baseline,920227
baseline,970566
baseline,855565
baseline,868629
baseline,1102314
baseline,1036722
baseline,968976
baseline,1118694
baseline,1094176
baseline,843633
baseline,796632
baseline,976624
baseline,968897
baseline,912816
baseline,1057244
baseline,1079600
baseline,996849
baseline,1047550
baseline,960694
baseline,970103
baseline,897321
baseline,1166308
baseline,971694
baseline,945522
baseline,820182
baseline,1142749
baseline,927166
baseline,1008554
baseline,1004836
baseline,869231
baseline,825734
baseline,975447
baseline,963876
baseline,872915
baseline,1164511
baseline,1005488
baseline,1084887
baseline,981278
baseline,813294
baseline,1061879
baseline,988723
baseline,972968
baseline,1172461
baseline,918134
baseline,1026994
baseline,1082606
baseline,938448
baseline,813245
baseline,980290
baseline,1074360
baseline,965674
baseline,1042974
baseline,859225
baseline,996046
baseline,1081798
baseline,974864
baseline,868204
baseline,879649
baseline,914318
baseline,1035530
baseline,778760
baseline,1116394
baseline,1133804
baseline,973982
baseline,816135
baseline,1021733
baseline,1030063
baseline,1049842
baseline,967325
baseline,992303
baseline,992008
baseline,906414
baseline,1068606
baseline,1028988
baseline,895907
baseline,1074623
baseline,896996
baseline,934784
baseline,971485
baseline,874371
baseline,1053676
baseline,1207857
baseline,1012739
baseline,1061310
baseline,1059753
baseline,1066858
baseline,836806
baseline,829031
baseline,1120987
baseline,1108742
baseline,1028566
baseline,1061355
baseline,1067658
baseline,999623
baseline,996846
baseline,967213
baseline,930691
baseline,1157593
baseline,898474
baseline,979662
baseline,990070
baseline,1080665
baseline,1075427
baseline,881579
baseline,942816
baseline,984027
baseline,1027785
baseline,946797
baseline,931497
baseline,1027782
baseline,1100582
baseline,938460
baseline,1053460
baseline,1100100
baseline,997788
baseline,1100117
baseline,751001
baseline,973213
baseline,1064870
baseline,950670
baseline,861258
baseline,984259
baseline,1067653
baseline,1099720
baseline,1069501
baseline,860488
baseline,1076699
baseline,967566
baseline,990669
baseline,921423
baseline,1188338
baseline,981549
baseline,797353
baseline,1008890
baseline,1055683
baseline,1078531
baseline,876325
baseline,1058655
baseline,1065607
baseline,951994
baseline,924452
baseline,949575
baseline,880557
baseline,998704
baseline,892526
baseline,842532
baseline,906263
baseline,718084
baseline,1100698
baseline,954864
baseline,982492
baseline,1044048
baseline,878802
baseline,981052
baseline,1077880
baseline,934525
baseline,1008317
baseline,890184
baseline,1008056
baseline,1146720
baseline,853917
baseline,836977
baseline,921110
baseline,968457
baseline,887362
baseline,964606
baseline,940457
baseline,1113263
baseline,904048
baseline,957144
baseline,1075051
baseline,1064293
baseline,1031103
baseline,1021950
baseline,1018421
baseline,1068579
baseline,825924
baseline,1004188
baseline,1084595
baseline,805951
baseline,1146273
baseline,958059
baseline,989701
baseline,931853
baseline,1011810
baseline,882427
baseline,1252350
baseline,865242
baseline,1064257
baseline,1055113
baseline,820252
baseline,896120
baseline,821906
baseline,1020904
baseline,1035312
baseline,1157369
baseline,966047
baseline,1014847
baseline,1047566
baseline,776521
baseline,1159190
baseline,811634
baseline,1037387
baseline,835713
baseline,1047797
baseline,1049230
baseline,884450
baseline,869625
baseline,922328
baseline,980788
baseline,1039588
baseline,876989
baseline,920393
baseline,846465
baseline,906792
baseline,1085248
baseline,1223942
baseline,1043337
baseline,931998
baseline,945810
baseline,1057740
baseline,1097043
baseline,1073934
baseline,1040764
baseline,1056667
baseline,914457
baseline,888390
baseline,973870
baseline,1050600
baseline,1037027
baseline,1084843
baseline,873346
baseline,984003
baseline,1104340
baseline,1031942
baseline,1100609
baseline,1132456
baseline,1070521
baseline,925359
baseline,1079591
baseline,932867
baseline,834564
baseline,1097563
baseline,1030957
baseline,886938
baseline,832155
baseline,916458
baseline,856515
baseline,1054119
baseline,891354
baseline,784161
baseline,957084
baseline,1105800
baseline,1043395
baseline,930689
baseline,1004114
baseline,1069209
baseline,787546
baseline,887454
baseline,906526
baseline,1246998
baseline,1094617
baseline,1022159
baseline,1101840
baseline,986872
baseline,1212337
baseline,873525
baseline,772937
baseline,1103917
baseline,963375
baseline,959577
baseline,1031510
baseline,910567
baseline,1021099
baseline,1067067
baseline,1131961
baseline,1103204
baseline,966813
baseline,971434
baseline,1014794
baseline,1007922
baseline,974022
baseline,901603
baseline,912891
baseline,956476
baseline,1072360
baseline,895091
baseline,923308
baseline,1141449
baseline,1017955
baseline,1074535
baseline,911553
baseline,1168800
baseline,1021460
baseline,1074885
baseline,901137
baseline,936186
baseline,1026493
baseline,1086719
baseline,999137
baseline,977145
baseline,1072166
baseline,1036218
baseline,904812
baseline,1091068
baseline,1052051
baseline,1019988
baseline,940003
baseline,959345
baseline,1094656
baseline,978164
baseline,1033152
baseline,1228363
baseline,929541
baseline,1003550
baseline,802613
baseline,1183270
baseline,967796
baseline,938751
baseline,950626
baseline,957468
baseline,1147646
baseline,1080586
baseline,979461
baseline,1008050
baseline,1053502
baseline,967771
baseline,1023068
baseline,892600
baseline,746196
baseline,843219
baseline,977903
baseline,909609
baseline,1213283
baseline,1006486
baseline,1162365
baseline,977545
baseline,945860
baseline,1023842
baseline,994288
baseline,973083
baseline,1048739
baseline,941626
baseline,956912
baseline,978523
baseline,1120703
baseline,1205109
baseline,1194376
baseline,843660
baseline,818825
baseline,1042900
baseline,1017482
baseline,1041809
baseline,900994
baseline,996804
baseline,860081
baseline,947961
baseline,1077634
baseline,1013769
baseline,830017
baseline,960245
baseline,959178
baseline,1065663
baseline,1109869
baseline,981331
baseline,975904
baseline,1068874
baseline,1081349
baseline,863213
baseline,1011011
baseline,993443
baseline,1102050
baseline,1060020
baseline,878999
baseline,896277
baseline,1016748
baseline,988098
baseline,1050110
baseline,1038429
baseline,864254
baseline,899274
baseline,925792
baseline,1048005
baseline,959997
baseline,956070
baseline,1064581
baseline,970062
baseline,1035344
baseline,939509
baseline,1091526
baseline,1156913
baseline,884489
baseline,856465
baseline,1002863
baseline,1031497
baseline,964575
baseline,1014140
baseline,843790
baseline,881230
baseline,1022776
baseline,1068314
baseline,882070
baseline,853494
baseline,1089001
baseline,1046144
baseline,931571
baseline,1139015
baseline,1072706
baseline,976493
baseline,857976
baseline,889526
baseline,1065960
baseline,797424
baseline,985933
baseline,1078424
baseline,1140841
baseline,961112
baseline,863493
baseline,964125
baseline,943494
baseline,930765
baseline,1009359
baseline,1036330
baseline,1052909
baseline,851466
baseline,810775
baseline,1102434
baseline,1076272
baseline,1017506
baseline,1076562
baseline,918109
baseline,983574
baseline,929657
baseline,798394
baseline,856047
baseline,991235
baseline,1078509
baseline,1052592
baseline,978216
baseline,1079157
baseline,922178
baseline,1050237
baseline,912404
baseline,1027244
baseline,956521
baseline,857527
baseline,920022
baseline,964687
baseline,1026479
baseline,934666
baseline,894013
baseline,1060924
baseline,991934
baseline,1107934
baseline,865180
baseline,900307
baseline,1065608
baseline,910672
baseline,836331
baseline,926360
baseline,942166
baseline,1127771
baseline,1065934
baseline,875102
baseline,930276
baseline,1307448
baseline,975021
baseline,965161
baseline,918415
baseline,1040435
baseline,993387
baseline,961031
baseline,993375
baseline,887161
baseline,897432
baseline,903446
baseline,1001352
baseline,1041222
baseline,994614
baseline,981060
baseline,1206024
baseline,940080
baseline,836478
baseline,811661
baseline,778026
baseline,1126743
baseline,964047
baseline,856573
baseline,855006
baseline,955301
baseline,903756
baseline,976868
baseline,956410
baseline,921525
baseline,1123167
baseline,1124589
baseline,981043
baseline,902428
baseline,1119959
baseline,1051888
baseline,904243
baseline,960677
baseline,1000092
baseline,923927
baseline,1083047
baseline,987542
baseline,1010495
baseline,1034109
baseline,1092639
baseline,1059888
baseline,1041909
baseline,947358
baseline,1037944
baseline,950755
baseline,798558
baseline,961889
baseline,888154
baseline,910358
baseline,1046724
baseline,975067
baseline,1032293
baseline,979469
baseline,991304
baseline,1020343
baseline,1191793
baseline,949657
baseline,942634
baseline,1023332
baseline,1180533
baseline,1045338
baseline,936676
baseline,847315
baseline,934909
baseline,926828
baseline,942216
baseline,1017780
baseline,1046676
baseline,874494
baseline,984141
baseline,1056828
baseline,853460
baseline,846012
baseline,1055082
baseline,993460
baseline,1044970
baseline,931021
baseline,1001833
baseline,915112
baseline,748359
baseline,971755
baseline,829647
baseline,934347
baseline,1004691
baseline,1046694
baseline,996719
baseline,902710
baseline,926756
baseline,1082559
baseline,1178836
baseline,881070
baseline,938377
baseline,873793
baseline,1031264
baseline,968975
baseline,1057599
baseline,811799
baseline,1072077
baseline,1050446
baseline,1136220
baseline,1048501
baseline,912632
baseline,1044276
baseline,986094
baseline,971274
baseline,1024700
baseline,950179
baseline,993264
baseline,894346
baseline,996141
baseline,919784
baseline,881507
baseline,822965
baseline,1151238
baseline,931954
baseline,1074509
baseline,988000
baseline,1050872
baseline,1038863
baseline,1099653
baseline,989911
baseline,907134
baseline,1176256
baseline,1027395
baseline,1221533
baseline,883467
baseline,925358
baseline,890674
baseline,924570
baseline,929212
baseline,1001904
baseline,1090410
baseline,1000234
baseline,1006517
baseline,881834
baseline,841416
baseline,1193559
baseline,971994
baseline,959228
baseline,1050818
baseline,1146144
baseline,875361
baseline,875124
baseline,914371
baseline,1016092
baseline,1004350
baseline,1163549
baseline,1048554
baseline,982835
baseline,912135
baseline,1051340
baseline,1125197
baseline,863495
baseline,1120282
baseline,1143445
baseline,1059674
baseline,1056029
baseline,932770
baseline,1052515
baseline,1090621
baseline,1011786
baseline,957960
baseline,895240
baseline,915200
baseline,931888
baseline,930377
baseline,937015
baseline,947834
baseline,823615
baseline,838001
baseline,1044410
baseline,1056892
baseline,891210
baseline,1159847
baseline,974235
baseline,851279
baseline,1014206
baseline,1042492
baseline,994656
baseline,1018606
baseline,859170
baseline,984152
baseline,941923
baseline,1150652
baseline,879478
baseline,1024099
baseline,931443
baseline,964385
baseline,1062410
baseline,1036534
baseline,1067057
baseline,863309
baseline,908660
baseline,1000369
baseline,928209
baseline,935692
baseline,1124410
baseline,1216238
baseline,892457
baseline,1189709
baseline,1022770
baseline,1165803
baseline,794523
baseline,1010822
baseline,935755
baseline,900036
baseline,889668
baseline,1178435
baseline,909335
baseline,1024014
baseline,969834
baseline,986914
baseline,935963
baseline,1091233
baseline,936200
baseline,979429
baseline,901269
baseline,936628
baseline,1107957
baseline,1076606
baseline,1055917
baseline,953502
baseline,958218
baseline,1024818
baseline,1028619
baseline,979856
baseline,1018068
baseline,909305
baseline,894236
baseline,829980
baseline,1057383
baseline,1180345
baseline,1051605
baseline,1011543
baseline,966591
baseline,954718
baseline,1002180
baseline,873045
baseline,896528
baseline,961590
baseline,1032245
baseline,844101
baseline,941552
baseline,856126
baseline,942649
baseline,932297
baseline,1016110
baseline,1097721
baseline,834906
baseline,799604
baseline,1160776
baseline,895647
baseline,1124512
baseline,853803
baseline,914449
baseline,945608
baseline,1055598
baseline,932831
baseline,957246
baseline,932898
baseline,917474
baseline,858276
baseline,1014778
baseline,1076264
baseline,870794
baseline,859979
baseline,1068737
baseline,1043943
baseline,999090
baseline,953691
baseline,917473
baseline,976618
baseline,954059
baseline,922512
baseline,1018071
baseline,1025182
baseline,895414
baseline,991983
baseline,935612
baseline,1009424
baseline,905404
baseline,974824
baseline,1183103
baseline,857609
baseline,926743
baseline,970593
baseline,814869
baseline,904169
baseline,987129
baseline,1026474
baseline,1004520
baseline,1081760
baseline,1043154
baseline,1035068
baseline,1025396
baseline,973857
baseline,1272678
baseline,934944
baseline,963845
baseline,892870
baseline,874741
baseline,1075914
baseline,1082798
baseline,1114571
baseline,970596
baseline,965915
baseline,882531
baseline,1026328
baseline,1004169
baseline,882259
baseline,1226385
baseline,1115332
baseline,840144
baseline,1115553
baseline,1065039
baseline,1077901
baseline,1015097
baseline,1129393
baseline,1097998
baseline,870518
baseline,966047
baseline,1198632
baseline,1044784
baseline,1136931
baseline,1014740
baseline,1147859
baseline,989367
baseline,1088841
baseline,930898
baseline,903191
baseline,1104431
baseline,1023370
baseline,1137381
baseline,1078385
baseline,979236
baseline,1023555
baseline,924550
baseline,1074470
baseline,986519
baseline,1167523
baseline,882854
baseline,886762
baseline,885750
baseline,805699
baseline,1048998
baseline,999835
baseline,978938
baseline,1003003
baseline,1019499
baseline,950539
baseline,1084580
baseline,937890
baseline,1087843
baseline,1077343
baseline,929679
baseline,953542
baseline,943587
baseline,1082432
baseline,994088
baseline,1319911
baseline,1018216
baseline,914477
baseline,1159630
baseline,941559
baseline,1053729
baseline,1091541
baseline,1118964
baseline,977298
baseline,826289
baseline,951781
baseline,1000188
baseline,826420
baseline,974136
baseline,976722
baseline,1144543
baseline,918692
baseline,801322
baseline,955479
baseline,1009876
baseline,1196604
baseline,1119707
baseline,996744
baseline,1040849
baseline,867994
baseline,1108445
baseline,968943
baseline,1016581
baseline,863194
baseline,1059742
baseline,1077709
baseline,1180527
baseline,1049577
baseline,1006877
baseline,890687
baseline,929356
baseline,1001450
baseline,1042518
baseline,1031013
baseline,1118989
baseline,1080848
baseline,943503
baseline,998342
baseline,1077711
baseline,1090252
baseline,849837
baseline,983062
baseline,968674
baseline,1051349
baseline,946823
baseline,1032293
baseline,904606
baseline,837879
baseline,1129303
baseline,1148272
baseline,950226
baseline,1005424
baseline,995708
baseline,833001
baseline,1026234
baseline,896901
baseline,1078991
baseline,1071404
baseline,923073
baseline,985067
baseline,925521
baseline,968070
baseline,955119
baseline,1176160
baseline,1033753
baseline,1036213
baseline,1101797
baseline,1067089
baseline,1075304
baseline,926337
baseline,937346
baseline,710412
baseline,922676
baseline,961143
baseline,1105231
baseline,1059119
baseline,1032721
baseline,1085486
baseline,1047640
baseline,880907
baseline,1317337
baseline,1119993
baseline,955655
baseline,1035536
baseline,887982
baseline,1217976
baseline,854487
baseline,962200
baseline,1009495
baseline,948957
baseline,948973
baseline,940717
baseline,1011476
baseline,1102274
baseline,1216558
baseline,1032883
baseline,969642
baseline,1055684
baseline,869363
baseline,980645
baseline,876418
baseline,995453
baseline,1110689
baseline,905272
baseline,824220
baseline,981682
baseline,850348
baseline,989584
baseline,1029812
baseline,810365
baseline,1094793
baseline,904220
baseline,986603
baseline,956601
baseline,1131265
baseline,930368
baseline,888992
baseline,857293
baseline,1003419
baseline,993380
baseline,794488
baseline,874174
baseline,1068704
baseline,956176
baseline,1104820
baseline,900760
baseline,1021760
baseline,1055768
baseline,887457
baseline,795061
baseline,945883
baseline,980976
baseline,859914
baseline,893782
baseline,1029812
baseline,866345
baseline,969196
baseline,895993
baseline,1057090
baseline,1151020
baseline,1059652
baseline,1096654
baseline,1039299
baseline,1044141
baseline,831958
baseline,1075751
baseline,1263108
baseline,987333
baseline,859378
baseline,934886
baseline,1111388
baseline,796694
baseline,1232437
baseline,1010308
baseline,1002448
baseline,875740
baseline,1114338
baseline,772721
baseline,873576
baseline,979967
baseline,1048504
baseline,1040030
baseline,908184
baseline,1115814
baseline,1048636
baseline,973261
baseline,840687
baseline,1008742
baseline,1032041
baseline,974669
baseline,994861
baseline,1264946
baseline,955409
baseline,1026619
baseline,1050824
baseline,951961
baseline,962060
baseline,1114866
baseline,924186
baseline,1049682
baseline,986460
baseline,858989
baseline,1079849
baseline,911121
baseline,1060000
baseline,874737
baseline,947647
baseline,918656
baseline,993521
baseline,1002066
baseline,1021622
baseline,1075717
baseline,842006
baseline,982244
baseline,869609
baseline,896591
baseline,984683
baseline,1153231
baseline,967865
baseline,1246333
baseline,1108317
baseline,1107173
baseline,876320
baseline,1047864
baseline,1060556
baseline,1069312
baseline,918007
baseline,1015867
baseline,1077024
baseline,1145211
baseline,973384
baseline,1046863
baseline,990598
baseline,1125162
baseline,1063947
baseline,1062077
baseline,1015592
baseline,933820
baseline,1099405
baseline,1102218
baseline,842684
baseline,1047868
baseline,1006566
baseline,928040
baseline,987695
baseline,768091
baseline,1130398
baseline,924876
baseline,975408
baseline,814209
baseline,901091
baseline,1173490
baseline,1042638
baseline,1111810
baseline,956637
baseline,951907
baseline,906501
baseline,1067800
baseline,1087027
baseline,1059417
baseline,815017
baseline,736724
baseline,991674
baseline,1006728
baseline,1009661
baseline,975904
baseline,853982
baseline,1056715
baseline,1072735
baseline,898794
baseline,856109
baseline,924475
baseline,1035813
baseline,1054477
baseline,872381
baseline,1085734
baseline,958148
baseline,905393
baseline,1013895
baseline,1013085
baseline,1004143
baseline,891416
baseline,1063996
baseline,1046652
baseline,1298494
baseline,1046761
baseline,983905
baseline,1081844
baseline,1268593
baseline,1054959
baseline,1063626
baseline,972760
baseline,1006689
baseline,936279
baseline,992096
baseline,1000690
baseline,835744
baseline,1006480
baseline,1024671
baseline,969678
baseline,1027342
baseline,1003233
baseline,957823
baseline,1070714
baseline,1110343
baseline,949686
baseline,981922
baseline,886787
baseline,1017308
baseline,972269
baseline,951460
baseline,994500
baseline,1019239
baseline,1029044
baseline,1087331
baseline,1099675
baseline,1069158
baseline,809902
baseline,859508
baseline,959930
baseline,1138624
baseline,928139
baseline,1078548
baseline,953091
baseline,905696
baseline,970345
baseline,1019129
baseline,952169
baseline,1040121
baseline,1006714
baseline,959285
baseline,970253
baseline,865715
baseline,904204
baseline,807714
baseline,966959
baseline,981368
baseline,884017
baseline,891192
baseline,872604
baseline,1087056
baseline,1039852
baseline,1043076
baseline,1036043
baseline,932754
baseline,938642
baseline,977156
baseline,958700
baseline,942114
baseline,963267
baseline,1066053
baseline,1159892
baseline,948294
baseline,1092044
baseline,1183887
baseline,1005569
baseline,1077964
baseline,992089
baseline,1096246
baseline,960867
baseline,1069269
baseline,1034283
baseline,1013025
baseline,870262
baseline,922550
baseline,983940
baseline,933212
baseline,910593
baseline,1164438
baseline,1140757
baseline,1102902
baseline,988211
baseline,1012254
baseline,1070085
baseline,1035612
baseline,1010495
baseline,927788
baseline,964053
baseline,1018384
baseline,977382
baseline,996641
baseline,964838
baseline,1122768
baseline,1111956
baseline,940317
baseline,929123
baseline,906018
baseline,1085930
baseline,1230325
baseline,1047273
baseline,967746
baseline,1029531
baseline,822709
baseline,1144718
baseline,904461
baseline,996657
baseline,872777
baseline,1044902
baseline,1122948
baseline,894840
baseline,916413
baseline,1066120
baseline,938647
baseline,958055
baseline,1202512
baseline,1065161
baseline,936965
baseline,998396
baseline,1021212
baseline,849530
baseline,980126
baseline,1013839
baseline,1167611
baseline,1241040
baseline,1018180
baseline,934957
baseline,881762
baseline,1080485
baseline,934343
baseline,931545
baseline,936894
baseline,921788
baseline,957200
baseline,1069152
baseline,1166859
baseline,1085037
baseline,935206
baseline,946342
baseline,1004859
baseline,966400
baseline,949958
baseline,1116619
baseline,935216
baseline,899053
baseline,819519
baseline,825748
baseline,1428026
baseline,996789
baseline,1178457
baseline,794727
baseline,1053758
baseline,1058433
baseline,965300
baseline,897661
baseline,756472
baseline,966726
baseline,831130
baseline,1109396
baseline,1233012
baseline,1079577
baseline,1051987
baseline,1025064
baseline,1103793
baseline,942615
baseline,1018298
baseline,1074232
baseline,1024157
baseline,1116486
baseline,1068785
baseline,908551
baseline,970786
baseline,982099
baseline,1113668
baseline,885849
baseline,1039120
baseline,1042097
baseline,992458
baseline,913195
baseline,946584
baseline,889287
baseline,1102846
baseline,1019098
baseline,834082
baseline,849180
baseline,950786
baseline,1221593
baseline,1025853
baseline,1154293
baseline,1060120
baseline,995304
baseline,1099406
baseline,930918
baseline,1002588
baseline,1188399
baseline,793877
baseline,918615
baseline,1024691
baseline,1055877
baseline,973905
baseline,1006602
baseline,945500
baseline,1027685
baseline,973635
baseline,1137918
baseline,1004293
baseline,1214631
baseline,901766
baseline,978646
baseline,955783
baseline,1011327
baseline,1030892
baseline,982265
baseline,880355
baseline,1084010
baseline,1001696
baseline,941644
baseline,938020
baseline,925222
baseline,938150
baseline,944415
baseline,1116478
baseline,1295415
baseline,930439
baseline,1058010
baseline,843391
baseline,1000690
baseline,959528
baseline,821639
baseline,939047
baseline,971102
baseline,987945
baseline,1108497
baseline,909868
baseline,1081542
baseline,953158
baseline,920284
baseline,1065425
baseline,1190662
baseline,919654
baseline,991786
baseline,891771
baseline,960659
baseline,1034108
baseline,840071
baseline,909972
baseline,1115762
baseline,966499
baseline,1044284
baseline,831948
baseline,995414
baseline,1051232
baseline,822604
baseline,1152441
baseline,882279
baseline,1109121
baseline,1210177
baseline,819672
baseline,907413
baseline,1107014
baseline,991827
baseline,1024752
baseline,963692
baseline,1039618
baseline,1108350
baseline,1032980
baseline,1191196
baseline,1264434
baseline,1107622
baseline,897042
baseline,917823
baseline,1058428
baseline,1005602
baseline,986281
baseline,1127072
baseline,868667
baseline,1028122
baseline,1001644
baseline,1065477
baseline,1050078
baseline,1037036
baseline,968043
baseline,1191325
baseline,1095786
baseline,1031613
baseline,1116896
baseline,1169535
baseline,987618
baseline,874627
baseline,1055694
baseline,1047471
baseline,1083279
baseline,946865
baseline,998392
baseline,933720
baseline,993926
baseline,960034
baseline,1132224
baseline,1035843
baseline,993089
baseline,1067483
baseline,877123
baseline,934684
baseline,1092154
baseline,918467
baseline,895993
baseline,963633
baseline,972751
baseline,1017326
baseline,1082057
baseline,805203
baseline,1002786
baseline,1016043
baseline,991202
baseline,922269
baseline,942167
baseline,991709
baseline,1136231
baseline,1118321
baseline,869648
baseline,1061277
baseline,1178581
baseline,691817
baseline,944148
baseline,996495
baseline,1039675
baseline,1160797
baseline,955745
baseline,784846
baseline,993768
baseline,934614
baseline,909647
baseline,1008514
baseline,842185
baseline,1230326
baseline,1144109
baseline,793459
baseline,967476
baseline,951204
baseline,906026
baseline,997605
baseline,1075076
baseline,990068
baseline,1010013
baseline,879958
baseline,981914
baseline,1043890
baseline,1087597
baseline,980838
baseline,885893
baseline,1072624
baseline,980065
baseline,1151389
baseline,878331
baseline,937253
baseline,1166896
baseline,1062393
baseline,1035687
baseline,901378
baseline,900271
baseline,997146
baseline,1118644
baseline,985063
baseline,1014538
baseline,985104
baseline,821242
baseline,891002
baseline,1002702
baseline,964859
baseline,995753
baseline,975241
baseline,1039450
baseline,1226585
baseline,957121
baseline,990316
baseline,872928
baseline,1009778
baseline,1004130
baseline,939782
baseline,970466
baseline,933930
baseline,1120572
baseline,989233
baseline,1136320
baseline,905343
baseline,882370
baseline,914347
baseline,1012907
baseline,931735
baseline,1142697
baseline,1028795
baseline,1072325
baseline,893943
baseline,1031369
baseline,1024202
baseline,975327
baseline,974186
baseline,1077686
baseline,973121
baseline,904067
baseline,1062219
baseline,932724
baseline,975824
baseline,1008478
baseline,879557
baseline,925831
baseline,849421
baseline,925313
baseline,927393
baseline,964628
baseline,951795
baseline,1055733
baseline,917480
baseline,1082057
baseline,1079829
baseline,999290
baseline,970379
baseline,936794
baseline,914813
baseline,1034977
baseline,1032587
baseline,1035946
baseline,1019232
baseline,1010736
baseline,867207
baseline,981750
baseline,894556
baseline,860368
baseline,959689
baseline,1008514
baseline,1078601
baseline,1023982
baseline,994170
baseline,1138175
baseline,1186357
baseline,899397
baseline,930577
baseline,1065619
baseline,1165293
baseline,894827
baseline,1038312
baseline,1032848
baseline,1145008
baseline,1025135
baseline,841577
baseline,935704
baseline,1061205
baseline,1057920
baseline,867650
baseline,925872
baseline,1126727
baseline,1251896
baseline,975672
baseline,821368
baseline,1201360
baseline,1016629
baseline,920551
baseline,1094971
baseline,899465
baseline,1139433
baseline,955419
baseline,945518
baseline,1046727
baseline,936817
baseline,990062
baseline,1021885
baseline,874532
baseline,1046165
baseline,1142104
baseline,807131
baseline,1080468
baseline,1008226
baseline,950769
baseline,905179
baseline,1035166
baseline,1119164
baseline,936578
baseline,872241
baseline,1115235
baseline,963405
baseline,905791
baseline,1141834
baseline,1040311
baseline,1073406
baseline,1107242
baseline,803726
baseline,944907
baseline,866655
baseline,1019079
baseline,855124
baseline,986039
baseline,1054977
baseline,969182
baseline,1011004
baseline,1052075
baseline,909735
baseline,1018353
baseline,824407
baseline,1022578
baseline,961299
baseline,1046248
baseline,1041740
baseline,1044200
baseline,951157
baseline,1054013
baseline,931828
baseline,939905
baseline,733102
baseline,914974
baseline,841639
baseline,977423
baseline,989720
baseline,991835
baseline,917041
baseline,857706
baseline,973666
baseline,938250
baseline,1024734
baseline,960728
baseline,1087283
baseline,966360
baseline,936169
baseline,1026020
baseline,943898
baseline,1026587
baseline,1187024
baseline,912163
baseline,832553
baseline,953590
baseline,901836
baseline,1025745
baseline,991639
baseline,1048439
baseline,776251
baseline,873970
baseline,868152
baseline,1026083
baseline,1070143
baseline,1177212
baseline,1066908
baseline,954294
baseline,1013892
baseline,1050447
baseline,956933
baseline,910570
baseline,1025657
baseline,1061305
baseline,872307
baseline,984453
baseline,1105863
baseline,1026219
baseline,989368
baseline,856814
baseline,1017508
baseline,914909
baseline,916902
baseline,1060194
baseline,1049818
baseline,1065834
baseline,875415
baseline,994075
baseline,1021637
baseline,1012265
baseline,951618
baseline,957543
baseline,857188
baseline,942628
baseline,1093801
baseline,966044
baseline,1070005
baseline,869147
baseline,932760
baseline,1202481
baseline,1113708
baseline,779817
baseline,859947
baseline,1093970
baseline,911138
baseline,936761
baseline,930440
baseline,1136802
baseline,1035254
baseline,1037453
baseline,1082294
baseline,769343
baseline,1107843
baseline,1005952
baseline,1064401
baseline,1118610
baseline,965821
baseline,828941
baseline,983470
baseline,810837
baseline,1054047
baseline,851991
baseline,1131616
baseline,978669
baseline,1044469
baseline,842300
baseline,1195432
baseline,1015952
baseline,1032857
baseline,954400
baseline,984973
baseline,931621
baseline,908552
baseline,1332745
baseline,927019
baseline,1067062
baseline,1045951
baseline,998091
baseline,1136377
baseline,829866
baseline,975614
baseline,985260
baseline,972771
baseline,967479
baseline,852076
baseline,923713
baseline,1108031
baseline,1060002
baseline,1081636
baseline,1122745
baseline,1008655
baseline,1042596
baseline,1037296
baseline,869386
baseline,1032283
baseline,872423
baseline,867624
baseline,976433
baseline,1096715
baseline,1019927
baseline,871142
baseline,974368
baseline,922293
baseline,935221
baseline,1058727
baseline,1029890
baseline,986652
baseline,1015359
baseline,1024016
baseline,1003290
baseline,1122770
baseline,967377
baseline,957095
baseline,973796
baseline,938652
baseline,1061169
baseline,914579
baseline,1048595
baseline,979159
baseline,1098955
baseline,1054466
baseline,1151535
baseline,959709
baseline,1042172
baseline,896456
baseline,1068538
baseline,1045746
baseline,985057
baseline,982737
baseline,1155824
baseline,1024969
baseline,916514
baseline,1049614
baseline,1177973
baseline,938581
baseline,1129926
baseline,1130124
baseline,1126186
baseline,1044160
baseline,949912
baseline,1079328
baseline,1059512
baseline,944965
baseline,1041858
baseline,973238
baseline,941923
baseline,957241
baseline,1023333
baseline,940467
baseline,843257
baseline,968728
baseline,1097683
baseline,1351951
baseline,1127133
baseline,1075450
baseline,1018096
baseline,1260359
baseline,895869
baseline,921782
baseline,1050427
baseline,1004918
baseline,909618
baseline,965317
baseline,1161844
baseline,908174
baseline,867379
baseline,1102448
baseline,917142
baseline,947743
baseline,1105261
baseline,864271
baseline,985484
baseline,997524
baseline,821268
baseline,718850
baseline,898971
baseline,1044976
baseline,935503
baseline,902023
baseline,924374
baseline,922568
baseline,1040673
baseline,1092654
baseline,1026371
baseline,1142951
baseline,1029702
baseline,803661
baseline,1156644
baseline,929621
baseline,1008616
baseline,1030559
baseline,996216
baseline,1023479
baseline,923443
baseline,951246
baseline,1001909
baseline,1059176
baseline,974329
baseline,1083564
baseline,934163
baseline,903813
baseline,897668
baseline,1027692
baseline,1063079
baseline,1149727
baseline,1192670
baseline,983021
baseline,1006329
baseline,997670
baseline,1192997
baseline,862518
baseline,1109277
baseline,1111212
baseline,992695
baseline,1027012
baseline,1100302
baseline,1151274
baseline,1057734
baseline,994190
baseline,1052291
baseline,1105234
baseline,992959
baseline,1061123
baseline,1048664
baseline,1182035
baseline,1104162
baseline,1284730
baseline,1122954
baseline,1065526
baseline,1128972
baseline,967402
baseline,940729
baseline,1035486
baseline,1016944
baseline,1000799
baseline,932679
baseline,912322
baseline,1009477
baseline,911441
baseline,962581
baseline,931387
baseline,1083704
baseline,862432
baseline,971378
baseline,1033213
baseline,907942
baseline,988583
baseline,843908
baseline,874406
baseline,778558
baseline,1004483
baseline,875145
baseline,1011859
baseline,1005199
baseline,949928
baseline,1070577
baseline,1045662
baseline,1021724
baseline,897406
baseline,1222185
baseline,1015096
baseline,816394
baseline,1010900
baseline,921019
baseline,1055688
baseline,1240056
baseline,902539
baseline,826527
baseline,859551
baseline,1029098
baseline,1043793
baseline,952328
baseline,895272
baseline,978058
baseline,933146
baseline,811234
baseline,1069271
baseline,1011182
baseline,1066146
baseline,1023413
baseline,941759
baseline,982564
baseline,904593
baseline,999958
baseline,1028597
baseline,1183239
baseline,938299
baseline,968569
baseline,835746
baseline,1011050
baseline,828878
baseline,894445
baseline,918615
baseline,1195580
baseline,897218
baseline,982014
baseline,1167279
baseline,1026241
baseline,879477
baseline,1124700
baseline,988586
baseline,958836
baseline,995827
baseline,860823
baseline,1025202
baseline,960781
baseline,1093916
baseline,1005166
baseline,965491
baseline,961348
baseline,1079377
baseline,1036140
baseline,918553
baseline,947471
baseline,1016595
baseline,912961
baseline,1010234
baseline,1068127
baseline,968385
baseline,979857
baseline,877625
baseline,821576
baseline,906390
baseline,1001277
baseline,999579
baseline,880593
baseline,947909
baseline,827224
baseline,1001737
baseline,997890
baseline,1025926
baseline,853930
baseline,1065906
baseline,1063422
baseline,1095067
baseline,997396
baseline,885040
baseline,1032331
baseline,1069485
baseline,1080809
baseline,1056586
baseline,985634
baseline,1001989
baseline,1077422
baseline,985515
baseline,929033
baseline,1018515
baseline,990456
baseline,868760
baseline,806967
baseline,878673
baseline,935822
baseline,1207748
baseline,951630
baseline,1004196
baseline,1172154
baseline,969022
baseline,939578
baseline,1028675
baseline,931748
baseline,1333727
baseline,790142
baseline,1017727
baseline,1093168
baseline,1112084
baseline,923275
baseline,1018750
baseline,820739
baseline,1071944
baseline,779283
baseline,1111089
baseline,1108973
baseline,1043217
baseline,1034169
baseline,886952
baseline,808396
baseline,1046867
baseline,1094458
baseline,1168267
baseline,990422
baseline,925586
baseline,953793
baseline,939795
baseline,1262416
baseline,926492
baseline,896386
baseline,1205610
baseline,970662
baseline,957101
baseline,1185302
baseline,1001606
baseline,941060
baseline,939735
baseline,996210
baseline,953730
baseline,1059350
baseline,895989
baseline,932283
baseline,1000424
baseline,929967
baseline,982053
baseline,1001281
baseline,1169813
baseline,1181216
baseline,843306
baseline,1004551
baseline,919313
baseline,914963
baseline,859748
baseline,979614
baseline,1089905
baseline,978321
baseline,937511
baseline,865973
baseline,1192628
baseline,1028576
baseline,979271
baseline,1080069
baseline,1087878
baseline,937105
baseline,913880
baseline,933954
baseline,1024581
baseline,988639
baseline,904378
baseline,917156
baseline,1078107
baseline,974743
baseline,849954
baseline,907426
baseline,905221
baseline,999937
baseline,1038526
baseline,1018278
baseline,863510
baseline,897158
baseline,1059168
baseline,889106
baseline,957355
baseline,986713
baseline,1023239
baseline,878464
baseline,1046677
baseline,1032360
baseline,915100
baseline,1141279
baseline,1134038
baseline,946877
baseline,1030900
baseline,1070797
baseline,931160
baseline,1185749
baseline,1011668
baseline,920294
baseline,892922
baseline,874110
baseline,1021714
baseline,720210
baseline,899915
baseline,1009543
baseline,1167565
baseline,1036472
baseline,1075583
baseline,986792
baseline,1114519
baseline,1040765
baseline,1032080
baseline,992949
baseline,1312695
baseline,986803
baseline,921911
baseline,1032731
baseline,1018565
baseline,922809
baseline,1032306
baseline,1083805
baseline,1126545
baseline,995324
baseline,1128821
baseline,1012821
baseline,912303
baseline,1003528
baseline,720158
baseline,959381
baseline,969346
baseline,1127187
baseline,894762
baseline,1204879
baseline,901254
baseline,1061270
baseline,1100331
baseline,965157
baseline,888613
baseline,967414
baseline,967833
baseline,1040105
baseline,1209615
baseline,834761
baseline,935959
baseline,795911
baseline,1049098
baseline,1197018
baseline,915543
baseline,749129
baseline,839238
baseline,947139
baseline,1219878
baseline,974416
baseline,933233
baseline,823443
baseline,884413
baseline,905999
baseline,978427
baseline,973355
baseline,941634
baseline,1176612
baseline,1061965
baseline,906921
baseline,981491
baseline,914552
baseline,849410
baseline,1104573
baseline,906674
baseline,1116637
baseline,1147806
baseline,1226774
baseline,948756
baseline,928025
baseline,1026058
baseline,898699
baseline,908274
baseline,992423
baseline,1023117
baseline,1078566
baseline,1052790
baseline,1047185
baseline,905708
baseline,849020
baseline,938139
baseline,896966
baseline,981733
baseline,878189
baseline,1225832
baseline,1162470
baseline,909226
baseline,1158722
baseline,927317
baseline,823831
baseline,942618
baseline,1075340
baseline,1041962
baseline,963090
baseline,783021
baseline,1042191
baseline,1108328
baseline,1064742
baseline,853877
baseline,980402
baseline,1010321
baseline,858898
baseline,908775
baseline,888693
baseline,1074696
baseline,1063470
baseline,1013398
baseline,1148153
baseline,943567
baseline,1076059
baseline,1023090
baseline,930012
baseline,1022607
baseline,967462
baseline,919167
baseline,973744
baseline,1082340
baseline,1002092
baseline,909362
baseline,992213
baseline,911592
baseline,868018
baseline,996472
baseline,920470
baseline,1066074
baseline,1137559
baseline,1165065
baseline,980269
baseline,958543
baseline,961010
baseline,1044466
baseline,985688
baseline,1114044
baseline,1096514
baseline,885095
baseline,840200
baseline,998037
baseline,1184638
baseline,966234
baseline,917173
baseline,1015444
baseline,1267460
baseline,894599
baseline,866895
baseline,864081
baseline,943650
baseline,1051955
baseline,1142358
baseline,1041198
baseline,943118
baseline,894648
baseline,1094542
baseline,840063
baseline,917370
baseline,930088
baseline,858634
baseline,980408
baseline,922802
baseline,983335
baseline,1063970
baseline,894059
baseline,879362
baseline,1175464
baseline,995797
baseline,1026774
baseline,1071690
baseline,949867
baseline,938722
baseline,971186
baseline,1043624
baseline,1127967
baseline,1048306
baseline,971208
baseline,1055758
baseline,1017872
baseline,929540
baseline,804326
baseline,1047373
baseline,983744
baseline,1083977
baseline,993646
baseline,960590
baseline,986418
baseline,1084521
baseline,893271
baseline,975001
baseline,994405
baseline,905973
baseline,955350
baseline,1003426
baseline,1032476
baseline,913179
baseline,980177
baseline,909701
baseline,1024774
baseline,847466
baseline,940694
baseline,899651
baseline,1054673
baseline,973992
baseline,1010284
baseline,1030035
baseline,950474
baseline,847648
baseline,1095047
baseline,1018558
baseline,866741
baseline,979363
baseline,878233
baseline,828122
baseline,864983
baseline,1002497
baseline,1075859
baseline,1063497
baseline,994146
baseline,1017609
baseline,929093
baseline,999898
baseline,1014716
baseline,1002016
baseline,1217420
baseline,1004711
baseline,1080893
baseline,1015604
baseline,1045676
baseline,922895
baseline,856500
baseline,1005421
baseline,999600
baseline,970165
baseline,928463
baseline,1068258
baseline,971620
baseline,952611
baseline,867136
baseline,870946
baseline,932666
baseline,957352
baseline,946113
baseline,940534
baseline,995041
baseline,1068292
baseline,896284
baseline,838637
baseline,1018440
baseline,1217022
baseline,868864
baseline,998476
baseline,782277
baseline,997577
baseline,1116680
baseline,1049438
baseline,888194
baseline,928017
baseline,994669
baseline,1002116
baseline,861208
baseline,841369
baseline,939528
baseline,934153
baseline,1163641
baseline,1038583
baseline,854885
baseline,879899
baseline,766242
baseline,940960
baseline,1154195
baseline,983741
baseline,1073131
baseline,1024908
baseline,979571
baseline,1009084
baseline,945560
baseline,847219
baseline,1046207
baseline,998828
baseline,961562
baseline,942170
baseline,940299
baseline,967904
baseline,945519
baseline,929027
baseline,1021678
baseline,1082575
baseline,1167774
baseline,971087
baseline,1025353
baseline,942932
baseline,990355
baseline,1004727
baseline,942679
baseline,1017088
baseline,872349
baseline,1002012
baseline,956339
baseline,953840
baseline,805534
baseline,1060471
baseline,890721
baseline,891751
baseline,1035679
baseline,1063837
baseline,864881
baseline,961178
baseline,889636
baseline,975803
baseline,1084272
baseline,972021
baseline,1009351
baseline,951477
baseline,1020124
baseline,777643
baseline,1166035
baseline,969860
baseline,868312
baseline,1056833
baseline,945074
baseline,1142168
baseline,955169
baseline,944054
baseline,1083033
baseline,910812
baseline,971032
baseline,904951
baseline,1051769
baseline,1069601
baseline,803140
baseline,1088371
baseline,1038554
baseline,1049261
baseline,876538
baseline,936568
baseline,1145612
baseline,840492
baseline,866503
baseline,1084077
baseline,1042126
baseline,1037356
baseline,885417
baseline,801356
baseline,1048069
baseline,934213
baseline,1022315
baseline,922996
baseline,964045
baseline,1210114
baseline,1072700
baseline,916191
baseline,961356
baseline,1158845
baseline,1093045
baseline,1054497
baseline,939791
baseline,1110744
baseline,979347
baseline,892225
baseline,1084724
baseline,915982
baseline,1021675
baseline,999418
baseline,1090917
baseline,974282
baseline,1035195
baseline,988362
baseline,915285
baseline,928166
baseline,1078470
baseline,1012200
baseline,1037754
baseline,782631
baseline,980444
baseline,1000306
baseline,978963
baseline,1081431
baseline,1012147
baseline,1059285
baseline,839333
baseline,788985
baseline,894455
baseline,955152
baseline,991264
baseline,943833
baseline,839982
baseline,960213
baseline,862819
baseline,1058335
baseline,918265
baseline,971447
baseline,1005833
baseline,1102646
baseline,950761
baseline,940074
baseline,883522
baseline,944730
baseline,838643
baseline,1060251
baseline,861052
baseline,889809
baseline,1094109
baseline,976423
baseline,861698
baseline,1055081
baseline,1049394
baseline,1014057
baseline,967685
baseline,937357
baseline,1045415
baseline,1015900
baseline,1229317
baseline,1057258
baseline,1032576
baseline,1023725
baseline,1021110
baseline,850428
baseline,887154
baseline,921190
baseline,945874
baseline,953478
baseline,1173581
baseline,940122
baseline,977456
baseline,1068875
baseline,1114916
baseline,860259
baseline,876808
baseline,960863
baseline,1075897
baseline,1025803
baseline,775559
baseline,905735
baseline,1055279
baseline,928722
baseline,1029090
baseline,865890
baseline,893105
baseline,873118
baseline,909262
baseline,1097940
baseline,840042
baseline,1261883
baseline,940323
baseline,946604
baseline,1107105
baseline,1134357
baseline,891590
baseline,966986
baseline,965298
baseline,1008068
baseline,848770
baseline,1091548
baseline,973281
baseline,1162155
baseline,1062900
baseline,845223
baseline,1139018
baseline,890266
baseline,942150
baseline,938997
baseline,871768
baseline,1084147
baseline,1062302
baseline,1009713
baseline,935910
baseline,987026
baseline,924580
baseline,959902
baseline,1010488
baseline,1083095
baseline,1128733
baseline,889746
baseline,1078289
baseline,926364
baseline,1132917
baseline,989762
baseline,906597
baseline,783931
baseline,905440
baseline,1009823
baseline,962755
baseline,1105747
baseline,838235
baseline,1007957
baseline,940134
baseline,921645
baseline,1010640
baseline,901470
baseline,778239
baseline,891930
baseline,1113795
baseline,1128299
baseline,1193967
baseline,990941
baseline,1030656
baseline,941007
baseline,973748
baseline,925114
baseline,837346
baseline,1154993
baseline,914624
baseline,1042471
baseline,1159049
baseline,1026262
baseline,986043
baseline,819291
baseline,806900
baseline,1201236
baseline,979508
baseline,924409
baseline,1234180
baseline,871464
baseline,969446
baseline,1149523
baseline,979346
baseline,989319
baseline,909264
baseline,833297
baseline,893382
baseline,1100995
baseline,973544
baseline,996908
baseline,1143845
baseline,1010795
baseline,1100116
baseline,1002632
baseline,998597
baseline,868291
baseline,946956
baseline,1080116
baseline,1032448
baseline,1144977
baseline,831335
baseline,985851
baseline,1076082
baseline,984667
baseline,892891
baseline,969567
baseline,979653
baseline,1366545
baseline,976071
baseline,908670
baseline,1121072
baseline,1075534
baseline,777576
baseline,1126916
baseline,878163
baseline,1206652
baseline,1090544
baseline,1300154
baseline,970070
baseline,946544
baseline,908121
baseline,954964
baseline,959649
baseline,974826
baseline,948667
baseline,991991
baseline,951249
baseline,941765
baseline,871242
baseline,1160328
baseline,1101468
baseline,1099204
baseline,902682
baseline,1140869
baseline,929585
baseline,960090
baseline,890491
baseline,990206
baseline,1222208
baseline,1135870
baseline,1123693
baseline,761836
baseline,1036620
baseline,909569
baseline,887085
baseline,1054244
baseline,1039558
baseline,1167600
baseline,902100
baseline,889898
baseline,920191
baseline,1072441
baseline,887510
baseline,900589
baseline,1010178
baseline,1002178
baseline,1291439
baseline,1112010
baseline,979081
baseline,1025929
baseline,991408
baseline,1082331
baseline,953684
baseline,981159
baseline,1109917
baseline,831240
baseline,984568
baseline,1109060
baseline,790466
baseline,954981
baseline,978571
baseline,861473
baseline,988170
baseline,979739
baseline,848910
baseline,884344
baseline,971759
baseline,974171
baseline,1062875
baseline,948015
baseline,890030
baseline,1130435
baseline,960335
baseline,883231
baseline,918600
baseline,977852
baseline,1021997
baseline,1008020
baseline,965777
baseline,1090792
baseline,927217
baseline,1023010
baseline,1091051
baseline,1104200
baseline,1075384
baseline,1012577
baseline,1006449
baseline,955150
baseline,938323
baseline,1077136
baseline,980138
baseline,868804
baseline,887408
baseline,775431
baseline,1069418
baseline,1012592
baseline,977318
baseline,927553
baseline,1018960
baseline,905890
baseline,930674
baseline,917723
baseline,1221693
baseline,1008952
baseline,974863
baseline,894488
baseline,907165
baseline,944949
baseline,1110977
baseline,1093746
baseline,832811
baseline,1029223
baseline,990960
baseline,1061666
baseline,893598
baseline,1058028
baseline,965810
baseline,976173
baseline,780240
baseline,912245
baseline,889991
baseline,918867
baseline,872624
baseline,912911
baseline,958994
baseline,1170159
baseline,898563
baseline,966857
baseline,1035054
baseline,980861
baseline,1038676
baseline,1024681
baseline,864212
baseline,989830
baseline,947595
baseline,853872
baseline,1203770
baseline,1063034
baseline,863469
baseline,1012517
baseline,857742
baseline,1025496
baseline,1055697
baseline,997901
baseline,895836
baseline,1137683
baseline,1096239
baseline,1180996
baseline,993055
baseline,915582
baseline,887109
baseline,936369
baseline,958185
baseline,1060251
baseline,957556
baseline,1036985
baseline,976222
baseline,961598
baseline,1076133
baseline,1011627
baseline,1043836
baseline,966867
baseline,1019113
baseline,903709
baseline,889717
baseline,1035153
baseline,911962
baseline,962128
baseline,994598
baseline,1003064
baseline,1122613
baseline,959828
baseline,862690
baseline,957966
baseline,986906
baseline,933297
baseline,1128243
baseline,904796
baseline,1142430
baseline,1179164
baseline,1124915
baseline,980165
baseline,841294
baseline,904965
baseline,840335
baseline,956181
baseline,1004899
baseline,910106
baseline,973010
baseline,921301
baseline,1032865
baseline,966392
baseline,1132800
baseline,1088945
baseline,1053430
baseline,1128917
baseline,1010858
baseline,918057
baseline,1043301
baseline,888574
baseline,996971
baseline,955531
baseline,1095259
baseline,1025658
baseline,873368
baseline,956906
baseline,1079315
baseline,1067673
baseline,892662
baseline,1185823
baseline,1097974
baseline,1000179
baseline,1051235
baseline,1019355
baseline,893324
baseline,1154619
baseline,882608
baseline,1028187
baseline,908242
baseline,967714
baseline,1163504
baseline,1237646
baseline,934251
baseline,807190
baseline,1006766
baseline,979459
baseline,793795
baseline,881383
baseline,982893
baseline,984107
baseline,1251955
baseline,977129
baseline,1062640
baseline,934218
baseline,1117359
baseline,871717
baseline,993490
baseline,1102187
baseline,1002085
baseline,944681
baseline,894142
baseline,1029835
baseline,1083606
baseline,1034001
baseline,1019585
baseline,1073305
baseline,1022893
baseline,847018
baseline,957657
baseline,877573
baseline,979468
baseline,981784
baseline,1039513
baseline,1050792
baseline,843002
baseline,823070
baseline,1182953
baseline,960711
baseline,900144
baseline,1029322
baseline,940209
baseline,912298
baseline,993527
baseline,1044248
baseline,795527
baseline,995477
baseline,1180933
baseline,1012271
baseline,830482
baseline,1011829
baseline,1049342
baseline,939547
baseline,1006046
baseline,1065174
baseline,1032689
baseline,936259
baseline,1156212
baseline,1097374
baseline,918743
baseline,927280
baseline,875614
baseline,995776
baseline,923227
baseline,1047387
baseline,1199308
baseline,976606
baseline,1128187
baseline,861501
baseline,1149322
baseline,1129750
baseline,879066
baseline,981271
baseline,991252
baseline,1063617
baseline,953394
baseline,1065673
baseline,1084224
baseline,1143760
baseline,1173958
baseline,912331
baseline,998203
baseline,1028609
baseline,1083740
baseline,1048144
baseline,892759
baseline,831749
baseline,800064
baseline,939883
baseline,1068021
baseline,925302
baseline,936489
baseline,1006969
baseline,913030
baseline,887150
baseline,1273235
baseline,978064
baseline,924569
baseline,1008555
baseline,1057773
baseline,905348
baseline,946072
baseline,1074151
baseline,1136023
baseline,945227
baseline,876218
baseline,806421
baseline,884620
baseline,924623
baseline,880046
baseline,1085392
baseline,954477
baseline,1069047
baseline,903068
baseline,895558
baseline,913457
baseline,905117
baseline,1165427
baseline,913751
baseline,932429
baseline,969316
baseline,912923
baseline,945003
baseline,991079
baseline,974727
baseline,1005445
baseline,847251
baseline,1178789
baseline,965866
baseline,925964
baseline,804744
baseline,1136336
baseline,949453
baseline,997728
baseline,1103177
baseline,1032025
baseline,1047908
baseline,906732
baseline,964555
baseline,952875
baseline,1035238
baseline,814208
baseline,1348483
baseline,986979
baseline,1009213
baseline,982453
baseline,906464
baseline,1059809
baseline,889392
baseline,1046598
baseline,1040471
baseline,1051816
baseline,973990
baseline,964918
baseline,1023098
baseline,1128415
baseline,990470
baseline,875658
baseline,1095401
baseline,1056628
baseline,1021033
baseline,897259
baseline,854385
baseline,926453
baseline,945087
baseline,1048380
baseline,1009112
baseline,1008663
baseline,974487
baseline,1063426
baseline,898767
baseline,831495
baseline,1070791
baseline,1004141
baseline,966908
baseline,865537
baseline,1114110
baseline,1000838
baseline,1005742
baseline,1023532
baseline,861759
baseline,1046073
baseline,1140194
baseline,1071655
baseline,744902
baseline,940236
baseline,1137928
baseline,882001
baseline,965091
baseline,1065057
baseline,1010448
baseline,947250
baseline,1164805
baseline,914043
baseline,1017106
baseline,876641
baseline,1076668
baseline,867860
baseline,968160
baseline,1028818
baseline,895694
baseline,911808
baseline,1027547
baseline,865881
baseline,914726
baseline,841198
baseline,1049996
baseline,1023444
baseline,878431
baseline,868072
baseline,857424
baseline,987845
baseline,976661
baseline,1059913
baseline,1056546
baseline,1121679
baseline,969133
baseline,945903
baseline,1055695
baseline,959021
baseline,1132619
baseline,988026
baseline,978467
baseline,986388
baseline,955529
baseline,924355
baseline,970402
baseline,1006340
baseline,989978
baseline,879513
baseline,1011776
baseline,1052395
baseline,1057430
baseline,870201
baseline,1005698
baseline,1033426
baseline,974533
baseline,925547
baseline,800812
baseline,927019
baseline,983556
baseline,987429
baseline,1073667
baseline,1294880
baseline,868301
baseline,860015
baseline,991782
baseline,994832
baseline,1036056
baseline,945332
baseline,933111
baseline,877534
baseline,1038110
baseline,1001073
baseline,1043539
baseline,1147326
baseline,1041716
baseline,1075299
baseline,1015189
baseline,941321
baseline,929437
baseline,1002067
baseline,1059910
baseline,1020691
baseline,1010951
baseline,1105548
baseline,947337
baseline,844826
baseline,812493
baseline,950851
baseline,877320
baseline,858733
baseline,1002330
baseline,1006274
baseline,1003435
baseline,963325
baseline,963019
baseline,830781
baseline,1131274
baseline,931436
baseline,1001898
baseline,1044502
baseline,1042440
baseline,795371
baseline,939414
baseline,834127
baseline,1021660
baseline,866277
baseline,1096575
baseline,1022532
baseline,840635
baseline,1092885
baseline,1132278
baseline,1281209
baseline,1313344
baseline,1002740
baseline,971882
baseline,857945
baseline,872843
baseline,1109376
baseline,933162
baseline,1049218
baseline,1054481
baseline,964534
baseline,945283
baseline,923036
baseline,985194
baseline,948910
baseline,1057429
baseline,961594
baseline,1009439
baseline,909411
baseline,918579
baseline,997555
baseline,911311
baseline,927631
baseline,1118301
baseline,992527
baseline,1047031
baseline,1116146
baseline,970710
baseline,782737
baseline,1138158
baseline,1039212
baseline,878302
baseline,1043379
baseline,876608
baseline,910593
baseline,951658
baseline,1070078
baseline,965922
baseline,1049723
baseline,970370
baseline,841111
baseline,1150048
baseline,954098
baseline,957081
baseline,948551
baseline,1096786
baseline,929367
baseline,891194
baseline,998172
baseline,1011510
baseline,1078122
baseline,998318
baseline,1014940
baseline,910946
baseline,991006
baseline,884358
baseline,1266125
baseline,872596
baseline,1063200
baseline,814573
baseline,1064953
baseline,922554
baseline,855530
baseline,936446
baseline,1044116
baseline,941813
baseline,1001668
baseline,968645
baseline,897402
baseline,1202943
baseline,968912
baseline,1058598
baseline,1017508
baseline,879662
baseline,991478
baseline,957429
baseline,1017650
baseline,955711
baseline,1135553
baseline,1028541
baseline,977403
baseline,960542
baseline,1074190
baseline,959616
baseline,1163593
baseline,896689
baseline,946475
baseline,924329
baseline,1061755
baseline,1090624
baseline,1010083
baseline,935368
baseline,888914
baseline,817199
baseline,979302
baseline,1054793
baseline,975450
baseline,1119102
baseline,981536
baseline,1021723
baseline,766169
baseline,1083532
baseline,1109563
baseline,889554
baseline,1016558
baseline,1077427
baseline,1168523
baseline,1159487
baseline,874799
baseline,1154392
baseline,1024051
baseline,967408
baseline,1019958
baseline,1120114
baseline,1128457
baseline,932012
baseline,1188199
baseline,986836
baseline,920564
baseline,1040488
baseline,1003756
baseline,839935
baseline,937300
baseline,928943
baseline,1199370
baseline,864352
baseline,787971
baseline,761197
baseline,932229
baseline,943803
baseline,963375
baseline,1145878
baseline,1027599
baseline,962923
baseline,1147097
baseline,917707
baseline,919700
baseline,858627
baseline,982768
baseline,1072678
baseline,1167131
baseline,891161
baseline,1036039
baseline,959268
baseline,1116775
baseline,876519
baseline,1017500
baseline,983526
baseline,1062344
baseline,941626
baseline,915557
baseline,1063170
baseline,970506
baseline,963104
baseline,964309
baseline,873021
baseline,1040288
baseline,862546
baseline,1122860
baseline,844244
baseline,862698
baseline,949787
baseline,1162387
baseline,864746
baseline,1005035
baseline,1111082
baseline,1179828
baseline,1120345
baseline,1041386
baseline,1382804
baseline,871404
baseline,823377
baseline,947807
baseline,717945
baseline,944952
baseline,1048158
baseline,1022580
baseline,1101590
baseline,1241836
baseline,915347
baseline,1121929
baseline,936966
baseline,949326
baseline,980167
baseline,1023677
baseline,839771
baseline,1083030
baseline,831691
baseline,901049
baseline,981608
baseline,895695
baseline,999336
baseline,856272
baseline,1117827
baseline,1265788
baseline,932486
baseline,944500
baseline,1091303
baseline,977121
baseline,981843
baseline,1231560
baseline,1003447
baseline,922619
baseline,984351
baseline,1159370
baseline,946186
baseline,1075795
baseline,951031
baseline,971665
baseline,1111019
baseline,788334
baseline,1024893
baseline,932702
baseline,955598
baseline,1035331
baseline,986428
baseline,975291
baseline,1128508
baseline,1014734
baseline,1017602
baseline,1030934
baseline,1057455
baseline,1002259
baseline,1184628
baseline,1046887
baseline,1127964
baseline,1000953
baseline,1103122
baseline,1050039
baseline,828932
baseline,860885
baseline,909700
baseline,1099168
baseline,1054220
baseline,1048844
baseline,835964
baseline,1113990
baseline,965736
baseline,975687
baseline,1128134
baseline,1052624
baseline,900085
baseline,831034
baseline,1058671
baseline,849424
baseline,1036284
baseline,1318452
baseline,991780
baseline,996737
baseline,863284
baseline,1181708
baseline,1095852
baseline,1136241
baseline,1053784
baseline,1019596
baseline,1191727
baseline,963391
baseline,913810
baseline,844107
baseline,1020151
baseline,1214969
baseline,1278034
baseline,1046402
baseline,1019183
baseline,974388
baseline,879758
baseline,981646
baseline,1127169
baseline,977224
baseline,995785
baseline,1139631
baseline,990152
baseline,957991
baseline,818704
baseline,874343
baseline,1183344
baseline,992835
baseline,1026150
baseline,929322
baseline,950415
baseline,938915
baseline,1040930
baseline,1046417
baseline,1007604
baseline,989671
baseline,778597
baseline,1103305
baseline,870656
baseline,1027862
baseline,957401
baseline,854583
baseline,971526
baseline,845447
baseline,901032
baseline,1183470
baseline,831461
baseline,983938
baseline,936048
baseline,1013267
baseline,1082605
baseline,932529
baseline,962207
baseline,1070734
baseline,1016472
baseline,1037329
baseline,1037651
baseline,921763
baseline,972624
baseline,1177504
baseline,862188
baseline,1003792
baseline,1030529
baseline,990727
baseline,1020804
baseline,1014993
baseline,848119
baseline,817097
baseline,988389
baseline,1064199
baseline,872100
baseline,995629
baseline,849674
baseline,1006172
baseline,883226
baseline,894410
baseline,1057334
baseline,948475
baseline,1052644
baseline,840242
baseline,1007689
baseline,1170839
baseline,969095
baseline,1062922
baseline,1048301
baseline,1015139
baseline,1028757
baseline,1172784
baseline,1041286
baseline,1029851
baseline,1082191
baseline,1085613
baseline,1066099
baseline,1110022
baseline,956709
baseline,812200
baseline,964680
baseline,1143676
baseline,927518
baseline,1167548
baseline,1019746
baseline,1079822
baseline,910961
baseline,1172041
baseline,978118
baseline,982196
baseline,1061579
baseline,903322
baseline,1076586
baseline,836327
baseline,898180
baseline,1086594
baseline,1053525
baseline,932959
baseline,942162
baseline,939256
baseline,1074317
baseline,1239890
baseline,924606
baseline,1066091
baseline,1011519
baseline,1141897
baseline,1221570
baseline,1059429
baseline,783311
baseline,1084366
baseline,934285
baseline,851551
baseline,947055
baseline,799479
baseline,1224796
baseline,1158096
baseline,998085
baseline,994951
baseline,1011362
baseline,1208113
baseline,1023042
baseline,961131
baseline,961110
baseline,1081043
baseline,1093351
baseline,998583
baseline,826033
baseline,920396
baseline,951378
baseline,1015657
baseline,960089
baseline,882756
baseline,1011607
baseline,928236
baseline,1116640
baseline,1133433
baseline,1012535
baseline,812672
baseline,1022702
baseline,1092227
baseline,993906
baseline,979910
baseline,939030
baseline,981729
baseline,906152
baseline,881706
baseline,977902
baseline,1013525
baseline,878647
baseline,939822
baseline,1075847
baseline,1027032
baseline,1060757
baseline,1040260
baseline,997249
baseline,937585
baseline,1005837
baseline,891129
baseline,992020
baseline,989761
baseline,955782
baseline,1099077
baseline,1065511
baseline,968624
baseline,929966
baseline,983295
baseline,1047218
baseline,1032007
baseline,1114834
baseline,942978
baseline,1023805
baseline,1026391
baseline,850114
baseline,937656
baseline,1067246
baseline,1013520
baseline,1040333
baseline,922895
baseline,1026773
baseline,926018
baseline,1172531
baseline,1060752
baseline,954380
baseline,915364
baseline,878209
baseline,887655
baseline,868726
baseline,1032400
baseline,1052464
baseline,1191529
baseline,969896
baseline,1132718
baseline,1033079
baseline,914046
baseline,1034622
baseline,1022982
baseline,866264
baseline,898901
baseline,782358
baseline,1011821
baseline,720086
baseline,999417
baseline,963361
baseline,1063769
baseline,1065465
baseline,924467
baseline,1008125
baseline,950287
baseline,922896
baseline,958648
baseline,1065603
baseline,1009109
baseline,1142400
baseline,864328
baseline,949571
baseline,777300
baseline,1094143
baseline,972648
baseline,1033542
baseline,1097424
baseline,1140836
baseline,941410
baseline,962751
baseline,879981
baseline,988569
baseline,871346
baseline,940421
baseline,925440
baseline,937842
baseline,1039862
baseline,892524
baseline,1154604
baseline,1039260
baseline,1011015
baseline,816559
baseline,1098788
baseline,1043950
baseline,1168819
baseline,966451
baseline,1008711
baseline,1076071
baseline,1105880
baseline,921833
baseline,972469
baseline,938725
baseline,1123330
baseline,903318
baseline,952169
baseline,987771
baseline,968532
baseline,943605
baseline,1056378
baseline,1000940
baseline,984405
baseline,871475
baseline,1094519
baseline,951409
baseline,974773
baseline,1100040
baseline,888149
baseline,974606
baseline,915538
baseline,983828
baseline,963741
baseline,1282544
baseline,961614
baseline,882023
baseline,1130601
baseline,839029
baseline,1101921
baseline,1024145
baseline,1026702
baseline,1003000
baseline,991329
baseline,1011354
baseline,839437
baseline,986204
baseline,971268
baseline,925084
baseline,986275
baseline,994695
baseline,967455
baseline,1041550
baseline,889043
baseline,854021
baseline,971740
baseline,905847
baseline,1039957
baseline,1049684
baseline,997664
baseline,1337217
baseline,1037676
baseline,924106
baseline,911221
baseline,1128674
baseline,923074
baseline,904459
baseline,843959
baseline,952614
baseline,1203101
baseline,999560
baseline,867861
baseline,1057381
baseline,1026131
baseline,1032430
baseline,1032528
baseline,910499
baseline,1166436
baseline,1005245
baseline,1131022
baseline,965552
baseline,853107
baseline,1055988
baseline,1113189
baseline,1039916
baseline,886353
baseline,1025160
baseline,1001262
baseline,1013243
baseline,1034916
baseline,924956
baseline,931341
baseline,932782
baseline,1013172
baseline,1215006
baseline,849352
baseline,1222883
baseline,871855
baseline,913125
baseline,930654
baseline,911819
baseline,1079629
baseline,1009473
baseline,990920
baseline,858878
baseline,975933
baseline,1088575
baseline,914903
baseline,975013
baseline,1063500
baseline,1063407
baseline,758656
baseline,880749
baseline,957205
baseline,1069869
baseline,963266
baseline,959048
baseline,949158
baseline,933254
baseline,1034360
baseline,968556
baseline,1056759
baseline,930746
baseline,1036540
baseline,940005
baseline,942562
baseline,1095127
baseline,1084671
baseline,987804
baseline,1139190
baseline,1079993
baseline,911178
baseline,993127
baseline,1000530
baseline,1042643
baseline,1083569
baseline,1016688
baseline,888723
baseline,1098568
baseline,913540
baseline,1038430
baseline,987306
baseline,1036371
baseline,1061319
baseline,1202948
baseline,839095
baseline,1049024
baseline,962410
baseline,1025370
baseline,1136221
baseline,1047926
baseline,854127
baseline,980157
baseline,1091906
baseline,885330
baseline,1157874
baseline,892012
baseline,931520
baseline,930982
baseline,969553
baseline,1185974
baseline,1002261
baseline,1061145
baseline,968406
baseline,726067
baseline,913727
baseline,1045357
baseline,1048866
baseline,950028
baseline,975429
baseline,972454
baseline,996129
baseline,883850
baseline,890428
baseline,1137845
baseline,1045813
baseline,827026
baseline,933430
baseline,893097
baseline,978968
baseline,930463
baseline,1128867
baseline,991468
baseline,1033219
baseline,1116583
baseline,911630
baseline,1123183
baseline,1336560
baseline,865088
baseline,903155
baseline,920470
baseline,883215
baseline,977898
baseline,924959
baseline,888081
baseline,983968
baseline,858350
baseline,976271
baseline,734270
baseline,881200
baseline,1097886
baseline,934669
baseline,963315
baseline,967443
baseline,911224
baseline,910136
baseline,993052
baseline,848579
baseline,986859
baseline,830961
baseline,1019943
baseline,1044691
baseline,960530
baseline,1037693
baseline,1090074
baseline,1038079
baseline,1080104
baseline,1009369
baseline,1040129
baseline,1117921
baseline,842053
baseline,959155
baseline,897990
baseline,1071371
baseline,1134337
baseline,1058942
baseline,958644
baseline,970453
baseline,976574
baseline,766365
baseline,959988
baseline,845359
baseline,1232377
baseline,777113
baseline,936935
baseline,941646
baseline,1062075
baseline,950597
baseline,1168952
baseline,848995
baseline,1180783
baseline,1013056
baseline,1067485
baseline,972546
baseline,956313
baseline,1015547
baseline,968808
baseline,963756
baseline,894904
baseline,1057634
baseline,1122551
baseline,851037
baseline,982810
baseline,1019627
baseline,930189
baseline,790513
baseline,976023
baseline,989842
baseline,972803
baseline,1067873
baseline,1014670
baseline,927883
baseline,938553
baseline,974484
baseline,945355
baseline,1190815
baseline,1002058
baseline,1108550
baseline,908983
baseline,934051
baseline,902835
baseline,1173718
baseline,1117779
baseline,1042142
baseline,972742
baseline,978492
baseline,989624
baseline,976910
baseline,1046178
baseline,937385
baseline,1001364
baseline,886667
baseline,942305
baseline,896272
baseline,958415
baseline,906250
baseline,990550
baseline,890502
baseline,1055670
baseline,1044888
baseline,974147
baseline,991784
baseline,1066262
baseline,1015739
baseline,1198947
baseline,1014513
baseline,914245
baseline,961168
baseline,1101973
baseline,979782
baseline,988600
baseline,927141
baseline,910840
baseline,951126
baseline,1069024
baseline,1043815
baseline,986321
baseline,1231865
baseline,880913
baseline,1128511
baseline,1200180
baseline,951698
baseline,1061867
baseline,1031366
baseline,812053
baseline,1001247
baseline,955203
baseline,807189
baseline,991316
baseline,1138667
baseline,1048568
baseline,1071931
baseline,914726
baseline,997825
baseline,957114
baseline,868245
baseline,905302
baseline,985550
baseline,963056
baseline,922149
baseline,962715
baseline,1099986
baseline,1050300
baseline,1112315
baseline,1291051
baseline,935262
baseline,967915
baseline,936368
baseline,958061
baseline,1071365
baseline,889843
baseline,1092689
baseline,815510
baseline,772309
baseline,957943
baseline,843048
baseline,983786
baseline,974348
baseline,995817
baseline,849607
baseline,967169
baseline,894053
baseline,1065129
baseline,994950
baseline,899744
baseline,1033239
baseline,1178851
baseline,1034167
baseline,999033
baseline,1104031
baseline,827227
baseline,1131725
baseline,982936
baseline,1027988
baseline,912078
baseline,958540
baseline,942373
baseline,939881
baseline,914382
baseline,1020368
baseline,1105334
baseline,1006017
baseline,1076279
baseline,965007
baseline,870432
baseline,1164962
baseline,1013182
baseline,959818
baseline,982990
baseline,831045
baseline,1057264
baseline,1157994
baseline,1121098
baseline,1064634
baseline,967023
baseline,1049825
baseline,1050244
baseline,989269
baseline,873028
baseline,916818
baseline,907530
baseline,909425
baseline,1059672
baseline,972752
baseline,974676
baseline,980892
baseline,874198
baseline,1030628
baseline,1041253
baseline,846115
baseline,783880
baseline,1170670
baseline,907997
baseline,902968
baseline,770764
baseline,981316
baseline,1118302
baseline,1161662
baseline,961263
baseline,1065013
baseline,851910
baseline,1043109
baseline,820240
baseline,897215
baseline,971847
baseline,1019452
baseline,963502
baseline,993299
baseline,1004845
baseline,973323
baseline,1028321
baseline,1253500
baseline,900995
baseline,836242
baseline,916575
baseline,949535
baseline,1139666
baseline,905701
baseline,1041246
baseline,1017078
baseline,1092448
baseline,1035644
baseline,927447
baseline,1144638
baseline,894411
baseline,1116112
baseline,1138283
baseline,863550
baseline,955209
baseline,1052952
baseline,1153220
baseline,987712
baseline,908593
baseline,1006673
baseline,1027030
baseline,1101384
baseline,1056780
baseline,890568
baseline,770905
baseline,1111458
baseline,970455
baseline,883050
baseline,1118052
baseline,958359
baseline,961974
baseline,1095278
baseline,892716
baseline,1119513
baseline,913576
baseline,998956
baseline,839357
baseline,1018353
baseline,1020986
baseline,863490
baseline,909061
baseline,870247
baseline,1032067
baseline,918809
baseline,927841
baseline,885550
baseline,938455
baseline,916849
baseline,1033783
baseline,1057825
baseline,1049575
baseline,987760
baseline,1030872
baseline,1087956
baseline,958761
baseline,1155067
baseline,829055
baseline,931047
baseline,1268454
baseline,836187
baseline,946141
baseline,886428
baseline,1037854
baseline,907584
baseline,990421
baseline,984883
baseline,821434
baseline,1024469
baseline,805265
baseline,929278
baseline,1250750
baseline,901522
baseline,1029685
baseline,1038216
baseline,880544
baseline,966335
baseline,980453
baseline,1162601
baseline,1021703
baseline,840165
baseline,994962
baseline,884731
baseline,1012449
baseline,1194172
baseline,1107901
baseline,983902
baseline,976515
baseline,850042
baseline,1028793
baseline,1091184
baseline,991551
baseline,992373
baseline,975118
baseline,859204
baseline,962936
baseline,887329
baseline,814711
baseline,948945
baseline,961093
baseline,913319
baseline,1038926
baseline,875693
baseline,940063
baseline,1043142
baseline,1035493
baseline,1033892
baseline,1022960
baseline,1170500
baseline,1085039
baseline,900804
baseline,1003060
baseline,981172
baseline,847530
baseline,1043624
baseline,1093340
baseline,1005027
baseline,1048501
baseline,997310
baseline,972487
baseline,825756
baseline,957448
baseline,1003849
baseline,761462
baseline,1029555
baseline,906998
baseline,1082325
baseline,945301
baseline,1082525
baseline,1118931
baseline,1007394
baseline,885777
baseline,967546
baseline,829989
baseline,1179583
baseline,1048622
baseline,962023
baseline,888754
baseline,963514
baseline,1064098
baseline,871227
baseline,917749
baseline,997846
baseline,975057
baseline,923887
baseline,827195
baseline,995508
baseline,1153099
baseline,982197
baseline,940012
baseline,872787
baseline,894486
baseline,977654
baseline,885788
baseline,987133
baseline,1153289
baseline,995503
baseline,945043
baseline,1136276
baseline,994891
baseline,949829
baseline,862896
baseline,881681
baseline,889047
baseline,948468
baseline,1000889
baseline,953630
baseline,821266
baseline,888660
baseline,871288
baseline,967644
baseline,866395
baseline,1076859
baseline,932338
baseline,1014929
baseline,907543
baseline,1025061
baseline,954151
baseline,991976
baseline,899968
baseline,928475
baseline,1024965
baseline,964461
baseline,851135
baseline,1057659
baseline,1225368
baseline,1124804
baseline,1021590
baseline,873035
baseline,906581
baseline,907239
baseline,930933
baseline,932225
baseline,933894
baseline,978279
baseline,970746
baseline,1063612
baseline,962518
baseline,965592
baseline,915994
baseline,1016036
baseline,897225
baseline,929505
baseline,1080283
baseline,948695
baseline,959563
baseline,915648
baseline,1056786
baseline,765481
baseline,1012209
baseline,748446
baseline,891946
baseline,839166
baseline,882914
baseline,937355
baseline,1046374
baseline,1038580
baseline,1163941
baseline,1080894
baseline,818924
baseline,1027501
baseline,863349
baseline,821491
baseline,930754
baseline,984123
baseline,965646
baseline,927198
baseline,1100692
baseline,884816
baseline,996787
baseline,1096245
baseline,926244
baseline,952233
baseline,988628
baseline,954380
baseline,1056387
baseline,999297
baseline,969878
baseline,829056
baseline,1025754
baseline,932327
baseline,976450
baseline,1006454
baseline,892509
baseline,885046
baseline,1006736
baseline,971513
baseline,910394
baseline,918494
baseline,1107071
baseline,999968
baseline,1071329
baseline,997792
baseline,1019441
baseline,1156376
baseline,1013222
baseline,1105310
baseline,862005
baseline,990535
baseline,875749
baseline,939273
baseline,953653
baseline,1247017
baseline,1046088
baseline,1061833
baseline,1030546
baseline,1035230
baseline,987313
baseline,752137
baseline,951850
baseline,1073742
baseline,935463
baseline,912923
baseline,868359
baseline,926731
baseline,948739
baseline,1097014
baseline,890463
baseline,960932
baseline,840581
baseline,787341
baseline,958629
baseline,1071504
baseline,1287393
baseline,1293378
baseline,1143147
baseline,975411
baseline,956279
baseline,1052183
baseline,977851
baseline,976390
baseline,1007674
baseline,984583
baseline,1062079
baseline,1305695
baseline,886617
baseline,948393
baseline,1040533
baseline,954209
baseline,890930
baseline,888691
baseline,934772
baseline,910108
baseline,1076647
baseline,847634
baseline,956317
baseline,903757
baseline,786070
baseline,956401
baseline,982560
baseline,1041877
baseline,938805
baseline,894478
baseline,967006
baseline,1059038
baseline,1008837
baseline,944013
baseline,811043
baseline,895897
baseline,1044380
baseline,1077813
baseline,984866
baseline,929492
baseline,825198
baseline,1035752
baseline,994189
baseline,946084
baseline,1036906
baseline,1023333
baseline,794929
baseline,906155
baseline,920096
baseline,951927
baseline,1038153
baseline,936710
baseline,1017401
baseline,892200
baseline,1035501
baseline,1226576
baseline,942810
baseline,1033183
baseline,1036184
baseline,1099309
baseline,978760
baseline,1059600
baseline,912336
baseline,963827
baseline,1023104
baseline,1067181
baseline,954132
baseline,894917
baseline,1094420
baseline,964079
baseline,945251
baseline,1111704
baseline,813138
baseline,1275105
baseline,1056765
baseline,873706
baseline,1029825
baseline,970621
baseline,912251
baseline,983495
baseline,901505
baseline,864224
baseline,881516
baseline,928865
baseline,862421
baseline,1050140
baseline,1046702
baseline,962633
baseline,954591
baseline,923615
baseline,934016
baseline,968718
baseline,942017
baseline,916263
baseline,1118216
baseline,1018316
baseline,897581
baseline,1176323
baseline,848809
baseline,970580
baseline,987309
baseline,843461
baseline,1055372
baseline,859194
baseline,952838
baseline,1051302
baseline,1196584
baseline,900650
baseline,1085002
baseline,929308
baseline,1019986
baseline,1022049
baseline,997973
baseline,909382
baseline,874617
baseline,1027976
baseline,911499
baseline,1185237
baseline,1036723
baseline,981525
baseline,1059546
baseline,916444
baseline,992302
baseline,982450
baseline,1128087
baseline,925552
baseline,1071508
baseline,967100
baseline,799724
baseline,900702
baseline,923638
baseline,849514
baseline,904334
baseline,994225
baseline,898027
baseline,896837
baseline,968133
baseline,923315
baseline,790872
baseline,1120599
baseline,1128654
baseline,1105235
baseline,1071547
baseline,1286426
baseline,867100
baseline,1032891
baseline,1120619
baseline,966669
baseline,972313
baseline,938637
baseline,1047909
baseline,1017623
baseline,952667
baseline,862621
baseline,1119895
baseline,978955
baseline,902689
baseline,1064801
baseline,979087
baseline,994314
baseline,1049422
baseline,1147519
baseline,1001134
baseline,1019030
baseline,903700
baseline,982863
baseline,935271
baseline,993667
baseline,834387
baseline,951008
baseline,1096675
baseline,913301
baseline,955712
baseline,856553
baseline,1008431
baseline,1090673
baseline,1144156
baseline,999419
baseline,990814
baseline,948591
baseline,1073061
baseline,1124318
baseline,984911
baseline,1112012
baseline,1071477
baseline,880448
baseline,944249
baseline,872341
baseline,923582
baseline,998750
baseline,1119603
baseline,985437
baseline,824026
baseline,957153
baseline,1036830
baseline,1098326
baseline,1149613
baseline,1147955
baseline,917130
baseline,967208
baseline,918920
baseline,963464
baseline,836276
baseline,941378
baseline,1159205
baseline,957694
baseline,977241
baseline,1258426
baseline,810512
baseline,1142179
baseline,1160619
baseline,1042328
baseline,943578
baseline,1051957
baseline,1178613
baseline,941306
baseline,946494
baseline,997552
baseline,1090581
baseline,870563
baseline,1201489
baseline,944163
baseline,994329
baseline,938769
baseline,982703
baseline,1086754
baseline,1121689
baseline,958418
baseline,937555
baseline,969545
baseline,1014567
baseline,1068821
baseline,1030916
baseline,1008759
baseline,912047
baseline,1002439
baseline,924601
baseline,975801
baseline,943791
baseline,1003276
baseline,933358
baseline,1036028
baseline,1034050
baseline,1102837
baseline,977176
baseline,914721
baseline,1017666
baseline,1046124
baseline,1012740
baseline,917671
baseline,983780
baseline,1054970
baseline,1102835
baseline,936742
baseline,893676
baseline,1020023
baseline,1064824
baseline,935413
baseline,914618
baseline,1225384
baseline,1000338
baseline,915933
baseline,1080255
baseline,1015439
baseline,790924
baseline,1016858
baseline,1123861
baseline,995271
baseline,1005614
baseline,750919
baseline,773250
baseline,928876
baseline,936987
baseline,969241
baseline,1095701
baseline,999143
baseline,920025
baseline,984293
baseline,932788
baseline,1021811
baseline,1153568
baseline,1040594
baseline,1038940
baseline,938673
baseline,962628
baseline,1095934
baseline,929405
baseline,1019759
baseline,947253
baseline,1043865
baseline,872419
baseline,1069853
baseline,855019
baseline,1043539
baseline,1031186
baseline,820694
baseline,1023950
baseline,949433
baseline,1002803
baseline,960899
baseline,1237165
baseline,1035064
baseline,910627
baseline,921455
baseline,1029571
baseline,950910
baseline,996452
baseline,1138005
baseline,1061683
baseline,1214088
baseline,922935
baseline,944019
baseline,1083051
baseline,898711
baseline,993506
baseline,914834
baseline,1085560
baseline,1223547
baseline,884357
baseline,886748
baseline,925375
baseline,1092631
baseline,971430
baseline,996478
baseline,802467
baseline,805496
baseline,936383
baseline,989766
baseline,932444
baseline,939044
baseline,1034641
baseline,1193041
baseline,1241034
baseline,1036454
baseline,1094543
baseline,917258
baseline,979379
baseline,917862
baseline,1120855
baseline,1073583
baseline,958276
baseline,1020585
baseline,1052007
baseline,1011761
baseline,984791
baseline,1008795
baseline,852378
baseline,765733
baseline,991179
baseline,1089726
baseline,923774
baseline,832441
baseline,896158
baseline,1020394
baseline,829727
baseline,1111243
baseline,1007283
baseline,1273879
baseline,1014708
baseline,1088712
baseline,1066507
baseline,836280
baseline,875291
baseline,1133941
baseline,1363127
baseline,1096088
baseline,780947
baseline,1023557
baseline,1037850
baseline,945536
baseline,1087867
baseline,1111729
baseline,866342
baseline,864098
baseline,877467
baseline,965264
baseline,1102733
baseline,979213
baseline,904523
baseline,992333
baseline,976080
baseline,980999
baseline,951134
baseline,1129167
baseline,939428
baseline,917249
baseline,818630
baseline,941025
baseline,958331
baseline,1181010
baseline,1098933
baseline,928335
baseline,1028324
baseline,1055634
baseline,1078929
baseline,1068982
baseline,972233
baseline,879475
baseline,958272
baseline,905731
baseline,903477
baseline,1029296
baseline,1109512
baseline,953801
baseline,958518
baseline,974036
baseline,1042353
baseline,981686
baseline,1129489
baseline,829229
baseline,983517
baseline,1022106
baseline,842961
baseline,913679
baseline,959968
baseline,1116605
baseline,1013903
baseline,761414
baseline,1033497
baseline,986760
baseline,978428
baseline,1012913
baseline,967375
baseline,1111259
baseline,1106311
baseline,997460
baseline,1058817
baseline,1051218
baseline,886425
baseline,988977
baseline,1092703
baseline,1112612
baseline,867756
baseline,1139910
baseline,996586
baseline,1145551
baseline,1078842
baseline,930974
baseline,799714
baseline,882261
baseline,1075959
baseline,1257305
baseline,971589
baseline,1085529
baseline,958394
baseline,1126059
baseline,935899
baseline,1009813
baseline,870682
baseline,1037458
baseline,958193
baseline,963726
baseline,1022366
baseline,1056028
baseline,942693
baseline,929328
baseline,1052865
baseline,1044698
baseline,1191545
baseline,1000392
baseline,974385
baseline,910571
baseline,882874
baseline,1070183
baseline,849247
baseline,857396
baseline,1089440
baseline,975210
baseline,994011
baseline,935135
baseline,935605
baseline,1140985
baseline,1063125
baseline,932292
baseline,955015
baseline,1002901
baseline,1147033
baseline,1061621
baseline,1080939
baseline,1061692
baseline,1009301
baseline,1023837
baseline,1129240
baseline,995001
baseline,1025254
baseline,985790
baseline,970422
baseline,1017799
baseline,1225820
baseline,926538
baseline,890100
baseline,910850
baseline,947420
baseline,960667
baseline,935356
baseline,909629
baseline,1026770
baseline,930853
baseline,998821
baseline,932672
baseline,929787
baseline,793077
baseline,1024487
baseline,859530
baseline,1010716
baseline,904455
baseline,1052657
baseline,1085360
baseline,954866
baseline,1276747
baseline,1020371
baseline,1109786
baseline,1027563
baseline,997132
baseline,1187822
baseline,865492
baseline,921002
baseline,1018208
baseline,1082151
baseline,981992
baseline,923591
baseline,981115
baseline,1090107
baseline,864929
baseline,1013903
baseline,1001159
baseline,1083965
baseline,792082
baseline,994232
baseline,985093
baseline,1000059
baseline,971992
baseline,943379
baseline,1088187
baseline,1144076
baseline,914877
baseline,969251
baseline,878254
baseline,839582
baseline,1066744
baseline,879204
baseline,1018724
baseline,906150
baseline,981859
baseline,894912
baseline,1021381
baseline,984262
baseline,882434
baseline,1160929
baseline,909142
baseline,927226
baseline,1213836
baseline,976378
baseline,1084249
baseline,1105835
baseline,939861
baseline,1022444
baseline,1030829
baseline,976480
baseline,837031
baseline,1234051
baseline,1043094
baseline,966232
baseline,974508
baseline,988226
baseline,956545
baseline,979336
baseline,954095
baseline,1194810
baseline,1053497
baseline,1119054
baseline,884457
baseline,882496
baseline,989676
baseline,1149471
baseline,1040272
baseline,991698
baseline,1089211
baseline,912055
baseline,897257
baseline,924223
baseline,892035
baseline,1006420
baseline,1014486
baseline,1208880
baseline,1013973
baseline,1005595
baseline,914743
baseline,772415
baseline,972031
baseline,765821
baseline,1025847
baseline,798816
baseline,890547
baseline,1030434
baseline,1001486
baseline,1041186
baseline,1049215
baseline,949957
baseline,987466
baseline,977652
baseline,944400
baseline,1060392
baseline,1138382
baseline,905127
baseline,983978
baseline,950347
baseline,911560
baseline,698737
baseline,937109
baseline,1022790
baseline,1100361
baseline,873604
baseline,988222
baseline,1130818
baseline,1000457
baseline,1084566
baseline,910258
baseline,728403
baseline,999202
baseline,1054526
baseline,977633
baseline,962497
baseline,892480
baseline,954418
baseline,960723
baseline,1022699
baseline,958463
baseline,990081
baseline,938238
baseline,941145
baseline,813781
baseline,1006462
baseline,1170146
baseline,947040
baseline,909771
baseline,1088536
baseline,892365
baseline,795775
baseline,886012
baseline,1067551
baseline,1019911
baseline,997951
baseline,1043078
baseline,972752
baseline,977188
baseline,980460
baseline,984443
baseline,915145
baseline,1072542
baseline,952455
baseline,1078829
baseline,919298
baseline,1106770
baseline,1220069
baseline,1166487
baseline,831290
baseline,867362
baseline,863533
baseline,1019843
baseline,929518
baseline,959631
baseline,1264021
baseline,1091474
baseline,938697
baseline,975846
baseline,887871
baseline,1076443
baseline,948214
baseline,919941
baseline,930003
baseline,1040236
baseline,1030732
baseline,811763
baseline,928859
baseline,1001644
baseline,863703
baseline,847441
baseline,1011439
baseline,1062536
baseline,941365
baseline,982615
baseline,1063756
baseline,991525
baseline,867557
baseline,978026
baseline,1180998
baseline,1067277
baseline,863590
baseline,887219
baseline,994508
baseline,909227
baseline,1086423
baseline,1023858
baseline,977438
baseline,1040655
baseline,1104921
baseline,896008
baseline,984244
baseline,980769
baseline,1068542
baseline,1082030
baseline,980392
baseline,1167047
baseline,874992
baseline,916113
baseline,803105
baseline,884409
baseline,957699
baseline,935153
baseline,945661
baseline,916705
baseline,994532
baseline,960157
baseline,1039147
baseline,923926
baseline,1070470
baseline,830827
baseline,1002650
baseline,1106611
baseline,864356
baseline,995515
baseline,973892
baseline,1081480
baseline,975204
baseline,1009910
baseline,880236
baseline,1002986
baseline,921019
baseline,1054511
baseline,814130
baseline,1016346
baseline,927223
baseline,974854
baseline,991460
baseline,983120
baseline,1001276
baseline,1048882
baseline,900007
baseline,964404
baseline,898930
baseline,823621
baseline,915317
baseline,889770
baseline,1158557
baseline,845804
baseline,1023824
baseline,1152835
baseline,1075539
baseline,939428
baseline,977019
baseline,949857
baseline,1282295
baseline,1050209
baseline,1000065
baseline,982893
baseline,939424
baseline,1092782
baseline,877810
baseline,951315
baseline,1073970
baseline,969118
baseline,978984
baseline,1104495
baseline,1026871
baseline,899225
baseline,838663
baseline,918541
baseline,1140949
baseline,888789
baseline,1078573
baseline,906111
baseline,1006614
baseline,946543
baseline,962058
baseline,895294
baseline,1014083
baseline,831738
baseline,932538
baseline,1075820
baseline,1065387
baseline,1037565
baseline,806839
baseline,1152880
baseline,802273
baseline,1016521
baseline,1037611
baseline,901094
baseline,1233945
baseline,1195657
baseline,972716
baseline,820856
baseline,1047706
baseline,1044652
baseline,1084969
baseline,1001868
baseline,1015953
baseline,814136
baseline,931349
baseline,1322976
baseline,831061
baseline,963901
baseline,831160
baseline,874155
baseline,974868
baseline,1028685
baseline,843005
baseline,910449
baseline,934731
baseline,895951
baseline,843196
baseline,1119637
baseline,781406
baseline,933452
baseline,859806
baseline,910605
baseline,1106784
baseline,1066042
baseline,762965
baseline,978038
baseline,767362
baseline,1051631
baseline,991438
baseline,961689
baseline,973792
baseline,965612
baseline,934835
baseline,985850
baseline,1021443
baseline,878594
baseline,1093833
baseline,958824
baseline,878584
baseline,1101304
baseline,1016534
baseline,1162147
baseline,881058
baseline,1133998
baseline,916646
baseline,918211
baseline,858363
baseline,1000474
baseline,969954
baseline,986350
baseline,1019459
baseline,1042191
baseline,1080622
baseline,968273
baseline,872685
baseline,926891
baseline,928817
baseline,878948
baseline,1072820
baseline,1036016
baseline,1064588
baseline,918515
baseline,964826
baseline,1321808
baseline,799833
baseline,977737
baseline,1034725
baseline,1075367
baseline,984714
baseline,1051181
baseline,1040795
baseline,993022
baseline,1189379
baseline,860046
baseline,1070382
baseline,909020
baseline,1084748
baseline,992766
baseline,928990
baseline,1108581
baseline,870182
baseline,937592
baseline,1056488
baseline,1179904
baseline,985728
baseline,965232
baseline,1029621
baseline,1060353
baseline,1159567
baseline,932568
baseline,996592
baseline,1040496
baseline,913376
baseline,1004451
baseline,829266
baseline,1157504
baseline,822984
baseline,1066620
baseline,844308
baseline,944211
baseline,1049795
baseline,944408
baseline,982085
baseline,960619
baseline,1113743
baseline,948840
baseline,1216601
baseline,939857
baseline,1005742
baseline,886955
baseline,914137
baseline,941896
baseline,867648
baseline,1014527
baseline,1013298
baseline,1057531
baseline,989831
baseline,840084
baseline,1018228
baseline,988277
baseline,935189
baseline,1057552
baseline,798781
baseline,942522
baseline,965053
baseline,932285
baseline,949474
baseline,1051152
baseline,986769
baseline,862629
baseline,1089864
baseline,897741
baseline,890266
baseline,961488
baseline,1012074
baseline,1130542
baseline,918807
baseline,923410
baseline,1053801
baseline,911651
baseline,928758
baseline,1100394
baseline,1071317
baseline,1042934
baseline,978856
baseline,922740
baseline,905283
baseline,785035
baseline,1017193
baseline,1012159
baseline,1005152
baseline,1194851
baseline,947940
baseline,888706
baseline,910139
baseline,999947
baseline,1055165
baseline,946568
baseline,1008564
baseline,857783
baseline,944954
baseline,1002514
baseline,1036296
baseline,1030262
baseline,949490
baseline,963765
baseline,1080528
baseline,940859
baseline,993856
baseline,969691
baseline,1064502
baseline,935214
baseline,1072811
baseline,974750
baseline,1036032
baseline,1103338
baseline,1024358
baseline,930513
baseline,1061556
baseline,956168
baseline,909653
baseline,946518
baseline,953580
baseline,917912
baseline,965326
baseline,1006202
baseline,805778
baseline,905709
baseline,907970
baseline,926519
baseline,1156841
baseline,967575
baseline,1034319
baseline,1008598
baseline,967443
baseline,958504
baseline,1126115
baseline,1051110
baseline,1044578
baseline,969380
baseline,1011696
baseline,947024
baseline,929300
baseline,1147455
baseline,1077413
baseline,1042539
baseline,899414
baseline,1036145
baseline,910062
baseline,994183
baseline,841773
baseline,1005294
baseline,1032514
baseline,1081464
baseline,990762
baseline,970316
baseline,931672
baseline,957513
baseline,885919
baseline,993242
baseline,1055865
baseline,969488
baseline,1201365
baseline,952797
baseline,895905
baseline,945673
baseline,1136986
baseline,1012698
baseline,906097
baseline,988670
baseline,1087334
baseline,963528
baseline,928830
baseline,874009
baseline,832445
baseline,1107948
baseline,841519
baseline,1168996
baseline,1120971
baseline,936946
baseline,1050251
baseline,877290
baseline,1017106
baseline,1005473
baseline,910595
baseline,879299
baseline,897473
baseline,878227
baseline,1032594
baseline,1036225
baseline,952245
baseline,1066949
baseline,1057248
baseline,1009069
baseline,1134425
baseline,1184113
baseline,1032069
baseline,1091491
baseline,918982
baseline,1029828
baseline,1226676
baseline,1044554
baseline,1110961
baseline,1038066
baseline,921868
baseline,1046018
baseline,1029481
baseline,850913
baseline,846437
baseline,897767
baseline,922294
baseline,897135
baseline,1072452
baseline,1041125
baseline,837197
baseline,914618
baseline,949288
baseline,1019911
baseline,950976
baseline,805166
baseline,974191
baseline,1140677
baseline,904048
baseline,1029630
baseline,1205047
baseline,938744
baseline,1226588
baseline,941589
baseline,1027340
baseline,1022843
baseline,1080429
baseline,1000865
baseline,987781
baseline,1088682
baseline,900208
baseline,858840
baseline,801214
baseline,1046194
baseline,1158930
baseline,877929
baseline,1077433
baseline,1069172
baseline,996955
baseline,1082894
baseline,977497
baseline,1045508
baseline,1084257
baseline,967651
baseline,1056079
baseline,971889
baseline,898565
baseline,961148
baseline,954896
baseline,955883
baseline,1063332
baseline,1019009
baseline,1121407
baseline,1067870
baseline,945788
baseline,868876
baseline,880107
baseline,912615
baseline,847391
baseline,876977
baseline,983314
baseline,1110350
baseline,1123133
baseline,1009170
baseline,999647
baseline,1069872
baseline,979113
baseline,936270
baseline,847751
baseline,1081031
baseline,833354
baseline,1023823
baseline,801517
baseline,1044040
baseline,1033913
baseline,998173
baseline,992117
baseline,1009497
baseline,869583
baseline,1030948
baseline,995596
baseline,991721
baseline,1133482
baseline,1008103
baseline,865369
baseline,981799
baseline,1010544
baseline,1022859
baseline,1096391
baseline,824251
baseline,990529
baseline,1003918
baseline,952438
baseline,881922
baseline,951463
baseline,1028957
baseline,972546
baseline,1016298
baseline,899466
baseline,1119294
baseline,963358
baseline,821872
baseline,889949
baseline,965122
baseline,826241
baseline,997651
baseline,1110985
baseline,1005099
baseline,1044584
baseline,1067230
baseline,876572
baseline,917291
baseline,1119039
baseline,844426
baseline,867602
baseline,1025413
baseline,1400661
baseline,1009067
baseline,1023444
baseline,998069
baseline,1110790
baseline,861320
baseline,914885
baseline,1064009
baseline,910127
baseline,1093400
baseline,970647
baseline,965811
baseline,1057621
baseline,996576
baseline,860607
baseline,1036528
baseline,1231550
baseline,1216447
baseline,901042
baseline,805736
baseline,818447
baseline,977129
baseline,1137119
baseline,1035802
baseline,1055010
baseline,955211
baseline,1009523
baseline,1019233
baseline,857830
baseline,1130682
baseline,871791
baseline,986728
baseline,1087532
baseline,918041
baseline,912991
baseline,1062119
baseline,1049408
baseline,1097558
baseline,903194
baseline,914648
baseline,944165
baseline,1061767
baseline,1076649
baseline,811977
baseline,1081304
baseline,1129464
baseline,932805
baseline,1002508
baseline,869682
baseline,876548
baseline,1014198
baseline,900063
baseline,1105039
baseline,1101679
baseline,1348130
baseline,1185398
baseline,1219472
baseline,1111110
baseline,1051379
baseline,1026708
baseline,928792
baseline,980970
baseline,907803
baseline,990796
baseline,1039482
baseline,865511
baseline,1095205
baseline,1146101
baseline,930644
baseline,865979
baseline,1162772
baseline,1042498
baseline,1091244
baseline,1000974
baseline,942248
baseline,870506
baseline,1161612
baseline,1062606
baseline,1013516
baseline,810678
baseline,1065659
baseline,937822
baseline,1043860
baseline,1051936
baseline,923521
baseline,904433
baseline,867834
baseline,966706
baseline,1057136
baseline,842033
baseline,1201751
baseline,974780
baseline,851990
baseline,915346
baseline,1029918
baseline,1138118
baseline,1033183
baseline,1054374
baseline,877860
baseline,1131514
baseline,992498
baseline,1038114
baseline,1000615
baseline,1007551
baseline,874670
baseline,999128
baseline,947537
baseline,910000
baseline,1138397
baseline,841498
baseline,888597
baseline,1107991
baseline,967083
baseline,888168
baseline,872754
baseline,952516
baseline,938613
baseline,1032772
baseline,1097789
baseline,893038
baseline,985164
baseline,1089108
baseline,1089853
baseline,1058393
baseline,1101523
baseline,1008372
baseline,884005
baseline,1012864
baseline,956795
baseline,1100665
baseline,1047178
baseline,1115082
baseline,826991
baseline,1136849
baseline,996682
baseline,963713
baseline,1070978
baseline,1060872
baseline,925503
baseline,1081324
baseline,838110
baseline,959132
baseline,1091562
baseline,1144426
baseline,1032876
baseline,884012
baseline,809270
baseline,854404
baseline,1117744
baseline,1011114
baseline,1009887
baseline,965473
baseline,1092151
baseline,918224
baseline,1027057
baseline,1002769
baseline,814337
baseline,894733
baseline,1046005
baseline,898053
baseline,999993
baseline,1084184
baseline,924148
baseline,1202788
baseline,1058784
baseline,1022118
baseline,1064163
baseline,1112906
baseline,1022427
baseline,993771
baseline,1009517
baseline,1024777
baseline,973745
baseline,1037276
baseline,979680
baseline,857920
baseline,951759
baseline,1049418
baseline,959872
baseline,1018597
baseline,1032551
baseline,948241
baseline,1184878
baseline,1056825
baseline,1080172
baseline,1065443
baseline,990325
baseline,905142
baseline,1054982
baseline,904362
baseline,1104969
baseline,904734
baseline,1157126
baseline,1175395
baseline,921682
baseline,1071650
baseline,1000612
baseline,944458
baseline,1071144
baseline,1157056
baseline,1133002
baseline,901132
baseline,1033457
baseline,1088806
baseline,993932
baseline,1088983
baseline,803617
baseline,1016275
baseline,1023231
baseline,889910
baseline,964837
baseline,1291070
baseline,1145949
baseline,1036965
baseline,895767
baseline,930817
baseline,754847
baseline,905204
baseline,923868
baseline,1137472
baseline,1001720
baseline,1119183
baseline,980858
baseline,894650
baseline,835052
baseline,1207450
baseline,1102911
baseline,1089266
baseline,968423
baseline,911475
baseline,1139493
baseline,981518
baseline,1144058
baseline,921569
baseline,1103718
baseline,1086449
baseline,1135865
baseline,987958
baseline,944999
baseline,1056969
baseline,1055330
baseline,1077232
baseline,930971
baseline,1005737
baseline,937126
baseline,839123
baseline,981463
baseline,907987
baseline,1031152
baseline,1121037
baseline,1071407
baseline,894427
baseline,1065059
baseline,1082754
baseline,850201
baseline,858631
baseline,997896
baseline,1094192
baseline,980359
baseline,932396
baseline,1213342
baseline,1082474
baseline,960122
baseline,901762
baseline,995430
baseline,904943
baseline,1163477
baseline,1014812
baseline,1049841
baseline,1166574
baseline,968318
baseline,1103042
baseline,1091696
baseline,894714
baseline,995187
baseline,1049441
baseline,908996
baseline,982646
baseline,908635
baseline,946001
baseline,829583
baseline,1054914
baseline,992503
baseline,898387
baseline,991316
baseline,996873
baseline,1050048
baseline,898489
baseline,933595
baseline,929563
baseline,868044
baseline,1090533
baseline,917729
baseline,916129
baseline,899757
baseline,855400
baseline,893709
baseline,846032
baseline,957437
baseline,824522
baseline,1040176
baseline,985578
baseline,1061943
baseline,832888
baseline,850346
baseline,1006214
baseline,991960
baseline,1048866
baseline,1116760
baseline,834638
baseline,846117
baseline,924186
baseline,1086037
baseline,1042196
baseline,911354
baseline,1074683
baseline,990891
baseline,814458
baseline,1095865
baseline,1026370
baseline,719396
baseline,1015980
baseline,984693
baseline,1005068
baseline,1073239
baseline,920582
baseline,1484476
baseline,1108752
baseline,893732
baseline,985248
baseline,910855
baseline,836059
baseline,1005941
baseline,908334
baseline,1121152
baseline,1091055
baseline,1093213
baseline,969771
baseline,922016
baseline,859538
baseline,975827
baseline,804151
baseline,1029112
baseline,1028990
baseline,1216324
baseline,849180
baseline,931476
baseline,1018115
baseline,1009740
baseline,1133860
baseline,826873
baseline,970317
baseline,893664
baseline,1181570
baseline,992102
baseline,1204434
baseline,972669
baseline,954357
baseline,943054
baseline,829877
baseline,944130
baseline,877084
baseline,875319
baseline,1058016
baseline,1041279
baseline,958456
baseline,777815
baseline,1129354
baseline,972459
baseline,922644
baseline,1003490
baseline,959496
baseline,1040527
baseline,954845
baseline,1046275
baseline,837142
baseline,947246
baseline,821943
baseline,1113910
baseline,1123947
baseline,1257827
baseline,1024181
baseline,899794
baseline,1068797
baseline,945650
baseline,1106340
baseline,842407
baseline,1122949
baseline,823996
baseline,888388
baseline,935043
baseline,1071972
baseline,1086678
baseline,987391
baseline,914041
baseline,957456
baseline,981893
baseline,1001524
baseline,898238
baseline,1034133
baseline,1108034
baseline,977756
baseline,880550
baseline,970977
baseline,923261
baseline,1211188
baseline,895764
baseline,927849
baseline,967718
baseline,1206211
baseline,957337
baseline,968057
baseline,911404
baseline,1086690
baseline,1011276
baseline,1241112
baseline,986142
baseline,1039945
baseline,970102
baseline,1112494
baseline,791411
baseline,1230482
baseline,954216
baseline,1045494
baseline,964433
baseline,894987
baseline,956308
baseline,979202
baseline,883312
baseline,963139
baseline,879308
baseline,1090091
baseline,944880
baseline,865489
baseline,956826
baseline,1025962
baseline,972088
baseline,942607
baseline,983153
baseline,876197
baseline,1045528
baseline,1165806
baseline,1088219
baseline,1116627
baseline,956960
baseline,880937
baseline,1016125
baseline,974888
baseline,954891
baseline,955113
baseline,982760
baseline,1078599
baseline,1136415
baseline,1033785
baseline,1085198
baseline,1206740
baseline,924483
baseline,976132
baseline,1035843
baseline,911315
baseline,797893
baseline,1112178
baseline,1013153
baseline,1182674
baseline,888264
baseline,1073712
baseline,980226
baseline,1166904
baseline,852277
baseline,853110
baseline,818992
baseline,1023250
baseline,1013865
baseline,1170898
baseline,801220
baseline,894303
baseline,1046639
baseline,867462
baseline,968821
baseline,1203356
baseline,978078
baseline,940272
baseline,951890
baseline,1078033
baseline,888189
baseline,985286
baseline,977254
baseline,1110347
baseline,1135577
baseline,976775
baseline,912847
baseline,876379
baseline,968206
baseline,999742
baseline,1093834
baseline,947527
baseline,1025534
baseline,975357
baseline,1003631
baseline,1084661
baseline,981278
baseline,988640
baseline,1018160
baseline,894229
baseline,1080197
baseline,926635
baseline,801997
baseline,1175738
baseline,980087
baseline,1210444
baseline,977799
baseline,871907
baseline,1111137
baseline,974049
baseline,906919
baseline,821684
baseline,1031116
baseline,927502
baseline,876936
baseline,845315
baseline,1058486
baseline,1143916
baseline,1062530
baseline,914016
baseline,1041429
baseline,1180214
baseline,816380
baseline,902847
baseline,930760
baseline,924980
baseline,1032692
baseline,1022133
baseline,914452
baseline,989729
baseline,912890
baseline,1091026
baseline,880142
baseline,944812
baseline,974206
baseline,1023777
baseline,907062
baseline,959503
baseline,975088
baseline,1036178
baseline,939692
baseline,941398
baseline,1090525
baseline,1010496
baseline,914250
baseline,846480
baseline,1065145
baseline,968530
baseline,970678
baseline,972933
baseline,1026681
baseline,970821
baseline,946295
baseline,936896
baseline,837648
baseline,829616
baseline,885228
baseline,956741
baseline,977135
baseline,953292
baseline,1051246
baseline,931350
baseline,1032668
baseline,1052589
baseline,865606
baseline,977617
baseline,817329
baseline,858033
baseline,1058243
baseline,925564
baseline,1005888
baseline,1017787
baseline,1108504
baseline,968866
baseline,1031017
baseline,865392
baseline,1093169
baseline,1000763
baseline,1050615
baseline,1089848
baseline,1027137
baseline,961593
baseline,989184
baseline,1137497
baseline,1051264
baseline,838128
baseline,1110523
baseline,904842
baseline,892171
baseline,1167618
baseline,1067897
baseline,999849
baseline,838420
baseline,892553
baseline,784707
baseline,1065079
baseline,1078323
baseline,1051321
baseline,1076696
baseline,917089
baseline,1154639
baseline,1103924
baseline,984432
baseline,931327
baseline,887128
baseline,845710
baseline,945938
baseline,883166
baseline,929311
baseline,893088
baseline,841957
baseline,1085879
baseline,852707
baseline,949323
baseline,1130163
baseline,987926
baseline,919679
baseline,871143
baseline,1003857
baseline,903294
baseline,1056667
baseline,1058482
baseline,897343
baseline,1066213
baseline,915503
baseline,1094196
baseline,1039370
baseline,1002298
baseline,947973
baseline,1091150
baseline,1144554
baseline,928418
baseline,1010497
baseline,1079610
baseline,1150053
baseline,1025659
baseline,1036289
baseline,908649
baseline,1070714
baseline,972132
baseline,783780
baseline,954681
baseline,1020460
baseline,874982
baseline,926593
baseline,1097872
baseline,1021863
baseline,958730
baseline,878516
baseline,1012547
baseline,979185
baseline,1008431
baseline,857646
baseline,932210
baseline,1142329
baseline,992957
baseline,953169
baseline,948463
baseline,1010685
baseline,1014553
baseline,1031710
baseline,1114038
baseline,936966
baseline,989763
baseline,850241
baseline,915154
baseline,1229778
baseline,766460
baseline,1172414
baseline,906828
baseline,1034060
baseline,941456
baseline,977145
baseline,1007607
baseline,907847
baseline,971704
baseline,895435
baseline,1094554
baseline,953847
baseline,831141
baseline,830990
baseline,1065580
baseline,837353
baseline,907814
baseline,990628
baseline,894633
baseline,1056154
baseline,1189881
baseline,839078
baseline,1103285
baseline,846475
baseline,1112921
baseline,891947
baseline,945660
baseline,1119610
baseline,979006
baseline,1041249
baseline,793357
baseline,892913
baseline,1077986
baseline,914667
baseline,1043030
baseline,1078397
baseline,1050822
baseline,1009253
baseline,993321
baseline,1075373
baseline,1014983
baseline,1137712
baseline,981301
baseline,1058118
baseline,857756
baseline,1053241
baseline,1013499
baseline,919470
baseline,850671
baseline,914729
baseline,891029
baseline,903190
baseline,1243518
baseline,1105753
baseline,913550
baseline,942717
baseline,924880
baseline,884273
baseline,981105
baseline,964515
baseline,903099
baseline,895780
baseline,1093541
baseline,983494
baseline,927224
baseline,866725
baseline,985344
baseline,819021
baseline,1267528
baseline,851146
baseline,866092
baseline,995337
baseline,867135
baseline,941884
baseline,1089458
baseline,856741
baseline,1056022
baseline,924061
baseline,1017576
baseline,837925
baseline,1036491
baseline,932435
baseline,948851
baseline,962035
baseline,1117166
baseline,1198101
baseline,833154
baseline,1062991
baseline,1028006
baseline,785933
baseline,1079815
baseline,1144461
baseline,1021890
baseline,891305
baseline,924585
baseline,1028355
baseline,1084771
baseline,890606
baseline,1002435
baseline,956165
baseline,1013587
baseline,940945
baseline,1010812
baseline,1018717
baseline,791311
baseline,785568
baseline,970157
baseline,1029589
baseline,901434
baseline,827585
baseline,1057091
baseline,923592
baseline,938533
baseline,976852
baseline,1008886
baseline,1032177
baseline,961294
baseline,1023472
baseline,1107451
baseline,909371
baseline,838072
baseline,958615
baseline,1125668
baseline,1206409
baseline,1144911
baseline,957809
baseline,1104920
baseline,1017427
baseline,977487
baseline,1097713
baseline,946675
baseline,960177
baseline,970487
baseline,980054
baseline,1059038
baseline,859809
baseline,1015074
baseline,1026931
baseline,833967
baseline,920765
baseline,965836
baseline,823169
baseline,899047
baseline,1073456
baseline,943678
baseline,926978
baseline,1089268
baseline,1085032
baseline,939833
baseline,978691
baseline,1032035
baseline,794890
baseline,925787
baseline,939958
baseline,870585
baseline,959061
baseline,1039834
baseline,958663
baseline,906556
baseline,809799
baseline,948787
baseline,994363
baseline,924848
baseline,863715
baseline,953649
baseline,1020706
baseline,884904
baseline,918533
baseline,1057150
baseline,1020708
baseline,999790
baseline,823876
baseline,991292
baseline,957309
baseline,855102
baseline,875589
baseline,980961
baseline,937832
baseline,1131761
baseline,1154181
baseline,1216065
baseline,1018507
baseline,951529
baseline,976043
baseline,906853
baseline,1018002
baseline,861528
baseline,1039004
baseline,799540
baseline,1045773
baseline,1069011
baseline,1080712
baseline,966851
baseline,968373
baseline,907276
baseline,1076779
baseline,951155
baseline,1026528
baseline,897249
baseline,1118402
baseline,907715
baseline,914030
baseline,919999
baseline,995397
baseline,981445
baseline,1027588
baseline,1001179
baseline,1023149
baseline,977635
baseline,1007316
baseline,735875
baseline,1052188
baseline,1054883
baseline,1118432
baseline,975842
baseline,1016744
baseline,945951
baseline,1044421
baseline,1020920
baseline,942942
baseline,795962
baseline,874618
baseline,1163674
baseline,943112
baseline,902844
baseline,934435
baseline,912665
baseline,835093
baseline,1032264
baseline,1116614
baseline,1008639
baseline,956549
baseline,945568
baseline,893500
baseline,808094
baseline,1139757
baseline,1044731
baseline,969188
baseline,1013265
baseline,1063744
baseline,984284
baseline,1167086
baseline,847974
baseline,933780
baseline,908321
baseline,854508
baseline,1050538
baseline,1107331
baseline,973783
baseline,1107226
baseline,1172631
baseline,1154506
baseline,908274
baseline,855080
baseline,787519
baseline,927626
baseline,1159667
baseline,1095019
baseline,958333
baseline,905707
baseline,885167
baseline,1062372
baseline,949582
baseline,949774
baseline,887758
baseline,982370
baseline,1273357
baseline,1069321
baseline,1185216
baseline,1228120
baseline,950305
baseline,894775
baseline,1099011
baseline,870285
baseline,926296
baseline,1177888
baseline,1053116
baseline,964060
baseline,1103290
baseline,998504
baseline,934579
baseline,1049265
baseline,1273007
baseline,1049059
baseline,928663
baseline,1064149
baseline,906098
baseline,1033070
baseline,945807
baseline,1017467
baseline,991117
baseline,1117734
baseline,879366
baseline,871627
baseline,1066943
baseline,985802
baseline,982058
baseline,1106748
baseline,1050384
baseline,944997
baseline,933965
baseline,1021376
baseline,981652
baseline,1008357
baseline,897216
baseline,890256
baseline,1085278
baseline,1006146
baseline,1108443
baseline,964100
baseline,1015101
baseline,1040918
baseline,1076958
baseline,1004273
baseline,929235
baseline,1132848
baseline,1129394
baseline,893437
baseline,1015029
baseline,893998
baseline,1147497
baseline,1163256
baseline,947177
baseline,937214
baseline,1098272
baseline,871498
baseline,940693
baseline,1198581
baseline,883574
baseline,953122
baseline,815174
baseline,1006829
baseline,1078857
baseline,1152671
baseline,938945
baseline,875261
baseline,943435
baseline,973630
baseline,821645
baseline,1016540
baseline,1009196
baseline,1109455
baseline,865838
baseline,923594
baseline,978588
baseline,906878
baseline,1067645
baseline,1103953
baseline,966232
baseline,915530
baseline,1064693
baseline,908730
baseline,977900
baseline,934384
baseline,973287
baseline,1156032
baseline,926643
baseline,1040890
baseline,880885
baseline,989113
baseline,921477
baseline,893016
baseline,1039229
baseline,972688
baseline,1095181
baseline,994700
baseline,1024005
baseline,926077
baseline,911490
baseline,931989
baseline,923852
baseline,1125112
baseline,977758
baseline,1124090
baseline,965202
baseline,1029587
baseline,1118939
baseline,794623
baseline,866869
baseline,1083534
baseline,1016271
baseline,1011737
baseline,1005431
baseline,1002597
baseline,1212016
baseline,992109
baseline,823810
baseline,1042332
baseline,964447
baseline,825224
baseline,1120413
baseline,1190929
baseline,1002966
baseline,1086503
baseline,948056
baseline,961604
baseline,1025374
baseline,1278450
baseline,1025823
baseline,1179661
baseline,966379
baseline,993292
baseline,919627
baseline,1048694
baseline,881109
baseline,827041
baseline,993763
baseline,1065419
baseline,946839
baseline,946597
baseline,835620
baseline,1011872
baseline,962214
baseline,1022425
baseline,973706
baseline,1068300
baseline,1017592
baseline,891192
baseline,871169
baseline,951157
baseline,852845
baseline,929589
baseline,983267
baseline,961869
baseline,839914
baseline,1000577
baseline,970093
baseline,1041416
baseline,890425
baseline,998966
baseline,904251
baseline,1039518
baseline,993240
baseline,894053
baseline,932445
baseline,1116340
baseline,1112397
baseline,968899
baseline,920819
baseline,855004
baseline,941560
baseline,1236569
baseline,976974
baseline,1037324
baseline,837359
baseline,1018847
baseline,1180825
baseline,1105283
baseline,1098116
baseline,1035334
baseline,869081
baseline,1038818
baseline,849438
baseline,982791
baseline,844362
baseline,1199109
baseline,976476
baseline,1184361
baseline,1074739
baseline,945812
baseline,950125
baseline,917616
baseline,892899
baseline,949895
baseline,957637
baseline,967483
baseline,1092429
baseline,1032030
baseline,966790
baseline,784090
baseline,1020074
baseline,1011410
baseline,900143
baseline,924339
baseline,842023
baseline,997202
baseline,1047122
baseline,951586
baseline,1037675
baseline,930710
baseline,955205
baseline,832990
baseline,1009366
baseline,925258
baseline,1093382
baseline,958291
baseline,770466
baseline,879715
baseline,884665
baseline,880061
baseline,841647
baseline,900563
baseline,972913
baseline,1117624
baseline,1072550
baseline,862477
baseline,1084021
baseline,998092
baseline,936235
baseline,867215
baseline,1125315
baseline,901047
baseline,952734
baseline,1043858
baseline,807737
baseline,815467
baseline,1045902
baseline,914185
baseline,934443
baseline,990645
baseline,803082
baseline,841371
baseline,1025669
baseline,1010550
baseline,1061686
baseline,1083526
baseline,990059
baseline,880963
baseline,966214
baseline,1064746
baseline,1116921
baseline,1267827
baseline,966715
baseline,1037775
baseline,1141378
baseline,826665
baseline,970336
baseline,1040628
baseline,1233210
baseline,1065086
baseline,1089065
baseline,916442
baseline,1052916
baseline,993873
baseline,940308
baseline,880450
baseline,951585
baseline,803888
baseline,1011527
baseline,994524
baseline,1120129
baseline,971223
baseline,1056875
baseline,1080923
baseline,1019620
baseline,985210
baseline,915793
baseline,1005102
baseline,1075067
baseline,937856
baseline,1159221
baseline,1165182
baseline,834799
baseline,1055876
baseline,989910
baseline,883321
baseline,1009586
baseline,942704
baseline,1174725
baseline,1010622
baseline,908476
baseline,871430
baseline,822966
baseline,766323
baseline,954554
baseline,954082
baseline,907175
baseline,728461
baseline,1062960
baseline,1107177
baseline,819352
baseline,1056975
baseline,966040
baseline,1089696
baseline,1029205
baseline,1095567
baseline,957083
baseline,904941
baseline,1095032
baseline,926453
baseline,1077112
baseline,923988
baseline,1022179
baseline,1052597
baseline,1011130
baseline,1082566
baseline,917299
baseline,894711
baseline,930139
baseline,1026105
baseline,998701
baseline,914417
baseline,947788
baseline,982590
baseline,937988
baseline,1063551
baseline,1151600
baseline,1005581
baseline,1004225
baseline,988664
baseline,1029296
baseline,1003194
baseline,838737
baseline,1087671
baseline,1001221
baseline,1062122
baseline,1043324
baseline,1063793
baseline,938977
baseline,959956
baseline,1214078
baseline,1088392
baseline,1011436
baseline,1066171
baseline,994888
baseline,1048941
baseline,963620
baseline,974354
baseline,1110536
baseline,1142475
baseline,1062658
baseline,1087158
baseline,1097251
baseline,854309
baseline,950938
baseline,807572
baseline,910621
baseline,1223751
baseline,971789
baseline,1232808
baseline,902552
baseline,802372
baseline,994044
baseline,1035165
baseline,866761
baseline,954945
baseline,1093258
baseline,1081652
baseline,1019419
baseline,969228
baseline,1023135
baseline,870029
baseline,952672
baseline,1012598
baseline,1058555
baseline,1002181
baseline,1218614
baseline,935856
baseline,1041404
baseline,1145487
baseline,1073631
baseline,937325
baseline,1081648
baseline,909732
baseline,1118145
baseline,1062615
baseline,939967
baseline,922190
baseline,885371
baseline,1166609
baseline,1041829
baseline,945955
baseline,1131315
baseline,1050926
baseline,855490
baseline,1120864
baseline,815046
baseline,856081
baseline,935739
baseline,1135155
baseline,892662
baseline,1063998
baseline,863651
baseline,1084449
baseline,1005370
baseline,893577
baseline,1122501
baseline,949240
baseline,887597
baseline,887161
baseline,1060219
baseline,1049146
baseline,1057696
baseline,945868
baseline,948831
baseline,816070
baseline,1081950
baseline,985360
baseline,870015
baseline,932346
baseline,1079256
baseline,990129
baseline,833411
baseline,900016
baseline,873697
baseline,997480
baseline,1000541
baseline,912210
baseline,1066461
baseline,962859
baseline,799077
baseline,1076475
baseline,917431
baseline,988892
baseline,1056340
baseline,1122784
baseline,924665
baseline,848802
baseline,1006734
baseline,989621
baseline,870552
baseline,920465
baseline,942866
baseline,1032000
baseline,1208529
baseline,927658
baseline,940642
baseline,1027649
baseline,960713
baseline,922418
baseline,1043858
baseline,870443
baseline,950741
baseline,943924
baseline,1130939
baseline,1164329
baseline,862526
baseline,895295
baseline,1033736
baseline,1085115
baseline,1003067
baseline,865667
baseline,1005448
baseline,1115797
baseline,1237083
baseline,1091753
baseline,924618
baseline,1130007
baseline,1046264
baseline,1073023
baseline,854812
baseline,987406
baseline,944048
baseline,956225
baseline,1212336
baseline,958358
baseline,1072194
baseline,1014526
baseline,936774
baseline,1095931
baseline,925389
baseline,1124845
baseline,1034441
baseline,1049337
baseline,1190985
baseline,1063255
baseline,949385
baseline,986138
baseline,1042933
baseline,948518
baseline,976278
baseline,951071
baseline,1034271
baseline,959823
baseline,999417
baseline,946829
baseline,925234
baseline,984910
baseline,901853
baseline,909612
baseline,968944
baseline,800046
baseline,876622
baseline,1128324
baseline,1076307
baseline,929072
baseline,1083778
baseline,1035646
baseline,909226
baseline,910950
baseline,1067029
baseline,991716
baseline,1062710
baseline,958010
baseline,876710
baseline,870477
baseline,1084646
baseline,862125
baseline,1057253
baseline,1017823
baseline,1107588
baseline,1036810
baseline,984599
baseline,956406
baseline,1038277
baseline,1100721
baseline,1082784
baseline,1091696
baseline,905881
baseline,1117048
baseline,1075856
baseline,820585
baseline,757188
baseline,966328
baseline,1064222
baseline,867226
baseline,1012572
baseline,1034910
baseline,961309
baseline,919448
baseline,1050456
baseline,1081113
baseline,991666
baseline,933663
baseline,1002146
baseline,1143033
baseline,1043507
baseline,1214487
baseline,962977
baseline,911524
baseline,833497
baseline,1024174
baseline,864795
baseline,980308
baseline,1142481
baseline,1070601
baseline,931561
baseline,915796
baseline,894244
baseline,972448
baseline,960963
baseline,925143
baseline,938887
baseline,772338
baseline,985441
baseline,1122429
baseline,850798
baseline,1102026
baseline,1079768
baseline,1129472
baseline,912677
baseline,907816
baseline,940605
baseline,1024526
baseline,918298
baseline,863759
baseline,1015611
baseline,1101288
baseline,1039237
baseline,872644
baseline,1012808
baseline,1121337
baseline,1063411
baseline,878485
baseline,894881
baseline,1132430
baseline,1046062
baseline,1141888
baseline,934175
baseline,1124576
baseline,994028
baseline,937363
baseline,1199699
baseline,963616
baseline,971345
baseline,1111432
baseline,852075
baseline,1032907
baseline,971661
baseline,825910
baseline,956168
baseline,920699
baseline,956312
baseline,982227
baseline,969795
baseline,959600
baseline,1195030
baseline,853380
baseline,1013750
baseline,1097414
baseline,978888
baseline,1029031
baseline,989891
baseline,987873
baseline,1078667
baseline,969937
baseline,927431
baseline,1169394
baseline,937243
baseline,931528
baseline,1051499
baseline,882819
baseline,1098778
baseline,866897
baseline,811532
baseline,991572
baseline,1010583
baseline,1074927
baseline,993390
baseline,1154860
baseline,946252
baseline,938434
baseline,1116546
baseline,1076567
baseline,882980
baseline,1046271
baseline,945349
baseline,877045
baseline,747456
baseline,938626
baseline,776389
baseline,1021996
baseline,944184
baseline,1167998
baseline,1092913
baseline,1153362
baseline,976155
baseline,1121562
baseline,980136
baseline,1009457
baseline,998298
baseline,1172044
baseline,950243
baseline,1044938
baseline,877115
baseline,806461
baseline,962481
baseline,1115241
baseline,886888
baseline,1098303
baseline,1134956
baseline,864404
baseline,896611
baseline,1086251
baseline,1098397
baseline,1044070
baseline,823439
baseline,1046546
baseline,919443
baseline,870976
baseline,1036044
baseline,929937
baseline,897080
baseline,1053595
baseline,998405
baseline,905625
baseline,897951
baseline,1181027
baseline,1097063
baseline,1140887
baseline,1050981
baseline,1029622
baseline,941614
baseline,1187495
baseline,920680
baseline,1152477
baseline,1016671
baseline,1111662
baseline,946333
baseline,1031078
baseline,902513
baseline,944355
baseline,1016142
baseline,863484
baseline,1141400
baseline,1074686
baseline,957149
baseline,938619
baseline,1102572
baseline,1011437
baseline,909113
baseline,999005
baseline,1260422
baseline,966442
baseline,1083588
baseline,981103
baseline,973977
baseline,1085378
baseline,926052
baseline,1198217
baseline,1050457
baseline,907867
baseline,1328239
baseline,1055956
baseline,925331
baseline,951893
baseline,942030
baseline,916683
baseline,1121763
baseline,911502
baseline,844611
baseline,1027556
baseline,1027839
baseline,1044031
baseline,997369
baseline,1038556
baseline,720137
baseline,863805
baseline,1002587
baseline,1144791
baseline,912644
baseline,848423
baseline,1007122
baseline,1019323
baseline,1026980
baseline,1006208
baseline,1065521
baseline,860733
baseline,972187
baseline,1058239
baseline,970736
baseline,1029076
baseline,912563
baseline,920992
baseline,923600
baseline,822608
baseline,795745
baseline,951518
baseline,1203453
baseline,1120026
baseline,854973
baseline,988664
baseline,1054950
baseline,932072
baseline,1120809
baseline,1004609
baseline,936148
baseline,1149842
baseline,862974
baseline,942073
baseline,1000005
baseline,993311
baseline,986771
baseline,1011596
baseline,1103896
baseline,1252807
baseline,1013444
baseline,959084
baseline,1177379
baseline,985844
baseline,1123315
baseline,1020881
baseline,1093522
baseline,920049
baseline,1101325
baseline,1071693
baseline,951967
baseline,1144632
baseline,1045546
baseline,1109671
baseline,956595
baseline,1071354
baseline,972818
baseline,1057655
baseline,1082777
baseline,1069906
baseline,902400
baseline,994210
baseline,1215442
baseline,907076
baseline,1002277
baseline,996669
baseline,922023
baseline,1004797
baseline,902623
baseline,960195
baseline,988719
baseline,1014030
baseline,886961
baseline,1005716
baseline,1129730
baseline,794128
baseline,834859
baseline,966150
baseline,1046350
baseline,1199451
baseline,951225
baseline,929330
baseline,1001466
baseline,953994
baseline,1209911
baseline,937783
baseline,926395
baseline,1096689
baseline,918245
baseline,851193
baseline,1046278
baseline,977896
baseline,951516
baseline,1035557
baseline,1074004
baseline,1168054
baseline,796550
baseline,1110220
baseline,835540
baseline,891730
baseline,922999
baseline,889465
baseline,1019522
baseline,863744
baseline,884123
baseline,940802
baseline,1163959
baseline,1047268
baseline,1039749
baseline,1178697
baseline,1025467
baseline,1064487
baseline,1037766
baseline,1003288
baseline,1112446
baseline,1005038
baseline,921301
baseline,958272
baseline,1003581
baseline,1048234
baseline,915789
baseline,964177
baseline,916173
baseline,1015960
baseline,861249
baseline,1057125
baseline,983549
baseline,986541
baseline,1005801
baseline,1226158
baseline,1162546
baseline,1047191
baseline,1058986
baseline,1031258
baseline,935767
baseline,948528
baseline,747130
baseline,1095939
baseline,1085930
baseline,910009
baseline,1020225
baseline,1181921
baseline,1008098
baseline,1032039
baseline,860405
baseline,1266359
baseline,865324
baseline,904925
baseline,959881
baseline,1131900
baseline,1036747
baseline,951065
baseline,983514
baseline,984749
baseline,878404
baseline,985634
baseline,908071
baseline,1026412
baseline,1081717
baseline,933419
baseline,961320
baseline,939354
baseline,1189311
baseline,990498
baseline,949436
baseline,969140
baseline,874692
baseline,868787
baseline,1047475
baseline,924078
baseline,920109
baseline,960133
baseline,985948
baseline,1240168
baseline,867010
baseline,1048836
baseline,875192
baseline,1091234
baseline,1171251
baseline,956702
baseline,987480
baseline,1010620
baseline,1071825
baseline,925041
baseline,826162
baseline,948096
baseline,961882
baseline,859455
baseline,957791
baseline,940286
baseline,1020096
baseline,1276506
baseline,841831
baseline,1044027
baseline,1185572
baseline,939580
baseline,1062207
baseline,1046188
baseline,1052186
baseline,958578
baseline,1002077
baseline,955448
baseline,920589
baseline,919780
baseline,1032776
baseline,1043266
baseline,1034552
baseline,939079
baseline,939205
baseline,952607
baseline,750007
baseline,952642
baseline,991109
baseline,908543
baseline,1092361
baseline,1195589
baseline,934076
baseline,1060905
baseline,1002420
baseline,1131767
baseline,927827
baseline,982056
baseline,908529
baseline,990444
baseline,928887
baseline,958987
baseline,844682
baseline,1195676
baseline,916311
baseline,1099997
baseline,1016473
baseline,925967
baseline,912100
baseline,1041647
baseline,900393
baseline,907345
baseline,1118072
baseline,1001368
baseline,796320
baseline,881304
baseline,771298
baseline,1069880
baseline,868804
baseline,932268
baseline,1108368
baseline,946760
baseline,959523
baseline,957387
baseline,920080
baseline,1043579
baseline,856260
baseline,1019978
baseline,1074119
baseline,1000578
baseline,980672
baseline,904855
baseline,1003071
baseline,1001333
baseline,908209
baseline,1249038
baseline,944626
baseline,1013370
baseline,913431
baseline,1053279
baseline,880965
baseline,1176022
baseline,866354
baseline,963521
baseline,1044961
baseline,965423
baseline,973703
baseline,1017318
baseline,878648
baseline,1002131
baseline,1116251
baseline,979045
baseline,965235
baseline,1095281
baseline,1030319
baseline,1098443
baseline,907588
baseline,874738
baseline,1005443
baseline,933747
baseline,1022669
baseline,900392
baseline,988896
baseline,986704
baseline,833829
baseline,989907
baseline,758487
baseline,1138421
baseline,999242
baseline,1019186
baseline,1016828
baseline,872169
baseline,981565
baseline,876254
baseline,1176343
baseline,918405
baseline,988991
baseline,1058769
baseline,997344
baseline,935937
baseline,1135894
baseline,970750
baseline,900798
baseline,924267
baseline,919752
baseline,1061344
baseline,1181963
baseline,836052
baseline,1032472
baseline,1136571
baseline,961389
baseline,1041657
baseline,965766
baseline,1064165
baseline,1035239
baseline,917807
baseline,836724
baseline,941907
baseline,1024678
baseline,956808
baseline,960331
baseline,1154082
baseline,1127289
baseline,885944
baseline,897778
baseline,930746
baseline,931755
baseline,904620
baseline,1024804
baseline,939195
baseline,839741
baseline,950021
baseline,983665
baseline,951732
baseline,963425
baseline,1103624
baseline,1041762
baseline,857105
baseline,1146576
baseline,1030728
baseline,924205
baseline,914194
baseline,1068384
baseline,1172303
baseline,766377
baseline,1031009
baseline,1024477
baseline,1005867
baseline,1127041
baseline,898303
baseline,943796
baseline,827624
baseline,1046747
baseline,889139
baseline,1074969
baseline,1105392
baseline,896899
baseline,925385
baseline,1081996
baseline,964017
baseline,927471
baseline,1025891
baseline,1037080
baseline,1155244
baseline,1050483
baseline,981934
baseline,960960
baseline,1060269
baseline,887032
baseline,1132385
baseline,1039385
baseline,808230
baseline,1115936
baseline,992094
baseline,967793
baseline,924961
baseline,1068094
baseline,1206498
baseline,942493
baseline,1105844
baseline,1071496
baseline,1082415
baseline,976794
baseline,1091306
baseline,1222472
baseline,978857
baseline,1076470
baseline,1089056
baseline,831754
baseline,968690
baseline,1031410
baseline,1104460
baseline,1021686
baseline,1010624
baseline,939282
baseline,900081
baseline,1110188
baseline,1001185
baseline,996247
baseline,949369
baseline,999376
baseline,1113368
baseline,1222765
baseline,768931
baseline,1039875
baseline,981101
baseline,1059260
baseline,993700
baseline,930969
baseline,913695
baseline,984085
baseline,1118739
baseline,1015984
baseline,906163
baseline,1087853
baseline,975367
baseline,1018293
baseline,1096935
baseline,854602
baseline,1056789
baseline,1096931
baseline,974992
baseline,1160344
baseline,1119387
baseline,984662
baseline,890521
baseline,996194
baseline,959756
baseline,850410
baseline,1009590
baseline,1029124
baseline,834072
baseline,889161
baseline,1247473
baseline,876744
baseline,988644
baseline,1043119
baseline,987110
baseline,1158061
baseline,1019289
baseline,971802
baseline,916824
baseline,968977
baseline,945974
baseline,1054867
baseline,884596
baseline,956425
baseline,998831
baseline,1078712
baseline,1009773
baseline,931158
baseline,940794
baseline,1115113
baseline,1072110
baseline,1003925
baseline,950568
baseline,1007495
baseline,1040796
baseline,826471
baseline,1007646
baseline,1063643
baseline,1073460
baseline,1066837
baseline,1015431
baseline,992333
baseline,943379
baseline,940524
baseline,1052223
baseline,1195425
baseline,906294
baseline,1018480
baseline,933097
baseline,1003441
baseline,769437
baseline,1062994
baseline,914993
baseline,1053732
baseline,895920
baseline,1022057
baseline,826579
baseline,957006
baseline,1226967
baseline,1120142
baseline,922457
baseline,1036647
baseline,996148
baseline,1147672
baseline,912586
baseline,1044819
baseline,875828
baseline,1004599
baseline,1034987
baseline,1062164
baseline,1169664
baseline,1060747
baseline,1080077
baseline,1125671
baseline,878628
baseline,1066473
baseline,937807
baseline,1001186
baseline,862624
baseline,1000835
baseline,909300
baseline,1070623
baseline,824293
baseline,874749
baseline,1047331
baseline,897736
baseline,1047567
baseline,1024797
baseline,1008858
baseline,1018505
baseline,950070
baseline,1204117
baseline,964400
baseline,893163
baseline,998856
baseline,893157
baseline,1030623
baseline,1019937
baseline,967887
baseline,866554
baseline,1011215
baseline,1060935
baseline,975537
baseline,998617
baseline,942000
baseline,945077
baseline,903748
baseline,1065989
baseline,976884
baseline,1067204
baseline,1143039
baseline,948230
baseline,1031685
baseline,978169
baseline,893605
baseline,1017677
baseline,858080
baseline,1229037
baseline,795902
baseline,1024152
baseline,953356
baseline,911124
baseline,1079737
baseline,932781
baseline,895063
baseline,960392
baseline,977316
baseline,952424
baseline,970388
baseline,1084794
baseline,858558
baseline,997668
baseline,1024508
baseline,1005102
baseline,915202
baseline,1310253
baseline,986576
baseline,814359
baseline,887241
baseline,971814
baseline,1208139
baseline,896910
baseline,1000877
baseline,778604
baseline,839912
baseline,1096240
baseline,1081423
baseline,1016758
baseline,881233
baseline,944361
baseline,809551
baseline,942918
baseline,904872
baseline,892514
baseline,1061275
baseline,1001664
baseline,922537
baseline,836443
baseline,1073149
baseline,937952
baseline,1010578
baseline,986394
baseline,1007968
baseline,969107
baseline,803189
baseline,1021678
baseline,1007477
baseline,1120227
baseline,1143789
baseline,956294
baseline,847225
baseline,983698
baseline,1019013
baseline,986094
baseline,1034103
baseline,925652
baseline,841095
baseline,995252
baseline,856161
baseline,960370
baseline,926388
baseline,1095384
baseline,917459
baseline,866030
baseline,865577
baseline,860889
baseline,929380
baseline,1029281
baseline,1018194
baseline,983913
baseline,890881
baseline,937182
baseline,906928
baseline,857882
baseline,923568
baseline,957741
baseline,910785
baseline,889238
baseline,1070977
baseline,1064350
baseline,864251
baseline,1062976
baseline,1075997
baseline,989799
baseline,931577
baseline,831824
baseline,884549
baseline,1140878
baseline,808170
baseline,1111462
baseline,1018067
baseline,1008088
baseline,1078742
baseline,899280
baseline,959518
baseline,1064437
baseline,1070390
baseline,992073
baseline,895485
baseline,899096
baseline,985943
baseline,761157
baseline,1135262
baseline,1043738
baseline,937497
baseline,932891
baseline,949520
baseline,954379
baseline,979442
baseline,869462
baseline,997524
baseline,1251831
baseline,959785
baseline,960953
baseline,1161787
baseline,970331
baseline,939481
baseline,1046353
baseline,990184
baseline,1070554
baseline,999056
baseline,1050850
baseline,916230
baseline,1014615
baseline,964481
baseline,993806
baseline,1009200
baseline,957952
baseline,1006828
baseline,1095338
baseline,1045165
baseline,938327
baseline,933674
baseline,978855
baseline,865207
baseline,954525
baseline,1077423
baseline,987279
baseline,974755
baseline,1069575
baseline,900866
baseline,1053631
baseline,881964
baseline,1022042
baseline,906980
baseline,986896
baseline,1048599
baseline,1005940
baseline,1017352
baseline,1164984
baseline,1050374
baseline,1202295
baseline,788858
baseline,890417
baseline,926646
baseline,877156
baseline,1039249
baseline,1031913
baseline,1053059
baseline,990514
baseline,897895
baseline,1026146
baseline,1054176
baseline,911979
baseline,1039777
baseline,993974
baseline,892555
baseline,961348
baseline,1000707
baseline,905916
baseline,1066150
baseline,1032942
baseline,1099936
baseline,980366
baseline,850708
baseline,1069910
baseline,1006937
baseline,944966
baseline,1130101
baseline,990399
baseline,722527
baseline,966208
baseline,950330
baseline,1092635
baseline,1001623
baseline,1107958
baseline,1009525
baseline,1026112
baseline,844832
baseline,990793
baseline,1216194
baseline,1041206
baseline,888770
baseline,864562
baseline,918410
baseline,1073627
baseline,991982
baseline,1146326
baseline,1172923
baseline,978505
baseline,1119493
baseline,1115309
baseline,902628
baseline,1059939
baseline,1006259
baseline,1250086
baseline,998417
baseline,1056772
baseline,1076195
baseline,862230
baseline,917098
baseline,1135947
baseline,997485
baseline,1035184
baseline,954859
baseline,1270717
baseline,936665
baseline,1032067
baseline,952125
baseline,1064665
baseline,1084452
baseline,1036725
baseline,1223233
baseline,1050680
baseline,979849
baseline,809327
baseline,997971
baseline,1050311
baseline,1017562
baseline,1039031
baseline,949289
baseline,925629
baseline,995295
baseline,930167
baseline,934822
baseline,999118
baseline,1028824
baseline,824421
baseline,850775
baseline,958452
baseline,988127
baseline,956180
baseline,1062674
baseline,1151339
baseline,1174875
baseline,1019176
baseline,906838
baseline,1047850
baseline,1046934
baseline,953257
baseline,959613
baseline,911156
baseline,985350
baseline,948242
baseline,1019418
baseline,888373
baseline,1121034
baseline,995089
baseline,1028924
baseline,978702
baseline,1133302
baseline,967832
baseline,932253
baseline,1078798
baseline,939102
baseline,1040744
baseline,866002
baseline,997529
baseline,1029013
baseline,1044251
baseline,1079484
baseline,1022484
baseline,958050
baseline,1000836
baseline,969626
baseline,991433
baseline,803332
baseline,918457
baseline,987952
baseline,1038715
baseline,1007509
baseline,813234
baseline,822728
baseline,1186478
baseline,1091455
baseline,901758
baseline,1024193
baseline,981447
baseline,1005375
baseline,1011177
baseline,968790
baseline,1133595
baseline,1018549
baseline,1035364
baseline,1077058
baseline,1126715
baseline,1001902
baseline,925614
baseline,1118753
baseline,889723
baseline,1001968
baseline,1003916
baseline,995012
baseline,832198
baseline,1306560
baseline,947154
baseline,1054341
baseline,1151002
baseline,919492
baseline,796746
baseline,905699
baseline,1149209
baseline,972490
baseline,859169
baseline,1043522
baseline,990621
baseline,945263
baseline,900865
baseline,996636
baseline,1005822
baseline,867981
baseline,982252
baseline,907744
baseline,1041020
baseline,1087734
baseline,1066020
baseline,964039
baseline,1095894
baseline,1031797
baseline,1117096
baseline,1083154
baseline,1020262
baseline,978112
baseline,1078601
baseline,947257
baseline,1162225
baseline,1032255
baseline,950581
baseline,1017750
baseline,1028604
baseline,1040316
baseline,997727
baseline,988692
baseline,1059713
baseline,903708
baseline,1067769
baseline,856927
baseline,1012920
baseline,1008780
baseline,962735
baseline,883963
baseline,1052382
baseline,816862
baseline,1106768
baseline,940031
baseline,1012180
baseline,862620
baseline,833908
baseline,1149514
baseline,1049426
baseline,931598
baseline,932508
baseline,848993
baseline,969625
baseline,985456
baseline,956548
baseline,803779
baseline,927284
baseline,1091751
baseline,933693
baseline,1335791
baseline,1072159
baseline,814249
baseline,1066116
baseline,880542
baseline,1044015
baseline,889916
baseline,1005153
baseline,1010090
baseline,974508
baseline,1122903
baseline,878315
baseline,1017335
baseline,925514
baseline,983999
baseline,1043671
baseline,1115609
baseline,937763
baseline,1034073
baseline,1068562
baseline,992280
baseline,856153
baseline,932275
baseline,945100
baseline,915848
baseline,963917
baseline,935738
baseline,851831
baseline,1224226
baseline,890405
baseline,1064961
baseline,1052741
baseline,1102307
baseline,919876
baseline,1056278
baseline,871883
baseline,1077248
baseline,1001098
baseline,981203
baseline,995349
baseline,1107017
baseline,1146552
baseline,992518
baseline,982344
baseline,1027734
baseline,1092688
baseline,962665
baseline,1080397
baseline,1051151
baseline,997394
baseline,1024179
baseline,821322
baseline,1032986
baseline,940619
baseline,1276766
baseline,1008218
baseline,743398
baseline,924930
baseline,969969
baseline,966437
baseline,886891
baseline,981657
baseline,1137080
baseline,976133
baseline,815596
baseline,964517
baseline,1094888
baseline,1176470
baseline,1076948
baseline,1032491
baseline,834978
baseline,1107571
baseline,950817
baseline,992283
baseline,814144
baseline,829356
baseline,1186456
baseline,1036459
baseline,1091657
baseline,911425
baseline,1029806
baseline,990377
baseline,1125195
baseline,807534
baseline,1024715
baseline,984601
baseline,967844
baseline,971241
baseline,1079580
baseline,1221003
baseline,1044952
baseline,966334
baseline,893057
baseline,930120
baseline,1016725
baseline,967579
baseline,955579
baseline,1114388
baseline,1220527
baseline,863208
baseline,951408
baseline,996278
baseline,919825
baseline,888040
baseline,795746
baseline,908111
baseline,1414597
baseline,799796
baseline,1167331
baseline,1010132
baseline,977603
baseline,866278
baseline,828252
baseline,804073
baseline,957011
baseline,777409
baseline,1002588
baseline,1040318
baseline,1077706
baseline,1006474
baseline,863529
baseline,1122850
baseline,905542
baseline,862900
baseline,1006434
baseline,941216
baseline,979568
baseline,933059
baseline,1067838
baseline,1058894
baseline,1130174
baseline,823470
baseline,1130770
baseline,1100769
baseline,1037643
baseline,953876
baseline,853558
baseline,884718
baseline,1007949
baseline,843279
baseline,918002
baseline,1022851
baseline,966483
baseline,991557
baseline,882268
baseline,989038
baseline,872583
baseline,958823
baseline,1084382
baseline,1071139
baseline,940366
baseline,956152
baseline,892147
baseline,964426
baseline,1001340
baseline,936832
baseline,1028128
baseline,1103800
baseline,1172010
baseline,889955
baseline,961308
baseline,846183
baseline,900356
baseline,850757
baseline,1022659
baseline,1068227
baseline,844097
baseline,1245501
baseline,928726
baseline,1014377
baseline,1041107
baseline,1000052
baseline,1095351
baseline,1016917
baseline,836055
baseline,811151
baseline,986621
baseline,976432
baseline,1145666
baseline,933947
baseline,1001486
baseline,941292
baseline,1048269
baseline,1011817
baseline,1117426
baseline,868405
baseline,907239
baseline,946190
baseline,1009090
baseline,984952
baseline,893937
baseline,1079104
baseline,999486
baseline,929850
baseline,954667
baseline,1002167
baseline,1060870
baseline,1020125
baseline,898858
baseline,994227
baseline,1059658
baseline,1122771
baseline,927876
baseline,906108
baseline,983303
baseline,1222107
baseline,890947
baseline,897697
baseline,1127902
baseline,1151339
baseline,921231
baseline,1094256
baseline,909724
baseline,1059331
baseline,931101
baseline,1155731
baseline,976830
baseline,1089044
baseline,1066278
baseline,955438
baseline,985247
baseline,966041
baseline,961996
baseline,1032969
baseline,848773
baseline,878895
baseline,938847
baseline,1028171
baseline,931123
baseline,922117
baseline,927988
baseline,803372
baseline,1116113
baseline,1019004
baseline,966774
baseline,894672
baseline,966815
baseline,880115
baseline,911067
baseline,888095
baseline,817612
baseline,1078274
baseline,1034677
baseline,1108739
baseline,837745
baseline,1160159
baseline,881559
baseline,966934
baseline,916666
baseline,1153160
baseline,733723
baseline,948479
baseline,1056798
baseline,940908
baseline,894073
baseline,997507
baseline,975769
baseline,913822
baseline,943526
baseline,1031492
baseline,1024449
baseline,1012399
baseline,1067616
baseline,1064642
baseline,1148169
baseline,988919
baseline,859045
baseline,948775
baseline,1075520
baseline,1002570
baseline,767572
baseline,1048118
baseline,898443
baseline,969825
baseline,838795
baseline,1017994
baseline,982803
baseline,1167964
baseline,1138513
baseline,1014715
baseline,1128137
baseline,821566
baseline,885956
baseline,917601
baseline,930037
baseline,1139477
baseline,952533
baseline,1041776
baseline,1045367
baseline,956725
baseline,967160
baseline,1009157
baseline,883724
baseline,1092765
baseline,971170
baseline,824430
baseline,1001689
baseline,979221
baseline,1243447
baseline,1028500
baseline,922080
baseline,1124970
baseline,914177
baseline,978101
baseline,955598
baseline,884849
baseline,1032835
baseline,985847
baseline,913361
baseline,1007236
baseline,1055708
baseline,971308
baseline,741023
baseline,937429
baseline,908366
baseline,796040
baseline,859197
baseline,800037
baseline,1007545
baseline,1079027
baseline,1233491
baseline,969487
baseline,1139163
baseline,1010389
baseline,870204
baseline,890779
baseline,988022
baseline,922928
baseline,868176
baseline,817249
baseline,890811
baseline,953090
baseline,912497
baseline,946911
baseline,753819
baseline,904553
baseline,953130
baseline,907751
baseline,985453
baseline,916587
baseline,926713
baseline,1063199
baseline,919690
baseline,1227877
baseline,1006828
baseline,856275
baseline,1029828
baseline,946173
baseline,877581
baseline,1048000
baseline,1055810
baseline,900203
baseline,824586
baseline,944554
baseline,1121765
baseline,1014382
baseline,1175800
baseline,953980
baseline,1017869
baseline,964928
baseline,1127278
baseline,961009
baseline,1148652
baseline,981840
baseline,885425
baseline,1027197
baseline,933588
baseline,1021262
baseline,1106731
baseline,1086175
baseline,897676
baseline,952492
baseline,916362
baseline,847600
baseline,891727
baseline,986867
baseline,955195
baseline,960884
baseline,908744
baseline,714955
baseline,1085211
baseline,932333
baseline,869240
baseline,946208
baseline,836594
baseline,967898
baseline,954787
baseline,873282
baseline,970700
baseline,932345
baseline,894373
baseline,1138323
baseline,1112027
baseline,938876
baseline,1189909
baseline,1062175
baseline,1111749
baseline,1076906
baseline,1081412
baseline,968854
baseline,920344
baseline,1001394
baseline,953525
baseline,949738
baseline,1213510
baseline,837835
baseline,950512
baseline,1103982
baseline,1104233
baseline,1032802
baseline,832075
baseline,1058739
baseline,985936
baseline,1178242
baseline,875346
baseline,1051791
baseline,976568
baseline,1027299
baseline,860069
baseline,871002
baseline,1067216
baseline,838686
baseline,1134982
baseline,1064205
baseline,936089
baseline,920430
baseline,979676
baseline,921443
baseline,933939
baseline,1020630
baseline,1116395
baseline,1015543
baseline,1150714
baseline,1150814
baseline,852120
baseline,1116669
baseline,1054587
baseline,1001487
baseline,1099922
baseline,1050236
baseline,1012928
baseline,890966
baseline,1013777
baseline,1066255
baseline,997821
baseline,988737
baseline,810207
baseline,950192
baseline,1008031
baseline,926420
baseline,1175924
baseline,1056193
baseline,845333
baseline,846304
baseline,1064446
baseline,997152
baseline,1088905
baseline,868921
baseline,1191256
baseline,1108245
baseline,882602
baseline,1026953
baseline,1115228
baseline,1072403
baseline,811275
baseline,968954
baseline,818620
baseline,948107
baseline,933230
baseline,797628
baseline,1120723
baseline,939398
baseline,1101690
baseline,1057504
baseline,1142910
baseline,1018991
baseline,881550
baseline,1049180
baseline,934288
baseline,1108259
baseline,819622
baseline,1122751
baseline,1005582
baseline,1019390
baseline,887272
baseline,856491
baseline,892579
baseline,1025013
baseline,924316
baseline,982546
baseline,927480
baseline,913508
baseline,995570
baseline,972399
baseline,949946
baseline,864796
baseline,900204
baseline,1207622
baseline,1036302
baseline,958206
baseline,1019687
baseline,995710
baseline,997476
baseline,986170
baseline,983845
baseline,1017596
baseline,912382
baseline,1014314
baseline,1000666
baseline,979588
baseline,854674
baseline,854423
baseline,1145129
baseline,931331
baseline,814712
baseline,919950
baseline,1069328
baseline,1054010
test,985736
test,1014433
test,1045820
test,1073609
test,1053211
test,1346007
test,954618
test,937065
test,1014223
test,981870
test,979057
test,903999
test,1100608
test,915533
test,1218301
test,1013137
test,1096090
test,1230416
test,1274761
test,1016421
test,1122405
test,1132774
test,1017807
test,1143680
test,1060197
test,1012296
test,1191463
test,985757
test,1098735
test,989325
test,1185386
test,1188662
test,1047399
test,1151028
test,1104129
test,1267889
test,1021674
test,1368080
test,1045856
test,892870
test,1044894
test,1039705
test,1075500
test,1109197
test,981485
test,1136013
test,1241255
test,946168
test,1015079
test,1175440
test,1118626
test,1343255
test,1079000
test,1240755
test,949575
test,1162047
test,1104743
test,917934
test,1161514
test,1090663
test,1124548
test,1025310
test,1003796
test,853163
test,1094424
test,934216
test,795059
test,1147375
test,904244
test,1086007
test,1142921
test,1134632
test,1083372
test,1487649
test,1107926
test,966566
test,1073018
test,1103063
test,1005667
test,1021595
test,940803
test,1077643
test,1143887
test,1041172
test,1233833
test,922221
test,1054279
test,1118827
test,1175151
test,1076482
test,1084448
test,1234741
test,1082671
test,1235986
test,1213640
test,1072075
test,1062811
test,946760
test,1180920
test,1014388
test,869663
test,1117761
test,1183012
test,1019828
test,1158186
test,1071836
test,1306213
test,1104033
test,1137030
test,977542
test,1023537
test,1133386
test,1045736
test,1238772
test,1256971
test,894331
test,991660
test,986937
test,1222071
test,1145959
test,1062738
test,997271
test,1130893
test,951647
test,1091325
test,1022385
test,1074740
test,1014815
test,1156833
test,1020858
test,906440
test,1015008
test,1384833
test,957782
test,1067473
test,1041201
test,1113766
test,1094668
test,1075932
test,1025079
test,1053482
test,999934
test,1221446
test,1031462
test,1063368
test,971746
test,1271493
test,1375782
test,1222251
test,1220730
test,1291944
test,1289852
test,1087742
test,1036790
test,1232942
test,915866
test,1008840
test,1239304
test,1072668
test,1282839
test,1108383
test,1034079
test,1201069
test,1337906
test,928827
test,1088577
test,1151796
test,1078081
test,937408
test,974261
test,1083819
test,983505
test,912898
test,1035960
test,1061795
test,1120047
test,1128132
test,1014509
test,1002561
test,1030910
test,936461
test,1040221
test,974100
test,1135471
test,1143675
test,986459
test,1183128
test,1085290
test,1141947
test,1086123
test,1012653
test,1267387
test,853098
test,757557
test,976772
test,971914
test,1027385
test,1088148
test,1009634
test,1354713
test,1048033
test,1067059
test,851566
test,1254356
test,1069478
test,971060
test,1088215
test,996037
test,1314857
test,1084228
test,987846
test,1087765
test,1132079
test,1166485
test,974648
test,941554
test,902090
test,1010549
test,1099768
test,1219603
test,977191
test,1088013
test,1119206
test,1069490
test,1068833
test,963275
test,1249690
test,1038139
test,992763
test,1128827
test,976274
test,1296869
test,1134248
test,1476028
test,1055215
test,1071531
test,1054090
test,1109912
test,1153568
test,1143518
test,1123130
test,1143370
test,1010954
test,1211681
test,1018645
test,1042063
test,1107325
test,1216098
test,1008778
test,1155103
test,1237891
test,968419
test,1229288
test,1330668
test,1047266
test,1003233
test,1092645
test,1092224
test,969141
test,1087400
test,953178
test,1069090
test,1044613
test,985438
test,1275345
test,1095144
test,1039920
test,1161351
test,1274110
test,913282
test,1144401
test,1024842
test,1195822
test,1298801
test,1095924
test,1033783
test,1132764
test,1211385
test,1087574
test,1127898
test,1032626
test,1398096
test,978661
test,1203537
test,1046820
test,1062397
test,951652
test,1290267
test,1050912
test,1030627
test,842696
test,1015723
test,1130206
test,1208064
test,1234663
test,890162
test,1314106
test,1025694
test,1025261
test,1014601
test,1026300
test,977436
test,1093527
test,1231796
test,1159062
test,1006715
test,1080093
test,1052391
test,1094814
test,1172231
test,1030032
test,1056871
test,1207071
test,1212789
test,1015646
test,1042479
test,1094402
test,1043890
test,1020033
test,1060987
test,1166763
test,1037045
test,1080606
test,923061
test,958429
test,1079397
test,1081016
test,1323412
test,1162722
test,1042524
test,1219194
test,1027919
test,984920
test,1233434
test,1150193
test,738539
test,1033650
test,1149741
test,1172317
test,1099360
test,986285
test,1097670
test,1154631
test,979319
test,1202808
test,1292113
test,918868
test,1194930
test,1039513
test,1020632
test,1098812
test,1133829
test,964276
test,1172871
test,1197297
test,1213025
test,899985
test,1085940
test,1151204
test,1037205
test,878577
test,1104083
test,1129587
test,1233531
test,1041576
test,1050783
test,990276
test,945115
test,966415
test,1031054
test,1106889
test,1077471
test,923345
test,1028885
test,989113
test,1023542
test,1041838
test,1094969
test,1279476
test,906084
test,1230525
test,972590
test,1142675
test,1274662
test,1025319
test,1098524
test,1250604
test,1027236
test,983180
test,1141411
test,976738
test,940405
test,1028498
test,1083536
test,1157762
test,1401254
test,1026220
test,1082256
test,1059307
test,1124271
test,1033410
test,936688
test,1021204
test,1042463
test,1229025
test,1088556
test,1099634
test,1074691
test,1132342
test,1121899
test,1101806
test,1005006
test,1177197
test,989343
test,1111527
test,1159767
test,1077032
test,1225250
test,1093048
test,1131703
test,1003755
test,1029410
test,1022118
test,1080183
test,1192899
test,972348
test,999339
test,1010838
test,1434206
test,1139874
test,990221
test,1039406
test,1067591
test,991888
test,1017644
test,1128200
test,981996
test,1049596
test,1247281
test,1118727
test,1187672
test,1164698
test,1271819
test,1187466
test,1153820
test,992811
test,1015718
test,978041
test,1127634
test,1045343
test,1318582
test,1153412
test,1107632
test,1259522
test,1179532
test,1043314
test,1234889
test,1153651
test,901091
test,1000493
test,1206144
test,1105109
test,1018943
test,1178769
test,1022958
test,1232481
test,1235145
test,1152097
test,990485
test,1076476
test,1074879
test,1051645
test,988331
test,1116454
test,1176475
test,1155260
test,1180266
test,1006260
test,1065399
test,1077847
test,1307833
test,1034235
test,1182109
test,1130452
test,1129346
test,1141749
test,1159539
test,1323459
test,1032679
test,1105772
test,965267
test,1255631
test,1148954
test,1079767
test,992101
test,1225776
test,981159
test,931774
test,1195932
test,1101739
test,1052475
test,1216034
test,1194450
test,1087626
test,1002756
test,942420
test,1003787
test,967966
test,1178567
test,1008138
test,1463309
test,1136483
test,1241422
test,1133317
test,1140973
test,1014529
test,1127090
test,1131191
test,1184443
test,1095094
test,1158797
test,986626
test,1239786
test,1133619
test,1137891
test,1067109
test,1091031
test,1010595
test,1181143
test,1083570
test,1018151
test,1065661
test,1164314
test,1084018
test,846216
test,1121687
test,924809
test,1083736
test,1155778
test,962570
test,1111173
test,1063981
test,1152514
test,1174582
test,1092746
test,1051730
test,1283709
test,947836
test,1009587
test,1034620
test,1091314
test,960430
test,974628
test,895931
test,1064693
test,1164036
test,1139720
test,982230
test,1067045
test,1108556
test,1276497
test,1149586
test,1085671
test,935638
test,1089848
test,1030401
test,1231652
test,1036823
test,1273572
test,963712
test,1041798
test,932918
test,1141816
test,945863
test,1210956
test,1046314
test,1017338
test,1116701
test,1125503
test,1172470
test,1108148
test,1100242
test,1135156
test,1037612
test,1165800
test,1169577
test,1094953
test,969267
test,868169
test,1038780
test,1112715
test,927432
test,1351472
test,868529
test,1043873
test,1031298
test,1097534
test,899732
test,1054611
test,1066712
test,1013476
test,1207402
test,1073396
test,1251696
test,1253659
test,913025
test,1194451
test,1115867
test,1144878
test,1168788
test,953812
test,1025657
test,1139646
test,925221
test,997067
test,801377
test,1062687
test,952116
test,1056460
test,1028527
test,975575
test,1098309
test,986511
test,1163205
test,1096743
test,1095162
test,1081133
test,1164042
test,1014305
test,1010915
test,1153388
test,1012814
test,1076421
test,916608
test,1077070
test,1291251
test,984482
test,1098866
test,1242282
test,1197645
test,1125472
test,1181166
test,951416
test,1073959
test,1181194
test,1105844
test,1219741
test,1254737
test,1302401
test,1044218
test,1213762
test,1187828
test,1131945
test,1048813
test,935474
test,1222104
test,994275
test,1052185
test,869524
test,1234675
test,959837
test,948115
test,1146704
test,929861
test,1084953
test,1035524
test,1013438
test,1189156
test,917978
test,1096726
test,1240657
test,1114618
test,1389941
test,1116070
test,1125583
test,1027915
test,1076336
test,1189020
test,1310204
test,1001026
test,1004529
test,1139274
test,1251293
test,1067260
test,1190024
test,930020
test,1185694
test,1200378
test,1228258
test,1153767
test,1067092
test,1174791
test,975309
test,999676
test,1139864
test,864938
test,1192979
test,1067086
test,865911
test,1101062
test,1261114
test,1176279
test,1007556
test,1342189
test,1069775
test,1140584
test,1022222
test,1390675
test,1087194
test,1185121
test,1066407
test,1131093
test,1092878
test,1250533
test,1121991
test,1066450
test,1069947
test,1027230
test,1076505
test,1243315
test,951700
test,942216
test,993021
test,1123528
test,1136970
test,1269470
test,1070539
test,1079235
test,1023752
test,1250868
test,955893
test,1059485
test,990103
test,994635
test,1003534
test,937094
test,1219885
test,1100377
test,1073364
test,1253512
test,1139963
test,1154784
test,1055071
test,1056870
test,1189686
test,1014446
test,1115540
test,983719
test,846038
test,1299623
test,1007639
test,1222354
test,1222220
test,1240705
test,1058297
test,1172778
test,1093743
test,1158074
test,1183074
test,856211
test,939085
test,1009501
test,950100
test,986674
test,914406
test,1167548
test,1179434
test,1160241
test,1065484
test,1107824
test,1143498
test,1004538
test,1137867
test,1188781
test,1177105
test,1024713
test,1170952
test,1137682
test,925226
test,1015472
test,1075762
test,1172476
test,1071339
test,1138327
test,981225
test,1013453
test,1382171
test,881426
test,970200
test,1459653
test,914816
test,942117
test,1089492
test,1021500
test,1215622
test,1240085
test,910387
test,1186667
test,927342
test,1235837
test,1050521
test,1135314
test,1105479
test,1020849
test,1207054
test,1067983
test,1112682
test,961416
test,1011014
test,1136564
test,1260417
test,996932
test,950867
test,1173902
test,901209
test,1073556
test,1119046
test,979482
test,1013123
test,1053622
test,1189994
test,1096121
test,973465
test,1067340
test,1019246
test,1264507
test,1119597
test,1003972
test,1169826
test,1025236
test,981171
test,1068409
test,1005176
test,1147925
test,1171253
test,1178420
test,1082878
test,1152564
test,1020601
test,1053460
test,880542
test,1064069
test,963939
test,1009521
test,1096964
test,1072803
test,942203
test,932173
test,1111091
test,1224696
test,1102902
test,846305
test,1052327
test,882451
test,978472
test,1153072
test,1154757
test,1299067
test,1157872
test,1050853
test,1062699
test,1039328
test,1118518
test,1187080
test,1177423
test,984389
test,1090583
test,1103071
test,1041505
test,1074076
test,959096
test,1110311
test,1183241
test,1009990
test,1181329
test,1166375
test,1093224
test,999940
test,912374
test,1119056
test,1013294
test,1141175
test,902246
test,1111728
test,1305877
test,1230594
test,1013446
test,861289
test,1119185
test,1203355
test,919337
test,1291399
test,1146410
test,972439
test,1186024
test,1066747
test,1274509
test,938307
test,962197
test,1054903
test,1094312
test,1039227
test,962804
test,1142518
test,1067799
test,1055571
test,1143726
test,1027892
test,1016194
test,1154338
test,1133544
test,1041014
test,993683
test,1078010
test,1078197
test,1219748
test,1003182
test,1292397
test,1150061
test,920412
test,1105581
test,928451
test,924518
test,1190795
test,1093098
test,1262603
test,1125476
test,1012481
test,1399989
test,1212186
test,894134
test,1289981
test,1063950
test,1127736
test,1093150
test,925112
test,922845
test,1117332
test,1161449
test,1012040
test,1119680
test,1290058
test,1072703
test,1219028
test,1075733
test,1151819
test,1004841
test,1170986
test,1205066
test,939285
test,1446562
test,911198
test,1105614
test,1216006
test,1166822
test,1182711
test,945339
test,930952
test,1190682
test,941313
test,1193948
test,1070341
test,1137956
test,937561
test,1112334
test,1024404
test,1106599
test,1351655
test,1174420
test,1027690
test,1149288
test,1102819
test,1247702
test,1041622
test,1193601
test,1121535
test,844890
test,1198708
test,1036954
test,1047697
test,1102947
test,1162095
test,1188869
test,1000805
test,1237003
test,1066471
test,1121041
test,1103350
test,1028763
test,1198359
test,1020557
test,1137605
test,1033287
test,1136692
test,1121117
test,1008259
test,1039335
test,994935
test,919103
test,1115983
test,1013231
test,866758
test,1099871
test,1075392
test,1220115
test,1072559
test,1141931
test,1051103
test,929657
test,953306
test,935176
test,985696
test,1159034
test,1016049
test,1140028
test,1167661
test,1030864
test,1170325
test,967165
test,1064953
test,1113918
test,946930
test,1259229
test,1062795
test,1041361
test,1167598
test,1109290
test,1266753
test,1031366
test,1116729
test,1150432
test,1211041
test,1117802
test,1140111
test,1020491
test,1158688
test,1115932
test,1051314
test,1240842
test,997709
test,1287179
test,1029665
test,1066664
test,916434
test,1135340
test,1174090
test,1163282
test,1121444
test,1051535
test,872003
test,1102521
test,1167100
test,1208131
test,1087046
test,1074757
test,1131695
test,1216755
test,1055237
test,1029047
test,1087675
test,1332667
test,1137978
test,1331137
test,1144031
test,1205768
test,963812
test,1293790
test,996930
test,1011580
test,1273756
test,1195473
test,1258874
test,1139274
test,1127578
test,1091853
test,1103741
test,1373876
test,1259459
test,970635
test,1062636
test,1143152
test,1111859
test,992585
test,974822
test,991736
test,1029688
test,1171755
test,1072391
test,1251043
test,1014606
test,987017
test,1301931
test,1001702
test,1330155
test,1256064
test,907628
test,1152249
test,1076107
test,1053330
test,1158902
test,1074725
test,1112678
test,1100739
test,1059226
test,1388104
test,1023255
test,1109469
test,1070589
test,1099390
test,1020604
test,951388
test,1129083
test,1037228
test,1106522
test,1061319
test,1059752
test,1100568
test,997257
test,869346
test,949332
test,1107002
test,1330002
test,943255
test,1081107
test,1213880
test,1062207
test,1331627
test,1092119
test,1122954
test,1050931
test,956133
test,985277
test,1006470
test,1190712
test,977715
test,1097162
test,1172775
test,956757
test,1202177
test,1020918
test,1029726
test,1019187
test,1174928
test,925996
test,895061
test,1015132
test,1129537
test,1062736
test,1160982
test,911886
test,940700
test,953297
test,1057260
test,1187467
test,1027577
test,1019356
test,947120
test,1188388
test,1155834
test,1270227
test,989383
test,1140286
test,1061804
test,1134594
test,1113501
test,1104071
test,1064731
test,1046926
test,1145144
test,1217204
test,1041157
test,1195292
test,1148391
test,956342
test,1130742
test,1093430
test,1289006
test,1102717
test,1126193
test,903170
test,1059009
test,1121192
test,1068984
test,1039646
test,1051647
test,1100307
test,886106
test,924313
test,1254063
test,936152
test,1202776
test,1274506
test,1040403
test,1057068
test,993689
test,1373173
test,1166331
test,1116292
test,1058352
test,1330277
test,840579
test,1151697
test,1187384
test,1058541
test,1109998
test,1019588
test,1212709
test,1149521
test,1093123
test,1096665
test,1295837
test,1048570
test,1294782
test,1083345
test,1031297
test,1098907
test,1080391
test,1091296
test,1139016
test,1031551
test,1185589
test,1385470
test,1055181
test,1145144
test,976983
test,887521
test,995479
test,904358
test,1203380
test,1138518
test,877207
test,903092
test,1094690
test,950815
test,1200279
test,971854
test,1280840
test,1109771
test,1194053
test,1203838
test,1025705
test,1183380
test,1349325
test,917547
test,1313825
test,1171064
test,1033699
test,972093
test,1096306
test,1217213
test,1111574
test,1091193
test,1346023
test,1312643
test,1061588
test,1109043
test,1024591
test,1010325
test,940720
test,988279
test,1235469
test,962411
test,1303510
test,954790
test,942486
test,1278420
test,901933
test,1025951
test,1284666
test,1000293
test,1115862
test,929369
test,1201759
test,987805
test,1160759
test,812975
test,882090
test,929779
test,1202139
test,1165274
test,1220283
test,1058156
test,1001365
test,1340708
test,1330169
test,1278752
test,1070416
test,919327
test,1079089
test,1138793
test,901648
test,1095252
test,1209796
test,947770
test,1222030
test,1096549
test,1051487
test,1072318
test,1153934
test,1105955
test,1402817
test,1271811
test,996029
test,1141018
test,1212908
test,1032510
test,950783
test,1312747
test,1070455
test,1074483
test,1255271
test,1294131
test,1069002
test,987776
test,1137461
test,966682
test,1061456
test,993477
test,1182150
test,993066
test,1050913
test,1271527
test,1158546
test,1161489
test,1030117
test,971205
test,1114153
test,1025383
test,1014012
test,1170335
test,1184181
test,1260318
test,1070122
test,1123053
test,1020178
test,1067449
test,976805
test,1046048
test,1085556
test,1217422
test,916202
test,1118096
test,1034558
test,1145975
test,1174266
test,950781
test,1125787
test,1105541
test,1221727
test,1047739
test,1009094
test,1288012
test,1180868
test,1028416
test,1044106
test,1274066
test,1189708
test,1179889
test,1291865
test,1076026
test,1104042
test,1088116
test,1157919
test,1058005
test,1168154
test,1121000
test,1214831
test,1067927
test,1051044
test,1172816
test,1119097
test,1179591
test,1205247
test,1049125
test,852896
test,1099548
test,1066342
test,1102847
test,1025970
test,1145495
test,854798
test,1042331
test,1021485
test,1202790
test,1173897
test,1147911
test,1111984
test,1098675
test,1126568
test,1147728
test,973126
test,1089414
test,1002597
test,1146979
test,909641
test,1249853
test,1108181
test,989494
test,1238302
test,928041
test,1120087
test,874376
test,1058608
test,1006950
test,1132473
test,930464
test,1033919
test,1209914
test,1067405
test,1045426
test,945241
test,1174795
test,1310127
test,1115220
test,1092562
test,1006493
test,1000199
test,1134658
test,1015033
test,849798
test,1056076
test,1230721
test,1166343
test,979451
test,994720
test,1025464
test,980514
test,1149819
test,1076242
test,997008
test,1058073
test,1192401
test,922045
test,1193021
test,1205589
test,969765
test,1001245
test,1065053
test,1111811
test,968056
test,1015456
test,1065236
test,1087551
test,1048739
test,1220266
test,967561
test,853825
test,1015068
test,901719
test,1157704
test,1183995
test,1027739
test,1152219
test,1154767
test,1096555
test,1280340
test,1004772
test,960336
test,1182817
test,1019912
test,1091065
test,952308
test,988110
test,1209034
test,1187041
test,1056602
test,1335998
test,1017576
test,1043943
test,1018444
test,1290928
test,879707
test,962458
test,1134040
test,1146020
test,1025839
test,1085306
test,1043165
test,964019
test,1083207
test,1044046
test,1191275
test,1027611
test,1158105
test,1191452
test,1104728
test,1031119
test,1045828
test,939858
test,1268932
test,1170439
test,1176526
test,1000959
test,1085753
test,955779
test,1042615
test,1003407
test,1129273
test,1052785
test,1045214
test,1307594
test,1104641
test,1308343
test,1132882
test,964899
test,1033082
test,1013677
test,1059341
test,1097119
test,1229692
test,1131567
test,1119222
test,1035550
test,1198571
test,1163657
test,1020446
test,960593
test,1142694
test,1066933
test,975365
test,1014234
test,1064915
test,1064530
test,1288643
test,995751
test,1200833
test,1119452
test,1224278
test,1195684
test,1071359
test,1054518
test,1242855
test,1177412
test,917681
test,904826
test,949665
test,1020185
test,1143974
test,1094078
test,998435
test,1141247
test,1192783
test,1115158
test,952357
test,998558
test,1265687
test,1119602
test,1244126
test,1043975
test,1218045
test,1163434
test,918330
test,1129709
test,841122
test,975773
test,917308
test,1131034
test,1069804
test,1179805
test,1064060
test,1020466
test,976091
test,1047556
test,1149435
test,1058044
test,1013456
test,1036179
test,1099018
test,1016926
test,1116548
test,1069060
test,1049280
test,1273496
test,966824
test,1276984
test,1234925
test,1236313
test,1005767
test,1182734
test,967017
test,1072806
test,955164
test,1019691
test,995436
test,1072728
test,1047303
test,1274375
test,1002234
test,1013529
test,1148376
test,958019
test,1039675
test,1152820
test,1061267
test,1150615
test,1098887
test,1086535
test,1055123
test,1160328
test,1251359
test,1035087
test,931920
test,1197741
test,1042135
test,1064341
test,1145761
test,942883
test,1010727
test,1007140
test,1143019
test,1167910
test,1061141
test,1038890
test,1125488
test,1105836
test,999182
test,990591
test,1269069
test,1080936
test,1236670
test,1157397
test,1209109
test,1127059
test,1126307
test,1100554
test,929591
test,1022289
test,1153515
test,1003327
test,1172567
test,1060703
test,981479
test,980116
test,1193931
test,1136261
test,1336684
test,944203
test,1294889
test,1139697
test,1003384
test,960421
test,1046948
test,989262
test,1249028
test,922161
test,1163371
test,1088772
test,930345
test,1195361
test,1294290
test,1102444
test,1067200
test,1081267
test,1098222
test,1258634
test,877053
test,918346
test,994533
test,977871
test,1158418
test,1120092
test,1110319
test,1057514
test,1094886
test,1130775
test,1149874
test,1120926
test,1042789
test,999448
test,1101342
test,1173410
test,968082
test,1063317
test,1073631
test,1237573
test,1184131
test,938836
test,1024228
test,1082402
test,1092492
test,1046157
test,988292
test,1159009
test,1087235
test,1149440
test,1234960
test,1302332
test,1051748
test,1038555
test,1243629
test,1248663
test,1142852
test,1042870
test,910917
test,1061812
test,1142534
test,1083467
test,1215101
test,1015298
test,1175227
test,1020785
test,1104145
test,1254448
test,1089694
test,1081237
test,1034777
test,985139
test,1097201
test,957528
test,1356491
test,1151677
test,1115235
test,1138894
test,1047084
test,1146407
test,1148511
test,1170285
test,983080
test,1177083
test,1114508
test,1037627
test,1098424
test,890029
test,1137686
test,1041964
test,1034320
test,1120244
test,991511
test,968760
test,1167703
test,1190147
test,1009339
test,1105127
test,1040512
test,1050119
test,1090955
test,929245
test,880574
test,1118051
test,903466
test,859860
test,1117529
test,1244695
test,1052747
test,996870
test,1158593
test,1045659
test,1201495
test,1087913
test,1150942
test,948763
test,1063788
test,1054099
test,1184851
test,1145742
test,1010011
test,944297
test,937022
test,1094510
test,1203552
test,958171
test,1018682
test,1232630
test,1222599
test,923776
test,1019624
test,1176779
test,1113671
test,1034313
test,1213894
test,943641
test,1248176
test,1480338
test,1152849
test,1016381
test,1066124
test,1098995
test,1236953
test,931620
test,1152913
test,952222
test,878395
test,1042556
test,1227844
test,1293181
test,1194943
test,1096287
test,1093627
test,1317348
test,1044884
test,1148665
test,914816
test,1160160
test,1150239
test,929434
test,1047620
test,1033687
test,1263064
test,1018949
test,1231157
test,1016194
test,1118672
test,1117972
test,936581
test,1044442
test,1057821
test,1206242
test,898483
test,954075
test,1101928
test,1156715
test,1060223
test,1089561
test,1109246
test,1471039
test,1000978
test,1191570
test,1091797
test,998114
test,1127533
test,1032271
test,1176108
test,1104073
test,1205009
test,1211539
test,1093999
test,1124017
test,1030498
test,1147576
test,952912
test,1136412
test,1062439
test,1108504
test,1089312
test,1051244
test,953034
test,1007965
test,999131
test,996766
test,1020431
test,1218133
test,1007948
test,1053112
test,1103043
test,1314669
test,1228458
test,966668
test,1122790
test,1172116
test,983148
test,1307852
test,1054861
test,1204028
test,1156554
test,1059825
test,1043909
test,1113313
test,1144999
test,1144161
test,1125391
test,1103989
test,1014159
test,1125383
test,1125223
test,1142049
test,1174333
test,966556
test,1078194
test,914536
test,838444
test,1182339
test,1246793
test,1039385
test,1061116
test,1268467
test,1255092
test,906747
test,1213159
test,1020763
test,1151581
test,1219089
test,1119942
test,1112018
test,1022957
test,1003268
test,1271169
test,1086102
test,1025717
test,965731
test,1128859
test,1223132
test,967979
test,958803
test,1130244
test,1168386
test,1109394
test,1051818
test,1003307
test,1097377
test,1008937
test,1237646
test,1037321
test,1023093
test,1219108
test,1019880
test,1090712
test,1335957
test,1229784
test,1147111
test,1055094
test,957719
test,1030169
test,1122580
test,860679
test,1142307
test,1065648
test,1105698
test,970587
test,981920
test,1116625
test,1158157
test,1071614
test,1206826
test,1154375
test,1182689
test,944814
test,1056765
test,1148042
test,1036967
test,1075994
test,920137
test,1123210
test,1072686
test,974292
test,1024279
test,1044419
test,1015986
test,1170477
test,994452
test,1207170
test,852793
test,1116141
test,1001897
test,1174122
test,1218993
test,1120636
test,1214765
test,1027531
test,1094322
test,1282075
test,1022397
test,936832
test,1085423
test,978055
test,1173772
test,1118775
test,1068773
test,1040796
test,1152032
test,948089
test,1029723
test,1390549
test,1057387
test,1070748
test,1374829
test,1028679
test,1041988
test,1324011
test,1162961
test,1070333
test,1132317
test,1004130
test,985966
test,973209
test,933602
test,1047002
test,900820
test,888890
test,1168964
test,1247855
test,1126749
test,1068203
test,1083563
test,1009168
test,1251585
test,1239413
test,1263778
test,1059474
test,915461
test,986100
test,1165784
test,1074905
test,1155163
test,1092869
test,1045450
test,1086607
test,1231591
test,921832
test,1058574
test,1282715
test,1055963
test,1022097
test,1124671
test,1106096
test,1026961
test,1136357
test,1148498
test,890776
test,985640
test,1023703
test,987388
test,1150932
test,1028841
test,1252754
test,1001495
test,1168501
test,973342
test,1034915
test,918034
test,1101545
test,1112631
test,1031492
test,1228310
test,926440
test,1100787
test,1150074
test,975234
test,1130510
test,867018
test,1131045
test,1248146
test,1025220
test,959292
test,1211576
test,1147757
test,1030891
test,964716
test,1163884
test,1074170
test,1088937
test,1095709
test,941996
test,1127115
test,1051893
test,1056688
test,1221438
test,1006088
test,1114585
test,1021183
test,1040141
test,1062524
test,1049514
test,984357
test,1189586
test,1186350
test,1102228
test,1059840
test,1110884
test,1065917
test,1126797
test,885673
test,1024798
test,1333120
test,1059985
test,1120166
test,940323
test,1076723
test,1091666
test,1139403
test,1097813
test,1226752
test,1017234
test,1038609
test,1080249
test,1005845
test,1197835
test,968655
test,867988
test,1073335
test,990943
test,1086892
test,1234256
test,1098898
test,1327317
test,1083955
test,1231066
test,1110472
test,1045610
test,1121442
test,1083491
test,994714
test,970516
test,962942
test,1069458
test,1110824
test,877199
test,985459
test,1025183
test,1241878
test,1192866
test,1313813
test,1029833
test,1227056
test,1003726
test,1259559
test,1163829
test,1004282
test,1234075
test,994897
test,1063124
test,1206116
test,1091771
test,990893
test,1105755
test,1053918
test,1020775
test,1141018
test,1114390
test,1285834
test,1038931
test,1098551
test,1084230
test,1017597
test,1063387
test,1329374
test,1153930
test,1055074
test,1108859
test,1249242
test,1002851
test,1033274
test,1366184
test,1014848
test,1008135
test,1033596
test,1081140
test,1152949
test,998957
test,1228655
test,1211009
test,1098634
test,898176
test,1178321
test,937154
test,960921
test,942661
test,1059712
test,1072172
test,1137369
test,1093642
test,1022762
test,1276909
test,1094913
test,1073637
test,1239899
test,1102293
test,1316008
test,1033881
test,1034687
test,1083694
test,1202889
test,1139923
test,1088325
test,1072689
test,974031
test,1053067
test,1150237
test,1115684
test,1343822
test,1040195
test,996311
test,1059504
test,890636
test,914052
test,1097772
test,968596
test,1324457
test,1115173
test,992364
test,1269922
test,1149730
test,1240462
test,1288868
test,1192465
test,1272634
test,1181752
test,996837
test,1141116
test,1118370
test,1214754
test,1107940
test,1115750
test,1148354
test,1242144
test,1187599
test,1148553
test,1088320
test,947293
test,1108355
test,1205929
test,1048804
test,1338295
test,827267
test,1175920
test,1106701
test,1119566
test,918183
test,1257443
test,1124062
test,1120173
test,1034378
test,1167986
test,1150278
test,1231020
test,1123472
test,865048
test,1072760
test,1149716
test,999032
test,1128975
test,954646
test,1090673
test,1137564
test,1214220
test,1192456
test,1035403
test,933155
test,1107394
test,1085646
test,1094986
test,1183535
test,1091180
test,1040563
test,1079382
test,1103644
test,1009070
test,933782
test,1243399
test,1196969
test,1036498
test,912640
test,1057314
test,1043104
test,1045360
test,1141033
test,1042238
test,1111100
test,1130376
test,1052027
test,906924
test,1146778
test,1004020
test,1016421
test,1031591
test,933624
test,1021998
test,1017448
test,1122768
test,1042079
test,1235315
test,1114923
test,1178343
test,1094373
test,1114322
test,1060748
test,1169582
test,1422158
test,1080877
test,1146700
test,1192987
test,967244
test,996851
test,1014845
test,1079627
test,1213523
test,902489
test,1016252
test,1183620
test,990810
test,1018239
test,1103237
test,980159
test,1252026
test,1171486
test,959128
test,1086849
test,1025570
test,1003523
test,1070025
test,1281249
test,1033582
test,1174608
test,1035598
test,1237992
test,1153617
test,1294990
test,1116948
test,1006429
test,851630
test,1007697
test,1089348
test,991139
test,1194307
test,1150887
test,1117079
test,1153995
test,1008105
test,1028019
test,1020954
test,1023914
test,981075
test,1254121
test,1140793
test,1031059
test,995670
test,1027368
test,1327508
test,1191601
test,1108930
test,969750
test,1165488
test,1261945
test,1148065
test,1123221
test,1113929
test,1034508
test,1048917
test,1278303
test,1043148
test,1162413
test,1033706
test,933203
test,1212295
test,1100051
test,1051152
test,946553
test,1282787
test,926089
test,926491
test,943699
test,1078416
test,1013568
test,1123179
test,993779
test,951153
test,1055602
test,911921
test,1023025
test,1018463
test,1164059
test,1094405
test,1159646
test,1002904
test,1175433
test,1107046
test,958696
test,988079
test,1045182
test,1211955
test,1196127
test,1261525
test,1030851
test,1091282
test,1055194
test,981182
test,1142269
test,1118858
test,1180551
test,975215
test,1124428
test,1191367
test,1112204
test,1346922
test,1024584
test,1068257
test,1093216
test,902302
test,1000541
test,1028661
test,1169890
test,977580
test,1052620
test,1351681
test,1090305
test,933718
test,1028552
test,933188
test,966402
test,1190616
test,969052
test,1067084
test,1157039
test,917415
test,970808
test,940017
test,1207591
test,1202078
test,919721
test,992783
test,1103639
test,1293402
test,942939
test,1012135
test,1271828
test,1035651
test,1020102
test,1226187
test,1213869
test,1075877
test,1054009
test,1063029
test,1092148
test,1048068
test,1169156
test,1027209
test,1134542
test,944209
test,1031685
test,1122654
test,989058
test,862269
test,1042586
test,1141893
test,1099262
test,990840
test,1184529
test,1141498
test,1077352
test,931605
test,943524
test,1057539
test,1005985
test,1018889
test,1047419
test,1041713
test,1240372
test,1169235
test,1157814
test,1065581
test,1162079
test,1060992
test,1263274
test,1078453
test,886215
test,1119850
test,964266
test,1024563
test,894353
test,1078640
test,967113
test,1005050
test,1300427
test,908098
test,1073283
test,1069709
test,1238903
test,1170348
test,1026630
test,1443652
test,998523
test,962245
test,1095818
test,1013203
test,922007
test,1249328
test,1147995
test,1210671
test,1075599
test,961797
test,995421
test,880594
test,1037345
test,1385478
test,951762
test,1072262
test,1192304
test,1032437
test,1013592
test,1001571
test,968924
test,874756
test,997411
test,1014197
test,1049170
test,912706
test,942880
test,1017882
test,949969
test,1263554
test,1047074
test,1144777
test,1071828
test,1071067
test,1008777
test,1072198
test,1087877
test,1158234
test,1182565
test,1180592
test,1070036
test,1107436
test,1226040
test,930845
test,1009415
test,1100768
test,982277
test,1035143
test,1003401
test,932742
test,1191654
test,1090007
test,1049417
test,1208112
test,1187538
test,1021135
test,1173863
test,1081513
test,1127816
test,1169470
test,981088
test,1108149
test,1154287
test,1036787
test,968701
test,1048017
test,921480
test,972896
test,1020145
test,1109074
test,925776
test,1096228
test,1108151
test,983522
test,1308212
test,1037502
test,1144665
test,1085156
test,1097307
test,1335467
test,889704
test,1082040
test,950635
test,1077914
test,1202765
test,1116687
test,1057183
test,1247225
test,1216173
test,1034104
test,1069546
test,987334
test,1055660
test,1108373
test,1164678
test,873789
test,1109172
test,765724
test,1043479
test,1043189
test,945546
test,892723
test,1107816
test,1059565
test,1342667
test,1066190
test,976180
test,1019634
test,952624
test,1199414
test,1056331
test,944658
test,1213306
test,1250379
test,1125297
test,1093193
test,1042814
test,887816
test,1071189
test,1009822
test,1220247
test,1092146
test,1131652
test,1176448
test,1056264
test,1060241
test,982009
test,1087890
test,1078233
test,1031567
test,1020760
test,944754
test,1055512
test,1017554
test,1113627
test,871224
test,1090846
test,1146086
test,1114412
test,1131136
test,1232027
test,1133778
test,1054337
test,1098981
test,951607
test,1063191
test,1078878
test,910606
test,1107747
test,1120532
test,1278743
test,1280804
test,915189
test,944427
test,1026468
test,1133819
test,1023324
test,1026736
test,1118579
test,1385545
test,1119858
test,1165127
test,1112970
test,996786
test,1112826
test,1312487
test,1034183
test,1085610
test,1074271
test,969440
test,972524
test,945076
test,950485
test,913455
test,1083060
test,1100862
test,1104843
test,949329
test,977026
test,1357269
test,1153363
test,1061935
test,1171966
test,1199154
test,1121647
test,1161246
test,1051879
test,869659
test,1227698
test,1165835
test,1193317
test,1072874
test,1093201
test,1456043
test,927837
test,1217463
test,1074184
test,1058861
test,1081572
test,1123664
test,1066781
test,963677
test,964327
test,1079484
test,1047573
test,1088583
test,1036069
test,1229033
test,1059649
test,1232928
test,1062861
test,983763
test,1177238
test,1041270
test,1086065
test,1311059
test,997746
test,1123546
test,1011539
test,1102899
test,1160974
test,1065036
test,927596
test,1001801
test,971684
test,989154
test,1117326
test,1037542
test,1035443
test,987975
test,1188958
test,980179
test,883142
test,1368043
test,1039696
test,1150914
test,1256865
test,1116798
test,1200493
test,996177
test,1149290
test,1077841
test,1080138
test,1308775
test,985922
test,1166896
test,1041057
test,1068990
test,1014721
test,1018256
test,1242177
test,916223
test,975795
test,1161431
test,991228
test,925896
test,1025598
test,928905
test,1312345
test,956395
test,1227983
test,1092677
test,978250
test,1156679
test,1111756
test,1008555
test,1439075
test,1104073
test,1054254
test,1203431
test,955743
test,1030625
test,1079135
test,1206492
test,952550
test,1117036
test,1124538
test,943930
test,932103
test,963898
test,1137763
test,1109764
test,1104110
test,964666
test,1036973
test,913052
test,921011
test,1303696
test,1212347
test,1095862
test,1220881
test,1092477
test,1420546
test,993099
test,1008044
test,1037418
test,1024546
test,1358290
test,1140894
test,1052339
test,1154224
test,1103067
test,1045436
test,1067119
test,1040212
test,1127133
test,993225
test,1105345
test,999475
test,1077302
test,1277691
test,1097643
test,1198564
test,990175
test,991650
test,1147760
test,1145983
test,1048797
test,1056024
test,1126599
test,999322
test,1066645
test,1073346
test,1169787
test,1007453
test,1192184
test,1103413
test,1115513
test,1145167
test,1087297
test,1000523
test,1037498
test,1135708
test,1088174
test,1148772
test,1120633
test,1088089
test,1049705
test,1004556
test,1157058
test,1166648
test,1157368
test,1041075
test,1087740
test,1059026
test,970260
test,1048057
test,970233
test,1311159
test,989965
test,1286427
test,935399
test,1288821
test,898960
test,954279
test,911967
test,1067432
test,900855
test,916430
test,957332
test,1111296
test,1084086
test,1073791
test,1063295
test,1260010
test,1181438
test,1088724
test,1230246
test,1017047
test,913258
test,987133
test,1103830
test,990571
test,1051069
test,1108934
test,1057751
test,1302620
test,1003943
test,1077289
test,1105353
test,1023904
test,1017208
test,954014
test,1145512
test,1032762
test,1052810
test,1138666
test,1129827
test,1043062
test,1073601
test,1178662
test,1097288
test,1248391
test,1107161
test,1159752
test,1050461
test,1204928
test,1105323
test,1089267
test,1034370
test,1052437
test,1230783
test,1157620
test,1138394
test,805392
test,955272
test,1097204
test,1225090
test,1014322
test,1030012
test,1066295
test,1013575
test,996875
test,1100074
test,1095784
test,1076100
test,1111001
test,994894
test,1062110
test,911587
test,1132692
test,917565
test,1121155
test,1130488
test,1014396
test,1091336
test,976116
test,1121919
test,1007465
test,1126373
test,960628
test,1064709
test,1046181
test,1083888
test,1048432
test,1119941
test,1122363
test,968218
test,1007975
test,1060716
test,1132226
test,1429013
test,897401
test,999998
test,1018741
test,1102576
test,1108499
test,1094515
test,1072677
test,1191912
test,947510
test,1043550
test,1022701
test,964614
test,1039566
test,919816
test,1156440
test,1184104
test,1033346
test,1179330
test,931948
test,934851
test,971145
test,1042153
test,1100870
test,887826
test,979672
test,1118393
test,1145620
test,1133931
test,1172003
test,1064823
test,1074961
test,1015203
test,1126072
test,1334343
test,1112872
test,1224608
test,1255533
test,1116693
test,920796
test,1050390
test,1058775
test,953812
test,1101245
test,1051655
test,969150
test,1178700
test,1061716
test,1400180
test,1275355
test,1265254
test,1053748
test,1181057
test,1174221
test,1074986
test,1190830
test,1160185
test,1133515
test,1011771
test,1030734
test,1270932
test,1055230
test,995574
test,1106582
test,937154
test,1102441
test,936771
test,1249893
test,1108435
test,1277265
test,1137724
test,1140984
test,1350355
test,1233185
test,1201864
test,1070582
test,1080403
test,1147476
test,1211258
test,988080
test,950540
test,1188206
test,1212467
test,1165623
test,1128496
test,1049252
test,1035044
test,873705
test,982321
test,931703
test,1134832
test,1084063
test,1222390
test,1102523
test,1015540
test,997441
test,958314
test,1136020
test,1040067
test,1031845
test,1028153
test,1086311
test,1091678
test,1035922
test,981441
test,1085563
test,965568
test,1051019
test,1181076
test,1031564
test,1118203
test,1075706
test,1032055
test,1075000
test,989769
test,1311669
test,1053016
test,918361
test,1291238
test,964977
test,1115503
test,1156814
test,1030420
test,1190335
test,1077393
test,1228788
test,1048129
test,992661
test,1209575
test,1139504
test,1047943
test,1224663
test,1084801
test,1057200
test,1100448
test,916235
test,1031033
test,1048938
test,997316
test,1145994
test,962995
test,1149248
test,1463755
test,972086
test,1341056
test,1172255
test,1272230
test,1278629
test,1164726
test,1073360
test,1112380
test,1038199
test,1315446
test,1006424
test,1099985
test,1090804
test,1146693
test,926737
test,1139243
test,1297127
test,1091030
test,1043970
test,1186903
test,1128571
test,1149012
test,1150889
test,995522
test,1091502
test,900334
test,1210401
test,1129527
test,1083313
test,1164702
test,1059588
test,1265970
test,1043193
test,949265
test,1036187
test,1228563
test,983245
test,1193194
test,1085381
test,1197768
test,921509
test,1191412
test,967854
test,1043075
test,1177640
test,904901
test,1086940
test,1085979
test,1090053
test,1071991
test,1076620
test,927794
test,993000
test,1084544
test,1154901
test,1055221
test,1052380
test,1112754
test,1065510
test,1072031
test,960344
test,1242115
test,1163486
test,1135560
test,1167012
test,1149224
test,1017254
test,1079776
test,1116575
test,956527
test,1100556
test,1044957
test,1010612
test,1038709
test,1344609
test,1062752
test,1104202
test,1076307
test,1045762
test,1034642
test,1041721
test,1095479
test,1043992
test,988782
test,1024938
test,1071329
test,1116198
test,1017363
test,1051584
test,875794
test,1333350
test,1240163
test,1115517
test,1021489
test,945623
test,1173264
test,1067168
test,1003458
test,882548
test,1226715
test,1012161
test,1029758
test,922288
test,1097844
test,1128299
test,1184210
test,1150664
test,1016887
test,1294160
test,1188474
test,1151510
test,1025102
test,1102836
test,981249
test,1084012
test,1189374
test,1075131
test,1011421
test,1334265
test,1138054
test,1112471
test,1216915
test,1292625
test,1052047
test,1092678
test,1210739
test,1182018
test,1042740
test,1075056
test,1235075
test,967659
test,1134950
test,1294548
test,1141851
test,1036398
test,1160662
test,1271812
test,1029357
test,1131541
test,982671
test,1045697
test,953139
test,1133842
test,1140803
test,1020289
test,1059798
test,1036345
test,1122410
test,1159542
test,944409
test,1049450
test,1008453
test,1157739
test,1025286
test,1238857
test,958542
test,1061947
test,1109775
test,1049379
test,1081489
test,1353896
test,859904
test,1040066
test,1265234
test,1289831
test,983000
test,1138247
test,1096108
test,1226030
test,1267756
test,1162401
test,1048024
test,1237865
test,1172517
test,1028446
test,1087796
test,1124572
test,1243825
test,1111839
test,1222013
test,1135109
test,1137378
test,1050416
test,900926
test,1036428
test,1088367
test,1379047
test,1063926
test,1004906
test,984567
test,939076
test,1055333
test,1078131
test,972579
test,1205562
test,1145094
test,966246
test,871584
test,1158666
test,1223510
test,1180444
test,989503
test,891746
test,1102044
test,1119721
test,1088497
test,1147973
test,1125612
test,1075125
test,1083338
test,959504
test,1079846
test,1311268
test,1042146
test,1111081
test,1280755
test,1164565
test,1003679
test,1112409
test,965276
test,1169714
test,1205753
test,1007534
test,1107833
test,1100014
test,993643
test,1185831
test,1170701
test,1015252
test,975746
test,967439
test,1092528
test,1109637
test,986090
test,1103353
test,1024983
test,913367
test,1095076
test,1054315
test,1130488
test,1085583
test,1153035
test,1108549
test,940127
test,994157
test,1130637
test,1282815
test,1087581
test,1318043
test,1115490
test,1101889
test,1053406
test,1115182
test,1080365
test,988899
test,942246
test,964171
test,1109046
test,1162204
test,1064547
test,980426
test,1019900
test,1114117
test,1100162
test,1052941
test,1081156
test,1047087
test,1153554
test,1086447
test,1197721
test,1063344
test,1352252
test,1013239
test,1032403
test,1072320
test,1021289
test,1022503
test,1066775
test,1224860
test,1083166
test,1061563
test,1329560
test,930874
test,1111680
test,1034940
test,1192575
test,901100
test,1037642
test,1112894
test,1178164
test,992643
test,1007996
test,1111541
test,983786
test,1082866
test,1068310
test,1226122
test,975092
test,1194832
test,1174922
test,1128450
test,1034481
test,1140995
test,1206436
test,1239541
test,1081811
test,1239832
test,1045365
test,1065069
test,1201034
test,1071525
test,1046802
test,1076048
test,958257
test,1002729
test,1238379
test,954558
test,884646
test,1163718
test,1200043
test,1165045
test,1315814
test,980478
test,1014960
test,1089050
test,920968
test,1335171
test,1073529
test,1273772
test,1323488
test,1246690
test,1178225
test,879938
test,1160560
test,1211972
test,1189156
test,890977
test,1118728
test,948917
test,1070153
test,1083858
test,1084999
test,1068723
test,979434
test,1213195
test,860920
test,1055820
test,982140
test,829550
test,902370
test,1127127
test,1086458
test,1115051
test,944382
test,882130
test,994930
test,1101373
test,1167527
test,1147924
test,998700
test,1005810
test,1097011
test,1053017
test,1149428
test,1222978
test,1091397
test,976203
test,1067751
test,1212621
test,1236775
test,1218477
test,1145836
test,1122596
test,1233703
test,1043963
test,964548
test,1225715
test,1010845
test,980215
test,941728
test,1091085
test,1272526
test,970518
test,1091267
test,945617
test,1190479
test,1207715
test,1159243
test,1105428
test,1336159
test,1025676
test,968867
test,1046265
test,944012
test,1044058
test,1175308
test,1025203
test,1123470
test,1313145
test,1043181
test,989163
test,1054568
test,1164087
test,1018453
test,1138228
test,1180385
test,1153968
test,928505
test,1327590
test,1238076
test,944121
test,1147293
test,1135746
test,1135254
test,1084792
test,1073440
test,1053929
test,1083161
test,1135108
test,938101
test,1116306
test,1122075
test,994701
test,1034462
test,1062146
test,983970
test,1173196
test,1223361
test,1136089
test,913708
test,957783
test,1249016
test,1107703
test,1081642
test,1119257
test,1103847
test,1178829
test,1165456
test,1037076
test,1063834
test,1028186
test,977953
test,1062440
test,1185328
test,1060774
test,1166822
test,1045219
test,1253352
test,1122743
test,1156226
test,1025726
test,1274317
test,1134924
test,1409796
test,1215999
test,995830
test,957118
test,1064374
test,1182297
test,1023707
test,1125841
test,1101665
test,992352
test,1177925
test,1085045
test,961749
test,1411384
test,984106
test,1216581
test,1037387
test,914495
test,1124934
test,1186388
test,1056658
test,1046179
test,1102775
test,1051427
test,1049764
test,1050064
test,1078244
test,1130927
test,1067546
test,1075942
test,1031876
test,1021301
test,865306
test,985341
test,1194610
test,910309
test,1004889
test,1168150
test,1193274
test,888043
test,936853
test,1257097
test,1057679
test,1179015
test,1039817
test,1059453
test,1232297
test,1051072
test,1010011
test,1126352
test,1054694
test,1089954
test,1005446
test,1007460
test,1014450
test,1020565
test,1181179
test,1277464
test,1302541
test,1021775
test,1038550
test,1060328
test,1205448
test,1238199
test,1116472
test,984566
test,934861
test,1046114
test,1065312
test,1024719
test,1190762
test,1155393
test,1321089
test,1079277
test,1217315
test,1050570
test,1078527
test,1061906
test,1081482
test,1434522
test,1125073
test,977648
test,1173941
test,1039186
test,1072552
test,1078917
test,1055414
test,1113170
test,1165014
test,948406
test,1238383
test,1112699
test,1158200
test,1314104
test,1049059
test,1117314
test,967034
test,1066835
test,964257
test,1022652
test,935984
test,996663
test,1219033
test,977871
test,1015232
test,880566
test,1076766
test,1129936
test,1071965
test,1187417
test,1009513
test,928890
test,1131533
test,925610
test,1072213
test,1214961
test,1122748
test,1003633
test,1023979
test,1111943
test,1283376
test,991830
test,1172766
test,1175300
test,1165244
test,1135583
test,1289899
test,942496
test,1041431
test,1286733
test,942409
test,1219577
test,1121296
test,1110181
test,1123578
test,1039322
test,1264109
test,1078578
test,1192110
test,976466
test,1004185
test,1131763
test,958747
test,940532
test,882073
test,1032731
test,1123795
test,1088369
test,1067469
test,1118965
test,1105120
test,1152398
test,946830
test,1075146
test,1083064
test,1148499
test,1141164
test,918433
test,1341027
test,986605
test,1004817
test,1095753
test,1149017
test,1059218
test,1103547
test,1055116
test,1026415
test,1140283
test,1054550
test,990629
test,1022271
test,1017297
test,966201
test,1022797
test,1168364
test,1125181
test,964395
test,1226238
test,935494
test,938381
test,1139988
test,1014486
test,1212104
test,1033417
test,1036089
test,1057498
test,1215680
test,1078403
test,1190814
test,911169
test,1247999
test,1099847
test,1022162
test,1113870
test,932004
test,1056436
test,1010177
test,1036983
test,971336
test,1031206
test,1104016
test,1024580
test,1073562
test,1027576
test,1194632
test,992356
test,1154833
test,1242427
test,1201742
test,1086759
test,1082825
test,1045711
test,1018872
test,1097643
test,1060274
test,1214662
test,1060286
test,1100094
test,1087122
test,1225438
test,1115342
test,1140830
test,1036477
test,1026472
test,1067463
test,1090048
test,1039448
test,1151248
test,1081988
test,1139830
test,999751
test,987492
test,1131065
test,1076404
test,1183968
test,936468
test,1110892
test,1029308
test,1118546
test,1065743
test,888213
test,996108
test,1025672
test,1037896
test,1254045
test,1224777
test,1101545
test,1040506
test,990753
test,1012263
test,1078526
test,1152999
test,880238
test,1103576
test,949163
test,956508
test,1046043
test,1057432
test,1071552
test,1199719
test,1154333
test,1175981
test,1018897
test,1054851
test,1129801
test,1024878
test,1003919
test,1040535
test,1122970
test,1018863
test,1149119
test,1111470
test,1277920
test,1183629
test,956724
test,980105
test,1203362
test,1051598
test,1306927
test,1398099
test,991053
test,981490
test,1107152
test,1105977
test,1208510
test,1216590
test,1060875
test,1204185
test,1039741
test,988633
test,1013933
test,1280589
test,985136
test,1171514
test,1203818
test,1179698
test,1202707
test,1077942
test,1093434
test,1102450
test,1199755
test,1005167
test,1072504
test,1034890
test,1151934
test,999391
test,1026999
test,1154533
test,1116705
test,1195539
test,1126765
test,1248216
test,1295024
test,1079463
test,1087499
test,986537
test,1069011
test,1070748
test,1079169
test,969918
test,1055073
test,914511
test,1035260
test,1024702
test,1018953
test,994192
test,1226700
test,1214141
test,998924
test,1141986
test,1008682
test,948932
test,963610
test,1213406
test,1353813
test,1025028
test,1148883
test,1034820
test,1048610
test,1093947
test,1050845
test,1072962
test,1176074
test,954733
test,991030
test,1175224
test,1023471
test,871451
test,1050303
test,1058476
test,891412
test,1187960
test,1175693
test,1069324
test,1062319
test,828220
test,1026961
test,1078489
test,1244923
test,1190473
test,1133795
test,978045
test,1167950
test,1199129
test,1144135
test,1012085
test,1231608
test,1053371
test,1186905
test,1056471
test,1216225
test,1206173
test,1016775
test,991899
test,1274477
test,1152726
test,962313
test,1167669
test,1157662
test,1251560
test,1044681
test,959743
test,971453
test,1080743
test,975107
test,1034313
test,1056970
test,1082446
test,1278976
test,1032021
test,1184997
test,1039669
test,1261693
test,918205
test,1210132
test,1014133
test,1099740
test,1247924
test,1036899
test,1107838
test,1131981
test,950246
test,1103831
test,1081297
test,1197418
test,1009238
test,1009005
test,998079
test,1234830
test,1068379
test,1026010
test,1022377
test,1084358
test,1186647
test,1109464
test,1127352
test,1142785
test,1152962
test,1029623
test,1123160
test,1119512
test,972533
test,1138801
test,1141680
test,1105938
test,1008146
test,1063736
test,1019440
test,1007016
test,1092345
test,1170114
test,965411
test,1010024
test,1001450
test,1070089
test,1062267
test,1026762
test,1105869
test,1012796
test,1141438
test,1325717
test,1239437
test,1307145
test,938619
test,1348738
test,1128043
test,1344172
test,988116
test,1316496
test,990840
test,957984
test,881611
test,1240516
test,1029108
test,1070480
test,1057488
test,1027380
test,1171184
test,1047974
test,1177314
test,1143433
test,1223116
test,1248406
test,1013198
test,1013531
test,928208
test,1281603
test,1163209
test,1019635
test,1174861
test,1206913
test,1186109
test,998682
test,1006713
test,1239489
test,1134388
test,919082
test,1282425
test,1158252
test,1220631
test,1009125
test,1237782
test,1271452
test,1091845
test,1189881
test,1120001
test,1225063
test,1050262
test,1123713
test,1156833
test,855489
test,1034905
test,1030187
test,1071829
test,1125778
test,1099091
test,997572
test,1000102
test,904970
test,1077401
test,1090060
test,901304
test,1125143
test,999707
test,946291
test,911385
test,1133841
test,963263
test,1154889
test,1052441
test,1118380
test,948067
test,1146300
test,1044114
test,1174321
test,1101192
test,1154698
test,995813
test,1198820
test,1029531
test,1058163
test,1179168
test,1115578
test,1198103
test,1374689
test,1193937
test,1005861
test,1140190
test,1095960
test,1113400
test,1119584
test,1189608
test,1048215
test,899046
test,1176759
test,1087053
test,907513
test,984444
test,988344
test,1234357
test,1056546
test,1049315
test,987697
test,1071643
test,1026516
test,1266747
test,840937
test,1140505
test,1185489
test,1174915
test,970325
test,1282184
test,1157504
test,1355002
test,1127889
test,927461
test,1139296
test,1202114
test,873114
test,1080461
test,1141457
test,1137182
test,1118691
test,1282686
test,1134700
test,1173932
test,1050585
test,1180868
test,1081827
test,1100842
test,1044648
test,1099888
test,950092
test,1007508
test,1027001
test,1000108
test,1108400
test,1107116
test,1118112
test,1206634
test,920459
test,1071301
test,1163214
test,1281447
test,1165742
test,914337
test,1086774
test,1126377
test,930083
test,1044407
test,967052
test,896095
test,1176270
test,1269353
test,1211578
test,1061107
test,1106137
test,1081849
test,1064867
test,1214634
test,1246864
test,1107745
test,1081210
test,1003971
test,1223857
test,1184771
test,989541
test,1159597
test,1066458
test,1016876
test,1285906
test,1025647
test,1135582
test,1170530
test,1055848
test,982953
test,1402559
test,1143968
test,1076578
test,1180877
test,1068911
test,1068311
test,1051184
test,1104804
test,865382
test,1035669
test,1175700
test,1223148
test,1121226
test,1146434
test,1092182
test,913055
test,978834
test,1264322
test,1142586
test,1007556
test,993140
test,1147203
test,1149882
test,1091867
test,1026297
test,1227171
test,1076348
test,1103706
test,1023115
test,1203895
test,1223828
test,1072596
test,1123814
test,1070421
test,1132276
test,979790
test,956147
test,1145304
test,1283947
test,1431091
test,1018475
test,1010110
test,1034222
test,957219
test,1062549
test,1102241
test,1105795
test,927001
test,1121315
test,925917
test,992606
test,1131858
test,864305
test,1123138
test,1114571
test,1083426
test,1062108
test,1278371
test,1167030
test,1156503
test,1222024
test,1155375
test,1102107
test,1026163
test,1046304
test,931415
test,1089647
test,934921
test,1207840
test,1250835
test,1211874
test,985965
test,1398748
test,1174329
test,1054217
test,1196002
test,1043528
test,925358
test,1092118
test,1224738
test,1008521
test,913560
test,1107640
test,1374691
test,1033754
test,1031804
test,1105611
test,1143710
test,1034954
test,1072994
test,1101131
test,1030955
test,1258383
test,1229188
test,1308922
test,1093563
test,1156408
test,1397170
test,1053326
test,1084467
test,1020744
test,1236098
test,1012840
test,1102694
test,898305
test,1108630
test,1157542
test,1114273
test,1029816
test,975906
test,1025486
test,1147685
test,1040600
test,986092
test,1215029
test,1174511
test,1085096
test,1023477
test,1044905
test,1265379
test,1259257
test,1041841
test,1054864
test,1035658
test,1090127
test,1256499
test,1163057
test,1146556
test,1210922
test,1064652
test,1011687
test,1074809
test,1078592
test,1210862
test,1252117
test,1149345
test,1142258
test,1316915
test,990357
test,1209669
test,1079385
test,1085750
test,1250744
test,944283
test,1133598
test,1188580
test,1089861
test,981977
test,957072
test,962666
test,1180021
test,1155794
test,1089801
test,1119817
test,1184881
test,1189800
test,1188349
test,1033591
test,993616
test,1073029
test,1059962
test,1135917
test,1033605
test,995822
test,1037980
test,995252
test,1068119
test,1175954
test,1209284
test,1042193
test,1131877
test,1162321
test,1051509
test,1147070
test,923925
test,1072583
test,1238420
test,997195
test,976202
test,1306591
test,1061315
test,1126558
test,1312779
test,1119232
test,1037701
test,1110414
test,978530
test,1017399
test,924569
test,1203326
test,1252864
test,1228580
test,938579
test,1000232
test,1150604
test,1033686
test,1311660
test,1176338
test,1062827
test,906924
test,1042976
test,1235706
test,1093273
test,1162369
test,1295285
test,1148046
test,1083095
test,989828
test,1064828
test,1049488
test,1212245
test,1262659
test,1110398
test,963553
test,1214137
test,1065643
test,1240126
test,1038241
test,1057592
test,1125033
test,1191306
test,1217082
test,1138671
test,1087186
test,1024451
test,1369110
test,1088798
test,954728
test,1023968
test,1194735
test,997092
test,1138929
test,1070891
test,1211629
test,1175237
test,1123750
test,1164161
test,1086721
test,1001503
test,1083750
test,1064117
test,1102689
test,1035312
test,1092062
test,1042340
test,1289193
test,1378523
test,1157297
test,952365
test,1109579
test,991466
test,1252913
test,1091088
test,987066
test,1057213
test,1135128
test,1125717
test,1138595
test,922986
test,1101207
test,1178360
test,1031417
test,1074369
test,1336559
test,1283326
test,1236782
test,1110651
test,1009074
test,1342456
test,1043227
test,1072056
test,1163873
test,1004263
test,1006606
test,1015712
test,953224
test,1262606
test,1065709
test,1355882
test,984763
test,1066584
test,1314330
test,801484
test,1224737
test,1112415
test,1111984
test,1191525
test,1042844
test,1083653
test,1130092
test,1039609
test,1094359
test,1161424
test,1227807
test,1187197
test,1121191
test,1274471
test,1172608
test,1016037
test,1075485
test,1005729
test,1195278
test,1125493
test,1113567
test,1025056
test,1208791
test,1033399
test,1147214
test,1207623
test,921333
test,1096010
test,1223676
test,1065889
test,1052290
test,1061571
test,1021015
test,1019162
test,1131883
test,1124966
test,986255
test,1147248
test,961389
test,1249757
test,1025170
test,1033598
test,984063
test,1067272
test,1169771
test,875256
test,1050679
test,968448
test,1287104
test,1156738
test,1084752
test,1116130
test,1153347
test,1229497
test,1057077
test,1130395
test,972719
test,1201632
test,1115518
test,949720
test,1180973
test,1242358
test,1026199
test,1169139
test,1019919
test,1041104
test,1182461
test,1004484
test,1000738
test,1287047
test,972154
test,1273349
test,1185516
test,1239625
test,1229720
test,1130039
test,1012563
test,953880
test,933662
test,1066444
test,1007421
test,1053364
test,1339713
test,1032608
test,1095481
test,1010358
test,1074083
test,1034488
test,1145489
test,1115001
test,1204694
test,985626
test,1111373
test,907946
test,1079642
test,1059169
test,988937
test,1033225
test,1165895
test,1266084
test,1183248
test,1093803
test,1033063
test,1130233
test,1140676
test,1016388
test,1044951
test,1076329
test,991972
test,1027373
test,1075989
test,1122993
test,1140357
test,1161494
test,993784
test,1270007
test,1102075
test,1085386
test,1109246
test,1055611
test,1051299
test,1092893
test,1010388
test,1191876
test,1035825
test,1141371
test,926886
test,1336843
test,1164306
test,1150702
test,983749
test,973340
test,1011284
test,1109620
test,1220031
test,1144409
test,1087341
test,1044454
test,1038407
test,1072892
test,1175577
test,976498
test,1058993
test,1002595
test,980685
test,1090701
test,1015880
test,1063722
test,1122498
test,952810
test,1227554
test,936338
test,1120226
test,1008178
test,1078547
test,959036
test,927992
test,1161045
test,1115790
test,929219
test,1088483
test,1090737
test,958879
test,1119903
test,1191253
test,1048142
test,974596
test,959003
test,1045095
test,1086025
test,1115993
test,976104
test,1178346
test,1387158
test,1142767
test,893943
test,1103816
test,1255845
test,1066944
test,1125900
test,1187609
test,1207604
test,1157975
test,1148733
test,1134716
test,1027328
test,934012
test,1053520
test,1156309
test,986202
test,996934
test,1276083
test,1156571
test,1094090
test,1099398
test,1159259
test,1405015
test,991311
test,1140432
test,1232820
test,1151346
test,976087
test,1095729
test,1092447
test,1047799
test,1013337
test,1320391
test,897481
test,974318
test,1165603
test,1132877
test,941420
test,1230276
test,1155009
test,1029356
test,1086446
test,1231306
test,1180062
test,1089971
test,1415226
test,979440
test,1103502
test,1192138
test,1069271
test,999338
test,1122881
test,1256565
test,1054549
test,1123509
test,1357379
test,1353961
test,1006515
test,944686
test,918104
test,1035498
test,1123816
test,897328
test,1319499
test,939471
test,1072177
test,1300724
test,1041907
test,1056098
test,920076
test,1219555
test,1088915
test,1097298
test,942067
test,1250116
test,1091514
test,1239584
test,936524
test,984925
test,1127314
test,1280632
test,1260009
test,1113911
test,1113684
test,1095792
test,1060239
test,1107971
test,979329
test,1079824
test,1067308
test,1048623
test,1069039
test,934028
test,1047522
test,992686
test,1139857
test,1434503
test,1282519
test,1188372
test,1158058
test,1148270
test,1087488
test,1139038
test,1116839
test,1060320
test,1225947
test,992046
test,1239069
test,1093754
test,918368
test,988706
test,1096364
test,1343322
test,941802
test,987846
test,1246296
test,1068455
test,1118161
test,1234872
test,925913
test,1181917
test,1247469
test,1023836
test,1060365
test,1022305
test,1141269
test,1273316
test,960957
test,1175542
test,1212679
test,918535
test,1158523
test,1077560
test,1364109
test,1129192
test,1039144
test,1084419
test,1110325
test,1215149
test,993040
test,998820
test,1159244
test,1094395
test,993653
test,1294085
test,960335
test,1054036
test,1105463
test,1101835
test,984133
test,898344
test,1259129
test,1190448
test,1078917
test,1102623
test,1067990
test,1095794
test,962417
test,1077187
test,1177253
test,1116123
test,1289502
test,978390
test,985677
test,1049056
test,1100550
test,1039956
test,1206318
test,1061301
test,1017831
test,1036834
test,1032238
test,1090455
test,1064808
test,1090304
test,1259815
test,987758
test,917668
test,1166926
test,1125639
test,1148316
test,1093837
test,1236058
test,1049450
test,1151909
test,1202897
test,1280728
test,1135839
test,941612
test,1110503
test,969316
test,1104265
test,1240762
test,1137393
test,1156493
test,1081686
test,1250589
test,1523647
test,1164386
test,1205150
test,1153984
test,1073889
test,1115758
test,1042849
test,965426
test,1134065
test,1058719
test,1158872
test,1121572
test,1232358
test,1045496
test,1187475
test,1153730
test,1039465
test,1007990
test,1132376
test,1009046
test,1168163
test,1037521
test,1323517
test,1298172
test,1027089
test,1279426
test,1107113
test,1102402
test,1000391
test,1245809
test,1028102
test,983472
test,984633
test,1233708
test,1099830
test,1143702
test,1037341
test,987138
test,1041716
test,842645
test,1185764
test,1230821
test,1401503
test,842058
test,1183637
test,1099900
test,1059656
test,1185300
test,963233
test,977397
test,998683
test,1075600
test,1011989
test,1018520
test,991825
test,1068974
test,1004689
test,1065645
test,1003614
test,1132187
test,819533
test,1203520
test,1171952
test,1061107
test,1022317
test,1054116
test,1118979
test,1030309
test,987751
test,1203289
test,1224431
test,1231877
test,1009293
test,1023193
test,1024403
test,847989
test,1185228
test,1113920
test,928180
test,1247289
test,1075394
test,1176686
test,1021635
test,1278923
test,929926
test,1014506
test,1105732
test,1017392
test,934989
test,1102458
test,936657
test,1222395
test,1074408
test,1063359
test,936498
test,1160174
test,914071
test,1091101
test,1069082
test,1043660
test,1025221
test,1041862
test,1039278
test,1031410
test,1158180
test,1098319
test,1153869
test,1098102
test,1130824
test,1144698
test,1160316
test,987277
test,988507
test,994411
test,1104799
test,1053011
test,1146394
test,968305
test,898028
test,1067532
test,1036133
test,1070775
test,1125545
test,1255472
test,1009074
test,1155005
test,1167598
test,1242701
test,978974
test,1020480
test,1129018
test,1202801
test,943139
test,1121200
test,999796
test,927155
test,1019755
test,1236087
test,1054680
test,958226
test,1156664
test,1206432
test,1085547
test,1135237
test,1194145
test,896429
test,1056452
test,1191988
test,1076991
test,1131024
test,1133470
test,948937
test,1074838
test,1000577
test,1217400
test,1233543
test,1138342
test,1164233
test,1121887
test,1118411
test,951188
test,1181571
test,1349255
test,1126053
test,1330527
test,1134180
test,1009123
test,1036243
test,1206734
test,1028271
test,1048061
test,852672
test,1103406
test,1197413
test,1100807
test,1190250
test,942601
test,1016803
test,1008234
test,996857
test,1256554
test,1159523
test,1125422
test,957145
test,1295000
test,935804
test,1044633
test,989325
test,1120990
test,1062831
test,1030524
test,1138972
test,1092097
test,1412195
test,1198859
test,1168058
test,1159616
test,957884
test,1127236
test,1134808
test,1186008
test,1049594
test,1011499
test,966759
test,1309128
test,1039239
test,879230
test,1147202
test,1119441
test,1273347
test,1117954
test,949163
test,1134805
test,924766
test,1166636
test,1111350
test,1201406
test,1275308
test,1039254
test,1069198
test,1376866
test,1267353
test,1196275
test,1076543
test,1059815
test,1152071
test,1062079
test,1035833
test,991996
test,1152354
test,1064377
test,1219711
test,922213
test,1025481
test,1125358
test,1077074
test,1190149
test,1152667
test,905274
test,1101431
test,823463
test,1215303
test,1110593
test,1130020
test,1139092
test,1329093
test,1146479
test,1170417
test,1292919
test,1253964
test,1084359
test,910410
test,960692
test,1091662
test,1038435
test,941567
test,990408
test,1207383
test,1138929
test,927986
test,1204708
test,1100858
test,1179997
test,1070340
test,1115956
test,949023
test,1222867
test,1214182
test,970595
test,1131012
test,927621
test,1056359
test,838585
test,1033983
test,1268609
test,980549
test,1120298
test,1190138
test,1233426
test,1243901
test,1132700
test,1063703
test,1156609
test,1338086
test,1135683
test,1018811
test,1035920
test,982866
test,1200410
test,1185126
test,1263367
test,1116939
test,1088984
test,995836
test,1134967
test,1095113
test,1008111
test,1241599
test,841833
test,970577
test,1024844
test,1190594
test,1058366
test,1179947
test,943059
test,1193158
test,1004912
test,1133947
test,976958
test,1112006
test,1294487
test,1129605
test,1051568
test,1158907
test,1509265
test,1044637
test,989631
test,1092488
test,1370969
test,1138596
test,977340
test,1017705
test,1017777
test,987090
test,869919
test,1107580
test,1037993
test,978867
test,1076393
test,1207744
test,1055478
test,1087404
test,998103
test,956966
test,1027824
test,979641
test,1182880
test,966178
test,1207413
test,1232005
test,1218788
test,1083624
test,1247832
test,1045845
test,977650
test,1080909
test,1045298
test,930692
test,1039190
test,1106978
test,1171766
test,1013370
test,914193
test,1043937
test,979592
test,990626
test,1049362
test,1009257
test,1011498
test,1401997
test,1104053
test,1126787
test,895820
test,1010399
test,1025633
test,1063942
test,1029273
test,1063223
test,1471047
test,1081409
test,1048687
test,1173192
test,1404883
test,945558
test,1077415
test,1114382
test,1040122
test,1115914
test,998182
test,1149935
test,1203510
test,1025139
test,1036617
test,1005859
test,971009
test,943638
test,1064460
test,1103852
test,1106241
test,924572
test,1060218
test,1153458
test,850615
test,927984
test,1502353
test,910721
test,986531
test,1076197
test,1108924
test,1072985
test,1004108
test,1097184
test,972806
test,1059704
test,991328
test,1181539
test,1003486
test,1223430
test,1057494
test,971442
test,1211775
test,1184052
test,840410
test,1090539
test,1208844
test,967846
test,1111365
test,1306580
test,1069546
test,1155595
test,1071854
test,936011
test,1249942
test,877960
test,1162537
test,953215
test,1173837
test,1037637
test,982429
test,1227307
test,1038461
test,972878
test,1061483
test,1334451
test,1071859
test,1191098
test,1109820
test,861320
test,1355975
test,1202631
test,1149474
test,1049484
test,1023500
test,1295771
test,1193800
test,867400
test,1140219
test,1282101
test,993907
test,1168486
test,1085135
test,1146848
test,1171100
test,979642
test,1119094
test,866413
test,1376417
test,968292
test,1074304
test,1096995
test,1166738
test,1256630
test,1107436
test,1183440
test,1106543
test,969691
test,1202051
test,1093767
test,975584
test,1181853
test,1024344
test,1077970
test,1037942
test,1121888
test,1114209
test,1164811
test,1069461
test,1002363
test,852473
test,1312189
test,1102079
test,1127780
test,1029823
test,1124209
test,1020429
test,1004693
test,1006364
test,1199938
test,1130386
test,1218242
test,1140449
test,1176740
test,1045651
test,1127625
test,1003928
test,1058627
test,1168753
test,1027118
test,1095337
test,1213658
test,1281952
test,1113089
test,961766
test,1085639
test,1144256
test,1012636
test,1188646
test,1206010
test,1080142
test,1161052
test,893563
test,1264434
test,1053765
test,1286930
test,965779
test,1161383
test,963080
test,1193735
test,1219781
test,1098191
test,1275381
test,930166
test,1142443
test,978726
test,968486
test,1089162
test,941343
test,981076
test,967143
test,993798
test,946701
test,1170032
test,1066371
test,1059925
test,1164301
test,1123859
test,1058227
test,1057100
test,1306019
test,1072638
test,1109841
test,988416
test,877485
test,933021
test,1024391
test,1128643
test,1085444
test,956568
test,988986
test,1122630
test,1166829
test,991036
test,1152610
test,1074312
test,1199208
test,1060130
test,1282030
test,1140295
test,905817
test,1216434
test,976478
test,1011172
test,1429679
test,947591
test,1168370
test,1065398
test,973879
test,1174842
test,1415580
test,989421
test,1080313
test,1089451
test,1200831
test,1265511
test,983163
test,1027280
test,1016279
test,1105027
test,971539
test,1439242
test,990412
test,1124672
test,1265717
test,1180913
test,1211434
test,1017083
test,1094939
test,1097755
test,1104088
test,1218166
test,1189536
test,1074801
test,1037693
test,1022102
test,1042107
test,1040846
test,1202052
test,1091799
test,1272406
test,1048768
test,888527
test,1020884
test,971684
test,1274723
test,1187464
test,1157161
test,1204916
test,1038909
test,1181521
test,1044196
test,1128590
test,1091785
test,1024830
test,958494
test,1123957
test,1141491
test,1046185
test,1116014
test,1089374
test,944531
test,970602
test,1205446
test,1219888
test,1161778
test,1016955
test,1142905
test,1031366
test,1093223
test,1113037
test,1306149
test,1497558
test,984942
test,1102350
test,930650
test,1190631
test,1013322
test,1147716
test,1188505
test,1309849
test,1088112
test,1269994
test,1281833
test,1192215
test,1080326
test,878885
test,1054496
test,1270707
test,1072028
test,971582
test,1040265
test,1023078
test,1095853
test,1270199
test,1142802
test,1062095
test,1150848
test,1018889
test,898344
test,1090716
test,1233396
test,1100854
test,1182380
test,1156395
test,1093237
test,1107270
test,1223555
test,1307622
test,1095719
test,1305851
test,1102135
test,1292884
test,1112237
test,1108190
test,1138236
test,1104704
test,1035548
test,917896
test,1167367
test,1018451
test,1007424
test,944814
test,881303
test,1172505
test,1100552
test,1015433
test,1179545
test,951951
test,1010802
test,1122304
test,1045940
test,1370148
test,1016012
test,1074852
test,1008696
test,1218375
test,1135723
test,1020333
test,1306041
test,1087704
test,1031169
test,920733
test,984630
test,938371
test,1201178
test,1210254
test,1205825
test,954089
test,1248323
test,1188177
test,1095937
test,1055958
test,1203663
test,948598
test,1151781
test,1041404
test,1166287
test,917296
test,1044859
test,1096306
test,1285526
test,1172694
test,1146560
test,1097239
test,1050309
test,1158374
test,888529
test,1094340
test,1106707
test,934293
test,1476063
test,1152868
test,1138441
test,895454
test,989392
test,1041079
test,1109185
test,927634
test,1198718
test,971694
test,1147283
test,1018184
test,1103798
test,954855
test,1162898
test,988178
test,1061867
test,1044810
test,1032122
test,1106624
test,1185339
test,1105620
test,1167025
test,1014885
test,1137365
test,1285383
test,878072
test,1241511
test,1109447
test,1093594
test,1261635
test,1077209
test,994421
test,996864
test,1120007
test,1208979
test,999904
test,901616
test,1142742
test,1139898
test,1084659
test,1089986
test,1277398
test,1120140
test,1215284
test,882851
test,1047838
test,917774
test,1319726
test,1138593
test,1091233
test,1122941
test,1202901
test,1014987
test,1200656
test,1088296
test,1132331
test,1075950
test,1178763
test,1015462
test,967491
test,1232679
test,1085461
test,1079624
test,1065051
test,1049551
test,1126661
test,1027993
test,1123903
test,1318085
test,1315588
test,960515
test,1116188
test,1121819
test,1131277
test,1054314
test,1044865
test,888646
test,747055
test,982970
test,1144146
test,1191621
test,967637
test,1070181
test,1249187
test,1011479
test,1074497
test,1074564
test,1147013
test,1048892
test,1121242
test,1088199
test,1278463
test,1005038
test,962152
test,1173516
test,1273656
test,1012046
test,1016467
test,1112866
test,1242086
test,1180550
test,1187110
test,976353
test,1059517
test,1136326
test,914288
test,1269662
test,1148226
test,1202831
test,1000269
test,1034073
test,1104633
test,1026761
test,1163242
test,1114161
test,1103133
test,889816
test,1084869
test,1123416
test,1007607
test,1007496
test,1069420
test,1056957
test,1036091
test,974763
test,1069804
test,1036604
test,1111319
test,1061923
test,1202828
test,1178148
test,993880
test,963166
test,1090212
test,1179437
test,994061
test,1301248
test,1223056
test,1080031
test,1023417
test,1128000
test,1207126
test,977532
test,1094101
test,1137656
test,1169303
test,976068
test,1106567
test,1082840
test,1071735
test,1300977
test,1070687
test,1042118
test,1164503
test,983883
test,984015
test,949581
test,1033807
test,1174779
test,1061557
test,1119472
test,913926
test,1220118
test,1179624
test,1221329
test,1142666
test,1113777
test,957034
test,1055396
test,1164019
test,1038937
test,1099656
test,1050604
test,1036158
test,1125393
test,1229356
test,1274898
test,923937
test,1240876
test,1167673
test,973621
test,1227431
test,1135937
test,994165
test,1211654
test,1083289
test,1069315
test,1441495
test,1005550
test,1133438
test,1266091
test,942340
test,1081955
test,964412
test,1134270
test,839066
test,1156453
test,1139465
test,1245609
test,1232062
test,931040
test,1119274
test,1062358
test,1332597
test,1237344
test,947062
test,1036425
test,1114193
test,1010010
test,891724
test,1063068
test,1368931
test,1055273
test,1099011
test,1251931
test,1225100
test,927529
test,1147967
test,1062917
test,1135070
test,1217720
test,922042
test,1111855
test,1370189
test,1116279
test,1036233
test,1125911
test,962082
test,882778
test,1070321
test,924228
test,1125222
test,1193704
test,1183252
test,1073768
test,1115431
test,1028587
test,1253178
test,1162786
test,1135716
test,958636
test,1041670
test,1134856
test,1026147
test,1237994
test,1040337
test,1028810
test,1014250
test,974682
test,1010800
test,1063240
test,1188535
test,952017
test,1076710
test,1113012
test,1363717
test,1110961
test,1012124
test,1172951
test,993203
test,967117
test,944977
test,1142586
test,992202
test,1439595
test,955164
test,1131839
test,1085660
test,1214777
test,961500
test,924553
test,1099888
test,1063716
test,1225778
test,1095482
test,1180502
test,1153907
test,1313767
test,1277154
test,1138745
test,1024303
test,1192138
test,1039853
test,1040951
test,957063
test,1071861
test,1050125
test,1179240
test,1153824
test,1067874
test,1006258
test,1044836
test,947517
test,1172951
test,963419
test,1125873
test,999471
test,1069811
test,1173153
test,1337289
test,1142636
test,1117027
test,1063889
test,1098541
test,1124599
test,1130789
test,960567
test,1270037
test,942606
test,1228330
test,1138674
test,1059397
test,1113720
test,1118678
test,1102885
test,1084901
test,1022452
test,882647
test,1031751
test,1164910
test,1271539
test,973909
test,1220269
test,1019210
test,1035086
test,1188605
test,1089748
test,1146727
test,1242090
test,990773
test,978794
test,1139160
test,1267459
test,1021692
test,1149781
test,1151967
test,1184426
test,1003387
test,1043477
test,1282219
test,1061304
test,1211774
test,1181212
test,1069902
test,1089117
test,1228805
test,1065669
test,998779
test,1101637
test,915292
test,1199865
test,1165876
test,1211312
test,1160368
test,1031481
test,1159855
test,1052247
test,1197576
test,1429498
test,1049318
test,1100652
test,1160699
test,1017739
test,1129488
test,1087121
test,1121308
test,968170
test,987380
test,1001686
test,1090510
test,1231848
test,1157716
test,1080016
test,1085293
test,1099550
test,1195019
test,1197242
test,984070
test,851611
test,1206136
test,1065208
test,928592
test,1141196
test,1048625
test,872253
test,1287867
test,1142724
test,1257220
test,994555
test,1182691
test,1051211
test,1202608
test,1004497
test,1167907
test,1084367
test,1095167
test,1193627
test,1125740
test,1292205
test,911312
test,915409
test,1204964
test,1115166
test,1087282
test,939543
test,950548
test,1148674
test,1016032
test,1036831
test,1174143
test,1250482
test,1242869
test,1124373
test,1088479
test,1053269
test,935501
test,996549
test,1053528
test,1075176
test,1135771
test,1100563
test,990310
test,995658
test,1084692
test,1025754
test,950887
test,1092566
test,927887
test,1207662
test,1198115
test,963368
test,1195233
test,1199766
test,1041559
test,974328
test,962167
test,969371
test,1102514
test,1041893
test,944741
test,1176680
test,1149186
test,1076210
test,1114700
test,1072835
test,1339762
test,1084834
test,1219247
test,932532
test,1004681
test,1068546
test,1091750
test,1116537
test,990663
test,1221878
test,962749
test,1156313
test,1101339
test,940922
test,1083566
test,1045453
test,1115568
test,1138631
test,1286042
test,1067735
test,1197845
test,1088007
test,1077604
test,1174302
test,1039100
test,1246906
test,1063604
test,1116687
test,1059086
test,1135781
test,982605
test,852621
test,1267082
test,1142404
test,1065743
test,1295904
test,999066
test,914335
test,1222434
test,1007906
test,1028452
test,791691
test,989740
test,971025
test,1131200
test,1086123
test,1024444
test,1143645
test,1026908
test,927997
test,1119515
test,1157131
test,1061638
test,863556
test,895560
test,1065518
test,1098768
test,1024545
test,840857
test,1101958
test,1200543
test,1225870
test,1190775
test,1033194
test,1116632
test,1087378
test,1123813
test,1086213
test,932420
test,1186534
test,1180825
test,1036973
test,973256
test,973256
test,956900
test,1226320
test,1070907
test,1204038
test,1105004
test,1193761
test,1043573
test,997579
test,1228112
test,1185238
test,1029419
test,1086798
test,1139062
test,939504
test,1022793
test,1069222
test,995082
test,1066647
test,1086988
test,1053728
test,1063642
test,1097961
test,1044086
test,1049144
test,1034923
test,1073146
test,913882
test,1016313
test,1116929
test,959724
test,1195267
test,870939
test,1140369
test,1116820
test,1182739
test,993361
test,1122810
test,1043058
test,1158044
test,894215
test,923715
test,1152561
test,1032797
test,1126516
test,1066341
test,1183689
test,1138866
test,1016729
test,1184182
test,1166921
test,1181428
test,1110785
test,1128072
test,1138720
test,1091298
test,982820
test,1100472
test,1122575
test,1135036
test,1061621
test,1293943
test,953630
test,1322987
test,940113
test,1159667
test,1072952
test,976031
test,1103854
test,931673
test,1096981
test,921103
test,1065514
test,1143683
test,1239888
test,1063066
test,946812
test,1140674
test,1108398
test,1082402
test,1199891
test,1227720
test,1239548
test,1094094
test,1128500
test,1053034
test,985083
test,1173472
test,1063864
test,1105595
test,879786
test,907922
test,1218942
test,1085722
test,1141333
test,927814
test,1005616
test,1032964
test,1179125
test,1202168
test,1037975
test,1283487
test,1252537
test,1125178
test,990753
test,948339
test,1015537
test,968405
test,903522
test,1045681
test,1135384
test,1128627
test,1112905
test,976908
test,944032
test,1106518
test,1057418
test,1033804
test,1210191
test,1143553
test,1334951
test,1199480
test,1093793
test,1151240
test,1402720
test,1097372
test,1043443
test,1045891
test,1145667
test,969939
test,1000059
test,1215216
test,1151301
test,1292639
test,1170006
test,1070572
test,1262340
test,1105060
test,1215933
test,1227050
test,1139543
test,1032659
test,1030570
test,1153947
test,1138254
test,1190159
test,1224021
test,1019422
test,1205792
test,1011199
test,941826
test,1101456
test,1094431
test,1183540
test,1175880
test,859924
test,1171259
test,1423792
test,1103307
test,1143867
test,899975
test,1236375
test,1160439
test,1268815
test,1024852
test,923909
test,1112283
test,1054849
test,1017231
test,1022356
test,1067804
test,1142526
test,1235730
test,921405
test,1080824
test,926800
test,1184450
test,1003310
test,1078332
test,1183951
test,1189519
test,1501742
test,1105094
test,1039442
test,1151635
test,841090
test,923056
test,1093854
test,999606
test,985823
test,1064309
test,1091774
test,934174
test,1034427
test,995215
test,1125789
test,1033285
test,1064517
test,1047520
test,1062335
test,1030849
test,1126979
test,859659
test,1035086
test,1124786
test,999140
test,1112559
test,1214633
test,1364499
test,1222072
test,1102295
test,974620
test,1071455
test,1040328
test,917239
test,1043630
test,1031311
test,994127
test,1259716
test,1267108
test,1391204
test,884217
test,957082
test,1179287
test,1141628
test,1126032
test,1159375
test,1033975
test,1080793
test,1121030
test,1105819
test,1235773
test,1040674
test,1029222
test,1373324
test,992519
test,1086913
test,959451
test,972403
test,1276566
test,1024163
test,959549
test,1040043
test,1075983
test,1013139
test,1164611
test,1346682
test,959442
test,983301
test,1058326
test,1071743
test,1207962
test,1051723
test,1025009
test,881283
test,1206464
test,1191036
test,1033826
test,1135213
test,1035716
test,1031402
test,960223
test,1112313
test,1298898
test,1174996
test,938449
test,1119713
test,1020068
test,1005666
test,1062456
test,1313529
test,1023364
test,884302
test,910702
test,1026029
test,1152712
test,985075
test,1007355
test,1056760
test,1070487
test,1037286
test,940977
test,982538
test,1203133
test,995268
test,1004478
test,1151431
test,1055609
test,1292611
test,1071740
test,1254122
test,1165896
test,1141106
test,1225400
test,1097106
test,1209212
test,984973
test,900346
test,1152837
test,1027170
test,1248609
test,1198870
test,1138947
test,1112147
test,1146990
test,1105964
test,1037156
test,1036098
test,1064598
test,1050964
test,1008203
test,917783
test,1016893
test,954356
test,1033742
test,1080062
test,1078340
test,1178280
test,1221760
test,1008008
test,1368282
test,1311951
test,1085587
test,1049923
test,1063954
test,1167565
test,1142707
test,1129765
test,1042118
test,1089089
test,1051952
test,1064483
test,1031235
test,1018895
test,1075062
test,996246
test,1054446
test,1262343
test,1215185
test,1025137
test,1010654
test,1055805
test,1086969
test,971475
test,1104526
test,1056478
test,1177481
test,922147
test,995728
test,1088925
test,1138103
test,812005
test,1042838
test,1112336
test,1341267
test,1195429
test,1100449
test,876001
test,1087874
test,1016852
test,1159407
test,1080863
test,1214769
test,938207
test,1295046
test,1185018
test,1173324
test,1229389
test,1135516
test,1147716
test,937791
test,956358
test,937595
test,1092778
test,1271331
test,1057178
test,1160361
test,1086680
test,1205095
test,1028920
test,1064176
test,1184891
test,1113253
test,1163854
test,1061950
test,1139969
test,1307538
test,1145582
test,1064505
test,1174932
test,1149733
test,1037507
test,1060739
test,1151666
test,1229743
test,1064608
test,1074948
test,937235
test,1249910
test,1350489
test,1017408
test,1026622
test,1078635
test,851851
test,936193
test,1078243
test,1001245
test,981568
test,1123816
test,977164
test,1027644
test,1029566
test,1134524
test,1261310
test,1042292
test,1188364
test,929662
test,1264676
test,908098
test,921165
test,1245804
test,1065141
test,1150458
test,1159105
test,977790
test,1149562
test,961449
test,974060
test,951211
test,1135214
test,1159686
test,1164116
test,1228844
test,1007193
test,1135513
test,998787
test,1304347
test,1023065
test,941419
test,1251876
test,923983
test,967784
test,1071380
test,1108723
test,957166
test,962565
test,942629
test,1011975
test,1107076
test,1306137
test,963256
test,1139879
test,1166789
test,1242853
test,1168058
test,1207346
test,988874
test,1570790
test,1063677
test,1223321
test,1061396
test,1156671
test,1076061
test,1183780
test,951632
test,1031482
test,1178223
test,1274903
test,1047111
test,1001914
test,1147884
test,1061510
test,928494
test,1058890
test,1312253
test,951426
test,1088917
test,1104563
test,1137931
test,1346922
test,1180378
test,1160620
test,912456
test,937365
test,1092693
test,1222715
test,985154
test,1086032
test,1260078
test,1046482
test,1085155
test,1112866
test,1143158
test,1084328
test,1109155
test,912645
test,1136862
test,1250545
test,1010007
test,1058526
test,882313
test,1078739
test,1100263
test,994270
test,1110919
test,992769
test,1089942
test,1160571
test,915644
test,1018072
test,1152083
test,1114763
test,1001152
test,1203825
test,1166959
test,1139415
test,1182647
test,904737
test,1300809
test,1086729
test,1258970
test,1052807
test,1038887
test,1018334
test,1096177
test,895742
test,1078623
test,1175658
test,996063
test,1029457
test,1052119
test,1150088
test,1071725
test,903705
test,1087601
test,1026539
test,1269253
test,1211024
test,1081701
test,1113592
test,1190577
test,1040343
test,978239
test,1036883
test,1006760
test,1105927
test,1120067
test,1088853
test,986569
test,1092748
test,1297520
test,1045148
test,848060
test,1192728
test,936603
test,1097570
test,1090160
test,973643
test,1022717
test,1050762
test,1043747
test,971000
test,1129768
test,1025383
test,1160772
test,1121591
test,1273850
test,1044025
test,1076360
test,1081124
test,1016357
test,910673
test,1050590
test,1295986
test,1045515
test,972909
test,1053745
test,882117
test,983686
test,1061381
test,1038742
test,936472
test,1335834
test,1077272
test,945431
test,999038
test,1146161
test,1134293
test,1271982
test,1051125
test,1176611
test,1155854
test,1110026
test,1233626
test,1149407
test,1038264
test,1016442
test,1150233
test,1289869
test,969513
test,1113864
test,857843
test,1079284
test,988341
test,1018973
test,1126026
test,1232756
test,1108102
test,1181890
test,945967
test,1114095
test,1157650
test,1149300
test,995548
test,1181602
test,1254535
test,1073740
test,1208715
test,884922
test,938748
test,1215309
test,1103566
test,968149
test,1252475
test,819674
test,1071409
test,1088465
test,1047306
test,1077719
test,1074515
test,943446
test,1046376
test,1181344
test,1199760
test,1173405
test,1235653
test,1223118
test,1040065
test,1108237
test,1161328
test,1041004
test,1009207
test,941122
test,1053859
test,1040862
test,973123
test,929536
test,995223
test,1056060
test,1083722
test,980346
test,1223722
test,1120206
test,1198665
test,1131900
test,993588
test,1059004
test,963943
test,1153315
test,1041156
test,1246096
test,1060074
test,1037102
test,1048042
test,895718
test,1170743
test,921871
test,1031689
test,1035979
test,1168679
test,1061837
test,997872
test,1091128
test,1101890
test,1183030
test,1160794
test,1180422
test,1188368
test,1139678
test,1074738
test,1193574
test,1043539
test,1255454
test,1027772
test,986599
test,1121057
test,1213669
test,1021052
test,1103469
test,1021644
test,1073451
test,1074788
test,1304553
test,1079860
test,1036924
test,1152402
test,953759
test,1243919
test,972725
test,1081846
test,1069848
test,1133558
test,1181890
test,937653
test,1173949
test,1106806
test,1164751
test,947022
test,1218403
test,1240840
test,1072177
test,1091916
test,1184466
test,1111951
test,1304908
test,1258070
test,954200
test,1066689
test,1070627
test,1007089
test,1131653
test,1263105
test,1172093
test,1147902
test,1133739
test,1196489
test,1230205
test,1101094
test,925322
test,946229
test,1265210
test,1114436
test,920866
test,957134
test,1120284
test,1198670
test,1055510
test,1119203
test,1119565
test,1231490
test,1020220
test,884245
test,942583
test,1184355
test,1123336
test,1161301
test,1162543
test,1052510
test,990362
test,1141715
test,904674
test,1032574
test,1250872
test,1023156
test,1365633
test,1145371
test,924901
test,966576
test,1146361
test,1150161
test,1083092
test,1134533
test,1228336
test,1185867
test,951753
test,1240395
test,934105
test,1106982
test,1016118
test,984365
test,1163736
test,1065853
test,935452
test,1122265
test,1348208
test,1199173
test,1298353
test,1035125
test,1117744
test,991637
test,948476
test,988802
test,978560
test,1004556
test,1117366
test,1024008
test,1230183
test,1093051
test,1133413
test,991261
test,1357768
test,1086103
test,1064354
test,944957
test,1067597
test,984365
test,906468
test,1087350
test,1064769
test,1173691
test,1103548
test,878680
test,1042882
test,1145603
test,1150452
test,1168285
test,1161019
test,1081286
test,1335956
test,1174143
test,1088145
test,1157989
test,1064182
test,1059631
test,1098770
test,1107592
test,891384
test,1019120
test,1156926
test,1045473
test,1364393
test,1191148
test,1165790
test,1184063
test,987476
test,1012463
test,1177329
test,1271407
test,953525
test,1022587
test,1273471
test,1093674
test,1110073
test,930003
test,884312
test,869565
test,987550
test,1145329
test,1174053
test,923069
test,1083018
test,1090522
test,1310974
test,1041167
test,1045606
test,943044
test,1108254
test,1390809
test,974141
test,910362
test,1072134
test,1266159
test,1119034
test,1022619
test,1021560
test,1031297
test,1301552
test,1045196
test,1012361
test,1116124
test,1098372
test,1267659
test,1226585
test,1148572
test,1159675
test,968352
test,1058040
test,1179724
test,1047900
test,1097242
test,1284624
test,1168497
test,1022835
test,875783
test,1018382
test,961176
test,1256809
test,1154307
test,888853
test,1330522
test,1040548
test,1043750
test,1096820
test,973107
test,1090068
test,1229971
test,980063
test,1129291
test,1120458
test,1015501
test,987393
test,966698
test,1015729
test,1090127
test,1213339
test,1157217
test,1201426
test,1166395
test,1223147
test,1108142
test,944292
test,1062235
test,1095927
test,1010115
test,1031561
test,1060875
test,996383
test,1047817
test,1248227
test,1155530
test,1102185
test,917523
test,1106537
test,1189752
test,1056248
test,1074988
test,1070026
test,1173718
test,1184446
test,968351
test,947329
test,957527
test,863426
test,1198894
test,1123529
test,1073731
test,1085917
test,1166526
test,990999
test,1047932
test,1082387
test,1051841
test,1040985
test,1104590
test,1089137
test,1250112
test,910059
test,992707
test,964304
test,923239
test,1160280
test,1011734
test,937347
test,1015259
test,1078455
test,1035630
test,1256013
test,1111502
test,1127826
test,1095654
test,1038553
test,995093
test,1004624
test,989698
test,1026353
test,1107699
test,1131369
test,1202018
test,1140525
test,1255507
test,1188770
test,991756
test,1007671
test,1135282
test,1019221
test,1272698
test,1279103
test,1044633
test,960665
test,994315
test,1074824
test,1084304
test,920790
test,907181
test,1334687
test,1064607
test,1104057
test,992973
test,1016667
test,885532
test,1076349
test,1087776
test,1087020
test,953869
test,1193763
test,1167949
test,953086
test,1107683
test,954474
test,1199346
test,976137
test,1112358
test,1068180
test,1026896
test,1000864
test,932300
test,963110
test,853284
test,1280875
test,1175775
test,1006353
test,931867
test,985730
test,885225
test,1075740
test,1016197
test,1188076
test,1167158
test,1076879
test,1149194
test,1389836
test,941211
test,1023285
test,1140913
test,1037199
test,1051756
test,1175981
test,1087427
test,989000
test,1157985
test,1122671
test,1257840
test,871054
test,1110249
test,1029110
test,1247737
test,949513
test,1073766
test,1221879
test,1114347
test,1206657
test,969895
test,1193324
test,1216396
test,1031361
test,1003712
test,1058425
test,1073642
test,962609
test,1155338
test,949414
test,1067007
test,1232863
test,903810
test,917455
test,1176832
test,990109
test,1281193
test,1078180
test,1172102
test,1070319
test,1209545
test,1004142
test,1161976
test,1127720
test,1011721
test,1218340
test,1133552
test,1356051
test,1103825
test,998747
test,1003107
test,1067776
test,962983
test,1418993
test,922868
test,871614
test,1093586
test,1122200
test,1138615
test,1221336
test,1222797
test,1181146
test,1075951
test,1182497
test,1214939
test,955818
test,1203114
test,970870
test,1243819
test,1091092
test,1057380
test,1046205
test,1263037
test,1086884
test,1068754
test,1064137
test,1078222
test,1093637
test,1161203
test,1066291
test,1069903
test,958876
test,983874
test,1165984
test,1039538
test,995595
test,1210632
test,1251002
test,1082166
test,1150376
test,1194631
test,1082846
test,1059249
test,923424
test,1172602
test,1139978
test,1048735
test,978544
test,1014752
test,1092385
test,1203751
test,1211535
test,1199109
test,1064541
test,1082206
test,1201894
test,1036769
test,1244333
test,895080
test,984143
test,1200829
test,894299
test,1105035
test,1198765
test,1027144
test,1402788
test,1050592
test,1120566
test,1093235
test,1082294
test,982511
test,986201
test,1236936
test,1124939
test,1221058
test,1171371
test,1065887
test,1091097
test,933762
test,1241502
test,1058601
test,1031691
test,1089887
test,1002266
test,1075517
test,968535
test,878458
test,966945
test,1310759
test,1089984
test,939942
test,1117148
test,980662
test,1156375
test,1038385
test,884408
test,1160886
test,931381
test,1092989
test,1200255
test,1170569
test,1167651
test,959344
test,1184227
test,1261351
test,949067
test,1088405
test,1174424
test,1210863
test,1170839
test,969207
test,1048981
test,1123894
test,1081275
test,1027572
test,970434
test,1017945
test,944370
test,1054083
test,991610
test,1086318
test,1146226
test,1216892
test,1150718
test,1100729
test,1111295
test,1055501
test,985474
test,897750
test,1451575
test,931821
test,1233290
test,1181921
test,1071101
test,1122679
test,1168345
test,1118050
test,1160020
test,898803
test,1245934
test,1225879
test,993162
test,1195405
test,1060022
test,1124461
test,898934
test,1214422
test,1084488
test,1104118
test,1412556
test,969660
test,887132
test,1058382
test,1153256
test,1173354
test,994072
test,1022019
test,1028579
test,1139116
test,1099764
test,1194100
test,990940
test,943599
test,1078922
test,1336715
test,869177
test,884797
test,1185986
test,1077375
test,999028
test,959307
test,1132079
test,1104447
test,947286
test,1090375
test,957353
test,1023666
test,1127025
test,1047931
test,1085863
test,1252260
test,1039932
test,1124626
test,1081567
test,924465
test,1003146
test,1015269
test,1132129
test,1135303
test,1059743
test,994282
test,1022249
test,1102185
test,964049
test,1002991
test,978117
test,1208055
test,1009969
test,1111177
test,1102680
test,1067750
test,904009
test,1194973
test,1000872
test,1189653
test,959787
test,1038439
test,899773
test,1276408
test,970351
test,971225
test,993190
test,973696
test,1066858
test,1099819
test,1203587
test,1086938
test,1133907
test,1076294
test,923973
test,907826
test,1019418
test,1174996
test,1282961
test,1135690
test,1011038
test,1105049
test,1133226
test,1063517
test,1248720
test,867189
test,1080684
test,1124954
test,1365461
test,1149972
test,1099458
test,1138744
test,1079880
test,1244799
test,1161910
test,1161575
test,1035373
test,1222569
test,1119271
test,1269679
test,1047871
test,1218478
test,1064191
test,1097227
test,918769
test,1039609
test,1039522
test,1022209
test,1110152
test,1150442
test,1130944
test,1066336
test,1024583
test,1154644
test,1036631
test,1288857
test,1177750
test,877810
test,1207459
test,1094757
test,1062667
test,928702
test,972761
test,1333414
test,1161429
test,1188520
test,1207982
test,1065060
test,914751
test,985097
test,1337936
test,937434
test,876801
test,1289804
test,1035102
test,1352087
test,1042139
test,1020083
test,966681
test,1339992
test,1083145
test,1091881
test,1073774
test,1008578
test,1001471
test,1135102
test,1185252
test,952095
test,1235275
test,923823
test,1046499
test,1011304
test,969972
test,1104795
test,1009079
test,1143473
test,1048660
test,1020814
test,1116105
test,1200539
test,1175724
test,1131837
test,1149707
test,1199264
test,969376
test,955674
test,1326578
test,1043057
test,1181912
test,1176081
test,921735
test,1106679
test,1075770
test,1069138
test,1261886
test,1187508
test,1085661
test,1055115
test,1165997
test,1071715
test,961641
test,921096
test,1089325
test,1265248
test,1051820
test,1158330
test,1093555
test,1034140
test,940007
test,1176951
test,943811
test,968736
test,1105696
test,987424
test,1033196
test,1207578
test,1128629
test,941742
test,996129
test,1002815
test,993909
test,843453
test,1040358
test,1223649
test,1295427
test,1005417
test,1145009
test,1115711
test,1076613
test,1121614
test,1229873
test,1367973
test,954158
test,1150109
test,1100323
test,1152892
test,1255533
test,1147815
test,1018294
test,1086117
test,1078274
test,1077126
test,1275591
test,1291906
test,1095050
test,844015
test,1241590
test,1090987
test,996333
test,1235582
test,1041941
test,1182862
test,1068119
test,983914
test,1020587
test,1168147
test,1158936
test,1014188
test,1011047
test,929130
test,1246245
test,1116767
test,1099077
test,1115597
test,1234035
test,980513
test,978105
test,1030239
test,942228
test,1089243
test,816463
test,1223586
test,1067553
test,956580
test,1013469
test,964925
test,971069
test,1112859
test,948082
test,857705
test,1088392
test,1322350
test,945298
test,1052035
test,1095884
test,1164459
test,974953
test,1112906
test,1043828
test,1202780
test,1083828
test,1102420
test,1116808
test,984322
test,1188240
test,1036820
test,1142654
test,1148810
test,978691
test,1217867
test,1248448
test,1013507
test,1119306
test,1088235
test,1047221
test,1119623
test,1373603
test,1054884
test,866667
test,1224851
test,1226491
test,987911
test,1047252
test,1041061
test,947121
test,1082885
test,1245229
test,1083405
test,926388
test,1257088
test,905842
test,1221877
test,1046603
test,1166387
test,1038826
test,1087204
test,923038
test,1089910
test,1233956
test,1118901
test,1002687
test,904121
test,975298
test,1044488
test,1117298
test,1130454
test,1118224
test,1307423
test,1163658
test,1175954
test,1010638
test,876233
test,1198654
test,1020108
test,1084047
test,949342
test,989920
test,1070167
test,963007
test,1117781
test,1057981
test,964666
test,1255677
test,968261
test,978458
test,948956
test,899222
test,817677
test,978954
test,988258
test,1153235
test,990086
test,1163039
test,889285
test,1119002
test,1131408
test,1047615
test,1400672
test,1140438
test,1133778
test,1180627
test,1174736
test,909263
test,1121963
test,1134481
test,1044205
test,1175437
test,1092354
test,1079837
test,1282409
test,1264476
test,1076034
test,992570
test,985846
test,1068789
test,1191014
test,1025707
test,1199510
test,1189162
test,1000383
test,1010151
test,1124835
test,1108535
test,1039068
test,1023807
test,1020321
test,909099
test,981381
test,1085069
test,1223061
test,1130454
test,1056051
test,1160872
test,1091044
test,1067157
test,944049
test,1107214
test,1106647
test,1140429
test,1056190
test,949451
test,986532
test,1108829
test,1071376
test,1017303
test,894585
test,957112
test,1003042
test,1138438
test,972318
test,945032
test,1065538
test,1164024
test,1020840
test,1109618
test,1143000
test,1044301
test,955748
test,1106635
test,987140
test,1208617
test,1113664
test,962732
test,1264855
test,1118182
test,1090665
test,1198988
test,987633
test,1074219
test,997286
test,962335
test,935851
test,1149440
test,1261120
test,1076982
test,944540
test,1206748
test,955353
test,1099628
test,1219312
test,1117736
test,988308
test,1065546
test,1096369
test,1166227
test,1012732
test,987962
test,1041226
test,1153427
test,1348626
test,1079756
test,1000009
test,1161799
test,925982
test,1032776
test,1140033
test,1199766
test,1050703
test,1152495
test,1258150
test,1180599
test,1027609
test,1012580
test,998035
test,1117162
test,1130172
test,1167087
test,1155834
test,1005729
test,975809
test,1147266
test,1086910
test,1304941
test,1047944
test,1190370
test,1166278
test,1024451
test,1049746
test,1105728
test,1165272
test,858825
test,991473
test,1087515
test,999945
test,1192991
test,1121960
test,1150287
test,1210150
test,1212700
test,1017335
test,1021635
test,1028327
test,1238389
test,1017985
test,1091836
test,962563
test,993616
test,953454
test,1006124
test,1000759
test,1320875
test,1070536
test,1288338
test,1115747
test,1047401
test,888860
test,1300077
test,1169718
test,1136247
test,966027
test,1211685
test,968958
test,1184803
test,1076521
test,1299549
test,1156801
test,948878
test,1050785
test,1232551
test,1117501
test,1100259
test,955867
test,1026624
test,1068480
test,1233418
test,1062688
test,1075635
test,1035710
test,968401
test,1023029
test,1211439
test,1111230
test,1252242
test,1120048
test,1033558
test,1036032
test,1205235
test,925644
test,1098706
test,949938
test,1425503
test,953693
test,901433
test,954206
test,876317
test,1193332
test,1411515
test,1156735
test,994426
test,1228606
test,1011396
test,1029266
test,1030630
test,1017845
test,1195325
test,1281180
test,1113430
test,1101722
test,1267166
test,1124742
test,1009726
test,1173757
test,1185078
test,1053916
test,1066060
test,1188132
test,1274883
test,1186230
test,1133199
test,1191323
test,1009453
test,1026020
test,1215645
test,1073846
test,1039788
test,1246642
test,1213901
test,951854
test,898848
test,921090
test,1097841
test,1205846
test,1102425
test,1059395
test,1140774
test,1102277
test,1062236
test,1207573
test,957177
test,1044200
test,1130197
test,1007486
test,999689
test,1184557
test,1029614
test,1360363
test,1087153
test,884705
test,1234081
test,955751
test,1080263
test,1070913
test,1044099
test,1232526
test,1296291
test,1145108
test,1000089
test,1250242
test,1130845
test,1064686
test,974685
test,1185589
test,1134315
test,1128098
test,1162868
test,985363
test,1082014
test,1175825
test,1153191
test,999484
test,1077013
test,1067594
test,1063329
test,1169675
test,935650
test,1085254
test,1237584
test,972206
test,1019405
test,1016983
test,1190832
test,1032424
test,994729
test,1000215
test,1160069
test,947862
test,941785
test,1121050
test,1219965
test,1152265
test,1214974
test,992514
test,1126257
test,1065903
test,1036371
test,1426216
test,1004029
test,1112520
test,1153183
test,992660
test,954301
test,1210954
test,1201652
test,1221568
test,1564918
test,1068337
test,1199979
test,1107624
test,1051301
test,1149329
test,967404
test,1059251
test,1097174
test,1224905
test,1078056
test,987204
test,1033407
test,914159
test,1083522
test,1049853
test,996298
test,1065365
test,1345530
test,1147823
test,780994
test,1048675
test,1086517
test,1157577
test,1044438
test,1062279
test,1196215
test,1037748
test,1053721
test,994844
test,1053880
test,1156757
test,1150750
test,1066226
test,869965
test,1164909
test,1053519
test,1000010
test,997794
test,1063326
test,1031220
test,1188773
test,915824
test,998138
test,1171835
test,1010553
test,1032309
test,1174355
test,1022803
test,999651
test,960208
test,1121127
test,1062910
test,1067842
test,947895
test,1122185
test,1127429
test,946035
test,1120931
test,1159692
test,1076023
test,1021219
test,1178831
test,940604
test,1009654
test,1212426
test,1138099
test,1273035
test,1098397
test,1045190
test,1145650
test,1008623
test,1105333
test,1011520
test,1021790
test,1009314
test,996361
test,1188723
test,1142433
test,1088987
test,1118912
test,1454833
test,1116377
test,1115917
test,1090677
test,890824
test,1226276
test,1124325
test,1095114
test,1070757
test,990323
test,1165741
test,1144411
test,1135969
test,969149
test,1144584
test,1177499
test,1123357
test,1265253
test,1212671
test,1311902
test,916764
test,1021583
test,1070990
test,974591
test,1111674
test,1227949
test,1052750
test,1076195
test,1080247
test,1002036
test,1003661
test,1169403
test,1162926
test,951580
test,1160636
test,1063577
test,1002823
test,1028204
test,1001785
test,1004888
test,1370540
test,1001630
test,946463
test,923135
test,1112006
test,1086264
test,1179306
test,911093
test,1037695
test,1036966
test,1164006
test,999332
test,1198489
test,1116012
test,1208274
test,970661
test,1132105
test,1045010
test,1003929
test,1176545
test,1171814
test,978220
test,1118358
test,1056003
test,945760
test,1013271
test,1164263
test,1164605
test,933362
test,1203942
test,900682
test,1057010
test,1051262
test,964138
test,1006226
test,1170753
test,1116503
test,1037066
test,1140249
test,1022548
test,1395325
test,888412
test,1149940
test,1098427
test,990114
test,1312549
test,1136942
test,1079365
test,1301793
test,987730
test,1107554
test,1154761
test,1150447
test,1527008
test,1159031
test,1102261
test,978032
test,1277744
test,932825
test,978773
test,1226188
test,1184659
test,1088321
test,1227907
test,1030844
test,1207557
test,1036437
test,1081999
test,1144978
test,1060476
test,1113104
test,1010657
test,856271
test,1185955
test,1075853
test,979047
test,1203244
test,1084859
test,980012
test,892801
test,1118456
test,1067348
test,1019556
test,992719
test,1071545
test,1100259
test,1277098
test,1043117
test,870994
test,1019398
test,1110669
test,853199
test,1070134
test,1088645
test,968870
test,1191552
test,1299461
test,1211364
test,1203387
test,1059276
test,1039227
test,1063136
test,1190474
test,998456
test,978607
test,1182217
test,1250481
test,1013605
test,1220553
test,1230396
test,1011115
test,1160955
test,1036423
test,902687
test,1144211
test,1210096
test,1016821
test,925086
test,1071968
test,1084623
test,1300012
test,919352
test,1095736
test,1166746
test,927923
test,1160594
test,960629
test,1066156
test,941708
test,1109734
test,1052405
test,1003331
test,1057319
test,1033551
test,958193
test,1090844
test,1009771
test,1050736
test,1096733
test,1026565
test,1094099
test,1021943
test,1086850
test,1128547
test,1063588
test,1013553
test,1017342
test,905821
test,860755
test,942818
test,1330307
test,1197431
test,1073949
test,1310151
test,1113227
test,1097737
test,971432
test,847126
test,1157229
test,1246941
test,1200332
test,1034500
test,977913
test,1027612
test,986440
test,1236110
test,985747
test,1030709
test,1067660
test,1143445
test,1020704
test,1220077
test,1298361
test,1035364
test,1052734
test,1101022
test,1266386
test,1336467
test,1097064
test,1241932
test,1343605
test,1074196
test,1080999
test,1108580
test,1233326
test,1120227
test,895479
test,1156922
test,985389
test,981916
test,937047
test,1100462
test,1029572
test,1156935
test,1084004
test,1099104
test,1282911
test,1016932
test,1175497
test,1087380
test,969289
test,930620
test,1042358
test,998813
test,1187795
test,1120074
test,1077353
test,1343098
test,1107297
test,1144598
test,1175157
test,939529
test,1186168
test,1232204
test,706896
test,986334
test,998236
test,1051608
test,1025866
test,973047
test,1117410
test,1114354
test,1444309
test,1209349
test,1118722
test,948157
test,1227558
test,1064909
test,961246
test,1270154
test,1169409
test,1040647
test,875805
test,1316014
test,1265827
test,1282193
test,1169735
test,945916
test,1205462
test,1020327
test,1063143
test,1126467
test,1065591
test,1151644
test,1123668
test,1022150
test,1002537
test,1032889
test,1134186
test,954838
test,1328491
test,1099660
test,1112119
test,1028829
test,1058927
test,1017115
test,1115318
test,930817
test,1137576
test,996586
test,992229
test,1038256
test,1487160
test,1018037
test,1139787
test,1097819
test,1014374
test,1032259
test,1081739
test,1093112
test,1120830
test,1209730
test,1040402
test,1076908
test,1256377
test,1200027
test,1055857
test,1226677
test,1411604
test,1060535
test,938705
test,1141824
test,1109140
test,1022278
test,1313693
test,982472
test,941493
test,1007745
test,1196228
test,1163463
test,1179068
test,1083613
test,872146
test,1071116
test,1130896
test,1301686
test,1182572
test,1068781
test,1129004
test,962974
test,1039764
test,1084764
test,1128977
test,1122160
test,964733
test,1161791
test,1186119
test,1288973
test,1064476
test,1063291
test,976501
test,1046975
test,1299569
test,1099907
test,1163608
test,1093176
test,1148428
test,1116436
test,1038780
test,1178617
test,1277645
test,1077791
test,857622
test,995275
test,1334808
test,1057681
test,935096
test,1128610
test,1087562
test,1359426
test,1141690
test,968109
test,1105027
test,948934
test,956322
test,1048739
test,1201381
test,959889
test,1125674
test,1195964
test,894357
test,1235153
test,1103200
test,1141038
test,1077300
test,1035314
test,1139003
test,1054648
test,1339293
test,1308946
test,1162093
test,1190981
test,1278353
test,924787
test,982458
test,1005877
test,1004239
test,953464
test,970578
test,1100962
test,1014625
test,1051397
test,1074104
test,1157234
test,1150162
test,1306531
test,962566
test,1066843
test,963494
test,935508
test,937768
test,1169362
test,1043812
test,965160
test,910441
test,1043201
test,991556
test,1015894
test,929609
test,1077925
test,983007
test,997914
test,1091595
test,1169554
test,1215850
test,878179
test,989601
test,1096705
test,1104219
test,1020895
test,1159843
test,1140226
test,1156661
test,1000686
test,1060942
test,1256875
test,890526
test,1252275
test,1072513
test,1048360
test,1057717
test,1241775
test,1123338
test,1034260
test,852149
test,1016201
test,1026110
test,1076193
test,1153890
test,1092053
test,1178312
test,1193202
test,1096715
test,1540073
test,949078
test,972455
test,1024073
test,996984
test,1016961
test,1156043
test,1160117
test,1059354
test,1018351
test,1073522
test,1226124
test,1155350
test,1061020
test,1131081
test,1063259
test,1231303
test,1119691
test,1028577
test,1211553
test,1032797
test,1026845
test,1095043
test,1043945
test,1027576
test,954083
test,1217903
test,1144132
test,1052274
test,968157
test,888854
test,1067366
test,1334936
test,1052593
test,964641
test,981600
test,982050
test,1177269
test,1062473
test,993505
test,1213466
test,1113191
test,1192831
test,893647
test,1103684
test,1115436
test,1248251
test,1077964
test,1023565
test,1089942
test,1053070
test,1058776
test,1013009
test,1064281
test,1056728
test,1310276
test,1149468
test,1203650
test,1116687
test,1322380
test,1160346
test,1023713
test,1021298
test,916505
test,1144600
test,985849
test,1171861
test,1104293
test,1197279
test,1132964
test,1219920
test,1232348
test,1050553
test,996990
test,1112803
test,1384664
test,873741
test,937087
test,1035756
test,1086582
test,1148384
test,1226586
test,905950
test,988974
test,1075035
test,963141
test,1094593
test,1162639
test,1342877
test,1165745
test,1050440
test,1054534
test,1259210
test,1197958
test,1108280
test,1046644
test,1151143
test,893412
test,924329
test,1063920
test,1183805
test,973233
test,1254897
test,1020173
test,1244138
test,1015005
test,1081779
test,1039109
test,1254756
test,997266
test,1122115
test,1293608
test,1255373
test,954497
test,1104744
test,1035972
test,988880
test,1058029
test,1355459
test,1069242
test,1152824
test,1006859
test,1235198
test,1108717
test,1397774
test,1234287
test,1113915
test,1004659
test,996593
test,950543
test,1106413
test,1131947
test,1032218
test,945974
test,1053757
test,1000747
test,1015857
test,1086542
test,1184091
test,1111345
test,1201241
test,900062
test,1069943
test,947866
test,869725
test,946708
test,1292065
test,1032619
test,1213355
test,1283818
test,1184479
test,1057781
test,1043297
test,1138514
test,1043745
test,1007784
test,1047697
test,1177515
test,1004246
test,1188598
test,1276767
test,1110057
test,1171867
test,1053110
test,1056637
test,1234559
test,990048
test,893732
test,1174409
test,1305658
test,1042436
test,1260836
test,993646
test,987098
test,1035161
test,912048
test,1145146
test,997234
test,1135322
test,1210882
test,991757
test,1039629
test,1063496
test,1047803
test,1013022
test,1095089
test,1034203
test,971570
test,1174996
test,1085709
test,1026296
test,1023884
test,1170769
test,1029213
test,1116326
test,1232540
test,971682
test,1055494
test,852732
test,1109350
test,886761
test,1067003
test,1212939
test,1174478
test,1040376
test,927494
test,1131706
test,1072158
test,1320191
test,1165227
test,947280
test,1058464
test,1069259
test,1091899
test,1014069
test,1033940
test,1336514
test,1147547
test,1031102
test,1226186
test,1038122
test,940628
test,1068190
test,1079447
test,1140107
test,1267268
test,1238316
test,1115429
test,1122853
test,1197085
test,1164125
test,1064043
test,1221877
test,1013113
test,1109184
test,1121069
test,1106455
test,1127369
test,1048151
test,1103768
test,1010971
test,946876
test,1047532
test,1191509
test,1130494
test,1179857
test,1157308
test,1092411
test,1429227
test,1013761
test,928949
test,887380
test,1050874
test,1004321
test,925950
test,984506
test,972027
test,956227
test,1046400
test,994676
test,985579
test,1017572
test,957958
test,1023222
test,1136540
test,961583
test,976537
test,1104188
test,1241880
test,1000019
test,1036694
test,1162942
test,1238502
test,1188002
test,1163836
test,1001170
test,1009182
test,973516
test,1019384
test,1296757
test,915065
test,1197776
test,939960
test,1158636
test,1029869
test,968732
test,1232546
test,1138375
test,1133154
test,1053518
test,1004221
test,999316
test,1039915
test,1144227
test,1224036
test,1161079
test,948995
test,1146593
test,1205582
test,1152405
test,906350
test,1030529
test,1048913
test,1128078
test,1131277
test,967068
test,1176009
test,1080644
test,1095609
test,1267145
test,1370409
test,1094281
test,1095730
test,1123744
test,1143695
test,1012168
test,869674
test,1231812
test,913949
test,1128022
test,1017732
test,987742
test,1078215
test,1245963
test,1185090
test,965067
test,1148150
test,1167887
test,895088
test,940343
test,916772
test,1138958
test,1008650
test,1292117
test,1093879
test,1158923
test,1196372
test,1046361
test,1040839
test,978000
test,923750
test,941159
test,1255505
test,1094466
test,1028066
test,1038335
test,1113206
test,1102167
test,1277722
test,950302
test,1167338
test,1049391
test,986497
test,1149476
test,1097740
test,1036202
test,1164686
test,1145801
test,1049955
test,1278023
test,1023451
test,1142398
test,979831
test,1174217
test,1135304
test,1066749
test,1016181
test,970611
test,1085517
test,902490
test,1191909
test,1108151
test,884964
test,998057
test,1020274
test,902776
test,1022491
test,1010124
test,1291049
test,1269772
test,1141177
test,1059707
test,1071620
test,1028682
test,1073005
test,1213832
test,1040714
test,1080470
test,971558
test,1175032
test,1059524
test,1195258
test,1007203
test,1108319
test,980742
test,1192821
test,1256854
test,1190585
test,1067911
test,864762
test,1258533
test,1212238
test,1232819
test,1115488
test,1179086
test,1140085
test,1057691
test,1069134
test,1067865
test,1049571
test,944533
test,1113171
test,1087172
test,1226599
test,1055967
test,1054134
test,1104092
test,1304101
test,1009968
test,962476
test,1095610
test,1044384
test,1261270
test,1105170
test,1091146
test,1155292
test,1131952
test,1119869
test,1131995
test,1173341
test,1094044
test,1207803
test,1203707
test,1191559
test,975047
test,1188840
test,1175985
test,1241059
test,1221875
test,1006592
test,1186241
test,1011112
test,1067733
test,1030985
test,1048788
test,1070697
test,1174406
test,909746
test,1111278
test,1126809
test,1005122
test,1173931
test,1175103
test,1100176
test,1033233
test,1318738
test,1277426
test,991628
test,1125528
test,1063741
test,1157128
test,1272604
test,1100167
test,1153531
test,1320180
test,1156730
test,1004712
test,1163528
test,1077464
test,907886
test,1085479
test,1271307
test,1012911
test,1290083
test,864340
test,1266657
test,1205548
test,1084624
test,1105406
test,1310371
test,1098702
test,1016810
test,1081750
test,937758
test,1024662
test,1163189
test,1178190
test,1246197
test,1157492
test,1207636
test,926337
test,1129896
test,1207757
test,1127215
test,1112320
test,1008079
test,963124
test,1256463
test,1061636
test,986185
test,1141529
test,1093641
test,1190470
test,1222268
test,1186822
test,1032857
test,1203297
test,1105242
test,998684
test,960218
test,1087121
test,944205
test,1024148
test,956990
test,956178
test,970966
test,824433
test,1219281
test,1151002
test,1005573
test,1091260
test,1051097
test,1058071
test,1140655
test,853865
test,1204704
test,1117651
test,1294454
test,1002346
test,1115575
test,974504
test,1161005
test,1064651
test,1137293
test,1039843
test,1075939
test,981285
test,1092611
test,1017511
test,1009743
test,1124032
test,1028480
test,1066433
test,1173181
test,1163974
test,1184170
test,961913
test,1129005
test,1201501
test,1220674
test,918201
test,1172272
test,1066552
test,1000430
test,1062253
test,1110041
test,1107875
test,1032748
test,1411942
test,1038535
test,1018193
test,1094027
test,1268653
test,960932
test,1036033
test,1143475
test,1085553
test,1092980
test,971955
test,1010953
test,1111798
test,1152158
test,843261
test,1102052
test,1025661
test,1042305
test,1101231
test,1266136
test,1199275
test,971880
test,1095271
test,948753
test,978865
test,1189301
test,922350
test,1137920
test,954517
test,1297280
test,1054953
test,1069719
test,1029467
test,1083124
test,1128728
test,980312
test,1000790
test,877157
test,1224144
test,993862
test,1049431
test,1001050
test,1051054
test,1196081
test,969761
test,1106326
test,1080145
test,1201544
test,1183036
test,1330428
test,1081904
test,1045574
test,1036769
test,1226716
test,1102393
test,1102849
test,1232888
test,1156390
test,926005
test,971791
test,1182398
test,1074523
test,1051942
test,1072289
test,912712
test,1084209
test,1136868
test,1109786
test,1138451
test,1102867
test,1091555
test,1002930
test,1140312
test,1019620
test,1049412
test,1106678
test,1096935
test,872772
test,1057629
test,1022867
test,1254278
test,1000961
test,1210669
test,967261
test,1067510
test,1235764
test,1009120
test,978310
test,1151914
test,905437
test,1106494
test,993958
test,1087850
test,1088303
test,1010521
test,1141015
test,1080231
test,885876
test,1085600
test,1047594
test,995248
test,1033428
test,1081417
test,1005708
test,979059
test,904828
test,1288589
test,1148575
test,1152801
test,1070771
test,1056193
test,1061387
test,975638
test,1012264
test,1253004
test,1210047
test,967385
test,1167533
test,1112083
test,886901
test,1158137
test,1263393
test,1179917
test,1035329
test,1022730
test,948207
test,1119966
test,992364
test,998039
test,1199290
test,1026257
test,949570
test,971549
test,1112270
test,1130327
test,1005924
test,1100299
test,999204
test,1032361
test,1101269
test,1050908
test,1050923
test,1205485
test,1171098
test,1106210
test,1132932
test,1265884
test,1164249
test,1155800
test,983311
test,1063651
test,1162883
test,937919
test,1147719
test,1224674
test,752501
test,1050171
test,1024303
test,890740
test,1176217
test,1078976
test,1145757
test,1034178
test,1140093
test,1130870
test,896603
test,1237329
test,1070075
test,1104801
test,1184364
test,1218348
test,974770
test,1014830
test,1243917
test,1237705
test,1104656
test,1035128
test,1062148
test,856352
test,1052813
test,1311311
test,1046028
test,1039046
test,1144794
test,1115646
test,1102527
test,1191855
test,1192994
test,1324924
test,969892
test,1204217
test,1470368
test,1200694
test,1066552
test,824200
test,844419
test,991539
test,1112186
test,842501
test,1193291
test,984520
test,960340
test,1305897
test,1082730
test,1108156
test,1002060
test,1107017
test,1084913
test,1050782
test,1027496
test,993333
test,1048097
test,895993
test,1037202
test,1229814
test,1141033
test,985905
test,1041978
test,1142821
test,1201783
test,967991
test,1118095
test,1179237
test,1159141
test,1156518
test,822437
test,839338
test,1082323
test,997681
test,1011893
test,1148215
test,1041846
test,1052950
test,1253017
test,1013050
test,997496
test,1069229
test,1222604
test,1196774
test,1129739
test,1063659
test,1101559
test,980880
test,1114412
test,1020113
test,1161894
test,1061177
test,1052850
test,1156851
test,1190887
test,1269197
test,987109
test,1126902
test,1047953
test,1156730
test,1087925
test,897583
test,1132724
test,1024022
test,1046339
test,937220
test,1077817
test,1126085
test,1116746
test,1118641
test,1028808
test,1101232
test,1031408
test,1039195
test,1219773
test,1114021
test,1100472
test,1099174
test,1091825
test,1085030
test,957636
test,962615
test,983887
test,1122230
test,1053844
test,1011398
test,837268
test,1099627
test,959863
test,1212622
test,1148861
test,1030695
test,1170629
test,1126257
test,1102845
test,1103283
test,1083614
test,1186877
test,1168414
test,921586
test,1098362
test,1077632
test,1079458
test,883782
test,908724
test,1125930
test,1105345
test,950690
test,1042815
test,1095647
test,1104809
test,1352847
test,1114084
test,1048897
test,822546
test,1114767
test,1030267
test,1219540
test,900333
test,1145703
test,1141365
test,1215294
test,966986
test,1335977
test,1045839
test,1073298
test,1065266
test,982700
test,1137603
test,1063516
test,1067406
test,996766
test,1022217
test,1148529
test,1196590
test,989803
test,941152
test,1010759
test,1385260
test,1033099
test,1080117
test,1305481
test,861561
test,1173334
test,1029625
test,997557
test,889933
test,1301202
test,1028140
test,1269816
test,1012319
test,997396
test,1057810
test,1014551
test,1057781
test,978928
test,1165838
test,1289548
test,971315
test,1019189
test,1166413
test,1049476
test,1161612
test,1181622
test,1168888
test,1147651
test,965645
test,1123899
test,1010658
test,1017525
test,1134102
test,976796
test,974809
test,930416
test,1111626
test,1295751
test,1214912
test,1160792
test,1008803
test,1038131
test,1040316
test,961101
test,1029755
test,1144521
test,1052207
test,993914
test,1101712
test,1165427
test,1150118
test,1190695
test,1133156
test,1143678
test,1022096
test,1056800
test,1069656
test,1067204
test,924365
test,896057
test,1068930
test,1080056
test,1259107
test,1086207
test,1178834
test,990805
test,1048332
test,1151257
test,949265
test,1141974
test,867922
test,1205219
test,952519
test,1136258
test,1066031
test,1096804
test,1251083
test,1174859
test,1111300
test,1330241
test,1103080
test,1078754
test,986935
test,1030232
test,1038512
test,1023214
test,997642
test,951468
test,1045326
test,1023327
test,1197482
test,1056695
test,1036441
test,1006073
test,1194615
test,1105951
test,1053057
test,981952
test,1127507
test,984663
test,1053013
test,1046208
test,981022
test,899681
test,931273
test,1046330
test,872304
test,1131434
test,1307891
test,909238
test,913771
test,1023108
test,1165334
test,1013907
test,1044527
test,1147641
test,1015947
test,1143841
test,1043067
test,880708
test,1286555
test,1005563
test,1097665
test,1154490
test,969763
test,1106949
test,1174489
test,856431
test,1146730
test,1136058
test,1120302
test,1164521
test,1222027
test,837523
test,1099328
test,891765
test,1004640
test,1092238
test,1163921
test,1176827
test,916176
test,991846
test,919385
test,1012198
test,1070737
test,1105495
test,1162215
test,1048868
test,1030936
test,1052950
test,1201404
test,1119347
test,1067171
test,1114115
test,959016
test,1096408
test,1046971
test,1048561
test,1213609
test,1334862
test,979325
test,1172543
test,1171119
test,1269189
test,1171728
test,834954
test,1185784
test,1143523
test,860866
test,1075584
test,1044570
test,1122490
test,1094211
test,1115427
test,1090481
test,1019837
test,1084277
test,1159750
test,1183701
test,1091057
test,1086601
test,956044
test,1046608
test,1085966
test,1075076
test,1157903
test,924714
test,1091622
test,1016883
test,1122080
test,1283885
test,981350
test,912498
test,860775
test,1035697
test,989814
test,1146190
test,897267
test,1101309
test,1178134
test,1115668
test,1194916
test,1140158
test,1075858
test,1078142
test,1101277
test,1001889
test,1299719
test,1139644
test,1184545
test,1036628
test,998114
test,1072568
test,894589
test,1122679
test,1018585
test,1078153
test,1178091
test,914702
test,1180002
test,1096452
test,1054770
test,980293
test,1266167
test,1383170
test,1211412
test,1268923
test,1181089
test,1178046
test,1121363
test,1074289
test,1185854
test,1029839
test,1036960
test,915369
test,1051881
test,1184393
test,959252
test,1019908
test,1171957
test,1137593
test,1321000
test,921225
test,990449
test,1178150
test,972650
test,1177375
test,1195077
test,984583
test,1107208
test,1067707
test,1087706
test,1269094
test,1132437
test,960702
test,1146747
test,1152669
test,1034599
test,1123255
test,1248454
test,949983
test,1032430
test,844937
test,1028894
test,910486
test,931982
test,1026740
test,951680
test,1032900
test,1229289
test,1270426
test,963766
test,1159555
test,980363
test,1074887
test,1122573
test,1104319
test,1214454
test,1108398
test,1072074
test,1098810
test,1045494
test,922487
test,1353494
test,1144191
test,906762
test,979436
test,1026400
test,1005559
test,1049256
test,1161580
test,1076361
test,1094073
test,1209879
test,1122734
test,1112766
test,1160556
test,1167335
test,1127654
test,1019290
test,1224236
test,1166679
test,1056734
test,1167895
test,935417
test,899291
test,1145895
test,1046129
test,1068647
test,978646
test,980732
test,1230134
test,1224943
test,1016142
test,1149874
test,1146278
test,1091584
test,969825
test,1005240
test,1122780
test,1052024
test,1181528
test,987007
test,1427421
test,1106743
test,981239
test,1021545
test,1013392
test,1154063
test,1202246
test,1010381
test,1238649
test,1077668
test,1167767
test,1176480
test,1178839
test,1092330
test,1324475
test,985426
test,1171974
test,1109488
test,1088952
test,1067469
test,951575
test,1205043
test,1136812
test,932990
test,867919
test,1085356
test,1305374
test,1191512
test,1133712
test,1292274
test,1083620
test,1286119
test,991836
test,1220319
test,1049190
test,1268244
test,996567
test,1047198
test,834417
test,972999
test,1061449
test,1031337
test,1012745
test,908985
test,1071357
test,1081198
test,960581
test,1006761
test,1027275
test,1059935
test,1015050
test,1080196
test,1102405
test,1007101
test,1240207
test,979722
test,1009448
test,985946
test,1227463
test,1355291
test,1304136
test,1006990
test,998914
test,1172755
test,924655
test,1018207
test,980236
test,1230327
test,925946
test,1109326
test,982254
test,1010316
test,1074581
test,997038
test,1006945
test,1076231
test,936004
test,1078912
test,1079697
test,1121818
test,983518
test,919361
test,1188427
test,1083344
test,1100149
test,1252095
test,1127364
test,1360773
test,1186431
test,1201531
test,987069
test,1076755
test,1159429
test,985062
test,994919
test,1138586
test,1187845
test,850508
test,1215777
test,948869
test,1132400
test,1211691
test,968407
test,1088257
test,1177455
test,1281098
test,1146035
test,1147752
test,1074449
test,989056
test,1058615
test,1181248
test,982942
test,1217356
test,928033
test,973381
test,1090610
test,1021500
test,1096596
test,1141111
test,996136
test,1074925
test,977386
test,982780
test,1088166
test,1129537
test,1038845
test,1197628
test,1176107
test,1056103
test,1111613
test,1196668
test,1075876
test,1057548
test,944603
test,1015232
test,1281031
test,1147746
test,1156477
test,1093241
test,1005200
test,1259141
test,948182
test,1248026
test,1237175
test,1200096
test,781212
test,872146
test,953094
test,1136896
test,1276305
test,984132
test,1143934
test,1210823
test,1305552
test,1102474
test,1043532
test,1036562
test,1045204
test,1073340
test,1006504
test,1099611
test,971062
test,1057559
test,1016989
test,1068918
test,976921
test,975587
test,994475
test,1008027
test,1219299
test,1227171
test,1442995
test,1149596
test,1110246
test,1241392
test,1053352
test,1207888
test,1068836
test,1012475
test,1037951
test,1051148
test,857001
test,1047441
test,1105055
test,978248
test,1182853
test,989230
test,925405
test,1043641
test,1014451
test,998957
test,937674
test,1088694
test,1278470
test,894758
test,1279562
test,1087017
test,1064285
test,1237536
test,1206092
test,918685
test,1084032
test,1257851
test,1034975
test,968591
test,1132851
test,1319024
test,1160983
test,1098207
test,1137438
test,1155293
test,1163294
test,1163905
test,1010082
test,1060736
test,1056426
test,1064342
test,1106838
test,1048367
test,1007840
test,1387194
test,906740
test,958108
test,1090866
test,1036449
test,1259288
test,1017529
test,1057403
test,1049884
test,1042187
test,1209312
test,1435257
test,1283673
test,1185424
test,996690
test,1088935
test,1237764
test,1141431
test,1210000
test,1020046
test,983994
test,975275
test,1168899
test,1441930
test,1013274
test,1110560
test,923266
test,1153033
test,940210
test,1225800
test,943682
test,973190
test,1410098
test,1004144
test,1112525
test,1091830
test,1192924
test,1117417
test,1090791
test,1206928
test,1248168
test,924902
test,1235984
test,1090973
test,1034958
test,977405
test,1113932
test,1060567
test,931555
test,1077176
test,1038385
test,1289907
test,1297436
test,1151630
test,1262447
test,1374396
test,1123293
test,1148006
test,998951
test,1189219
test,1383386
test,1046189
test,1034534
test,1115344
test,1235037
test,1168144
test,1236172
test,1145543
test,947575
test,1294147
test,1053837
test,988425
test,1234766
test,950757
test,1009699
test,1092015
test,926967
test,1063067
test,1004458
test,1155176
test,1107113
test,908688
test,1127792
test,941738
test,967328
test,1119999
test,1017383
test,1160505
test,913380
test,1059512
test,1050503
test,1175573
test,953382
test,1108056
test,1053271
test,1038115
test,1111594
test,1190487
test,952155
test,1170589
test,1121493
test,943915
test,1210137
test,999039
test,1052514
test,1112215
test,915404
test,858625
test,1171245
test,1227131
test,1253883
test,1011195
test,1078534
test,1018359
test,1071471
test,1040742
test,1062322
test,912190
test,1035860
test,965591
test,1243889
test,1037260
test,1115953
test,1135076
test,1184660
test,1096978
test,1091270
test,1089769
test,1089250
test,1079987
test,1306725
test,1078829
test,1146519
test,1180962
test,1219908
test,962937
test,986698
test,982901
test,1028648
test,1192180
test,1017152
test,1073043
test,1036206
test,1208580
test,1193016
test,1123131
test,1002701
test,1132919
test,1032285
test,1048653
test,990553
test,1065293
test,1068831
test,1137710
test,1065343
test,1121799
test,1226675
test,1067361
test,1228420
test,1145259
test,1206839
test,1518838
test,1270907
test,1097293
test,1212120
test,1078931
test,1195613
