tool,preset,effect_pattern,effect_sigma_mult,noise_model,synthetic_sigma_ns,attacker_threshold_ns,dataset_id,samples_per_class,detected,statistic,p_value,time_ms,samples_used,status,outcome
tacet,medium,shift,0,iid,2,100,26,10000,false,0.000000,,1022,10000,Pass (P=0.0%),pass
tacet,medium,shift,0,iid,5,100,30,10000,false,0.000000,,1024,10000,Pass (P=0.0%),pass
tacet,medium,shift,0,iid,2,100,32,10000,false,0.000000,,1025,10000,Pass (P=0.0%),pass
tacet,medium,shift,0,iid,2,100,15,10000,false,0.000000,,1029,10000,Pass (P=0.0%),pass
tacet,medium,shift,0,iid,2,100,18,10000,false,0.000000,,1031,10000,Pass (P=0.0%),pass
tacet,medium,shift,0,iid,2,0.4,25,10000,false,0.000250,,1031,10000,Pass (P=0.0%),pass
tacet,medium,shift,0,iid,5,100,8,10000,false,0.000000,,1033,10000,Pass (P=0.0%),pass
tacet,medium,shift,0,iid,2,0.4,14,10000,false,0.000000,,1035,10000,Pass (P=0.0%),pass
tacet,medium,shift,0,iid,2,0.4,34,10000,false,0.000000,,1037,10000,Pass (P=0.0%),pass
tacet,medium,shift,0,iid,2,0.4,31,10000,false,0.000000,,1038,10000,Pass (P=0.0%),pass
tacet,medium,shift,0,iid,2,0.4,9,10000,false,0.000000,,1039,10000,Pass (P=0.0%),pass
tacet,medium,shift,0,iid,2,0.4,17,10000,false,0.000000,,1040,10000,Pass (P=0.0%),pass
tacet,medium,shift,0,iid,5,0.4,15,10000,false,0.000000,,1040,10000,Pass (P=0.0%),pass
tacet,medium,shift,0,iid,5,100,33,10000,false,0.000000,,1040,10000,Pass (P=0.0%),pass
tacet,medium,shift,0,iid,2,100,1,10000,false,0.000000,,1041,10000,Pass (P=0.0%),pass
tacet,medium,shift,0,iid,2,100,37,10000,false,0.000000,,1047,10000,Pass (P=0.0%),pass
tacet,medium,shift,0,iid,2,0.4,56,10000,false,0.000000,,1049,10000,Pass (P=0.0%),pass
tacet,medium,shift,0,iid,2,0.4,53,10000,false,0.000000,,1050,10000,Pass (P=0.0%),pass
tacet,medium,shift,0,iid,2,0.4,6,10000,false,0.000000,,1054,10000,Pass (P=0.0%),pass
tacet,medium,shift,0,iid,2,0.4,50,10000,false,0.000250,,1058,10000,Pass (P=0.0%),pass
tacet,medium,shift,0,iid,2,0.4,16,10000,false,0.000000,,1059,10000,Pass (P=0.0%),pass
tacet,medium,shift,0,iid,2,100,12,10000,false,0.000000,,1060,10000,Pass (P=0.0%),pass
tacet,medium,shift,0,iid,2,0.4,13,10000,false,0.000000,,1061,10000,Pass (P=0.0%),pass
tacet,medium,shift,0,iid,5,100,2,10000,false,0.000000,,1061,10000,Pass (P=0.0%),pass
tacet,medium,shift,0,iid,2,100,17,10000,false,0.000000,,1062,10000,Pass (P=0.0%),pass
tacet,medium,shift,0,iid,2,0.4,28,10000,false,0.000000,,1064,10000,Pass (P=0.0%),pass
tacet,medium,shift,0,iid,2,100,7,10000,false,0.000000,,1064,10000,Pass (P=0.0%),pass
tacet,medium,shift,0,iid,2,0.4,0,10000,false,0.000000,,1065,10000,Pass (P=0.0%),pass
tacet,medium,shift,0,iid,5,0.4,21,10000,false,0.000000,,1065,10000,Pass (P=0.0%),pass
tacet,medium,shift,0,iid,5,100,27,10000,false,0.000000,,1066,10000,Pass (P=0.0%),pass
tacet,medium,shift,0,iid,5,100,5,10000,false,0.000000,,1072,10000,Pass (P=0.0%),pass
tacet,medium,shift,0,iid,2,0.4,3,10000,false,0.000750,,1080,10000,Pass (P=0.1%),pass
tacet,medium,shift,0,iid,5,0.4,31,10000,false,0.000000,,1032,10000,Pass (P=0.0%),pass
tacet,medium,shift,0,iid,2,0.4,27,10000,false,0.000000,,1047,10000,Pass (P=0.0%),pass
tacet,medium,shift,0,iid,2,100,25,10000,false,0.000000,,1045,10000,Pass (P=0.0%),pass
tacet,medium,shift,0,iid,2,0.4,33,10000,false,0.000000,,1052,10000,Pass (P=0.0%),pass
tacet,medium,shift,0,iid,2,100,14,10000,false,0.000000,,1044,10000,Pass (P=0.0%),pass
tacet,medium,shift,0,iid,2,0.4,19,10000,false,0.000000,,1050,10000,Pass (P=0.0%),pass
tacet,medium,shift,0,iid,5,0.4,9,10000,false,0.000000,,1049,10000,Pass (P=0.0%),pass
tacet,medium,shift,0,iid,2,100,34,10000,false,0.000000,,1046,10000,Pass (P=0.0%),pass
tacet,medium,shift,0,iid,2,100,31,10000,false,0.000000,,1057,10000,Pass (P=0.0%),pass
tacet,medium,shift,0,iid,2,100,9,10000,false,0.000000,,1049,10000,Pass (P=0.0%),pass
tacet,medium,shift,0,iid,5,0.4,18,10000,false,0.000000,,1049,10000,Pass (P=0.0%),pass
tacet,medium,shift,0,iid,5,0.4,34,10000,false,0.000000,,1052,10000,Pass (P=0.0%),pass
tacet,medium,shift,0,iid,5,100,15,10000,false,0.000000,,1059,10000,Pass (P=0.0%),pass
tacet,medium,shift,0,iid,2,0.4,15,10000,false,0.000000,,1061,10000,Pass (P=0.0%),pass
tacet,medium,shift,0,iid,2,100,6,10000,false,0.000000,,1067,10000,Pass (P=0.0%),pass
tacet,medium,shift,0,iid,2,0.4,2,10000,false,0.000000,,1082,10000,Pass (P=0.0%),pass
tacet,medium,shift,0,iid,2,100,56,10000,false,0.000000,,1075,10000,Pass (P=0.0%),pass
tacet,medium,shift,0,iid,2,100,50,10000,false,0.000000,,1069,10000,Pass (P=0.0%),pass
tacet,medium,shift,0,iid,2,100,13,10000,false,0.000000,,1066,10000,Pass (P=0.0%),pass
tacet,medium,shift,0,iid,2,0.4,18,10000,false,0.000000,,1066,10000,Pass (P=0.0%),pass
tacet,medium,shift,0,iid,2,100,53,10000,false,0.000000,,1080,10000,Pass (P=0.0%),pass
tacet,medium,shift,0,iid,5,0.4,3,10000,false,0.000750,,1070,10000,Pass (P=0.1%),pass
tacet,medium,shift,0,iid,2,100,2,10000,false,0.000000,,1072,10000,Pass (P=0.0%),pass
tacet,medium,shift,0,iid,2,0.4,8,10000,false,0.000000,,1078,10000,Pass (P=0.0%),pass
tacet,medium,shift,0,iid,2,100,16,10000,false,0.000000,,1084,10000,Pass (P=0.0%),pass
tacet,medium,shift,0,iid,2,100,28,10000,false,0.000000,,1079,10000,Pass (P=0.0%),pass
tacet,medium,shift,0,iid,5,100,21,10000,false,0.000000,,1079,10000,Pass (P=0.0%),pass
tacet,medium,shift,0,iid,5,0.4,6,10000,false,0.000000,,1077,10000,Pass (P=0.0%),pass
tacet,medium,shift,0,iid,2,0.4,38,10000,false,0.000000,,1115,10000,Pass (P=0.0%),pass
tacet,medium,shift,0,iid,2,100,3,10000,false,0.000000,,1086,10000,Pass (P=0.0%),pass
tacet,medium,shift,0,iid,2,100,0,10000,false,0.000000,,1105,10000,Pass (P=0.0%),pass
tacet,medium,shift,0,iid,5,0.4,28,10000,false,0.000000,,1106,10000,Pass (P=0.0%),pass
tacet,medium,shift,0,iid,5,100,31,10000,false,0.000000,,1035,10000,Pass (P=0.0%),pass
tacet,medium,shift,0,iid,2,100,27,10000,false,0.000000,,1039,10000,Pass (P=0.0%),pass
tacet,medium,shift,0,iid,2,0.4,26,10000,false,0.000000,,1048,10000,Pass (P=0.0%),pass
tacet,medium,shift,0,iid,2,100,33,10000,false,0.000000,,1051,10000,Pass (P=0.0%),pass
tacet,medium,shift,0,iid,2,100,4,10000,false,0.000000,,1051,10000,Pass (P=0.0%),pass
tacet,medium,shift,0,iid,5,100,9,10000,false,0.000000,,1049,10000,Pass (P=0.0%),pass
tacet,medium,shift,0,iid,2,0.4,35,10000,false,0.000000,,1048,10000,Pass (P=0.0%),pass
tacet,medium,shift,0,iid,5,100,18,10000,false,0.000000,,1042,10000,Pass (P=0.0%),pass
tacet,medium,shift,0,iid,2,100,19,10000,false,0.000000,,1051,10000,Pass (P=0.0%),pass
tacet,medium,shift,0,iid,5,0.4,16,10000,false,0.000000,,1035,10000,Pass (P=0.0%),pass
tacet,medium,shift,0,iid,5,100,34,10000,false,0.000000,,1043,10000,Pass (P=0.0%),pass
tacet,medium,shift,0,iid,2,0.4,32,10000,false,0.000000,,1048,10000,Pass (P=0.0%),pass
tacet,medium,shift,0,iid,2,0.4,10,10000,false,0.000000,,1051,10000,Pass (P=0.0%),pass
tacet,medium,shift,0,iid,5,0.4,32,10000,false,0.000000,,1067,10000,Pass (P=0.0%),pass
tacet,medium,shift,0,iid,5,100,32,10000,false,0.000000,,1051,10000,Pass (P=0.0%),pass
tacet,medium,shift,0,iid,5,100,3,10000,false,0.000000,,1057,10000,Pass (P=0.0%),pass
tacet,medium,shift,0,iid,2,100,35,10000,false,0.000000,,1068,10000,Pass (P=0.0%),pass
tacet,medium,shift,0,iid,2,0.4,7,10000,false,0.000000,,1077,10000,Pass (P=0.0%),pass
tacet,medium,shift,0,iid,2,0.4,51,10000,false,0.000000,,1073,10000,Pass (P=0.0%),pass
tacet,medium,shift,0,iid,2,0.4,59,10000,false,0.000000,,1070,10000,Pass (P=0.0%),pass
tacet,medium,shift,0,iid,5,100,11,10000,false,0.000000,,1078,10000,Pass (P=0.0%),pass
tacet,medium,shift,0,iid,2,100,38,10000,false,0.000000,,1048,10000,Pass (P=0.0%),pass
tacet,medium,shift,0,iid,2,0.4,57,10000,false,0.000000,,1086,10000,Pass (P=0.0%),pass
tacet,medium,shift,0,iid,2,100,10,10000,false,0.000000,,1068,10000,Pass (P=0.0%),pass
tacet,medium,shift,0,iid,5,0.4,22,10000,false,0.000000,,1067,10000,Pass (P=0.0%),pass
tacet,medium,shift,0,iid,2,0.4,54,10000,false,0.000750,,1085,10000,Pass (P=0.1%),pass
tacet,medium,shift,0,iid,5,100,6,10000,false,0.000000,,1067,10000,Pass (P=0.0%),pass
tacet,medium,shift,0,iid,2,0.4,29,10000,false,0.000000,,1076,10000,Pass (P=0.0%),pass
tacet,medium,shift,0,iid,2,100,8,10000,false,0.000000,,1084,10000,Pass (P=0.0%),pass
tacet,medium,shift,0,iid,2,0.4,4,10000,false,0.000750,,1072,10000,Pass (P=0.1%),pass
tacet,medium,shift,0,iid,5,100,28,10000,false,0.000000,,1084,10000,Pass (P=0.0%),pass
tacet,medium,shift,0,iid,2,0.4,1,10000,false,0.000000,,1095,10000,Pass (P=0.0%),pass
tacet,medium,shift,0,iid,2,100,51,10000,false,0.000000,,1039,10000,Pass (P=0.0%),pass
tacet,medium,shift,0,iid,2,100,21,10000,false,0.000000,,1043,10000,Pass (P=0.0%),pass
tacet,medium,shift,0,iid,2,0.4,20,10000,false,0.000000,,1040,10000,Pass (P=0.0%),pass
tacet,medium,shift,0,iid,2,0.4,5,10000,false,0.000000,,1049,10000,Pass (P=0.0%),pass
tacet,medium,shift,0,iid,2,100,5,10000,false,0.000000,,1042,10000,Pass (P=0.0%),pass
tacet,medium,shift,0,iid,5,0.4,4,10000,false,0.000750,,1047,10000,Pass (P=0.1%),pass
tacet,medium,shift,0,iid,5,0.4,10,10000,false,0.000000,,1046,10000,Pass (P=0.0%),pass
tacet,medium,shift,0,iid,5,100,16,10000,false,0.000000,,1049,10000,Pass (P=0.0%),pass
tacet,medium,shift,0,iid,5,0.4,19,10000,false,0.000000,,1049,10000,Pass (P=0.0%),pass
tacet,medium,shift,0,iid,2,100,36,10000,false,0.000000,,1049,10000,Pass (P=0.0%),pass
tacet,medium,shift,0,iid,5,0.4,7,10000,false,0.000000,,1046,10000,Pass (P=0.0%),pass
tacet,medium,shift,0,iid,5,0.4,35,10000,false,0.000000,,1052,10000,Pass (P=0.0%),pass
tacet,medium,shift,0,iid,5,0.4,33,10000,false,0.000000,,1041,10000,Pass (P=0.0%),pass
tacet,medium,shift,0,iid,2,100,20,10000,false,0.000000,,1076,10000,Pass (P=0.0%),pass
tacet,medium,shift,0,iid,2,100,11,10000,false,0.000000,,1054,10000,Pass (P=0.0%),pass
tacet,medium,shift,0,iid,2,0.4,39,10000,false,0.000000,,1047,10000,Pass (P=0.0%),pass
tacet,medium,shift,0,iid,2,0.4,36,10000,false,0.000000,,1070,10000,Pass (P=0.0%),pass
tacet,medium,shift,0,iid,2,100,29,10000,false,0.000000,,1074,10000,Pass (P=0.0%),pass
tacet,medium,shift,0,iid,5,100,36,10000,false,0.000000,,1077,10000,Pass (P=0.0%),pass
tacet,medium,shift,0,iid,2,100,59,10000,false,0.000000,,1080,10000,Pass (P=0.0%),pass
tacet,medium,shift,0,iid,5,0.4,12,10000,false,0.000000,,1078,10000,Pass (P=0.0%),pass
tacet,medium,shift,0,iid,5,100,29,10000,false,0.000000,,1067,10000,Pass (P=0.0%),pass
tacet,medium,shift,0,iid,2,0.4,11,10000,false,0.000000,,1082,10000,Pass (P=0.0%),pass
tacet,medium,shift,0,iid,2,0.4,37,10000,false,0.000000,,1075,10000,Pass (P=0.0%),pass
tacet,medium,shift,0,iid,5,100,22,10000,false,0.000000,,1083,10000,Pass (P=0.0%),pass
tacet,medium,shift,0,iid,2,100,57,10000,false,0.000000,,1086,10000,Pass (P=0.0%),pass
tacet,medium,shift,0,iid,5,100,35,10000,false,0.000000,,1083,10000,Pass (P=0.0%),pass
tacet,medium,shift,0,iid,2,100,54,10000,false,0.000000,,1086,10000,Pass (P=0.0%),pass
tacet,medium,shift,0,iid,5,100,4,10000,false,0.000000,,1082,10000,Pass (P=0.0%),pass
tacet,medium,shift,0,iid,2,0.4,52,10000,false,0.000000,,1096,10000,Pass (P=0.0%),pass
tacet,medium,shift,0,iid,5,0.4,13,10000,false,0.000000,,1040,10000,Pass (P=0.0%),pass
tacet,medium,shift,0,iid,5,0.4,5,10000,false,0.000000,,1082,10000,Pass (P=0.0%),pass
tacet,medium,shift,0,iid,2,100,22,10000,false,0.000000,,958,10000,Pass (P=0.0%),pass
tacet,medium,shift,0,iid,2,0.4,21,10000,false,0.000000,,979,10000,Pass (P=0.0%),pass
tacet,medium,shift,0,iid,5,0.4,36,10000,false,0.000000,,1035,10000,Pass (P=0.0%),pass
tacet,medium,shift,0,iid,5,0.4,30,10000,false,0.000000,,1040,10000,Pass (P=0.0%),pass
tacet,medium,shift,0,iid,2,0.4,23,10000,false,0.000000,,1039,10000,Pass (P=0.0%),pass
tacet,medium,shift,0,iid,5,100,10,10000,false,0.000000,,1039,10000,Pass (P=0.0%),pass
tacet,medium,shift,0,iid,5,0.4,20,10000,false,0.000000,,1037,10000,Pass (P=0.0%),pass
tacet,medium,shift,0,iid,2,0.4,55,10000,false,0.000750,,966,10000,Pass (P=0.1%),pass
tacet,medium,shift,0,iid,2,0.4,12,10000,false,0.000000,,1057,10000,Pass (P=0.0%),pass
tacet,medium,shift,0,iid,5,100,19,10000,false,0.000000,,1083,10000,Pass (P=0.0%),pass
tacet,medium,shift,0,iid,2,100,39,10000,false,0.000000,,1046,10000,Pass (P=0.0%),pass
tacet,medium,shift,0,iid,2,0.4,22,10000,false,0.000000,,1171,10000,Pass (P=0.0%),pass
tacet,medium,shift,0,iid,5,0.4,0,10000,false,0.000000,,1071,10000,Pass (P=0.0%),pass
tacet,medium,shift,0,iid,5,0.4,37,10000,false,0.000000,,1078,10000,Pass (P=0.0%),pass
tacet,medium,shift,0,iid,5,100,12,10000,false,0.000000,,1074,10000,Pass (P=0.0%),pass
tacet,medium,shift,0,iid,5,0.4,23,10000,false,0.000000,,1068,10000,Pass (P=0.0%),pass
tacet,medium,shift,0,iid,5,0.4,24,10000,false,0.000000,,1074,10000,Pass (P=0.0%),pass
tacet,medium,shift,0,iid,5,0.4,17,10000,false,0.000000,,1213,10000,Pass (P=0.0%),pass
tacet,medium,shift,0,iid,5,0.4,14,10000,false,0.000000,,1071,10000,Pass (P=0.0%),pass
tacet,medium,shift,0,iid,2,0.4,58,10000,false,0.000750,,1139,10000,Pass (P=0.1%),pass
tacet,medium,shift,0,iid,5,100,25,10000,false,0.000000,,1061,10000,Pass (P=0.0%),pass
tacet,medium,shift,0,iid,5,0.4,8,10000,false,0.000000,,1033,10000,Pass (P=0.0%),pass
tacet,medium,shift,0,iid,5,100,20,10000,false,0.000000,,1031,10000,Pass (P=0.0%),pass
tacet,medium,shift,0,iid,5,100,23,10000,false,0.000000,,1081,10000,Pass (P=0.0%),pass
tacet,medium,shift,0,iid,5,100,0,10000,false,0.000000,,1032,10000,Pass (P=0.0%),pass
tacet,medium,shift,0,iid,5,100,26,10000,false,0.000000,,1088,10000,Pass (P=0.0%),pass
tacet,medium,shift,0,iid,2,100,43,10000,false,0.000000,,1068,10000,Pass (P=0.0%),pass
tacet,medium,shift,0,iid,2,100,24,10000,false,0.000000,,1122,10000,Pass (P=0.0%),pass
tacet,medium,shift,0,iid,5,0.4,11,10000,false,0.000000,,1915,10000,Pass (P=0.0%),pass
tacet,medium,shift,0,iid,2,0.4,46,10000,false,0.000000,,751,10000,Pass (P=0.0%),pass
tacet,medium,shift,0,iid,5,0.4,38,10000,false,0.000000,,899,10000,Pass (P=0.0%),pass
tacet,medium,shift,0,iid,5,100,7,10000,false,0.000000,,2042,10000,Pass (P=0.0%),pass
tacet,medium,shift,0,iid,2,0.4,48,10000,false,0.000500,,1028,10000,Pass (P=0.1%),pass
tacet,medium,shift,0,iid,5,100,1,10000,false,0.000000,,1027,10000,Pass (P=0.0%),pass
tacet,medium,shift,0,iid,5,100,37,10000,false,0.000000,,935,10000,Pass (P=0.0%),pass
tacet,medium,shift,0,iid,5,100,38,10000,false,0.000000,,537,10000,Pass (P=0.0%),pass
tacet,medium,shift,0,iid,2,100,47,10000,false,0.000000,,1007,10000,Pass (P=0.0%),pass
tacet,medium,shift,0,iid,2,0.4,42,10000,false,0.000750,,738,10000,Pass (P=0.1%),pass
tacet,medium,shift,0,iid,5,0.4,1,10000,false,0.000000,,819,10000,Pass (P=0.0%),pass
tacet,medium,shift,0,iid,5,0.4,2,10000,false,0.000000,,951,10000,Pass (P=0.0%),pass
tacet,medium,shift,0,iid,2,0.4,47,10000,false,0.000000,,1083,10000,Pass (P=0.0%),pass
tacet,medium,shift,0,iid,5,0.4,27,10000,false,0.000000,,792,10000,Pass (P=0.0%),pass
tacet,medium,shift,0,iid,2,0.4,40,10000,false,0.000000,,1057,10000,Pass (P=0.0%),pass
tacet,medium,shift,0,iid,2,100,23,10000,false,0.000000,,1179,10000,Pass (P=0.0%),pass
tacet,medium,shift,0,iid,5,0.4,26,10000,false,0.000000,,854,10000,Pass (P=0.0%),pass
tacet,medium,shift,0,iid,2,0.4,41,10000,false,0.000000,,645,10000,Pass (P=0.0%),pass
tacet,medium,shift,0,iid,2,100,42,10000,false,0.000000,,763,10000,Pass (P=0.0%),pass
tacet,medium,shift,0,iid,2,100,40,10000,false,0.000000,,1082,10000,Pass (P=0.0%),pass
tacet,medium,shift,0,iid,2,0.4,43,10000,false,0.000000,,519,10000,Pass (P=0.0%),pass
tacet,medium,shift,0,iid,2,100,49,10000,false,0.000000,,1173,10000,Pass (P=0.0%),pass
tacet,medium,shift,0,iid,5,100,14,10000,false,0.000000,,1310,10000,Pass (P=0.0%),pass
tacet,medium,shift,0,iid,5,0.4,39,10000,false,0.000000,,1133,10000,Pass (P=0.0%),pass
tacet,medium,shift,0,iid,2,0.4,44,10000,false,0.000000,,1429,10000,Pass (P=0.0%),pass
tacet,medium,shift,0,iid,5,100,13,10000,false,0.000000,,2228,10000,Pass (P=0.0%),pass
tacet,medium,shift,0,iid,5,0.4,25,10000,false,0.000250,,1849,10000,Pass (P=0.0%),pass
tacet,medium,shift,0,iid,2,100,48,10000,false,0.000000,,1348,10000,Pass (P=0.0%),pass
tacet,medium,shift,0,iid,2,100,41,10000,false,0.000000,,918,10000,Pass (P=0.0%),pass
tacet,medium,shift,0,iid,2,100,44,10000,false,0.000000,,1630,10000,Pass (P=0.0%),pass
tacet,medium,shift,0,iid,5,100,17,10000,false,0.000000,,2530,10000,Pass (P=0.0%),pass
tacet,medium,shift,0,iid,5,100,39,10000,false,0.000000,,1493,10000,Pass (P=0.0%),pass
tacet,medium,shift,0,iid,5,0.4,29,10000,false,0.000000,,3903,10000,Pass (P=0.0%),pass
tacet,medium,shift,0,iid,2,100,46,10000,false,0.000000,,2399,10000,Pass (P=0.0%),pass
tacet,medium,shift,0,iid,2,100,55,10000,false,0.000000,,3028,10000,Pass (P=0.0%),pass
tacet,medium,shift,0,iid,2,0.4,45,10000,false,0.000000,,2176,10000,Pass (P=0.0%),pass
tacet,medium,shift,0,iid,2,100,45,10000,false,0.000000,,1988,10000,Pass (P=0.0%),pass
tacet,medium,shift,0,iid,2,0.4,49,10000,false,0.000000,,2360,10000,Pass (P=0.0%),pass
tacet,medium,shift,0,iid,2,0.4,24,10000,false,0.000000,,2921,10000,Pass (P=0.0%),pass
tacet,medium,shift,0,iid,5,100,24,10000,false,0.000000,,3097,10000,Pass (P=0.0%),pass
tacet,medium,shift,0,iid,2,0.4,30,10000,false,0.000000,,3636,10000,Pass (P=0.0%),pass
tacet,medium,shift,0,iid,2,100,52,10000,false,0.000000,,3549,10000,Pass (P=0.0%),pass
tacet,medium,shift,0,iid,2,100,58,10000,false,0.000000,,3610,10000,Pass (P=0.0%),pass
tacet,medium,shift,0,iid,2,100,30,10000,false,0.000000,,4158,10000,Pass (P=0.0%),pass
tacet,medium,shift,0,ar1-0.3,5,100,6,10000,false,0.000000,,1172,10000,Pass (P=0.0%),pass
tacet,medium,shift,0,ar1-0.3,5,0.4,1,10000,false,0.021000,,1177,10000,Pass (P=2.1%),pass
tacet,medium,shift,0,ar1-0.3,5,0.4,25,10000,false,0.083250,,1179,10000,"Inconclusive: SampleBudgetExceeded { current_probability: 0.08325, samples_collected: 10000 }",inconclusive
tacet,medium,shift,0,ar1-0.3,5,100,15,10000,false,0.000000,,1181,10000,Pass (P=0.0%),pass
tacet,medium,shift,0,ar1-0.3,5,0.4,2,10000,false,0.069750,,1187,10000,"Inconclusive: SampleBudgetExceeded { current_probability: 0.06975, samples_collected: 10000 }",inconclusive
tacet,medium,shift,0,ar1-0.6,5,100,30,10000,false,0.000000,,1188,10000,Pass (P=0.0%),pass
tacet,medium,shift,0,ar1-0.3,5,100,18,10000,false,0.000000,,1188,10000,Pass (P=0.0%),pass
tacet,medium,shift,0,ar1-0.6,5,0.4,15,10000,false,0.292500,,1190,10000,"Inconclusive: SampleBudgetExceeded { current_probability: 0.2925, samples_collected: 10000 }",inconclusive
tacet,medium,shift,0,ar1-0.3,5,100,11,10000,false,0.000000,,1190,10000,Pass (P=0.0%),pass
tacet,medium,shift,0,ar1-0.6,5,0.4,21,10000,false,0.103000,,1190,10000,"Inconclusive: SampleBudgetExceeded { current_probability: 0.103, samples_collected: 10000 }",inconclusive
tacet,medium,shift,0,ar1-0.3,5,100,1,10000,false,0.000000,,1191,10000,Pass (P=0.0%),pass
tacet,medium,shift,0,ar1-0.3,5,100,7,10000,false,0.000000,,1193,10000,Pass (P=0.0%),pass
tacet,medium,shift,0,ar1-0.3,5,0.4,6,10000,false,0.012250,,1193,10000,Pass (P=1.2%),pass
tacet,medium,shift,0,ar1-0.3,5,0.4,3,10000,false,0.049000,,1197,10000,Pass (P=4.9%),pass
tacet,medium,shift,0,ar1-0.3,5,0.4,10,10000,false,0.103750,,1197,10000,"Inconclusive: SampleBudgetExceeded { current_probability: 0.10375, samples_collected: 10000 }",inconclusive
tacet,medium,shift,0,ar1-0.3,5,0.4,13,10000,false,0.099250,,1200,10000,"Inconclusive: SampleBudgetExceeded { current_probability: 0.09925, samples_collected: 10000 }",inconclusive
tacet,medium,shift,0,ar1-0.3,5,0.4,9,10000,false,0.505500,,1211,10000,"Inconclusive: SampleBudgetExceeded { current_probability: 0.5055, samples_collected: 10000 }",inconclusive
tacet,medium,shift,0,ar1-0.3,5,0.4,0,10000,false,0.199250,,1217,10000,"Inconclusive: SampleBudgetExceeded { current_probability: 0.19925, samples_collected: 10000 }",inconclusive
tacet,medium,shift,0,ar1-0.6,5,100,22,10000,false,0.000000,,1217,10000,Pass (P=0.0%),pass
tacet,medium,shift,0,ar1-0.3,5,0.4,11,10000,false,0.073750,,1217,10000,"Inconclusive: SampleBudgetExceeded { current_probability: 0.07375, samples_collected: 10000 }",inconclusive
tacet,medium,shift,0,ar1-0.6,5,0.4,24,10000,false,0.057750,,1219,10000,"Inconclusive: SampleBudgetExceeded { current_probability: 0.05775, samples_collected: 10000 }",inconclusive
tacet,medium,shift,0,ar1-0.3,5,0.4,56,10000,false,0.036250,,1219,10000,Pass (P=3.6%),pass
tacet,medium,shift,0,ar1-0.3,5,100,12,10000,false,0.000000,,1220,10000,Pass (P=0.0%),pass
tacet,medium,shift,0,ar1-0.3,5,0.4,53,10000,false,0.310250,,1220,10000,"Inconclusive: SampleBudgetExceeded { current_probability: 0.31025, samples_collected: 10000 }",inconclusive
tacet,medium,shift,0,ar1-0.6,5,100,2,10000,false,0.000000,,1221,10000,Pass (P=0.0%),pass
tacet,medium,shift,0,ar1-0.3,5,0.4,14,10000,false,0.006250,,1222,10000,Pass (P=0.6%),pass
tacet,medium,shift,0,ar1-0.3,5,0.4,50,10000,false,0.424000,,1222,10000,"Inconclusive: SampleBudgetExceeded { current_probability: 0.424, samples_collected: 10000 }",inconclusive
tacet,medium,shift,0,ar1-0.3,5,100,10,10000,false,0.000000,,1223,10000,Pass (P=0.0%),pass
tacet,medium,shift,0,ar1-0.3,5,100,9,10000,false,0.000000,,1224,10000,Pass (P=0.0%),pass
tacet,medium,shift,0,ar1-0.6,5,100,27,10000,false,0.000000,,1229,10000,Pass (P=0.0%),pass
tacet,medium,shift,0,ar1-0.6,5,100,33,10000,false,0.000000,,1231,10000,Pass (P=0.0%),pass
tacet,medium,shift,0,ar1-0.3,5,100,0,10000,false,0.000000,,1239,10000,Pass (P=0.0%),pass
tacet,medium,shift,0,ar1-0.3,5,100,25,10000,false,0.000000,,1193,10000,Pass (P=0.0%),pass
tacet,medium,shift,0,ar1-0.3,5,0.4,16,10000,false,0.026750,,1196,10000,Pass (P=2.7%),pass
tacet,medium,shift,0,ar1-0.3,5,100,21,10000,false,0.000000,,1191,10000,Pass (P=0.0%),pass
tacet,medium,shift,0,ar1-0.6,5,0.4,31,10000,false,0.604500,,1196,10000,"Inconclusive: SampleBudgetExceeded { current_probability: 0.6045, samples_collected: 10000 }",inconclusive
tacet,medium,shift,0,ar1-0.6,5,100,21,10000,false,0.000000,,1210,10000,Pass (P=0.0%),pass
tacet,medium,shift,0,ar1-0.3,5,0.4,23,10000,false,0.030750,,1203,10000,Pass (P=3.1%),pass
tacet,medium,shift,0,ar1-0.3,5,100,3,10000,false,0.000000,,1204,10000,Pass (P=0.0%),pass
tacet,medium,shift,0,ar1-0.3,5,0.4,7,10000,false,0.025250,,1231,10000,Pass (P=2.5%),pass
tacet,medium,shift,0,ar1-0.3,5,0.4,19,10000,false,0.025250,,1215,10000,Pass (P=2.5%),pass
tacet,medium,shift,0,ar1-0.6,5,100,15,10000,false,0.000000,,1216,10000,Pass (P=0.0%),pass
tacet,medium,shift,0,ar1-0.3,5,100,13,10000,false,0.000000,,1221,10000,Pass (P=0.0%),pass
tacet,medium,shift,0,ar1-0.3,5,0.4,5,10000,false,0.022750,,1231,10000,Pass (P=2.3%),pass
tacet,medium,shift,0,ar1-0.6,5,100,8,10000,false,0.000000,,1235,10000,Pass (P=0.0%),pass
tacet,medium,shift,0,ar1-0.3,5,100,14,10000,false,0.000000,,1238,10000,Pass (P=0.0%),pass
tacet,medium,shift,0,ar1-0.6,5,100,24,10000,false,0.000000,,1239,10000,Pass (P=0.0%),pass
tacet,medium,shift,0,ar1-0.6,5,0.4,3,10000,false,0.094250,,1238,10000,"Inconclusive: SampleBudgetExceeded { current_probability: 0.09425, samples_collected: 10000 }",inconclusive
tacet,medium,shift,0,ar1-0.3,5,100,37,10000,false,0.000000,,1248,10000,Pass (P=0.0%),pass
tacet,medium,shift,0,ar1-0.3,5,100,53,10000,false,0.000000,,1241,10000,Pass (P=0.0%),pass
tacet,medium,shift,0,ar1-0.3,5,100,4,10000,false,0.000000,,1246,10000,Pass (P=0.0%),pass
tacet,medium,shift,0,ar1-0.6,5,0.4,28,10000,false,0.907000,,1234,10000,"Inconclusive: SampleBudgetExceeded { current_probability: 0.907, samples_collected: 10000 }",inconclusive
tacet,medium,shift,0,ar1-0.3,5,100,50,10000,false,0.000000,,1250,10000,Pass (P=0.0%),pass
tacet,medium,shift,0,ar1-0.3,5,100,56,10000,false,0.000000,,1254,10000,Pass (P=0.0%),pass
tacet,medium,shift,0,ar1-0.6,5,0.4,34,10000,false,0.530750,,1244,10000,"Inconclusive: SampleBudgetExceeded { current_probability: 0.53075, samples_collected: 10000 }",inconclusive
tacet,medium,shift,0,ar1-0.6,5,0.4,23,10000,false,0.179000,,1262,10000,"Inconclusive: SampleBudgetExceeded { current_probability: 0.179, samples_collected: 10000 }",inconclusive
tacet,medium,shift,0,ar1-0.3,5,100,54,10000,false,0.000000,,1250,10000,Pass (P=0.0%),pass
tacet,medium,shift,0,ar1-0.6,5,100,5,10000,false,0.000000,,1191,10000,Pass (P=0.0%),pass
tacet,medium,shift,0,ar1-0.6,5,100,11,10000,false,0.000000,,1203,10000,Pass (P=0.0%),pass
tacet,medium,shift,0,ar1-0.3,5,100,51,10000,false,0.000000,,1203,10000,Pass (P=0.0%),pass
tacet,medium,shift,0,ar1-0.3,5,0.4,17,10000,false,0.120000,,1200,10000,"Inconclusive: SampleBudgetExceeded { current_probability: 0.12, samples_collected: 10000 }",inconclusive
tacet,medium,shift,0,ar1-0.3,5,0.4,59,10000,false,0.013250,,1238,10000,Pass (P=1.3%),pass
tacet,medium,shift,0,ar1-0.6,5,0.4,13,10000,false,0.245250,,1189,10000,"Inconclusive: SampleBudgetExceeded { current_probability: 0.24525, samples_collected: 10000 }",inconclusive
tacet,medium,shift,0,ar1-0.3,5,0.4,24,10000,false,0.019250,,1236,10000,Pass (P=1.9%),pass
tacet,medium,shift,0,ar1-0.6,5,100,31,10000,false,0.000000,,1189,10000,Pass (P=0.0%),pass
tacet,medium,shift,0,ar1-0.3,5,0.4,26,10000,false,0.076250,,1202,10000,"Inconclusive: SampleBudgetExceeded { current_probability: 0.07625, samples_collected: 10000 }",inconclusive
tacet,medium,shift,0,ar1-0.3,5,0.4,22,10000,false,0.305250,,1201,10000,"Inconclusive: SampleBudgetExceeded { current_probability: 0.30525, samples_collected: 10000 }",inconclusive
tacet,medium,shift,0,ar1-0.6,5,0.4,22,10000,false,0.652750,,1197,10000,"Inconclusive: SampleBudgetExceeded { current_probability: 0.65275, samples_collected: 10000 }",inconclusive
tacet,medium,shift,0,ar1-0.3,5,100,23,10000,false,0.000000,,1198,10000,Pass (P=0.0%),pass
tacet,medium,shift,0,ar1-0.6,5,0.4,29,10000,false,0.098000,,1194,10000,"Inconclusive: SampleBudgetExceeded { current_probability: 0.098, samples_collected: 10000 }",inconclusive
tacet,medium,shift,0,ar1-0.3,5,100,19,10000,false,0.000000,,1196,10000,Pass (P=0.0%),pass
tacet,medium,shift,0,ar1-0.6,5,0.4,16,10000,false,0.304250,,1199,10000,"Inconclusive: SampleBudgetExceeded { current_probability: 0.30425, samples_collected: 10000 }",inconclusive
tacet,medium,shift,0,ar1-0.3,5,0.4,4,10000,false,0.523500,,1212,10000,"Inconclusive: SampleBudgetExceeded { current_probability: 0.5235, samples_collected: 10000 }",inconclusive
tacet,medium,shift,0,ar1-0.3,5,0.4,51,10000,false,0.419000,,1211,10000,"Inconclusive: SampleBudgetExceeded { current_probability: 0.419, samples_collected: 10000 }",inconclusive
tacet,medium,shift,0,ar1-0.3,5,100,5,10000,false,0.000000,,1229,10000,Pass (P=0.0%),pass
tacet,medium,shift,0,ar1-0.6,5,0.4,9,10000,false,0.701250,,1234,10000,"Inconclusive: SampleBudgetExceeded { current_probability: 0.70125, samples_collected: 10000 }",inconclusive
tacet,medium,shift,0,ar1-0.3,5,0.4,54,10000,false,0.005750,,1234,10000,Pass (P=0.6%),pass
tacet,medium,shift,0,ar1-0.6,5,0.4,25,10000,false,0.101000,,1239,10000,"Inconclusive: SampleBudgetExceeded { current_probability: 0.101, samples_collected: 10000 }",inconclusive
tacet,medium,shift,0,ar1-0.6,5,100,28,10000,false,0.000000,,1233,10000,Pass (P=0.0%),pass
tacet,medium,shift,0,ar1-0.6,5,100,3,10000,false,0.000000,,1239,10000,Pass (P=0.0%),pass
tacet,medium,shift,0,ar1-0.3,5,0.4,15,10000,false,0.046000,,1245,10000,Pass (P=4.6%),pass
tacet,medium,shift,0,ar1-0.3,5,0.4,57,10000,false,0.012750,,1231,10000,Pass (P=1.3%),pass
tacet,medium,shift,0,ar1-0.3,5,0.4,20,10000,false,0.320500,,1235,10000,"Inconclusive: SampleBudgetExceeded { current_probability: 0.3205, samples_collected: 10000 }",inconclusive
tacet,medium,shift,0,ar1-0.6,5,100,23,10000,false,0.000000,,1231,10000,Pass (P=0.0%),pass
tacet,medium,shift,0,ar1-0.6,5,100,34,10000,false,0.000000,,1237,10000,Pass (P=0.0%),pass
tacet,medium,shift,0,ar1-0.3,5,0.4,38,10000,false,0.508500,,1256,10000,"Inconclusive: SampleBudgetExceeded { current_probability: 0.5085, samples_collected: 10000 }",inconclusive
tacet,medium,shift,0,ar1-0.3,5,0.4,55,10000,false,0.069250,,1237,10000,"Inconclusive: SampleBudgetExceeded { current_probability: 0.06925, samples_collected: 10000 }",inconclusive
tacet,medium,shift,0,ar1-0.6,5,0.4,14,10000,false,0.081750,,1184,10000,"Inconclusive: SampleBudgetExceeded { current_probability: 0.08175, samples_collected: 10000 }",inconclusive
tacet,medium,shift,0,ar1-0.6,5,0.4,6,10000,false,0.046000,,1189,10000,Pass (P=4.6%),pass
tacet,medium,shift,0,ar1-0.6,5,0.4,12,10000,false,0.889750,,1188,10000,"Inconclusive: SampleBudgetExceeded { current_probability: 0.88975, samples_collected: 10000 }",inconclusive
tacet,medium,shift,0,ar1-0.3,5,100,17,10000,false,0.000000,,1194,10000,Pass (P=0.0%),pass
tacet,medium,shift,0,ar1-0.3,5,0.4,52,10000,false,0.047000,,1204,10000,Pass (P=4.7%),pass
tacet,medium,shift,0,ar1-0.3,5,100,20,10000,false,0.000000,,1236,10000,Pass (P=0.0%),pass
tacet,medium,shift,0,ar1-0.6,5,100,13,10000,false,0.000000,,1194,10000,Pass (P=0.0%),pass
tacet,medium,shift,0,ar1-0.3,5,100,59,10000,false,0.000000,,1257,10000,Pass (P=0.0%),pass
tacet,medium,shift,0,ar1-0.3,5,100,24,10000,false,0.000000,,1239,10000,Pass (P=0.0%),pass
tacet,medium,shift,0,ar1-0.6,5,0.4,32,10000,false,0.780250,,1199,10000,"Inconclusive: SampleBudgetExceeded { current_probability: 0.78025, samples_collected: 10000 }",inconclusive
tacet,medium,shift,0,ar1-0.6,5,0.4,18,10000,false,0.086000,,1192,10000,"Inconclusive: SampleBudgetExceeded { current_probability: 0.086, samples_collected: 10000 }",inconclusive
tacet,medium,shift,0,ar1-0.3,5,100,22,10000,false,0.000000,,1200,10000,Pass (P=0.0%),pass
tacet,medium,shift,0,ar1-0.3,5,100,26,10000,false,0.000000,,1209,10000,Pass (P=0.0%),pass
tacet,medium,shift,0,ar1-0.6,5,100,16,10000,false,0.000000,,1209,10000,Pass (P=0.0%),pass
tacet,medium,shift,0,ar1-0.6,5,0.4,7,10000,false,0.080000,,1212,10000,"Inconclusive: SampleBudgetExceeded { current_probability: 0.08, samples_collected: 10000 }",inconclusive
tacet,medium,shift,0,ar1-0.3,5,100,43,10000,false,0.000000,,1215,10000,Pass (P=0.0%),pass
tacet,medium,shift,0,ar1-0.3,5,100,52,10000,false,0.000000,,1313,10000,Pass (P=0.0%),pass
tacet,medium,shift,0,ar1-0.6,5,0.4,30,10000,false,0.057250,,1228,10000,"Inconclusive: SampleBudgetExceeded { current_probability: 0.05725, samples_collected: 10000 }",inconclusive
tacet,medium,shift,0,ar1-0.3,5,0.4,18,10000,false,0.014000,,1241,10000,Pass (P=1.4%),pass
tacet,medium,shift,0,ar1-0.6,5,100,25,10000,false,0.000000,,1245,10000,Pass (P=0.0%),pass
tacet,medium,shift,0,ar1-0.6,5,0.4,35,10000,false,0.631750,,1237,10000,"Inconclusive: SampleBudgetExceeded { current_probability: 0.63175, samples_collected: 10000 }",inconclusive
tacet,medium,shift,0,ar1-0.6,5,100,36,10000,false,0.000000,,1243,10000,Pass (P=0.0%),pass
tacet,medium,shift,0,ar1-0.3,5,100,57,10000,false,0.000000,,1256,10000,Pass (P=0.0%),pass
tacet,medium,shift,0,ar1-0.3,5,100,38,10000,false,0.000000,,1254,10000,Pass (P=0.0%),pass
tacet,medium,shift,0,ar1-0.6,5,0.4,10,10000,false,0.295250,,1308,10000,"Inconclusive: SampleBudgetExceeded { current_probability: 0.29525, samples_collected: 10000 }",inconclusive
tacet,medium,shift,0,ar1-0.6,5,100,6,10000,false,0.000000,,1188,10000,Pass (P=0.0%),pass
tacet,medium,shift,0,ar1-0.6,5,0.4,5,10000,false,0.162750,,1331,10000,"Inconclusive: SampleBudgetExceeded { current_probability: 0.16275, samples_collected: 10000 }",inconclusive
tacet,medium,shift,0,ar1-0.6,5,0.4,17,10000,false,0.414000,,1196,10000,"Inconclusive: SampleBudgetExceeded { current_probability: 0.414, samples_collected: 10000 }",inconclusive
tacet,medium,shift,0,ar1-0.6,5,100,10,10000,false,0.000000,,1190,10000,Pass (P=0.0%),pass
tacet,medium,shift,0,ar1-0.3,5,0.4,31,10000,false,0.335500,,1230,10000,"Inconclusive: SampleBudgetExceeded { current_probability: 0.3355, samples_collected: 10000 }",inconclusive
tacet,medium,shift,0,ar1-0.3,5,0.4,21,10000,false,0.020000,,1244,10000,Pass (P=2.0%),pass
tacet,medium,shift,0,ar1-0.6,5,0.4,0,10000,false,0.337750,,1283,10000,"Inconclusive: SampleBudgetExceeded { current_probability: 0.33775, samples_collected: 10000 }",inconclusive
tacet,medium,shift,0,ar1-0.3,5,0.4,58,10000,false,0.127250,,1221,10000,"Inconclusive: SampleBudgetExceeded { current_probability: 0.12725, samples_collected: 10000 }",inconclusive
tacet,medium,shift,0,ar1-0.6,5,0.4,38,10000,false,0.780000,,1220,10000,"Inconclusive: SampleBudgetExceeded { current_probability: 0.78, samples_collected: 10000 }",inconclusive
tacet,medium,shift,0,ar1-0.6,5,0.4,37,10000,false,0.279250,,1230,10000,"Inconclusive: SampleBudgetExceeded { current_probability: 0.27925, samples_collected: 10000 }",inconclusive
tacet,medium,shift,0,ar1-0.3,5,0.4,34,10000,false,0.189000,,1190,10000,"Inconclusive: SampleBudgetExceeded { current_probability: 0.189, samples_collected: 10000 }",inconclusive
tacet,medium,shift,0,ar1-0.6,5,100,19,10000,false,0.000000,,1243,10000,Pass (P=0.0%),pass
tacet,medium,shift,0,ar1-0.3,5,100,35,10000,false,0.000000,,1211,10000,Pass (P=0.0%),pass
tacet,medium,shift,0,ar1-0.6,5,0.4,20,10000,false,0.577250,,1191,10000,"Inconclusive: SampleBudgetExceeded { current_probability: 0.57725, samples_collected: 10000 }",inconclusive
tacet,medium,shift,0,ar1-0.3,5,100,32,10000,false,0.000000,,1230,10000,Pass (P=0.0%),pass
tacet,medium,shift,0,ar1-0.6,5,100,0,10000,false,0.000000,,1197,10000,Pass (P=0.0%),pass
tacet,medium,shift,0,ar1-0.6,5,100,32,10000,false,0.000000,,1196,10000,Pass (P=0.0%),pass
tacet,medium,shift,0,ar1-0.6,5,100,18,10000,false,0.000000,,1202,10000,Pass (P=0.0%),pass
tacet,medium,shift,0,ar1-0.3,5,0.4,27,10000,false,0.547500,,1206,10000,"Inconclusive: SampleBudgetExceeded { current_probability: 0.5475, samples_collected: 10000 }",inconclusive
tacet,medium,shift,0,ar1-0.3,5,0.4,33,10000,false,0.166500,,1223,10000,"Inconclusive: SampleBudgetExceeded { current_probability: 0.1665, samples_collected: 10000 }",inconclusive
tacet,medium,shift,0,ar1-0.6,5,0.4,19,10000,false,0.083000,,1199,10000,"Inconclusive: SampleBudgetExceeded { current_probability: 0.083, samples_collected: 10000 }",inconclusive
tacet,medium,shift,0,ar1-0.3,5,0.4,44,10000,false,0.005750,,1206,10000,Pass (P=0.6%),pass
tacet,medium,shift,0,ar1-0.6,5,0.4,8,10000,false,0.144750,,1206,10000,"Inconclusive: SampleBudgetExceeded { current_probability: 0.14475, samples_collected: 10000 }",inconclusive
tacet,medium,shift,0,ar1-0.3,5,100,31,10000,false,0.000000,,1232,10000,Pass (P=0.0%),pass
tacet,medium,shift,0,ar1-0.6,5,100,35,10000,false,0.000000,,1230,10000,Pass (P=0.0%),pass
tacet,medium,shift,0,ar1-0.6,5,0.4,26,10000,false,0.313250,,1240,10000,"Inconclusive: SampleBudgetExceeded { current_probability: 0.31325, samples_collected: 10000 }",inconclusive
tacet,medium,shift,0,ar1-0.6,5,100,20,10000,false,0.000000,,1246,10000,Pass (P=0.0%),pass
tacet,medium,shift,0,ar1-0.6,5,0.4,33,10000,false,0.361750,,1238,10000,"Inconclusive: SampleBudgetExceeded { current_probability: 0.36175, samples_collected: 10000 }",inconclusive
tacet,medium,shift,0,ar1-0.3,5,100,34,10000,false,0.000000,,1255,10000,Pass (P=0.0%),pass
tacet,medium,shift,0,ar1-0.3,5,0.4,39,10000,false,0.319750,,1244,10000,"Inconclusive: SampleBudgetExceeded { current_probability: 0.31975, samples_collected: 10000 }",inconclusive
tacet,medium,shift,0,ar1-0.3,5,100,46,10000,false,0.000000,,1235,10000,Pass (P=0.0%),pass
tacet,medium,shift,0,ar1-0.3,5,100,40,10000,false,0.000000,,1200,10000,Pass (P=0.0%),pass
tacet,medium,shift,0,ar1-0.6,5,0.4,11,10000,false,0.385500,,1192,10000,"Inconclusive: SampleBudgetExceeded { current_probability: 0.3855, samples_collected: 10000 }",inconclusive
tacet,medium,shift,0,ar1-0.6,5,0.4,39,10000,false,0.632500,,1198,10000,"Inconclusive: SampleBudgetExceeded { current_probability: 0.6325, samples_collected: 10000 }",inconclusive
tacet,medium,shift,0,ar1-0.6,5,100,39,10000,false,0.000000,,1198,10000,Pass (P=0.0%),pass
tacet,medium,shift,0,ar1-0.3,5,0.4,48,10000,false,0.034500,,1233,10000,Pass (P=3.5%),pass
tacet,medium,shift,0,ar1-0.6,5,100,1,10000,false,0.000000,,1235,10000,Pass (P=0.0%),pass
tacet,medium,shift,0,ar1-0.6,5,100,38,10000,false,0.000000,,1257,10000,Pass (P=0.0%),pass
tacet,medium,shift,0,ar1-0.6,5,0.4,1,10000,false,0.068750,,1195,10000,"Inconclusive: SampleBudgetExceeded { current_probability: 0.06875, samples_collected: 10000 }",inconclusive
tacet,medium,shift,0,ar1-0.3,5,100,39,10000,false,0.000000,,1242,10000,Pass (P=0.0%),pass
tacet,medium,shift,0,ar1-0.6,5,100,37,10000,false,0.000000,,1229,10000,Pass (P=0.0%),pass
tacet,medium,shift,0,ar1-0.3,5,0.4,45,10000,false,0.010000,,1191,10000,Pass (P=1.0%),pass
tacet,medium,shift,0,ar1-0.3,5,0.4,36,10000,false,0.096000,,1193,10000,"Inconclusive: SampleBudgetExceeded { current_probability: 0.096, samples_collected: 10000 }",inconclusive
tacet,medium,shift,0,ar1-0.3,5,0.4,47,10000,false,0.058000,,1205,10000,"Inconclusive: SampleBudgetExceeded { current_probability: 0.058, samples_collected: 10000 }",inconclusive
tacet,medium,shift,0,ar1-0.6,5,100,29,10000,false,0.000000,,3359,10000,Pass (P=0.0%),pass
tacet,medium,shift,0,ar1-0.6,5,0.4,2,10000,false,0.095000,,994,10000,"Inconclusive: SampleBudgetExceeded { current_probability: 0.095, samples_collected: 10000 }",inconclusive
tacet,medium,shift,0,ar1-0.6,5,100,9,10000,false,0.000000,,3422,10000,Pass (P=0.0%),pass
tacet,medium,shift,0,ar1-0.3,5,100,45,10000,false,0.000000,,711,10000,Pass (P=0.0%),pass
tacet,medium,shift,0,ar1-0.3,5,0.4,28,10000,false,0.813000,,1079,10000,"Inconclusive: SampleBudgetExceeded { current_probability: 0.813, samples_collected: 10000 }",inconclusive
tacet,medium,shift,0,ar1-0.3,5,0.4,46,10000,false,0.503750,,496,10000,"Inconclusive: SampleBudgetExceeded { current_probability: 0.50375, samples_collected: 10000 }",inconclusive
tacet,medium,shift,0,ar1-0.3,5,100,28,10000,false,0.000000,,590,10000,Pass (P=0.0%),pass
tacet,medium,shift,0,ar1-0.3,5,0.4,29,10000,false,0.099750,,491,10000,"Inconclusive: SampleBudgetExceeded { current_probability: 0.09975, samples_collected: 10000 }",inconclusive
tacet,medium,shift,0,ar1-0.3,5,0.4,37,10000,false,0.095750,,1316,10000,"Inconclusive: SampleBudgetExceeded { current_probability: 0.09575, samples_collected: 10000 }",inconclusive
tacet,medium,shift,0,ar1-0.6,5,100,7,10000,false,0.000000,,2762,10000,Pass (P=0.0%),pass
tacet,medium,shift,0,ar1-0.3,5,0.4,42,10000,false,0.211250,,1310,10000,"Inconclusive: SampleBudgetExceeded { current_probability: 0.21125, samples_collected: 10000 }",inconclusive
tacet,medium,shift,0,ar1-0.6,5,100,26,10000,false,0.000000,,1474,10000,Pass (P=0.0%),pass
tacet,medium,shift,0,ar1-0.3,5,0.4,49,10000,false,0.121000,,1611,10000,"Inconclusive: SampleBudgetExceeded { current_probability: 0.121, samples_collected: 10000 }",inconclusive
tacet,medium,shift,0,ar1-0.3,5,100,30,10000,false,0.000000,,1029,10000,Pass (P=0.0%),pass
tacet,medium,shift,0,ar1-0.3,5,100,36,10000,false,0.000000,,1424,10000,Pass (P=0.0%),pass
tacet,medium,shift,0,ar1-0.6,5,0.4,27,10000,false,0.770750,,1412,10000,"Inconclusive: SampleBudgetExceeded { current_probability: 0.77075, samples_collected: 10000 }",inconclusive
tacet,medium,shift,0,ar1-0.3,5,100,29,10000,false,0.000000,,1066,10000,Pass (P=0.0%),pass
tacet,medium,shift,0,ar1-0.3,5,0.4,32,10000,false,0.624000,,1428,10000,"Inconclusive: SampleBudgetExceeded { current_probability: 0.624, samples_collected: 10000 }",inconclusive
tacet,medium,shift,0,ar1-0.3,5,0.4,30,10000,false,0.019000,,1033,10000,Pass (P=1.9%),pass
tacet,medium,shift,0,ar1-0.3,5,0.4,43,10000,false,0.343250,,1138,10000,"Inconclusive: SampleBudgetExceeded { current_probability: 0.34325, samples_collected: 10000 }",inconclusive
tacet,medium,shift,0,ar1-0.3,5,100,41,10000,false,0.000000,,1192,10000,Pass (P=0.0%),pass
tacet,medium,shift,0,ar1-0.3,5,100,42,10000,false,0.000000,,1312,10000,Pass (P=0.0%),pass
tacet,medium,shift,0,ar1-0.3,5,0.4,41,10000,false,0.086750,,1693,10000,"Inconclusive: SampleBudgetExceeded { current_probability: 0.08675, samples_collected: 10000 }",inconclusive
tacet,medium,shift,0,ar1-0.6,5,0.4,36,10000,false,0.343000,,1764,10000,"Inconclusive: SampleBudgetExceeded { current_probability: 0.343, samples_collected: 10000 }",inconclusive
tacet,medium,shift,0,ar1-0.3,5,100,47,10000,false,0.000000,,2032,10000,Pass (P=0.0%),pass
tacet,medium,shift,0,ar1-0.3,5,100,27,10000,false,0.000000,,1958,10000,Pass (P=0.0%),pass
tacet,medium,shift,0,ar1-0.3,5,100,48,10000,false,0.000000,,1678,10000,Pass (P=0.0%),pass
tacet,medium,shift,0,ar1-0.3,5,0.4,35,10000,false,0.363000,,2286,10000,"Inconclusive: SampleBudgetExceeded { current_probability: 0.363, samples_collected: 10000 }",inconclusive
tacet,medium,shift,0,ar1-0.3,5,100,49,10000,false,0.000000,,1975,10000,Pass (P=0.0%),pass
tacet,medium,shift,0,ar1-0.3,5,0.4,12,10000,false,0.768500,,7097,10000,"Inconclusive: SampleBudgetExceeded { current_probability: 0.7685, samples_collected: 10000 }",inconclusive
tacet,medium,shift,0,ar1-0.6,5,0.4,4,10000,false,0.786750,,4693,10000,"Inconclusive: SampleBudgetExceeded { current_probability: 0.78675, samples_collected: 10000 }",inconclusive
tacet,medium,shift,0,ar1-0.3,5,0.4,40,10000,false,0.012250,,2766,10000,Pass (P=1.2%),pass
tacet,medium,shift,0,ar1-0.3,5,100,44,10000,false,0.000000,,2305,10000,Pass (P=0.0%),pass
tacet,medium,shift,0,ar1-0.6,5,100,17,10000,false,0.000000,,4125,10000,Pass (P=0.0%),pass
tacet,medium,shift,0,ar1-0.3,5,100,33,10000,false,0.000000,,2970,10000,Pass (P=0.0%),pass
tacet,medium,shift,0,ar1-0.6,5,100,14,10000,false,0.000000,,4798,10000,Pass (P=0.0%),pass
tacet,medium,shift,0,ar1-0.6,5,100,12,10000,false,0.000000,,4951,10000,Pass (P=0.0%),pass
tacet,medium,shift,0,ar1-0.3,5,0.4,8,10000,false,0.040750,,7463,10000,Pass (P=4.1%),pass
tacet,medium,shift,0,ar1-0.3,5,100,58,10000,false,0.000000,,4546,10000,Pass (P=0.0%),pass
tacet,medium,shift,0,ar1-0.6,5,100,4,10000,false,0.000000,,4998,10000,Pass (P=0.0%),pass
tacet,medium,shift,0,ar1-0.3,5,100,16,10000,false,0.000000,,6613,10000,Pass (P=0.0%),pass
tacet,medium,shift,0,ar1-0.3,5,100,8,10000,false,0.000000,,7796,10000,Pass (P=0.0%),pass
tacet,medium,shift,0,ar1-0.3,5,100,2,10000,false,0.000000,,7837,10000,Pass (P=0.0%),pass
tacet,medium,shift,0,ar1-0.3,5,100,55,10000,false,0.000000,,5389,10000,Pass (P=0.0%),pass
tacet,medium,shift,0.2,iid,5,0.4,1,10000,true,1.000000,,1022,10000,"Fail (P=100.0%, SharedHardwareOnly)",fail
tacet,medium,shift,0.2,iid,5,100,7,10000,false,0.000000,,1050,10000,Pass (P=0.0%),pass
tacet,medium,shift,0,ar1-0.8,5,0.4,30,10000,false,0.155750,,1177,10000,"Inconclusive: SampleBudgetExceeded { current_probability: 0.15575, samples_collected: 10000 }",inconclusive
tacet,medium,shift,0,ar1-0.8,5,100,5,10000,false,0.000000,,1179,10000,Pass (P=0.0%),pass
tacet,medium,shift,0,ar1-0.6,5,0.4,46,10000,false,0.825750,,1180,10000,"Inconclusive: SampleBudgetExceeded { current_probability: 0.82575, samples_collected: 10000 }",inconclusive
tacet,medium,shift,0,ar1-0.8,5,100,17,10000,false,0.000000,,1182,10000,Pass (P=0.0%),pass
tacet,medium,shift,0,ar1-0.6,5,100,46,10000,false,0.000000,,1185,10000,Pass (P=0.0%),pass
tacet,medium,shift,0,ar1-0.8,5,0.4,58,10000,false,0.419250,,1186,10000,"Inconclusive: SampleBudgetExceeded { current_probability: 0.41925, samples_collected: 10000 }",inconclusive
tacet,medium,shift,0,ar1-0.6,5,100,40,10000,false,0.000000,,1188,10000,Pass (P=0.0%),pass
tacet,medium,shift,0,ar1-0.8,5,100,9,10000,false,0.000000,,1192,10000,Pass (P=0.0%),pass
tacet,medium,shift,0,ar1-0.8,5,100,31,10000,false,0.000000,,1193,10000,Pass (P=0.0%),pass
tacet,medium,shift,0,ar1-0.8,5,0.4,36,10000,false,0.618250,,1194,10000,"Inconclusive: SampleBudgetExceeded { current_probability: 0.61825, samples_collected: 10000 }",inconclusive
tacet,medium,shift,0,ar1-0.8,5,0.4,55,10000,false,0.438500,,1194,10000,"Inconclusive: SampleBudgetExceeded { current_probability: 0.4385, samples_collected: 10000 }",inconclusive
tacet,medium,shift,0,ar1-0.6,5,100,44,10000,false,0.000000,,1194,10000,Pass (P=0.0%),pass
tacet,medium,shift,0,ar1-0.8,5,100,11,10000,false,0.000000,,1196,10000,Pass (P=0.0%),pass
tacet,medium,shift,0,ar1-0.6,5,100,41,10000,false,0.000000,,1199,10000,Pass (P=0.0%),pass
tacet,medium,shift,0,ar1-0.6,5,100,47,10000,false,0.000000,,1200,10000,Pass (P=0.0%),pass
tacet,medium,shift,0,ar1-0.8,5,0.4,5,10000,false,0.422250,,1214,10000,"Inconclusive: SampleBudgetExceeded { current_probability: 0.42225, samples_collected: 10000 }",inconclusive
tacet,medium,shift,0,ar1-0.8,5,100,30,10000,false,0.000000,,1215,10000,Pass (P=0.0%),pass
tacet,medium,shift,0,ar1-0.8,5,100,59,10000,false,0.000000,,1219,10000,Pass (P=0.0%),pass
tacet,medium,shift,0,ar1-0.6,5,0.4,40,10000,false,0.057000,,1219,10000,"Inconclusive: SampleBudgetExceeded { current_probability: 0.057, samples_collected: 10000 }",inconclusive
tacet,medium,shift,0,ar1-0.8,5,0.4,14,10000,false,0.286250,,1225,10000,"Inconclusive: SampleBudgetExceeded { current_probability: 0.28625, samples_collected: 10000 }",inconclusive
tacet,medium,shift,0,ar1-0.6,5,0.4,49,10000,false,0.410000,,1225,10000,"Inconclusive: SampleBudgetExceeded { current_probability: 0.41, samples_collected: 10000 }",inconclusive
tacet,medium,shift,0,ar1-0.8,5,100,12,10000,false,0.000000,,1226,10000,Pass (P=0.0%),pass
tacet,medium,shift,0,ar1-0.8,5,100,42,10000,false,0.000000,,1226,10000,Pass (P=0.0%),pass
tacet,medium,shift,0,ar1-0.8,5,0.4,33,10000,false,0.564250,,1226,10000,"Inconclusive: SampleBudgetExceeded { current_probability: 0.56425, samples_collected: 10000 }",inconclusive
tacet,medium,shift,0,ar1-0.6,5,100,52,10000,false,0.000000,,1226,10000,Pass (P=0.0%),pass
tacet,medium,shift,0,ar1-0.8,5,0.4,11,10000,false,0.673000,,1226,10000,"Inconclusive: SampleBudgetExceeded { current_probability: 0.673, samples_collected: 10000 }",inconclusive
tacet,medium,shift,0,ar1-0.6,5,100,43,10000,false,0.000000,,1230,10000,Pass (P=0.0%),pass
tacet,medium,shift,0,ar1-0.8,5,0.4,8,10000,false,0.327750,,1242,10000,"Inconclusive: SampleBudgetExceeded { current_probability: 0.32775, samples_collected: 10000 }",inconclusive
tacet,medium,shift,0,ar1-0.6,5,0.4,43,10000,false,0.509000,,1242,10000,"Inconclusive: SampleBudgetExceeded { current_probability: 0.509, samples_collected: 10000 }",inconclusive
tacet,medium,shift,0,ar1-0.8,5,100,6,10000,false,0.000000,,1245,10000,Pass (P=0.0%),pass
tacet,medium,shift,0.2,iid,5,100,1,10000,false,0.000000,,1030,10000,Pass (P=0.0%),pass
tacet,medium,shift,0.2,iid,5,0.4,8,10000,true,1.000000,,1057,10000,"Fail (P=100.0%, SharedHardwareOnly)",fail
tacet,medium,shift,0.2,iid,5,100,13,10000,false,0.000000,,1060,10000,Pass (P=0.0%),pass
tacet,medium,shift,0.2,iid,5,0.4,0,10000,true,1.000000,,1062,10000,"Fail (P=100.0%, SharedHardwareOnly)",fail
tacet,medium,shift,0,ar1-0.8,5,0.4,6,10000,false,0.217250,,1186,10000,"Inconclusive: SampleBudgetExceeded { current_probability: 0.21725, samples_collected: 10000 }",inconclusive
tacet,medium,shift,0,ar1-0.8,5,0.4,7,10000,false,0.214500,,1194,10000,"Inconclusive: SampleBudgetExceeded { current_probability: 0.2145, samples_collected: 10000 }",inconclusive
tacet,medium,shift,0,ar1-0.8,5,100,34,10000,false,0.000000,,1201,10000,Pass (P=0.0%),pass
tacet,medium,shift,0,ar1-0.8,5,0.4,32,10000,false,0.867000,,1187,10000,"Inconclusive: SampleBudgetExceeded { current_probability: 0.867, samples_collected: 10000 }",inconclusive
tacet,medium,shift,0,ar1-0.8,5,0.4,18,10000,false,0.380250,,1198,10000,"Inconclusive: SampleBudgetExceeded { current_probability: 0.38025, samples_collected: 10000 }",inconclusive
tacet,medium,shift,0,ar1-0.6,5,0.4,41,10000,false,0.231750,,1197,10000,"Inconclusive: SampleBudgetExceeded { current_probability: 0.23175, samples_collected: 10000 }",inconclusive
tacet,medium,shift,0,ar1-0.6,5,0.4,45,10000,false,0.112500,,1194,10000,"Inconclusive: SampleBudgetExceeded { current_probability: 0.1125, samples_collected: 10000 }",inconclusive
tacet,medium,shift,0,ar1-0.8,5,0.4,10,10000,false,0.537250,,1203,10000,"Inconclusive: SampleBudgetExceeded { current_probability: 0.53725, samples_collected: 10000 }",inconclusive
tacet,medium,shift,0,ar1-0.8,5,100,58,10000,false,0.000000,,1210,10000,Pass (P=0.0%),pass
tacet,medium,shift,0,ar1-0.6,5,0.4,47,10000,false,0.097000,,1210,10000,"Inconclusive: SampleBudgetExceeded { current_probability: 0.097, samples_collected: 10000 }",inconclusive
tacet,medium,shift,0,ar1-0.8,5,100,55,10000,false,0.000000,,1203,10000,Pass (P=0.0%),pass
tacet,medium,shift,0,ar1-0.8,5,0.4,12,10000,false,0.940250,,1202,10000,"Inconclusive: SampleBudgetExceeded { current_probability: 0.94025, samples_collected: 10000 }",inconclusive
tacet,medium,shift,0,ar1-0.8,5,100,36,10000,false,0.000000,,1205,10000,Pass (P=0.0%),pass
tacet,medium,shift,0,ar1-0.6,5,0.4,42,10000,false,0.569000,,1202,10000,"Inconclusive: SampleBudgetExceeded { current_probability: 0.569, samples_collected: 10000 }",inconclusive
tacet,medium,shift,0,ar1-0.6,5,0.4,48,10000,false,0.170000,,1203,10000,"Inconclusive: SampleBudgetExceeded { current_probability: 0.17, samples_collected: 10000 }",inconclusive
tacet,medium,shift,0,ar1-0.8,5,0.4,31,10000,false,0.759250,,1232,10000,"Inconclusive: SampleBudgetExceeded { current_probability: 0.75925, samples_collected: 10000 }",inconclusive
tacet,medium,shift,0,ar1-0.8,5,100,32,10000,false,0.000000,,1233,10000,Pass (P=0.0%),pass
tacet,medium,shift,0,ar1-0.8,5,0.4,43,10000,false,0.691500,,1226,10000,"Inconclusive: SampleBudgetExceeded { current_probability: 0.6915, samples_collected: 10000 }",inconclusive
tacet,medium,shift,0,ar1-0.6,5,0.4,44,10000,false,0.095000,,1226,10000,"Inconclusive: SampleBudgetExceeded { current_probability: 0.095, samples_collected: 10000 }",inconclusive
tacet,medium,shift,0,ar1-0.8,5,100,14,10000,false,0.000000,,1233,10000,Pass (P=0.0%),pass
tacet,medium,shift,0,ar1-0.6,5,0.4,53,10000,false,0.573000,,1232,10000,"Inconclusive: SampleBudgetExceeded { current_probability: 0.573, samples_collected: 10000 }",inconclusive
tacet,medium,shift,0,ar1-0.8,5,100,33,10000,false,0.000000,,1235,10000,Pass (P=0.0%),pass
tacet,medium,shift,0,ar1-0.6,5,100,49,10000,false,0.000000,,1237,10000,Pass (P=0.0%),pass
tacet,medium,shift,0,ar1-0.8,5,100,23,10000,false,0.000000,,1240,10000,Pass (P=0.0%),pass
tacet,medium,shift,0,ar1-0.8,5,100,8,10000,false,0.000000,,1243,10000,Pass (P=0.0%),pass
tacet,medium,shift,0,ar1-0.8,5,100,13,10000,false,0.000000,,1271,10000,Pass (P=0.0%),pass
tacet,medium,shift,0,ar1-0.8,5,0.4,13,10000,false,0.346250,,1272,10000,"Inconclusive: SampleBudgetExceeded { current_probability: 0.34625, samples_collected: 10000 }",inconclusive
tacet,medium,shift,0,ar1-0.8,5,100,10,10000,false,0.000000,,1255,10000,Pass (P=0.0%),pass
tacet,medium,shift,0.2,iid,5,0.4,2,10000,true,1.000000,,1038,10000,"Fail (P=100.0%, SharedHardwareOnly)",fail
tacet,medium,shift,0.2,iid,5,100,8,10000,false,0.000000,,1061,10000,Pass (P=0.0%),pass
tacet,medium,shift,0.2,iid,5,0.4,14,10000,true,1.000000,,1063,10000,"Fail (P=100.0%, SharedHardwareOnly)",fail
tacet,medium,shift,0.2,iid,5,100,0,10000,false,0.000000,,1064,10000,Pass (P=0.0%),pass
tacet,medium,shift,0.2,iid,5,100,10,10000,false,0.000000,,1041,10000,Pass (P=0.0%),pass
tacet,medium,shift,0.2,iid,5,0.4,12,10000,true,1.000000,,1033,10000,"Fail (P=100.0%, SharedHardwareOnly)",fail
tacet,medium,shift,0,ar1-0.8,5,100,7,10000,false,0.000000,,1194,10000,Pass (P=0.0%),pass
tacet,medium,shift,0,ar1-0.8,5,0.4,35,10000,false,0.800000,,1201,10000,"Inconclusive: SampleBudgetExceeded { current_probability: 0.8, samples_collected: 10000 }",inconclusive
tacet,medium,shift,0,ar1-0.8,5,0.4,59,10000,false,0.162250,,1202,10000,"Inconclusive: SampleBudgetExceeded { current_probability: 0.16225, samples_collected: 10000 }",inconclusive
tacet,medium,shift,0,ar1-0.8,5,100,18,10000,false,0.000000,,1202,10000,Pass (P=0.0%),pass
tacet,medium,shift,0,ar1-0.6,5,100,45,10000,false,0.000000,,1205,10000,Pass (P=0.0%),pass
tacet,medium,shift,0,ar1-0.8,5,100,35,10000,false,0.000000,,1200,10000,Pass (P=0.0%),pass
tacet,medium,shift,0,ar1-0.8,5,100,48,10000,false,0.000000,,1203,10000,Pass (P=0.0%),pass
tacet,medium,shift,0,ar1-0.6,5,100,42,10000,false,0.000000,,1201,10000,Pass (P=0.0%),pass
tacet,medium,shift,0,ar1-0.8,5,0.4,37,10000,false,0.524250,,1205,10000,"Inconclusive: SampleBudgetExceeded { current_probability: 0.52425, samples_collected: 10000 }",inconclusive
tacet,medium,shift,0,ar1-0.6,5,100,48,10000,false,0.000000,,1204,10000,Pass (P=0.0%),pass
tacet,medium,shift,0,ar1-0.8,5,0.4,56,10000,false,0.363000,,1211,10000,"Inconclusive: SampleBudgetExceeded { current_probability: 0.363, samples_collected: 10000 }",inconclusive
tacet,medium,shift,0,ar1-0.8,5,100,26,10000,false,0.000000,,1214,10000,Pass (P=0.0%),pass
tacet,medium,shift,0,ar1-0.8,5,0.4,9,10000,false,0.804750,,1226,10000,"Inconclusive: SampleBudgetExceeded { current_probability: 0.80475, samples_collected: 10000 }",inconclusive
tacet,medium,shift,0,ar1-0.8,5,100,45,10000,false,0.000000,,1230,10000,Pass (P=0.0%),pass
tacet,medium,shift,0,ar1-0.8,5,0.4,28,10000,true,0.952000,,1225,10000,"Fail (P=95.2%, SharedHardwareOnly)",fail
tacet,medium,shift,0,ar1-0.8,5,0.4,27,10000,false,0.875500,,1229,10000,"Inconclusive: SampleBudgetExceeded { current_probability: 0.8755, samples_collected: 10000 }",inconclusive
tacet,medium,shift,0,ar1-0.8,5,0.4,15,10000,false,0.654750,,1233,10000,"Inconclusive: SampleBudgetExceeded { current_probability: 0.65475, samples_collected: 10000 }",inconclusive
tacet,medium,shift,0,ar1-0.6,5,100,53,10000,false,0.000000,,1234,10000,Pass (P=0.0%),pass
tacet,medium,shift,0,ar1-0.6,5,0.4,50,10000,false,0.683500,,1238,10000,"Inconclusive: SampleBudgetExceeded { current_probability: 0.6835, samples_collected: 10000 }",inconclusive
tacet,medium,shift,0,ar1-0.8,5,0.4,34,10000,false,0.735750,,1250,10000,"Inconclusive: SampleBudgetExceeded { current_probability: 0.73575, samples_collected: 10000 }",inconclusive
tacet,medium,shift,0,ar1-0.8,5,0.4,24,10000,false,0.172250,,1244,10000,"Inconclusive: SampleBudgetExceeded { current_probability: 0.17225, samples_collected: 10000 }",inconclusive
tacet,medium,shift,0,ar1-0.6,5,100,58,10000,false,0.000000,,1244,10000,Pass (P=0.0%),pass
tacet,medium,shift,0,ar1-0.8,5,0.4,29,10000,false,0.227500,,1231,10000,"Inconclusive: SampleBudgetExceeded { current_probability: 0.2275, samples_collected: 10000 }",inconclusive
tacet,medium,shift,0,ar1-0.8,5,0.4,44,10000,false,0.177500,,1255,10000,"Inconclusive: SampleBudgetExceeded { current_probability: 0.1775, samples_collected: 10000 }",inconclusive
tacet,medium,shift,0.2,iid,5,100,16,10000,false,0.000000,,1058,10000,Pass (P=0.0%),pass
tacet,medium,shift,0,ar1-0.8,5,100,44,10000,false,0.000000,,1230,10000,Pass (P=0.0%),pass
tacet,medium,shift,0.2,iid,5,100,2,10000,false,0.000000,,1041,10000,Pass (P=0.0%),pass
tacet,medium,shift,0.2,iid,5,0.4,9,10000,true,1.000000,,1058,10000,"Fail (P=100.0%, SharedHardwareOnly)",fail
tacet,medium,shift,0.2,iid,5,0.4,11,10000,true,1.000000,,1042,10000,"Fail (P=100.0%, SharedHardwareOnly)",fail
tacet,medium,shift,0.2,iid,5,100,14,10000,false,0.000000,,1127,10000,Pass (P=0.0%),pass
tacet,medium,shift,0.2,iid,5,100,12,10000,false,0.000000,,1048,10000,Pass (P=0.0%),pass
tacet,medium,shift,0,ar1-0.8,5,100,51,10000,false,0.000000,,1231,10000,Pass (P=0.0%),pass
tacet,medium,shift,0.2,iid,5,0.4,15,10000,true,1.000000,,1049,10000,"Fail (P=100.0%, SharedHardwareOnly)",fail
tacet,medium,shift,0.2,iid,5,100,15,10000,false,0.000000,,1035,10000,Pass (P=0.0%),pass
tacet,medium,shift,0,ar1-0.8,5,100,15,10000,false,0.000000,,1203,10000,Pass (P=0.0%),pass
tacet,medium,shift,0,ar1-0.8,5,0.4,19,10000,false,0.409750,,1205,10000,"Inconclusive: SampleBudgetExceeded { current_probability: 0.40975, samples_collected: 10000 }",inconclusive
tacet,medium,shift,0,ar1-0.8,5,100,56,10000,false,0.000000,,1197,10000,Pass (P=0.0%),pass
tacet,medium,shift,0,ar1-0.8,5,0.4,25,10000,false,0.277250,,1193,10000,"Inconclusive: SampleBudgetExceeded { current_probability: 0.27725, samples_collected: 10000 }",inconclusive
tacet,medium,shift,0,ar1-0.8,5,100,28,10000,false,0.000000,,1189,10000,Pass (P=0.0%),pass
tacet,medium,shift,0,ar1-0.8,5,0.4,49,10000,false,0.723000,,1211,10000,"Inconclusive: SampleBudgetExceeded { current_probability: 0.723, samples_collected: 10000 }",inconclusive
tacet,medium,shift,0,ar1-0.8,5,100,37,10000,false,0.000000,,1212,10000,Pass (P=0.0%),pass
tacet,medium,shift,0.2,iid,5,0.4,17,10000,true,1.000000,,1069,10000,"Fail (P=100.0%, SharedHardwareOnly)",fail
tacet,medium,shift,0.2,iid,5,0.4,4,10000,true,1.000000,,1027,10000,"Fail (P=100.0%, SharedHardwareOnly)",fail
tacet,medium,shift,0,ar1-0.8,5,0.4,46,10000,false,0.915250,,1229,10000,"Inconclusive: SampleBudgetExceeded { current_probability: 0.91525, samples_collected: 10000 }",inconclusive
tacet,medium,shift,0,ar1-0.6,5,100,50,10000,false,0.000000,,1236,10000,Pass (P=0.0%),pass
tacet,medium,shift,0,ar1-0.6,5,0.4,54,10000,false,0.031250,,1238,10000,Pass (P=3.1%),pass
tacet,medium,shift,0.2,iid,5,0.4,3,10000,true,1.000000,,1034,10000,"Fail (P=100.0%, SharedHardwareOnly)",fail
tacet,medium,shift,0.2,iid,5,0.4,16,10000,true,1.000000,,1074,10000,"Fail (P=100.0%, SharedHardwareOnly)",fail
tacet,medium,shift,0,ar1-0.8,5,100,29,10000,false,0.000000,,1235,10000,Pass (P=0.0%),pass
tacet,medium,shift,0,ar1-0.6,5,0.4,59,10000,false,0.048000,,1240,10000,Pass (P=4.8%),pass
tacet,medium,shift,0,ar1-0.8,5,100,25,10000,false,0.000000,,1191,10000,Pass (P=0.0%),pass
tacet,medium,shift,0,ar1-0.8,5,0.4,47,10000,false,0.223000,,1188,10000,"Inconclusive: SampleBudgetExceeded { current_probability: 0.223, samples_collected: 10000 }",inconclusive
tacet,medium,shift,0,ar1-0.8,5,0.4,50,10000,false,0.829500,,1236,10000,"Inconclusive: SampleBudgetExceeded { current_probability: 0.8295, samples_collected: 10000 }",inconclusive
tacet,medium,shift,0,ar1-0.6,5,100,55,10000,false,0.000000,,1237,10000,Pass (P=0.0%),pass
tacet,medium,shift,0,ar1-0.6,5,0.4,57,10000,false,0.083500,,1236,10000,"Inconclusive: SampleBudgetExceeded { current_probability: 0.0835, samples_collected: 10000 }",inconclusive
tacet,medium,shift,0,ar1-0.6,5,100,51,10000,false,0.000000,,1241,10000,Pass (P=0.0%),pass
tacet,medium,shift,0,ar1-0.8,5,0.4,39,10000,false,0.802000,,1225,10000,"Inconclusive: SampleBudgetExceeded { current_probability: 0.802, samples_collected: 10000 }",inconclusive
tacet,medium,shift,0,ar1-0.8,5,0.4,57,10000,false,0.196000,,1229,10000,"Inconclusive: SampleBudgetExceeded { current_probability: 0.196, samples_collected: 10000 }",inconclusive
tacet,medium,shift,0,ar1-0.8,5,100,41,10000,false,0.000000,,1198,10000,Pass (P=0.0%),pass
tacet,medium,shift,0,ar1-0.8,5,100,40,10000,false,0.000000,,1255,10000,Pass (P=0.0%),pass
tacet,medium,shift,0,ar1-0.8,5,100,16,10000,false,0.000000,,1206,10000,Pass (P=0.0%),pass
tacet,medium,shift,0,ar1-0.8,5,100,20,10000,false,0.000000,,1235,10000,Pass (P=0.0%),pass
tacet,medium,shift,0,ar1-0.8,5,100,39,10000,false,0.000000,,1192,10000,Pass (P=0.0%),pass
tacet,medium,shift,0,ar1-0.8,5,0.4,52,10000,false,0.403750,,1241,10000,"Inconclusive: SampleBudgetExceeded { current_probability: 0.40375, samples_collected: 10000 }",inconclusive
tacet,medium,shift,0.2,iid,5,100,5,10000,false,0.000000,,1040,10000,Pass (P=0.0%),pass
tacet,medium,shift,0.2,iid,5,100,4,10000,false,0.000000,,1040,10000,Pass (P=0.0%),pass
tacet,medium,shift,0.2,iid,5,100,17,10000,false,0.000000,,1065,10000,Pass (P=0.0%),pass
tacet,medium,shift,0.2,iid,5,100,3,10000,false,0.000000,,1042,10000,Pass (P=0.0%),pass
tacet,medium,shift,0,ar1-0.8,5,0.4,16,10000,false,0.713500,,1203,10000,"Inconclusive: SampleBudgetExceeded { current_probability: 0.7135, samples_collected: 10000 }",inconclusive
tacet,medium,shift,0,ar1-0.8,5,0.4,38,10000,false,0.909500,,1194,10000,"Inconclusive: SampleBudgetExceeded { current_probability: 0.9095, samples_collected: 10000 }",inconclusive
tacet,medium,shift,0,ar1-0.8,5,100,19,10000,false,0.000000,,1209,10000,Pass (P=0.0%),pass
tacet,medium,shift,0,ar1-0.8,5,100,49,10000,false,0.000000,,1200,10000,Pass (P=0.0%),pass
tacet,medium,shift,0,ar1-0.8,5,100,1,10000,false,0.000000,,1197,10000,Pass (P=0.0%),pass
tacet,medium,shift,0,ar1-0.6,5,0.4,56,10000,false,0.160000,,1232,10000,"Inconclusive: SampleBudgetExceeded { current_probability: 0.16, samples_collected: 10000 }",inconclusive
tacet,medium,shift,0,ar1-0.6,5,0.4,51,10000,false,0.508500,,1232,10000,"Inconclusive: SampleBudgetExceeded { current_probability: 0.5085, samples_collected: 10000 }",inconclusive
tacet,medium,shift,0,ar1-0.6,5,100,54,10000,false,0.000000,,1245,10000,Pass (P=0.0%),pass
tacet,medium,shift,0,ar1-0.6,5,100,57,10000,false,0.000000,,1245,10000,Pass (P=0.0%),pass
tacet,medium,shift,0,ar1-0.6,5,100,59,10000,false,0.000000,,1225,10000,Pass (P=0.0%),pass
tacet,medium,shift,0,ar1-0.6,5,0.4,52,10000,false,0.182000,,1237,10000,"Inconclusive: SampleBudgetExceeded { current_probability: 0.182, samples_collected: 10000 }",inconclusive
tacet,medium,shift,0,ar1-0.8,5,0.4,26,10000,false,0.586750,,1202,10000,"Inconclusive: SampleBudgetExceeded { current_probability: 0.58675, samples_collected: 10000 }",inconclusive
tacet,medium,shift,0,ar1-0.8,5,100,47,10000,false,0.000000,,1196,10000,Pass (P=0.0%),pass
tacet,medium,shift,0,ar1-0.8,5,0.4,22,10000,false,0.839000,,1195,10000,"Inconclusive: SampleBudgetExceeded { current_probability: 0.839, samples_collected: 10000 }",inconclusive
tacet,medium,shift,0,ar1-0.8,5,100,50,10000,false,0.000000,,1241,10000,Pass (P=0.0%),pass
tacet,medium,shift,0.2,iid,5,0.4,18,10000,true,1.000000,,1057,10000,"Fail (P=100.0%, SharedHardwareOnly)",fail
tacet,medium,shift,0,ar1-0.8,5,0.4,45,10000,false,0.226000,,3008,10000,"Inconclusive: SampleBudgetExceeded { current_probability: 0.226, samples_collected: 10000 }",inconclusive
tacet,medium,shift,0,ar1-0.8,5,0.4,51,10000,false,0.629750,,1239,10000,"Inconclusive: SampleBudgetExceeded { current_probability: 0.62975, samples_collected: 10000 }",inconclusive
tacet,medium,shift,0,ar1-0.8,5,0.4,20,10000,false,0.771250,,1172,10000,"Inconclusive: SampleBudgetExceeded { current_probability: 0.77125, samples_collected: 10000 }",inconclusive
tacet,medium,shift,0,ar1-0.8,5,0.4,42,10000,false,0.760000,,1152,10000,"Inconclusive: SampleBudgetExceeded { current_probability: 0.76, samples_collected: 10000 }",inconclusive
tacet,medium,shift,0,ar1-0.8,5,100,22,10000,false,0.000000,,1189,10000,Pass (P=0.0%),pass
tacet,medium,shift,0.2,iid,5,0.4,19,10000,true,1.000000,,765,10000,"Fail (P=100.0%, SharedHardwareOnly)",fail
tacet,medium,shift,0.2,iid,5,100,19,10000,false,0.000000,,656,10000,Pass (P=0.0%),pass
tacet,medium,shift,0,ar1-0.8,5,100,3,10000,false,0.000000,,612,10000,Pass (P=0.0%),pass
tacet,medium,shift,0,ar1-0.8,5,0.4,3,10000,false,0.178750,,764,10000,"Inconclusive: SampleBudgetExceeded { current_probability: 0.17875, samples_collected: 10000 }",inconclusive
tacet,medium,shift,0,ar1-0.8,5,100,53,10000,false,0.000000,,576,10000,Pass (P=0.0%),pass
tacet,medium,shift,0,ar1-0.8,5,0.4,54,10000,false,0.148750,,602,10000,"Inconclusive: SampleBudgetExceeded { current_probability: 0.14875, samples_collected: 10000 }",inconclusive
tacet,medium,shift,0,ar1-0.8,5,100,54,10000,false,0.000000,,597,10000,Pass (P=0.0%),pass
tacet,medium,shift,0,ar1-0.8,5,100,4,10000,false,0.000000,,635,10000,Pass (P=0.0%),pass
tacet,medium,shift,0,ar1-0.8,5,0.4,53,10000,false,0.777500,,861,10000,"Inconclusive: SampleBudgetExceeded { current_probability: 0.7775, samples_collected: 10000 }",inconclusive
tacet,medium,shift,0,ar1-0.8,5,0.4,4,10000,false,0.895750,,640,10000,"Inconclusive: SampleBudgetExceeded { current_probability: 0.89575, samples_collected: 10000 }",inconclusive
tacet,medium,shift,0,ar1-0.8,5,100,27,10000,false,0.000000,,3384,10000,Pass (P=0.0%),pass
tacet,medium,shift,0,ar1-0.8,5,100,57,10000,false,0.000000,,2166,10000,Pass (P=0.0%),pass
tacet,medium,shift,0.2,iid,5,0.4,6,10000,true,1.000000,,1530,10000,"Fail (P=100.0%, SharedHardwareOnly)",fail
tacet,medium,shift,0.2,iid,5,100,18,10000,false,0.000000,,1082,10000,Pass (P=0.0%),pass
tacet,medium,shift,0.2,iid,5,0.4,7,10000,true,1.000000,,1367,10000,"Fail (P=100.0%, SharedHardwareOnly)",fail
tacet,medium,shift,0,ar1-0.8,5,100,2,10000,false,0.000000,,1124,10000,Pass (P=0.0%),pass
tacet,medium,shift,0,ar1-0.8,5,100,52,10000,false,0.000000,,1602,10000,Pass (P=0.0%),pass
tacet,medium,shift,0,ar1-0.8,5,100,0,10000,false,0.000000,,1630,10000,Pass (P=0.0%),pass
tacet,medium,shift,0,ar1-0.8,5,0.4,21,10000,false,0.344250,,1733,10000,"Inconclusive: SampleBudgetExceeded { current_probability: 0.34425, samples_collected: 10000 }",inconclusive
tacet,medium,shift,0,ar1-0.8,5,100,21,10000,false,0.000000,,1490,10000,Pass (P=0.0%),pass
tacet,medium,shift,0,ar1-0.6,5,0.4,58,10000,false,0.316500,,1516,10000,"Inconclusive: SampleBudgetExceeded { current_probability: 0.3165, samples_collected: 10000 }",inconclusive
tacet,medium,shift,0,ar1-0.8,5,0.4,2,10000,false,0.194750,,1338,10000,"Inconclusive: SampleBudgetExceeded { current_probability: 0.19475, samples_collected: 10000 }",inconclusive
tacet,medium,shift,0,ar1-0.8,5,100,46,10000,false,0.000000,,2820,10000,Pass (P=0.0%),pass
tacet,medium,shift,0,ar1-0.8,5,0.4,1,10000,false,0.194500,,1460,10000,"Inconclusive: SampleBudgetExceeded { current_probability: 0.1945, samples_collected: 10000 }",inconclusive
tacet,medium,shift,0,ar1-0.8,5,0.4,48,10000,false,0.417750,,1440,10000,"Inconclusive: SampleBudgetExceeded { current_probability: 0.41775, samples_collected: 10000 }",inconclusive
tacet,medium,shift,0,ar1-0.8,5,0.4,23,10000,false,0.442000,,1399,10000,"Inconclusive: SampleBudgetExceeded { current_probability: 0.442, samples_collected: 10000 }",inconclusive
tacet,medium,shift,0.2,iid,5,100,6,10000,false,0.000000,,1690,10000,Pass (P=0.0%),pass
tacet,medium,shift,0,ar1-0.8,5,100,38,10000,false,0.000000,,2459,10000,Pass (P=0.0%),pass
tacet,medium,shift,0.2,iid,5,0.4,5,10000,true,1.000000,,2390,10000,"Fail (P=100.0%, SharedHardwareOnly)",fail
tacet,medium,shift,0,ar1-0.6,5,0.4,55,10000,false,0.179000,,1782,10000,"Inconclusive: SampleBudgetExceeded { current_probability: 0.179, samples_collected: 10000 }",inconclusive
tacet,medium,shift,0,ar1-0.6,5,100,56,10000,false,0.000000,,2106,10000,Pass (P=0.0%),pass
tacet,medium,shift,0,ar1-0.8,5,100,43,10000,false,0.000000,,5344,10000,Pass (P=0.0%),pass
tacet,medium,shift,0.2,iid,5,100,9,10000,false,0.000000,,4211,10000,Pass (P=0.0%),pass
tacet,medium,shift,0.2,iid,5,0.4,10,10000,true,1.000000,,4408,10000,"Fail (P=100.0%, SharedHardwareOnly)",fail
tacet,medium,shift,0,ar1-0.8,5,0.4,40,10000,false,0.171000,,2240,10000,"Inconclusive: SampleBudgetExceeded { current_probability: 0.171, samples_collected: 10000 }",inconclusive
tacet,medium,shift,0,ar1-0.8,5,0.4,41,10000,false,0.483000,,3161,10000,"Inconclusive: SampleBudgetExceeded { current_probability: 0.483, samples_collected: 10000 }",inconclusive
tacet,medium,shift,0,ar1-0.8,5,0.4,0,10000,false,0.516250,,2680,10000,"Inconclusive: SampleBudgetExceeded { current_probability: 0.51625, samples_collected: 10000 }",inconclusive
tacet,medium,shift,0,ar1-0.8,5,0.4,17,10000,false,0.645750,,2766,10000,"Inconclusive: SampleBudgetExceeded { current_probability: 0.64575, samples_collected: 10000 }",inconclusive
tacet,medium,shift,0.2,iid,5,0.4,13,10000,true,1.000000,,3913,10000,"Fail (P=100.0%, SharedHardwareOnly)",fail
tacet,medium,shift,0.2,iid,5,100,11,10000,false,0.000000,,4528,10000,Pass (P=0.0%),pass
tacet,medium,shift,0,ar1-0.8,5,100,24,10000,false,0.000000,,4691,10000,Pass (P=0.0%),pass
tacet,medium,shift,0.2,iid,5,100,35,10000,false,0.000000,,1021,10000,Pass (P=0.0%),pass
tacet,medium,shift,0.2,iid,5,100,57,10000,false,0.000000,,1025,10000,Pass (P=0.0%),pass
tacet,medium,shift,0.2,iid,5,100,27,10000,false,0.000000,,1026,10000,Pass (P=0.0%),pass
tacet,medium,shift,0.2,iid,5,0.4,59,10000,true,1.000000,,1029,10000,"Fail (P=100.0%, SharedHardwareOnly)",fail
tacet,medium,shift,0.2,iid,5,0.4,26,10000,true,1.000000,,1031,10000,"Fail (P=100.0%, SharedHardwareOnly)",fail
tacet,medium,shift,0.2,iid,5,0.4,23,10000,true,1.000000,,1032,10000,"Fail (P=100.0%, SharedHardwareOnly)",fail
tacet,medium,shift,0.2,iid,5,0.4,21,10000,true,1.000000,,1032,10000,"Fail (P=100.0%, SharedHardwareOnly)",fail
tacet,medium,shift,0.2,iid,5,0.4,20,10000,true,1.000000,,1037,10000,"Fail (P=100.0%, SharedHardwareOnly)",fail
tacet,medium,shift,0.2,iid,5,100,52,10000,false,0.000000,,1038,10000,Pass (P=0.0%),pass
tacet,medium,shift,0.2,iid,5,0.4,54,10000,true,1.000000,,1047,10000,"Fail (P=100.0%, SharedHardwareOnly)",fail
tacet,medium,shift,0.2,iid,5,0.4,58,10000,true,1.000000,,1051,10000,"Fail (P=100.0%, SharedHardwareOnly)",fail
tacet,medium,shift,0.2,iid,5,100,32,10000,false,0.000000,,1057,10000,Pass (P=0.0%),pass
tacet,medium,shift,0.2,iid,5,100,38,10000,false,0.000000,,1058,10000,Pass (P=0.0%),pass
tacet,medium,shift,0.2,iid,5,100,21,10000,false,0.000000,,1060,10000,Pass (P=0.0%),pass
tacet,medium,shift,0.2,iid,5,0.4,37,10000,true,1.000000,,1060,10000,"Fail (P=100.0%, SharedHardwareOnly)",fail
tacet,medium,shift,0.2,iid,5,0.4,51,10000,true,1.000000,,1060,10000,"Fail (P=100.0%, SharedHardwareOnly)",fail
tacet,medium,shift,0.2,iid,5,0.4,36,10000,true,1.000000,,1064,10000,"Fail (P=100.0%, SharedHardwareOnly)",fail
tacet,medium,shift,0.2,iid,5,0.4,45,10000,true,1.000000,,1065,10000,"Fail (P=100.0%, SharedHardwareOnly)",fail
tacet,medium,shift,0.2,iid,5,0.4,29,10000,true,1.000000,,1069,10000,"Fail (P=100.0%, SharedHardwareOnly)",fail
tacet,medium,shift,0.2,iid,5,100,24,10000,false,0.000000,,1070,10000,Pass (P=0.0%),pass
tacet,medium,shift,0.2,iid,5,100,20,10000,false,0.000000,,1084,10000,Pass (P=0.0%),pass
tacet,medium,shift,0.2,ar1-0.3,5,0.4,41,10000,true,0.966250,,1176,10000,"Fail (P=96.6%, SharedHardwareOnly)",fail
tacet,medium,shift,0.2,ar1-0.3,5,0.4,2,10000,true,0.986500,,1187,10000,"Fail (P=98.7%, SharedHardwareOnly)",fail
tacet,medium,shift,0.2,ar1-0.3,5,0.4,5,10000,true,0.982000,,1188,10000,"Fail (P=98.2%, SharedHardwareOnly)",fail
tacet,medium,shift,0.2,ar1-0.3,5,100,22,10000,false,0.000000,,1194,10000,Pass (P=0.0%),pass
tacet,medium,shift,0.2,ar1-0.3,5,0.4,35,10000,false,0.897250,,1194,10000,"Inconclusive: SampleBudgetExceeded { current_probability: 0.89725, samples_collected: 10000 }",inconclusive
tacet,medium,shift,0.2,ar1-0.3,5,0.4,10,10000,true,0.966500,,1195,10000,"Fail (P=96.7%, SharedHardwareOnly)",fail
tacet,medium,shift,0.2,ar1-0.3,5,100,47,10000,false,0.000000,,1196,10000,Pass (P=0.0%),pass
tacet,medium,shift,0.2,ar1-0.3,5,100,3,10000,false,0.000000,,1220,10000,Pass (P=0.0%),pass
tacet,medium,shift,0.2,ar1-0.3,5,0.4,16,10000,true,0.981750,,1225,10000,"Fail (P=98.2%, SharedHardwareOnly)",fail
tacet,medium,shift,0.2,ar1-0.3,5,100,6,10000,false,0.000000,,1236,10000,Pass (P=0.0%),pass
tacet,medium,shift,0.2,ar1-0.3,5,100,0,10000,false,0.000000,,1234,10000,Pass (P=0.0%),pass
tacet,medium,shift,0.2,iid,5,0.4,28,10000,true,1.000000,,1031,10000,"Fail (P=100.0%, SharedHardwareOnly)",fail
tacet,medium,shift,0.2,iid,5,100,23,10000,false,0.000000,,1032,10000,Pass (P=0.0%),pass
tacet,medium,shift,0.2,iid,5,100,59,10000,false,0.000000,,1037,10000,Pass (P=0.0%),pass
tacet,medium,shift,0.2,iid,5,100,26,10000,false,0.000000,,1038,10000,Pass (P=0.0%),pass
tacet,medium,shift,0.2,iid,5,0.4,53,10000,true,1.000000,,1035,10000,"Fail (P=100.0%, SharedHardwareOnly)",fail
tacet,medium,shift,0.2,iid,5,100,54,10000,false,0.000000,,1057,10000,Pass (P=0.0%),pass
tacet,medium,shift,0.2,iid,5,100,58,10000,false,0.000000,,1062,10000,Pass (P=0.0%),pass
tacet,medium,shift,0.2,iid,5,0.4,39,10000,true,1.000000,,1060,10000,"Fail (P=100.0%, SharedHardwareOnly)",fail
tacet,medium,shift,0.2,iid,5,0.4,33,10000,true,1.000000,,1064,10000,"Fail (P=100.0%, SharedHardwareOnly)",fail
tacet,medium,shift,0.2,iid,5,0.4,22,10000,true,1.000000,,1070,10000,"Fail (P=100.0%, SharedHardwareOnly)",fail
tacet,medium,shift,0.2,iid,5,100,37,10000,false,0.000000,,1071,10000,Pass (P=0.0%),pass
tacet,medium,shift,0.2,iid,5,100,36,10000,false,0.000000,,1074,10000,Pass (P=0.0%),pass
tacet,medium,shift,0.2,iid,5,100,45,10000,false,0.000000,,1075,10000,Pass (P=0.0%),pass
tacet,medium,shift,0.2,iid,5,100,29,10000,false,0.000000,,1075,10000,Pass (P=0.0%),pass
tacet,medium,shift,0.2,iid,5,100,51,10000,false,0.000000,,1088,10000,Pass (P=0.0%),pass
tacet,medium,shift,0.2,iid,5,0.4,25,10000,true,1.000000,,1082,10000,"Fail (P=100.0%, SharedHardwareOnly)",fail
tacet,medium,shift,0.2,ar1-0.3,5,0.4,1,10000,true,0.994250,,1205,10000,"Fail (P=99.4%, SharedHardwareOnly)",fail
tacet,medium,shift,0.2,ar1-0.3,5,0.4,44,10000,true,0.993250,,1206,10000,"Fail (P=99.3%, SharedHardwareOnly)",fail
tacet,medium,shift,0.2,ar1-0.3,5,100,28,10000,false,0.000000,,1199,10000,Pass (P=0.0%),pass
tacet,medium,shift,0.2,ar1-0.3,5,0.4,13,10000,true,0.978500,,1203,10000,"Fail (P=97.9%, SharedHardwareOnly)",fail
tacet,medium,shift,0.2,ar1-0.3,5,0.4,0,10000,false,0.940250,,1255,10000,"Inconclusive: SampleBudgetExceeded { current_probability: 0.94025, samples_collected: 10000 }",inconclusive
tacet,medium,shift,0.2,ar1-0.3,5,100,41,10000,false,0.000000,,1193,10000,Pass (P=0.0%),pass
tacet,medium,shift,0.2,ar1-0.3,5,100,5,10000,false,0.000000,,1199,10000,Pass (P=0.0%),pass
tacet,medium,shift,0.2,ar1-0.3,5,100,2,10000,false,0.000000,,1203,10000,Pass (P=0.0%),pass
tacet,medium,shift,0.2,ar1-0.3,5,0.4,23,10000,true,0.993000,,1207,10000,"Fail (P=99.3%, SharedHardwareOnly)",fail
tacet,medium,shift,0.2,ar1-0.3,5,100,35,10000,false,0.000000,,1210,10000,Pass (P=0.0%),pass
tacet,medium,shift,0.2,ar1-0.3,5,100,10,10000,false,0.000000,,1209,10000,Pass (P=0.0%),pass
tacet,medium,shift,0.2,ar1-0.3,5,0.4,48,10000,true,0.979750,,1209,10000,"Fail (P=98.0%, SharedHardwareOnly)",fail
tacet,medium,shift,0.2,ar1-0.3,5,0.4,4,10000,false,0.844500,,1235,10000,"Inconclusive: SampleBudgetExceeded { current_probability: 0.8445, samples_collected: 10000 }",inconclusive
tacet,medium,shift,0.2,ar1-0.3,5,100,16,10000,false,0.000000,,1234,10000,Pass (P=0.0%),pass
tacet,medium,shift,0.2,ar1-0.3,5,0.4,7,10000,true,0.992000,,1251,10000,"Fail (P=99.2%, SharedHardwareOnly)",fail
tacet,medium,shift,0.2,ar1-0.3,5,100,1,10000,false,0.000000,,1250,10000,Pass (P=0.0%),pass
tacet,medium,shift,0.2,iid,5,100,28,10000,false,0.000000,,1032,10000,Pass (P=0.0%),pass
tacet,medium,shift,0.2,iid,5,0.4,24,10000,true,1.000000,,1032,10000,"Fail (P=100.0%, SharedHardwareOnly)",fail
tacet,medium,shift,0.2,iid,5,0.4,38,10000,true,1.000000,,1038,10000,"Fail (P=100.0%, SharedHardwareOnly)",fail
tacet,medium,shift,0.2,iid,5,100,53,10000,false,0.000000,,1034,10000,Pass (P=0.0%),pass
tacet,medium,shift,0.2,iid,5,0.4,27,10000,true,1.000000,,1042,10000,"Fail (P=100.0%, SharedHardwareOnly)",fail
tacet,medium,shift,0.2,iid,5,0.4,55,10000,true,0.999500,,1056,10000,"Fail (P=100.0%, SharedHardwareOnly)",fail
tacet,medium,shift,0.2,iid,5,100,39,10000,false,0.000000,,1060,10000,Pass (P=0.0%),pass
tacet,medium,shift,0.2,iid,5,100,33,10000,false,0.000000,,1066,10000,Pass (P=0.0%),pass
tacet,medium,shift,0.2,iid,5,100,22,10000,false,0.000000,,1082,10000,Pass (P=0.0%),pass
tacet,medium,shift,0.2,iid,5,100,30,10000,false,0.000000,,1074,10000,Pass (P=0.0%),pass
tacet,medium,shift,0.2,iid,5,0.4,30,10000,true,1.000000,,1069,10000,"Fail (P=100.0%, SharedHardwareOnly)",fail
tacet,medium,shift,0.2,iid,5,0.4,46,10000,true,1.000000,,1074,10000,"Fail (P=100.0%, SharedHardwareOnly)",fail
tacet,medium,shift,0.2,iid,5,100,25,10000,false,0.000000,,1066,10000,Pass (P=0.0%),pass
tacet,medium,shift,0.2,iid,5,0.4,52,10000,true,1.000000,,1089,10000,"Fail (P=100.0%, SharedHardwareOnly)",fail
tacet,medium,shift,0.2,ar1-0.3,5,100,25,10000,false,0.000000,,1236,10000,Pass (P=0.0%),pass
tacet,medium,shift,0.2,iid,5,100,41,10000,false,0.000000,,1033,10000,Pass (P=0.0%),pass
tacet,medium,shift,0.2,ar1-0.3,5,100,44,10000,false,0.000000,,1198,10000,Pass (P=0.0%),pass
tacet,medium,shift,0.2,ar1-0.3,5,100,11,10000,false,0.000000,,1206,10000,Pass (P=0.0%),pass
tacet,medium,shift,0.2,ar1-0.3,5,100,13,10000,false,0.000000,,1205,10000,Pass (P=0.0%),pass
tacet,medium,shift,0.2,ar1-0.3,5,0.4,29,10000,true,0.992500,,1210,10000,"Fail (P=99.2%, SharedHardwareOnly)",fail
tacet,medium,shift,0.2,ar1-0.3,5,0.4,42,10000,true,0.998000,,1189,10000,"Fail (P=99.8%, SharedHardwareOnly)",fail
tacet,medium,shift,0.2,ar1-0.3,5,0.4,3,10000,true,0.981250,,1200,10000,"Fail (P=98.1%, SharedHardwareOnly)",fail
tacet,medium,shift,0.2,ar1-0.3,5,0.4,11,10000,true,0.977750,,1205,10000,"Fail (P=97.8%, SharedHardwareOnly)",fail
tacet,medium,shift,0.2,ar1-0.3,5,100,23,10000,false,0.000000,,1209,10000,Pass (P=0.0%),pass
tacet,medium,shift,0.2,ar1-0.3,5,100,48,10000,false,0.000000,,1207,10000,Pass (P=0.0%),pass
tacet,medium,shift,0.2,ar1-0.3,5,0.4,36,10000,true,0.957500,,1215,10000,"Fail (P=95.8%, SharedHardwareOnly)",fail
tacet,medium,shift,0.2,ar1-0.3,5,100,42,10000,false,0.000000,,1230,10000,Pass (P=0.0%),pass
tacet,medium,shift,0.2,ar1-0.3,5,100,4,10000,false,0.000000,,1236,10000,Pass (P=0.0%),pass
tacet,medium,shift,0.2,ar1-0.3,5,0.4,17,10000,true,0.953500,,1239,10000,"Fail (P=95.3%, SharedHardwareOnly)",fail
tacet,medium,shift,0.2,ar1-0.3,5,100,7,10000,false,0.000000,,1249,10000,Pass (P=0.0%),pass
tacet,medium,shift,0.2,ar1-0.3,5,0.4,19,10000,true,0.979250,,1264,10000,"Fail (P=97.9%, SharedHardwareOnly)",fail
tacet,medium,shift,0.2,ar1-0.3,5,0.4,43,10000,true,0.998000,,1242,10000,"Fail (P=99.8%, SharedHardwareOnly)",fail
tacet,medium,shift,0.2,iid,5,100,55,10000,false,0.000000,,1036,10000,Pass (P=0.0%),pass
tacet,medium,shift,0.2,iid,5,100,31,10000,false,0.000000,,1052,10000,Pass (P=0.0%),pass
tacet,medium,shift,0.2,iid,5,0.4,40,10000,true,1.000000,,1064,10000,"Fail (P=100.0%, SharedHardwareOnly)",fail
tacet,medium,shift,0.2,iid,5,0.4,34,10000,true,1.000000,,1063,10000,"Fail (P=100.0%, SharedHardwareOnly)",fail
tacet,medium,shift,0.2,iid,5,100,40,10000,false,0.000000,,1066,10000,Pass (P=0.0%),pass
tacet,medium,shift,0.2,iid,5,100,46,10000,false,0.000000,,1065,10000,Pass (P=0.0%),pass
tacet,medium,shift,0.2,ar1-0.3,5,100,53,10000,false,0.000000,,1201,10000,Pass (P=0.0%),pass
tacet,medium,shift,0.2,ar1-0.3,5,0.4,38,10000,false,0.939000,,1195,10000,"Inconclusive: SampleBudgetExceeded { current_probability: 0.939, samples_collected: 10000 }",inconclusive
tacet,medium,shift,0.2,ar1-0.3,5,100,14,10000,false,0.000000,,1203,10000,Pass (P=0.0%),pass
tacet,medium,shift,0.2,ar1-0.3,5,0.4,21,10000,true,0.985750,,1237,10000,"Fail (P=98.6%, SharedHardwareOnly)",fail
tacet,medium,shift,0.2,ar1-0.3,5,100,21,10000,false,0.000000,,1246,10000,Pass (P=0.0%),pass
tacet,medium,shift,0.2,iid,5,0.4,42,10000,true,1.000000,,1040,10000,"Fail (P=100.0%, SharedHardwareOnly)",fail
tacet,medium,shift,0.2,ar1-0.3,5,0.4,26,10000,true,0.957250,,1242,10000,"Fail (P=95.7%, SharedHardwareOnly)",fail
tacet,medium,shift,0.2,ar1-0.3,5,0.4,45,10000,true,0.992500,,1208,10000,"Fail (P=99.2%, SharedHardwareOnly)",fail
tacet,medium,shift,0.2,ar1-0.3,5,0.4,12,10000,false,0.669500,,1206,10000,"Inconclusive: SampleBudgetExceeded { current_probability: 0.6695, samples_collected: 10000 }",inconclusive
tacet,medium,shift,0.2,ar1-0.3,5,0.4,14,10000,true,0.987750,,1199,10000,"Fail (P=98.8%, SharedHardwareOnly)",fail
tacet,medium,shift,0.2,iid,5,0.4,43,10000,true,1.000000,,1056,10000,"Fail (P=100.0%, SharedHardwareOnly)",fail
tacet,medium,shift,0.2,ar1-0.3,5,100,29,10000,false,0.000000,,1216,10000,Pass (P=0.0%),pass
tacet,medium,shift,0.2,ar1-0.3,5,0.4,24,10000,true,0.990750,,1207,10000,"Fail (P=99.1%, SharedHardwareOnly)",fail
tacet,medium,shift,0.2,ar1-0.3,5,100,17,10000,false,0.000000,,1212,10000,Pass (P=0.0%),pass
tacet,medium,shift,0.2,ar1-0.3,5,100,36,10000,false,0.000000,,1213,10000,Pass (P=0.0%),pass
tacet,medium,shift,0.2,ar1-0.3,5,0.4,49,10000,true,0.996250,,1226,10000,"Fail (P=99.6%, SharedHardwareOnly)",fail
tacet,medium,shift,0.2,ar1-0.3,5,100,38,10000,false,0.000000,,1188,10000,Pass (P=0.0%),pass
tacet,medium,shift,0.2,ar1-0.3,5,100,39,10000,false,0.000000,,1244,10000,Pass (P=0.0%),pass
tacet,medium,shift,0.2,ar1-0.3,5,0.4,8,10000,true,0.995500,,1231,10000,"Fail (P=99.6%, SharedHardwareOnly)",fail
tacet,medium,shift,0.2,ar1-0.3,5,0.4,27,10000,false,0.865750,,1207,10000,"Inconclusive: SampleBudgetExceeded { current_probability: 0.86575, samples_collected: 10000 }",inconclusive
tacet,medium,shift,0.2,ar1-0.3,5,0.4,37,10000,true,0.966750,,1212,10000,"Fail (P=96.7%, SharedHardwareOnly)",fail
tacet,medium,shift,0.2,ar1-0.3,5,100,19,10000,false,0.000000,,1241,10000,Pass (P=0.0%),pass
tacet,medium,shift,0.2,iid,5,0.4,44,10000,true,1.000000,,1068,10000,"Fail (P=100.0%, SharedHardwareOnly)",fail
tacet,medium,shift,0.2,ar1-0.3,5,100,24,10000,false,0.000000,,1239,10000,Pass (P=0.0%),pass
tacet,medium,shift,0.2,ar1-0.3,5,100,50,10000,false,0.000000,,1250,10000,Pass (P=0.0%),pass
tacet,medium,shift,0.2,ar1-0.3,5,0.4,39,10000,false,0.910250,,1254,10000,"Inconclusive: SampleBudgetExceeded { current_probability: 0.91025, samples_collected: 10000 }",inconclusive
tacet,medium,shift,0.2,iid,5,0.4,56,10000,true,1.000000,,1031,10000,"Fail (P=100.0%, SharedHardwareOnly)",fail
tacet,medium,shift,0.2,iid,5,0.4,32,10000,true,1.000000,,1060,10000,"Fail (P=100.0%, SharedHardwareOnly)",fail
tacet,medium,shift,0.2,iid,5,100,34,10000,false,0.000000,,1064,10000,Pass (P=0.0%),pass
tacet,medium,shift,0.2,iid,5,100,56,10000,false,0.000000,,1035,10000,Pass (P=0.0%),pass
tacet,medium,shift,0.2,iid,5,0.4,47,10000,true,1.000000,,1065,10000,"Fail (P=100.0%, SharedHardwareOnly)",fail
tacet,medium,shift,0.2,ar1-0.3,5,0.4,54,10000,true,0.988250,,1201,10000,"Fail (P=98.8%, SharedHardwareOnly)",fail
tacet,medium,shift,0.2,ar1-0.3,5,0.4,15,10000,true,0.972500,,1206,10000,"Fail (P=97.2%, SharedHardwareOnly)",fail
tacet,medium,shift,0.2,ar1-0.3,5,0.4,22,10000,true,0.998000,,1244,10000,"Fail (P=99.8%, SharedHardwareOnly)",fail
tacet,medium,shift,0.2,ar1-0.3,5,100,27,10000,false,0.000000,,1202,10000,Pass (P=0.0%),pass
tacet,medium,shift,0.2,ar1-0.3,5,100,45,10000,false,0.000000,,1214,10000,Pass (P=0.0%),pass
tacet,medium,shift,0.2,ar1-0.3,5,100,26,10000,false,0.000000,,1250,10000,Pass (P=0.0%),pass
tacet,medium,shift,0.2,iid,5,0.4,48,10000,true,1.000000,,1028,10000,"Fail (P=100.0%, SharedHardwareOnly)",fail
tacet,medium,shift,0.2,ar1-0.3,5,0.4,30,10000,true,0.992500,,1201,10000,"Fail (P=99.2%, SharedHardwareOnly)",fail
tacet,medium,shift,0.2,ar1-0.3,5,100,46,10000,false,0.000000,,1237,10000,Pass (P=0.0%),pass
tacet,medium,shift,0.2,ar1-0.3,5,0.4,58,10000,true,0.994750,,1144,10000,"Fail (P=99.5%, SharedHardwareOnly)",fail
tacet,medium,shift,0.2,ar1-0.3,5,0.4,25,10000,true,0.996250,,1251,10000,"Fail (P=99.6%, SharedHardwareOnly)",fail
tacet,medium,shift,0.2,ar1-0.3,5,100,31,10000,false,0.000000,,1197,10000,Pass (P=0.0%),pass
tacet,medium,shift,0.2,ar1-0.3,5,0.4,18,10000,true,0.982750,,1201,10000,"Fail (P=98.3%, SharedHardwareOnly)",fail
tacet,medium,shift,0.2,iid,5,100,44,10000,false,0.000000,,1083,10000,Pass (P=0.0%),pass
tacet,medium,shift,0.2,ar1-0.3,5,100,49,10000,false,0.000000,,1218,10000,Pass (P=0.0%),pass
tacet,medium,shift,0.2,ar1-0.3,5,0.4,59,10000,true,0.992750,,1193,10000,"Fail (P=99.3%, SharedHardwareOnly)",fail
tacet,medium,shift,0.2,ar1-0.3,5,100,37,10000,false,0.000000,,1216,10000,Pass (P=0.0%),pass
tacet,medium,shift,0.2,ar1-0.3,5,100,8,10000,false,0.000000,,1231,10000,Pass (P=0.0%),pass
tacet,medium,shift,0.2,ar1-0.3,5,0.4,40,10000,true,0.990000,,1271,10000,"Fail (P=99.0%, SharedHardwareOnly)",fail
tacet,medium,shift,0.2,ar1-0.3,5,0.4,52,10000,true,0.970500,,1244,10000,"Fail (P=97.0%, SharedHardwareOnly)",fail
tacet,medium,shift,0.2,ar1-0.3,5,100,58,10000,false,0.000000,,1241,10000,Pass (P=0.0%),pass
tacet,medium,shift,0.2,ar1-0.3,5,0.4,51,10000,true,0.998000,,1244,10000,"Fail (P=99.8%, SharedHardwareOnly)",fail
tacet,medium,shift,0.2,iid,5,0.4,57,10000,true,1.000000,,1033,10000,"Fail (P=100.0%, SharedHardwareOnly)",fail
tacet,medium,shift,0.2,iid,5,0.4,35,10000,true,1.000000,,1069,10000,"Fail (P=100.0%, SharedHardwareOnly)",fail
tacet,medium,shift,0.2,iid,5,100,47,10000,false,0.000000,,1059,10000,Pass (P=0.0%),pass
tacet,medium,shift,0.2,ar1-0.3,5,0.4,57,10000,true,0.988500,,1206,10000,"Fail (P=98.9%, SharedHardwareOnly)",fail
tacet,medium,shift,0.2,ar1-0.3,5,0.4,55,10000,true,0.986500,,1241,10000,"Fail (P=98.7%, SharedHardwareOnly)",fail
tacet,medium,shift,0.2,ar1-0.3,5,100,57,10000,false,0.000000,,1221,10000,Pass (P=0.0%),pass
tacet,medium,shift,0.2,ar1-0.3,5,100,54,10000,false,0.000000,,1195,10000,Pass (P=0.0%),pass
tacet,medium,shift,0.2,ar1-0.3,5,100,12,10000,false,0.000000,,2396,10000,Pass (P=0.0%),pass
tacet,medium,shift,0.2,ar1-0.3,5,0.4,50,10000,true,0.998000,,1224,10000,"Fail (P=99.8%, SharedHardwareOnly)",fail
tacet,medium,shift,0.2,ar1-0.3,5,100,59,10000,false,0.000000,,1221,10000,Pass (P=0.0%),pass
tacet,medium,shift,0.2,ar1-0.3,5,0.4,28,10000,false,0.624000,,1170,10000,"Inconclusive: SampleBudgetExceeded { current_probability: 0.624, samples_collected: 10000 }",inconclusive
tacet,medium,shift,0.2,ar1-0.3,5,100,51,10000,false,0.000000,,964,10000,Pass (P=0.0%),pass
tacet,medium,shift,0.2,ar1-0.3,5,0.4,9,10000,false,0.842000,,1011,10000,"Inconclusive: SampleBudgetExceeded { current_probability: 0.842, samples_collected: 10000 }",inconclusive
tacet,medium,shift,0.2,iid,5,100,50,10000,false,0.000000,,488,10000,Pass (P=0.0%),pass
tacet,medium,shift,0.2,iid,5,100,48,10000,false,0.000000,,1070,10000,Pass (P=0.0%),pass
tacet,medium,shift,0.2,iid,5,0.4,50,10000,true,1.000000,,692,10000,"Fail (P=100.0%, SharedHardwareOnly)",fail
tacet,medium,shift,0.2,ar1-0.3,5,100,56,10000,false,0.000000,,2146,10000,Pass (P=0.0%),pass
tacet,medium,shift,0.2,ar1-0.3,5,100,18,10000,false,0.000000,,966,10000,Pass (P=0.0%),pass
tacet,medium,shift,0.2,ar1-0.3,5,0.4,33,10000,true,0.997000,,1028,10000,"Fail (P=99.7%, SharedHardwareOnly)",fail
tacet,medium,shift,0.2,ar1-0.3,5,100,33,10000,false,0.000000,,562,10000,Pass (P=0.0%),pass
tacet,medium,shift,0.2,ar1-0.3,5,100,34,10000,false,0.000000,,578,10000,Pass (P=0.0%),pass
tacet,medium,shift,0.2,ar1-0.3,5,100,40,10000,false,0.000000,,843,10000,Pass (P=0.0%),pass
tacet,medium,shift,0.2,ar1-0.3,5,100,9,10000,false,0.000000,,548,10000,Pass (P=0.0%),pass
tacet,medium,shift,0.2,ar1-0.3,5,0.4,34,10000,false,0.931500,,791,10000,"Inconclusive: SampleBudgetExceeded { current_probability: 0.9315, samples_collected: 10000 }",inconclusive
tacet,medium,shift,0.2,ar1-0.3,5,100,52,10000,false,0.000000,,1383,10000,Pass (P=0.0%),pass
tacet,medium,shift,0.2,iid,5,0.4,49,10000,true,1.000000,,1069,10000,"Fail (P=100.0%, SharedHardwareOnly)",fail
tacet,medium,shift,0.2,iid,5,100,42,10000,false,0.000000,,2840,10000,Pass (P=0.0%),pass
tacet,medium,shift,0.2,iid,5,100,49,10000,false,0.000000,,1157,10000,Pass (P=0.0%),pass
tacet,medium,shift,0.2,iid,5,100,43,10000,false,0.000000,,2768,10000,Pass (P=0.0%),pass
tacet,medium,shift,0.2,ar1-0.3,5,100,20,10000,false,0.000000,,4233,10000,Pass (P=0.0%),pass
tacet,medium,shift,0.2,ar1-0.3,5,100,32,10000,false,0.000000,,1226,10000,Pass (P=0.0%),pass
tacet,medium,shift,0.2,ar1-0.3,5,0.4,53,10000,false,0.918500,,1106,10000,"Inconclusive: SampleBudgetExceeded { current_probability: 0.9185, samples_collected: 10000 }",inconclusive
tacet,medium,shift,0.2,ar1-0.3,5,100,43,10000,false,0.000000,,4130,10000,Pass (P=0.0%),pass
tacet,medium,shift,0.2,ar1-0.3,5,0.4,32,10000,false,0.835500,,1630,10000,"Inconclusive: SampleBudgetExceeded { current_probability: 0.8355, samples_collected: 10000 }",inconclusive
tacet,medium,shift,0.2,iid,5,0.4,31,10000,true,1.000000,,4449,10000,"Fail (P=100.0%, SharedHardwareOnly)",fail
tacet,medium,shift,0.2,ar1-0.3,5,0.4,47,10000,true,0.987750,,2306,10000,"Fail (P=98.8%, SharedHardwareOnly)",fail
tacet,medium,shift,0.2,ar1-0.3,5,0.4,46,10000,true,0.998000,,1861,10000,"Fail (P=99.8%, SharedHardwareOnly)",fail
tacet,medium,shift,0.2,ar1-0.3,5,100,55,10000,false,0.000000,,2020,10000,Pass (P=0.0%),pass
tacet,medium,shift,0.2,ar1-0.3,5,100,15,10000,false,0.000000,,2206,10000,Pass (P=0.0%),pass
tacet,medium,shift,0.2,ar1-0.3,5,0.4,56,10000,true,0.994250,,1684,10000,"Fail (P=99.4%, SharedHardwareOnly)",fail
tacet,medium,shift,0.2,iid,5,0.4,41,10000,true,1.000000,,3767,10000,"Fail (P=100.0%, SharedHardwareOnly)",fail
tacet,medium,shift,0.2,ar1-0.3,5,100,30,10000,false,0.000000,,3139,10000,Pass (P=0.0%),pass
tacet,medium,shift,0.2,ar1-0.3,5,0.4,31,10000,false,0.904750,,3094,10000,"Inconclusive: SampleBudgetExceeded { current_probability: 0.90475, samples_collected: 10000 }",inconclusive
tacet,medium,shift,0.2,ar1-0.3,5,0.4,6,10000,true,0.994250,,5969,10000,"Fail (P=99.4%, SharedHardwareOnly)",fail
tacet,medium,shift,0.2,ar1-0.3,5,0.4,20,10000,true,0.997500,,3184,10000,"Fail (P=99.8%, SharedHardwareOnly)",fail
tacet,medium,shift,0.2,ar1-0.6,5,0.4,25,10000,true,0.992000,,1189,10000,"Fail (P=99.2%, SharedHardwareOnly)",fail
tacet,medium,shift,0.2,ar1-0.8,5,0.4,15,10000,false,0.712000,,1191,10000,"Inconclusive: SampleBudgetExceeded { current_probability: 0.712, samples_collected: 10000 }",inconclusive
tacet,medium,shift,0.2,ar1-0.6,5,0.4,50,10000,true,0.996500,,1192,10000,"Fail (P=99.7%, SharedHardwareOnly)",fail
tacet,medium,shift,0.2,ar1-0.6,5,100,12,10000,false,0.000000,,1192,10000,Pass (P=0.0%),pass
tacet,medium,shift,0.2,ar1-0.8,5,0.4,18,10000,false,0.860500,,1193,10000,"Inconclusive: SampleBudgetExceeded { current_probability: 0.8605, samples_collected: 10000 }",inconclusive
tacet,medium,shift,0.2,ar1-0.6,5,100,4,10000,false,0.000000,,1194,10000,Pass (P=0.0%),pass
tacet,medium,shift,0.2,ar1-0.6,5,100,37,10000,false,0.000000,,1195,10000,Pass (P=0.0%),pass
tacet,medium,shift,0.2,ar1-0.6,5,0.4,3,10000,true,0.954250,,1198,10000,"Fail (P=95.4%, SharedHardwareOnly)",fail
tacet,medium,shift,0.2,ar1-0.6,5,0.4,28,10000,false,0.272750,,1199,10000,"Inconclusive: SampleBudgetExceeded { current_probability: 0.27275, samples_collected: 10000 }",inconclusive
tacet,medium,shift,0.2,ar1-0.6,5,0.4,6,10000,true,0.984250,,1200,10000,"Fail (P=98.4%, SharedHardwareOnly)",fail
tacet,medium,shift,0.2,ar1-0.6,5,0.4,16,10000,false,0.941000,,1200,10000,"Inconclusive: SampleBudgetExceeded { current_probability: 0.941, samples_collected: 10000 }",inconclusive
tacet,medium,shift,0.2,ar1-0.6,5,0.4,0,10000,false,0.870750,,1200,10000,"Inconclusive: SampleBudgetExceeded { current_probability: 0.87075, samples_collected: 10000 }",inconclusive
tacet,medium,shift,0.2,ar1-0.8,5,100,27,10000,false,0.000000,,1201,10000,Pass (P=0.0%),pass
tacet,medium,shift,0.2,ar1-0.6,5,0.4,14,10000,true,0.967000,,1201,10000,"Fail (P=96.7%, SharedHardwareOnly)",fail
tacet,medium,shift,0.2,ar1-0.6,5,100,16,10000,false,0.000000,,1202,10000,Pass (P=0.0%),pass
tacet,medium,shift,0.2,ar1-0.6,5,100,0,10000,false,0.000000,,1202,10000,Pass (P=0.0%),pass
tacet,medium,shift,0.2,ar1-0.6,5,100,32,10000,false,0.000000,,1218,10000,Pass (P=0.0%),pass
tacet,medium,shift,0.2,ar1-0.8,5,100,2,10000,false,0.000000,,1218,10000,Pass (P=0.0%),pass
tacet,medium,shift,0.2,ar1-0.8,5,0.4,21,10000,false,0.875750,,1227,10000,"Inconclusive: SampleBudgetExceeded { current_probability: 0.87575, samples_collected: 10000 }",inconclusive
tacet,medium,shift,0.2,ar1-0.6,5,100,3,10000,false,0.000000,,1227,10000,Pass (P=0.0%),pass
tacet,medium,shift,0.2,ar1-0.8,5,100,19,10000,false,0.000000,,1229,10000,Pass (P=0.0%),pass
tacet,medium,shift,0.2,ar1-0.6,5,0.4,34,10000,false,0.811250,,1230,10000,"Inconclusive: SampleBudgetExceeded { current_probability: 0.81125, samples_collected: 10000 }",inconclusive
tacet,medium,shift,0.2,ar1-0.6,5,100,14,10000,false,0.000000,,1231,10000,Pass (P=0.0%),pass
tacet,medium,shift,0.2,ar1-0.6,5,0.4,17,10000,false,0.867500,,1231,10000,"Inconclusive: SampleBudgetExceeded { current_probability: 0.8675, samples_collected: 10000 }",inconclusive
tacet,medium,shift,0.2,ar1-0.6,5,0.4,20,10000,true,0.995750,,1233,10000,"Fail (P=99.6%, SharedHardwareOnly)",fail
tacet,medium,shift,0.2,ar1-0.6,5,100,21,10000,false,0.000000,,1234,10000,Pass (P=0.0%),pass
tacet,medium,shift,0.2,ar1-0.6,5,100,1,10000,false,0.000000,,1236,10000,Pass (P=0.0%),pass
tacet,medium,shift,0.2,ar1-0.6,5,100,18,10000,false,0.000000,,1237,10000,Pass (P=0.0%),pass
tacet,medium,shift,0.2,ar1-0.6,5,0.4,31,10000,false,0.740000,,1238,10000,"Inconclusive: SampleBudgetExceeded { current_probability: 0.74, samples_collected: 10000 }",inconclusive
tacet,medium,shift,0.2,ar1-0.6,5,0.4,4,10000,false,0.572000,,1240,10000,"Inconclusive: SampleBudgetExceeded { current_probability: 0.572, samples_collected: 10000 }",inconclusive
tacet,medium,shift,0.2,ar1-0.6,5,100,15,10000,false,0.000000,,1242,10000,Pass (P=0.0%),pass
tacet,medium,shift,0.2,ar1-0.6,5,100,29,10000,false,0.000000,,1243,10000,Pass (P=0.0%),pass
tacet,medium,shift,0.2,ar1-0.6,5,0.4,13,10000,false,0.925000,,1194,10000,"Inconclusive: SampleBudgetExceeded { current_probability: 0.925, samples_collected: 10000 }",inconclusive
tacet,medium,shift,0.2,ar1-0.6,5,100,50,10000,false,0.000000,,1198,10000,Pass (P=0.0%),pass
tacet,medium,shift,0.2,ar1-0.6,5,0.4,5,10000,false,0.927250,,1197,10000,"Inconclusive: SampleBudgetExceeded { current_probability: 0.92725, samples_collected: 10000 }",inconclusive
tacet,medium,shift,0.2,ar1-0.6,5,100,25,10000,false,0.000000,,1204,10000,Pass (P=0.0%),pass
tacet,medium,shift,0.2,ar1-0.6,5,100,43,10000,false,0.000000,,1196,10000,Pass (P=0.0%),pass
tacet,medium,shift,0.2,ar1-0.8,5,100,15,10000,false,0.000000,,1207,10000,Pass (P=0.0%),pass
tacet,medium,shift,0.2,ar1-0.8,5,100,18,10000,false,0.000000,,1205,10000,Pass (P=0.0%),pass
tacet,medium,shift,0.2,ar1-0.6,5,0.4,38,10000,false,0.856500,,1207,10000,"Inconclusive: SampleBudgetExceeded { current_probability: 0.8565, samples_collected: 10000 }",inconclusive
tacet,medium,shift,0.2,ar1-0.6,5,100,17,10000,false,0.000000,,1207,10000,Pass (P=0.0%),pass
tacet,medium,shift,0.2,ar1-0.6,5,100,5,10000,false,0.000000,,1207,10000,Pass (P=0.0%),pass
tacet,medium,shift,0.2,ar1-0.8,5,0.4,28,10000,false,0.226250,,1207,10000,"Inconclusive: SampleBudgetExceeded { current_probability: 0.22625, samples_collected: 10000 }",inconclusive
tacet,medium,shift,0.2,ar1-0.6,5,100,6,10000,false,0.000000,,1209,10000,Pass (P=0.0%),pass
tacet,medium,shift,0.2,ar1-0.6,5,0.4,1,10000,true,0.979000,,1208,10000,"Fail (P=97.9%, SharedHardwareOnly)",fail
tacet,medium,shift,0.2,ar1-0.6,5,100,28,10000,false,0.000000,,1212,10000,Pass (P=0.0%),pass
tacet,medium,shift,0.2,ar1-0.6,5,0.4,19,10000,false,0.932500,,1212,10000,"Inconclusive: SampleBudgetExceeded { current_probability: 0.9325, samples_collected: 10000 }",inconclusive
tacet,medium,shift,0.2,ar1-0.6,5,100,35,10000,false,0.000000,,1214,10000,Pass (P=0.0%),pass
tacet,medium,shift,0.2,ar1-0.8,5,100,21,10000,false,0.000000,,1225,10000,Pass (P=0.0%),pass
tacet,medium,shift,0.2,ar1-0.8,5,0.4,3,10000,false,0.907750,,1234,10000,"Inconclusive: SampleBudgetExceeded { current_probability: 0.90775, samples_collected: 10000 }",inconclusive
tacet,medium,shift,0.2,ar1-0.6,5,0.4,15,10000,false,0.875000,,1233,10000,"Inconclusive: SampleBudgetExceeded { current_probability: 0.875, samples_collected: 10000 }",inconclusive
tacet,medium,shift,0.2,ar1-0.6,5,100,20,10000,false,0.000000,,1234,10000,Pass (P=0.0%),pass
tacet,medium,shift,0.2,ar1-0.6,5,100,33,10000,false,0.000000,,1240,10000,Pass (P=0.0%),pass
tacet,medium,shift,0.2,ar1-0.6,5,0.4,2,10000,true,0.957750,,1232,10000,"Fail (P=95.8%, SharedHardwareOnly)",fail
tacet,medium,shift,0.2,ar1-0.6,5,100,34,10000,false,0.000000,,1242,10000,Pass (P=0.0%),pass
tacet,medium,shift,0.2,ar1-0.8,5,0.4,20,10000,true,0.988500,,1245,10000,"Fail (P=98.9%, SharedHardwareOnly)",fail
tacet,medium,shift,0.2,ar1-0.6,5,0.4,33,10000,true,0.991750,,1257,10000,"Fail (P=99.2%, SharedHardwareOnly)",fail
tacet,medium,shift,0.2,ar1-0.6,5,0.4,23,10000,true,0.983500,,1245,10000,"Fail (P=98.4%, SharedHardwareOnly)",fail
tacet,medium,shift,0.2,ar1-0.6,5,100,31,10000,false,0.000000,,1239,10000,Pass (P=0.0%),pass
tacet,medium,shift,0.2,ar1-0.8,5,100,33,10000,false,0.000000,,1241,10000,Pass (P=0.0%),pass
tacet,medium,shift,0.2,ar1-0.8,5,0.4,35,10000,false,0.711000,,1242,10000,"Inconclusive: SampleBudgetExceeded { current_probability: 0.711, samples_collected: 10000 }",inconclusive
tacet,medium,shift,0.2,ar1-0.6,5,0.4,22,10000,true,0.995750,,1252,10000,"Fail (P=99.6%, SharedHardwareOnly)",fail
tacet,medium,shift,0.2,ar1-0.6,5,0.4,30,10000,true,0.977250,,1244,10000,"Fail (P=97.7%, SharedHardwareOnly)",fail
tacet,medium,shift,0.2,ar1-0.8,5,100,36,10000,false,0.000000,,1251,10000,Pass (P=0.0%),pass
tacet,medium,shift,0.2,ar1-0.6,5,100,13,10000,false,0.000000,,1201,10000,Pass (P=0.0%),pass
tacet,medium,shift,0.2,ar1-0.6,5,0.4,44,10000,true,0.974250,,1194,10000,"Fail (P=97.4%, SharedHardwareOnly)",fail
tacet,medium,shift,0.2,ar1-0.6,5,0.4,51,10000,true,0.994750,,1200,10000,"Fail (P=99.5%, SharedHardwareOnly)",fail
tacet,medium,shift,0.2,ar1-0.6,5,0.4,26,10000,false,0.873250,,1203,10000,"Inconclusive: SampleBudgetExceeded { current_probability: 0.87325, samples_collected: 10000 }",inconclusive
tacet,medium,shift,0.2,ar1-0.6,5,0.4,24,10000,true,0.982250,,1197,10000,"Fail (P=98.2%, SharedHardwareOnly)",fail
tacet,medium,shift,0.2,ar1-0.6,5,0.4,7,10000,true,0.979500,,1199,10000,"Fail (P=98.0%, SharedHardwareOnly)",fail
tacet,medium,shift,0.2,ar1-0.8,5,0.4,16,10000,false,0.900750,,1211,10000,"Inconclusive: SampleBudgetExceeded { current_probability: 0.90075, samples_collected: 10000 }",inconclusive
tacet,medium,shift,0.2,ar1-0.6,5,100,38,10000,false,0.000000,,1212,10000,Pass (P=0.0%),pass
tacet,medium,shift,0.2,ar1-0.6,5,0.4,36,10000,false,0.865000,,1199,10000,"Inconclusive: SampleBudgetExceeded { current_probability: 0.865, samples_collected: 10000 }",inconclusive
tacet,medium,shift,0.2,ar1-0.8,5,100,28,10000,false,0.000000,,1209,10000,Pass (P=0.0%),pass
tacet,medium,shift,0.2,ar1-0.6,5,0.4,21,10000,false,0.945250,,1221,10000,"Inconclusive: SampleBudgetExceeded { current_probability: 0.94525, samples_collected: 10000 }",inconclusive
tacet,medium,shift,0.2,ar1-0.6,5,0.4,35,10000,false,0.795250,,1211,10000,"Inconclusive: SampleBudgetExceeded { current_probability: 0.79525, samples_collected: 10000 }",inconclusive
tacet,medium,shift,0.2,ar1-0.6,5,100,19,10000,false,0.000000,,1221,10000,Pass (P=0.0%),pass
tacet,medium,shift,0.2,ar1-0.6,5,0.4,18,10000,false,0.928750,,1240,10000,"Inconclusive: SampleBudgetExceeded { current_probability: 0.92875, samples_collected: 10000 }",inconclusive
tacet,medium,shift,0.2,ar1-0.8,5,0.4,22,10000,true,0.992500,,1229,10000,"Fail (P=99.2%, SharedHardwareOnly)",fail
tacet,medium,shift,0.2,ar1-0.8,5,100,3,10000,false,0.000000,,1243,10000,Pass (P=0.0%),pass
tacet,medium,shift,0.2,ar1-0.6,5,100,2,10000,false,0.000000,,1232,10000,Pass (P=0.0%),pass
tacet,medium,shift,0.2,ar1-0.8,5,100,35,10000,false,0.000000,,1242,10000,Pass (P=0.0%),pass
tacet,medium,shift,0.2,ar1-0.6,5,100,24,10000,false,0.000000,,1244,10000,Pass (P=0.0%),pass
tacet,medium,shift,0.2,ar1-0.8,5,100,20,10000,false,0.000000,,1248,10000,Pass (P=0.0%),pass
tacet,medium,shift,0.2,ar1-0.6,5,100,40,10000,false,0.000000,,1234,10000,Pass (P=0.0%),pass
tacet,medium,shift,0.2,ar1-0.6,5,0.4,9,10000,false,0.672750,,1248,10000,"Inconclusive: SampleBudgetExceeded { current_probability: 0.67275, samples_collected: 10000 }",inconclusive
tacet,medium,shift,0.2,ar1-0.6,5,0.4,56,10000,true,0.980750,,1246,10000,"Fail (P=98.1%, SharedHardwareOnly)",fail
tacet,medium,shift,0.2,ar1-0.8,5,0.4,34,10000,false,0.632750,,1244,10000,"Inconclusive: SampleBudgetExceeded { current_probability: 0.63275, samples_collected: 10000 }",inconclusive
tacet,medium,shift,0.2,ar1-0.8,5,0.4,37,10000,false,0.762500,,1235,10000,"Inconclusive: SampleBudgetExceeded { current_probability: 0.7625, samples_collected: 10000 }",inconclusive
tacet,medium,shift,0.2,ar1-0.6,5,100,10,10000,false,0.000000,,1188,10000,Pass (P=0.0%),pass
tacet,medium,shift,0.2,ar1-0.8,5,0.4,38,10000,false,0.861500,,1224,10000,"Inconclusive: SampleBudgetExceeded { current_probability: 0.8615, samples_collected: 10000 }",inconclusive
tacet,medium,shift,0.2,ar1-0.6,5,100,46,10000,false,0.000000,,1224,10000,Pass (P=0.0%),pass
tacet,medium,shift,0.2,ar1-0.6,5,100,7,10000,false,0.000000,,1197,10000,Pass (P=0.0%),pass
tacet,medium,shift,0.2,ar1-0.6,5,100,9,10000,false,0.000000,,1232,10000,Pass (P=0.0%),pass
tacet,medium,shift,0.2,ar1-0.8,5,100,16,10000,false,0.000000,,1225,10000,Pass (P=0.0%),pass
tacet,medium,shift,0.2,ar1-0.6,5,0.4,45,10000,true,0.971000,,1236,10000,"Fail (P=97.1%, SharedHardwareOnly)",fail
tacet,medium,shift,0.2,ar1-0.8,5,100,34,10000,false,0.000000,,1103,10000,Pass (P=0.0%),pass
tacet,medium,shift,0.2,ar1-0.6,5,100,51,10000,false,0.000000,,1199,10000,Pass (P=0.0%),pass
tacet,medium,shift,0.2,ar1-0.6,5,100,26,10000,false,0.000000,,1204,10000,Pass (P=0.0%),pass
tacet,medium,shift,0.2,ar1-0.8,5,100,8,10000,false,0.000000,,1198,10000,Pass (P=0.0%),pass
tacet,medium,shift,0.2,ar1-0.6,5,0.4,39,10000,false,0.739750,,1197,10000,"Inconclusive: SampleBudgetExceeded { current_probability: 0.73975, samples_collected: 10000 }",inconclusive
tacet,medium,shift,0.2,ar1-0.6,5,100,36,10000,false,0.000000,,1202,10000,Pass (P=0.0%),pass
tacet,medium,shift,0.2,ar1-0.6,5,0.4,42,10000,true,0.996000,,1208,10000,"Fail (P=99.6%, SharedHardwareOnly)",fail
tacet,medium,shift,0.2,ar1-0.8,5,0.4,29,10000,true,0.973500,,1209,10000,"Fail (P=97.4%, SharedHardwareOnly)",fail
tacet,medium,shift,0.2,ar1-0.6,5,100,54,10000,false,0.000000,,1213,10000,Pass (P=0.0%),pass
tacet,medium,shift,0.2,ar1-0.8,5,100,11,10000,false,0.000000,,1217,10000,Pass (P=0.0%),pass
tacet,medium,shift,0.2,ar1-0.6,5,100,39,10000,false,0.000000,,1195,10000,Pass (P=0.0%),pass
tacet,medium,shift,0.2,ar1-0.8,5,100,5,10000,false,0.000000,,1217,10000,Pass (P=0.0%),pass
tacet,medium,shift,0.2,ar1-0.8,5,100,22,10000,false,0.000000,,1234,10000,Pass (P=0.0%),pass
tacet,medium,shift,0.2,ar1-0.8,5,0.4,4,10000,false,0.247500,,1237,10000,"Inconclusive: SampleBudgetExceeded { current_probability: 0.2475, samples_collected: 10000 }",inconclusive
tacet,medium,shift,0.2,ar1-0.6,5,0.4,27,10000,false,0.590750,,1240,10000,"Inconclusive: SampleBudgetExceeded { current_probability: 0.59075, samples_collected: 10000 }",inconclusive
tacet,medium,shift,0.2,ar1-0.6,5,0.4,53,10000,false,0.761250,,1353,10000,"Inconclusive: SampleBudgetExceeded { current_probability: 0.76125, samples_collected: 10000 }",inconclusive
tacet,medium,shift,0.2,ar1-0.8,5,0.4,36,10000,false,0.704000,,1235,10000,"Inconclusive: SampleBudgetExceeded { current_probability: 0.704, samples_collected: 10000 }",inconclusive
tacet,medium,shift,0.2,ar1-0.6,5,0.4,59,10000,true,0.972250,,1236,10000,"Fail (P=97.2%, SharedHardwareOnly)",fail
tacet,medium,shift,0.2,ar1-0.6,5,100,53,10000,false,0.000000,,1239,10000,Pass (P=0.0%),pass
tacet,medium,shift,0.2,ar1-0.6,5,0.4,41,10000,false,0.897000,,1241,10000,"Inconclusive: SampleBudgetExceeded { current_probability: 0.897, samples_collected: 10000 }",inconclusive
tacet,medium,shift,0.2,ar1-0.6,5,100,56,10000,false,0.000000,,1244,10000,Pass (P=0.0%),pass
tacet,medium,shift,0.2,ar1-0.8,5,100,4,10000,false,0.000000,,1187,10000,Pass (P=0.0%),pass
tacet,medium,shift,0.2,ar1-0.8,5,0.4,13,10000,false,0.845500,,1234,10000,"Inconclusive: SampleBudgetExceeded { current_probability: 0.8455, samples_collected: 10000 }",inconclusive
tacet,medium,shift,0.2,ar1-0.8,5,100,0,10000,false,0.000000,,1235,10000,Pass (P=0.0%),pass
tacet,medium,shift,0.2,ar1-0.8,5,0.4,10,10000,false,0.779000,,1236,10000,"Inconclusive: SampleBudgetExceeded { current_probability: 0.779, samples_collected: 10000 }",inconclusive
tacet,medium,shift,0.2,ar1-0.6,5,0.4,11,10000,false,0.908000,,1196,10000,"Inconclusive: SampleBudgetExceeded { current_probability: 0.908, samples_collected: 10000 }",inconclusive
tacet,medium,shift,0.2,ar1-0.8,5,100,38,10000,false,0.000000,,1231,10000,Pass (P=0.0%),pass
tacet,medium,shift,0.2,ar1-0.6,5,0.4,8,10000,true,0.986000,,1198,10000,"Fail (P=98.6%, SharedHardwareOnly)",fail
tacet,medium,shift,0.2,ar1-0.6,5,0.4,47,10000,true,0.976000,,1236,10000,"Fail (P=97.6%, SharedHardwareOnly)",fail
tacet,medium,shift,0.2,ar1-0.6,5,0.4,10,10000,false,0.879750,,1238,10000,"Inconclusive: SampleBudgetExceeded { current_probability: 0.87975, samples_collected: 10000 }",inconclusive
tacet,medium,shift,0.2,ar1-0.8,5,0.4,17,10000,false,0.716750,,1223,10000,"Inconclusive: SampleBudgetExceeded { current_probability: 0.71675, samples_collected: 10000 }",inconclusive
tacet,medium,shift,0.2,ar1-0.6,5,100,45,10000,false,0.000000,,1241,10000,Pass (P=0.0%),pass
tacet,medium,shift,0.2,ar1-0.6,5,100,11,10000,false,0.000000,,1212,10000,Pass (P=0.0%),pass
tacet,medium,shift,0.2,ar1-0.6,5,0.4,52,10000,false,0.910750,,1198,10000,"Inconclusive: SampleBudgetExceeded { current_probability: 0.91075, samples_collected: 10000 }",inconclusive
tacet,medium,shift,0.2,ar1-0.6,5,0.4,48,10000,false,0.926250,,1200,10000,"Inconclusive: SampleBudgetExceeded { current_probability: 0.92625, samples_collected: 10000 }",inconclusive
tacet,medium,shift,0.2,ar1-0.6,5,0.4,37,10000,false,0.889750,,1214,10000,"Inconclusive: SampleBudgetExceeded { current_probability: 0.88975, samples_collected: 10000 }",inconclusive
tacet,medium,shift,0.2,ar1-0.6,5,100,42,10000,false,0.000000,,1211,10000,Pass (P=0.0%),pass
tacet,medium,shift,0.2,ar1-0.6,5,0.4,54,10000,true,0.966000,,1216,10000,"Fail (P=96.6%, SharedHardwareOnly)",fail
tacet,medium,shift,0.2,ar1-0.8,5,100,29,10000,false,0.000000,,1208,10000,Pass (P=0.0%),pass
tacet,medium,shift,0.2,ar1-0.6,5,0.4,40,10000,true,0.977250,,1201,10000,"Fail (P=97.7%, SharedHardwareOnly)",fail
tacet,medium,shift,0.2,ar1-0.6,5,0.4,55,10000,true,0.952500,,1210,10000,"Fail (P=95.2%, SharedHardwareOnly)",fail
tacet,medium,shift,0.2,ar1-0.8,5,0.4,12,10000,false,0.234000,,1215,10000,"Inconclusive: SampleBudgetExceeded { current_probability: 0.234, samples_collected: 10000 }",inconclusive
tacet,medium,shift,0.2,ar1-0.8,5,0.4,6,10000,true,0.960500,,1211,10000,"Fail (P=96.0%, SharedHardwareOnly)",fail
tacet,medium,shift,0.2,ar1-0.8,5,100,10,10000,false,0.000000,,1202,10000,Pass (P=0.0%),pass
tacet,medium,shift,0.2,ar1-0.8,5,0.4,23,10000,true,0.965750,,1235,10000,"Fail (P=96.6%, SharedHardwareOnly)",fail
tacet,medium,shift,0.2,ar1-0.8,5,0.4,39,10000,false,0.473000,,1232,10000,"Inconclusive: SampleBudgetExceeded { current_probability: 0.473, samples_collected: 10000 }",inconclusive
tacet,medium,shift,0.2,ar1-0.6,5,100,59,10000,false,0.000000,,1238,10000,Pass (P=0.0%),pass
tacet,medium,shift,0.2,ar1-0.6,5,100,27,10000,false,0.000000,,1246,10000,Pass (P=0.0%),pass
tacet,medium,shift,0.2,ar1-0.8,5,100,9,10000,false,0.000000,,1239,10000,Pass (P=0.0%),pass
tacet,medium,shift,0.2,ar1-0.6,5,100,41,10000,false,0.000000,,1239,10000,Pass (P=0.0%),pass
tacet,medium,shift,0.2,ar1-0.6,5,0.4,57,10000,true,0.967000,,1260,10000,"Fail (P=96.7%, SharedHardwareOnly)",fail
tacet,medium,shift,0.2,ar1-0.8,5,0.4,5,10000,false,0.849500,,1352,10000,"Inconclusive: SampleBudgetExceeded { current_probability: 0.8495, samples_collected: 10000 }",inconclusive
tacet,medium,shift,0.2,ar1-0.8,5,100,13,10000,false,0.000000,,1232,10000,Pass (P=0.0%),pass
tacet,medium,shift,0.2,ar1-0.6,5,100,57,10000,false,0.000000,,1190,10000,Pass (P=0.0%),pass
tacet,medium,shift,0.2,ar1-0.8,5,0.4,1,10000,false,0.931500,,1241,10000,"Inconclusive: SampleBudgetExceeded { current_probability: 0.9315, samples_collected: 10000 }",inconclusive
tacet,medium,shift,0.2,ar1-0.8,5,0.4,11,10000,false,0.798000,,1212,10000,"Inconclusive: SampleBudgetExceeded { current_probability: 0.798, samples_collected: 10000 }",inconclusive
tacet,medium,shift,0.2,ar1-0.6,5,100,8,10000,false,0.000000,,1201,10000,Pass (P=0.0%),pass
tacet,medium,shift,0.2,ar1-0.8,5,100,17,10000,false,0.000000,,1226,10000,Pass (P=0.0%),pass
tacet,medium,shift,0.2,ar1-0.6,5,0.4,49,10000,true,0.992750,,1223,10000,"Fail (P=99.3%, SharedHardwareOnly)",fail
tacet,medium,shift,0.2,ar1-0.8,5,0.4,14,10000,false,0.915000,,1218,10000,"Inconclusive: SampleBudgetExceeded { current_probability: 0.915, samples_collected: 10000 }",inconclusive
tacet,medium,shift,0.2,ar1-0.8,5,0.4,7,10000,true,0.958250,,1212,10000,"Fail (P=95.8%, SharedHardwareOnly)",fail
tacet,medium,shift,0.2,ar1-0.6,5,100,44,10000,false,0.000000,,3444,10000,Pass (P=0.0%),pass
tacet,medium,shift,0.2,ar1-0.6,5,0.4,29,10000,true,0.986750,,4667,10000,"Fail (P=98.7%, SharedHardwareOnly)",fail
tacet,medium,shift,0.2,ar1-0.8,5,0.4,24,10000,true,0.961750,,1035,10000,"Fail (P=96.2%, SharedHardwareOnly)",fail
tacet,medium,shift,0.2,ar1-0.8,5,100,1,10000,false,0.000000,,1046,10000,Pass (P=0.0%),pass
tacet,medium,shift,0.2,ar1-0.6,5,100,48,10000,false,0.000000,,1099,10000,Pass (P=0.0%),pass
tacet,medium,shift,0.2,ar1-0.6,5,100,55,10000,false,0.000000,,1199,10000,Pass (P=0.0%),pass
tacet,medium,shift,0.2,ar1-0.8,5,100,24,10000,false,0.000000,,771,10000,Pass (P=0.0%),pass
tacet,medium,shift,0.2,ar1-0.8,5,100,26,10000,false,0.000000,,658,10000,Pass (P=0.0%),pass
tacet,medium,shift,0.2,ar1-0.8,5,100,25,10000,false,0.000000,,938,10000,Pass (P=0.0%),pass
tacet,medium,shift,0.2,ar1-0.8,5,100,31,10000,false,0.000000,,671,10000,Pass (P=0.0%),pass
tacet,medium,shift,0.2,ar1-0.8,5,0.4,27,10000,false,0.240750,,504,10000,"Inconclusive: SampleBudgetExceeded { current_probability: 0.24075, samples_collected: 10000 }",inconclusive
tacet,medium,shift,0.2,ar1-0.8,5,0.4,25,10000,true,0.980750,,686,10000,"Fail (P=98.1%, SharedHardwareOnly)",fail
tacet,medium,shift,0.2,ar1-0.8,5,100,32,10000,false,0.000000,,894,10000,Pass (P=0.0%),pass
tacet,medium,shift,0.2,ar1-0.8,5,0.4,26,10000,false,0.743750,,634,10000,"Inconclusive: SampleBudgetExceeded { current_probability: 0.74375, samples_collected: 10000 }",inconclusive
tacet,medium,shift,0.2,ar1-0.8,5,100,7,10000,false,0.000000,,1205,10000,Pass (P=0.0%),pass
tacet,medium,shift,0.2,ar1-0.8,5,0.4,31,10000,false,0.576750,,813,10000,"Inconclusive: SampleBudgetExceeded { current_probability: 0.57675, samples_collected: 10000 }",inconclusive
tacet,medium,shift,0.2,ar1-0.8,5,0.4,33,10000,true,0.973250,,1020,10000,"Fail (P=97.3%, SharedHardwareOnly)",fail
tacet,medium,shift,0.2,ar1-0.8,5,100,14,10000,false,0.000000,,1510,10000,Pass (P=0.0%),pass
tacet,medium,shift,0.2,ar1-0.8,5,0.4,8,10000,true,0.971500,,1139,10000,"Fail (P=97.2%, SharedHardwareOnly)",fail
tacet,medium,shift,0.2,ar1-0.8,5,0.4,30,10000,false,0.939500,,1914,10000,"Inconclusive: SampleBudgetExceeded { current_probability: 0.9395, samples_collected: 10000 }",inconclusive
tacet,medium,shift,0.2,ar1-0.8,5,100,30,10000,false,0.000000,,1855,10000,Pass (P=0.0%),pass
tacet,medium,shift,0.2,ar1-0.6,5,100,58,10000,false,0.000000,,1714,10000,Pass (P=0.0%),pass
tacet,medium,shift,0.2,ar1-0.8,5,0.4,32,10000,false,0.311500,,1733,10000,"Inconclusive: SampleBudgetExceeded { current_probability: 0.3115, samples_collected: 10000 }",inconclusive
tacet,medium,shift,0.2,ar1-0.6,5,0.4,58,10000,true,0.986750,,1725,10000,"Fail (P=98.7%, SharedHardwareOnly)",fail
tacet,medium,shift,0.2,ar1-0.8,5,0.4,2,10000,false,0.905750,,1614,10000,"Inconclusive: SampleBudgetExceeded { current_probability: 0.90575, samples_collected: 10000 }",inconclusive
tacet,medium,shift,0.2,ar1-0.8,5,100,23,10000,false,0.000000,,1813,10000,Pass (P=0.0%),pass
tacet,medium,shift,0.2,ar1-0.6,5,100,47,10000,false,0.000000,,2608,10000,Pass (P=0.0%),pass
tacet,medium,shift,0.2,ar1-0.6,5,100,52,10000,false,0.000000,,2318,10000,Pass (P=0.0%),pass
tacet,medium,shift,0.2,ar1-0.6,5,100,22,10000,false,0.000000,,5513,10000,Pass (P=0.0%),pass
tacet,medium,shift,0.2,ar1-0.6,5,100,49,10000,false,0.000000,,2286,10000,Pass (P=0.0%),pass
tacet,medium,shift,0.2,ar1-0.8,5,100,6,10000,false,0.000000,,2297,10000,Pass (P=0.0%),pass
tacet,medium,shift,0.2,ar1-0.6,5,0.4,12,10000,false,0.300750,,2649,10000,"Inconclusive: SampleBudgetExceeded { current_probability: 0.30075, samples_collected: 10000 }",inconclusive
tacet,medium,shift,0.2,ar1-0.6,5,0.4,43,10000,true,0.996000,,2277,10000,"Fail (P=99.6%, SharedHardwareOnly)",fail
tacet,medium,shift,0.2,ar1-0.8,5,0.4,9,10000,false,0.460500,,3510,10000,"Inconclusive: SampleBudgetExceeded { current_probability: 0.4605, samples_collected: 10000 }",inconclusive
tacet,medium,shift,0.2,ar1-0.6,5,0.4,46,10000,true,0.997250,,2812,10000,"Fail (P=99.7%, SharedHardwareOnly)",fail
tacet,medium,shift,0.2,ar1-0.8,5,100,39,10000,false,0.000000,,2156,10000,Pass (P=0.0%),pass
tacet,medium,shift,0.2,ar1-0.8,5,0.4,0,10000,false,0.775750,,3285,10000,"Inconclusive: SampleBudgetExceeded { current_probability: 0.77575, samples_collected: 10000 }",inconclusive
tacet,medium,shift,0.2,ar1-0.8,5,0.4,19,10000,false,0.876250,,6257,10000,"Inconclusive: SampleBudgetExceeded { current_probability: 0.87625, samples_collected: 10000 }",inconclusive
tacet,medium,shift,0.2,ar1-0.6,5,100,30,10000,false,0.000000,,6191,10000,Pass (P=0.0%),pass
tacet,medium,shift,0.2,ar1-0.6,5,100,23,10000,false,0.000000,,6208,10000,Pass (P=0.0%),pass
tacet,medium,shift,0.2,ar1-0.6,5,0.4,32,10000,false,0.573750,,6228,10000,"Inconclusive: SampleBudgetExceeded { current_probability: 0.57375, samples_collected: 10000 }",inconclusive
tacet,medium,shift,0.2,ar1-0.8,5,100,12,10000,false,0.000000,,3769,10000,Pass (P=0.0%),pass
tacet,medium,shift,0.2,ar1-0.8,5,100,37,10000,false,0.000000,,5266,10000,Pass (P=0.0%),pass
tacet,medium,shift,1,iid,5,0.4,30,10000,true,1.000000,,998,10000,"Fail (P=100.0%, SharedHardwareOnly)",fail
tacet,medium,shift,1,iid,5,0.4,55,10000,true,1.000000,,1014,10000,"Fail (P=100.0%, SharedHardwareOnly)",fail
tacet,medium,shift,1,iid,5,0.4,5,10000,true,1.000000,,1019,10000,"Fail (P=100.0%, SharedHardwareOnly)",fail
tacet,medium,shift,1,iid,5,100,31,10000,false,0.000000,,1020,10000,Pass (P=0.0%),pass
tacet,medium,shift,1,iid,5,100,17,10000,false,0.000000,,1039,10000,Pass (P=0.0%),pass
tacet,medium,shift,1,iid,5,0.4,11,10000,true,1.000000,,1040,10000,"Fail (P=100.0%, SharedHardwareOnly)",fail
tacet,medium,shift,1,iid,5,0.4,33,10000,true,1.000000,,1042,10000,"Fail (P=100.0%, SharedHardwareOnly)",fail
tacet,medium,shift,1,iid,5,100,7,10000,false,0.000000,,1047,10000,Pass (P=0.0%),pass
tacet,medium,shift,1,iid,5,0.4,8,10000,true,1.000000,,1053,10000,"Fail (P=100.0%, SharedHardwareOnly)",fail
tacet,medium,shift,1,iid,5,100,42,10000,false,0.000000,,1057,10000,Pass (P=0.0%),pass
tacet,medium,shift,1,iid,5,0.4,7,10000,true,1.000000,,1058,10000,"Fail (P=100.0%, SharedHardwareOnly)",fail
tacet,medium,shift,1,iid,5,100,6,10000,false,0.000000,,1061,10000,Pass (P=0.0%),pass
tacet,medium,shift,1,iid,5,100,30,10000,false,0.000000,,1070,10000,Pass (P=0.0%),pass
tacet,medium,shift,1,iid,5,0.4,36,10000,true,1.000000,,1107,10000,"Fail (P=100.0%, SharedHardwareOnly)",fail
tacet,medium,shift,1,iid,5,100,5,10000,false,0.000000,,1126,10000,Pass (P=0.0%),pass
tacet,medium,shift,0.2,ar1-0.8,5,100,52,10000,false,0.000000,,1179,10000,Pass (P=0.0%),pass
tacet,medium,shift,0.2,ar1-0.8,5,0.4,46,10000,true,0.995000,,1183,10000,"Fail (P=99.5%, SharedHardwareOnly)",fail
tacet,medium,shift,0.2,ar1-0.8,5,100,58,10000,false,0.000000,,1184,10000,Pass (P=0.0%),pass
tacet,medium,shift,0.2,ar1-0.8,5,100,40,10000,false,0.000000,,1187,10000,Pass (P=0.0%),pass
tacet,medium,shift,0.2,ar1-0.8,5,0.4,43,10000,true,0.989000,,1190,10000,"Fail (P=98.9%, SharedHardwareOnly)",fail
tacet,medium,shift,0.2,ar1-0.8,5,0.4,40,10000,false,0.942000,,1191,10000,"Inconclusive: SampleBudgetExceeded { current_probability: 0.942, samples_collected: 10000 }",inconclusive
tacet,medium,shift,0.2,ar1-0.8,5,100,41,10000,false,0.000000,,1196,10000,Pass (P=0.0%),pass
tacet,medium,shift,0.2,ar1-0.8,5,0.4,58,10000,true,0.977250,,1200,10000,"Fail (P=97.7%, SharedHardwareOnly)",fail
tacet,medium,shift,0.2,ar1-0.8,5,100,55,10000,false,0.000000,,1202,10000,Pass (P=0.0%),pass
tacet,medium,shift,0.2,ar1-0.8,5,100,57,10000,false,0.000000,,1210,10000,Pass (P=0.0%),pass
tacet,medium,shift,0.2,ar1-0.8,5,100,44,10000,false,0.000000,,1216,10000,Pass (P=0.0%),pass
tacet,medium,shift,0.2,ar1-0.8,5,0.4,56,10000,true,0.951250,,1219,10000,"Fail (P=95.1%, SharedHardwareOnly)",fail
tacet,medium,shift,0.2,ar1-0.8,5,100,43,10000,false,0.000000,,1222,10000,Pass (P=0.0%),pass
tacet,medium,shift,0.2,ar1-0.8,5,100,56,10000,false,0.000000,,1224,10000,Pass (P=0.0%),pass
tacet,medium,shift,0.2,ar1-0.8,5,0.4,57,10000,false,0.920250,,1227,10000,"Inconclusive: SampleBudgetExceeded { current_probability: 0.92025, samples_collected: 10000 }",inconclusive
tacet,medium,shift,1,ar1-0.3,5,100,7,10000,false,0.000000,,1243,10000,Pass (P=0.0%),pass
tacet,medium,shift,1,ar1-0.3,5,0.4,1,10000,true,1.000000,,1245,10000,"Fail (P=100.0%, SharedHardwareOnly)",fail
tacet,medium,shift,1,iid,5,0.4,39,10000,true,1.000000,,1035,10000,"Fail (P=100.0%, SharedHardwareOnly)",fail
tacet,medium,shift,1,iid,5,0.4,32,10000,true,1.000000,,1024,10000,"Fail (P=100.0%, SharedHardwareOnly)",fail
tacet,medium,shift,1,iid,5,100,55,10000,false,0.000000,,1068,10000,Pass (P=0.0%),pass
tacet,medium,shift,1,iid,5,0.4,18,10000,true,1.000000,,1048,10000,"Fail (P=100.0%, SharedHardwareOnly)",fail
tacet,medium,shift,1,iid,5,100,11,10000,false,0.000000,,1048,10000,Pass (P=0.0%),pass
tacet,medium,shift,1,iid,5,100,33,10000,false,0.000000,,1054,10000,Pass (P=0.0%),pass
tacet,medium,shift,1,iid,5,100,8,10000,false,0.000000,,1054,10000,Pass (P=0.0%),pass
tacet,medium,shift,1,iid,5,0.4,43,10000,true,1.000000,,1073,10000,"Fail (P=100.0%, SharedHardwareOnly)",fail
tacet,medium,shift,1,iid,5,0.4,31,10000,true,1.000000,,1082,10000,"Fail (P=100.0%, SharedHardwareOnly)",fail
tacet,medium,shift,1,iid,5,100,36,10000,false,0.000000,,1082,10000,Pass (P=0.0%),pass
tacet,medium,shift,0.2,ar1-0.8,5,0.4,41,10000,false,0.773750,,1203,10000,"Inconclusive: SampleBudgetExceeded { current_probability: 0.77375, samples_collected: 10000 }",inconclusive
tacet,medium,shift,1,iid,5,0.4,6,10000,true,1.000000,,1094,10000,"Fail (P=100.0%, SharedHardwareOnly)",fail
tacet,medium,shift,1,iid,5,100,48,10000,false,0.000000,,1027,10000,Pass (P=0.0%),pass
tacet,medium,shift,0.2,ar1-0.8,5,0.4,54,10000,false,0.914250,,1201,10000,"Inconclusive: SampleBudgetExceeded { current_probability: 0.91425, samples_collected: 10000 }",inconclusive
tacet,medium,shift,1,ar1-0.3,5,0.4,4,10000,true,1.000000,,1239,10000,"Fail (P=100.0%, SharedHardwareOnly)",fail
tacet,medium,shift,1,iid,5,0.4,58,10000,true,1.000000,,1074,10000,"Fail (P=100.0%, SharedHardwareOnly)",fail
tacet,medium,shift,1,ar1-0.3,5,0.4,3,10000,true,1.000000,,1110,10000,"Fail (P=100.0%, SharedHardwareOnly)",fail
tacet,medium,shift,1,iid,5,100,45,10000,false,0.000000,,1067,10000,Pass (P=0.0%),pass
tacet,medium,shift,0.2,ar1-0.8,5,0.4,53,10000,false,0.532500,,1195,10000,"Inconclusive: SampleBudgetExceeded { current_probability: 0.5325, samples_collected: 10000 }",inconclusive
tacet,medium,shift,0.2,ar1-0.8,5,100,54,10000,false,0.000000,,1196,10000,Pass (P=0.0%),pass
tacet,medium,shift,0.2,ar1-0.8,5,100,46,10000,false,0.000000,,1206,10000,Pass (P=0.0%),pass
tacet,medium,shift,0.2,ar1-0.8,5,0.4,59,10000,false,0.915750,,1208,10000,"Inconclusive: SampleBudgetExceeded { current_probability: 0.91575, samples_collected: 10000 }",inconclusive
tacet,medium,shift,0.2,ar1-0.8,5,0.4,42,10000,true,0.984750,,1203,10000,"Fail (P=98.5%, SharedHardwareOnly)",fail
tacet,medium,shift,1,ar1-0.3,5,100,1,10000,false,0.000000,,1220,10000,Pass (P=0.0%),pass
tacet,medium,shift,1,ar1-0.3,5,100,3,10000,false,0.000000,,1239,10000,Pass (P=0.0%),pass
tacet,medium,shift,0.2,ar1-0.8,5,0.4,45,10000,false,0.929750,,1240,10000,"Inconclusive: SampleBudgetExceeded { current_probability: 0.92975, samples_collected: 10000 }",inconclusive
tacet,medium,shift,1,ar1-0.3,5,100,13,10000,false,0.000000,,1232,10000,Pass (P=0.0%),pass
tacet,medium,shift,1,ar1-0.3,5,0.4,8,10000,true,1.000000,,1247,10000,"Fail (P=100.0%, SharedHardwareOnly)",fail
tacet,medium,shift,1,iid,5,0.4,47,10000,true,1.000000,,1050,10000,"Fail (P=100.0%, SharedHardwareOnly)",fail
tacet,medium,shift,1,ar1-0.3,5,0.4,2,10000,true,1.000000,,1234,10000,"Fail (P=100.0%, SharedHardwareOnly)",fail
tacet,medium,shift,1,iid,5,100,47,10000,false,0.000000,,1069,10000,Pass (P=0.0%),pass
tacet,medium,shift,1,iid,5,100,56,10000,false,0.000000,,1029,10000,Pass (P=0.0%),pass
tacet,medium,shift,1,iid,5,100,32,10000,false,0.000000,,1028,10000,Pass (P=0.0%),pass
tacet,medium,shift,1,iid,5,100,39,10000,false,0.000000,,1042,10000,Pass (P=0.0%),pass
tacet,medium,shift,1,iid,5,0.4,12,10000,true,1.000000,,1041,10000,"Fail (P=100.0%, SharedHardwareOnly)",fail
tacet,medium,shift,1,iid,5,100,18,10000,false,0.000000,,1049,10000,Pass (P=0.0%),pass
tacet,medium,shift,1,iid,5,0.4,56,10000,true,1.000000,,1067,10000,"Fail (P=100.0%, SharedHardwareOnly)",fail
tacet,medium,shift,1,iid,5,100,43,10000,false,0.000000,,1078,10000,Pass (P=0.0%),pass
tacet,medium,shift,1,iid,5,100,34,10000,false,0.000000,,1079,10000,Pass (P=0.0%),pass
tacet,medium,shift,1,ar1-0.3,5,100,2,10000,false,0.000000,,2190,10000,Pass (P=0.0%),pass
tacet,medium,shift,1,iid,5,0.4,49,10000,true,1.000000,,1032,10000,"Fail (P=100.0%, SharedHardwareOnly)",fail
tacet,medium,shift,1,iid,5,0.4,37,10000,true,1.000000,,1084,10000,"Fail (P=100.0%, SharedHardwareOnly)",fail
tacet,medium,shift,1,iid,5,100,9,10000,false,0.000000,,1041,10000,Pass (P=0.0%),pass
tacet,medium,shift,1,iid,5,100,58,10000,false,0.000000,,1080,10000,Pass (P=0.0%),pass
tacet,medium,shift,1,iid,5,0.4,46,10000,true,1.000000,,1067,10000,"Fail (P=100.0%, SharedHardwareOnly)",fail
tacet,medium,shift,1,iid,5,100,46,10000,false,0.000000,,1029,10000,Pass (P=0.0%),pass
tacet,medium,shift,1,ar1-0.3,5,100,10,10000,false,0.000000,,1208,10000,Pass (P=0.0%),pass
tacet,medium,shift,0.2,ar1-0.8,5,0.4,55,10000,false,0.874000,,1262,10000,"Inconclusive: SampleBudgetExceeded { current_probability: 0.874, samples_collected: 10000 }",inconclusive
tacet,medium,shift,1,iid,5,0.4,10,10000,true,1.000000,,1066,10000,"Fail (P=100.0%, SharedHardwareOnly)",fail
tacet,medium,shift,1,iid,5,100,23,10000,false,0.000000,,1034,10000,Pass (P=0.0%),pass
tacet,medium,shift,1,ar1-0.3,5,100,4,10000,false,0.000000,,1234,10000,Pass (P=0.0%),pass
tacet,medium,shift,0.2,ar1-0.8,5,100,53,10000,false,0.000000,,1194,10000,Pass (P=0.0%),pass
tacet,medium,shift,0.2,ar1-0.8,5,100,45,10000,false,0.000000,,1201,10000,Pass (P=0.0%),pass
tacet,medium,shift,0.2,ar1-0.8,5,0.4,47,10000,false,0.938750,,1200,10000,"Inconclusive: SampleBudgetExceeded { current_probability: 0.93875, samples_collected: 10000 }",inconclusive
tacet,medium,shift,0.2,ar1-0.8,5,100,42,10000,false,0.000000,,1195,10000,Pass (P=0.0%),pass
tacet,medium,shift,1,iid,5,100,59,10000,false,0.000000,,1053,10000,Pass (P=0.0%),pass
tacet,medium,shift,0.2,ar1-0.8,5,100,59,10000,false,0.000000,,1207,10000,Pass (P=0.0%),pass
tacet,medium,shift,1,iid,5,100,26,10000,false,0.000000,,1046,10000,Pass (P=0.0%),pass
tacet,medium,shift,1,ar1-0.3,5,100,5,10000,false,0.000000,,1231,10000,Pass (P=0.0%),pass
tacet,medium,shift,1,iid,5,0.4,48,10000,true,1.000000,,1083,10000,"Fail (P=100.0%, SharedHardwareOnly)",fail
tacet,medium,shift,1,iid,5,0.4,57,10000,true,1.000000,,1040,10000,"Fail (P=100.0%, SharedHardwareOnly)",fail
tacet,medium,shift,1,ar1-0.3,5,0.4,14,10000,true,1.000000,,1230,10000,"Fail (P=100.0%, SharedHardwareOnly)",fail
tacet,medium,shift,1,ar1-0.3,5,100,8,10000,false,0.000000,,1248,10000,Pass (P=0.0%),pass
tacet,medium,shift,1,ar1-0.3,5,0.4,12,10000,true,1.000000,,1240,10000,"Fail (P=100.0%, SharedHardwareOnly)",fail
tacet,medium,shift,1,iid,5,0.4,9,10000,true,1.000000,,2001,10000,"Fail (P=100.0%, SharedHardwareOnly)",fail
tacet,medium,shift,1,iid,5,0.4,40,10000,true,1.000000,,1044,10000,"Fail (P=100.0%, SharedHardwareOnly)",fail
tacet,medium,shift,1,iid,5,100,12,10000,false,0.000000,,1051,10000,Pass (P=0.0%),pass
tacet,medium,shift,1,iid,5,0.4,19,10000,true,1.000000,,1066,10000,"Fail (P=100.0%, SharedHardwareOnly)",fail
tacet,medium,shift,1,ar1-0.3,5,0.4,9,10000,true,1.000000,,1210,10000,"Fail (P=100.0%, SharedHardwareOnly)",fail
tacet,medium,shift,1,iid,5,0.4,44,10000,true,1.000000,,1075,10000,"Fail (P=100.0%, SharedHardwareOnly)",fail
tacet,medium,shift,1,iid,5,100,49,10000,false,0.000000,,1044,10000,Pass (P=0.0%),pass
tacet,medium,shift,1,iid,5,100,37,10000,false,0.000000,,1082,10000,Pass (P=0.0%),pass
tacet,medium,shift,1,iid,5,0.4,59,10000,true,1.000000,,1001,10000,"Fail (P=100.0%, SharedHardwareOnly)",fail
tacet,medium,shift,1,ar1-0.3,5,100,9,10000,false,0.000000,,1241,10000,Pass (P=0.0%),pass
tacet,medium,shift,1,iid,5,100,35,10000,false,0.000000,,1032,10000,Pass (P=0.0%),pass
tacet,medium,shift,1,ar1-0.3,5,100,6,10000,false,0.000000,,1203,10000,Pass (P=0.0%),pass
tacet,medium,shift,1,iid,5,0.4,24,10000,true,1.000000,,1050,10000,"Fail (P=100.0%, SharedHardwareOnly)",fail
tacet,medium,shift,1,iid,5,100,1,10000,false,0.000000,,1094,10000,Pass (P=0.0%),pass
tacet,medium,shift,1,ar1-0.3,5,0.4,11,10000,true,1.000000,,1204,10000,"Fail (P=100.0%, SharedHardwareOnly)",fail
tacet,medium,shift,1,iid,5,0.4,0,10000,true,1.000000,,1041,10000,"Fail (P=100.0%, SharedHardwareOnly)",fail
tacet,medium,shift,1,iid,5,0.4,27,10000,true,1.000000,,1059,10000,"Fail (P=100.0%, SharedHardwareOnly)",fail
tacet,medium,shift,1,iid,5,100,0,10000,false,0.000000,,1045,10000,Pass (P=0.0%),pass
tacet,medium,shift,0.2,ar1-0.8,5,100,47,10000,false,0.000000,,1205,10000,Pass (P=0.0%),pass
tacet,medium,shift,1,iid,5,0.4,53,10000,true,1.000000,,1060,10000,"Fail (P=100.0%, SharedHardwareOnly)",fail
tacet,medium,shift,1,iid,5,0.4,25,10000,true,1.000000,,1074,10000,"Fail (P=100.0%, SharedHardwareOnly)",fail
tacet,medium,shift,1,ar1-0.3,5,100,14,10000,false,0.000000,,1246,10000,Pass (P=0.0%),pass
tacet,medium,shift,1,iid,5,0.4,50,10000,true,1.000000,,1088,10000,"Fail (P=100.0%, SharedHardwareOnly)",fail
tacet,medium,shift,1,iid,5,0.4,3,10000,true,1.000000,,1069,10000,"Fail (P=100.0%, SharedHardwareOnly)",fail
tacet,medium,shift,1,iid,5,0.4,52,10000,true,1.000000,,1065,10000,"Fail (P=100.0%, SharedHardwareOnly)",fail
tacet,medium,shift,1,iid,5,100,20,10000,false,0.000000,,1053,10000,Pass (P=0.0%),pass
tacet,medium,shift,1,iid,5,100,40,10000,false,0.000000,,1037,10000,Pass (P=0.0%),pass
tacet,medium,shift,1,iid,5,100,41,10000,false,0.000000,,1040,10000,Pass (P=0.0%),pass
tacet,medium,shift,1,iid,5,100,24,10000,false,0.000000,,1036,10000,Pass (P=0.0%),pass
tacet,medium,shift,1,iid,5,0.4,13,10000,true,1.000000,,1058,10000,"Fail (P=100.0%, SharedHardwareOnly)",fail
tacet,medium,shift,1,iid,5,100,19,10000,false,0.000000,,1059,10000,Pass (P=0.0%),pass
tacet,medium,shift,1,ar1-0.3,5,100,16,10000,false,0.000000,,1238,10000,Pass (P=0.0%),pass
tacet,medium,shift,1,iid,5,100,44,10000,false,0.000000,,1073,10000,Pass (P=0.0%),pass
tacet,medium,shift,1,iid,5,0.4,20,10000,true,1.000000,,1072,10000,"Fail (P=100.0%, SharedHardwareOnly)",fail
tacet,medium,shift,1,iid,5,0.4,38,10000,true,1.000000,,1075,10000,"Fail (P=100.0%, SharedHardwareOnly)",fail
tacet,medium,shift,1,iid,5,0.4,54,10000,true,1.000000,,1071,10000,"Fail (P=100.0%, SharedHardwareOnly)",fail
tacet,medium,shift,1,iid,5,0.4,28,10000,true,1.000000,,1034,10000,"Fail (P=100.0%, SharedHardwareOnly)",fail
tacet,medium,shift,1,ar1-0.3,5,0.4,18,10000,true,1.000000,,1219,10000,"Fail (P=100.0%, SharedHardwareOnly)",fail
tacet,medium,shift,0.2,ar1-0.8,5,0.4,49,10000,true,0.980750,,1236,10000,"Fail (P=98.1%, SharedHardwareOnly)",fail
tacet,medium,shift,1,iid,5,100,4,10000,false,0.000000,,1084,10000,Pass (P=0.0%),pass
tacet,medium,shift,1,ar1-0.3,5,0.4,10,10000,true,1.000000,,1250,10000,"Fail (P=100.0%, SharedHardwareOnly)",fail
tacet,medium,shift,1,iid,5,100,53,10000,false,0.000000,,1062,10000,Pass (P=0.0%),pass
tacet,medium,shift,1,ar1-0.3,5,0.4,17,10000,true,1.000000,,1215,10000,"Fail (P=100.0%, SharedHardwareOnly)",fail
tacet,medium,shift,1,iid,5,0.4,2,10000,true,1.000000,,1076,10000,"Fail (P=100.0%, SharedHardwareOnly)",fail
tacet,medium,shift,1,iid,5,100,27,10000,false,0.000000,,1052,10000,Pass (P=0.0%),pass
tacet,medium,shift,1,iid,5,0.4,26,10000,true,1.000000,,1131,10000,"Fail (P=100.0%, SharedHardwareOnly)",fail
tacet,medium,shift,1,ar1-0.3,5,0.4,7,10000,true,1.000000,,1284,10000,"Fail (P=100.0%, SharedHardwareOnly)",fail
tacet,medium,shift,1,ar1-0.3,5,100,11,10000,false,0.000000,,1202,10000,Pass (P=0.0%),pass
tacet,medium,shift,1,iid,5,0.4,14,10000,true,1.000000,,1057,10000,"Fail (P=100.0%, SharedHardwareOnly)",fail
tacet,medium,shift,1,iid,5,0.4,45,10000,true,1.000000,,1034,10000,"Fail (P=100.0%, SharedHardwareOnly)",fail
tacet,medium,shift,0.2,ar1-0.8,5,0.4,48,10000,false,0.828000,,1274,10000,"Inconclusive: SampleBudgetExceeded { current_probability: 0.828, samples_collected: 10000 }",inconclusive
tacet,medium,shift,1,iid,5,100,15,10000,false,0.000000,,1064,10000,Pass (P=0.0%),pass
tacet,medium,shift,1,ar1-0.3,5,0.4,15,10000,true,1.000000,,1204,10000,"Fail (P=100.0%, SharedHardwareOnly)",fail
tacet,medium,shift,1,iid,5,0.4,51,10000,true,1.000000,,1069,10000,"Fail (P=100.0%, SharedHardwareOnly)",fail
tacet,medium,shift,1,iid,5,0.4,29,10000,true,1.000000,,1089,10000,"Fail (P=100.0%, SharedHardwareOnly)",fail
tacet,medium,shift,1,iid,5,0.4,22,10000,true,1.000000,,1031,10000,"Fail (P=100.0%, SharedHardwareOnly)",fail
tacet,medium,shift,1,iid,5,100,50,10000,false,0.000000,,1210,10000,Pass (P=0.0%),pass
tacet,medium,shift,1,iid,5,0.4,4,10000,true,1.000000,,2073,10000,"Fail (P=100.0%, SharedHardwareOnly)",fail
tacet,medium,shift,1,iid,5,0.4,21,10000,true,1.000000,,1076,10000,"Fail (P=100.0%, SharedHardwareOnly)",fail
tacet,medium,shift,1,iid,5,100,21,10000,false,0.000000,,1097,10000,Pass (P=0.0%),pass
tacet,medium,shift,1,iid,5,100,25,10000,false,0.000000,,1812,10000,Pass (P=0.0%),pass
tacet,medium,shift,1,iid,5,100,38,10000,false,0.000000,,1071,10000,Pass (P=0.0%),pass
tacet,medium,shift,0.2,ar1-0.8,5,100,48,10000,false,0.000000,,1043,10000,Pass (P=0.0%),pass
tacet,medium,shift,1,iid,5,0.4,16,10000,true,1.000000,,788,10000,"Fail (P=100.0%, SharedHardwareOnly)",fail
tacet,medium,shift,0.2,ar1-0.8,5,100,50,10000,false,0.000000,,1010,10000,Pass (P=0.0%),pass
tacet,medium,shift,1,iid,5,0.4,17,10000,true,1.000000,,924,10000,"Fail (P=100.0%, SharedHardwareOnly)",fail
tacet,medium,shift,1,iid,5,0.4,15,10000,true,1.000000,,423,10000,"Fail (P=100.0%, SharedHardwareOnly)",fail
tacet,medium,shift,1,iid,5,100,14,10000,false,0.000000,,600,10000,Pass (P=0.0%),pass
tacet,medium,shift,0.2,ar1-0.8,5,0.4,51,10000,true,0.981250,,465,10000,"Fail (P=98.1%, SharedHardwareOnly)",fail
tacet,medium,shift,0.2,ar1-0.8,5,0.4,52,10000,false,0.836000,,782,10000,"Inconclusive: SampleBudgetExceeded { current_probability: 0.836, samples_collected: 10000 }",inconclusive
tacet,medium,shift,0.2,ar1-0.8,5,100,51,10000,false,0.000000,,821,10000,Pass (P=0.0%),pass
tacet,medium,shift,1,ar1-0.3,5,0.4,19,10000,true,1.000000,,1005,10000,"Fail (P=100.0%, SharedHardwareOnly)",fail
tacet,medium,shift,1,iid,5,0.4,42,10000,true,1.000000,,1660,10000,"Fail (P=100.0%, SharedHardwareOnly)",fail
tacet,medium,shift,1,iid,5,100,16,10000,false,0.000000,,1296,10000,Pass (P=0.0%),pass
tacet,medium,shift,0.2,ar1-0.8,5,0.4,50,10000,true,0.994000,,1136,10000,"Fail (P=99.4%, SharedHardwareOnly)",fail
tacet,medium,shift,1,ar1-0.3,5,100,17,10000,false,0.000000,,1290,10000,Pass (P=0.0%),pass
tacet,medium,shift,0.2,ar1-0.8,5,100,49,10000,false,0.000000,,1333,10000,Pass (P=0.0%),pass
tacet,medium,shift,1,ar1-0.3,5,100,19,10000,false,0.000000,,965,10000,Pass (P=0.0%),pass
tacet,medium,shift,1,ar1-0.3,5,0.4,16,10000,true,1.000000,,965,10000,"Fail (P=100.0%, SharedHardwareOnly)",fail
tacet,medium,shift,1,ar1-0.3,5,100,15,10000,false,0.000000,,1224,10000,Pass (P=0.0%),pass
tacet,medium,shift,1,ar1-0.3,5,100,18,10000,false,0.000000,,1510,10000,Pass (P=0.0%),pass
tacet,medium,shift,1,iid,5,100,22,10000,false,0.000000,,1968,10000,Pass (P=0.0%),pass
tacet,medium,shift,1,iid,5,100,28,10000,false,0.000000,,1742,10000,Pass (P=0.0%),pass
tacet,medium,shift,1,iid,5,100,2,10000,false,0.000000,,1620,10000,Pass (P=0.0%),pass
tacet,medium,shift,1,iid,5,0.4,23,10000,true,1.000000,,1835,10000,"Fail (P=100.0%, SharedHardwareOnly)",fail
tacet,medium,shift,1,iid,5,100,13,10000,false,0.000000,,2042,10000,Pass (P=0.0%),pass
tacet,medium,shift,1,iid,5,0.4,41,10000,true,1.000000,,2123,10000,"Fail (P=100.0%, SharedHardwareOnly)",fail
tacet,medium,shift,1,iid,5,100,29,10000,false,0.000000,,1566,10000,Pass (P=0.0%),pass
tacet,medium,shift,1,iid,5,100,51,10000,false,0.000000,,3546,10000,Pass (P=0.0%),pass
tacet,medium,shift,1,iid,5,100,3,10000,false,0.000000,,2769,10000,Pass (P=0.0%),pass
tacet,medium,shift,1,iid,5,100,52,10000,false,0.000000,,3492,10000,Pass (P=0.0%),pass
tacet,medium,shift,1,iid,5,0.4,34,10000,true,1.000000,,5481,10000,"Fail (P=100.0%, SharedHardwareOnly)",fail
tacet,medium,shift,1,iid,5,100,54,10000,false,0.000000,,2133,10000,Pass (P=0.0%),pass
tacet,medium,shift,1,ar1-0.3,5,0.4,13,10000,true,1.000000,,3897,10000,"Fail (P=100.0%, SharedHardwareOnly)",fail
tacet,medium,shift,1,ar1-0.3,5,100,0,10000,false,0.000000,,4054,10000,Pass (P=0.0%),pass
tacet,medium,shift,1,iid,5,100,10,10000,false,0.000000,,4355,10000,Pass (P=0.0%),pass
tacet,medium,shift,1,iid,5,100,57,10000,false,0.000000,,4165,10000,Pass (P=0.0%),pass
tacet,medium,shift,1,iid,5,0.4,1,10000,true,1.000000,,3774,10000,"Fail (P=100.0%, SharedHardwareOnly)",fail
tacet,medium,shift,1,ar1-0.3,5,100,12,10000,false,0.000000,,4198,10000,Pass (P=0.0%),pass
tacet,medium,shift,1,ar1-0.3,5,0.4,0,10000,true,1.000000,,4696,10000,"Fail (P=100.0%, SharedHardwareOnly)",fail
tacet,medium,shift,1,ar1-0.3,5,0.4,6,10000,true,1.000000,,4629,10000,"Fail (P=100.0%, SharedHardwareOnly)",fail
tacet,medium,shift,1,iid,5,0.4,35,10000,true,1.000000,,4977,10000,"Fail (P=100.0%, SharedHardwareOnly)",fail
tacet,medium,shift,0.2,ar1-0.8,5,0.4,44,10000,false,0.933500,,7038,10000,"Inconclusive: SampleBudgetExceeded { current_probability: 0.9335, samples_collected: 10000 }",inconclusive
tacet,medium,shift,1,ar1-0.3,5,0.4,5,10000,true,1.000000,,4735,10000,"Fail (P=100.0%, SharedHardwareOnly)",fail
tacet,medium,shift,1,ar1-0.6,5,0.4,38,10000,true,1.000000,,1183,10000,"Fail (P=100.0%, SharedHardwareOnly)",fail
tacet,medium,shift,1,ar1-0.6,5,100,36,10000,false,0.000000,,1184,10000,Pass (P=0.0%),pass
tacet,medium,shift,1,ar1-0.3,5,100,30,10000,false,0.000000,,1184,10000,Pass (P=0.0%),pass
tacet,medium,shift,1,ar1-0.3,5,0.4,51,10000,true,1.000000,,1185,10000,"Fail (P=100.0%, SharedHardwareOnly)",fail
tacet,medium,shift,1,ar1-0.6,5,100,25,10000,false,0.000000,,1190,10000,Pass (P=0.0%),pass
tacet,medium,shift,1,ar1-0.3,5,100,27,10000,false,0.000000,,1193,10000,Pass (P=0.0%),pass
tacet,medium,shift,1,ar1-0.6,5,100,22,10000,false,0.000000,,1195,10000,Pass (P=0.0%),pass
tacet,medium,shift,1,ar1-0.3,5,0.4,20,10000,true,1.000000,,1200,10000,"Fail (P=100.0%, SharedHardwareOnly)",fail
tacet,medium,shift,1,ar1-0.3,5,0.4,26,10000,true,1.000000,,1200,10000,"Fail (P=100.0%, SharedHardwareOnly)",fail
tacet,medium,shift,1,ar1-0.6,5,0.4,35,10000,true,1.000000,,1202,10000,"Fail (P=100.0%, SharedHardwareOnly)",fail
tacet,medium,shift,1,ar1-0.6,5,0.4,10,10000,true,1.000000,,1202,10000,"Fail (P=100.0%, SharedHardwareOnly)",fail
tacet,medium,shift,1,ar1-0.6,5,100,28,10000,false,0.000000,,1203,10000,Pass (P=0.0%),pass
tacet,medium,shift,1,ar1-0.6,5,0.4,16,10000,true,1.000000,,1203,10000,"Fail (P=100.0%, SharedHardwareOnly)",fail
tacet,medium,shift,1,ar1-0.6,5,0.4,41,10000,true,1.000000,,1211,10000,"Fail (P=100.0%, SharedHardwareOnly)",fail
tacet,medium,shift,1,ar1-0.3,5,0.4,45,10000,true,1.000000,,1217,10000,"Fail (P=100.0%, SharedHardwareOnly)",fail
tacet,medium,shift,1,ar1-0.3,5,0.4,29,10000,true,1.000000,,1217,10000,"Fail (P=100.0%, SharedHardwareOnly)",fail
tacet,medium,shift,1,ar1-0.6,5,100,39,10000,false,0.000000,,1218,10000,Pass (P=0.0%),pass
tacet,medium,shift,1,ar1-0.3,5,0.4,54,10000,true,1.000000,,1220,10000,"Fail (P=100.0%, SharedHardwareOnly)",fail
tacet,medium,shift,1,ar1-0.3,5,100,32,10000,false,0.000000,,1221,10000,Pass (P=0.0%),pass
tacet,medium,shift,1,ar1-0.6,5,0.4,19,10000,true,1.000000,,1229,10000,"Fail (P=100.0%, SharedHardwareOnly)",fail
tacet,medium,shift,1,ar1-0.6,5,0.4,26,10000,true,1.000000,,1231,10000,"Fail (P=100.0%, SharedHardwareOnly)",fail
tacet,medium,shift,1,ar1-0.3,5,100,21,10000,false,0.000000,,1232,10000,Pass (P=0.0%),pass
tacet,medium,shift,1,ar1-0.3,5,0.4,23,10000,true,1.000000,,1233,10000,"Fail (P=100.0%, SharedHardwareOnly)",fail
tacet,medium,shift,1,ar1-0.3,5,100,57,10000,false,0.000000,,1233,10000,Pass (P=0.0%),pass
tacet,medium,shift,1,ar1-0.3,5,100,20,10000,false,0.000000,,1233,10000,Pass (P=0.0%),pass
tacet,medium,shift,1,ar1-0.6,5,100,47,10000,false,0.000000,,1234,10000,Pass (P=0.0%),pass
tacet,medium,shift,1,ar1-0.6,5,100,35,10000,false,0.000000,,1237,10000,Pass (P=0.0%),pass
tacet,medium,shift,1,ar1-0.6,5,0.4,27,10000,true,1.000000,,1239,10000,"Fail (P=100.0%, SharedHardwareOnly)",fail
tacet,medium,shift,1,ar1-0.6,5,100,11,10000,false,0.000000,,1244,10000,Pass (P=0.0%),pass
tacet,medium,shift,1,ar1-0.6,5,100,17,10000,false,0.000000,,1248,10000,Pass (P=0.0%),pass
tacet,medium,shift,1,ar1-0.6,5,0.4,13,10000,true,1.000000,,1249,10000,"Fail (P=100.0%, SharedHardwareOnly)",fail
tacet,medium,shift,1,ar1-0.3,5,100,29,10000,false,0.000000,,1250,10000,Pass (P=0.0%),pass
tacet,medium,shift,1,ar1-0.6,5,100,38,10000,false,0.000000,,1201,10000,Pass (P=0.0%),pass
tacet,medium,shift,1,ar1-0.6,5,0.4,37,10000,true,1.000000,,1200,10000,"Fail (P=100.0%, SharedHardwareOnly)",fail
tacet,medium,shift,1,ar1-0.3,5,0.4,31,10000,true,1.000000,,1200,10000,"Fail (P=100.0%, SharedHardwareOnly)",fail
tacet,medium,shift,1,ar1-0.3,5,100,51,10000,false,0.000000,,1207,10000,Pass (P=0.0%),pass
tacet,medium,shift,1,ar1-0.3,5,0.4,22,10000,true,1.000000,,1205,10000,"Fail (P=100.0%, SharedHardwareOnly)",fail
tacet,medium,shift,1,ar1-0.6,5,100,37,10000,false,0.000000,,1198,10000,Pass (P=0.0%),pass
tacet,medium,shift,1,ar1-0.6,5,0.4,23,10000,true,1.000000,,1208,10000,"Fail (P=100.0%, SharedHardwareOnly)",fail
tacet,medium,shift,1,ar1-0.3,5,0.4,28,10000,true,1.000000,,1211,10000,"Fail (P=100.0%, SharedHardwareOnly)",fail
tacet,medium,shift,1,ar1-0.6,5,100,16,10000,false,0.000000,,1208,10000,Pass (P=0.0%),pass
tacet,medium,shift,1,ar1-0.6,5,100,10,10000,false,0.000000,,1209,10000,Pass (P=0.0%),pass
tacet,medium,shift,1,ar1-0.6,5,0.4,29,10000,true,1.000000,,1212,10000,"Fail (P=100.0%, SharedHardwareOnly)",fail
tacet,medium,shift,1,ar1-0.3,5,100,26,10000,false,0.000000,,1216,10000,Pass (P=0.0%),pass
tacet,medium,shift,1,ar1-0.3,5,100,52,10000,false,0.000000,,1218,10000,Pass (P=0.0%),pass
tacet,medium,shift,1,ar1-0.6,5,100,41,10000,false,0.000000,,1217,10000,Pass (P=0.0%),pass
tacet,medium,shift,1,ar1-0.3,5,0.4,27,10000,true,1.000000,,1213,10000,"Fail (P=100.0%, SharedHardwareOnly)",fail
tacet,medium,shift,1,ar1-0.3,5,100,45,10000,false,0.000000,,1221,10000,Pass (P=0.0%),pass
tacet,medium,shift,1,ar1-0.3,5,100,54,10000,false,0.000000,,1227,10000,Pass (P=0.0%),pass
tacet,medium,shift,1,ar1-0.6,5,0.4,40,10000,true,1.000000,,1242,10000,"Fail (P=100.0%, SharedHardwareOnly)",fail
tacet,medium,shift,1,ar1-0.3,5,0.4,33,10000,true,1.000000,,1247,10000,"Fail (P=100.0%, SharedHardwareOnly)",fail
tacet,medium,shift,1,ar1-0.3,5,100,23,10000,false,0.000000,,1237,10000,Pass (P=0.0%),pass
tacet,medium,shift,1,ar1-0.6,5,100,26,10000,false,0.000000,,1239,10000,Pass (P=0.0%),pass
tacet,medium,shift,1,ar1-0.3,5,0.4,58,10000,true,1.000000,,1238,10000,"Fail (P=100.0%, SharedHardwareOnly)",fail
tacet,medium,shift,1,ar1-0.3,5,0.4,21,10000,true,1.000000,,1239,10000,"Fail (P=100.0%, SharedHardwareOnly)",fail
tacet,medium,shift,1,ar1-0.6,5,100,19,10000,false,0.000000,,1246,10000,Pass (P=0.0%),pass
tacet,medium,shift,1,ar1-0.6,5,0.4,48,10000,true,1.000000,,1243,10000,"Fail (P=100.0%, SharedHardwareOnly)",fail
tacet,medium,shift,1,ar1-0.6,5,0.4,18,10000,true,1.000000,,1232,10000,"Fail (P=100.0%, SharedHardwareOnly)",fail
tacet,medium,shift,1,ar1-0.6,5,100,40,10000,false,0.000000,,1248,10000,Pass (P=0.0%),pass
tacet,medium,shift,1,ar1-0.6,5,100,13,10000,false,0.000000,,1238,10000,Pass (P=0.0%),pass
tacet,medium,shift,1,ar1-0.6,5,0.4,36,10000,true,1.000000,,1253,10000,"Fail (P=100.0%, SharedHardwareOnly)",fail
tacet,medium,shift,1,ar1-0.6,5,100,27,10000,false,0.000000,,1252,10000,Pass (P=0.0%),pass
tacet,medium,shift,1,ar1-0.6,5,0.4,12,10000,true,1.000000,,1249,10000,"Fail (P=100.0%, SharedHardwareOnly)",fail
tacet,medium,shift,1,ar1-0.3,5,0.4,30,10000,true,1.000000,,1247,10000,"Fail (P=100.0%, SharedHardwareOnly)",fail
tacet,medium,shift,1,ar1-0.3,5,100,31,10000,false,0.000000,,1199,10000,Pass (P=0.0%),pass
tacet,medium,shift,1,ar1-0.6,5,0.4,39,10000,true,1.000000,,1203,10000,"Fail (P=100.0%, SharedHardwareOnly)",fail
tacet,medium,shift,1,ar1-0.3,5,0.4,48,10000,true,1.000000,,1204,10000,"Fail (P=100.0%, SharedHardwareOnly)",fail
tacet,medium,shift,1,ar1-0.3,5,100,22,10000,false,0.000000,,1214,10000,Pass (P=0.0%),pass
tacet,medium,shift,1,ar1-0.6,5,100,23,10000,false,0.000000,,1207,10000,Pass (P=0.0%),pass
tacet,medium,shift,1,ar1-0.6,5,100,29,10000,false,0.000000,,1200,10000,Pass (P=0.0%),pass
tacet,medium,shift,1,ar1-0.3,5,0.4,52,10000,true,1.000000,,1226,10000,"Fail (P=100.0%, SharedHardwareOnly)",fail
tacet,medium,shift,1,ar1-0.6,5,0.4,11,10000,true,1.000000,,1207,10000,"Fail (P=100.0%, SharedHardwareOnly)",fail
tacet,medium,shift,1,ar1-0.6,5,0.4,17,10000,true,1.000000,,1216,10000,"Fail (P=100.0%, SharedHardwareOnly)",fail
tacet,medium,shift,1,ar1-0.3,5,0.4,32,10000,true,1.000000,,1213,10000,"Fail (P=100.0%, SharedHardwareOnly)",fail
tacet,medium,shift,1,ar1-0.3,5,0.4,53,10000,true,1.000000,,1216,10000,"Fail (P=100.0%, SharedHardwareOnly)",fail
tacet,medium,shift,1,ar1-0.6,5,0.4,42,10000,true,1.000000,,1216,10000,"Fail (P=100.0%, SharedHardwareOnly)",fail
tacet,medium,shift,1,ar1-0.3,5,0.4,46,10000,true,1.000000,,1209,10000,"Fail (P=100.0%, SharedHardwareOnly)",fail
tacet,medium,shift,1,ar1-0.3,5,100,49,10000,false,0.000000,,1197,10000,Pass (P=0.0%),pass
tacet,medium,shift,1,ar1-0.3,5,0.4,55,10000,true,1.000000,,1240,10000,"Fail (P=100.0%, SharedHardwareOnly)",fail
tacet,medium,shift,1,ar1-0.6,5,100,3,10000,false,0.000000,,1236,10000,Pass (P=0.0%),pass
tacet,medium,shift,1,ar1-0.3,5,100,58,10000,false,0.000000,,1242,10000,Pass (P=0.0%),pass
tacet,medium,shift,1,ar1-0.6,5,0.4,20,10000,true,1.000000,,1239,10000,"Fail (P=100.0%, SharedHardwareOnly)",fail
tacet,medium,shift,1,ar1-0.3,5,0.4,50,10000,true,1.000000,,1243,10000,"Fail (P=100.0%, SharedHardwareOnly)",fail
tacet,medium,shift,1,ar1-0.3,5,0.4,24,10000,true,1.000000,,1245,10000,"Fail (P=100.0%, SharedHardwareOnly)",fail
tacet,medium,shift,1,ar1-0.3,5,100,33,10000,false,0.000000,,1248,10000,Pass (P=0.0%),pass
tacet,medium,shift,1,ar1-0.6,5,100,48,10000,false,0.000000,,1241,10000,Pass (P=0.0%),pass
tacet,medium,shift,1,ar1-0.3,5,100,24,10000,false,0.000000,,1243,10000,Pass (P=0.0%),pass
tacet,medium,shift,1,ar1-0.6,5,100,31,10000,false,0.000000,,1245,10000,Pass (P=0.0%),pass
tacet,medium,shift,1,ar1-0.6,5,0.4,14,10000,true,1.000000,,1248,10000,"Fail (P=100.0%, SharedHardwareOnly)",fail
tacet,medium,shift,1,ar1-0.6,5,100,12,10000,false,0.000000,,1252,10000,Pass (P=0.0%),pass
tacet,medium,shift,1,ar1-0.6,5,100,14,10000,false,0.000000,,1233,10000,Pass (P=0.0%),pass
tacet,medium,shift,1,ar1-0.6,5,100,53,10000,false,0.000000,,1203,10000,Pass (P=0.0%),pass
tacet,medium,shift,1,ar1-0.6,5,0.4,30,10000,true,1.000000,,1245,10000,"Fail (P=100.0%, SharedHardwareOnly)",fail
tacet,medium,shift,1,ar1-0.6,5,0.4,15,10000,true,1.000000,,1210,10000,"Fail (P=100.0%, SharedHardwareOnly)",fail
tacet,medium,shift,1,ar1-0.3,5,100,48,10000,false,0.000000,,1198,10000,Pass (P=0.0%),pass
tacet,medium,shift,1,ar1-0.3,5,100,50,10000,false,0.000000,,1233,10000,Pass (P=0.0%),pass
tacet,medium,shift,1,ar1-0.6,5,100,50,10000,false,0.000000,,1199,10000,Pass (P=0.0%),pass
tacet,medium,shift,1,ar1-0.6,5,100,20,10000,false,0.000000,,1203,10000,Pass (P=0.0%),pass
tacet,medium,shift,1,ar1-0.3,5,100,55,10000,false,0.000000,,1216,10000,Pass (P=0.0%),pass
tacet,medium,shift,1,ar1-0.6,5,100,6,10000,false,0.000000,,1204,10000,Pass (P=0.0%),pass
tacet,medium,shift,1,ar1-0.3,5,100,46,10000,false,0.000000,,1208,10000,Pass (P=0.0%),pass
tacet,medium,shift,1,ar1-0.6,5,0.4,24,10000,true,1.000000,,1218,10000,"Fail (P=100.0%, SharedHardwareOnly)",fail
tacet,medium,shift,1,ar1-0.6,5,0.4,5,10000,true,1.000000,,1212,10000,"Fail (P=100.0%, SharedHardwareOnly)",fail
tacet,medium,shift,1,ar1-0.3,5,100,53,10000,false,0.000000,,1220,10000,Pass (P=0.0%),pass
tacet,medium,shift,1,ar1-0.6,5,100,30,10000,false,0.000000,,1213,10000,Pass (P=0.0%),pass
tacet,medium,shift,1,ar1-0.3,5,0.4,25,10000,true,1.000000,,1230,10000,"Fail (P=100.0%, SharedHardwareOnly)",fail
tacet,medium,shift,1,ar1-0.6,5,100,56,10000,false,0.000000,,1213,10000,Pass (P=0.0%),pass
tacet,medium,shift,1,ar1-0.6,5,0.4,49,10000,true,1.000000,,1233,10000,"Fail (P=100.0%, SharedHardwareOnly)",fail
tacet,medium,shift,1,ar1-0.3,5,0.4,59,10000,true,1.000000,,1233,10000,"Fail (P=100.0%, SharedHardwareOnly)",fail
tacet,medium,shift,1,ar1-0.6,5,0.4,44,10000,true,1.000000,,1239,10000,"Fail (P=100.0%, SharedHardwareOnly)",fail
tacet,medium,shift,1,ar1-0.6,5,0.4,55,10000,true,1.000000,,1232,10000,"Fail (P=100.0%, SharedHardwareOnly)",fail
tacet,medium,shift,1,ar1-0.3,5,0.4,49,10000,true,1.000000,,1241,10000,"Fail (P=100.0%, SharedHardwareOnly)",fail
tacet,medium,shift,1,ar1-0.6,5,0.4,33,10000,true,1.000000,,1242,10000,"Fail (P=100.0%, SharedHardwareOnly)",fail
tacet,medium,shift,1,ar1-0.6,5,0.4,43,10000,true,1.000000,,1243,10000,"Fail (P=100.0%, SharedHardwareOnly)",fail
tacet,medium,shift,1,ar1-0.3,5,0.4,34,10000,true,1.000000,,1242,10000,"Fail (P=100.0%, SharedHardwareOnly)",fail
tacet,medium,shift,1,ar1-0.6,5,100,15,10000,false,0.000000,,1238,10000,Pass (P=0.0%),pass
tacet,medium,shift,1,ar1-0.6,5,0.4,32,10000,true,1.000000,,1242,10000,"Fail (P=100.0%, SharedHardwareOnly)",fail
tacet,medium,shift,1,ar1-0.6,5,0.4,54,10000,true,1.000000,,1200,10000,"Fail (P=100.0%, SharedHardwareOnly)",fail
tacet,medium,shift,1,ar1-0.6,5,100,45,10000,false,0.000000,,1211,10000,Pass (P=0.0%),pass
tacet,medium,shift,1,ar1-0.3,5,100,38,10000,false,0.000000,,1233,10000,Pass (P=0.0%),pass
tacet,medium,shift,1,ar1-0.6,5,0.4,34,10000,true,1.000000,,1232,10000,"Fail (P=100.0%, SharedHardwareOnly)",fail
tacet,medium,shift,1,ar1-0.3,5,100,56,10000,false,0.000000,,1248,10000,Pass (P=0.0%),pass
tacet,medium,shift,1,ar1-0.3,5,0.4,47,10000,true,1.000000,,1198,10000,"Fail (P=100.0%, SharedHardwareOnly)",fail
tacet,medium,shift,1,ar1-0.3,5,100,41,10000,false,0.000000,,1203,10000,Pass (P=0.0%),pass
tacet,medium,shift,1,ar1-0.6,5,100,21,10000,false,0.000000,,1202,10000,Pass (P=0.0%),pass
tacet,medium,shift,1,ar1-0.6,5,100,33,10000,false,0.000000,,1239,10000,Pass (P=0.0%),pass
tacet,medium,shift,1,ar1-0.6,5,100,44,10000,false,0.000000,,1250,10000,Pass (P=0.0%),pass
tacet,medium,shift,1,ar1-0.6,5,100,49,10000,false,0.000000,,1250,10000,Pass (P=0.0%),pass
tacet,medium,shift,1,ar1-0.6,5,0.4,51,10000,true,1.000000,,1197,10000,"Fail (P=100.0%, SharedHardwareOnly)",fail
tacet,medium,shift,1,ar1-0.6,5,0.4,21,10000,true,1.000000,,1200,10000,"Fail (P=100.0%, SharedHardwareOnly)",fail
tacet,medium,shift,1,ar1-0.3,5,0.4,56,10000,true,1.000000,,1206,10000,"Fail (P=100.0%, SharedHardwareOnly)",fail
tacet,medium,shift,1,ar1-0.6,5,0.4,7,10000,true,1.000000,,1206,10000,"Fail (P=100.0%, SharedHardwareOnly)",fail
tacet,medium,shift,1,ar1-0.6,5,100,5,10000,false,0.000000,,1201,10000,Pass (P=0.0%),pass
tacet,medium,shift,1,ar1-0.3,5,0.4,57,10000,true,1.000000,,1208,10000,"Fail (P=100.0%, SharedHardwareOnly)",fail
tacet,medium,shift,1,ar1-0.6,5,100,24,10000,false,0.000000,,1209,10000,Pass (P=0.0%),pass
tacet,medium,shift,1,ar1-0.6,5,0.4,57,10000,true,1.000000,,1207,10000,"Fail (P=100.0%, SharedHardwareOnly)",fail
tacet,medium,shift,1,ar1-0.3,5,100,59,10000,false,0.000000,,1238,10000,Pass (P=0.0%),pass
tacet,medium,shift,1,ar1-0.3,5,100,34,10000,false,0.000000,,1242,10000,Pass (P=0.0%),pass
tacet,medium,shift,1,ar1-0.6,5,0.4,50,10000,true,1.000000,,1211,10000,"Fail (P=100.0%, SharedHardwareOnly)",fail
tacet,medium,shift,1,ar1-0.6,5,100,32,10000,false,0.000000,,1270,10000,Pass (P=0.0%),pass
tacet,medium,shift,1,ar1-0.3,5,0.4,39,10000,true,1.000000,,1235,10000,"Fail (P=100.0%, SharedHardwareOnly)",fail
tacet,medium,shift,1,ar1-0.3,5,0.4,42,10000,true,1.000000,,1207,10000,"Fail (P=100.0%, SharedHardwareOnly)",fail
tacet,medium,shift,1,ar1-0.3,5,0.4,40,10000,true,1.000000,,1254,10000,"Fail (P=100.0%, SharedHardwareOnly)",fail
tacet,medium,shift,1,ar1-0.6,5,100,46,10000,false,0.000000,,1200,10000,Pass (P=0.0%),pass
tacet,medium,shift,1,ar1-0.6,5,0.4,52,10000,true,1.000000,,1235,10000,"Fail (P=100.0%, SharedHardwareOnly)",fail
tacet,medium,shift,1,ar1-0.6,5,100,51,10000,false,0.000000,,1244,10000,Pass (P=0.0%),pass
tacet,medium,shift,1,ar1-0.3,5,0.4,43,10000,true,1.000000,,1247,10000,"Fail (P=100.0%, SharedHardwareOnly)",fail
tacet,medium,shift,1,ar1-0.6,5,0.4,58,10000,true,1.000000,,1234,10000,"Fail (P=100.0%, SharedHardwareOnly)",fail
tacet,medium,shift,1,ar1-0.6,5,100,0,10000,false,0.000000,,1235,10000,Pass (P=0.0%),pass
tacet,medium,shift,1,ar1-0.3,5,100,35,10000,false,0.000000,,1201,10000,Pass (P=0.0%),pass
tacet,medium,shift,1,ar1-0.3,5,0.4,35,10000,true,1.000000,,1212,10000,"Fail (P=100.0%, SharedHardwareOnly)",fail
tacet,medium,shift,1,ar1-0.3,5,100,40,10000,false,0.000000,,1265,10000,Pass (P=0.0%),pass
tacet,medium,shift,1,ar1-0.3,5,0.4,37,10000,true,1.000000,,1212,10000,"Fail (P=100.0%, SharedHardwareOnly)",fail
tacet,medium,shift,1,ar1-0.6,5,0.4,2,10000,true,1.000000,,1203,10000,"Fail (P=100.0%, SharedHardwareOnly)",fail
tacet,medium,shift,1,ar1-0.6,5,0.4,8,10000,true,1.000000,,1258,10000,"Fail (P=100.0%, SharedHardwareOnly)",fail
tacet,medium,shift,1,ar1-0.6,5,0.4,22,10000,true,1.000000,,2002,10000,"Fail (P=100.0%, SharedHardwareOnly)",fail
tacet,medium,shift,1,ar1-0.6,5,0.4,1,10000,true,1.000000,,1236,10000,"Fail (P=100.0%, SharedHardwareOnly)",fail
tacet,medium,shift,1,ar1-0.6,5,100,8,10000,false,0.000000,,944,10000,Pass (P=0.0%),pass
tacet,medium,shift,1,ar1-0.6,5,0.4,9,10000,true,1.000000,,1227,10000,"Fail (P=100.0%, SharedHardwareOnly)",fail
tacet,medium,shift,1,ar1-0.3,5,0.4,44,10000,true,1.000000,,1059,10000,"Fail (P=100.0%, SharedHardwareOnly)",fail
tacet,medium,shift,1,ar1-0.6,5,100,7,10000,false,0.000000,,1064,10000,Pass (P=0.0%),pass
tacet,medium,shift,1,ar1-0.6,5,100,2,10000,false,0.000000,,1020,10000,Pass (P=0.0%),pass
tacet,medium,shift,1,ar1-0.6,5,0.4,46,10000,true,1.000000,,2067,10000,"Fail (P=100.0%, SharedHardwareOnly)",fail
tacet,medium,shift,1,ar1-0.3,5,0.4,41,10000,true,1.000000,,720,10000,"Fail (P=100.0%, SharedHardwareOnly)",fail
tacet,medium,shift,1,ar1-0.6,5,100,58,10000,false,0.000000,,652,10000,Pass (P=0.0%),pass
tacet,medium,shift,1,ar1-0.6,5,100,52,10000,false,0.000000,,1201,10000,Pass (P=0.0%),pass
tacet,medium,shift,1,ar1-0.3,5,100,39,10000,false,0.000000,,1039,10000,Pass (P=0.0%),pass
tacet,medium,shift,1,ar1-0.3,5,100,37,10000,false,0.000000,,699,10000,Pass (P=0.0%),pass
tacet,medium,shift,1,ar1-0.6,5,0.4,3,10000,true,1.000000,,802,10000,"Fail (P=100.0%, SharedHardwareOnly)",fail
tacet,medium,shift,1,ar1-0.3,5,0.4,38,10000,true,1.000000,,436,10000,"Fail (P=100.0%, SharedHardwareOnly)",fail
tacet,medium,shift,1,ar1-0.6,5,0.4,59,10000,true,1.000000,,1384,10000,"Fail (P=100.0%, SharedHardwareOnly)",fail
tacet,medium,shift,1,ar1-0.6,5,0.4,6,10000,true,1.000000,,2514,10000,"Fail (P=100.0%, SharedHardwareOnly)",fail
tacet,medium,shift,1,ar1-0.6,5,0.4,47,10000,true,1.000000,,1694,10000,"Fail (P=100.0%, SharedHardwareOnly)",fail
tacet,medium,shift,1,ar1-0.6,5,100,9,10000,false,0.000000,,1648,10000,Pass (P=0.0%),pass
tacet,medium,shift,1,ar1-0.3,5,100,36,10000,false,0.000000,,1213,10000,Pass (P=0.0%),pass
tacet,medium,shift,1,ar1-0.3,5,100,44,10000,false,0.000000,,1049,10000,Pass (P=0.0%),pass
tacet,medium,shift,1,ar1-0.6,5,0.4,53,10000,true,1.000000,,1122,10000,"Fail (P=100.0%, SharedHardwareOnly)",fail
tacet,medium,shift,1,ar1-0.6,5,100,59,10000,false,0.000000,,1058,10000,Pass (P=0.0%),pass
tacet,medium,shift,1,ar1-0.6,5,0.4,25,10000,true,1.000000,,3162,10000,"Fail (P=100.0%, SharedHardwareOnly)",fail
tacet,medium,shift,1,ar1-0.3,5,100,42,10000,false,0.000000,,2490,10000,Pass (P=0.0%),pass
tacet,medium,shift,1,ar1-0.3,5,100,25,10000,false,0.000000,,3156,10000,Pass (P=0.0%),pass
tacet,medium,shift,1,ar1-0.3,5,0.4,36,10000,true,1.000000,,1975,10000,"Fail (P=100.0%, SharedHardwareOnly)",fail
tacet,medium,shift,1,ar1-0.3,5,100,47,10000,false,0.000000,,2742,10000,Pass (P=0.0%),pass
tacet,medium,shift,1,ar1-0.6,5,100,1,10000,false,0.000000,,1697,10000,Pass (P=0.0%),pass
tacet,medium,shift,1,ar1-0.6,5,100,57,10000,false,0.000000,,2526,10000,Pass (P=0.0%),pass
tacet,medium,shift,1,ar1-0.6,5,100,55,10000,false,0.000000,,3070,10000,Pass (P=0.0%),pass
tacet,medium,shift,1,ar1-0.6,5,0.4,45,10000,true,1.000000,,2905,10000,"Fail (P=100.0%, SharedHardwareOnly)",fail
tacet,medium,shift,1,ar1-0.6,5,0.4,0,10000,true,1.000000,,1845,10000,"Fail (P=100.0%, SharedHardwareOnly)",fail
tacet,medium,shift,1,ar1-0.3,5,100,28,10000,false,0.000000,,5953,10000,Pass (P=0.0%),pass
tacet,medium,shift,1,ar1-0.6,5,100,54,10000,false,0.000000,,3279,10000,Pass (P=0.0%),pass
tacet,medium,shift,1,ar1-0.6,5,100,43,10000,false,0.000000,,3417,10000,Pass (P=0.0%),pass
tacet,medium,shift,1,ar1-0.6,5,0.4,28,10000,true,1.000000,,5886,10000,"Fail (P=100.0%, SharedHardwareOnly)",fail
tacet,medium,shift,1,ar1-0.3,5,100,43,10000,false,0.000000,,2345,10000,Pass (P=0.0%),pass
tacet,medium,shift,1,ar1-0.6,5,100,42,10000,false,0.000000,,4736,10000,Pass (P=0.0%),pass
tacet,medium,shift,1,ar1-0.6,5,100,34,10000,false,0.000000,,3214,10000,Pass (P=0.0%),pass
tacet,medium,shift,1,ar1-0.6,5,0.4,56,10000,true,1.000000,,3428,10000,"Fail (P=100.0%, SharedHardwareOnly)",fail
tacet,medium,shift,1,ar1-0.6,5,0.4,4,10000,true,1.000000,,5093,10000,"Fail (P=100.0%, SharedHardwareOnly)",fail
tacet,medium,shift,1,ar1-0.6,5,100,18,10000,false,0.000000,,6331,10000,Pass (P=0.0%),pass
tacet,medium,shift,1,ar1-0.6,5,0.4,31,10000,true,1.000000,,5050,10000,"Fail (P=100.0%, SharedHardwareOnly)",fail
tacet,medium,shift,1,ar1-0.6,5,100,4,10000,false,0.000000,,5008,10000,Pass (P=0.0%),pass
tacet,medium,shift,2,iid,5,100,0,10000,false,0.000000,,1033,10000,Pass (P=0.0%),pass
tacet,medium,shift,2,iid,5,0.4,15,10000,true,1.000000,,1040,10000,"Fail (P=100.0%, SharedHardwareOnly)",fail
tacet,medium,shift,2,iid,5,100,2,10000,false,0.000000,,1069,10000,Pass (P=0.0%),pass
tacet,medium,shift,1,ar1-0.8,5,100,2,10000,false,0.000000,,1181,10000,Pass (P=0.0%),pass
tacet,medium,shift,1,ar1-0.8,5,100,13,10000,false,0.000000,,1185,10000,Pass (P=0.0%),pass
tacet,medium,shift,1,ar1-0.8,5,0.4,53,10000,true,1.000000,,1187,10000,"Fail (P=100.0%, SharedHardwareOnly)",fail
tacet,medium,shift,1,ar1-0.8,5,0.4,56,10000,true,1.000000,,1188,10000,"Fail (P=100.0%, SharedHardwareOnly)",fail
tacet,medium,shift,1,ar1-0.8,5,100,15,10000,false,0.000000,,1191,10000,Pass (P=0.0%),pass
tacet,medium,shift,1,ar1-0.8,5,0.4,0,10000,true,1.000000,,1191,10000,"Fail (P=100.0%, SharedHardwareOnly)",fail
tacet,medium,shift,1,ar1-0.8,5,0.4,14,10000,true,1.000000,,1192,10000,"Fail (P=100.0%, SharedHardwareOnly)",fail
tacet,medium,shift,1,ar1-0.8,5,100,0,10000,false,0.000000,,1195,10000,Pass (P=0.0%),pass
tacet,medium,shift,1,ar1-0.8,5,0.4,6,10000,true,1.000000,,1197,10000,"Fail (P=100.0%, SharedHardwareOnly)",fail
tacet,medium,shift,1,ar1-0.8,5,0.4,23,10000,true,1.000000,,1198,10000,"Fail (P=100.0%, SharedHardwareOnly)",fail
tacet,medium,shift,1,ar1-0.8,5,0.4,2,10000,true,1.000000,,1199,10000,"Fail (P=100.0%, SharedHardwareOnly)",fail
tacet,medium,shift,1,ar1-0.8,5,100,59,10000,false,0.000000,,1208,10000,Pass (P=0.0%),pass
tacet,medium,shift,1,ar1-0.8,5,0.4,22,10000,true,1.000000,,1215,10000,"Fail (P=100.0%, SharedHardwareOnly)",fail
tacet,medium,shift,1,ar1-0.8,5,0.4,59,10000,true,1.000000,,1220,10000,"Fail (P=100.0%, SharedHardwareOnly)",fail
tacet,medium,shift,1,ar1-0.8,5,0.4,3,10000,true,1.000000,,1222,10000,"Fail (P=100.0%, SharedHardwareOnly)",fail
tacet,medium,shift,1,ar1-0.8,5,0.4,5,10000,true,1.000000,,1223,10000,"Fail (P=100.0%, SharedHardwareOnly)",fail
tacet,medium,shift,1,ar1-0.8,5,0.4,15,10000,true,1.000000,,1223,10000,"Fail (P=100.0%, SharedHardwareOnly)",fail
tacet,medium,shift,1,ar1-0.8,5,0.4,25,10000,true,1.000000,,1223,10000,"Fail (P=100.0%, SharedHardwareOnly)",fail
tacet,medium,shift,1,ar1-0.8,5,0.4,13,10000,true,1.000000,,1225,10000,"Fail (P=100.0%, SharedHardwareOnly)",fail
tacet,medium,shift,1,ar1-0.8,5,100,18,10000,false,0.000000,,1227,10000,Pass (P=0.0%),pass
tacet,medium,shift,1,ar1-0.8,5,0.4,4,10000,true,1.000000,,1227,10000,"Fail (P=100.0%, SharedHardwareOnly)",fail
tacet,medium,shift,1,ar1-0.8,5,100,4,10000,false,0.000000,,1229,10000,Pass (P=0.0%),pass
tacet,medium,shift,1,ar1-0.8,5,0.4,50,10000,true,1.000000,,1235,10000,"Fail (P=100.0%, SharedHardwareOnly)",fail
tacet,medium,shift,1,ar1-0.8,5,0.4,20,10000,true,1.000000,,1237,10000,"Fail (P=100.0%, SharedHardwareOnly)",fail
tacet,medium,shift,1,ar1-0.8,5,100,14,10000,false,0.000000,,1240,10000,Pass (P=0.0%),pass
tacet,medium,shift,1,ar1-0.8,5,100,12,10000,false,0.000000,,1241,10000,Pass (P=0.0%),pass
tacet,medium,shift,1,ar1-0.8,5,100,3,10000,false,0.000000,,1243,10000,Pass (P=0.0%),pass
tacet,medium,shift,1,ar1-0.8,5,100,1,10000,false,0.000000,,1245,10000,Pass (P=0.0%),pass
tacet,medium,shift,1,ar1-0.8,5,100,21,10000,false,0.000000,,1253,10000,Pass (P=0.0%),pass
tacet,medium,shift,2,iid,5,100,15,10000,false,0.000000,,1044,10000,Pass (P=0.0%),pass
tacet,medium,shift,2,iid,5,0.4,1,10000,true,1.000000,,1053,10000,"Fail (P=100.0%, SharedHardwareOnly)",fail
tacet,medium,shift,2,iid,5,0.4,3,10000,true,1.000000,,1088,10000,"Fail (P=100.0%, Http2Multiplexing)",fail
tacet,medium,shift,2,iid,5,100,27,10000,false,0.000000,,1035,10000,Pass (P=0.0%),pass
tacet,medium,shift,2,iid,5,0.4,21,10000,true,1.000000,,1046,10000,"Fail (P=100.0%, SharedHardwareOnly)",fail
tacet,medium,shift,2,iid,5,0.4,0,10000,true,1.000000,,1091,10000,"Fail (P=100.0%, Http2Multiplexing)",fail
tacet,medium,shift,2,iid,5,100,33,10000,false,0.000000,,1074,10000,Pass (P=0.0%),pass
tacet,medium,shift,2,iid,5,100,1,10000,false,0.000000,,1090,10000,Pass (P=0.0%),pass
tacet,medium,shift,2,iid,5,0.4,18,10000,true,1.000000,,1090,10000,"Fail (P=100.0%, Http2Multiplexing)",fail
tacet,medium,shift,2,iid,5,100,36,10000,false,0.000000,,1068,10000,Pass (P=0.0%),pass
tacet,medium,shift,1,ar1-0.8,5,100,53,10000,false,0.000000,,1196,10000,Pass (P=0.0%),pass
tacet,medium,shift,1,ar1-0.8,5,100,56,10000,false,0.000000,,1199,10000,Pass (P=0.0%),pass
tacet,medium,shift,1,ar1-0.8,5,100,22,10000,false,0.000000,,1203,10000,Pass (P=0.0%),pass
tacet,medium,shift,1,ar1-0.8,5,100,57,10000,false,0.000000,,1204,10000,Pass (P=0.0%),pass
tacet,medium,shift,1,ar1-0.8,5,0.4,16,10000,true,1.000000,,1216,10000,"Fail (P=100.0%, SharedHardwareOnly)",fail
tacet,medium,shift,1,ar1-0.8,5,100,6,10000,false,0.000000,,1210,10000,Pass (P=0.0%),pass
tacet,medium,shift,1,ar1-0.8,5,100,5,10000,false,0.000000,,1211,10000,Pass (P=0.0%),pass
tacet,medium,shift,1,ar1-0.8,5,100,23,10000,false,0.000000,,1230,10000,Pass (P=0.0%),pass
tacet,medium,shift,1,ar1-0.8,5,100,25,10000,false,0.000000,,1236,10000,Pass (P=0.0%),pass
tacet,medium,shift,1,ar1-0.8,5,0.4,24,10000,true,1.000000,,1238,10000,"Fail (P=100.0%, SharedHardwareOnly)",fail
tacet,medium,shift,1,ar1-0.8,5,0.4,17,10000,true,1.000000,,1241,10000,"Fail (P=100.0%, SharedHardwareOnly)",fail
tacet,medium,shift,1,ar1-0.8,5,100,54,10000,false,0.000000,,1238,10000,Pass (P=0.0%),pass
tacet,medium,shift,1,ar1-0.8,5,100,19,10000,false,0.000000,,1240,10000,Pass (P=0.0%),pass
tacet,medium,shift,1,ar1-0.8,5,100,50,10000,false,0.000000,,1245,10000,Pass (P=0.0%),pass
tacet,medium,shift,1,ar1-0.8,5,100,20,10000,false,0.000000,,1250,10000,Pass (P=0.0%),pass
tacet,medium,shift,2,iid,5,100,16,10000,false,0.000000,,1073,10000,Pass (P=0.0%),pass
tacet,medium,shift,1,ar1-0.8,5,0.4,21,10000,true,1.000000,,1254,10000,"Fail (P=100.0%, SharedHardwareOnly)",fail
tacet,medium,shift,1,ar1-0.8,5,100,51,10000,false,0.000000,,1256,10000,Pass (P=0.0%),pass
tacet,medium,shift,1,ar1-0.8,5,0.4,9,10000,true,1.000000,,1223,10000,"Fail (P=100.0%, SharedHardwareOnly)",fail
tacet,medium,shift,2,iid,5,0.4,16,10000,true,1.000000,,1038,10000,"Fail (P=100.0%, SharedHardwareOnly)",fail
tacet,medium,shift,1,ar1-0.8,5,100,17,10000,false,0.000000,,1205,10000,Pass (P=0.0%),pass
tacet,medium,shift,2,iid,5,0.4,35,10000,true,1.000000,,1062,10000,"Fail (P=100.0%, Http2Multiplexing)",fail
tacet,medium,shift,2,iid,5,0.4,34,10000,true,1.000000,,1057,10000,"Fail (P=100.0%, SharedHardwareOnly)",fail
tacet,medium,shift,1,ar1-0.8,5,0.4,19,10000,true,1.000000,,1981,10000,"Fail (P=100.0%, SharedHardwareOnly)",fail
tacet,medium,shift,2,iid,5,100,3,10000,false,0.000000,,1085,10000,Pass (P=0.0%),pass
tacet,medium,shift,2,iid,5,0.4,28,10000,true,1.000000,,1034,10000,"Fail (P=100.0%, Http2Multiplexing)",fail
tacet,medium,shift,1,ar1-0.8,5,0.4,51,10000,true,1.000000,,1204,10000,"Fail (P=100.0%, SharedHardwareOnly)",fail
tacet,medium,shift,2,iid,5,100,21,10000,false,0.000000,,1043,10000,Pass (P=0.0%),pass
tacet,medium,shift,2,iid,5,100,8,10000,false,0.000000,,1041,10000,Pass (P=0.0%),pass
tacet,medium,shift,2,iid,5,0.4,2,10000,true,1.000000,,1086,10000,"Fail (P=100.0%, Http2Multiplexing)",fail
tacet,medium,shift,2,iid,5,100,18,10000,false,0.000000,,1085,10000,Pass (P=0.0%),pass
tacet,medium,shift,2,iid,5,0.4,37,10000,true,1.000000,,1076,10000,"Fail (P=100.0%, SharedHardwareOnly)",fail
tacet,medium,shift,2,iid,5,100,19,10000,false,0.000000,,1040,10000,Pass (P=0.0%),pass
tacet,medium,shift,2,iid,5,100,35,10000,false,0.000000,,1044,10000,Pass (P=0.0%),pass
tacet,medium,shift,2,iid,5,0.4,19,10000,true,1.000000,,1066,10000,"Fail (P=100.0%, Http2Multiplexing)",fail
tacet,medium,shift,1,ar1-0.8,5,100,7,10000,false,0.000000,,1242,10000,Pass (P=0.0%),pass
tacet,medium,shift,2,iid,5,0.4,24,10000,true,1.000000,,1079,10000,"Fail (P=100.0%, SharedHardwareOnly)",fail
tacet,medium,shift,2,iid,5,0.4,17,10000,true,1.000000,,1081,10000,"Fail (P=100.0%, SharedHardwareOnly)",fail
tacet,medium,shift,1,ar1-0.8,5,0.4,58,10000,true,1.000000,,1205,10000,"Fail (P=100.0%, SharedHardwareOnly)",fail
tacet,medium,shift,1,ar1-0.8,5,100,16,10000,false,0.000000,,1204,10000,Pass (P=0.0%),pass
tacet,medium,shift,1,ar1-0.8,5,0.4,7,10000,true,1.000000,,1205,10000,"Fail (P=100.0%, SharedHardwareOnly)",fail
tacet,medium,shift,1,ar1-0.8,5,0.4,26,10000,true,1.000000,,1243,10000,"Fail (P=100.0%, SharedHardwareOnly)",fail
tacet,medium,shift,1,ar1-0.8,5,0.4,55,10000,true,1.000000,,1245,10000,"Fail (P=100.0%, SharedHardwareOnly)",fail
tacet,medium,shift,1,ar1-0.8,5,100,58,10000,false,0.000000,,1247,10000,Pass (P=0.0%),pass
tacet,medium,shift,1,ar1-0.8,5,100,9,10000,false,0.000000,,1232,10000,Pass (P=0.0%),pass
tacet,medium,shift,1,ar1-0.8,5,0.4,52,10000,true,1.000000,,1247,10000,"Fail (P=100.0%, SharedHardwareOnly)",fail
tacet,medium,shift,2,iid,5,0.4,20,10000,true,1.000000,,1070,10000,"Fail (P=100.0%, SharedHardwareOnly)",fail
tacet,medium,shift,2,iid,5,100,5,10000,false,0.000000,,1055,10000,Pass (P=0.0%),pass
tacet,medium,shift,1,ar1-0.8,5,100,10,10000,false,0.000000,,1199,10000,Pass (P=0.0%),pass
tacet,medium,shift,1,ar1-0.8,5,0.4,18,10000,true,1.000000,,1406,10000,"Fail (P=100.0%, SharedHardwareOnly)",fail
tacet,medium,shift,2,iid,5,100,11,10000,false,0.000000,,1043,10000,Pass (P=0.0%),pass
tacet,medium,shift,2,iid,5,100,30,10000,false,0.000000,,1050,10000,Pass (P=0.0%),pass
tacet,medium,shift,2,iid,5,0.4,36,10000,true,1.000000,,1088,10000,"Fail (P=100.0%, SharedHardwareOnly)",fail
tacet,medium,shift,2,iid,5,100,28,10000,false,0.000000,,1060,10000,Pass (P=0.0%),pass
tacet,medium,shift,2,iid,5,0.4,4,10000,true,1.000000,,1086,10000,"Fail (P=100.0%, SharedHardwareOnly)",fail
tacet,medium,shift,2,iid,5,0.4,22,10000,true,1.000000,,1052,10000,"Fail (P=100.0%, Http2Multiplexing)",fail
tacet,medium,shift,1,ar1-0.8,5,100,11,10000,false,0.000000,,1227,10000,Pass (P=0.0%),pass
tacet,medium,shift,2,iid,5,100,25,10000,false,0.000000,,1071,10000,Pass (P=0.0%),pass
tacet,medium,shift,1,ar1-0.8,5,100,37,10000,false,0.000000,,1233,10000,Pass (P=0.0%),pass
tacet,medium,shift,2,iid,5,100,26,10000,false,0.000000,,1089,10000,Pass (P=0.0%),pass
tacet,medium,shift,2,iid,5,100,37,10000,false,0.000000,,1081,10000,Pass (P=0.0%),pass
tacet,medium,shift,2,iid,5,0.4,26,10000,true,1.000000,,1069,10000,"Fail (P=100.0%, SharedHardwareOnly)",fail
tacet,medium,shift,2,iid,5,0.4,29,10000,true,1.000000,,1067,10000,"Fail (P=100.0%, Http2Multiplexing)",fail
tacet,medium,shift,2,iid,5,100,24,10000,false,0.000000,,1087,10000,Pass (P=0.0%),pass
tacet,medium,shift,2,iid,5,100,29,10000,false,0.000000,,1050,10000,Pass (P=0.0%),pass
tacet,medium,shift,2,iid,5,0.4,10,10000,true,1.000000,,1104,10000,"Fail (P=100.0%, SharedHardwareOnly)",fail
tacet,medium,shift,1,ar1-0.8,5,0.4,8,10000,true,1.000000,,1249,10000,"Fail (P=100.0%, SharedHardwareOnly)",fail
tacet,medium,shift,2,iid,5,100,4,10000,false,0.000000,,1058,10000,Pass (P=0.0%),pass
tacet,medium,shift,2,iid,5,0.4,13,10000,true,1.000000,,1043,10000,"Fail (P=100.0%, Http2Multiplexing)",fail
tacet,medium,shift,1,ar1-0.8,5,0.4,11,10000,true,1.000000,,1237,10000,"Fail (P=100.0%, SharedHardwareOnly)",fail
tacet,medium,shift,2,iid,5,100,9,10000,false,0.000000,,1087,10000,Pass (P=0.0%),pass
tacet,medium,shift,1,ar1-0.8,5,0.4,31,10000,true,1.000000,,1217,10000,"Fail (P=100.0%, SharedHardwareOnly)",fail
tacet,medium,shift,2,iid,5,0.4,12,10000,true,1.000000,,1065,10000,"Fail (P=100.0%, Http2Multiplexing)",fail
tacet,medium,shift,2,iid,5,100,20,10000,false,0.000000,,1075,10000,Pass (P=0.0%),pass
tacet,medium,shift,2,iid,5,0.4,6,10000,true,1.000000,,1040,10000,"Fail (P=100.0%, Http2Multiplexing)",fail
tacet,medium,shift,1,ar1-0.8,5,100,26,10000,false,0.000000,,1240,10000,Pass (P=0.0%),pass
tacet,medium,shift,1,ar1-0.8,5,0.4,34,10000,true,1.000000,,1244,10000,"Fail (P=100.0%, SharedHardwareOnly)",fail
tacet,medium,shift,1,ar1-0.8,5,100,43,10000,false,0.000000,,1199,10000,Pass (P=0.0%),pass
tacet,medium,shift,1,ar1-0.8,5,100,40,10000,false,0.000000,,1240,10000,Pass (P=0.0%),pass
tacet,medium,shift,1,ar1-0.8,5,100,46,10000,false,0.000000,,1200,10000,Pass (P=0.0%),pass
tacet,medium,shift,1,ar1-0.8,5,100,35,10000,false,0.000000,,1201,10000,Pass (P=0.0%),pass
tacet,medium,shift,1,ar1-0.8,5,0.4,45,10000,true,1.000000,,1218,10000,"Fail (P=100.0%, SharedHardwareOnly)",fail
tacet,medium,shift,1,ar1-0.8,5,0.4,48,10000,true,1.000000,,1207,10000,"Fail (P=100.0%, SharedHardwareOnly)",fail
tacet,medium,shift,2,iid,5,0.4,31,10000,true,1.000000,,1043,10000,"Fail (P=100.0%, Http2Multiplexing)",fail
tacet,medium,shift,2,iid,5,100,22,10000,false,0.000000,,1046,10000,Pass (P=0.0%),pass
tacet,medium,shift,2,iid,5,0.4,27,10000,true,1.000000,,1047,10000,"Fail (P=100.0%, SharedHardwareOnly)",fail
tacet,medium,shift,2,iid,5,100,34,10000,false,0.000000,,2970,10000,Pass (P=0.0%),pass
tacet,medium,shift,1,ar1-0.8,5,100,45,10000,false,0.000000,,1197,10000,Pass (P=0.0%),pass
tacet,medium,shift,1,ar1-0.8,5,0.4,12,10000,true,1.000000,,1233,10000,"Fail (P=100.0%, SharedHardwareOnly)",fail
tacet,medium,shift,1,ar1-0.8,5,0.4,39,10000,true,1.000000,,1239,10000,"Fail (P=100.0%, SharedHardwareOnly)",fail
tacet,medium,shift,2,iid,5,0.4,39,10000,true,1.000000,,1043,10000,"Fail (P=100.0%, Http2Multiplexing)",fail
tacet,medium,shift,2,iid,5,0.4,38,10000,true,1.000000,,1060,10000,"Fail (P=100.0%, SharedHardwareOnly)",fail
tacet,medium,shift,2,iid,5,0.4,5,10000,true,1.000000,,1079,10000,"Fail (P=100.0%, SharedHardwareOnly)",fail
tacet,medium,shift,1,ar1-0.8,5,100,32,10000,false,0.000000,,1239,10000,Pass (P=0.0%),pass
tacet,medium,shift,1,ar1-0.8,5,0.4,38,10000,true,1.000000,,1244,10000,"Fail (P=100.0%, SharedHardwareOnly)",fail
tacet,medium,shift,2,iid,5,0.4,30,10000,true,1.000000,,1041,10000,"Fail (P=100.0%, SharedHardwareOnly)",fail
tacet,medium,shift,2,iid,5,0.4,25,10000,true,1.000000,,1081,10000,"Fail (P=100.0%, Http2Multiplexing)",fail
tacet,medium,shift,2,iid,5,100,10,10000,false,0.000000,,1077,10000,Pass (P=0.0%),pass
tacet,medium,shift,2,iid,5,100,13,10000,false,0.000000,,1047,10000,Pass (P=0.0%),pass
tacet,medium,shift,1,ar1-0.8,5,0.4,33,10000,true,1.000000,,1232,10000,"Fail (P=100.0%, SharedHardwareOnly)",fail
tacet,medium,shift,1,ar1-0.8,5,100,34,10000,false,0.000000,,1204,10000,Pass (P=0.0%),pass
tacet,medium,shift,2,iid,5,100,12,10000,false,0.000000,,1063,10000,Pass (P=0.0%),pass
tacet,medium,shift,2,iid,5,0.4,32,10000,true,1.000000,,1082,10000,"Fail (P=100.0%, Http2Multiplexing)",fail
tacet,medium,shift,1,ar1-0.8,5,100,8,10000,false,0.000000,,1249,10000,Pass (P=0.0%),pass
tacet,medium,shift,2,iid,5,100,6,10000,false,0.000000,,1038,10000,Pass (P=0.0%),pass
tacet,medium,shift,1,ar1-0.8,5,100,31,10000,false,0.000000,,1208,10000,Pass (P=0.0%),pass
tacet,medium,shift,1,ar1-0.8,5,0.4,44,10000,true,1.000000,,1237,10000,"Fail (P=100.0%, SharedHardwareOnly)",fail
tacet,medium,shift,2,iid,5,0.4,23,10000,true,1.000000,,1074,10000,"Fail (P=100.0%, Http2Multiplexing)",fail
tacet,medium,shift,1,ar1-0.8,5,0.4,27,10000,true,1.000000,,1235,10000,"Fail (P=100.0%, SharedHardwareOnly)",fail
tacet,medium,shift,2,iid,5,0.4,11,10000,true,1.000000,,1046,10000,"Fail (P=100.0%, Http2Multiplexing)",fail
tacet,medium,shift,1,ar1-0.8,5,100,36,10000,false,0.000000,,1212,10000,Pass (P=0.0%),pass
tacet,medium,shift,1,ar1-0.8,5,0.4,36,10000,true,1.000000,,1206,10000,"Fail (P=100.0%, SharedHardwareOnly)",fail
tacet,medium,shift,1,ar1-0.8,5,0.4,41,10000,true,1.000000,,1245,10000,"Fail (P=100.0%, SharedHardwareOnly)",fail
tacet,medium,shift,2,iid,5,100,31,10000,false,0.000000,,1045,10000,Pass (P=0.0%),pass
tacet,medium,shift,1,ar1-0.8,5,100,48,10000,false,0.000000,,1203,10000,Pass (P=0.0%),pass
tacet,medium,shift,2,iid,5,0.4,14,10000,true,1.000000,,1067,10000,"Fail (P=100.0%, Http2Multiplexing)",fail
tacet,medium,shift,1,ar1-0.8,5,0.4,32,10000,true,1.000000,,1195,10000,"Fail (P=100.0%, SharedHardwareOnly)",fail
tacet,medium,shift,2,iid,5,100,39,10000,false,0.000000,,1039,10000,Pass (P=0.0%),pass
tacet,medium,shift,1,ar1-0.8,5,100,47,10000,false,0.000000,,1195,10000,Pass (P=0.0%),pass
tacet,medium,shift,2,iid,5,100,38,10000,false,0.000000,,1077,10000,Pass (P=0.0%),pass
tacet,medium,shift,1,ar1-0.8,5,0.4,46,10000,true,1.000000,,1155,10000,"Fail (P=100.0%, SharedHardwareOnly)",fail
tacet,medium,shift,2,iid,5,100,23,10000,false,0.000000,,995,10000,Pass (P=0.0%),pass
tacet,medium,shift,1,ar1-0.8,5,0.4,42,10000,true,1.000000,,1157,10000,"Fail (P=100.0%, SharedHardwareOnly)",fail
tacet,medium,shift,1,ar1-0.8,5,100,39,10000,false,0.000000,,1182,10000,Pass (P=0.0%),pass
tacet,medium,shift,1,ar1-0.8,5,100,29,10000,false,0.000000,,1086,10000,Pass (P=0.0%),pass
tacet,medium,shift,2,iid,5,100,17,10000,false,0.000000,,4030,10000,Pass (P=0.0%),pass
tacet,medium,shift,1,ar1-0.8,5,0.4,49,10000,true,1.000000,,600,10000,"Fail (P=100.0%, SharedHardwareOnly)",fail
tacet,medium,shift,1,ar1-0.8,5,100,49,10000,false,0.000000,,547,10000,Pass (P=0.0%),pass
tacet,medium,shift,1,ar1-0.8,5,0.4,28,10000,true,1.000000,,1315,10000,"Fail (P=100.0%, SharedHardwareOnly)",fail
tacet,medium,shift,1,ar1-0.8,5,100,30,10000,false,0.000000,,480,10000,Pass (P=0.0%),pass
tacet,medium,shift,1,ar1-0.8,5,0.4,40,10000,true,1.000000,,1381,10000,"Fail (P=100.0%, SharedHardwareOnly)",fail
tacet,medium,shift,1,ar1-0.8,5,0.4,30,10000,true,1.000000,,681,10000,"Fail (P=100.0%, SharedHardwareOnly)",fail
tacet,medium,shift,1,ar1-0.8,5,100,44,10000,false,0.000000,,995,10000,Pass (P=0.0%),pass
tacet,medium,shift,2,iid,5,0.4,8,10000,true,1.000000,,921,10000,"Fail (P=100.0%, SharedHardwareOnly)",fail
tacet,medium,shift,2,iid,5,100,7,10000,false,0.000000,,1316,10000,Pass (P=0.0%),pass
tacet,medium,shift,1,ar1-0.8,5,100,28,10000,false,0.000000,,1198,10000,Pass (P=0.0%),pass
tacet,medium,shift,1,ar1-0.8,5,0.4,37,10000,true,1.000000,,1143,10000,"Fail (P=100.0%, SharedHardwareOnly)",fail
tacet,medium,shift,1,ar1-0.8,5,0.4,35,10000,true,1.000000,,1476,10000,"Fail (P=100.0%, SharedHardwareOnly)",fail
tacet,medium,shift,1,ar1-0.8,5,0.4,43,10000,true,1.000000,,1246,10000,"Fail (P=100.0%, SharedHardwareOnly)",fail
tacet,medium,shift,1,ar1-0.8,5,0.4,1,10000,true,1.000000,,6175,10000,"Fail (P=100.0%, SharedHardwareOnly)",fail
tacet,medium,shift,1,ar1-0.8,5,100,38,10000,false,0.000000,,1674,10000,Pass (P=0.0%),pass
tacet,medium,shift,1,ar1-0.8,5,0.4,29,10000,true,1.000000,,1181,10000,"Fail (P=100.0%, SharedHardwareOnly)",fail
tacet,medium,shift,1,ar1-0.8,5,100,41,10000,false,0.000000,,1050,10000,Pass (P=0.0%),pass
tacet,medium,shift,1,ar1-0.8,5,100,27,10000,false,0.000000,,1186,10000,Pass (P=0.0%),pass
tacet,medium,shift,2,iid,5,0.4,7,10000,true,1.000000,,1751,10000,"Fail (P=100.0%, Http2Multiplexing)",fail
tacet,medium,shift,2,iid,5,0.4,33,10000,true,1.000000,,1883,10000,"Fail (P=100.0%, SharedHardwareOnly)",fail
tacet,medium,shift,2,iid,5,100,14,10000,false,0.000000,,1771,10000,Pass (P=0.0%),pass
tacet,medium,shift,1,ar1-0.8,5,100,42,10000,false,0.000000,,1669,10000,Pass (P=0.0%),pass
tacet,medium,shift,2,iid,5,100,32,10000,false,0.000000,,2298,10000,Pass (P=0.0%),pass
tacet,medium,shift,1,ar1-0.8,5,0.4,54,10000,true,1.000000,,5551,10000,"Fail (P=100.0%, SharedHardwareOnly)",fail
tacet,medium,shift,1,ar1-0.8,5,100,55,10000,false,0.000000,,4565,10000,Pass (P=0.0%),pass
tacet,medium,shift,1,ar1-0.8,5,100,24,10000,false,0.000000,,5572,10000,Pass (P=0.0%),pass
tacet,medium,shift,1,ar1-0.8,5,100,33,10000,false,0.000000,,2188,10000,Pass (P=0.0%),pass
tacet,medium,shift,1,ar1-0.8,5,0.4,47,10000,true,1.000000,,3140,10000,"Fail (P=100.0%, SharedHardwareOnly)",fail
tacet,medium,shift,1,ar1-0.8,5,0.4,10,10000,true,1.000000,,5299,10000,"Fail (P=100.0%, SharedHardwareOnly)",fail
tacet,medium,shift,2,iid,5,0.4,9,10000,true,1.000000,,5162,10000,"Fail (P=100.0%, Http2Multiplexing)",fail
tacet,medium,shift,1,ar1-0.8,5,0.4,57,10000,true,1.000000,,6175,10000,"Fail (P=100.0%, SharedHardwareOnly)",fail
tacet,medium,shift,1,ar1-0.8,5,100,52,10000,false,0.000000,,5948,10000,Pass (P=0.0%),pass
tacet,medium,shift,2,iid,5,100,40,10000,false,0.000000,,1020,10000,Pass (P=0.0%),pass
tacet,medium,shift,2,iid,5,100,42,10000,false,0.000000,,1020,10000,Pass (P=0.0%),pass
tacet,medium,shift,2,iid,5,0.4,40,10000,true,1.000000,,1020,10000,"Fail (P=100.0%, SharedHardwareOnly)",fail
tacet,medium,shift,2,iid,5,100,52,10000,false,0.000000,,1024,10000,Pass (P=0.0%),pass
tacet,medium,shift,2,iid,5,0.4,43,10000,true,1.000000,,1025,10000,"Fail (P=100.0%, SharedHardwareOnly)",fail
tacet,medium,shift,2,iid,5,0.4,42,10000,true,1.000000,,1031,10000,"Fail (P=100.0%, Http2Multiplexing)",fail
tacet,medium,shift,2,iid,5,100,41,10000,false,0.000000,,1039,10000,Pass (P=0.0%),pass
tacet,medium,shift,2,iid,5,0.4,46,10000,true,1.000000,,1075,10000,"Fail (P=100.0%, Http2Multiplexing)",fail
tacet,medium,shift,2,ar1-0.3,5,100,25,10000,false,0.000000,,1184,10000,Pass (P=0.0%),pass
tacet,medium,shift,2,ar1-0.3,5,0.4,8,10000,true,1.000000,,1193,10000,"Fail (P=100.0%, Http2Multiplexing)",fail
tacet,medium,shift,2,ar1-0.3,5,100,6,10000,false,0.000000,,1196,10000,Pass (P=0.0%),pass
tacet,medium,shift,2,ar1-0.6,5,100,7,10000,false,0.000000,,1199,10000,Pass (P=0.0%),pass
tacet,medium,shift,2,ar1-0.3,5,0.4,33,10000,true,1.000000,,1201,10000,"Fail (P=100.0%, Http2Multiplexing)",fail
tacet,medium,shift,2,ar1-0.3,5,0.4,26,10000,true,1.000000,,1204,10000,"Fail (P=100.0%, SharedHardwareOnly)",fail
tacet,medium,shift,2,ar1-0.3,5,100,7,10000,false,0.000000,,1206,10000,Pass (P=0.0%),pass
tacet,medium,shift,2,ar1-0.3,5,0.4,21,10000,true,1.000000,,1217,10000,"Fail (P=100.0%, SharedHardwareOnly)",fail
tacet,medium,shift,2,ar1-0.3,5,0.4,22,10000,true,1.000000,,1218,10000,"Fail (P=100.0%, Http2Multiplexing)",fail
tacet,medium,shift,2,ar1-0.3,5,0.4,55,10000,true,1.000000,,1228,10000,"Fail (P=100.0%, Http2Multiplexing)",fail
tacet,medium,shift,2,ar1-0.3,5,100,48,10000,false,0.000000,,1232,10000,Pass (P=0.0%),pass
tacet,medium,shift,2,ar1-0.3,5,0.4,5,10000,true,1.000000,,1233,10000,"Fail (P=100.0%, SharedHardwareOnly)",fail
tacet,medium,shift,2,ar1-0.3,5,100,42,10000,false,0.000000,,1236,10000,Pass (P=0.0%),pass
tacet,medium,shift,2,ar1-0.6,5,0.4,1,10000,true,1.000000,,1236,10000,"Fail (P=100.0%, Http2Multiplexing)",fail
tacet,medium,shift,2,ar1-0.3,5,0.4,7,10000,true,1.000000,,1237,10000,"Fail (P=100.0%, Http2Multiplexing)",fail
tacet,medium,shift,2,ar1-0.3,5,100,26,10000,false,0.000000,,1237,10000,Pass (P=0.0%),pass
tacet,medium,shift,2,ar1-0.3,5,100,45,10000,false,0.000000,,1239,10000,Pass (P=0.0%),pass
tacet,medium,shift,2,ar1-0.3,5,0.4,11,10000,true,1.000000,,1242,10000,"Fail (P=100.0%, SharedHardwareOnly)",fail
tacet,medium,shift,2,ar1-0.3,5,100,23,10000,false,0.000000,,1242,10000,Pass (P=0.0%),pass
tacet,medium,shift,2,ar1-0.3,5,100,17,10000,false,0.000000,,1242,10000,Pass (P=0.0%),pass
tacet,medium,shift,2,ar1-0.3,5,0.4,36,10000,true,1.000000,,1242,10000,"Fail (P=100.0%, SharedHardwareOnly)",fail
tacet,medium,shift,2,ar1-0.3,5,0.4,30,10000,true,1.000000,,1245,10000,"Fail (P=100.0%, Http2Multiplexing)",fail
tacet,medium,shift,2,ar1-0.3,5,100,20,10000,false,0.000000,,1246,10000,Pass (P=0.0%),pass
tacet,medium,shift,2,ar1-0.3,5,0.4,25,10000,true,1.000000,,1249,10000,"Fail (P=100.0%, Http2Multiplexing)",fail
tacet,medium,shift,2,iid,5,0.4,41,10000,true,1.000000,,1028,10000,"Fail (P=100.0%, SharedHardwareOnly)",fail
tacet,medium,shift,2,iid,5,100,43,10000,false,0.000000,,1034,10000,Pass (P=0.0%),pass
tacet,medium,shift,2,iid,5,0.4,53,10000,true,1.000000,,1036,10000,"Fail (P=100.0%, Http2Multiplexing)",fail
tacet,medium,shift,2,iid,5,100,46,10000,false,0.000000,,1088,10000,Pass (P=0.0%),pass
tacet,medium,shift,2,ar1-0.3,5,0.4,46,10000,true,1.000000,,1201,10000,"Fail (P=100.0%, Http2Multiplexing)",fail
tacet,medium,shift,2,ar1-0.3,5,0.4,47,10000,true,1.000000,,1207,10000,"Fail (P=100.0%, Http2Multiplexing)",fail
tacet,medium,shift,2,ar1-0.3,5,100,22,10000,false,0.000000,,1230,10000,Pass (P=0.0%),pass
tacet,medium,shift,2,ar1-0.3,5,0.4,24,10000,true,1.000000,,1228,10000,"Fail (P=100.0%, Http2Multiplexing)",fail
tacet,medium,shift,2,iid,5,100,44,10000,false,0.000000,,1070,10000,Pass (P=0.0%),pass
tacet,medium,shift,2,iid,5,100,58,10000,false,0.000000,,1072,10000,Pass (P=0.0%),pass
tacet,medium,shift,2,ar1-0.3,5,100,9,10000,false,0.000000,,1202,10000,Pass (P=0.0%),pass
tacet,medium,shift,2,ar1-0.3,5,100,8,10000,false,0.000000,,1206,10000,Pass (P=0.0%),pass
tacet,medium,shift,2,ar1-0.3,5,100,46,10000,false,0.000000,,1214,10000,Pass (P=0.0%),pass
tacet,medium,shift,2,ar1-0.6,5,0.4,8,10000,true,1.000000,,1212,10000,"Fail (P=100.0%, Http2Multiplexing)",fail
tacet,medium,shift,2,ar1-0.6,5,100,13,10000,false,0.000000,,1212,10000,Pass (P=0.0%),pass
tacet,medium,shift,2,ar1-0.3,5,100,31,10000,false,0.000000,,1210,10000,Pass (P=0.0%),pass
tacet,medium,shift,2,ar1-0.3,5,100,33,10000,false,0.000000,,1231,10000,Pass (P=0.0%),pass
tacet,medium,shift,2,ar1-0.3,5,100,21,10000,false,0.000000,,1223,10000,Pass (P=0.0%),pass
tacet,medium,shift,2,ar1-0.3,5,100,55,10000,false,0.000000,,1237,10000,Pass (P=0.0%),pass
tacet,medium,shift,2,ar1-0.3,5,100,5,10000,false,0.000000,,1244,10000,Pass (P=0.0%),pass
tacet,medium,shift,2,ar1-0.3,5,0.4,27,10000,true,1.000000,,1245,10000,"Fail (P=100.0%, SharedHardwareOnly)",fail
tacet,medium,shift,2,ar1-0.3,5,0.4,14,10000,true,1.000000,,1245,10000,"Fail (P=100.0%, SharedHardwareOnly)",fail
tacet,medium,shift,2,ar1-0.3,5,0.4,49,10000,true,1.000000,,1253,10000,"Fail (P=100.0%, Http2Multiplexing)",fail
tacet,medium,shift,2,ar1-0.6,5,100,1,10000,false,0.000000,,1252,10000,Pass (P=0.0%),pass
tacet,medium,shift,2,ar1-0.3,5,0.4,9,10000,true,1.000000,,1248,10000,"Fail (P=100.0%, SharedHardwareOnly)",fail
tacet,medium,shift,2,ar1-0.3,5,0.4,43,10000,true,1.000000,,1257,10000,"Fail (P=100.0%, Http2Multiplexing)",fail
tacet,medium,shift,2,ar1-0.3,5,0.4,18,10000,true,1.000000,,1251,10000,"Fail (P=100.0%, SharedHardwareOnly)",fail
tacet,medium,shift,2,ar1-0.3,5,100,11,10000,false,0.000000,,1254,10000,Pass (P=0.0%),pass
tacet,medium,shift,2,ar1-0.3,5,100,36,10000,false,0.000000,,1255,10000,Pass (P=0.0%),pass
tacet,medium,shift,2,ar1-0.3,5,0.4,39,10000,true,1.000000,,1251,10000,"Fail (P=100.0%, SharedHardwareOnly)",fail
tacet,medium,shift,2,ar1-0.3,5,100,30,10000,false,0.000000,,1256,10000,Pass (P=0.0%),pass
tacet,medium,shift,2,ar1-0.3,5,0.4,10,10000,true,1.000000,,1258,10000,"Fail (P=100.0%, SharedHardwareOnly)",fail
tacet,medium,shift,2,iid,5,0.4,44,10000,true,1.000000,,1035,10000,"Fail (P=100.0%, SharedHardwareOnly)",fail
tacet,medium,shift,2,iid,5,100,53,10000,false,0.000000,,1037,10000,Pass (P=0.0%),pass
tacet,medium,shift,2,iid,5,0.4,47,10000,true,1.000000,,1080,10000,"Fail (P=100.0%, SharedHardwareOnly)",fail
tacet,medium,shift,2,iid,5,100,55,10000,false,0.000000,,1038,10000,Pass (P=0.0%),pass
tacet,medium,shift,2,iid,5,0.4,45,10000,true,1.000000,,1040,10000,"Fail (P=100.0%, Http2Multiplexing)",fail
tacet,medium,shift,2,iid,5,0.4,59,10000,true,1.000000,,1075,10000,"Fail (P=100.0%, SharedHardwareOnly)",fail
tacet,medium,shift,2,ar1-0.3,5,0.4,31,10000,true,1.000000,,1341,10000,"Fail (P=100.0%, SharedHardwareOnly)",fail
tacet,medium,shift,2,ar1-0.3,5,100,47,10000,false,0.000000,,1213,10000,Pass (P=0.0%),pass
tacet,medium,shift,2,ar1-0.3,5,0.4,23,10000,true,1.000000,,1227,10000,"Fail (P=100.0%, Http2Multiplexing)",fail
tacet,medium,shift,2,ar1-0.3,5,100,24,10000,false,0.000000,,1231,10000,Pass (P=0.0%),pass
tacet,medium,shift,2,ar1-0.3,5,0.4,6,10000,true,1.000000,,1043,10000,"Fail (P=100.0%, Http2Multiplexing)",fail
tacet,medium,shift,2,ar1-0.3,5,0.4,58,10000,true,1.000000,,1208,10000,"Fail (P=100.0%, Http2Multiplexing)",fail
tacet,medium,shift,2,ar1-0.3,5,0.4,28,10000,true,1.000000,,1206,10000,"Fail (P=100.0%, SharedHardwareOnly)",fail
tacet,medium,shift,2,ar1-0.6,5,100,8,10000,false,0.000000,,1212,10000,Pass (P=0.0%),pass
tacet,medium,shift,2,ar1-0.6,5,0.4,14,10000,true,1.000000,,1218,10000,"Fail (P=100.0%, SharedHardwareOnly)",fail
tacet,medium,shift,2,ar1-0.3,5,0.4,32,10000,true,1.000000,,1221,10000,"Fail (P=100.0%, SharedHardwareOnly)",fail
tacet,medium,shift,2,ar1-0.3,5,0.4,34,10000,true,1.000000,,1228,10000,"Fail (P=100.0%, SharedHardwareOnly)",fail
tacet,medium,shift,2,ar1-0.3,5,0.4,38,10000,true,1.000000,,1227,10000,"Fail (P=100.0%, SharedHardwareOnly)",fail
tacet,medium,shift,2,ar1-0.3,5,0.4,56,10000,true,1.000000,,1236,10000,"Fail (P=100.0%, Http2Multiplexing)",fail
tacet,medium,shift,2,ar1-0.3,5,100,27,10000,false,0.000000,,1247,10000,Pass (P=0.0%),pass
tacet,medium,shift,2,ar1-0.3,5,100,14,10000,false,0.000000,,1248,10000,Pass (P=0.0%),pass
tacet,medium,shift,2,ar1-0.3,5,100,49,10000,false,0.000000,,1249,10000,Pass (P=0.0%),pass
tacet,medium,shift,2,ar1-0.6,5,0.4,2,10000,true,1.000000,,1248,10000,"Fail (P=100.0%, SharedHardwareOnly)",fail
tacet,medium,shift,2,ar1-0.3,5,100,18,10000,false,0.000000,,1252,10000,Pass (P=0.0%),pass
tacet,medium,shift,2,ar1-0.3,5,100,43,10000,false,0.000000,,1254,10000,Pass (P=0.0%),pass
tacet,medium,shift,2,ar1-0.3,5,0.4,37,10000,true,1.000000,,1253,10000,"Fail (P=100.0%, SharedHardwareOnly)",fail
tacet,medium,shift,2,ar1-0.3,5,100,39,10000,false,0.000000,,1255,10000,Pass (P=0.0%),pass
tacet,medium,shift,2,ar1-0.3,5,0.4,12,10000,true,1.000000,,1264,10000,"Fail (P=100.0%, SharedHardwareOnly)",fail
tacet,medium,shift,2,ar1-0.3,5,100,12,10000,false,0.000000,,1259,10000,Pass (P=0.0%),pass
tacet,medium,shift,2,ar1-0.3,5,100,10,10000,false,0.000000,,1256,10000,Pass (P=0.0%),pass
tacet,medium,shift,2,ar1-0.6,5,0.4,4,10000,true,1.000000,,1251,10000,"Fail (P=100.0%, SharedHardwareOnly)",fail
tacet,medium,shift,2,ar1-0.3,5,100,15,10000,false,0.000000,,1218,10000,Pass (P=0.0%),pass
tacet,medium,shift,2,iid,5,0.4,57,10000,true,1.000000,,1034,10000,"Fail (P=100.0%, SharedHardwareOnly)",fail
tacet,medium,shift,2,iid,5,0.4,54,10000,true,1.000000,,1037,10000,"Fail (P=100.0%, Http2Multiplexing)",fail
tacet,medium,shift,2,iid,5,0.4,56,10000,true,1.000000,,1041,10000,"Fail (P=100.0%, SharedHardwareOnly)",fail
tacet,medium,shift,2,iid,5,100,47,10000,false,0.000000,,1072,10000,Pass (P=0.0%),pass
tacet,medium,shift,2,iid,5,100,45,10000,false,0.000000,,1040,10000,Pass (P=0.0%),pass
tacet,medium,shift,2,iid,5,100,59,10000,false,0.000000,,1076,10000,Pass (P=0.0%),pass
tacet,medium,shift,2,ar1-0.3,5,100,51,10000,false,0.000000,,1204,10000,Pass (P=0.0%),pass
tacet,medium,shift,2,ar1-0.3,5,100,38,10000,false,0.000000,,1215,10000,Pass (P=0.0%),pass
tacet,medium,shift,2,ar1-0.3,5,0.4,19,10000,true,1.000000,,1242,10000,"Fail (P=100.0%, SharedHardwareOnly)",fail
tacet,medium,shift,2,ar1-0.3,5,100,58,10000,false,0.000000,,1208,10000,Pass (P=0.0%),pass
tacet,medium,shift,2,ar1-0.3,5,100,28,10000,false,0.000000,,1206,10000,Pass (P=0.0%),pass
tacet,medium,shift,2,ar1-0.6,5,0.4,9,10000,true,1.000000,,1209,10000,"Fail (P=100.0%, SharedHardwareOnly)",fail
tacet,medium,shift,2,iid,5,0.4,49,10000,true,1.000000,,1075,10000,"Fail (P=100.0%, Http2Multiplexing)",fail
tacet,medium,shift,2,ar1-0.6,5,100,14,10000,false,0.000000,,1212,10000,Pass (P=0.0%),pass
tacet,medium,shift,2,ar1-0.3,5,100,32,10000,false,0.000000,,1219,10000,Pass (P=0.0%),pass
tacet,medium,shift,2,ar1-0.3,5,100,34,10000,false,0.000000,,1221,10000,Pass (P=0.0%),pass
tacet,medium,shift,2,ar1-0.3,5,0.4,53,10000,true,1.000000,,1237,10000,"Fail (P=100.0%, SharedHardwareOnly)",fail
tacet,medium,shift,2,ar1-0.3,5,100,56,10000,false,0.000000,,1229,10000,Pass (P=0.0%),pass
tacet,medium,shift,2,ar1-0.3,5,0.4,35,10000,true,1.000000,,1217,10000,"Fail (P=100.0%, SharedHardwareOnly)",fail
tacet,medium,shift,2,ar1-0.6,5,100,2,10000,false,0.000000,,1242,10000,Pass (P=0.0%),pass
tacet,medium,shift,2,ar1-0.3,5,0.4,50,10000,true,1.000000,,1249,10000,"Fail (P=100.0%, Http2Multiplexing)",fail
tacet,medium,shift,2,ar1-0.3,5,0.4,15,10000,true,1.000000,,1254,10000,"Fail (P=100.0%, SharedHardwareOnly)",fail
tacet,medium,shift,2,ar1-0.3,5,0.4,29,10000,true,1.000000,,1261,10000,"Fail (P=100.0%, Http2Multiplexing)",fail
tacet,medium,shift,2,ar1-0.3,5,100,59,10000,false,0.000000,,1246,10000,Pass (P=0.0%),pass
tacet,medium,shift,2,ar1-0.3,5,0.4,44,10000,true,1.000000,,1260,10000,"Fail (P=100.0%, Http2Multiplexing)",fail
tacet,medium,shift,2,ar1-0.3,5,0.4,40,10000,true,1.000000,,1257,10000,"Fail (P=100.0%, Http2Multiplexing)",fail
tacet,medium,shift,2,ar1-0.3,5,100,40,10000,false,0.000000,,1237,10000,Pass (P=0.0%),pass
tacet,medium,shift,2,ar1-0.3,5,0.4,54,10000,true,1.000000,,1256,10000,"Fail (P=100.0%, SharedHardwareOnly)",fail
tacet,medium,shift,2,ar1-0.3,5,0.4,57,10000,true,1.000000,,1270,10000,"Fail (P=100.0%, Http2Multiplexing)",fail
tacet,medium,shift,2,ar1-0.3,5,0.4,13,10000,true,1.000000,,1258,10000,"Fail (P=100.0%, SharedHardwareOnly)",fail
tacet,medium,shift,2,iid,5,100,57,10000,false,0.000000,,1041,10000,Pass (P=0.0%),pass
tacet,medium,shift,2,iid,5,100,54,10000,false,0.000000,,1038,10000,Pass (P=0.0%),pass
tacet,medium,shift,2,ar1-0.6,5,100,4,10000,false,0.000000,,1258,10000,Pass (P=0.0%),pass
tacet,medium,shift,2,ar1-0.3,5,0.4,16,10000,true,1.000000,,1227,10000,"Fail (P=100.0%, SharedHardwareOnly)",fail
tacet,medium,shift,2,iid,5,100,56,10000,false,0.000000,,1044,10000,Pass (P=0.0%),pass
tacet,medium,shift,2,iid,5,0.4,48,10000,true,1.000000,,1075,10000,"Fail (P=100.0%, Http2Multiplexing)",fail
tacet,medium,shift,2,ar1-0.3,5,100,13,10000,false,0.000000,,1217,10000,Pass (P=0.0%),pass
tacet,medium,shift,2,ar1-0.3,5,0.4,0,10000,true,1.000000,,1249,10000,"Fail (P=100.0%, SharedHardwareOnly)",fail
tacet,medium,shift,2,ar1-0.3,5,0.4,52,10000,true,1.000000,,1209,10000,"Fail (P=100.0%, SharedHardwareOnly)",fail
tacet,medium,shift,2,iid,5,100,49,10000,false,0.000000,,1076,10000,Pass (P=0.0%),pass
tacet,medium,shift,2,ar1-0.3,5,100,16,10000,false,0.000000,,1212,10000,Pass (P=0.0%),pass
tacet,medium,shift,2,iid,5,0.4,55,10000,true,1.000000,,1044,10000,"Fail (P=100.0%, SharedHardwareOnly)",fail
tacet,medium,shift,2,ar1-0.3,5,100,19,10000,false,0.000000,,1241,10000,Pass (P=0.0%),pass
tacet,medium,shift,2,ar1-0.3,5,100,52,10000,false,0.000000,,1206,10000,Pass (P=0.0%),pass
tacet,medium,shift,2,ar1-0.6,5,100,9,10000,false,0.000000,,1210,10000,Pass (P=0.0%),pass
tacet,medium,shift,2,ar1-0.6,5,0.4,15,10000,true,1.000000,,1220,10000,"Fail (P=100.0%, SharedHardwareOnly)",fail
tacet,medium,shift,2,ar1-0.6,5,100,16,10000,false,0.000000,,1216,10000,Pass (P=0.0%),pass
tacet,medium,shift,2,ar1-0.3,5,100,29,10000,false,0.000000,,1101,10000,Pass (P=0.0%),pass
tacet,medium,shift,2,ar1-0.3,5,100,53,10000,false,0.000000,,1236,10000,Pass (P=0.0%),pass
tacet,medium,shift,2,ar1-0.3,5,100,35,10000,false,0.000000,,1223,10000,Pass (P=0.0%),pass
tacet,medium,shift,2,iid,5,0.4,58,10000,true,1.000000,,1038,10000,"Fail (P=100.0%, Http2Multiplexing)",fail
tacet,medium,shift,2,ar1-0.3,5,100,50,10000,false,0.000000,,1245,10000,Pass (P=0.0%),pass
tacet,medium,shift,2,ar1-0.6,5,0.4,0,10000,true,1.000000,,1235,10000,"Fail (P=100.0%, SharedHardwareOnly)",fail
tacet,medium,shift,2,ar1-0.3,5,0.4,41,10000,true,1.000000,,1234,10000,"Fail (P=100.0%, SharedHardwareOnly)",fail
tacet,medium,shift,2,ar1-0.3,5,100,54,10000,false,0.000000,,1257,10000,Pass (P=0.0%),pass
tacet,medium,shift,2,ar1-0.3,5,0.4,45,10000,true,1.000000,,1258,10000,"Fail (P=100.0%, Http2Multiplexing)",fail
tacet,medium,shift,2,ar1-0.3,5,100,57,10000,false,0.000000,,1351,10000,Pass (P=0.0%),pass
tacet,medium,shift,2,ar1-0.6,5,0.4,5,10000,true,1.000000,,1251,10000,"Fail (P=100.0%, SharedHardwareOnly)",fail
tacet,medium,shift,2,iid,5,100,50,10000,false,0.000000,,1037,10000,Pass (P=0.0%),pass
tacet,medium,shift,2,ar1-0.6,5,100,0,10000,false,0.000000,,1024,10000,Pass (P=0.0%),pass
tacet,medium,shift,2,ar1-0.3,5,100,41,10000,false,0.000000,,1212,10000,Pass (P=0.0%),pass
tacet,medium,shift,2,ar1-0.3,5,100,1,10000,false,0.000000,,1233,10000,Pass (P=0.0%),pass
tacet,medium,shift,2,ar1-0.3,5,0.4,48,10000,true,1.000000,,3373,10000,"Fail (P=100.0%, SharedHardwareOnly)",fail
tacet,medium,shift,2,ar1-0.3,5,100,0,10000,false,0.000000,,1168,10000,Pass (P=0.0%),pass
tacet,medium,shift,2,ar1-0.6,5,0.4,12,10000,true,1.000000,,1149,10000,"Fail (P=100.0%, SharedHardwareOnly)",fail
tacet,medium,shift,2,ar1-0.6,5,0.4,11,10000,true,1.000000,,1070,10000,"Fail (P=100.0%, SharedHardwareOnly)",fail
tacet,medium,shift,2,ar1-0.6,5,100,18,10000,false,0.000000,,1092,10000,Pass (P=0.0%),pass
tacet,medium,shift,2,ar1-0.3,5,100,2,10000,false,0.000000,,567,10000,Pass (P=0.0%),pass
tacet,medium,shift,2,ar1-0.3,5,0.4,4,10000,true,1.000000,,820,10000,"Fail (P=100.0%, SharedHardwareOnly)",fail
tacet,medium,shift,2,ar1-0.6,5,100,15,10000,false,0.000000,,1061,10000,Pass (P=0.0%),pass
tacet,medium,shift,2,ar1-0.3,5,100,3,10000,false,0.000000,,802,10000,Pass (P=0.0%),pass
tacet,medium,shift,2,ar1-0.6,5,0.4,10,10000,true,1.000000,,1103,10000,"Fail (P=100.0%, SharedHardwareOnly)",fail
tacet,medium,shift,2,ar1-0.6,5,0.4,19,10000,true,1.000000,,1418,10000,"Fail (P=100.0%, SharedHardwareOnly)",fail
tacet,medium,shift,2,ar1-0.3,5,0.4,2,10000,true,1.000000,,588,10000,"Fail (P=100.0%, SharedHardwareOnly)",fail
tacet,medium,shift,2,ar1-0.6,5,0.4,7,10000,true,1.000000,,620,10000,"Fail (P=100.0%, Http2Multiplexing)",fail
tacet,medium,shift,2,ar1-0.6,5,100,5,10000,false,0.000000,,676,10000,Pass (P=0.0%),pass
tacet,medium,shift,2,ar1-0.6,5,0.4,6,10000,true,1.000000,,608,10000,"Fail (P=100.0%, Http2Multiplexing)",fail
tacet,medium,shift,2,ar1-0.6,5,100,6,10000,false,0.000000,,637,10000,Pass (P=0.0%),pass
tacet,medium,shift,2,ar1-0.6,5,100,12,10000,false,0.000000,,1100,10000,Pass (P=0.0%),pass
tacet,medium,shift,2,ar1-0.3,5,0.4,1,10000,true,1.000000,,1135,10000,"Fail (P=100.0%, Http2Multiplexing)",fail
tacet,medium,shift,2,ar1-0.6,5,0.4,18,10000,true,1.000000,,1997,10000,"Fail (P=100.0%, SharedHardwareOnly)",fail
tacet,medium,shift,2,ar1-0.6,5,100,19,10000,false,0.000000,,1467,10000,Pass (P=0.0%),pass
tacet,medium,shift,2,ar1-0.3,5,100,4,10000,false,0.000000,,1093,10000,Pass (P=0.0%),pass
tacet,medium,shift,2,ar1-0.6,5,0.4,13,10000,true,1.000000,,1121,10000,"Fail (P=100.0%, SharedHardwareOnly)",fail
tacet,medium,shift,2,iid,5,0.4,51,10000,true,1.000000,,1789,10000,"Fail (P=100.0%, SharedHardwareOnly)",fail
tacet,medium,shift,2,iid,5,100,51,10000,false,0.000000,,1888,10000,Pass (P=0.0%),pass
tacet,medium,shift,2,iid,5,0.4,52,10000,true,1.000000,,1554,10000,"Fail (P=100.0%, SharedHardwareOnly)",fail
tacet,medium,shift,2,ar1-0.6,5,100,17,10000,false,0.000000,,1768,10000,Pass (P=0.0%),pass
tacet,medium,shift,2,ar1-0.6,5,0.4,17,10000,true,1.000000,,1824,10000,"Fail (P=100.0%, SharedHardwareOnly)",fail
tacet,medium,shift,2,ar1-0.6,5,100,11,10000,false,0.000000,,1799,10000,Pass (P=0.0%),pass
tacet,medium,shift,2,ar1-0.3,5,0.4,3,10000,true,1.000000,,1613,10000,"Fail (P=100.0%, SharedHardwareOnly)",fail
tacet,medium,shift,2,ar1-0.6,5,0.4,16,10000,true,1.000000,,1763,10000,"Fail (P=100.0%, SharedHardwareOnly)",fail
tacet,medium,shift,2,iid,5,100,48,10000,false,0.000000,,2902,10000,Pass (P=0.0%),pass
tacet,medium,shift,2,ar1-0.3,5,0.4,59,10000,true,1.000000,,3352,10000,"Fail (P=100.0%, Http2Multiplexing)",fail
tacet,medium,shift,2,iid,5,0.4,50,10000,true,1.000000,,2665,10000,"Fail (P=100.0%, SharedHardwareOnly)",fail
tacet,medium,shift,2,ar1-0.3,5,0.4,42,10000,true,1.000000,,2418,10000,"Fail (P=100.0%, Http2Multiplexing)",fail
tacet,medium,shift,2,ar1-0.6,5,100,10,10000,false,0.000000,,2649,10000,Pass (P=0.0%),pass
tacet,medium,shift,2,ar1-0.3,5,0.4,51,10000,true,1.000000,,3520,10000,"Fail (P=100.0%, Http2Multiplexing)",fail
tacet,medium,shift,2,ar1-0.3,5,0.4,20,10000,true,1.000000,,3314,10000,"Fail (P=100.0%, Http2Multiplexing)",fail
tacet,medium,shift,2,ar1-0.6,5,0.4,3,10000,true,1.000000,,3612,10000,"Fail (P=100.0%, SharedHardwareOnly)",fail
tacet,medium,shift,2,ar1-0.3,5,0.4,17,10000,true,1.000000,,2957,10000,"Fail (P=100.0%, SharedHardwareOnly)",fail
tacet,medium,shift,2,ar1-0.6,5,100,3,10000,false,0.000000,,3314,10000,Pass (P=0.0%),pass
tacet,medium,shift,2,ar1-0.3,5,100,44,10000,false,0.000000,,3937,10000,Pass (P=0.0%),pass
tacet,medium,shift,2,ar1-0.3,5,100,37,10000,false,0.000000,,6556,10000,Pass (P=0.0%),pass
tacet,medium,shift,2,ar1-0.8,5,0.4,30,10000,true,1.000000,,1175,10000,"Fail (P=100.0%, SharedHardwareOnly)",fail
tacet,medium,shift,2,ar1-0.6,5,0.4,26,10000,true,1.000000,,1181,10000,"Fail (P=100.0%, SharedHardwareOnly)",fail
tacet,medium,shift,2,ar1-0.8,5,0.4,13,10000,true,1.000000,,1184,10000,"Fail (P=100.0%, SharedHardwareOnly)",fail
tacet,medium,shift,2,ar1-0.8,5,100,36,10000,false,0.000000,,1185,10000,Pass (P=0.0%),pass
tacet,medium,shift,2,ar1-0.8,5,100,28,10000,false,0.000000,,1194,10000,Pass (P=0.0%),pass
tacet,medium,shift,2,ar1-0.8,5,0.4,35,10000,true,1.000000,,1195,10000,"Fail (P=100.0%, SharedHardwareOnly)",fail
tacet,medium,shift,2,ar1-0.8,5,0.4,10,10000,true,1.000000,,1196,10000,"Fail (P=100.0%, SharedHardwareOnly)",fail
tacet,medium,shift,2,ar1-0.6,5,0.4,37,10000,true,1.000000,,1197,10000,"Fail (P=100.0%, SharedHardwareOnly)",fail
tacet,medium,shift,2,ar1-0.6,5,0.4,20,10000,true,1.000000,,1198,10000,"Fail (P=100.0%, Http2Multiplexing)",fail
tacet,medium,shift,2,ar1-0.6,5,100,21,10000,false,0.000000,,1201,10000,Pass (P=0.0%),pass
tacet,medium,shift,2,ar1-0.6,5,100,38,10000,false,0.000000,,1203,10000,Pass (P=0.0%),pass
tacet,medium,shift,2,ar1-0.6,5,100,57,10000,false,0.000000,,1203,10000,Pass (P=0.0%),pass
tacet,medium,shift,2,ar1-0.8,5,100,31,10000,false,0.000000,,1203,10000,Pass (P=0.0%),pass
tacet,medium,shift,2,ar1-0.8,5,0.4,41,10000,true,1.000000,,1207,10000,"Fail (P=100.0%, SharedHardwareOnly)",fail
tacet,medium,shift,2,ar1-0.6,5,0.4,48,10000,true,1.000000,,1212,10000,"Fail (P=100.0%, SharedHardwareOnly)",fail
tacet,medium,shift,2,ar1-0.6,5,0.4,51,10000,true,1.000000,,1212,10000,"Fail (P=100.0%, Http2Multiplexing)",fail
tacet,medium,shift,2,ar1-0.8,5,100,22,10000,false,0.000000,,1218,10000,Pass (P=0.0%),pass
tacet,medium,shift,2,ar1-0.8,5,100,25,10000,false,0.000000,,1223,10000,Pass (P=0.0%),pass
tacet,medium,shift,2,ar1-0.8,5,0.4,38,10000,true,1.000000,,1227,10000,"Fail (P=100.0%, SharedHardwareOnly)",fail
tacet,medium,shift,2,ar1-0.8,5,0.4,29,10000,true,1.000000,,1228,10000,"Fail (P=100.0%, Http2Multiplexing)",fail
tacet,medium,shift,2,ar1-0.8,5,100,47,10000,false,0.000000,,1229,10000,Pass (P=0.0%),pass
tacet,medium,shift,2,ar1-0.8,5,0.4,26,10000,true,1.000000,,1231,10000,"Fail (P=100.0%, SharedHardwareOnly)",fail
tacet,medium,shift,2,ar1-0.6,5,0.4,45,10000,true,1.000000,,1231,10000,"Fail (P=100.0%, Http2Multiplexing)",fail
tacet,medium,shift,2,ar1-0.8,5,100,14,10000,false,0.000000,,1232,10000,Pass (P=0.0%),pass
tacet,medium,shift,2,ar1-0.8,5,0.4,27,10000,true,1.000000,,1237,10000,"Fail (P=100.0%, SharedHardwareOnly)",fail
tacet,medium,shift,2,ar1-0.8,5,0.4,23,10000,true,1.000000,,1238,10000,"Fail (P=100.0%, Http2Multiplexing)",fail
tacet,medium,shift,2,ar1-0.8,5,0.4,16,10000,true,1.000000,,1241,10000,"Fail (P=100.0%, SharedHardwareOnly)",fail
tacet,medium,shift,2,ar1-0.6,5,100,35,10000,false,0.000000,,1242,10000,Pass (P=0.0%),pass
tacet,medium,shift,2,ar1-0.6,5,100,32,10000,false,0.000000,,1248,10000,Pass (P=0.0%),pass
tacet,medium,shift,2,ar1-0.8,5,0.4,24,10000,true,1.000000,,1252,10000,"Fail (P=100.0%, Http2Multiplexing)",fail
tacet,medium,shift,2,ar1-0.6,5,0.4,23,10000,true,1.000000,,1252,10000,"Fail (P=100.0%, Http2Multiplexing)",fail
tacet,medium,shift,2,ar1-0.6,5,100,46,10000,false,0.000000,,1254,10000,Pass (P=0.0%),pass
tacet,medium,shift,2,ar1-0.8,5,100,30,10000,false,0.000000,,1197,10000,Pass (P=0.0%),pass
tacet,medium,shift,2,ar1-0.6,5,100,26,10000,false,0.000000,,1196,10000,Pass (P=0.0%),pass
tacet,medium,shift,2,ar1-0.8,5,0.4,37,10000,true,1.000000,,1198,10000,"Fail (P=100.0%, SharedHardwareOnly)",fail
tacet,medium,shift,2,ar1-0.8,5,100,13,10000,false,0.000000,,1206,10000,Pass (P=0.0%),pass
tacet,medium,shift,2,ar1-0.6,5,100,20,10000,false,0.000000,,1200,10000,Pass (P=0.0%),pass
tacet,medium,shift,2,ar1-0.6,5,0.4,22,10000,true,1.000000,,1204,10000,"Fail (P=100.0%, Http2Multiplexing)",fail
tacet,medium,shift,2,ar1-0.6,5,100,37,10000,false,0.000000,,1204,10000,Pass (P=0.0%),pass
tacet,medium,shift,2,ar1-0.8,5,100,10,10000,false,0.000000,,1207,10000,Pass (P=0.0%),pass
tacet,medium,shift,2,ar1-0.8,5,0.4,32,10000,true,1.000000,,1206,10000,"Fail (P=100.0%, SharedHardwareOnly)",fail
tacet,medium,shift,2,ar1-0.6,5,0.4,39,10000,true,1.000000,,1207,10000,"Fail (P=100.0%, SharedHardwareOnly)",fail
tacet,medium,shift,2,ar1-0.8,5,100,26,10000,false,0.000000,,1210,10000,Pass (P=0.0%),pass
tacet,medium,shift,2,ar1-0.8,5,100,35,10000,false,0.000000,,1218,10000,Pass (P=0.0%),pass
tacet,medium,shift,2,ar1-0.8,5,100,41,10000,false,0.000000,,1212,10000,Pass (P=0.0%),pass
tacet,medium,shift,2,ar1-0.6,5,0.4,58,10000,true,1.000000,,1217,10000,"Fail (P=100.0%, Http2Multiplexing)",fail
tacet,medium,shift,2,ar1-0.6,5,100,48,10000,false,0.000000,,1215,10000,Pass (P=0.0%),pass
tacet,medium,shift,2,ar1-0.6,5,100,51,10000,false,0.000000,,1217,10000,Pass (P=0.0%),pass
tacet,medium,shift,2,ar1-0.8,5,0.4,44,10000,true,1.000000,,1237,10000,"Fail (P=100.0%, SharedHardwareOnly)",fail
tacet,medium,shift,2,ar1-0.8,5,0.4,31,10000,true,1.000000,,1239,10000,"Fail (P=100.0%, SharedHardwareOnly)",fail
tacet,medium,shift,2,ar1-0.8,5,0.4,48,10000,true,1.000000,,1234,10000,"Fail (P=100.0%, SharedHardwareOnly)",fail
tacet,medium,shift,2,ar1-0.8,5,100,38,10000,false,0.000000,,1242,10000,Pass (P=0.0%),pass
tacet,medium,shift,2,ar1-0.8,5,0.4,15,10000,true,1.000000,,1239,10000,"Fail (P=100.0%, SharedHardwareOnly)",fail
tacet,medium,shift,2,ar1-0.6,5,100,45,10000,false,0.000000,,1244,10000,Pass (P=0.0%),pass
tacet,medium,shift,2,ar1-0.8,5,100,29,10000,false,0.000000,,1252,10000,Pass (P=0.0%),pass
tacet,medium,shift,2,ar1-0.8,5,100,27,10000,false,0.000000,,1247,10000,Pass (P=0.0%),pass
tacet,medium,shift,2,ar1-0.6,5,100,41,10000,false,0.000000,,1255,10000,Pass (P=0.0%),pass
tacet,medium,shift,2,ar1-0.6,5,0.4,36,10000,true,1.000000,,1246,10000,"Fail (P=100.0%, SharedHardwareOnly)",fail
tacet,medium,shift,2,ar1-0.8,5,100,16,10000,false,0.000000,,1249,10000,Pass (P=0.0%),pass
tacet,medium,shift,2,ar1-0.8,5,100,23,10000,false,0.000000,,1264,10000,Pass (P=0.0%),pass
tacet,medium,shift,2,ar1-0.6,5,0.4,47,10000,true,1.000000,,1249,10000,"Fail (P=100.0%, Http2Multiplexing)",fail
tacet,medium,shift,2,ar1-0.6,5,100,23,10000,false,0.000000,,1259,10000,Pass (P=0.0%),pass
tacet,medium,shift,2,ar1-0.6,5,0.4,33,10000,true,1.000000,,1268,10000,"Fail (P=100.0%, Http2Multiplexing)",fail
tacet,medium,shift,2,ar1-0.8,5,100,24,10000,false,0.000000,,1270,10000,Pass (P=0.0%),pass
tacet,medium,shift,2,ar1-0.6,5,0.4,27,10000,true,1.000000,,1191,10000,"Fail (P=100.0%, SharedHardwareOnly)",fail
tacet,medium,shift,2,ar1-0.6,5,0.4,21,10000,true,1.000000,,1204,10000,"Fail (P=100.0%, SharedHardwareOnly)",fail
tacet,medium,shift,2,ar1-0.8,5,100,37,10000,false,0.000000,,1207,10000,Pass (P=0.0%),pass
tacet,medium,shift,2,ar1-0.8,5,0.4,14,10000,true,1.000000,,1206,10000,"Fail (P=100.0%, SharedHardwareOnly)",fail
tacet,medium,shift,2,ar1-0.6,5,0.4,40,10000,true,1.000000,,1201,10000,"Fail (P=100.0%, SharedHardwareOnly)",fail
tacet,medium,shift,2,ar1-0.6,5,100,22,10000,false,0.000000,,1202,10000,Pass (P=0.0%),pass
tacet,medium,shift,2,ar1-0.6,5,0.4,38,10000,true,1.000000,,1207,10000,"Fail (P=100.0%, SharedHardwareOnly)",fail
tacet,medium,shift,2,ar1-0.8,5,0.4,11,10000,true,1.000000,,1205,10000,"Fail (P=100.0%, SharedHardwareOnly)",fail
tacet,medium,shift,2,ar1-0.8,5,100,32,10000,false,0.000000,,1202,10000,Pass (P=0.0%),pass
tacet,medium,shift,2,ar1-0.6,5,100,39,10000,false,0.000000,,1209,10000,Pass (P=0.0%),pass
tacet,medium,shift,2,ar1-0.8,5,100,3,10000,false,0.000000,,1210,10000,Pass (P=0.0%),pass
tacet,medium,shift,2,ar1-0.8,5,0.4,42,10000,true,1.000000,,1206,10000,"Fail (P=100.0%, Http2Multiplexing)",fail
tacet,medium,shift,2,ar1-0.6,5,100,58,10000,false,0.000000,,1207,10000,Pass (P=0.0%),pass
tacet,medium,shift,2,ar1-0.8,5,0.4,36,10000,true,1.000000,,1217,10000,"Fail (P=100.0%, SharedHardwareOnly)",fail
tacet,medium,shift,2,ar1-0.6,5,0.4,49,10000,true,1.000000,,1216,10000,"Fail (P=100.0%, Http2Multiplexing)",fail
tacet,medium,shift,2,ar1-0.6,5,0.4,52,10000,true,1.000000,,1218,10000,"Fail (P=100.0%, SharedHardwareOnly)",fail
tacet,medium,shift,2,ar1-0.8,5,100,44,10000,false,0.000000,,1242,10000,Pass (P=0.0%),pass
tacet,medium,shift,2,ar1-0.8,5,100,15,10000,false,0.000000,,1228,10000,Pass (P=0.0%),pass
tacet,medium,shift,2,ar1-0.8,5,100,6,10000,false,0.000000,,1237,10000,Pass (P=0.0%),pass
tacet,medium,shift,2,ar1-0.8,5,100,48,10000,false,0.000000,,1246,10000,Pass (P=0.0%),pass
tacet,medium,shift,2,ar1-0.6,5,0.4,46,10000,true,1.000000,,1238,10000,"Fail (P=100.0%, Http2Multiplexing)",fail
tacet,medium,shift,2,ar1-0.8,5,0.4,39,10000,true,1.000000,,1255,10000,"Fail (P=100.0%, SharedHardwareOnly)",fail
tacet,medium,shift,2,ar1-0.8,5,0.4,28,10000,true,1.000000,,1247,10000,"Fail (P=100.0%, SharedHardwareOnly)",fail
tacet,medium,shift,2,ar1-0.8,5,0.4,17,10000,true,1.000000,,1245,10000,"Fail (P=100.0%, SharedHardwareOnly)",fail
tacet,medium,shift,2,ar1-0.6,5,100,36,10000,false,0.000000,,1251,10000,Pass (P=0.0%),pass
tacet,medium,shift,2,ar1-0.6,5,100,49,10000,false,0.000000,,1261,10000,Pass (P=0.0%),pass
tacet,medium,shift,2,ar1-0.6,5,100,47,10000,false,0.000000,,1242,10000,Pass (P=0.0%),pass
tacet,medium,shift,2,ar1-0.6,5,0.4,42,10000,true,1.000000,,1259,10000,"Fail (P=100.0%, Http2Multiplexing)",fail
tacet,medium,shift,2,ar1-0.6,5,0.4,24,10000,true,1.000000,,1246,10000,"Fail (P=100.0%, Http2Multiplexing)",fail
tacet,medium,shift,2,ar1-0.8,5,100,0,10000,false,0.000000,,1257,10000,Pass (P=0.0%),pass
tacet,medium,shift,2,ar1-0.8,5,0.4,25,10000,true,1.000000,,1242,10000,"Fail (P=100.0%, Http2Multiplexing)",fail
tacet,medium,shift,2,ar1-0.6,5,100,33,10000,false,0.000000,,1258,10000,Pass (P=0.0%),pass
tacet,medium,shift,2,ar1-0.6,5,100,27,10000,false,0.000000,,1197,10000,Pass (P=0.0%),pass
tacet,medium,shift,2,ar1-0.8,5,0.4,5,10000,true,1.000000,,1201,10000,"Fail (P=100.0%, SharedHardwareOnly)",fail
tacet,medium,shift,2,ar1-0.6,5,100,25,10000,false,0.000000,,1166,10000,Pass (P=0.0%),pass
tacet,medium,shift,2,ar1-0.6,5,100,40,10000,false,0.000000,,1204,10000,Pass (P=0.0%),pass
tacet,medium,shift,2,ar1-0.8,5,100,11,10000,false,0.000000,,1212,10000,Pass (P=0.0%),pass
tacet,medium,shift,2,ar1-0.8,5,0.4,33,10000,true,1.000000,,1219,10000,"Fail (P=100.0%, Http2Multiplexing)",fail
tacet,medium,shift,2,ar1-0.6,5,100,52,10000,false,0.000000,,1223,10000,Pass (P=0.0%),pass
tacet,medium,shift,2,ar1-0.8,5,0.4,45,10000,true,1.000000,,1232,10000,"Fail (P=100.0%, SharedHardwareOnly)",fail
tacet,medium,shift,2,ar1-0.8,5,0.4,7,10000,true,1.000000,,1257,10000,"Fail (P=100.0%, Http2Multiplexing)",fail
tacet,medium,shift,2,ar1-0.8,5,0.4,49,10000,true,1.000000,,1249,10000,"Fail (P=100.0%, Http2Multiplexing)",fail
tacet,medium,shift,2,ar1-0.6,5,100,55,10000,false,0.000000,,1205,10000,Pass (P=0.0%),pass
tacet,medium,shift,2,ar1-0.6,5,100,59,10000,false,0.000000,,1211,10000,Pass (P=0.0%),pass
tacet,medium,shift,2,ar1-0.8,5,100,17,10000,false,0.000000,,1246,10000,Pass (P=0.0%),pass
tacet,medium,shift,2,ar1-0.6,5,0.4,54,10000,true,1.000000,,1242,10000,"Fail (P=100.0%, SharedHardwareOnly)",fail
tacet,medium,shift,2,ar1-0.8,5,0.4,12,10000,true,1.000000,,1207,10000,"Fail (P=100.0%, SharedHardwareOnly)",fail
tacet,medium,shift,2,ar1-0.6,5,100,50,10000,false,0.000000,,1248,10000,Pass (P=0.0%),pass
tacet,medium,shift,2,ar1-0.8,5,0.4,1,10000,true,1.000000,,1251,10000,"Fail (P=100.0%, SharedHardwareOnly)",fail
tacet,medium,shift,2,ar1-0.6,5,100,42,10000,false,0.000000,,1273,10000,Pass (P=0.0%),pass
tacet,medium,shift,2,ar1-0.8,5,100,40,10000,false,0.000000,,1244,10000,Pass (P=0.0%),pass
tacet,medium,shift,2,ar1-0.6,5,0.4,34,10000,true,1.000000,,1260,10000,"Fail (P=100.0%, SharedHardwareOnly)",fail
tacet,medium,shift,2,ar1-0.6,5,100,56,10000,false,0.000000,,1264,10000,Pass (P=0.0%),pass
tacet,medium,shift,2,ar1-0.6,5,0.4,56,10000,true,1.000000,,1208,10000,"Fail (P=100.0%, Http2Multiplexing)",fail
tacet,medium,shift,2,ar1-0.8,5,0.4,34,10000,true,1.000000,,1207,10000,"Fail (P=100.0%, SharedHardwareOnly)",fail
tacet,medium,shift,2,ar1-0.8,5,0.4,43,10000,true,1.000000,,1212,10000,"Fail (P=100.0%, Http2Multiplexing)",fail
tacet,medium,shift,2,ar1-0.8,5,0.4,2,10000,true,1.000000,,1241,10000,"Fail (P=100.0%, SharedHardwareOnly)",fail
tacet,medium,shift,2,ar1-0.8,5,0.4,8,10000,true,1.000000,,1201,10000,"Fail (P=100.0%, Http2Multiplexing)",fail
tacet,medium,shift,2,ar1-0.6,5,100,34,10000,false,0.000000,,1214,10000,Pass (P=0.0%),pass
tacet,medium,shift,2,ar1-0.6,5,100,54,10000,false,0.000000,,1248,10000,Pass (P=0.0%),pass
tacet,medium,shift,2,ar1-0.8,5,0.4,19,10000,true,1.000000,,1212,10000,"Fail (P=100.0%, SharedHardwareOnly)",fail
tacet,medium,shift,2,ar1-0.6,5,0.4,53,10000,true,1.000000,,1249,10000,"Fail (P=100.0%, SharedHardwareOnly)",fail
tacet,medium,shift,2,ar1-0.8,5,100,2,10000,false,0.000000,,1217,10000,Pass (P=0.0%),pass
tacet,medium,shift,2,ar1-0.8,5,100,5,10000,false,0.000000,,1245,10000,Pass (P=0.0%),pass
tacet,medium,shift,2,ar1-0.8,5,0.4,40,10000,true,1.000000,,2112,10000,"Fail (P=100.0%, SharedHardwareOnly)",fail
tacet,medium,shift,2,ar1-0.8,5,100,33,10000,false,0.000000,,1112,10000,Pass (P=0.0%),pass
tacet,medium,shift,2,ar1-0.6,5,0.4,28,10000,true,1.000000,,1205,10000,"Fail (P=100.0%, SharedHardwareOnly)",fail
tacet,medium,shift,2,ar1-0.6,5,0.4,41,10000,true,1.000000,,1209,10000,"Fail (P=100.0%, SharedHardwareOnly)",fail
tacet,medium,shift,2,ar1-0.6,5,0.4,29,10000,true,1.000000,,1226,10000,"Fail (P=100.0%, Http2Multiplexing)",fail
tacet,medium,shift,2,ar1-0.8,5,0.4,18,10000,true,1.000000,,1206,10000,"Fail (P=100.0%, SharedHardwareOnly)",fail
tacet,medium,shift,2,ar1-0.8,5,100,45,10000,false,0.000000,,1232,10000,Pass (P=0.0%),pass
tacet,medium,shift,2,ar1-0.8,5,0.4,0,10000,true,1.000000,,1368,10000,"Fail (P=100.0%, SharedHardwareOnly)",fail
tacet,medium,shift,2,ar1-0.8,5,100,53,10000,false,0.000000,,1218,10000,Pass (P=0.0%),pass
tacet,medium,shift,2,ar1-0.8,5,100,49,10000,false,0.000000,,1236,10000,Pass (P=0.0%),pass
tacet,medium,shift,2,ar1-0.8,5,100,34,10000,false,0.000000,,1428,10000,Pass (P=0.0%),pass
tacet,medium,shift,2,ar1-0.8,5,0.4,3,10000,true,1.000000,,1257,10000,"Fail (P=100.0%, SharedHardwareOnly)",fail
tacet,medium,shift,2,ar1-0.6,5,0.4,43,10000,true,1.000000,,1259,10000,"Fail (P=100.0%, Http2Multiplexing)",fail
tacet,medium,shift,2,ar1-0.8,5,100,8,10000,false,0.000000,,1210,10000,Pass (P=0.0%),pass
tacet,medium,shift,2,ar1-0.8,5,100,18,10000,false,0.000000,,1196,10000,Pass (P=0.0%),pass
tacet,medium,shift,2,ar1-0.8,5,100,19,10000,false,0.000000,,1205,10000,Pass (P=0.0%),pass
tacet,medium,shift,2,ar1-0.8,5,100,20,10000,false,0.000000,,1249,10000,Pass (P=0.0%),pass
tacet,medium,shift,2,ar1-0.6,5,100,29,10000,false,0.000000,,1241,10000,Pass (P=0.0%),pass
tacet,medium,shift,2,ar1-0.6,5,100,44,10000,false,0.000000,,1276,10000,Pass (P=0.0%),pass
tacet,medium,shift,2,ar1-0.6,5,0.4,31,10000,true,1.000000,,1330,10000,"Fail (P=100.0%, SharedHardwareOnly)",fail
tacet,medium,shift,2,ar1-0.8,5,100,58,10000,false,0.000000,,606,10000,Pass (P=0.0%),pass
tacet,medium,shift,2,ar1-0.8,5,100,57,10000,false,0.000000,,582,10000,Pass (P=0.0%),pass
tacet,medium,shift,2,ar1-0.8,5,0.4,58,10000,true,1.000000,,840,10000,"Fail (P=100.0%, Http2Multiplexing)",fail
tacet,medium,shift,2,ar1-0.8,5,0.4,57,10000,true,1.000000,,649,10000,"Fail (P=100.0%, SharedHardwareOnly)",fail
tacet,medium,shift,2,ar1-0.8,5,0.4,59,10000,true,1.000000,,670,10000,"Fail (P=100.0%, SharedHardwareOnly)",fail
tacet,medium,shift,2,ar1-0.8,5,100,54,10000,false,0.000000,,697,10000,Pass (P=0.0%),pass
tacet,medium,shift,2,ar1-0.8,5,100,55,10000,false,0.000000,,718,10000,Pass (P=0.0%),pass
tacet,medium,shift,2,ar1-0.8,5,100,59,10000,false,0.000000,,639,10000,Pass (P=0.0%),pass
tacet,medium,shift,2,ar1-0.8,5,0.4,56,10000,true,1.000000,,650,10000,"Fail (P=100.0%, Http2Multiplexing)",fail
tacet,medium,shift,2,ar1-0.8,5,100,56,10000,false,0.000000,,891,10000,Pass (P=0.0%),pass
tacet,medium,shift,2,ar1-0.8,5,100,1,10000,false,0.000000,,2110,10000,Pass (P=0.0%),pass
tacet,medium,shift,2,ar1-0.8,5,100,43,10000,false,0.000000,,1988,10000,Pass (P=0.0%),pass
tacet,medium,shift,2,ar1-0.8,5,0.4,22,10000,true,1.000000,,1505,10000,"Fail (P=100.0%, Http2Multiplexing)",fail
tacet,medium,shift,2,ar1-0.8,5,0.4,54,10000,true,1.000000,,1225,10000,"Fail (P=100.0%, SharedHardwareOnly)",fail
tacet,medium,shift,2,ar1-0.8,5,0.4,47,10000,true,1.000000,,1926,10000,"Fail (P=100.0%, Http2Multiplexing)",fail
tacet,medium,shift,2,ar1-0.8,5,0.4,55,10000,true,1.000000,,1108,10000,"Fail (P=100.0%, SharedHardwareOnly)",fail
tacet,medium,shift,2,ar1-0.8,5,100,51,10000,false,0.000000,,1368,10000,Pass (P=0.0%),pass
tacet,medium,shift,2,ar1-0.8,5,0.4,20,10000,true,1.000000,,1227,10000,"Fail (P=100.0%, Http2Multiplexing)",fail
tacet,medium,shift,2,ar1-0.8,5,100,21,10000,false,0.000000,,1528,10000,Pass (P=0.0%),pass
tacet,medium,shift,2,ar1-0.8,5,100,9,10000,false,0.000000,,1342,10000,Pass (P=0.0%),pass
tacet,medium,shift,2,ar1-0.8,5,0.4,46,10000,true,1.000000,,1466,10000,"Fail (P=100.0%, Http2Multiplexing)",fail
tacet,medium,shift,2,ar1-0.8,5,0.4,50,10000,true,1.000000,,1228,10000,"Fail (P=100.0%, Http2Multiplexing)",fail
tacet,medium,shift,2,ar1-0.8,5,0.4,9,10000,true,1.000000,,1422,10000,"Fail (P=100.0%, SharedHardwareOnly)",fail
tacet,medium,shift,2,ar1-0.8,5,0.4,21,10000,true,1.000000,,1514,10000,"Fail (P=100.0%, SharedHardwareOnly)",fail
tacet,medium,shift,2,ar1-0.8,5,100,52,10000,false,0.000000,,1993,10000,Pass (P=0.0%),pass
tacet,medium,shift,2,ar1-0.6,5,0.4,59,10000,true,1.000000,,4000,10000,"Fail (P=100.0%, Http2Multiplexing)",fail
tacet,medium,shift,2,ar1-0.6,5,100,28,10000,false,0.000000,,1814,10000,Pass (P=0.0%),pass
tacet,medium,shift,2,ar1-0.6,5,0.4,30,10000,true,1.000000,,1632,10000,"Fail (P=100.0%, Http2Multiplexing)",fail
tacet,medium,shift,2,ar1-0.6,5,100,43,10000,false,0.000000,,1755,10000,Pass (P=0.0%),pass
tacet,medium,shift,2,ar1-0.6,5,100,31,10000,false,0.000000,,2325,10000,Pass (P=0.0%),pass
tacet,medium,shift,2,ar1-0.6,5,0.4,32,10000,true,1.000000,,2061,10000,"Fail (P=100.0%, SharedHardwareOnly)",fail
tacet,medium,shift,2,ar1-0.8,5,0.4,51,10000,true,1.000000,,2239,10000,"Fail (P=100.0%, Http2Multiplexing)",fail
tacet,medium,shift,2,ar1-0.8,5,100,50,10000,false,0.000000,,2453,10000,Pass (P=0.0%),pass
tacet,medium,shift,2,ar1-0.6,5,0.4,44,10000,true,1.000000,,2364,10000,"Fail (P=100.0%, Http2Multiplexing)",fail
tacet,medium,shift,2,ar1-0.6,5,100,30,10000,false,0.000000,,2463,10000,Pass (P=0.0%),pass
tacet,medium,shift,2,ar1-0.8,5,0.4,4,10000,true,1.000000,,4184,10000,"Fail (P=100.0%, SharedHardwareOnly)",fail
tacet,medium,shift,2,ar1-0.6,5,0.4,57,10000,true,1.000000,,2659,10000,"Fail (P=100.0%, SharedHardwareOnly)",fail
tacet,medium,shift,2,ar1-0.8,5,100,46,10000,false,0.000000,,2363,10000,Pass (P=0.0%),pass
tacet,medium,shift,2,ar1-0.8,5,100,39,10000,false,0.000000,,4264,10000,Pass (P=0.0%),pass
tacet,medium,shift,2,ar1-0.8,5,0.4,53,10000,true,1.000000,,2556,10000,"Fail (P=100.0%, SharedHardwareOnly)",fail
tacet,medium,shift,2,ar1-0.6,5,0.4,55,10000,true,1.000000,,2949,10000,"Fail (P=100.0%, SharedHardwareOnly)",fail
tacet,medium,shift,2,ar1-0.8,5,0.4,52,10000,true,1.000000,,2765,10000,"Fail (P=100.0%, SharedHardwareOnly)",fail
tacet,medium,shift,2,ar1-0.6,5,0.4,35,10000,true,1.000000,,3157,10000,"Fail (P=100.0%, SharedHardwareOnly)",fail
tacet,medium,shift,2,ar1-0.8,5,0.4,6,10000,true,1.000000,,2907,10000,"Fail (P=100.0%, Http2Multiplexing)",fail
tacet,medium,shift,2,ar1-0.6,5,100,53,10000,false,0.000000,,3136,10000,Pass (P=0.0%),pass
tacet,medium,shift,2,ar1-0.6,5,100,24,10000,false,0.000000,,4573,10000,Pass (P=0.0%),pass
tacet,medium,shift,2,ar1-0.8,5,100,12,10000,false,0.000000,,3194,10000,Pass (P=0.0%),pass
tacet,medium,shift,2,ar1-0.6,5,0.4,50,10000,true,1.000000,,4766,10000,"Fail (P=100.0%, Http2Multiplexing)",fail
tacet,medium,shift,2,ar1-0.8,5,100,4,10000,false,0.000000,,4794,10000,Pass (P=0.0%),pass
tacet,medium,shift,2,ar1-0.8,5,100,42,10000,false,0.000000,,4888,10000,Pass (P=0.0%),pass
tacet,medium,shift,2,ar1-0.8,5,100,7,10000,false,0.000000,,3574,10000,Pass (P=0.0%),pass
tacet,medium,shift,2,ar1-0.6,5,0.4,25,10000,true,1.000000,,5239,10000,"Fail (P=100.0%, Http2Multiplexing)",fail
tacet,medium,shift,4,iid,5,100,8,10000,false,0.000000,,1024,10000,Pass (P=0.0%),pass
tacet,medium,shift,4,iid,5,100,50,10000,false,0.000000,,1029,10000,Pass (P=0.0%),pass
tacet,medium,shift,4,iid,5,0.4,1,10000,true,1.000000,,1029,10000,"Fail (P=100.0%, Http2Multiplexing)",fail
tacet,medium,shift,4,iid,5,100,1,10000,false,0.000000,,1034,10000,Pass (P=0.0%),pass
tacet,medium,shift,4,iid,5,100,10,10000,false,0.000000,,1036,10000,Pass (P=0.0%),pass
tacet,medium,shift,4,iid,5,0.4,6,10000,true,1.000000,,1045,10000,"Fail (P=100.0%, Http2Multiplexing)",fail
tacet,medium,shift,4,iid,5,0.4,2,10000,true,1.000000,,1049,10000,"Fail (P=100.0%, Http2Multiplexing)",fail
tacet,medium,shift,4,iid,5,100,0,10000,false,0.000000,,1050,10000,Pass (P=0.0%),pass
tacet,medium,shift,4,iid,5,0.4,50,10000,true,1.000000,,1052,10000,"Fail (P=100.0%, Http2Multiplexing)",fail
tacet,medium,shift,4,iid,5,0.4,56,10000,true,1.000000,,1052,10000,"Fail (P=100.0%, Http2Multiplexing)",fail
tacet,medium,shift,4,iid,5,0.4,0,10000,true,1.000000,,1052,10000,"Fail (P=100.0%, Http2Multiplexing)",fail
tacet,medium,shift,4,iid,5,0.4,8,10000,true,1.000000,,1066,10000,"Fail (P=100.0%, Http2Multiplexing)",fail
tacet,medium,shift,4,iid,5,100,11,10000,false,0.000000,,1069,10000,Pass (P=0.0%),pass
tacet,medium,shift,4,iid,5,0.4,3,10000,true,1.000000,,1072,10000,"Fail (P=100.0%, Http2Multiplexing)",fail
tacet,medium,shift,4,iid,5,100,9,10000,false,0.000000,,1074,10000,Pass (P=0.0%),pass
tacet,medium,shift,4,iid,5,100,51,10000,false,0.000000,,1082,10000,Pass (P=0.0%),pass
tacet,medium,shift,4,iid,5,0.4,9,10000,true,1.000000,,1082,10000,"Fail (P=100.0%, Http2Multiplexing)",fail
tacet,medium,shift,4,iid,5,0.4,25,10000,true,1.000000,,1083,10000,"Fail (P=100.0%, Http2Multiplexing)",fail
tacet,medium,shift,4,iid,5,0.4,11,10000,true,1.000000,,1088,10000,"Fail (P=100.0%, Http2Multiplexing)",fail
tacet,medium,shift,4,iid,5,0.4,52,10000,true,1.000000,,1091,10000,"Fail (P=100.0%, Http2Multiplexing)",fail
tacet,medium,shift,4,iid,5,100,7,10000,false,0.000000,,1091,10000,Pass (P=0.0%),pass
tacet,medium,shift,4,iid,5,100,12,10000,false,0.000000,,1092,10000,Pass (P=0.0%),pass
tacet,medium,shift,4,iid,5,0.4,12,10000,true,1.000000,,1092,10000,"Fail (P=100.0%, Http2Multiplexing)",fail
tacet,medium,shift,4,iid,5,0.4,53,10000,true,1.000000,,1093,10000,"Fail (P=100.0%, Http2Multiplexing)",fail
tacet,medium,shift,4,ar1-0.3,5,0.4,18,10000,true,1.000000,,1214,10000,"Fail (P=100.0%, Http2Multiplexing)",fail
tacet,medium,shift,4,ar1-0.3,5,100,22,10000,false,0.000000,,1216,10000,Pass (P=0.0%),pass
tacet,medium,shift,4,ar1-0.3,5,100,2,10000,false,0.000000,,1222,10000,Pass (P=0.0%),pass
tacet,medium,shift,4,ar1-0.3,5,0.4,15,10000,true,1.000000,,1224,10000,"Fail (P=100.0%, Http2Multiplexing)",fail
tacet,medium,shift,4,ar1-0.3,5,100,19,10000,false,0.000000,,1226,10000,Pass (P=0.0%),pass
tacet,medium,shift,4,ar1-0.3,5,0.4,21,10000,true,1.000000,,1244,10000,"Fail (P=100.0%, Http2Multiplexing)",fail
tacet,medium,shift,4,ar1-0.3,5,100,27,10000,false,0.000000,,1251,10000,Pass (P=0.0%),pass
tacet,medium,shift,4,ar1-0.3,5,0.4,24,10000,true,1.000000,,1253,10000,"Fail (P=100.0%, Http2Multiplexing)",fail
tacet,medium,shift,4,iid,5,100,52,10000,false,0.000000,,1045,10000,Pass (P=0.0%),pass
tacet,medium,shift,4,iid,5,0.4,10,10000,true,1.000000,,1046,10000,"Fail (P=100.0%, Http2Multiplexing)",fail
tacet,medium,shift,4,iid,5,100,6,10000,false,0.000000,,1059,10000,Pass (P=0.0%),pass
tacet,medium,shift,4,iid,5,100,37,10000,false,0.000000,,1058,10000,Pass (P=0.0%),pass
tacet,medium,shift,4,iid,5,100,56,10000,false,0.000000,,1058,10000,Pass (P=0.0%),pass
tacet,medium,shift,4,iid,5,100,2,10000,false,0.000000,,1066,10000,Pass (P=0.0%),pass
tacet,medium,shift,4,iid,5,100,43,10000,false,0.000000,,1080,10000,Pass (P=0.0%),pass
tacet,medium,shift,4,iid,5,100,46,10000,false,0.000000,,1079,10000,Pass (P=0.0%),pass
tacet,medium,shift,4,iid,5,100,3,10000,false,0.000000,,1083,10000,Pass (P=0.0%),pass
tacet,medium,shift,4,iid,5,0.4,13,10000,true,1.000000,,1076,10000,"Fail (P=100.0%, Http2Multiplexing)",fail
tacet,medium,shift,4,iid,5,100,25,10000,false,0.000000,,1091,10000,Pass (P=0.0%),pass
tacet,medium,shift,4,iid,5,0.4,45,10000,true,1.000000,,1093,10000,"Fail (P=100.0%, Http2Multiplexing)",fail
tacet,medium,shift,4,iid,5,100,53,10000,false,0.000000,,1096,10000,Pass (P=0.0%),pass
tacet,medium,shift,4,ar1-0.3,5,100,25,10000,false,0.000000,,1215,10000,Pass (P=0.0%),pass
tacet,medium,shift,4,ar1-0.3,5,100,26,10000,false,0.000000,,1223,10000,Pass (P=0.0%),pass
tacet,medium,shift,4,iid,5,0.4,55,10000,true,1.000000,,1048,10000,"Fail (P=100.0%, Http2Multiplexing)",fail
tacet,medium,shift,4,ar1-0.3,5,100,21,10000,false,0.000000,,1229,10000,Pass (P=0.0%),pass
tacet,medium,shift,4,ar1-0.3,5,0.4,23,10000,true,1.000000,,1223,10000,"Fail (P=100.0%, Http2Multiplexing)",fail
tacet,medium,shift,4,iid,5,100,54,10000,false,0.000000,,1064,10000,Pass (P=0.0%),pass
tacet,medium,shift,4,iid,5,100,45,10000,false,0.000000,,1067,10000,Pass (P=0.0%),pass
tacet,medium,shift,4,ar1-0.3,5,100,16,10000,false,0.000000,,1266,10000,Pass (P=0.0%),pass
tacet,medium,shift,4,ar1-0.3,5,100,18,10000,false,0.000000,,1254,10000,Pass (P=0.0%),pass
tacet,medium,shift,4,ar1-0.3,5,100,15,10000,false,0.000000,,1269,10000,Pass (P=0.0%),pass
tacet,medium,shift,4,ar1-0.3,5,0.4,22,10000,true,1.000000,,1278,10000,"Fail (P=100.0%, Http2Multiplexing)",fail
tacet,medium,shift,4,ar1-0.3,5,100,33,10000,false,0.000000,,1282,10000,Pass (P=0.0%),pass
tacet,medium,shift,4,ar1-0.3,5,0.4,3,10000,true,1.000000,,1241,10000,"Fail (P=100.0%, Http2Multiplexing)",fail
tacet,medium,shift,4,ar1-0.3,5,0.4,20,10000,true,1.000000,,1242,10000,"Fail (P=100.0%, Http2Multiplexing)",fail
tacet,medium,shift,4,ar1-0.3,5,100,30,10000,false,0.000000,,1246,10000,Pass (P=0.0%),pass
tacet,medium,shift,4,ar1-0.3,5,0.4,28,10000,true,1.000000,,1260,10000,"Fail (P=100.0%, Http2Multiplexing)",fail
tacet,medium,shift,4,ar1-0.3,5,100,20,10000,false,0.000000,,1231,10000,Pass (P=0.0%),pass
tacet,medium,shift,4,ar1-0.3,5,100,24,10000,false,0.000000,,1266,10000,Pass (P=0.0%),pass
tacet,medium,shift,4,ar1-0.3,5,0.4,19,10000,true,1.000000,,1265,10000,"Fail (P=100.0%, Http2Multiplexing)",fail
tacet,medium,shift,4,iid,5,0.4,51,10000,true,1.000000,,2033,10000,"Fail (P=100.0%, Http2Multiplexing)",fail
tacet,medium,shift,4,iid,5,0.4,7,10000,true,1.000000,,1047,10000,"Fail (P=100.0%, Http2Multiplexing)",fail
tacet,medium,shift,4,iid,5,0.4,38,10000,true,1.000000,,1063,10000,"Fail (P=100.0%, Http2Multiplexing)",fail
tacet,medium,shift,4,iid,5,0.4,57,10000,true,1.000000,,1065,10000,"Fail (P=100.0%, Http2Multiplexing)",fail
tacet,medium,shift,4,iid,5,0.4,44,10000,true,1.000000,,1078,10000,"Fail (P=100.0%, Http2Multiplexing)",fail
tacet,medium,shift,4,iid,5,0.4,4,10000,true,1.000000,,1077,10000,"Fail (P=100.0%, Http2Multiplexing)",fail
tacet,medium,shift,4,iid,5,0.4,47,10000,true,1.000000,,1080,10000,"Fail (P=100.0%, Http2Multiplexing)",fail
tacet,medium,shift,4,iid,5,100,13,10000,false,0.000000,,1077,10000,Pass (P=0.0%),pass
tacet,medium,shift,4,iid,5,0.4,26,10000,true,1.000000,,1080,10000,"Fail (P=100.0%, Http2Multiplexing)",fail
tacet,medium,shift,4,iid,5,0.4,54,10000,true,1.000000,,1085,10000,"Fail (P=100.0%, Http2Multiplexing)",fail
tacet,medium,shift,4,ar1-0.3,5,0.4,29,10000,true,1.000000,,1226,10000,"Fail (P=100.0%, Http2Multiplexing)",fail
tacet,medium,shift,4,iid,5,100,55,10000,false,0.000000,,1050,10000,Pass (P=0.0%),pass
tacet,medium,shift,4,ar1-0.3,5,0.4,25,10000,true,1.000000,,1226,10000,"Fail (P=100.0%, Http2Multiplexing)",fail
tacet,medium,shift,4,ar1-0.3,5,100,36,10000,false,0.000000,,1223,10000,Pass (P=0.0%),pass
tacet,medium,shift,4,iid,5,0.4,46,10000,true,1.000000,,1067,10000,"Fail (P=100.0%, Http2Multiplexing)",fail
tacet,medium,shift,4,ar1-0.3,5,0.4,32,10000,true,1.000000,,1266,10000,"Fail (P=100.0%, Http2Multiplexing)",fail
tacet,medium,shift,4,ar1-0.3,5,0.4,26,10000,true,1.000000,,1223,10000,"Fail (P=100.0%, Http2Multiplexing)",fail
tacet,medium,shift,4,ar1-0.3,5,0.4,27,10000,true,1.000000,,1220,10000,"Fail (P=100.0%, Http2Multiplexing)",fail
tacet,medium,shift,4,ar1-0.3,5,0.4,38,10000,true,1.000000,,1226,10000,"Fail (P=100.0%, Http2Multiplexing)",fail
tacet,medium,shift,4,ar1-0.3,5,100,23,10000,false,0.000000,,1226,10000,Pass (P=0.0%),pass
tacet,medium,shift,4,ar1-0.3,5,100,29,10000,false,0.000000,,1246,10000,Pass (P=0.0%),pass
tacet,medium,shift,4,iid,5,0.4,59,10000,true,1.000000,,1089,10000,"Fail (P=100.0%, Http2Multiplexing)",fail
tacet,medium,shift,4,ar1-0.3,5,0.4,16,10000,true,1.000000,,1262,10000,"Fail (P=100.0%, Http2Multiplexing)",fail
tacet,medium,shift,4,ar1-0.3,5,0.4,17,10000,true,1.000000,,1283,10000,"Fail (P=100.0%, Http2Multiplexing)",fail
tacet,medium,shift,4,ar1-0.3,5,0.4,34,10000,true,1.000000,,1266,10000,"Fail (P=100.0%, Http2Multiplexing)",fail
tacet,medium,shift,4,ar1-0.3,5,100,3,10000,false,0.000000,,1232,10000,Pass (P=0.0%),pass
tacet,medium,shift,4,ar1-0.3,5,0.4,37,10000,true,1.000000,,1233,10000,"Fail (P=100.0%, Http2Multiplexing)",fail
tacet,medium,shift,4,ar1-0.3,5,0.4,31,10000,true,1.000000,,1234,10000,"Fail (P=100.0%, Http2Multiplexing)",fail
tacet,medium,shift,4,iid,5,0.4,31,10000,true,1.000000,,1077,10000,"Fail (P=100.0%, Http2Multiplexing)",fail
tacet,medium,shift,4,ar1-0.3,5,100,28,10000,false,0.000000,,1262,10000,Pass (P=0.0%),pass
tacet,medium,shift,4,ar1-0.3,5,0.4,30,10000,true,1.000000,,1256,10000,"Fail (P=100.0%, Http2Multiplexing)",fail
tacet,medium,shift,4,ar1-0.3,5,100,37,10000,false,0.000000,,1258,10000,Pass (P=0.0%),pass
tacet,medium,shift,4,iid,5,100,4,10000,false,0.000000,,1047,10000,Pass (P=0.0%),pass
tacet,medium,shift,4,iid,5,100,38,10000,false,0.000000,,1064,10000,Pass (P=0.0%),pass
tacet,medium,shift,4,iid,5,100,57,10000,false,0.000000,,1067,10000,Pass (P=0.0%),pass
tacet,medium,shift,4,ar1-0.3,5,100,32,10000,false,0.000000,,1219,10000,Pass (P=0.0%),pass
tacet,medium,shift,4,iid,5,0.4,28,10000,true,1.000000,,1089,10000,"Fail (P=100.0%, Http2Multiplexing)",fail
tacet,medium,shift,4,iid,5,0.4,14,10000,true,1.000000,,1079,10000,"Fail (P=100.0%, Http2Multiplexing)",fail
tacet,medium,shift,4,iid,5,0.4,27,10000,true,1.000000,,1048,10000,"Fail (P=100.0%, Http2Multiplexing)",fail
tacet,medium,shift,4,iid,5,0.4,34,10000,true,1.000000,,1058,10000,"Fail (P=100.0%, Http2Multiplexing)",fail
tacet,medium,shift,4,iid,5,0.4,48,10000,true,1.000000,,1048,10000,"Fail (P=100.0%, Http2Multiplexing)",fail
tacet,medium,shift,4,iid,5,100,32,10000,false,0.000000,,1087,10000,Pass (P=0.0%),pass
tacet,medium,shift,4,ar1-0.3,5,100,0,10000,false,0.000000,,1271,10000,Pass (P=0.0%),pass
tacet,medium,shift,4,ar1-0.3,5,100,17,10000,false,0.000000,,2230,10000,Pass (P=0.0%),pass
tacet,medium,shift,4,ar1-0.3,5,0.4,35,10000,true,1.000000,,1228,10000,"Fail (P=100.0%, Http2Multiplexing)",fail
tacet,medium,shift,4,iid,5,100,59,10000,false,0.000000,,1089,10000,Pass (P=0.0%),pass
tacet,medium,shift,4,iid,5,100,36,10000,false,0.000000,,1070,10000,Pass (P=0.0%),pass
tacet,medium,shift,4,iid,5,100,31,10000,false,0.000000,,1080,10000,Pass (P=0.0%),pass
tacet,medium,shift,4,ar1-0.3,5,0.4,39,10000,true,1.000000,,1230,10000,"Fail (P=100.0%, Http2Multiplexing)",fail
tacet,medium,shift,4,iid,5,100,40,10000,false,0.000000,,1085,10000,Pass (P=0.0%),pass
tacet,medium,shift,4,iid,5,0.4,33,10000,true,1.000000,,1105,10000,"Fail (P=100.0%, Http2Multiplexing)",fail
tacet,medium,shift,4,iid,5,0.4,5,10000,true,1.000000,,1092,10000,"Fail (P=100.0%, Http2Multiplexing)",fail
tacet,medium,shift,4,ar1-0.3,5,100,8,10000,false,0.000000,,1228,10000,Pass (P=0.0%),pass
tacet,medium,shift,4,iid,5,100,5,10000,false,0.000000,,1048,10000,Pass (P=0.0%),pass
tacet,medium,shift,4,ar1-0.3,5,0.4,4,10000,true,1.000000,,1241,10000,"Fail (P=100.0%, Http2Multiplexing)",fail
tacet,medium,shift,4,ar1-0.3,5,100,31,10000,false,0.000000,,1240,10000,Pass (P=0.0%),pass
tacet,medium,shift,4,iid,5,0.4,42,10000,true,1.000000,,1082,10000,"Fail (P=100.0%, Http2Multiplexing)",fail
tacet,medium,shift,4,iid,5,100,27,10000,false,0.000000,,1087,10000,Pass (P=0.0%),pass
tacet,medium,shift,4,ar1-0.3,5,100,1,10000,false,0.000000,,1228,10000,Pass (P=0.0%),pass
tacet,medium,shift,4,ar1-0.3,5,0.4,2,10000,true,1.000000,,1254,10000,"Fail (P=100.0%, Http2Multiplexing)",fail
tacet,medium,shift,4,iid,5,0.4,58,10000,true,1.000000,,1083,10000,"Fail (P=100.0%, Http2Multiplexing)",fail
tacet,medium,shift,4,iid,5,0.4,39,10000,true,1.000000,,1045,10000,"Fail (P=100.0%, Http2Multiplexing)",fail
tacet,medium,shift,4,ar1-0.3,5,0.4,1,10000,true,1.000000,,1227,10000,"Fail (P=100.0%, Http2Multiplexing)",fail
tacet,medium,shift,4,ar1-0.3,5,100,5,10000,false,0.000000,,1259,10000,Pass (P=0.0%),pass
tacet,medium,shift,4,iid,5,100,14,10000,false,0.000000,,1083,10000,Pass (P=0.0%),pass
tacet,medium,shift,4,iid,5,100,28,10000,false,0.000000,,1089,10000,Pass (P=0.0%),pass
tacet,medium,shift,4,ar1-0.3,5,100,4,10000,false,0.000000,,1220,10000,Pass (P=0.0%),pass
tacet,medium,shift,4,iid,5,100,29,10000,false,0.000000,,1089,10000,Pass (P=0.0%),pass
tacet,medium,shift,4,iid,5,100,35,10000,false,0.000000,,1981,10000,Pass (P=0.0%),pass
tacet,medium,shift,4,ar1-0.3,5,0.4,7,10000,true,1.000000,,1225,10000,"Fail (P=100.0%, Http2Multiplexing)",fail
tacet,medium,shift,4,ar1-0.3,5,0.4,33,10000,true,1.000000,,1219,10000,"Fail (P=100.0%, Http2Multiplexing)",fail
tacet,medium,shift,4,iid,5,0.4,36,10000,true,1.000000,,1919,10000,"Fail (P=100.0%, Http2Multiplexing)",fail
tacet,medium,shift,4,iid,5,100,48,10000,false,0.000000,,1045,10000,Pass (P=0.0%),pass
tacet,medium,shift,4,iid,5,0.4,35,10000,true,1.000000,,1075,10000,"Fail (P=100.0%, Http2Multiplexing)",fail
tacet,medium,shift,4,ar1-0.3,5,0.4,0,10000,true,1.000000,,1303,10000,"Fail (P=100.0%, Http2Multiplexing)",fail
tacet,medium,shift,4,iid,5,0.4,30,10000,true,1.000000,,1056,10000,"Fail (P=100.0%, Http2Multiplexing)",fail
tacet,medium,shift,4,iid,5,0.4,41,10000,true,1.000000,,1084,10000,"Fail (P=100.0%, Http2Multiplexing)",fail
tacet,medium,shift,4,iid,5,0.4,37,10000,true,1.000000,,2163,10000,"Fail (P=100.0%, Http2Multiplexing)",fail
tacet,medium,shift,4,ar1-0.3,5,100,35,10000,false,0.000000,,2377,10000,Pass (P=0.0%),pass
tacet,medium,shift,4,iid,5,100,18,10000,false,0.000000,,1083,10000,Pass (P=0.0%),pass
tacet,medium,shift,4,ar1-0.3,5,100,7,10000,false,0.000000,,1235,10000,Pass (P=0.0%),pass
tacet,medium,shift,4,ar1-0.3,5,0.4,8,10000,true,1.000000,,1262,10000,"Fail (P=100.0%, Http2Multiplexing)",fail
tacet,medium,shift,4,iid,5,100,42,10000,false,0.000000,,1081,10000,Pass (P=0.0%),pass
tacet,medium,shift,4,ar1-0.3,5,0.4,9,10000,true,1.000000,,1225,10000,"Fail (P=100.0%, Http2Multiplexing)",fail
tacet,medium,shift,4,iid,5,100,39,10000,false,0.000000,,1045,10000,Pass (P=0.0%),pass
tacet,medium,shift,4,iid,5,100,15,10000,false,0.000000,,1049,10000,Pass (P=0.0%),pass
tacet,medium,shift,4,ar1-0.3,5,100,11,10000,false,0.000000,,1216,10000,Pass (P=0.0%),pass
tacet,medium,shift,4,iid,5,0.4,17,10000,true,1.000000,,952,10000,"Fail (P=100.0%, Http2Multiplexing)",fail
tacet,medium,shift,4,iid,5,100,21,10000,false,0.000000,,988,10000,Pass (P=0.0%),pass
tacet,medium,shift,4,ar1-0.3,5,0.4,13,10000,true,1.000000,,1134,10000,"Fail (P=100.0%, Http2Multiplexing)",fail
tacet,medium,shift,4,iid,5,0.4,20,10000,true,1.000000,,1041,10000,"Fail (P=100.0%, Http2Multiplexing)",fail
tacet,medium,shift,4,iid,5,100,34,10000,false,0.000000,,2148,10000,Pass (P=0.0%),pass
tacet,medium,shift,4,iid,5,100,20,10000,false,0.000000,,1007,10000,Pass (P=0.0%),pass
tacet,medium,shift,4,iid,5,100,24,10000,false,0.000000,,502,10000,Pass (P=0.0%),pass
tacet,medium,shift,4,iid,5,100,23,10000,false,0.000000,,367,10000,Pass (P=0.0%),pass
tacet,medium,shift,4,iid,5,0.4,23,10000,true,1.000000,,617,10000,"Fail (P=100.0%, Http2Multiplexing)",fail
tacet,medium,shift,4,iid,5,0.4,19,10000,true,1.000000,,788,10000,"Fail (P=100.0%, Http2Multiplexing)",fail
tacet,medium,shift,4,ar1-0.3,5,100,13,10000,false,0.000000,,922,10000,Pass (P=0.0%),pass
tacet,medium,shift,4,iid,5,100,22,10000,false,0.000000,,871,10000,Pass (P=0.0%),pass
tacet,medium,shift,4,iid,5,0.4,22,10000,true,1.000000,,883,10000,"Fail (P=100.0%, Http2Multiplexing)",fail
tacet,medium,shift,4,iid,5,100,17,10000,false,0.000000,,910,10000,Pass (P=0.0%),pass
tacet,medium,shift,4,iid,5,100,19,10000,false,0.000000,,905,10000,Pass (P=0.0%),pass
tacet,medium,shift,4,iid,5,0.4,24,10000,true,1.000000,,899,10000,"Fail (P=100.0%, Http2Multiplexing)",fail
tacet,medium,shift,4,iid,5,0.4,18,10000,true,1.000000,,919,10000,"Fail (P=100.0%, Http2Multiplexing)",fail
tacet,medium,shift,4,ar1-0.3,5,100,14,10000,false,0.000000,,1298,10000,Pass (P=0.0%),pass
tacet,medium,shift,4,ar1-0.3,5,100,12,10000,false,0.000000,,1079,10000,Pass (P=0.0%),pass
tacet,medium,shift,4,ar1-0.3,5,100,9,10000,false,0.000000,,1457,10000,Pass (P=0.0%),pass
tacet,medium,shift,4,ar1-0.3,5,0.4,11,10000,true,1.000000,,1433,10000,"Fail (P=100.0%, Http2Multiplexing)",fail
tacet,medium,shift,4,ar1-0.3,5,0.4,10,10000,true,1.000000,,1601,10000,"Fail (P=100.0%, Http2Multiplexing)",fail
tacet,medium,shift,4,iid,5,0.4,40,10000,true,1.000000,,1621,10000,"Fail (P=100.0%, Http2Multiplexing)",fail
tacet,medium,shift,4,iid,5,0.4,49,10000,true,1.000000,,2269,10000,"Fail (P=100.0%, Http2Multiplexing)",fail
tacet,medium,shift,4,iid,5,0.4,16,10000,true,1.000000,,1712,10000,"Fail (P=100.0%, Http2Multiplexing)",fail
tacet,medium,shift,4,iid,5,0.4,21,10000,true,1.000000,,1543,10000,"Fail (P=100.0%, Http2Multiplexing)",fail
tacet,medium,shift,4,ar1-0.3,5,0.4,14,10000,true,1.000000,,1776,10000,"Fail (P=100.0%, Http2Multiplexing)",fail
tacet,medium,shift,4,ar1-0.3,5,0.4,12,10000,true,1.000000,,1506,10000,"Fail (P=100.0%, Http2Multiplexing)",fail
tacet,medium,shift,4,iid,5,100,16,10000,false,0.000000,,1651,10000,Pass (P=0.0%),pass
tacet,medium,shift,4,ar1-0.3,5,100,10,10000,false,0.000000,,1811,10000,Pass (P=0.0%),pass
tacet,medium,shift,4,iid,5,100,30,10000,false,0.000000,,2184,10000,Pass (P=0.0%),pass
tacet,medium,shift,4,iid,5,0.4,43,10000,true,1.000000,,2458,10000,"Fail (P=100.0%, Http2Multiplexing)",fail
tacet,medium,shift,4,iid,5,0.4,15,10000,true,1.000000,,2412,10000,"Fail (P=100.0%, Http2Multiplexing)",fail
tacet,medium,shift,4,ar1-0.3,5,100,39,10000,false,0.000000,,2807,10000,Pass (P=0.0%),pass
tacet,medium,shift,4,ar1-0.3,5,100,6,10000,false,0.000000,,2223,10000,Pass (P=0.0%),pass
tacet,medium,shift,4,ar1-0.3,5,0.4,5,10000,true,1.000000,,2382,10000,"Fail (P=100.0%, Http2Multiplexing)",fail
tacet,medium,shift,4,ar1-0.3,5,100,38,10000,false,0.000000,,4177,10000,Pass (P=0.0%),pass
tacet,medium,shift,4,ar1-0.3,5,0.4,6,10000,true,1.000000,,2309,10000,"Fail (P=100.0%, Http2Multiplexing)",fail
tacet,medium,shift,4,iid,5,100,49,10000,false,0.000000,,2735,10000,Pass (P=0.0%),pass
tacet,medium,shift,4,iid,5,100,58,10000,false,0.000000,,3019,10000,Pass (P=0.0%),pass
tacet,medium,shift,4,ar1-0.3,5,0.4,36,10000,true,1.000000,,4116,10000,"Fail (P=100.0%, Http2Multiplexing)",fail
tacet,medium,shift,4,iid,5,100,41,10000,false,0.000000,,2999,10000,Pass (P=0.0%),pass
tacet,medium,shift,4,iid,5,0.4,32,10000,true,1.000000,,3530,10000,"Fail (P=100.0%, Http2Multiplexing)",fail
tacet,medium,shift,4,iid,5,100,33,10000,false,0.000000,,3560,10000,Pass (P=0.0%),pass
tacet,medium,shift,4,iid,5,0.4,29,10000,true,1.000000,,3568,10000,"Fail (P=100.0%, Http2Multiplexing)",fail
tacet,medium,shift,4,iid,5,100,47,10000,false,0.000000,,5037,10000,Pass (P=0.0%),pass
tacet,medium,shift,4,iid,5,100,26,10000,false,0.000000,,5140,10000,Pass (P=0.0%),pass
tacet,medium,shift,4,iid,5,100,44,10000,false,0.000000,,5179,10000,Pass (P=0.0%),pass
tacet,medium,shift,4,ar1-0.3,5,100,34,10000,false,0.000000,,5089,10000,Pass (P=0.0%),pass
tacet,medium,shift,4,ar1-0.6,5,100,8,10000,false,0.000000,,1202,10000,Pass (P=0.0%),pass
tacet,medium,shift,4,ar1-0.8,5,100,7,10000,false,0.000000,,1204,10000,Pass (P=0.0%),pass
tacet,medium,shift,4,ar1-0.6,5,100,42,10000,false,0.000000,,1208,10000,Pass (P=0.0%),pass
tacet,medium,shift,4,ar1-0.6,5,0.4,5,10000,true,1.000000,,1209,10000,"Fail (P=100.0%, Http2Multiplexing)",fail
tacet,medium,shift,4,ar1-0.3,5,0.4,48,10000,true,1.000000,,1210,10000,"Fail (P=100.0%, Http2Multiplexing)",fail
tacet,medium,shift,4,ar1-0.6,5,0.4,39,10000,true,1.000000,,1211,10000,"Fail (P=100.0%, Http2Multiplexing)",fail
tacet,medium,shift,4,ar1-0.3,5,0.4,40,10000,true,1.000000,,1212,10000,"Fail (P=100.0%, Http2Multiplexing)",fail
tacet,medium,shift,4,ar1-0.6,5,100,9,10000,false,0.000000,,1212,10000,Pass (P=0.0%),pass
tacet,medium,shift,4,ar1-0.6,5,100,6,10000,false,0.000000,,1213,10000,Pass (P=0.0%),pass
tacet,medium,shift,4,ar1-0.6,5,100,17,10000,false,0.000000,,1215,10000,Pass (P=0.0%),pass
tacet,medium,shift,4,ar1-0.6,5,0.4,36,10000,true,1.000000,,1215,10000,"Fail (P=100.0%, Http2Multiplexing)",fail
tacet,medium,shift,4,ar1-0.3,5,100,41,10000,false,0.000000,,1217,10000,Pass (P=0.0%),pass
tacet,medium,shift,4,ar1-0.6,5,0.4,30,10000,true,1.000000,,1218,10000,"Fail (P=100.0%, Http2Multiplexing)",fail
tacet,medium,shift,4,ar1-0.3,5,100,47,10000,false,0.000000,,1221,10000,Pass (P=0.0%),pass
tacet,medium,shift,4,ar1-0.6,5,0.4,8,10000,true,1.000000,,1222,10000,"Fail (P=100.0%, Http2Multiplexing)",fail
tacet,medium,shift,4,ar1-0.3,5,0.4,43,10000,true,1.000000,,1226,10000,"Fail (P=100.0%, Http2Multiplexing)",fail
tacet,medium,shift,4,ar1-0.6,5,0.4,55,10000,true,1.000000,,1226,10000,"Fail (P=100.0%, Http2Multiplexing)",fail
tacet,medium,shift,4,ar1-0.6,5,100,31,10000,false,0.000000,,1236,10000,Pass (P=0.0%),pass
tacet,medium,shift,4,ar1-0.6,5,100,23,10000,false,0.000000,,1242,10000,Pass (P=0.0%),pass
tacet,medium,shift,4,ar1-0.6,5,100,36,10000,false,0.000000,,1242,10000,Pass (P=0.0%),pass
tacet,medium,shift,4,ar1-0.6,5,0.4,31,10000,true,1.000000,,1243,10000,"Fail (P=100.0%, Http2Multiplexing)",fail
tacet,medium,shift,4,ar1-0.3,5,0.4,46,10000,true,1.000000,,1244,10000,"Fail (P=100.0%, Http2Multiplexing)",fail
tacet,medium,shift,4,ar1-0.6,5,0.4,19,10000,true,1.000000,,1244,10000,"Fail (P=100.0%, Http2Multiplexing)",fail
tacet,medium,shift,4,ar1-0.6,5,0.4,11,10000,true,1.000000,,1247,10000,"Fail (P=100.0%, Http2Multiplexing)",fail
tacet,medium,shift,4,ar1-0.8,5,100,13,10000,false,0.000000,,1251,10000,Pass (P=0.0%),pass
tacet,medium,shift,4,ar1-0.6,5,100,30,10000,false,0.000000,,1251,10000,Pass (P=0.0%),pass
tacet,medium,shift,4,ar1-0.6,5,100,5,10000,false,0.000000,,1254,10000,Pass (P=0.0%),pass
tacet,medium,shift,4,ar1-0.6,5,100,20,10000,false,0.000000,,1257,10000,Pass (P=0.0%),pass
tacet,medium,shift,4,ar1-0.3,5,100,52,10000,false,0.000000,,1260,10000,Pass (P=0.0%),pass
tacet,medium,shift,4,ar1-0.6,5,0.4,33,10000,true,1.000000,,1262,10000,"Fail (P=100.0%, Http2Multiplexing)",fail
tacet,medium,shift,4,ar1-0.6,5,100,37,10000,false,0.000000,,1274,10000,Pass (P=0.0%),pass
tacet,medium,shift,4,ar1-0.3,5,0.4,49,10000,true,1.000000,,1277,10000,"Fail (P=100.0%, Http2Multiplexing)",fail
tacet,medium,shift,4,ar1-0.8,5,0.4,8,10000,true,1.000000,,1205,10000,"Fail (P=100.0%, Http2Multiplexing)",fail
tacet,medium,shift,4,ar1-0.6,5,0.4,9,10000,true,1.000000,,1217,10000,"Fail (P=100.0%, Http2Multiplexing)",fail
tacet,medium,shift,4,ar1-0.6,5,0.4,7,10000,true,1.000000,,1221,10000,"Fail (P=100.0%, Http2Multiplexing)",fail
tacet,medium,shift,4,ar1-0.6,5,0.4,32,10000,true,1.000000,,1225,10000,"Fail (P=100.0%, Http2Multiplexing)",fail
tacet,medium,shift,4,ar1-0.6,5,0.4,10,10000,true,1.000000,,1228,10000,"Fail (P=100.0%, Http2Multiplexing)",fail
tacet,medium,shift,4,ar1-0.6,5,100,39,10000,false,0.000000,,1227,10000,Pass (P=0.0%),pass
tacet,medium,shift,4,ar1-0.3,5,100,48,10000,false,0.000000,,1228,10000,Pass (P=0.0%),pass
tacet,medium,shift,4,ar1-0.6,5,0.4,43,10000,true,1.000000,,1232,10000,"Fail (P=100.0%, Http2Multiplexing)",fail
tacet,medium,shift,4,ar1-0.6,5,0.4,14,10000,true,1.000000,,1218,10000,"Fail (P=100.0%, Http2Multiplexing)",fail
tacet,medium,shift,4,ar1-0.3,5,0.4,42,10000,true,1.000000,,1226,10000,"Fail (P=100.0%, Http2Multiplexing)",fail
tacet,medium,shift,4,ar1-0.6,5,0.4,18,10000,true,1.000000,,1228,10000,"Fail (P=100.0%, Http2Multiplexing)",fail
tacet,medium,shift,4,ar1-0.3,5,100,58,10000,false,0.000000,,1228,10000,Pass (P=0.0%),pass
tacet,medium,shift,4,ar1-0.3,5,100,40,10000,false,0.000000,,1233,10000,Pass (P=0.0%),pass
tacet,medium,shift,4,ar1-0.8,5,100,16,10000,false,0.000000,,1231,10000,Pass (P=0.0%),pass
tacet,medium,shift,4,ar1-0.6,5,100,19,10000,false,0.000000,,1229,10000,Pass (P=0.0%),pass
tacet,medium,shift,4,ar1-0.3,5,100,43,10000,false,0.000000,,1238,10000,Pass (P=0.0%),pass
tacet,medium,shift,4,ar1-0.6,5,100,55,10000,false,0.000000,,1238,10000,Pass (P=0.0%),pass
tacet,medium,shift,4,ar1-0.3,5,100,46,10000,false,0.000000,,1242,10000,Pass (P=0.0%),pass
tacet,medium,shift,4,ar1-0.6,5,0.4,24,10000,true,1.000000,,1246,10000,"Fail (P=100.0%, Http2Multiplexing)",fail
tacet,medium,shift,4,ar1-0.6,5,0.4,37,10000,true,1.000000,,1254,10000,"Fail (P=100.0%, Http2Multiplexing)",fail
tacet,medium,shift,4,ar1-0.3,5,100,50,10000,false,0.000000,,1254,10000,Pass (P=0.0%),pass
tacet,medium,shift,4,ar1-0.3,5,0.4,41,10000,true,1.000000,,1260,10000,"Fail (P=100.0%, Http2Multiplexing)",fail
tacet,medium,shift,4,ar1-0.6,5,100,7,10000,false,0.000000,,1261,10000,Pass (P=0.0%),pass
tacet,medium,shift,4,ar1-0.8,5,0.4,14,10000,true,1.000000,,1256,10000,"Fail (P=100.0%, Http2Multiplexing)",fail
tacet,medium,shift,4,ar1-0.6,5,100,11,10000,false,0.000000,,1262,10000,Pass (P=0.0%),pass
tacet,medium,shift,4,ar1-0.6,5,100,33,10000,false,0.000000,,1254,10000,Pass (P=0.0%),pass
tacet,medium,shift,4,ar1-0.6,5,0.4,22,10000,true,1.000000,,1265,10000,"Fail (P=100.0%, Http2Multiplexing)",fail
tacet,medium,shift,4,ar1-0.6,5,0.4,6,10000,true,1.000000,,1263,10000,"Fail (P=100.0%, Http2Multiplexing)",fail
tacet,medium,shift,4,ar1-0.6,5,0.4,21,10000,true,1.000000,,1267,10000,"Fail (P=100.0%, Http2Multiplexing)",fail
tacet,medium,shift,4,ar1-0.3,5,0.4,53,10000,true,1.000000,,1274,10000,"Fail (P=100.0%, Http2Multiplexing)",fail
tacet,medium,shift,4,ar1-0.6,5,0.4,38,10000,true,1.000000,,1273,10000,"Fail (P=100.0%, Http2Multiplexing)",fail
tacet,medium,shift,4,ar1-0.3,5,100,49,10000,false,0.000000,,1291,10000,Pass (P=0.0%),pass
tacet,medium,shift,4,ar1-0.8,5,100,8,10000,false,0.000000,,1205,10000,Pass (P=0.0%),pass
tacet,medium,shift,4,ar1-0.8,5,100,10,10000,false,0.000000,,1207,10000,Pass (P=0.0%),pass
tacet,medium,shift,4,ar1-0.6,5,100,14,10000,false,0.000000,,1218,10000,Pass (P=0.0%),pass
tacet,medium,shift,4,ar1-0.6,5,100,48,10000,false,0.000000,,1224,10000,Pass (P=0.0%),pass
tacet,medium,shift,4,ar1-0.6,5,100,18,10000,false,0.000000,,1216,10000,Pass (P=0.0%),pass
tacet,medium,shift,4,ar1-0.6,5,100,10,10000,false,0.000000,,1223,10000,Pass (P=0.0%),pass
tacet,medium,shift,4,ar1-0.6,5,100,32,10000,false,0.000000,,1226,10000,Pass (P=0.0%),pass
tacet,medium,shift,4,ar1-0.6,5,0.4,20,10000,true,1.000000,,1218,10000,"Fail (P=100.0%, Http2Multiplexing)",fail
tacet,medium,shift,4,ar1-0.3,5,100,42,10000,false,0.000000,,1228,10000,Pass (P=0.0%),pass
tacet,medium,shift,4,ar1-0.3,5,0.4,59,10000,true,1.000000,,1229,10000,"Fail (P=100.0%, Http2Multiplexing)",fail
tacet,medium,shift,4,ar1-0.6,5,100,43,10000,false,0.000000,,1233,10000,Pass (P=0.0%),pass
tacet,medium,shift,4,ar1-0.3,5,100,51,10000,false,0.000000,,1235,10000,Pass (P=0.0%),pass
tacet,medium,shift,4,ar1-0.6,5,0.4,40,10000,true,1.000000,,1237,10000,"Fail (P=100.0%, Http2Multiplexing)",fail
tacet,medium,shift,4,ar1-0.3,5,0.4,52,10000,true,1.000000,,1232,10000,"Fail (P=100.0%, Http2Multiplexing)",fail
tacet,medium,shift,4,ar1-0.8,5,0.4,17,10000,true,1.000000,,1231,10000,"Fail (P=100.0%, Http2Multiplexing)",fail
tacet,medium,shift,4,ar1-0.3,5,0.4,44,10000,true,1.000000,,1223,10000,"Fail (P=100.0%, Http2Multiplexing)",fail
tacet,medium,shift,4,ar1-0.6,5,0.4,56,10000,true,1.000000,,1256,10000,"Fail (P=100.0%, Http2Multiplexing)",fail
tacet,medium,shift,4,ar1-0.3,5,0.4,47,10000,true,1.000000,,1244,10000,"Fail (P=100.0%, Http2Multiplexing)",fail
tacet,medium,shift,4,ar1-0.6,5,100,24,10000,false,0.000000,,1247,10000,Pass (P=0.0%),pass
tacet,medium,shift,4,ar1-0.8,5,0.4,15,10000,true,1.000000,,1258,10000,"Fail (P=100.0%, Http2Multiplexing)",fail
tacet,medium,shift,4,ar1-0.3,5,0.4,51,10000,true,1.000000,,1255,10000,"Fail (P=100.0%, Http2Multiplexing)",fail
tacet,medium,shift,4,ar1-0.6,5,100,12,10000,false,0.000000,,1257,10000,Pass (P=0.0%),pass
tacet,medium,shift,4,ar1-0.8,5,100,14,10000,false,0.000000,,1256,10000,Pass (P=0.0%),pass
tacet,medium,shift,4,ar1-0.6,5,0.4,34,10000,true,1.000000,,1255,10000,"Fail (P=100.0%, Http2Multiplexing)",fail
tacet,medium,shift,4,ar1-0.6,5,0.4,12,10000,true,1.000000,,1265,10000,"Fail (P=100.0%, Http2Multiplexing)",fail
tacet,medium,shift,4,ar1-0.6,5,100,45,10000,false,0.000000,,1270,10000,Pass (P=0.0%),pass
tacet,medium,shift,4,ar1-0.6,5,100,22,10000,false,0.000000,,1264,10000,Pass (P=0.0%),pass
tacet,medium,shift,4,ar1-0.6,5,0.4,13,10000,true,1.000000,,1265,10000,"Fail (P=100.0%, Http2Multiplexing)",fail
tacet,medium,shift,4,ar1-0.6,5,100,21,10000,false,0.000000,,1267,10000,Pass (P=0.0%),pass
tacet,medium,shift,4,ar1-0.3,5,100,53,10000,false,0.000000,,1267,10000,Pass (P=0.0%),pass
tacet,medium,shift,4,ar1-0.6,5,100,38,10000,false,0.000000,,1276,10000,Pass (P=0.0%),pass
tacet,medium,shift,4,ar1-0.3,5,0.4,50,10000,true,1.000000,,1282,10000,"Fail (P=100.0%, Http2Multiplexing)",fail
tacet,medium,shift,4,ar1-0.8,5,0.4,9,10000,true,1.000000,,1209,10000,"Fail (P=100.0%, Http2Multiplexing)",fail
tacet,medium,shift,4,ar1-0.8,5,0.4,11,10000,true,1.000000,,1218,10000,"Fail (P=100.0%, Http2Multiplexing)",fail
tacet,medium,shift,4,ar1-0.6,5,100,1,10000,false,0.000000,,1217,10000,Pass (P=0.0%),pass
tacet,medium,shift,4,ar1-0.6,5,0.4,49,10000,true,1.000000,,1224,10000,"Fail (P=100.0%, Http2Multiplexing)",fail
tacet,medium,shift,4,ar1-0.6,5,100,40,10000,false,0.000000,,1226,10000,Pass (P=0.0%),pass
tacet,medium,shift,4,ar1-0.6,5,0.4,15,10000,true,1.000000,,1231,10000,"Fail (P=100.0%, Http2Multiplexing)",fail
tacet,medium,shift,4,ar1-0.8,5,0.4,1,10000,true,1.000000,,1234,10000,"Fail (P=100.0%, Http2Multiplexing)",fail
tacet,medium,shift,4,ar1-0.6,5,0.4,44,10000,true,1.000000,,1225,10000,"Fail (P=100.0%, Http2Multiplexing)",fail
tacet,medium,shift,4,ar1-0.3,5,100,59,10000,false,0.000000,,1227,10000,Pass (P=0.0%),pass
tacet,medium,shift,4,ar1-0.6,5,0.4,23,10000,true,1.000000,,1224,10000,"Fail (P=100.0%, Http2Multiplexing)",fail
tacet,medium,shift,4,ar1-0.3,5,100,44,10000,false,0.000000,,1233,10000,Pass (P=0.0%),pass
tacet,medium,shift,4,ar1-0.8,5,100,9,10000,false,0.000000,,1232,10000,Pass (P=0.0%),pass
tacet,medium,shift,4,ar1-0.6,5,100,51,10000,false,0.000000,,1240,10000,Pass (P=0.0%),pass
tacet,medium,shift,4,ar1-0.8,5,100,17,10000,false,0.000000,,1232,10000,Pass (P=0.0%),pass
tacet,medium,shift,4,ar1-0.3,5,100,55,10000,false,0.000000,,1242,10000,Pass (P=0.0%),pass
tacet,medium,shift,4,ar1-0.6,5,0.4,3,10000,true,1.000000,,1235,10000,"Fail (P=100.0%, Http2Multiplexing)",fail
tacet,medium,shift,4,ar1-0.6,5,100,56,10000,false,0.000000,,1255,10000,Pass (P=0.0%),pass
tacet,medium,shift,4,ar1-0.6,5,0.4,25,10000,true,1.000000,,1243,10000,"Fail (P=100.0%, Http2Multiplexing)",fail
tacet,medium,shift,4,ar1-0.3,5,0.4,57,10000,true,1.000000,,1255,10000,"Fail (P=100.0%, Http2Multiplexing)",fail
tacet,medium,shift,4,ar1-0.6,5,0.4,4,10000,true,1.000000,,1254,10000,"Fail (P=100.0%, Http2Multiplexing)",fail
tacet,medium,shift,4,ar1-0.8,5,100,15,10000,false,0.000000,,1259,10000,Pass (P=0.0%),pass
tacet,medium,shift,4,ar1-0.6,5,0.4,0,10000,true,1.000000,,1256,10000,"Fail (P=100.0%, Http2Multiplexing)",fail
tacet,medium,shift,4,ar1-0.8,5,0.4,12,10000,true,1.000000,,1265,10000,"Fail (P=100.0%, Http2Multiplexing)",fail
tacet,medium,shift,4,ar1-0.8,5,0.4,4,10000,true,1.000000,,1266,10000,"Fail (P=100.0%, Http2Multiplexing)",fail
tacet,medium,shift,4,ar1-0.6,5,100,41,10000,false,0.000000,,1261,10000,Pass (P=0.0%),pass
tacet,medium,shift,4,ar1-0.6,5,0.4,46,10000,true,1.000000,,1266,10000,"Fail (P=100.0%, Http2Multiplexing)",fail
tacet,medium,shift,4,ar1-0.6,5,100,34,10000,false,0.000000,,1270,10000,Pass (P=0.0%),pass
tacet,medium,shift,4,ar1-0.6,5,100,13,10000,false,0.000000,,1273,10000,Pass (P=0.0%),pass
tacet,medium,shift,4,ar1-0.6,5,100,26,10000,false,0.000000,,1267,10000,Pass (P=0.0%),pass
tacet,medium,shift,4,ar1-0.3,5,0.4,54,10000,true,1.000000,,1275,10000,"Fail (P=100.0%, Http2Multiplexing)",fail
tacet,medium,shift,4,ar1-0.3,5,0.4,45,10000,true,1.000000,,1274,10000,"Fail (P=100.0%, Http2Multiplexing)",fail
tacet,medium,shift,4,ar1-0.6,5,0.4,50,10000,true,1.000000,,1276,10000,"Fail (P=100.0%, Http2Multiplexing)",fail
tacet,medium,shift,4,ar1-0.6,5,0.4,2,10000,true,1.000000,,1209,10000,"Fail (P=100.0%, Http2Multiplexing)",fail
tacet,medium,shift,4,ar1-0.8,5,100,11,10000,false,0.000000,,1216,10000,Pass (P=0.0%),pass
tacet,medium,shift,4,ar1-0.6,5,0.4,28,10000,true,1.000000,,1218,10000,"Fail (P=100.0%, Http2Multiplexing)",fail
tacet,medium,shift,4,ar1-0.6,5,100,49,10000,false,0.000000,,1215,10000,Pass (P=0.0%),pass
tacet,medium,shift,4,ar1-0.6,5,100,44,10000,false,0.000000,,1218,10000,Pass (P=0.0%),pass
tacet,medium,shift,4,ar1-0.6,5,100,15,10000,false,0.000000,,1230,10000,Pass (P=0.0%),pass
tacet,medium,shift,4,ar1-0.6,5,0.4,41,10000,true,1.000000,,1230,10000,"Fail (P=100.0%, Http2Multiplexing)",fail
tacet,medium,shift,4,ar1-0.6,5,100,4,10000,false,0.000000,,1221,10000,Pass (P=0.0%),pass
tacet,medium,shift,4,ar1-0.6,5,100,50,10000,false,0.000000,,1222,10000,Pass (P=0.0%),pass
tacet,medium,shift,4,ar1-0.8,5,100,1,10000,false,0.000000,,1231,10000,Pass (P=0.0%),pass
tacet,medium,shift,4,ar1-0.8,5,0.4,18,10000,true,1.000000,,1215,10000,"Fail (P=100.0%, Http2Multiplexing)",fail
tacet,medium,shift,4,ar1-0.3,5,100,45,10000,false,0.000000,,1235,10000,Pass (P=0.0%),pass
tacet,medium,shift,4,ar1-0.8,5,0.4,10,10000,true,1.000000,,1229,10000,"Fail (P=100.0%, Http2Multiplexing)",fail
tacet,medium,shift,4,ar1-0.6,5,100,3,10000,false,0.000000,,1222,10000,Pass (P=0.0%),pass
tacet,medium,shift,4,ar1-0.6,5,0.4,52,10000,true,1.000000,,1240,10000,"Fail (P=100.0%, Http2Multiplexing)",fail
tacet,medium,shift,4,ar1-0.3,5,0.4,56,10000,true,1.000000,,1236,10000,"Fail (P=100.0%, Http2Multiplexing)",fail
tacet,medium,shift,4,ar1-0.6,5,100,25,10000,false,0.000000,,1241,10000,Pass (P=0.0%),pass
tacet,medium,shift,4,ar1-0.6,5,0.4,57,10000,true,1.000000,,1258,10000,"Fail (P=100.0%, Http2Multiplexing)",fail
tacet,medium,shift,4,ar1-0.3,5,100,57,10000,false,0.000000,,1255,10000,Pass (P=0.0%),pass
tacet,medium,shift,4,ar1-0.3,5,100,54,10000,false,0.000000,,1256,10000,Pass (P=0.0%),pass
tacet,medium,shift,4,ar1-0.8,5,0.4,16,10000,true,1.000000,,1257,10000,"Fail (P=100.0%, Http2Multiplexing)",fail
tacet,medium,shift,4,ar1-0.6,5,100,0,10000,false,0.000000,,1257,10000,Pass (P=0.0%),pass
tacet,medium,shift,4,ar1-0.8,5,100,12,10000,false,0.000000,,1265,10000,Pass (P=0.0%),pass
tacet,medium,shift,4,ar1-0.8,5,100,4,10000,false,0.000000,,1263,10000,Pass (P=0.0%),pass
tacet,medium,shift,4,ar1-0.6,5,100,46,10000,false,0.000000,,1268,10000,Pass (P=0.0%),pass
tacet,medium,shift,4,ar1-0.6,5,0.4,35,10000,true,1.000000,,1269,10000,"Fail (P=100.0%, Http2Multiplexing)",fail
tacet,medium,shift,4,ar1-0.6,5,0.4,53,10000,true,1.000000,,1261,10000,"Fail (P=100.0%, Http2Multiplexing)",fail
tacet,medium,shift,4,ar1-0.6,5,0.4,27,10000,true,1.000000,,1270,10000,"Fail (P=100.0%, Http2Multiplexing)",fail
tacet,medium,shift,4,ar1-0.6,5,100,2,10000,false,0.000000,,1256,10000,Pass (P=0.0%),pass
tacet,medium,shift,4,ar1-0.6,5,0.4,1,10000,true,1.000000,,1269,10000,"Fail (P=100.0%, Http2Multiplexing)",fail
tacet,medium,shift,4,ar1-0.6,5,100,27,10000,false,0.000000,,1251,10000,Pass (P=0.0%),pass
tacet,medium,shift,4,ar1-0.8,5,0.4,13,10000,true,1.000000,,1282,10000,"Fail (P=100.0%, Http2Multiplexing)",fail
tacet,medium,shift,4,ar1-0.6,5,0.4,42,10000,true,1.000000,,2195,10000,"Fail (P=100.0%, Http2Multiplexing)",fail
tacet,medium,shift,4,ar1-0.6,5,0.4,58,10000,true,1.000000,,1110,10000,"Fail (P=100.0%, Http2Multiplexing)",fail
tacet,medium,shift,4,ar1-0.6,5,0.4,54,10000,true,1.000000,,1213,10000,"Fail (P=100.0%, Http2Multiplexing)",fail
tacet,medium,shift,4,ar1-0.6,5,100,28,10000,false,0.000000,,1154,10000,Pass (P=0.0%),pass
tacet,medium,shift,4,ar1-0.8,5,0.4,19,10000,true,1.000000,,1139,10000,"Fail (P=100.0%, Http2Multiplexing)",fail
tacet,medium,shift,4,ar1-0.8,5,0.4,2,10000,true,1.000000,,1145,10000,"Fail (P=100.0%, Http2Multiplexing)",fail
tacet,medium,shift,4,ar1-0.6,5,100,35,10000,false,0.000000,,965,10000,Pass (P=0.0%),pass
tacet,medium,shift,4,ar1-0.8,5,100,18,10000,false,0.000000,,1155,10000,Pass (P=0.0%),pass
tacet,medium,shift,4,ar1-0.8,5,100,5,10000,false,0.000000,,1187,10000,Pass (P=0.0%),pass
tacet,medium,shift,4,ar1-0.3,5,0.4,58,10000,true,1.000000,,1185,10000,"Fail (P=100.0%, Http2Multiplexing)",fail
tacet,medium,shift,4,ar1-0.6,5,0.4,16,10000,true,1.000000,,1204,10000,"Fail (P=100.0%, Http2Multiplexing)",fail
tacet,medium,shift,4,ar1-0.8,5,0.4,5,10000,true,1.000000,,1055,10000,"Fail (P=100.0%, Http2Multiplexing)",fail
tacet,medium,shift,4,ar1-0.6,5,0.4,17,10000,true,1.000000,,891,10000,"Fail (P=100.0%, Http2Multiplexing)",fail
tacet,medium,shift,4,ar1-0.8,5,0.4,6,10000,true,1.000000,,682,10000,"Fail (P=100.0%, Http2Multiplexing)",fail
tacet,medium,shift,4,ar1-0.8,5,100,3,10000,false,0.000000,,493,10000,Pass (P=0.0%),pass
tacet,medium,shift,4,ar1-0.8,5,0.4,3,10000,true,1.000000,,600,10000,"Fail (P=100.0%, Http2Multiplexing)",fail
tacet,medium,shift,4,ar1-0.8,5,0.4,7,10000,true,1.000000,,1081,10000,"Fail (P=100.0%, Http2Multiplexing)",fail
tacet,medium,shift,4,ar1-0.6,5,100,29,10000,false,0.000000,,1262,10000,Pass (P=0.0%),pass
tacet,medium,shift,4,ar1-0.8,5,100,6,10000,false,0.000000,,1158,10000,Pass (P=0.0%),pass
tacet,medium,shift,4,ar1-0.8,5,100,0,10000,false,0.000000,,1360,10000,Pass (P=0.0%),pass
tacet,medium,shift,4,ar1-0.6,5,100,47,10000,false,0.000000,,1260,10000,Pass (P=0.0%),pass
tacet,medium,shift,4,ar1-0.6,5,0.4,48,10000,true,1.000000,,989,10000,"Fail (P=100.0%, Http2Multiplexing)",fail
tacet,medium,shift,4,ar1-0.8,5,100,2,10000,false,0.000000,,1067,10000,Pass (P=0.0%),pass
tacet,medium,shift,4,ar1-0.6,5,0.4,29,10000,true,1.000000,,1625,10000,"Fail (P=100.0%, Http2Multiplexing)",fail
tacet,medium,shift,4,ar1-0.6,5,100,57,10000,false,0.000000,,2027,10000,Pass (P=0.0%),pass
tacet,medium,shift,4,ar1-0.6,5,100,59,10000,false,0.000000,,2126,10000,Pass (P=0.0%),pass
tacet,medium,shift,4,ar1-0.6,5,100,54,10000,false,0.000000,,1695,10000,Pass (P=0.0%),pass
tacet,medium,shift,4,ar1-0.6,5,100,58,10000,false,0.000000,,2037,10000,Pass (P=0.0%),pass
tacet,medium,shift,4,ar1-0.6,5,0.4,26,10000,true,1.000000,,2059,10000,"Fail (P=100.0%, Http2Multiplexing)",fail
tacet,medium,shift,4,ar1-0.8,5,100,19,10000,false,0.000000,,1790,10000,Pass (P=0.0%),pass
tacet,medium,shift,4,ar1-0.6,5,0.4,47,10000,true,1.000000,,2157,10000,"Fail (P=100.0%, Http2Multiplexing)",fail
tacet,medium,shift,4,ar1-0.6,5,0.4,51,10000,true,1.000000,,2188,10000,"Fail (P=100.0%, Http2Multiplexing)",fail
tacet,medium,shift,4,ar1-0.6,5,0.4,59,10000,true,1.000000,,1729,10000,"Fail (P=100.0%, Http2Multiplexing)",fail
tacet,medium,shift,4,ar1-0.6,5,100,16,10000,false,0.000000,,1752,10000,Pass (P=0.0%),pass
tacet,medium,shift,4,ar1-0.8,5,0.4,0,10000,true,1.000000,,1884,10000,"Fail (P=100.0%, Http2Multiplexing)",fail
tacet,medium,shift,4,ar1-0.6,5,100,52,10000,false,0.000000,,2142,10000,Pass (P=0.0%),pass
tacet,medium,shift,4,ar1-0.3,5,100,56,10000,false,0.000000,,2474,10000,Pass (P=0.0%),pass
tacet,medium,shift,4,ar1-0.3,5,0.4,55,10000,true,1.000000,,2573,10000,"Fail (P=100.0%, Http2Multiplexing)",fail
tacet,medium,shift,4,ar1-0.6,5,100,53,10000,false,0.000000,,2343,10000,Pass (P=0.0%),pass
tacet,medium,shift,4,ar1-0.6,5,0.4,45,10000,true,1.000000,,2547,10000,"Fail (P=100.0%, Http2Multiplexing)",fail
tacet,medium,shift,20,iid,5,0.4,5,10000,true,1.000000,,1085,10000,"Fail (P=100.0%, Http2Multiplexing)",fail
tacet,medium,shift,20,iid,5,100,5,10000,false,0.457500,,1086,10000,"Inconclusive: SampleBudgetExceeded { current_probability: 0.4575, samples_collected: 10000 }",inconclusive
tacet,medium,shift,20,iid,5,100,3,10000,false,0.899250,,1100,10000,"Inconclusive: SampleBudgetExceeded { current_probability: 0.89925, samples_collected: 10000 }",inconclusive
tacet,medium,shift,20,iid,5,0.4,27,10000,true,1.000000,,1101,10000,"Fail (P=100.0%, StandardRemote)",fail
tacet,medium,shift,20,iid,5,0.4,10,10000,true,1.000000,,1104,10000,"Fail (P=100.0%, Http2Multiplexing)",fail
tacet,medium,shift,20,iid,5,100,25,10000,false,0.857500,,1112,10000,"Inconclusive: SampleBudgetExceeded { current_probability: 0.8575, samples_collected: 10000 }",inconclusive
tacet,medium,shift,20,iid,5,0.4,26,10000,true,1.000000,,1112,10000,"Fail (P=100.0%, Http2Multiplexing)",fail
tacet,medium,shift,20,iid,5,0.4,12,10000,true,1.000000,,1113,10000,"Fail (P=100.0%, StandardRemote)",fail
tacet,medium,shift,20,iid,5,0.4,7,10000,true,1.000000,,1113,10000,"Fail (P=100.0%, StandardRemote)",fail
tacet,medium,shift,20,iid,5,100,22,10000,false,0.809750,,1116,10000,"Inconclusive: SampleBudgetExceeded { current_probability: 0.80975, samples_collected: 10000 }",inconclusive
tacet,medium,shift,20,iid,5,100,10,10000,false,0.343250,,1117,10000,"Inconclusive: SampleBudgetExceeded { current_probability: 0.34325, samples_collected: 10000 }",inconclusive
tacet,medium,shift,20,iid,5,100,11,10000,false,0.525000,,1120,10000,"Inconclusive: SampleBudgetExceeded { current_probability: 0.525, samples_collected: 10000 }",inconclusive
tacet,medium,shift,20,iid,5,0.4,6,10000,true,1.000000,,1132,10000,"Fail (P=100.0%, StandardRemote)",fail
tacet,medium,shift,20,iid,5,0.4,8,10000,true,1.000000,,1140,10000,"Fail (P=100.0%, Http2Multiplexing)",fail
tacet,medium,shift,20,iid,5,0.4,35,10000,true,1.000000,,1142,10000,"Fail (P=100.0%, StandardRemote)",fail
tacet,medium,shift,20,iid,5,0.4,16,10000,true,1.000000,,1144,10000,"Fail (P=100.0%, Http2Multiplexing)",fail
tacet,medium,shift,20,iid,5,100,28,10000,false,0.661000,,1148,10000,"Inconclusive: SampleBudgetExceeded { current_probability: 0.661, samples_collected: 10000 }",inconclusive
tacet,medium,shift,20,iid,5,100,0,10000,false,0.769750,,1149,10000,"Inconclusive: SampleBudgetExceeded { current_probability: 0.76975, samples_collected: 10000 }",inconclusive
tacet,medium,shift,20,iid,5,100,6,10000,false,0.878500,,1149,10000,"Inconclusive: SampleBudgetExceeded { current_probability: 0.8785, samples_collected: 10000 }",inconclusive
tacet,medium,shift,20,iid,5,0.4,13,10000,true,1.000000,,1150,10000,"Fail (P=100.0%, StandardRemote)",fail
tacet,medium,shift,4,ar1-0.8,5,100,46,10000,false,0.000000,,1195,10000,Pass (P=0.0%),pass
tacet,medium,shift,4,ar1-0.8,5,0.4,23,10000,true,1.000000,,1199,10000,"Fail (P=100.0%, Http2Multiplexing)",fail
tacet,medium,shift,4,ar1-0.8,5,100,45,10000,false,0.000000,,1206,10000,Pass (P=0.0%),pass
tacet,medium,shift,4,ar1-0.8,5,0.4,58,10000,true,1.000000,,1208,10000,"Fail (P=100.0%, Http2Multiplexing)",fail
tacet,medium,shift,4,ar1-0.8,5,0.4,45,10000,true,1.000000,,1215,10000,"Fail (P=100.0%, Http2Multiplexing)",fail
tacet,medium,shift,4,ar1-0.8,5,100,57,10000,false,0.000000,,1223,10000,Pass (P=0.0%),pass
tacet,medium,shift,4,ar1-0.8,5,100,32,10000,false,0.000000,,1239,10000,Pass (P=0.0%),pass
tacet,medium,shift,4,ar1-0.8,5,0.4,51,10000,true,1.000000,,1241,10000,"Fail (P=100.0%, Http2Multiplexing)",fail
tacet,medium,shift,4,ar1-0.8,5,0.4,26,10000,true,1.000000,,1251,10000,"Fail (P=100.0%, Http2Multiplexing)",fail
tacet,medium,shift,4,ar1-0.8,5,0.4,48,10000,true,1.000000,,1252,10000,"Fail (P=100.0%, Http2Multiplexing)",fail
tacet,medium,shift,4,ar1-0.8,5,0.4,20,10000,true,1.000000,,1255,10000,"Fail (P=100.0%, Http2Multiplexing)",fail
tacet,medium,shift,4,ar1-0.8,5,0.4,59,10000,true,1.000000,,1268,10000,"Fail (P=100.0%, Http2Multiplexing)",fail
tacet,medium,shift,20,iid,5,0.4,4,10000,true,1.000000,,1096,10000,"Fail (P=100.0%, Http2Multiplexing)",fail
tacet,medium,shift,20,iid,5,100,27,10000,false,0.601000,,1108,10000,"Inconclusive: SampleBudgetExceeded { current_probability: 0.601, samples_collected: 10000 }",inconclusive
tacet,medium,shift,20,iid,5,100,7,10000,false,0.678000,,1108,10000,"Inconclusive: SampleBudgetExceeded { current_probability: 0.678, samples_collected: 10000 }",inconclusive
tacet,medium,shift,20,iid,5,0.4,9,10000,true,1.000000,,1122,10000,"Fail (P=100.0%, StandardRemote)",fail
tacet,medium,shift,20,iid,5,100,12,10000,false,0.788000,,1124,10000,"Inconclusive: SampleBudgetExceeded { current_probability: 0.788, samples_collected: 10000 }",inconclusive
tacet,medium,shift,20,iid,5,0.4,23,10000,true,1.000000,,1122,10000,"Fail (P=100.0%, StandardRemote)",fail
tacet,medium,shift,20,iid,5,0.4,11,10000,true,1.000000,,1135,10000,"Fail (P=100.0%, StandardRemote)",fail
tacet,medium,shift,20,iid,5,100,8,10000,false,0.225250,,1141,10000,"Inconclusive: SampleBudgetExceeded { current_probability: 0.22525, samples_collected: 10000 }",inconclusive
tacet,medium,shift,20,iid,5,100,35,10000,false,0.839750,,1146,10000,"Inconclusive: SampleBudgetExceeded { current_probability: 0.83975, samples_collected: 10000 }",inconclusive
tacet,medium,shift,4,ar1-0.8,5,0.4,54,10000,true,1.000000,,1204,10000,"Fail (P=100.0%, Http2Multiplexing)",fail
tacet,medium,shift,20,iid,5,100,16,10000,false,0.233750,,1147,10000,"Inconclusive: SampleBudgetExceeded { current_probability: 0.23375, samples_collected: 10000 }",inconclusive
tacet,medium,shift,20,iid,5,0.4,1,10000,true,1.000000,,1142,10000,"Fail (P=100.0%, Http2Multiplexing)",fail
tacet,medium,shift,20,iid,5,0.4,29,10000,true,1.000000,,1156,10000,"Fail (P=100.0%, StandardRemote)",fail
tacet,medium,shift,20,iid,5,100,13,10000,false,0.777000,,1154,10000,"Inconclusive: SampleBudgetExceeded { current_probability: 0.777, samples_collected: 10000 }",inconclusive
tacet,medium,shift,4,ar1-0.8,5,100,38,10000,false,0.000000,,1218,10000,Pass (P=0.0%),pass
tacet,medium,shift,4,ar1-0.8,5,100,52,10000,false,0.000000,,1221,10000,Pass (P=0.0%),pass
tacet,medium,shift,20,iid,5,100,4,10000,false,0.189250,,1111,10000,"Inconclusive: SampleBudgetExceeded { current_probability: 0.18925, samples_collected: 10000 }",inconclusive
tacet,medium,shift,4,ar1-0.8,5,100,41,10000,false,0.000000,,1231,10000,Pass (P=0.0%),pass
tacet,medium,shift,4,ar1-0.8,5,100,35,10000,false,0.000000,,1255,10000,Pass (P=0.0%),pass
tacet,medium,shift,4,ar1-0.8,5,100,23,10000,false,0.000000,,1207,10000,Pass (P=0.0%),pass
tacet,medium,shift,4,ar1-0.8,5,0.4,47,10000,true,1.000000,,1221,10000,"Fail (P=100.0%, Http2Multiplexing)",fail
tacet,medium,shift,4,ar1-0.8,5,0.4,46,10000,true,1.000000,,1215,10000,"Fail (P=100.0%, Http2Multiplexing)",fail
tacet,medium,shift,4,ar1-0.8,5,0.4,53,10000,true,1.000000,,1210,10000,"Fail (P=100.0%, Http2Multiplexing)",fail
tacet,medium,shift,4,ar1-0.8,5,100,51,10000,false,0.000000,,1250,10000,Pass (P=0.0%),pass
tacet,medium,shift,4,ar1-0.8,5,0.4,33,10000,true,1.000000,,1266,10000,"Fail (P=100.0%, Http2Multiplexing)",fail
tacet,medium,shift,4,ar1-0.8,5,100,26,10000,false,0.000000,,1257,10000,Pass (P=0.0%),pass
tacet,medium,shift,4,ar1-0.8,5,100,20,10000,false,0.000000,,1271,10000,Pass (P=0.0%),pass
tacet,medium,shift,20,iid,5,100,9,10000,false,0.812500,,1148,10000,"Inconclusive: SampleBudgetExceeded { current_probability: 0.8125, samples_collected: 10000 }",inconclusive
tacet,medium,shift,4,ar1-0.8,5,100,48,10000,false,0.000000,,1294,10000,Pass (P=0.0%),pass
tacet,medium,shift,4,ar1-0.8,5,100,59,10000,false,0.000000,,1279,10000,Pass (P=0.0%),pass
tacet,medium,shift,4,ar1-0.8,5,100,47,10000,false,0.000000,,1220,10000,Pass (P=0.0%),pass
tacet,medium,shift,4,ar1-0.8,5,0.4,37,10000,true,1.000000,,1220,10000,"Fail (P=100.0%, Http2Multiplexing)",fail
tacet,medium,shift,20,iid,5,0.4,0,10000,true,1.000000,,1095,10000,"Fail (P=100.0%, StandardRemote)",fail
tacet,medium,shift,20,iid,5,100,23,10000,false,0.551500,,1115,10000,"Inconclusive: SampleBudgetExceeded { current_probability: 0.5515, samples_collected: 10000 }",inconclusive
tacet,medium,shift,4,ar1-0.8,5,100,58,10000,false,0.000000,,2165,10000,Pass (P=0.0%),pass
tacet,medium,shift,20,iid,5,0.4,24,10000,true,1.000000,,1131,10000,"Fail (P=100.0%, Http2Multiplexing)",fail
tacet,medium,shift,20,iid,5,0.4,36,10000,true,1.000000,,1141,10000,"Fail (P=100.0%, Http2Multiplexing)",fail
tacet,medium,shift,20,iid,5,0.4,17,10000,true,1.000000,,1139,10000,"Fail (P=100.0%, Http2Multiplexing)",fail
tacet,medium,shift,20,iid,5,100,31,10000,false,0.792250,,1109,10000,"Inconclusive: SampleBudgetExceeded { current_probability: 0.79225, samples_collected: 10000 }",inconclusive
tacet,medium,shift,20,iid,5,100,29,10000,false,0.630500,,1142,10000,"Inconclusive: SampleBudgetExceeded { current_probability: 0.6305, samples_collected: 10000 }",inconclusive
tacet,medium,shift,20,iid,5,0.4,14,10000,true,1.000000,,1151,10000,"Fail (P=100.0%, StandardRemote)",fail
tacet,medium,shift,4,ar1-0.8,5,0.4,36,10000,true,1.000000,,1253,10000,"Fail (P=100.0%, Http2Multiplexing)",fail
tacet,medium,shift,4,ar1-0.8,5,100,54,10000,false,0.000000,,1204,10000,Pass (P=0.0%),pass
tacet,medium,shift,4,ar1-0.8,5,0.4,40,10000,true,1.000000,,1248,10000,"Fail (P=100.0%, Http2Multiplexing)",fail
tacet,medium,shift,4,ar1-0.8,5,0.4,39,10000,true,1.000000,,1217,10000,"Fail (P=100.0%, Http2Multiplexing)",fail
tacet,medium,shift,4,ar1-0.8,5,0.4,42,10000,true,1.000000,,1218,10000,"Fail (P=100.0%, Http2Multiplexing)",fail
tacet,medium,shift,20,iid,5,0.4,2,10000,true,1.000000,,1117,10000,"Fail (P=100.0%, StandardRemote)",fail
tacet,medium,shift,4,ar1-0.8,5,0.4,24,10000,true,1.000000,,1206,10000,"Fail (P=100.0%, Http2Multiplexing)",fail
tacet,medium,shift,4,ar1-0.8,5,100,40,10000,false,0.000000,,1204,10000,Pass (P=0.0%),pass
tacet,medium,shift,20,iid,5,100,47,10000,false,0.403000,,1107,10000,"Inconclusive: SampleBudgetExceeded { current_probability: 0.403, samples_collected: 10000 }",inconclusive
tacet,medium,shift,20,iid,5,0.4,41,10000,true,1.000000,,1113,10000,"Fail (P=100.0%, Http2Multiplexing)",fail
tacet,medium,shift,20,iid,5,100,24,10000,false,0.455750,,1094,10000,"Inconclusive: SampleBudgetExceeded { current_probability: 0.45575, samples_collected: 10000 }",inconclusive
tacet,medium,shift,4,ar1-0.8,5,100,21,10000,false,0.000000,,1234,10000,Pass (P=0.0%),pass
tacet,medium,shift,4,ar1-0.8,5,100,33,10000,false,0.000000,,1253,10000,Pass (P=0.0%),pass
tacet,medium,shift,4,ar1-0.8,5,0.4,27,10000,true,1.000000,,1251,10000,"Fail (P=100.0%, Http2Multiplexing)",fail
tacet,medium,shift,4,ar1-0.8,5,0.4,34,10000,true,1.000000,,1256,10000,"Fail (P=100.0%, Http2Multiplexing)",fail
tacet,medium,shift,4,ar1-0.8,5,0.4,21,10000,true,1.000000,,1259,10000,"Fail (P=100.0%, Http2Multiplexing)",fail
tacet,medium,shift,4,ar1-0.8,5,100,37,10000,false,0.000000,,1226,10000,Pass (P=0.0%),pass
tacet,medium,shift,4,ar1-0.8,5,0.4,43,10000,true,1.000000,,1264,10000,"Fail (P=100.0%, Http2Multiplexing)",fail
tacet,medium,shift,4,ar1-0.8,5,0.4,49,10000,true,1.000000,,1285,10000,"Fail (P=100.0%, Http2Multiplexing)",fail
tacet,medium,shift,4,ar1-0.8,5,100,49,10000,false,0.000000,,1269,10000,Pass (P=0.0%),pass
tacet,medium,shift,4,ar1-0.8,5,0.4,38,10000,true,1.000000,,1260,10000,"Fail (P=100.0%, Http2Multiplexing)",fail
tacet,medium,shift,4,ar1-0.8,5,100,34,10000,false,0.000000,,1250,10000,Pass (P=0.0%),pass
tacet,medium,shift,4,ar1-0.8,5,0.4,44,10000,true,1.000000,,1217,10000,"Fail (P=100.0%, Http2Multiplexing)",fail
tacet,medium,shift,20,iid,5,100,53,10000,false,0.623500,,1103,10000,"Inconclusive: SampleBudgetExceeded { current_probability: 0.6235, samples_collected: 10000 }",inconclusive
tacet,medium,shift,4,ar1-0.8,5,100,24,10000,false,0.000000,,1210,10000,Pass (P=0.0%),pass
tacet,medium,shift,20,iid,5,100,2,10000,false,0.561250,,1131,10000,"Inconclusive: SampleBudgetExceeded { current_probability: 0.56125, samples_collected: 10000 }",inconclusive
tacet,medium,shift,20,iid,5,0.4,32,10000,true,1.000000,,1114,10000,"Fail (P=100.0%, StandardRemote)",fail
tacet,medium,shift,20,iid,5,100,17,10000,false,0.177750,,1140,10000,"Inconclusive: SampleBudgetExceeded { current_probability: 0.17775, samples_collected: 10000 }",inconclusive
tacet,medium,shift,4,ar1-0.8,5,0.4,35,10000,true,1.000000,,1218,10000,"Fail (P=100.0%, Http2Multiplexing)",fail
tacet,medium,shift,20,iid,5,100,36,10000,false,0.322250,,1146,10000,"Inconclusive: SampleBudgetExceeded { current_probability: 0.32225, samples_collected: 10000 }",inconclusive
tacet,medium,shift,20,iid,5,100,1,10000,false,0.109250,,2289,10000,"Inconclusive: SampleBudgetExceeded { current_probability: 0.10925, samples_collected: 10000 }",inconclusive
tacet,medium,shift,20,iid,5,100,14,10000,false,0.638000,,1157,10000,"Inconclusive: SampleBudgetExceeded { current_probability: 0.638, samples_collected: 10000 }",inconclusive
tacet,medium,shift,20,iid,5,100,56,10000,false,0.300000,,1134,10000,"Inconclusive: SampleBudgetExceeded { current_probability: 0.3, samples_collected: 10000 }",inconclusive
tacet,medium,shift,4,ar1-0.8,5,0.4,55,10000,true,1.000000,,1206,10000,"Fail (P=100.0%, Http2Multiplexing)",fail
tacet,medium,shift,20,iid,5,0.4,19,10000,true,1.000000,,1124,10000,"Fail (P=100.0%, StandardRemote)",fail
tacet,medium,shift,4,ar1-0.8,5,100,36,10000,false,0.000000,,1246,10000,Pass (P=0.0%),pass
tacet,medium,shift,20,iid,5,0.4,48,10000,true,1.000000,,1109,10000,"Fail (P=100.0%, StandardRemote)",fail
tacet,medium,shift,4,ar1-0.8,5,100,39,10000,false,0.000000,,1220,10000,Pass (P=0.0%),pass
tacet,medium,shift,20,iid,5,100,41,10000,false,0.453250,,1115,10000,"Inconclusive: SampleBudgetExceeded { current_probability: 0.45325, samples_collected: 10000 }",inconclusive
tacet,medium,shift,4,ar1-0.8,5,100,42,10000,false,0.000000,,1218,10000,Pass (P=0.0%),pass
tacet,medium,shift,20,iid,5,0.4,55,10000,true,1.000000,,1100,10000,"Fail (P=100.0%, Http2Multiplexing)",fail
tacet,medium,shift,4,ar1-0.8,5,0.4,41,10000,true,1.000000,,1208,10000,"Fail (P=100.0%, Http2Multiplexing)",fail
tacet,medium,shift,20,iid,5,0.4,33,10000,true,1.000000,,1134,10000,"Fail (P=100.0%, Http2Multiplexing)",fail
tacet,medium,shift,20,iid,5,100,30,10000,false,0.385750,,1139,10000,"Inconclusive: SampleBudgetExceeded { current_probability: 0.38575, samples_collected: 10000 }",inconclusive
tacet,medium,shift,20,iid,5,0.4,54,10000,true,1.000000,,1108,10000,"Fail (P=100.0%, StandardRemote)",fail
tacet,medium,shift,20,iid,5,100,50,10000,false,0.308250,,1133,10000,"Inconclusive: SampleBudgetExceeded { current_probability: 0.30825, samples_collected: 10000 }",inconclusive
tacet,medium,shift,4,ar1-0.8,5,0.4,22,10000,true,1.000000,,1226,10000,"Fail (P=100.0%, Http2Multiplexing)",fail
tacet,medium,shift,4,ar1-0.8,5,100,27,10000,false,0.000000,,1260,10000,Pass (P=0.0%),pass
tacet,medium,shift,4,ar1-0.8,5,100,43,10000,false,0.000000,,1261,10000,Pass (P=0.0%),pass
tacet,medium,shift,20,iid,5,0.4,58,10000,true,1.000000,,1170,10000,"Fail (P=100.0%, StandardRemote)",fail
tacet,medium,shift,4,ar1-0.8,5,100,55,10000,false,0.000000,,1215,10000,Pass (P=0.0%),pass
tacet,medium,shift,4,ar1-0.8,5,0.4,50,10000,true,1.000000,,1267,10000,"Fail (P=100.0%, Http2Multiplexing)",fail
tacet,medium,shift,4,ar1-0.8,5,100,44,10000,false,0.000000,,1221,10000,Pass (P=0.0%),pass
tacet,medium,shift,4,ar1-0.8,5,100,56,10000,false,0.000000,,1256,10000,Pass (P=0.0%),pass
tacet,medium,shift,20,iid,5,0.4,31,10000,true,1.000000,,1099,10000,"Fail (P=100.0%, StandardRemote)",fail
tacet,medium,shift,4,ar1-0.8,5,0.4,25,10000,true,1.000000,,1205,10000,"Fail (P=100.0%, Http2Multiplexing)",fail
tacet,medium,shift,20,iid,5,100,32,10000,false,0.801750,,1144,10000,"Inconclusive: SampleBudgetExceeded { current_probability: 0.80175, samples_collected: 10000 }",inconclusive
tacet,medium,shift,20,iid,5,0.4,57,10000,true,1.000000,,1149,10000,"Fail (P=100.0%, Http2Multiplexing)",fail
tacet,medium,shift,20,iid,5,0.4,18,10000,true,1.000000,,1139,10000,"Fail (P=100.0%, StandardRemote)",fail
tacet,medium,shift,20,iid,5,0.4,52,10000,true,1.000000,,1133,10000,"Fail (P=100.0%, StandardRemote)",fail
tacet,medium,shift,20,iid,5,0.4,37,10000,true,1.000000,,1146,10000,"Fail (P=100.0%, StandardRemote)",fail
tacet,medium,shift,20,iid,5,100,52,10000,false,0.526000,,1151,10000,"Inconclusive: SampleBudgetExceeded { current_probability: 0.526, samples_collected: 10000 }",inconclusive
tacet,medium,shift,20,iid,5,0.4,53,10000,true,1.000000,,1114,10000,"Fail (P=100.0%, StandardRemote)",fail
tacet,medium,shift,20,iid,5,0.4,15,10000,true,1.000000,,1157,10000,"Fail (P=100.0%, Http2Multiplexing)",fail
tacet,medium,shift,20,iid,5,100,20,10000,false,0.430750,,1148,10000,"Inconclusive: SampleBudgetExceeded { current_probability: 0.43075, samples_collected: 10000 }",inconclusive
tacet,medium,shift,20,iid,5,0.4,34,10000,true,1.000000,,1145,10000,"Fail (P=100.0%, StandardRemote)",fail
tacet,medium,shift,20,iid,5,100,19,10000,false,0.636500,,1120,10000,"Inconclusive: SampleBudgetExceeded { current_probability: 0.6365, samples_collected: 10000 }",inconclusive
tacet,medium,shift,20,iid,5,100,48,10000,false,0.902750,,1118,10000,"Inconclusive: SampleBudgetExceeded { current_probability: 0.90275, samples_collected: 10000 }",inconclusive
tacet,medium,shift,20,iid,5,100,21,10000,false,0.398000,,1117,10000,"Inconclusive: SampleBudgetExceeded { current_probability: 0.398, samples_collected: 10000 }",inconclusive
tacet,medium,shift,20,iid,5,0.4,42,10000,true,1.000000,,1111,10000,"Fail (P=100.0%, StandardRemote)",fail
tacet,medium,shift,20,iid,5,100,55,10000,false,0.061750,,1116,10000,"Inconclusive: SampleBudgetExceeded { current_probability: 0.06175, samples_collected: 10000 }",inconclusive
tacet,medium,shift,4,ar1-0.8,5,100,25,10000,false,0.000000,,1239,10000,Pass (P=0.0%),pass
tacet,medium,shift,4,ar1-0.8,5,0.4,57,10000,true,1.000000,,1231,10000,"Fail (P=100.0%, Http2Multiplexing)",fail
tacet,medium,shift,20,iid,5,100,33,10000,false,0.306250,,1134,10000,"Inconclusive: SampleBudgetExceeded { current_probability: 0.30625, samples_collected: 10000 }",inconclusive
tacet,medium,shift,20,iid,5,0.4,51,10000,true,1.000000,,1164,10000,"Fail (P=100.0%, Http2Multiplexing)",fail
tacet,medium,shift,4,ar1-0.8,5,0.4,56,10000,true,1.000000,,1252,10000,"Fail (P=100.0%, Http2Multiplexing)",fail
tacet,medium,shift,20,iid,5,100,18,10000,false,0.700500,,1108,10000,"Inconclusive: SampleBudgetExceeded { current_probability: 0.7005, samples_collected: 10000 }",inconclusive
tacet,medium,shift,4,ar1-0.8,5,0.4,28,10000,true,1.000000,,1255,10000,"Fail (P=100.0%, Http2Multiplexing)",fail
tacet,medium,shift,20,iid,5,0.4,45,10000,true,1.000000,,551,10000,"Fail (P=100.0%, Http2Multiplexing)",fail
tacet,medium,shift,20,iid,5,0.4,49,10000,true,1.000000,,941,10000,"Fail (P=100.0%, StandardRemote)",fail
tacet,medium,shift,20,iid,5,100,44,10000,false,0.283000,,555,10000,"Inconclusive: SampleBudgetExceeded { current_probability: 0.283, samples_collected: 10000 }",inconclusive
tacet,medium,shift,20,iid,5,100,46,10000,false,0.587000,,526,10000,"Inconclusive: SampleBudgetExceeded { current_probability: 0.587, samples_collected: 10000 }",inconclusive
tacet,medium,shift,20,iid,5,0.4,38,10000,true,1.000000,,1081,10000,"Fail (P=100.0%, StandardRemote)",fail
tacet,medium,shift,20,iid,5,0.4,50,10000,true,1.000000,,912,10000,"Fail (P=100.0%, Http2Multiplexing)",fail
tacet,medium,shift,20,iid,5,0.4,47,10000,true,1.000000,,487,10000,"Fail (P=100.0%, Http2Multiplexing)",fail
tacet,medium,shift,20,iid,5,100,45,10000,false,0.480750,,573,10000,"Inconclusive: SampleBudgetExceeded { current_probability: 0.48075, samples_collected: 10000 }",inconclusive
tacet,medium,shift,20,iid,5,100,43,10000,false,0.120250,,557,10000,"Inconclusive: SampleBudgetExceeded { current_probability: 0.12025, samples_collected: 10000 }",inconclusive
tacet,medium,shift,20,iid,5,100,57,10000,false,0.277500,,1115,10000,"Inconclusive: SampleBudgetExceeded { current_probability: 0.2775, samples_collected: 10000 }",inconclusive
tacet,medium,shift,20,iid,5,0.4,43,10000,true,1.000000,,631,10000,"Fail (P=100.0%, Http2Multiplexing)",fail
tacet,medium,shift,20,iid,5,0.4,46,10000,true,1.000000,,534,10000,"Fail (P=100.0%, StandardRemote)",fail
tacet,medium,shift,20,iid,5,0.4,44,10000,true,1.000000,,690,10000,"Fail (P=100.0%, Http2Multiplexing)",fail
tacet,medium,shift,4,ar1-0.8,5,100,29,10000,false,0.000000,,1147,10000,Pass (P=0.0%),pass
tacet,medium,shift,20,iid,5,0.4,39,10000,true,1.000000,,1133,10000,"Fail (P=100.0%, StandardRemote)",fail
tacet,medium,shift,20,iid,5,0.4,22,10000,true,1.000000,,1268,10000,"Fail (P=100.0%, StandardRemote)",fail
tacet,medium,shift,20,iid,5,100,42,10000,false,0.821250,,1256,10000,"Inconclusive: SampleBudgetExceeded { current_probability: 0.82125, samples_collected: 10000 }",inconclusive
tacet,medium,shift,20,iid,5,100,49,10000,false,0.720500,,1266,10000,"Inconclusive: SampleBudgetExceeded { current_probability: 0.7205, samples_collected: 10000 }",inconclusive
tacet,medium,shift,20,iid,5,100,38,10000,false,0.622250,,1209,10000,"Inconclusive: SampleBudgetExceeded { current_probability: 0.62225, samples_collected: 10000 }",inconclusive
tacet,medium,shift,20,iid,5,100,39,10000,false,0.826000,,1387,10000,"Inconclusive: SampleBudgetExceeded { current_probability: 0.826, samples_collected: 10000 }",inconclusive
tacet,medium,shift,20,iid,5,0.4,40,10000,true,1.000000,,1342,10000,"Fail (P=100.0%, Http2Multiplexing)",fail
tacet,medium,shift,20,iid,5,100,37,10000,false,0.547000,,1449,10000,"Inconclusive: SampleBudgetExceeded { current_probability: 0.547, samples_collected: 10000 }",inconclusive
tacet,medium,shift,20,iid,5,100,40,10000,false,0.218750,,1018,10000,"Inconclusive: SampleBudgetExceeded { current_probability: 0.21875, samples_collected: 10000 }",inconclusive
tacet,medium,shift,4,ar1-0.8,5,100,28,10000,false,0.000000,,1344,10000,Pass (P=0.0%),pass
tacet,medium,shift,4,ar1-0.8,5,100,31,10000,false,0.000000,,1310,10000,Pass (P=0.0%),pass
tacet,medium,shift,4,ar1-0.8,5,0.4,31,10000,true,1.000000,,1285,10000,"Fail (P=100.0%, Http2Multiplexing)",fail
tacet,medium,shift,4,ar1-0.8,5,0.4,32,10000,true,1.000000,,1225,10000,"Fail (P=100.0%, Http2Multiplexing)",fail
tacet,medium,shift,4,ar1-0.8,5,0.4,30,10000,true,1.000000,,1316,10000,"Fail (P=100.0%, Http2Multiplexing)",fail
tacet,medium,shift,4,ar1-0.8,5,0.4,29,10000,true,1.000000,,1528,10000,"Fail (P=100.0%, Http2Multiplexing)",fail
tacet,medium,shift,4,ar1-0.8,5,100,30,10000,false,0.000000,,1785,10000,Pass (P=0.0%),pass
tacet,medium,shift,20,iid,5,0.4,3,10000,true,1.000000,,3362,10000,"Fail (P=100.0%, StandardRemote)",fail
tacet,medium,shift,20,iid,5,100,58,10000,false,0.810250,,2434,10000,"Inconclusive: SampleBudgetExceeded { current_probability: 0.81025, samples_collected: 10000 }",inconclusive
tacet,medium,shift,20,iid,5,0.4,56,10000,true,1.000000,,1801,10000,"Fail (P=100.0%, Http2Multiplexing)",fail
tacet,medium,shift,20,iid,5,100,59,10000,false,0.301500,,1985,10000,"Inconclusive: SampleBudgetExceeded { current_probability: 0.3015, samples_collected: 10000 }",inconclusive
tacet,medium,shift,20,iid,5,100,15,10000,false,0.200750,,2233,10000,"Inconclusive: SampleBudgetExceeded { current_probability: 0.20075, samples_collected: 10000 }",inconclusive
tacet,medium,shift,20,iid,5,0.4,59,10000,true,1.000000,,2192,10000,"Fail (P=100.0%, Http2Multiplexing)",fail
tacet,medium,shift,20,iid,5,0.4,21,10000,true,1.000000,,1911,10000,"Fail (P=100.0%, Http2Multiplexing)",fail
tacet,medium,shift,20,iid,5,0.4,20,10000,true,1.000000,,2498,10000,"Fail (P=100.0%, Http2Multiplexing)",fail
tacet,medium,shift,20,iid,5,100,51,10000,false,0.190500,,2511,10000,"Inconclusive: SampleBudgetExceeded { current_probability: 0.1905, samples_collected: 10000 }",inconclusive
tacet,medium,shift,20,iid,5,100,34,10000,false,0.528500,,2510,10000,"Inconclusive: SampleBudgetExceeded { current_probability: 0.5285, samples_collected: 10000 }",inconclusive
tacet,medium,shift,20,iid,5,0.4,30,10000,true,1.000000,,4403,10000,"Fail (P=100.0%, Http2Multiplexing)",fail
tacet,medium,shift,4,ar1-0.8,5,100,22,10000,false,0.000000,,2948,10000,Pass (P=0.0%),pass
tacet,medium,shift,4,ar1-0.8,5,100,50,10000,false,0.000000,,2975,10000,Pass (P=0.0%),pass
tacet,medium,shift,20,iid,5,100,54,10000,false,0.908000,,3222,10000,"Inconclusive: SampleBudgetExceeded { current_probability: 0.908, samples_collected: 10000 }",inconclusive
tacet,medium,shift,20,iid,5,0.4,28,10000,true,1.000000,,5939,10000,"Fail (P=100.0%, StandardRemote)",fail
tacet,medium,shift,20,iid,5,0.4,25,10000,true,1.000000,,4537,10000,"Fail (P=100.0%, StandardRemote)",fail
tacet,medium,shift,4,ar1-0.8,5,100,53,10000,false,0.000000,,6268,10000,Pass (P=0.0%),pass
tacet,medium,shift,4,ar1-0.8,5,0.4,52,10000,true,1.000000,,6261,10000,"Fail (P=100.0%, Http2Multiplexing)",fail
tacet,medium,shift,20,iid,5,100,26,10000,false,0.439250,,7684,10000,"Inconclusive: SampleBudgetExceeded { current_probability: 0.43925, samples_collected: 10000 }",inconclusive
tacet,medium,shift,20,ar1-0.3,5,100,16,10000,false,0.859500,,1288,10000,"Inconclusive: SampleBudgetExceeded { current_probability: 0.8595, samples_collected: 10000 }",inconclusive
tacet,medium,shift,20,ar1-0.3,5,0.4,17,10000,true,1.000000,,1295,10000,"Fail (P=100.0%, StandardRemote)",fail
tacet,medium,shift,20,ar1-0.3,5,0.4,14,10000,true,1.000000,,1298,10000,"Fail (P=100.0%, StandardRemote)",fail
tacet,medium,shift,20,ar1-0.6,5,100,2,10000,false,0.544750,,1298,10000,"Inconclusive: SampleBudgetExceeded { current_probability: 0.54475, samples_collected: 10000 }",inconclusive
tacet,medium,shift,20,ar1-0.6,5,0.4,15,10000,true,1.000000,,1300,10000,"Fail (P=100.0%, StandardRemote)",fail
tacet,medium,shift,20,ar1-0.3,5,0.4,5,10000,true,1.000000,,1301,10000,"Fail (P=100.0%, StandardRemote)",fail
tacet,medium,shift,20,ar1-0.3,5,0.4,8,10000,true,1.000000,,1303,10000,"Fail (P=100.0%, StandardRemote)",fail
tacet,medium,shift,20,ar1-0.6,5,100,8,10000,false,0.930000,,1304,10000,"Inconclusive: SampleBudgetExceeded { current_probability: 0.93, samples_collected: 10000 }",inconclusive
tacet,medium,shift,20,ar1-0.3,5,100,5,10000,false,0.891500,,1305,10000,"Inconclusive: SampleBudgetExceeded { current_probability: 0.8915, samples_collected: 10000 }",inconclusive
tacet,medium,shift,20,ar1-0.3,5,100,3,10000,false,0.859250,,1306,10000,"Inconclusive: SampleBudgetExceeded { current_probability: 0.85925, samples_collected: 10000 }",inconclusive
tacet,medium,shift,20,ar1-0.3,5,100,1,10000,false,0.921000,,1307,10000,"Inconclusive: SampleBudgetExceeded { current_probability: 0.921, samples_collected: 10000 }",inconclusive
tacet,medium,shift,20,ar1-0.3,5,0.4,0,10000,true,1.000000,,1307,10000,"Fail (P=100.0%, StandardRemote)",fail
tacet,medium,shift,20,ar1-0.3,5,0.4,25,10000,true,1.000000,,1308,10000,"Fail (P=100.0%, StandardRemote)",fail
tacet,medium,shift,20,ar1-0.3,5,0.4,7,10000,true,1.000000,,1314,10000,"Fail (P=100.0%, StandardRemote)",fail
tacet,medium,shift,20,ar1-0.3,5,0.4,15,10000,true,1.000000,,1330,10000,"Fail (P=100.0%, StandardRemote)",fail
tacet,medium,shift,20,ar1-0.3,5,100,15,10000,false,0.772750,,1330,10000,"Inconclusive: SampleBudgetExceeded { current_probability: 0.77275, samples_collected: 10000 }",inconclusive
tacet,medium,shift,20,ar1-0.3,5,0.4,13,10000,true,1.000000,,1331,10000,"Fail (P=100.0%, StandardRemote)",fail
tacet,medium,shift,20,ar1-0.3,5,100,18,10000,false,0.845000,,1335,10000,"Inconclusive: SampleBudgetExceeded { current_probability: 0.845, samples_collected: 10000 }",inconclusive
tacet,medium,shift,20,ar1-0.3,5,0.4,3,10000,true,1.000000,,1336,10000,"Fail (P=100.0%, StandardRemote)",fail
tacet,medium,shift,20,ar1-0.3,5,0.4,2,10000,true,1.000000,,1337,10000,"Fail (P=100.0%, StandardRemote)",fail
tacet,medium,shift,20,ar1-0.3,5,100,7,10000,false,0.916250,,1338,10000,"Inconclusive: SampleBudgetExceeded { current_probability: 0.91625, samples_collected: 10000 }",inconclusive
tacet,medium,shift,20,ar1-0.3,5,100,4,10000,false,0.307500,,1338,10000,"Inconclusive: SampleBudgetExceeded { current_probability: 0.3075, samples_collected: 10000 }",inconclusive
tacet,medium,shift,20,ar1-0.6,5,100,5,10000,false,0.783000,,1338,10000,"Inconclusive: SampleBudgetExceeded { current_probability: 0.783, samples_collected: 10000 }",inconclusive
tacet,medium,shift,20,ar1-0.3,5,100,12,10000,false,0.162250,,1339,10000,"Inconclusive: SampleBudgetExceeded { current_probability: 0.16225, samples_collected: 10000 }",inconclusive
tacet,medium,shift,20,ar1-0.3,5,100,6,10000,true,0.964500,,1341,10000,"Fail (P=96.5%, StandardRemote)",fail
tacet,medium,shift,20,ar1-0.3,5,0.4,9,10000,true,1.000000,,1342,10000,"Fail (P=100.0%, Http2Multiplexing)",fail
tacet,medium,shift,20,ar1-0.3,5,0.4,18,10000,true,1.000000,,1344,10000,"Fail (P=100.0%, StandardRemote)",fail
tacet,medium,shift,20,ar1-0.3,5,100,14,10000,false,0.905000,,1347,10000,"Inconclusive: SampleBudgetExceeded { current_probability: 0.905, samples_collected: 10000 }",inconclusive
tacet,medium,shift,20,ar1-0.3,5,0.4,16,10000,true,1.000000,,1349,10000,"Fail (P=100.0%, StandardRemote)",fail
tacet,medium,shift,20,ar1-0.3,5,0.4,50,10000,true,1.000000,,1351,10000,"Fail (P=100.0%, StandardRemote)",fail
tacet,medium,shift,20,ar1-0.3,5,100,17,10000,false,0.745500,,1357,10000,"Inconclusive: SampleBudgetExceeded { current_probability: 0.7455, samples_collected: 10000 }",inconclusive
tacet,medium,shift,20,ar1-0.3,5,0.4,6,10000,true,1.000000,,1358,10000,"Fail (P=100.0%, StandardRemote)",fail
tacet,medium,shift,20,ar1-0.3,5,100,21,10000,false,0.818250,,1314,10000,"Inconclusive: SampleBudgetExceeded { current_probability: 0.81825, samples_collected: 10000 }",inconclusive
tacet,medium,shift,20,ar1-0.6,5,100,15,10000,false,0.540750,,1312,10000,"Inconclusive: SampleBudgetExceeded { current_probability: 0.54075, samples_collected: 10000 }",inconclusive
tacet,medium,shift,20,ar1-0.6,5,0.4,9,10000,true,1.000000,,1311,10000,"Fail (P=100.0%, Http2Multiplexing)",fail
tacet,medium,shift,20,ar1-0.3,5,100,13,10000,false,0.765250,,1329,10000,"Inconclusive: SampleBudgetExceeded { current_probability: 0.76525, samples_collected: 10000 }",inconclusive
tacet,medium,shift,20,ar1-0.3,5,100,0,10000,false,0.609500,,1323,10000,"Inconclusive: SampleBudgetExceeded { current_probability: 0.6095, samples_collected: 10000 }",inconclusive
tacet,medium,shift,20,ar1-0.3,5,0.4,56,10000,true,1.000000,,1331,10000,"Fail (P=100.0%, StandardRemote)",fail
tacet,medium,shift,20,ar1-0.3,5,0.4,4,10000,true,1.000000,,1331,10000,"Fail (P=100.0%, Http2Multiplexing)",fail
tacet,medium,shift,20,ar1-0.3,5,0.4,59,10000,true,1.000000,,1330,10000,"Fail (P=100.0%, StandardRemote)",fail
tacet,medium,shift,20,ar1-0.3,5,100,25,10000,true,0.963250,,1327,10000,"Fail (P=96.3%, StandardRemote)",fail
tacet,medium,shift,20,ar1-0.3,5,100,10,10000,false,0.796750,,1328,10000,"Inconclusive: SampleBudgetExceeded { current_probability: 0.79675, samples_collected: 10000 }",inconclusive
tacet,medium,shift,20,ar1-0.6,5,100,3,10000,false,0.754250,,1312,10000,"Inconclusive: SampleBudgetExceeded { current_probability: 0.75425, samples_collected: 10000 }",inconclusive
tacet,medium,shift,20,ar1-0.6,5,100,0,10000,false,0.527000,,1343,10000,"Inconclusive: SampleBudgetExceeded { current_probability: 0.527, samples_collected: 10000 }",inconclusive
tacet,medium,shift,20,ar1-0.6,5,100,7,10000,false,0.862500,,1350,10000,"Inconclusive: SampleBudgetExceeded { current_probability: 0.8625, samples_collected: 10000 }",inconclusive
tacet,medium,shift,20,ar1-0.3,5,100,9,10000,false,0.294500,,1348,10000,"Inconclusive: SampleBudgetExceeded { current_probability: 0.2945, samples_collected: 10000 }",inconclusive
tacet,medium,shift,20,ar1-0.3,5,100,57,10000,false,0.922250,,1349,10000,"Inconclusive: SampleBudgetExceeded { current_probability: 0.92225, samples_collected: 10000 }",inconclusive
tacet,medium,shift,20,ar1-0.3,5,0.4,20,10000,true,1.000000,,1363,10000,"Fail (P=100.0%, StandardRemote)",fail
tacet,medium,shift,20,ar1-0.6,5,0.4,6,10000,true,1.000000,,1360,10000,"Fail (P=100.0%, StandardRemote)",fail
tacet,medium,shift,20,ar1-0.3,5,0.4,53,10000,true,1.000000,,1352,10000,"Fail (P=100.0%, Http2Multiplexing)",fail
tacet,medium,shift,20,ar1-0.3,5,0.4,19,10000,true,1.000000,,1369,10000,"Fail (P=100.0%, StandardRemote)",fail
tacet,medium,shift,20,ar1-0.3,5,100,20,10000,true,0.988500,,1368,10000,"Fail (P=98.9%, StandardRemote)",fail
tacet,medium,shift,20,ar1-0.3,5,100,50,10000,true,0.995250,,1368,10000,"Fail (P=99.5%, StandardRemote)",fail
tacet,medium,shift,20,ar1-0.3,5,0.4,23,10000,true,1.000000,,1367,10000,"Fail (P=100.0%, StandardRemote)",fail
tacet,medium,shift,20,ar1-0.6,5,100,1,10000,false,0.850750,,1312,10000,"Inconclusive: SampleBudgetExceeded { current_probability: 0.85075, samples_collected: 10000 }",inconclusive
tacet,medium,shift,20,ar1-0.3,5,0.4,58,10000,true,1.000000,,1319,10000,"Fail (P=100.0%, StandardRemote)",fail
tacet,medium,shift,20,ar1-0.6,5,0.4,2,10000,true,1.000000,,1339,10000,"Fail (P=100.0%, StandardRemote)",fail
tacet,medium,shift,20,ar1-0.6,5,0.4,8,10000,true,1.000000,,1347,10000,"Fail (P=100.0%, StandardRemote)",fail
tacet,medium,shift,20,ar1-0.3,5,100,37,10000,false,0.797250,,1311,10000,"Inconclusive: SampleBudgetExceeded { current_probability: 0.79725, samples_collected: 10000 }",inconclusive
tacet,medium,shift,20,ar1-0.6,5,100,4,10000,false,0.161000,,1380,10000,"Inconclusive: SampleBudgetExceeded { current_probability: 0.161, samples_collected: 10000 }",inconclusive
tacet,medium,shift,20,ar1-0.6,5,100,27,10000,false,0.175750,,1301,10000,"Inconclusive: SampleBudgetExceeded { current_probability: 0.17575, samples_collected: 10000 }",inconclusive
tacet,medium,shift,20,ar1-0.3,5,100,54,10000,false,0.865500,,1306,10000,"Inconclusive: SampleBudgetExceeded { current_probability: 0.8655, samples_collected: 10000 }",inconclusive
tacet,medium,shift,20,ar1-0.3,5,100,58,10000,false,0.903500,,1357,10000,"Inconclusive: SampleBudgetExceeded { current_probability: 0.9035, samples_collected: 10000 }",inconclusive
tacet,medium,shift,20,ar1-0.3,5,0.4,21,10000,true,1.000000,,1356,10000,"Fail (P=100.0%, StandardRemote)",fail
tacet,medium,shift,20,ar1-0.6,5,0.4,16,10000,true,1.000000,,1302,10000,"Fail (P=100.0%, StandardRemote)",fail
tacet,medium,shift,20,ar1-0.6,5,100,9,10000,false,0.203000,,1309,10000,"Inconclusive: SampleBudgetExceeded { current_probability: 0.203, samples_collected: 10000 }",inconclusive
tacet,medium,shift,20,ar1-0.6,5,0.4,3,10000,true,1.000000,,2631,10000,"Fail (P=100.0%, StandardRemote)",fail
tacet,medium,shift,20,ar1-0.6,5,100,11,10000,false,0.503500,,1311,10000,"Inconclusive: SampleBudgetExceeded { current_probability: 0.5035, samples_collected: 10000 }",inconclusive
tacet,medium,shift,20,ar1-0.6,5,0.4,10,10000,true,1.000000,,1311,10000,"Fail (P=100.0%, StandardRemote)",fail
tacet,medium,shift,20,ar1-0.3,5,100,22,10000,true,0.994750,,1319,10000,"Fail (P=99.5%, StandardRemote)",fail
tacet,medium,shift,20,ar1-0.3,5,100,59,10000,true,0.978750,,1316,10000,"Fail (P=97.9%, StandardRemote)",fail
tacet,medium,shift,20,ar1-0.3,5,0.4,10,10000,true,1.000000,,1318,10000,"Fail (P=100.0%, StandardRemote)",fail
tacet,medium,shift,20,ar1-0.3,5,100,56,10000,true,0.969500,,1329,10000,"Fail (P=97.0%, StandardRemote)",fail
tacet,medium,shift,20,ar1-0.3,5,0.4,26,10000,true,1.000000,,1332,10000,"Fail (P=100.0%, StandardRemote)",fail
tacet,medium,shift,20,ar1-0.6,5,0.4,1,10000,true,1.000000,,1339,10000,"Fail (P=100.0%, StandardRemote)",fail
tacet,medium,shift,20,ar1-0.3,5,0.4,1,10000,true,1.000000,,2591,10000,"Fail (P=100.0%, StandardRemote)",fail
tacet,medium,shift,20,ar1-0.6,5,100,6,10000,true,0.951000,,1352,10000,"Fail (P=95.1%, StandardRemote)",fail
tacet,medium,shift,20,ar1-0.6,5,0.4,13,10000,true,1.000000,,1358,10000,"Fail (P=100.0%, StandardRemote)",fail
tacet,medium,shift,20,ar1-0.3,5,0.4,24,10000,true,1.000000,,1357,10000,"Fail (P=100.0%, StandardRemote)",fail
tacet,medium,shift,20,ar1-0.3,5,100,53,10000,false,0.467250,,1356,10000,"Inconclusive: SampleBudgetExceeded { current_probability: 0.46725, samples_collected: 10000 }",inconclusive
tacet,medium,shift,20,ar1-0.6,5,0.4,11,10000,true,1.000000,,1373,10000,"Fail (P=100.0%, Http2Multiplexing)",fail
tacet,medium,shift,20,ar1-0.3,5,100,11,10000,false,0.710500,,1360,10000,"Inconclusive: SampleBudgetExceeded { current_probability: 0.7105, samples_collected: 10000 }",inconclusive
tacet,medium,shift,20,ar1-0.3,5,100,43,10000,true,0.994500,,1372,10000,"Fail (P=99.5%, StandardRemote)",fail
tacet,medium,shift,20,ar1-0.3,5,0.4,51,10000,true,1.000000,,1358,10000,"Fail (P=100.0%, StandardRemote)",fail
tacet,medium,shift,20,ar1-0.3,5,100,23,10000,true,0.968250,,1359,10000,"Fail (P=96.8%, StandardRemote)",fail
tacet,medium,shift,20,ar1-0.3,5,0.4,55,10000,true,1.000000,,1352,10000,"Fail (P=100.0%, StandardRemote)",fail
tacet,medium,shift,20,ar1-0.3,5,100,40,10000,false,0.901250,,1359,10000,"Inconclusive: SampleBudgetExceeded { current_probability: 0.90125, samples_collected: 10000 }",inconclusive
tacet,medium,shift,20,ar1-0.3,5,0.4,38,10000,true,1.000000,,1304,10000,"Fail (P=100.0%, StandardRemote)",fail
tacet,medium,shift,20,ar1-0.6,5,0.4,12,10000,true,1.000000,,1313,10000,"Fail (P=100.0%, Http2Multiplexing)",fail
tacet,medium,shift,20,ar1-0.6,5,0.4,21,10000,true,1.000000,,1314,10000,"Fail (P=100.0%, StandardRemote)",fail
tacet,medium,shift,20,ar1-0.6,5,0.4,24,10000,true,1.000000,,1328,10000,"Fail (P=100.0%, StandardRemote)",fail
tacet,medium,shift,20,ar1-0.6,5,0.4,28,10000,true,1.000000,,1330,10000,"Fail (P=100.0%, Http2Multiplexing)",fail
tacet,medium,shift,20,ar1-0.3,5,100,46,10000,true,0.994500,,1352,10000,"Fail (P=99.5%, StandardRemote)",fail
tacet,medium,shift,20,ar1-0.6,5,0.4,18,10000,true,1.000000,,1341,10000,"Fail (P=100.0%, StandardRemote)",fail
tacet,medium,shift,20,ar1-0.6,5,100,12,10000,false,0.089250,,1349,10000,"Inconclusive: SampleBudgetExceeded { current_probability: 0.08925, samples_collected: 10000 }",inconclusive
tacet,medium,shift,20,ar1-0.6,5,100,16,10000,false,0.759250,,1299,10000,"Inconclusive: SampleBudgetExceeded { current_probability: 0.75925, samples_collected: 10000 }",inconclusive
tacet,medium,shift,20,ar1-0.6,5,0.4,0,10000,true,1.000000,,1313,10000,"Fail (P=100.0%, StandardRemote)",fail
tacet,medium,shift,20,ar1-0.6,5,0.4,14,10000,true,1.000000,,1318,10000,"Fail (P=100.0%, StandardRemote)",fail
tacet,medium,shift,20,ar1-0.3,5,0.4,47,10000,true,1.000000,,1309,10000,"Fail (P=100.0%, StandardRemote)",fail
tacet,medium,shift,20,ar1-0.3,5,0.4,49,10000,true,1.000000,,1320,10000,"Fail (P=100.0%, StandardRemote)",fail
tacet,medium,shift,20,ar1-0.6,5,0.4,17,10000,true,1.000000,,1325,10000,"Fail (P=100.0%, StandardRemote)",fail
tacet,medium,shift,20,ar1-0.3,5,0.4,57,10000,true,1.000000,,1330,10000,"Fail (P=100.0%, StandardRemote)",fail
tacet,medium,shift,20,ar1-0.3,5,100,26,10000,false,0.768750,,1329,10000,"Inconclusive: SampleBudgetExceeded { current_probability: 0.76875, samples_collected: 10000 }",inconclusive
tacet,medium,shift,20,ar1-0.3,5,0.4,45,10000,true,1.000000,,1319,10000,"Fail (P=100.0%, StandardRemote)",fail
tacet,medium,shift,20,ar1-0.6,5,100,26,10000,false,0.627250,,1320,10000,"Inconclusive: SampleBudgetExceeded { current_probability: 0.62725, samples_collected: 10000 }",inconclusive
tacet,medium,shift,20,ar1-0.6,5,100,13,10000,false,0.610750,,1348,10000,"Inconclusive: SampleBudgetExceeded { current_probability: 0.61075, samples_collected: 10000 }",inconclusive
tacet,medium,shift,20,ar1-0.6,5,0.4,26,10000,true,1.000000,,1370,10000,"Fail (P=100.0%, StandardRemote)",fail
tacet,medium,shift,20,ar1-0.3,5,0.4,54,10000,true,1.000000,,1374,10000,"Fail (P=100.0%, StandardRemote)",fail
tacet,medium,shift,20,ar1-0.3,5,100,51,10000,true,0.981500,,1360,10000,"Fail (P=98.2%, StandardRemote)",fail
tacet,medium,shift,20,ar1-0.3,5,0.4,39,10000,true,1.000000,,1354,10000,"Fail (P=100.0%, Http2Multiplexing)",fail
tacet,medium,shift,20,ar1-0.3,5,0.4,44,10000,true,1.000000,,1376,10000,"Fail (P=100.0%, StandardRemote)",fail
tacet,medium,shift,20,ar1-0.6,5,0.4,5,10000,true,1.000000,,2411,10000,"Fail (P=100.0%, StandardRemote)",fail
tacet,medium,shift,20,ar1-0.3,5,100,55,10000,false,0.919500,,1519,10000,"Inconclusive: SampleBudgetExceeded { current_probability: 0.9195, samples_collected: 10000 }",inconclusive
tacet,medium,shift,20,ar1-0.3,5,100,38,10000,false,0.588750,,1310,10000,"Inconclusive: SampleBudgetExceeded { current_probability: 0.58875, samples_collected: 10000 }",inconclusive
tacet,medium,shift,20,ar1-0.6,5,100,24,10000,false,0.896000,,1357,10000,"Inconclusive: SampleBudgetExceeded { current_probability: 0.896, samples_collected: 10000 }",inconclusive
tacet,medium,shift,20,ar1-0.3,5,0.4,41,10000,true,1.000000,,1355,10000,"Fail (P=100.0%, StandardRemote)",fail
tacet,medium,shift,20,ar1-0.6,5,100,21,10000,false,0.701500,,1335,10000,"Inconclusive: SampleBudgetExceeded { current_probability: 0.7015, samples_collected: 10000 }",inconclusive
tacet,medium,shift,20,ar1-0.6,5,100,28,10000,false,0.026750,,1323,10000,Pass (P=2.7%),pass
tacet,medium,shift,20,ar1-0.6,5,100,14,10000,false,0.813000,,1346,10000,"Inconclusive: SampleBudgetExceeded { current_probability: 0.813, samples_collected: 10000 }",inconclusive
tacet,medium,shift,20,ar1-0.6,5,0.4,20,10000,true,1.000000,,1350,10000,"Fail (P=100.0%, StandardRemote)",fail
tacet,medium,shift,20,ar1-0.3,5,0.4,31,10000,true,1.000000,,1322,10000,"Fail (P=100.0%, StandardRemote)",fail
tacet,medium,shift,20,ar1-0.6,5,100,33,10000,true,0.968500,,1364,10000,"Fail (P=96.9%, StandardRemote)",fail
tacet,medium,shift,20,ar1-0.6,5,0.4,25,10000,true,1.000000,,1353,10000,"Fail (P=100.0%, StandardRemote)",fail
tacet,medium,shift,20,ar1-0.6,5,100,18,10000,false,0.703000,,1356,10000,"Inconclusive: SampleBudgetExceeded { current_probability: 0.703, samples_collected: 10000 }",inconclusive
tacet,medium,shift,20,ar1-0.3,5,0.4,42,10000,true,1.000000,,1312,10000,"Fail (P=100.0%, StandardRemote)",fail
tacet,medium,shift,20,ar1-0.3,5,100,19,10000,false,0.804500,,4894,10000,"Inconclusive: SampleBudgetExceeded { current_probability: 0.8045, samples_collected: 10000 }",inconclusive
tacet,medium,shift,20,ar1-0.6,5,0.4,19,10000,true,1.000000,,1312,10000,"Fail (P=100.0%, StandardRemote)",fail
tacet,medium,shift,20,ar1-0.3,5,100,35,10000,false,0.411750,,1316,10000,"Inconclusive: SampleBudgetExceeded { current_probability: 0.41175, samples_collected: 10000 }",inconclusive
tacet,medium,shift,20,ar1-0.3,5,0.4,28,10000,true,1.000000,,1320,10000,"Fail (P=100.0%, Http2Multiplexing)",fail
tacet,medium,shift,20,ar1-0.3,5,100,31,10000,false,0.696250,,1313,10000,"Inconclusive: SampleBudgetExceeded { current_probability: 0.69625, samples_collected: 10000 }",inconclusive
tacet,medium,shift,20,ar1-0.3,5,0.4,27,10000,true,1.000000,,1322,10000,"Fail (P=100.0%, Http2Multiplexing)",fail
tacet,medium,shift,20,ar1-0.6,5,100,25,10000,false,0.933500,,2594,10000,"Inconclusive: SampleBudgetExceeded { current_probability: 0.9335, samples_collected: 10000 }",inconclusive
tacet,medium,shift,20,ar1-0.3,5,100,34,10000,false,0.641000,,1395,10000,"Inconclusive: SampleBudgetExceeded { current_probability: 0.641, samples_collected: 10000 }",inconclusive
tacet,medium,shift,20,ar1-0.3,5,100,39,10000,false,0.420500,,1339,10000,"Inconclusive: SampleBudgetExceeded { current_probability: 0.4205, samples_collected: 10000 }",inconclusive
tacet,medium,shift,20,ar1-0.3,5,100,29,10000,false,0.925500,,1387,10000,"Inconclusive: SampleBudgetExceeded { current_probability: 0.9255, samples_collected: 10000 }",inconclusive
tacet,medium,shift,20,ar1-0.3,5,0.4,52,10000,true,1.000000,,1370,10000,"Fail (P=100.0%, StandardRemote)",fail
tacet,medium,shift,20,ar1-0.3,5,100,45,10000,false,0.928750,,1497,10000,"Inconclusive: SampleBudgetExceeded { current_probability: 0.92875, samples_collected: 10000 }",inconclusive
tacet,medium,shift,20,ar1-0.6,5,100,20,10000,true,0.983250,,1193,10000,"Fail (P=98.3%, StandardRemote)",fail
tacet,medium,shift,20,ar1-0.6,5,0.4,27,10000,true,1.000000,,1598,10000,"Fail (P=100.0%, Http2Multiplexing)",fail
tacet,medium,shift,20,ar1-0.6,5,100,30,10000,false,0.861250,,1453,10000,"Inconclusive: SampleBudgetExceeded { current_probability: 0.86125, samples_collected: 10000 }",inconclusive
tacet,medium,shift,20,ar1-0.6,5,0.4,32,10000,true,1.000000,,1371,10000,"Fail (P=100.0%, Http2Multiplexing)",fail
tacet,medium,shift,20,ar1-0.6,5,0.4,29,10000,true,1.000000,,1356,10000,"Fail (P=100.0%, StandardRemote)",fail
tacet,medium,shift,20,ar1-0.3,5,0.4,33,10000,true,1.000000,,1341,10000,"Fail (P=100.0%, StandardRemote)",fail
tacet,medium,shift,20,ar1-0.3,5,100,36,10000,false,0.755750,,1371,10000,"Inconclusive: SampleBudgetExceeded { current_probability: 0.75575, samples_collected: 10000 }",inconclusive
tacet,medium,shift,20,ar1-0.6,5,0.4,34,10000,true,1.000000,,1356,10000,"Fail (P=100.0%, Http2Multiplexing)",fail
tacet,medium,shift,20,ar1-0.3,5,0.4,35,10000,true,1.000000,,1317,10000,"Fail (P=100.0%, Http2Multiplexing)",fail
tacet,medium,shift,20,ar1-0.6,5,100,31,10000,false,0.536250,,1300,10000,"Inconclusive: SampleBudgetExceeded { current_probability: 0.53625, samples_collected: 10000 }",inconclusive
tacet,medium,shift,20,ar1-0.6,5,0.4,23,10000,true,1.000000,,1367,10000,"Fail (P=100.0%, StandardRemote)",fail
tacet,medium,shift,20,ar1-0.3,5,100,28,10000,false,0.051750,,1683,10000,"Inconclusive: SampleBudgetExceeded { current_probability: 0.05175, samples_collected: 10000 }",inconclusive
tacet,medium,shift,20,ar1-0.6,5,100,32,10000,false,0.120250,,1368,10000,"Inconclusive: SampleBudgetExceeded { current_probability: 0.12025, samples_collected: 10000 }",inconclusive
tacet,medium,shift,20,ar1-0.3,5,0.4,32,10000,true,1.000000,,1338,10000,"Fail (P=100.0%, Http2Multiplexing)",fail
tacet,medium,shift,20,ar1-0.3,5,100,42,10000,true,0.979250,,1311,10000,"Fail (P=97.9%, StandardRemote)",fail
tacet,medium,shift,20,ar1-0.6,5,0.4,31,10000,true,1.000000,,1389,10000,"Fail (P=100.0%, StandardRemote)",fail
tacet,medium,shift,20,ar1-0.3,5,0.4,30,10000,true,1.000000,,1206,10000,"Fail (P=100.0%, StandardRemote)",fail
tacet,medium,shift,20,ar1-0.6,5,100,29,10000,false,0.881500,,1383,10000,"Inconclusive: SampleBudgetExceeded { current_probability: 0.8815, samples_collected: 10000 }",inconclusive
tacet,medium,shift,20,ar1-0.6,5,100,36,10000,false,0.574250,,1113,10000,"Inconclusive: SampleBudgetExceeded { current_probability: 0.57425, samples_collected: 10000 }",inconclusive
tacet,medium,shift,20,ar1-0.6,5,100,35,10000,false,0.269250,,1051,10000,"Inconclusive: SampleBudgetExceeded { current_probability: 0.26925, samples_collected: 10000 }",inconclusive
tacet,medium,shift,20,ar1-0.6,5,0.4,37,10000,true,1.000000,,803,10000,"Fail (P=100.0%, StandardRemote)",fail
tacet,medium,shift,20,ar1-0.6,5,0.4,38,10000,true,1.000000,,975,10000,"Fail (P=100.0%, Http2Multiplexing)",fail
tacet,medium,shift,20,ar1-0.6,5,0.4,39,10000,true,1.000000,,905,10000,"Fail (P=100.0%, Http2Multiplexing)",fail
tacet,medium,shift,20,ar1-0.3,5,100,52,10000,false,0.857500,,1050,10000,"Inconclusive: SampleBudgetExceeded { current_probability: 0.8575, samples_collected: 10000 }",inconclusive
tacet,medium,shift,20,ar1-0.3,5,0.4,29,10000,true,1.000000,,2030,10000,"Fail (P=100.0%, StandardRemote)",fail
tacet,medium,shift,20,ar1-0.6,5,0.4,36,10000,true,1.000000,,684,10000,"Fail (P=100.0%, StandardRemote)",fail
tacet,medium,shift,20,ar1-0.6,5,100,23,10000,false,0.947250,,793,10000,"Inconclusive: SampleBudgetExceeded { current_probability: 0.94725, samples_collected: 10000 }",inconclusive
tacet,medium,shift,20,ar1-0.3,5,0.4,40,10000,true,1.000000,,1037,10000,"Fail (P=100.0%, StandardRemote)",fail
tacet,medium,shift,20,ar1-0.6,5,100,39,10000,false,0.197000,,793,10000,"Inconclusive: SampleBudgetExceeded { current_probability: 0.197, samples_collected: 10000 }",inconclusive
tacet,medium,shift,20,ar1-0.6,5,100,38,10000,false,0.467750,,765,10000,"Inconclusive: SampleBudgetExceeded { current_probability: 0.46775, samples_collected: 10000 }",inconclusive
tacet,medium,shift,20,ar1-0.6,5,100,37,10000,false,0.619000,,778,10000,"Inconclusive: SampleBudgetExceeded { current_probability: 0.619, samples_collected: 10000 }",inconclusive
tacet,medium,shift,20,ar1-0.6,5,0.4,22,10000,true,1.000000,,2107,10000,"Fail (P=100.0%, StandardRemote)",fail
tacet,medium,shift,20,ar1-0.3,5,100,41,10000,false,0.852000,,2416,10000,"Inconclusive: SampleBudgetExceeded { current_probability: 0.852, samples_collected: 10000 }",inconclusive
tacet,medium,shift,20,ar1-0.3,5,100,32,10000,false,0.268750,,2970,10000,"Inconclusive: SampleBudgetExceeded { current_probability: 0.26875, samples_collected: 10000 }",inconclusive
tacet,medium,shift,20,ar1-0.6,5,0.4,33,10000,true,1.000000,,2102,10000,"Fail (P=100.0%, StandardRemote)",fail
tacet,medium,shift,20,ar1-0.3,5,0.4,46,10000,true,1.000000,,2826,10000,"Fail (P=100.0%, StandardRemote)",fail
tacet,medium,shift,20,ar1-0.6,5,0.4,35,10000,true,1.000000,,1559,10000,"Fail (P=100.0%, Http2Multiplexing)",fail
tacet,medium,shift,20,ar1-0.3,5,100,30,10000,false,0.928750,,1806,10000,"Inconclusive: SampleBudgetExceeded { current_probability: 0.92875, samples_collected: 10000 }",inconclusive
tacet,medium,shift,20,ar1-0.3,5,0.4,36,10000,true,1.000000,,1668,10000,"Fail (P=100.0%, StandardRemote)",fail
tacet,medium,shift,20,ar1-0.6,5,100,34,10000,false,0.474250,,1476,10000,"Inconclusive: SampleBudgetExceeded { current_probability: 0.47425, samples_collected: 10000 }",inconclusive
tacet,medium,shift,20,ar1-0.6,5,0.4,30,10000,true,1.000000,,1316,10000,"Fail (P=100.0%, StandardRemote)",fail
tacet,medium,shift,20,ar1-0.3,5,0.4,34,10000,true,1.000000,,3372,10000,"Fail (P=100.0%, StandardRemote)",fail
tacet,medium,shift,20,ar1-0.3,5,100,24,10000,false,0.940500,,5126,10000,"Inconclusive: SampleBudgetExceeded { current_probability: 0.9405, samples_collected: 10000 }",inconclusive
tacet,medium,shift,20,ar1-0.3,5,100,47,10000,false,0.925500,,3406,10000,"Inconclusive: SampleBudgetExceeded { current_probability: 0.9255, samples_collected: 10000 }",inconclusive
tacet,medium,shift,20,ar1-0.6,5,0.4,7,10000,true,1.000000,,7317,10000,"Fail (P=100.0%, StandardRemote)",fail
tacet,medium,shift,20,ar1-0.3,5,100,33,10000,true,0.985750,,2734,10000,"Fail (P=98.6%, StandardRemote)",fail
tacet,medium,shift,20,ar1-0.6,5,100,19,10000,false,0.678000,,4579,10000,"Inconclusive: SampleBudgetExceeded { current_probability: 0.678, samples_collected: 10000 }",inconclusive
tacet,medium,shift,20,ar1-0.3,5,100,27,10000,false,0.324500,,2095,10000,"Inconclusive: SampleBudgetExceeded { current_probability: 0.3245, samples_collected: 10000 }",inconclusive
tacet,medium,shift,20,ar1-0.3,5,0.4,43,10000,true,1.000000,,2473,10000,"Fail (P=100.0%, StandardRemote)",fail
tacet,medium,shift,20,ar1-0.6,5,0.4,4,10000,true,1.000000,,7684,10000,"Fail (P=100.0%, Http2Multiplexing)",fail
tacet,medium,shift,20,ar1-0.6,5,100,17,10000,false,0.587500,,3750,10000,"Inconclusive: SampleBudgetExceeded { current_probability: 0.5875, samples_collected: 10000 }",inconclusive
tacet,medium,shift,20,ar1-0.3,5,0.4,12,10000,true,1.000000,,4961,10000,"Fail (P=100.0%, Http2Multiplexing)",fail
tacet,medium,shift,20,ar1-0.3,5,100,49,10000,true,0.980750,,4530,10000,"Fail (P=98.1%, StandardRemote)",fail
tacet,medium,shift,20,ar1-0.3,5,0.4,37,10000,true,1.000000,,2816,10000,"Fail (P=100.0%, StandardRemote)",fail
tacet,medium,shift,20,ar1-0.6,5,100,22,10000,true,0.992250,,3205,10000,"Fail (P=99.2%, StandardRemote)",fail
tacet,medium,shift,20,ar1-0.3,5,0.4,48,10000,true,1.000000,,5495,10000,"Fail (P=100.0%, StandardRemote)",fail
tacet,medium,shift,20,ar1-0.3,5,0.4,11,10000,true,1.000000,,6804,10000,"Fail (P=100.0%, StandardRemote)",fail
tacet,medium,shift,20,ar1-0.3,5,100,44,10000,false,0.947000,,4854,10000,"Inconclusive: SampleBudgetExceeded { current_probability: 0.947, samples_collected: 10000 }",inconclusive
tacet,medium,shift,20,ar1-0.3,5,100,2,10000,false,0.680750,,8150,10000,"Inconclusive: SampleBudgetExceeded { current_probability: 0.68075, samples_collected: 10000 }",inconclusive
tacet,medium,shift,20,ar1-0.3,5,0.4,22,10000,true,1.000000,,6853,10000,"Fail (P=100.0%, StandardRemote)",fail
tacet,medium,shift,20,ar1-0.3,5,100,48,10000,false,0.753000,,5814,10000,"Inconclusive: SampleBudgetExceeded { current_probability: 0.753, samples_collected: 10000 }",inconclusive
tacet,medium,shift,20,ar1-0.6,5,100,10,10000,false,0.692750,,7558,10000,"Inconclusive: SampleBudgetExceeded { current_probability: 0.69275, samples_collected: 10000 }",inconclusive
tacet,medium,shift,20,ar1-0.3,5,100,8,10000,true,0.958750,,8960,10000,"Fail (P=95.9%, StandardRemote)",fail
tacet,medium,tail,0,iid,2,0.4,1,10000,false,0.000000,,1018,10000,Pass (P=0.0%),pass
tacet,medium,tail,0,iid,2,100,7,10000,false,0.000000,,1046,10000,Pass (P=0.0%),pass
tacet,medium,shift,20,ar1-0.8,5,100,39,10000,false,0.115750,,1279,10000,"Inconclusive: SampleBudgetExceeded { current_probability: 0.11575, samples_collected: 10000 }",inconclusive
tacet,medium,shift,20,ar1-0.8,5,0.4,36,10000,true,1.000000,,1288,10000,"Fail (P=100.0%, Http2Multiplexing)",fail
tacet,medium,shift,20,ar1-0.8,5,0.4,0,10000,true,1.000000,,1288,10000,"Fail (P=100.0%, Http2Multiplexing)",fail
tacet,medium,shift,20,ar1-0.8,5,100,51,10000,false,0.871000,,1289,10000,"Inconclusive: SampleBudgetExceeded { current_probability: 0.871, samples_collected: 10000 }",inconclusive
tacet,medium,shift,20,ar1-0.8,5,0.4,5,10000,true,1.000000,,1293,10000,"Fail (P=100.0%, StandardRemote)",fail
tacet,medium,shift,20,ar1-0.8,5,100,40,10000,false,0.818000,,1295,10000,"Inconclusive: SampleBudgetExceeded { current_probability: 0.818, samples_collected: 10000 }",inconclusive
tacet,medium,shift,20,ar1-0.6,5,0.4,54,10000,true,1.000000,,1299,10000,"Fail (P=100.0%, StandardRemote)",fail
tacet,medium,shift,20,ar1-0.8,5,100,37,10000,false,0.459250,,1300,10000,"Inconclusive: SampleBudgetExceeded { current_probability: 0.45925, samples_collected: 10000 }",inconclusive
tacet,medium,shift,20,ar1-0.8,5,0.4,55,10000,true,1.000000,,1300,10000,"Fail (P=100.0%, StandardRemote)",fail
tacet,medium,shift,20,ar1-0.8,5,100,48,10000,false,0.460000,,1302,10000,"Inconclusive: SampleBudgetExceeded { current_probability: 0.46, samples_collected: 10000 }",inconclusive
tacet,medium,shift,20,ar1-0.6,5,100,41,10000,false,0.796750,,1302,10000,"Inconclusive: SampleBudgetExceeded { current_probability: 0.79675, samples_collected: 10000 }",inconclusive
tacet,medium,shift,20,ar1-0.8,5,100,45,10000,false,0.720750,,1306,10000,"Inconclusive: SampleBudgetExceeded { current_probability: 0.72075, samples_collected: 10000 }",inconclusive
tacet,medium,shift,20,ar1-0.6,5,100,44,10000,false,0.873250,,1307,10000,"Inconclusive: SampleBudgetExceeded { current_probability: 0.87325, samples_collected: 10000 }",inconclusive
tacet,medium,shift,20,ar1-0.8,5,100,17,10000,false,0.434000,,1308,10000,"Inconclusive: SampleBudgetExceeded { current_probability: 0.434, samples_collected: 10000 }",inconclusive
tacet,medium,shift,20,ar1-0.6,5,100,58,10000,false,0.858250,,1311,10000,"Inconclusive: SampleBudgetExceeded { current_probability: 0.85825, samples_collected: 10000 }",inconclusive
tacet,medium,shift,20,ar1-0.6,5,0.4,46,10000,true,1.000000,,1327,10000,"Fail (P=100.0%, StandardRemote)",fail
tacet,medium,shift,20,ar1-0.6,5,0.4,40,10000,true,1.000000,,1331,10000,"Fail (P=100.0%, StandardRemote)",fail
tacet,medium,shift,20,ar1-0.8,5,0.4,39,10000,true,1.000000,,1333,10000,"Fail (P=100.0%, Http2Multiplexing)",fail
tacet,medium,shift,20,ar1-0.6,5,0.4,43,10000,true,1.000000,,1335,10000,"Fail (P=100.0%, StandardRemote)",fail
tacet,medium,shift,20,ar1-0.8,5,0.4,30,10000,true,1.000000,,1338,10000,"Fail (P=100.0%, StandardRemote)",fail
tacet,medium,shift,20,ar1-0.6,5,100,43,10000,true,0.985250,,1338,10000,"Fail (P=98.5%, StandardRemote)",fail
tacet,medium,shift,20,ar1-0.8,5,0.4,33,10000,true,1.000000,,1339,10000,"Fail (P=100.0%, StandardRemote)",fail
tacet,medium,shift,20,ar1-0.8,5,100,42,10000,false,0.945750,,1345,10000,"Inconclusive: SampleBudgetExceeded { current_probability: 0.94575, samples_collected: 10000 }",inconclusive
tacet,medium,shift,20,ar1-0.6,5,0.4,53,10000,true,1.000000,,1345,10000,"Fail (P=100.0%, Http2Multiplexing)",fail
tacet,medium,shift,20,ar1-0.6,5,0.4,44,10000,true,1.000000,,1346,10000,"Fail (P=100.0%, StandardRemote)",fail
tacet,medium,shift,20,ar1-0.6,5,0.4,49,10000,true,1.000000,,1346,10000,"Fail (P=100.0%, StandardRemote)",fail
tacet,medium,shift,20,ar1-0.8,5,100,1,10000,false,0.729000,,1349,10000,"Inconclusive: SampleBudgetExceeded { current_probability: 0.729, samples_collected: 10000 }",inconclusive
tacet,medium,shift,20,ar1-0.6,5,100,52,10000,false,0.738750,,1352,10000,"Inconclusive: SampleBudgetExceeded { current_probability: 0.73875, samples_collected: 10000 }",inconclusive
tacet,medium,shift,20,ar1-0.6,5,100,40,10000,false,0.868500,,1352,10000,"Inconclusive: SampleBudgetExceeded { current_probability: 0.8685, samples_collected: 10000 }",inconclusive
tacet,medium,shift,20,ar1-0.6,5,100,55,10000,false,0.815000,,1359,10000,"Inconclusive: SampleBudgetExceeded { current_probability: 0.815, samples_collected: 10000 }",inconclusive
tacet,medium,tail,0,iid,2,100,1,10000,false,0.000000,,1027,10000,Pass (P=0.0%),pass
tacet,medium,tail,0,iid,2,0.4,8,10000,false,0.000000,,1058,10000,Pass (P=0.0%),pass
tacet,medium,tail,0,iid,2,100,13,10000,false,0.000000,,1057,10000,Pass (P=0.0%),pass
tacet,medium,shift,20,ar1-0.8,5,100,36,10000,false,0.428500,,1299,10000,"Inconclusive: SampleBudgetExceeded { current_probability: 0.4285, samples_collected: 10000 }",inconclusive
tacet,medium,shift,20,ar1-0.8,5,0.4,52,10000,true,1.000000,,1305,10000,"Fail (P=100.0%, StandardRemote)",fail
tacet,medium,shift,20,ar1-0.8,5,100,0,10000,false,0.460750,,1307,10000,"Inconclusive: SampleBudgetExceeded { current_probability: 0.46075, samples_collected: 10000 }",inconclusive
tacet,medium,shift,20,ar1-0.8,5,100,5,10000,false,0.648000,,1305,10000,"Inconclusive: SampleBudgetExceeded { current_probability: 0.648, samples_collected: 10000 }",inconclusive
tacet,medium,shift,20,ar1-0.8,5,0.4,18,10000,true,1.000000,,1300,10000,"Fail (P=100.0%, StandardRemote)",fail
tacet,medium,shift,20,ar1-0.8,5,100,55,10000,false,0.688250,,1313,10000,"Inconclusive: SampleBudgetExceeded { current_probability: 0.68825, samples_collected: 10000 }",inconclusive
tacet,medium,shift,20,ar1-0.8,5,0.4,41,10000,true,1.000000,,1319,10000,"Fail (P=100.0%, StandardRemote)",fail
tacet,medium,shift,20,ar1-0.8,5,0.4,49,10000,true,1.000000,,1318,10000,"Fail (P=100.0%, StandardRemote)",fail
tacet,medium,shift,20,ar1-0.6,5,100,54,10000,false,0.748500,,1322,10000,"Inconclusive: SampleBudgetExceeded { current_probability: 0.7485, samples_collected: 10000 }",inconclusive
tacet,medium,shift,20,ar1-0.6,5,0.4,42,10000,true,1.000000,,1323,10000,"Fail (P=100.0%, StandardRemote)",fail
tacet,medium,shift,20,ar1-0.8,5,0.4,46,10000,true,1.000000,,1322,10000,"Fail (P=100.0%, StandardRemote)",fail
tacet,medium,shift,20,ar1-0.6,5,0.4,45,10000,true,1.000000,,1321,10000,"Fail (P=100.0%, StandardRemote)",fail
tacet,medium,shift,20,ar1-0.6,5,100,46,10000,true,0.987250,,1339,10000,"Fail (P=98.7%, StandardRemote)",fail
tacet,medium,shift,20,ar1-0.6,5,100,59,10000,false,0.929250,,1332,10000,"Inconclusive: SampleBudgetExceeded { current_probability: 0.92925, samples_collected: 10000 }",inconclusive
tacet,medium,shift,20,ar1-0.8,5,100,33,10000,false,0.932250,,1344,10000,"Inconclusive: SampleBudgetExceeded { current_probability: 0.93225, samples_collected: 10000 }",inconclusive
tacet,medium,shift,20,ar1-0.8,5,100,30,10000,false,0.787750,,1351,10000,"Inconclusive: SampleBudgetExceeded { current_probability: 0.78775, samples_collected: 10000 }",inconclusive
tacet,medium,shift,20,ar1-0.8,5,0.4,47,10000,true,1.000000,,1351,10000,"Fail (P=100.0%, StandardRemote)",fail
tacet,medium,shift,20,ar1-0.8,5,0.4,2,10000,true,1.000000,,1342,10000,"Fail (P=100.0%, Http2Multiplexing)",fail
tacet,medium,shift,20,ar1-0.6,5,0.4,57,10000,true,1.000000,,1352,10000,"Fail (P=100.0%, StandardRemote)",fail
tacet,medium,shift,20,ar1-0.6,5,100,53,10000,false,0.280500,,1364,10000,"Inconclusive: SampleBudgetExceeded { current_probability: 0.2805, samples_collected: 10000 }",inconclusive
tacet,medium,shift,20,ar1-0.8,5,0.4,43,10000,true,1.000000,,1365,10000,"Fail (P=100.0%, StandardRemote)",fail
tacet,medium,shift,20,ar1-0.6,5,100,49,10000,true,0.970500,,1366,10000,"Fail (P=97.0%, StandardRemote)",fail
tacet,medium,shift,20,ar1-0.6,5,0.4,41,10000,true,1.000000,,1365,10000,"Fail (P=100.0%, StandardRemote)",fail
tacet,medium,shift,20,ar1-0.6,5,0.4,56,10000,true,1.000000,,1363,10000,"Fail (P=100.0%, StandardRemote)",fail
tacet,medium,shift,20,ar1-0.8,5,100,38,10000,false,0.368250,,1303,10000,"Inconclusive: SampleBudgetExceeded { current_probability: 0.36825, samples_collected: 10000 }",inconclusive
tacet,medium,shift,20,ar1-0.6,5,100,45,10000,false,0.831000,,1314,10000,"Inconclusive: SampleBudgetExceeded { current_probability: 0.831, samples_collected: 10000 }",inconclusive
tacet,medium,shift,20,ar1-0.8,5,0.4,3,10000,true,1.000000,,1353,10000,"Fail (P=100.0%, StandardRemote)",fail
tacet,medium,shift,20,ar1-0.8,5,100,47,10000,false,0.845500,,1316,10000,"Inconclusive: SampleBudgetExceeded { current_probability: 0.8455, samples_collected: 10000 }",inconclusive
tacet,medium,tail,0,iid,2,0.4,2,10000,false,0.000000,,1026,10000,Pass (P=0.0%),pass
tacet,medium,shift,20,ar1-0.8,5,0.4,48,10000,true,1.000000,,1339,10000,"Fail (P=100.0%, Http2Multiplexing)",fail
tacet,medium,tail,0,iid,2,100,8,10000,false,0.000000,,1057,10000,Pass (P=0.0%),pass
tacet,medium,tail,0,iid,2,0.4,14,10000,false,0.000000,,1056,10000,Pass (P=0.0%),pass
tacet,medium,shift,20,ar1-0.8,5,0.4,40,10000,true,1.000000,,2313,10000,"Fail (P=100.0%, StandardRemote)",fail
tacet,medium,shift,20,ar1-0.6,5,0.4,59,10000,true,1.000000,,2337,10000,"Fail (P=100.0%, StandardRemote)",fail
tacet,medium,tail,0,iid,2,100,16,10000,false,0.000000,,1031,10000,Pass (P=0.0%),pass
tacet,medium,tail,0,iid,2,0.4,4,10000,false,0.000750,,1052,10000,Pass (P=0.1%),pass
tacet,medium,tail,0,iid,2,0.4,18,10000,false,0.000000,,1060,10000,Pass (P=0.0%),pass
tacet,medium,shift,20,ar1-0.8,5,0.4,37,10000,true,1.000000,,1301,10000,"Fail (P=100.0%, Http2Multiplexing)",fail
tacet,medium,shift,20,ar1-0.8,5,0.4,6,10000,true,1.000000,,1291,10000,"Fail (P=100.0%, StandardRemote)",fail
tacet,medium,shift,20,ar1-0.8,5,0.4,1,10000,true,1.000000,,1308,10000,"Fail (P=100.0%, StandardRemote)",fail
tacet,medium,shift,20,ar1-0.8,5,100,52,10000,false,0.633000,,1310,10000,"Inconclusive: SampleBudgetExceeded { current_probability: 0.633, samples_collected: 10000 }",inconclusive
tacet,medium,shift,20,ar1-0.8,5,100,18,10000,false,0.573000,,1301,10000,"Inconclusive: SampleBudgetExceeded { current_probability: 0.573, samples_collected: 10000 }",inconclusive
tacet,medium,shift,20,ar1-0.8,5,0.4,56,10000,true,1.000000,,1320,10000,"Fail (P=100.0%, StandardRemote)",fail
tacet,medium,shift,20,ar1-0.8,5,100,41,10000,false,0.700250,,1325,10000,"Inconclusive: SampleBudgetExceeded { current_probability: 0.70025, samples_collected: 10000 }",inconclusive
tacet,medium,shift,20,ar1-0.8,5,100,49,10000,false,0.947000,,1323,10000,"Inconclusive: SampleBudgetExceeded { current_probability: 0.947, samples_collected: 10000 }",inconclusive
tacet,medium,shift,20,ar1-0.6,5,0.4,55,10000,true,1.000000,,1324,10000,"Fail (P=100.0%, StandardRemote)",fail
tacet,medium,shift,20,ar1-0.6,5,100,42,10000,true,0.968750,,1326,10000,"Fail (P=96.9%, StandardRemote)",fail
tacet,medium,shift,20,ar1-0.8,5,100,2,10000,false,0.421250,,1329,10000,"Inconclusive: SampleBudgetExceeded { current_probability: 0.42125, samples_collected: 10000 }",inconclusive
tacet,medium,shift,20,ar1-0.6,5,0.4,47,10000,true,1.000000,,1351,10000,"Fail (P=100.0%, StandardRemote)",fail
tacet,medium,shift,20,ar1-0.8,5,0.4,34,10000,true,1.000000,,1345,10000,"Fail (P=100.0%, Http2Multiplexing)",fail
tacet,medium,shift,20,ar1-0.8,5,0.4,44,10000,true,1.000000,,1352,10000,"Fail (P=100.0%, StandardRemote)",fail
tacet,medium,shift,20,ar1-0.8,5,0.4,31,10000,true,1.000000,,1363,10000,"Fail (P=100.0%, Http2Multiplexing)",fail
tacet,medium,shift,20,ar1-0.6,5,100,57,10000,false,0.858000,,1353,10000,"Inconclusive: SampleBudgetExceeded { current_probability: 0.858, samples_collected: 10000 }",inconclusive
tacet,medium,shift,20,ar1-0.8,5,100,43,10000,true,0.976000,,1359,10000,"Fail (P=97.6%, StandardRemote)",fail
tacet,medium,shift,20,ar1-0.6,5,0.4,50,10000,true,1.000000,,1360,10000,"Fail (P=100.0%, StandardRemote)",fail
tacet,medium,shift,20,ar1-0.8,5,0.4,38,10000,true,1.000000,,2786,10000,"Fail (P=100.0%, Http2Multiplexing)",fail
tacet,medium,shift,20,ar1-0.8,5,0.4,4,10000,true,1.000000,,1373,10000,"Fail (P=100.0%, Http2Multiplexing)",fail
tacet,medium,tail,0,iid,2,100,2,10000,false,0.000000,,1029,10000,Pass (P=0.0%),pass
tacet,medium,tail,0,iid,2,0.4,9,10000,false,0.000000,,1069,10000,Pass (P=0.0%),pass
tacet,medium,tail,0,iid,2,0.4,3,10000,false,0.000750,,1032,10000,Pass (P=0.1%),pass
tacet,medium,tail,0,iid,2,100,5,10000,false,0.000000,,1049,10000,Pass (P=0.0%),pass
tacet,medium,tail,0,iid,2,100,14,10000,false,0.000000,,1066,10000,Pass (P=0.0%),pass
tacet,medium,shift,20,ar1-0.8,5,0.4,58,10000,true,1.000000,,1346,10000,"Fail (P=100.0%, StandardRemote)",fail
tacet,medium,tail,0,iid,2,100,4,10000,false,0.000000,,1054,10000,Pass (P=0.0%),pass
tacet,medium,tail,0,iid,2,100,18,10000,false,0.000000,,1062,10000,Pass (P=0.0%),pass
tacet,medium,shift,20,ar1-0.8,5,100,34,10000,false,0.338250,,1316,10000,"Inconclusive: SampleBudgetExceeded { current_probability: 0.33825, samples_collected: 10000 }",inconclusive
tacet,medium,tail,0,iid,2,0.4,16,10000,false,0.000000,,1047,10000,Pass (P=0.0%),pass
tacet,medium,tail,0,iid,2,100,10,10000,false,0.000000,,1034,10000,Pass (P=0.0%),pass
tacet,medium,shift,20,ar1-0.6,5,0.4,58,10000,true,1.000000,,1272,10000,"Fail (P=100.0%, StandardRemote)",fail
tacet,medium,shift,20,ar1-0.8,5,100,6,10000,false,0.904000,,1303,10000,"Inconclusive: SampleBudgetExceeded { current_probability: 0.904, samples_collected: 10000 }",inconclusive
tacet,medium,shift,20,ar1-0.8,5,0.4,53,10000,true,1.000000,,1305,10000,"Fail (P=100.0%, Http2Multiplexing)",fail
tacet,medium,shift,20,ar1-0.8,5,0.4,19,10000,true,1.000000,,1311,10000,"Fail (P=100.0%, StandardRemote)",fail
tacet,medium,tail,0,iid,2,100,6,10000,false,0.000000,,1104,10000,Pass (P=0.0%),pass
tacet,medium,shift,20,ar1-0.8,5,100,56,10000,false,0.894000,,1319,10000,"Inconclusive: SampleBudgetExceeded { current_probability: 0.894, samples_collected: 10000 }",inconclusive
tacet,medium,shift,20,ar1-0.8,5,100,23,10000,false,0.918500,,1317,10000,"Inconclusive: SampleBudgetExceeded { current_probability: 0.9185, samples_collected: 10000 }",inconclusive
tacet,medium,shift,20,ar1-0.6,5,100,50,10000,true,0.988750,,1320,10000,"Fail (P=98.9%, StandardRemote)",fail
tacet,medium,shift,20,ar1-0.8,5,0.4,42,10000,true,1.000000,,1380,10000,"Fail (P=100.0%, StandardRemote)",fail
tacet,medium,tail,0,iid,2,0.4,10,10000,false,0.000750,,1031,10000,Pass (P=0.1%),pass
tacet,medium,tail,0,iid,2,100,3,10000,false,0.000000,,1242,10000,Pass (P=0.0%),pass
tacet,medium,shift,20,ar1-0.6,5,100,47,10000,false,0.881000,,1341,10000,"Inconclusive: SampleBudgetExceeded { current_probability: 0.881, samples_collected: 10000 }",inconclusive
tacet,medium,shift,20,ar1-0.8,5,100,50,10000,true,0.985250,,1359,10000,"Fail (P=98.5%, StandardRemote)",fail
tacet,medium,shift,20,ar1-0.8,5,100,44,10000,false,0.787000,,1356,10000,"Inconclusive: SampleBudgetExceeded { current_probability: 0.787, samples_collected: 10000 }",inconclusive
tacet,medium,shift,20,ar1-0.8,5,0.4,11,10000,true,1.000000,,1304,10000,"Fail (P=100.0%, Http2Multiplexing)",fail
tacet,medium,shift,20,ar1-0.8,5,100,26,10000,false,0.486500,,1363,10000,"Inconclusive: SampleBudgetExceeded { current_probability: 0.4865, samples_collected: 10000 }",inconclusive
tacet,medium,tail,0,iid,2,0.4,7,10000,false,0.000000,,1025,10000,Pass (P=0.0%),pass
tacet,medium,shift,20,ar1-0.8,5,100,4,10000,false,0.081500,,1358,10000,"Inconclusive: SampleBudgetExceeded { current_probability: 0.0815, samples_collected: 10000 }",inconclusive
tacet,medium,shift,20,ar1-0.8,5,0.4,32,10000,true,1.000000,,1325,10000,"Fail (P=100.0%, Http2Multiplexing)",fail
tacet,medium,shift,20,ar1-0.8,5,0.4,54,10000,true,1.000000,,1358,10000,"Fail (P=100.0%, StandardRemote)",fail
tacet,medium,tail,0,iid,2,0.4,19,10000,false,0.000000,,1059,10000,Pass (P=0.0%),pass
tacet,medium,shift,20,ar1-0.6,5,100,51,10000,true,0.950250,,1313,10000,"Fail (P=95.0%, StandardRemote)",fail
tacet,medium,tail,0,iid,2,0.4,12,10000,false,0.000000,,1062,10000,Pass (P=0.0%),pass
tacet,medium,shift,20,ar1-0.8,5,100,32,10000,false,0.078500,,1351,10000,"Inconclusive: SampleBudgetExceeded { current_probability: 0.0785, samples_collected: 10000 }",inconclusive
tacet,medium,shift,20,ar1-0.8,5,0.4,57,10000,true,1.000000,,1415,10000,"Fail (P=100.0%, StandardRemote)",fail
tacet,medium,shift,20,ar1-0.8,5,0.4,35,10000,true,1.000000,,1353,10000,"Fail (P=100.0%, Http2Multiplexing)",fail
tacet,medium,tail,0,iid,2,0.4,5,10000,false,0.000000,,1819,10000,Pass (P=0.0%),pass
tacet,medium,shift,20,ar1-0.8,5,100,58,10000,false,0.807000,,1363,10000,"Inconclusive: SampleBudgetExceeded { current_probability: 0.807, samples_collected: 10000 }",inconclusive
tacet,medium,shift,20,ar1-0.8,5,0.4,8,10000,true,1.000000,,1348,10000,"Fail (P=100.0%, StandardRemote)",fail
tacet,medium,shift,20,ar1-0.8,5,0.4,28,10000,true,1.000000,,1349,10000,"Fail (P=100.0%, Http2Multiplexing)",fail
tacet,medium,tail,0,iid,2,0.4,11,10000,false,0.000000,,1044,10000,Pass (P=0.0%),pass
tacet,medium,tail,0,iid,2,100,19,10000,false,0.000000,,1039,10000,Pass (P=0.0%),pass
tacet,medium,tail,0,iid,2,100,12,10000,false,0.000000,,1031,10000,Pass (P=0.0%),pass
tacet,medium,shift,20,ar1-0.8,5,100,57,10000,false,0.788500,,1322,10000,"Inconclusive: SampleBudgetExceeded { current_probability: 0.7885, samples_collected: 10000 }",inconclusive
tacet,medium,shift,20,ar1-0.8,5,100,9,10000,false,0.164750,,1331,10000,"Inconclusive: SampleBudgetExceeded { current_probability: 0.16475, samples_collected: 10000 }",inconclusive
tacet,medium,shift,20,ar1-0.8,5,100,46,10000,true,0.980250,,3750,10000,"Fail (P=98.0%, StandardRemote)",fail
tacet,medium,tail,0,iid,2,0.4,6,10000,false,0.000750,,2162,10000,Pass (P=0.1%),pass
tacet,medium,tail,0,iid,2,100,17,10000,false,0.000000,,2612,10000,Pass (P=0.0%),pass
tacet,medium,tail,0,iid,2,100,11,10000,false,0.000000,,1067,10000,Pass (P=0.0%),pass
tacet,medium,shift,20,ar1-0.8,5,100,19,10000,false,0.556750,,1318,10000,"Inconclusive: SampleBudgetExceeded { current_probability: 0.55675, samples_collected: 10000 }",inconclusive
tacet,medium,shift,20,ar1-0.8,5,0.4,24,10000,true,1.000000,,1319,10000,"Fail (P=100.0%, StandardRemote)",fail
tacet,medium,shift,20,ar1-0.8,5,100,20,10000,true,0.978500,,1367,10000,"Fail (P=97.9%, StandardRemote)",fail
tacet,medium,shift,20,ar1-0.6,5,0.4,48,10000,true,1.000000,,1346,10000,"Fail (P=100.0%, StandardRemote)",fail
tacet,medium,shift,20,ar1-0.8,5,100,7,10000,false,0.799000,,1357,10000,"Inconclusive: SampleBudgetExceeded { current_probability: 0.799, samples_collected: 10000 }",inconclusive
tacet,medium,shift,20,ar1-0.8,5,100,11,10000,false,0.325000,,1309,10000,"Inconclusive: SampleBudgetExceeded { current_probability: 0.325, samples_collected: 10000 }",inconclusive
tacet,medium,shift,20,ar1-0.8,5,100,54,10000,false,0.609000,,1366,10000,"Inconclusive: SampleBudgetExceeded { current_probability: 0.609, samples_collected: 10000 }",inconclusive
tacet,medium,shift,20,ar1-0.8,5,0.4,51,10000,true,1.000000,,2758,10000,"Fail (P=100.0%, StandardRemote)",fail
tacet,medium,shift,20,ar1-0.8,5,100,8,10000,false,0.903250,,1269,10000,"Inconclusive: SampleBudgetExceeded { current_probability: 0.90325, samples_collected: 10000 }",inconclusive
tacet,medium,shift,20,ar1-0.8,5,0.4,25,10000,true,1.000000,,1212,10000,"Fail (P=100.0%, StandardRemote)",fail
tacet,medium,shift,20,ar1-0.8,5,0.4,14,10000,true,1.000000,,1206,10000,"Fail (P=100.0%, StandardRemote)",fail
tacet,medium,shift,20,ar1-0.8,5,100,59,10000,false,0.853500,,989,10000,"Inconclusive: SampleBudgetExceeded { current_probability: 0.8535, samples_collected: 10000 }",inconclusive
tacet,medium,tail,0,iid,2,100,0,10000,false,0.000000,,872,10000,Pass (P=0.0%),pass
tacet,medium,shift,20,ar1-0.8,5,100,15,10000,false,0.312750,,1049,10000,"Inconclusive: SampleBudgetExceeded { current_probability: 0.31275, samples_collected: 10000 }",inconclusive
tacet,medium,shift,20,ar1-0.8,5,0.4,12,10000,true,1.000000,,690,10000,"Fail (P=100.0%, Http2Multiplexing)",fail
tacet,medium,shift,20,ar1-0.8,5,0.4,15,10000,true,1.000000,,672,10000,"Fail (P=100.0%, Http2Multiplexing)",fail
tacet,medium,shift,20,ar1-0.8,5,100,12,10000,false,0.050250,,890,10000,"Inconclusive: SampleBudgetExceeded { current_probability: 0.05025, samples_collected: 10000 }",inconclusive
tacet,medium,shift,20,ar1-0.8,5,100,24,10000,false,0.844500,,1276,10000,"Inconclusive: SampleBudgetExceeded { current_probability: 0.8445, samples_collected: 10000 }",inconclusive
tacet,medium,shift,20,ar1-0.8,5,100,14,10000,false,0.698750,,701,10000,"Inconclusive: SampleBudgetExceeded { current_probability: 0.69875, samples_collected: 10000 }",inconclusive
tacet,medium,shift,20,ar1-0.8,5,0.4,13,10000,true,1.000000,,634,10000,"Fail (P=100.0%, Http2Multiplexing)",fail
tacet,medium,shift,20,ar1-0.8,5,100,13,10000,false,0.474500,,636,10000,"Inconclusive: SampleBudgetExceeded { current_probability: 0.4745, samples_collected: 10000 }",inconclusive
tacet,medium,shift,20,ar1-0.8,5,0.4,16,10000,true,1.000000,,737,10000,"Fail (P=100.0%, StandardRemote)",fail
tacet,medium,shift,20,ar1-0.8,5,0.4,17,10000,true,1.000000,,726,10000,"Fail (P=100.0%, Http2Multiplexing)",fail
tacet,medium,shift,20,ar1-0.8,5,100,16,10000,false,0.661500,,820,10000,"Inconclusive: SampleBudgetExceeded { current_probability: 0.6615, samples_collected: 10000 }",inconclusive
tacet,medium,tail,0,iid,2,100,15,10000,false,0.000000,,4087,10000,Pass (P=0.0%),pass
tacet,medium,tail,0,iid,2,0.4,0,10000,false,0.000000,,1319,10000,Pass (P=0.0%),pass
tacet,medium,shift,20,ar1-0.8,5,0.4,23,10000,true,1.000000,,1591,10000,"Fail (P=100.0%, StandardRemote)",fail
tacet,medium,shift,20,ar1-0.8,5,100,22,10000,true,0.988500,,1951,10000,"Fail (P=98.9%, StandardRemote)",fail
tacet,medium,shift,20,ar1-0.6,5,100,48,10000,false,0.584500,,1558,10000,"Inconclusive: SampleBudgetExceeded { current_probability: 0.5845, samples_collected: 10000 }",inconclusive
tacet,medium,shift,20,ar1-0.8,5,100,25,10000,false,0.873500,,1378,10000,"Inconclusive: SampleBudgetExceeded { current_probability: 0.8735, samples_collected: 10000 }",inconclusive
tacet,medium,shift,20,ar1-0.8,5,0.4,10,10000,true,1.000000,,1676,10000,"Fail (P=100.0%, StandardRemote)",fail
tacet,medium,shift,20,ar1-0.8,5,0.4,9,10000,true,1.000000,,1447,10000,"Fail (P=100.0%, Http2Multiplexing)",fail
tacet,medium,shift,20,ar1-0.8,5,100,10,10000,false,0.584250,,1436,10000,"Inconclusive: SampleBudgetExceeded { current_probability: 0.58425, samples_collected: 10000 }",inconclusive
tacet,medium,shift,20,ar1-0.8,5,0.4,26,10000,true,1.000000,,1331,10000,"Fail (P=100.0%, Http2Multiplexing)",fail
tacet,medium,shift,20,ar1-0.8,5,100,29,10000,false,0.810250,,1948,10000,"Inconclusive: SampleBudgetExceeded { current_probability: 0.81025, samples_collected: 10000 }",inconclusive
tacet,medium,shift,20,ar1-0.8,5,0.4,59,10000,true,1.000000,,2131,10000,"Fail (P=100.0%, StandardRemote)",fail
tacet,medium,shift,20,ar1-0.8,5,0.4,22,10000,true,1.000000,,2376,10000,"Fail (P=100.0%, StandardRemote)",fail
tacet,medium,shift,20,ar1-0.8,5,0.4,29,10000,true,1.000000,,2410,10000,"Fail (P=100.0%, StandardRemote)",fail
tacet,medium,shift,20,ar1-0.8,5,0.4,21,10000,true,1.000000,,2412,10000,"Fail (P=100.0%, StandardRemote)",fail
tacet,medium,shift,20,ar1-0.8,5,100,53,10000,false,0.163500,,3053,10000,"Inconclusive: SampleBudgetExceeded { current_probability: 0.1635, samples_collected: 10000 }",inconclusive
tacet,medium,shift,20,ar1-0.8,5,100,35,10000,false,0.194000,,2699,10000,"Inconclusive: SampleBudgetExceeded { current_probability: 0.194, samples_collected: 10000 }",inconclusive
tacet,medium,shift,20,ar1-0.8,5,100,21,10000,false,0.583500,,2262,10000,"Inconclusive: SampleBudgetExceeded { current_probability: 0.5835, samples_collected: 10000 }",inconclusive
tacet,medium,shift,20,ar1-0.8,5,100,28,10000,false,0.016250,,2109,10000,Pass (P=1.6%),pass
tacet,medium,shift,20,ar1-0.8,5,0.4,7,10000,true,1.000000,,3074,10000,"Fail (P=100.0%, StandardRemote)",fail
tacet,medium,shift,20,ar1-0.8,5,0.4,20,10000,true,1.000000,,1894,10000,"Fail (P=100.0%, StandardRemote)",fail
tacet,medium,shift,20,ar1-0.8,5,0.4,27,10000,true,1.000000,,2841,10000,"Fail (P=100.0%, Http2Multiplexing)",fail
tacet,medium,tail,0,iid,2,0.4,13,10000,false,0.000000,,3153,10000,Pass (P=0.0%),pass
tacet,medium,shift,20,ar1-0.8,5,100,3,10000,false,0.652000,,5560,10000,"Inconclusive: SampleBudgetExceeded { current_probability: 0.652, samples_collected: 10000 }",inconclusive
tacet,medium,tail,0,iid,2,100,9,10000,false,0.000000,,4331,10000,Pass (P=0.0%),pass
tacet,medium,shift,20,ar1-0.6,5,0.4,51,10000,true,1.000000,,3382,10000,"Fail (P=100.0%, StandardRemote)",fail
tacet,medium,shift,20,ar1-0.6,5,0.4,52,10000,true,1.000000,,3406,10000,"Fail (P=100.0%, StandardRemote)",fail
tacet,medium,shift,20,ar1-0.8,5,100,27,10000,false,0.107000,,2837,10000,"Inconclusive: SampleBudgetExceeded { current_probability: 0.107, samples_collected: 10000 }",inconclusive
tacet,medium,shift,20,ar1-0.8,5,0.4,50,10000,true,1.000000,,5014,10000,"Fail (P=100.0%, StandardRemote)",fail
tacet,medium,tail,0,iid,2,0.4,17,10000,false,0.000000,,5349,10000,Pass (P=0.0%),pass
tacet,medium,tail,0,iid,2,0.4,15,10000,false,0.000750,,5787,10000,Pass (P=0.1%),pass
tacet,medium,shift,20,ar1-0.8,5,100,31,10000,false,0.420000,,5012,10000,"Inconclusive: SampleBudgetExceeded { current_probability: 0.42, samples_collected: 10000 }",inconclusive
tacet,medium,shift,20,ar1-0.8,5,0.4,45,10000,true,1.000000,,3679,10000,"Fail (P=100.0%, StandardRemote)",fail
tacet,medium,shift,20,ar1-0.6,5,100,56,10000,false,0.941750,,6658,10000,"Inconclusive: SampleBudgetExceeded { current_probability: 0.94175, samples_collected: 10000 }",inconclusive
tacet,medium,tail,0,iid,2,100,52,10000,false,0.000000,,1007,10000,Pass (P=0.0%),pass
tacet,medium,tail,0,iid,2,0.4,33,10000,false,0.000000,,1017,10000,Pass (P=0.0%),pass
tacet,medium,tail,0,iid,2,100,28,10000,false,0.000000,,1017,10000,Pass (P=0.0%),pass
tacet,medium,tail,0,iid,5,0.4,25,10000,false,0.000500,,1019,10000,Pass (P=0.1%),pass
tacet,medium,tail,0,iid,2,100,23,10000,false,0.000000,,1023,10000,Pass (P=0.0%),pass
tacet,medium,tail,0,iid,2,100,42,10000,false,0.000000,,1023,10000,Pass (P=0.0%),pass
tacet,medium,tail,0,iid,2,100,33,10000,false,0.000000,,1025,10000,Pass (P=0.0%),pass
tacet,medium,tail,0,iid,5,100,22,10000,false,0.000000,,1026,10000,Pass (P=0.0%),pass
tacet,medium,tail,0,iid,2,100,22,10000,false,0.000000,,1028,10000,Pass (P=0.0%),pass
tacet,medium,tail,0,iid,2,0.4,45,10000,false,0.000000,,1029,10000,Pass (P=0.0%),pass
tacet,medium,tail,0,iid,2,0.4,23,10000,false,0.000000,,1029,10000,Pass (P=0.0%),pass
tacet,medium,tail,0,iid,5,0.4,40,10000,false,0.000000,,1031,10000,Pass (P=0.0%),pass
tacet,medium,tail,0,iid,2,0.4,41,10000,false,0.000000,,1032,10000,Pass (P=0.0%),pass
tacet,medium,tail,0,iid,2,0.4,26,10000,false,0.000000,,1032,10000,Pass (P=0.0%),pass
tacet,medium,tail,0,iid,2,100,20,10000,false,0.000000,,1034,10000,Pass (P=0.0%),pass
tacet,medium,tail,0,iid,2,100,27,10000,false,0.000000,,1049,10000,Pass (P=0.0%),pass
tacet,medium,tail,0,iid,2,0.4,30,10000,false,0.000000,,1051,10000,Pass (P=0.0%),pass
tacet,medium,tail,0,iid,5,0.4,23,10000,false,0.000000,,1051,10000,Pass (P=0.0%),pass
tacet,medium,tail,0,iid,5,0.4,30,10000,false,0.000000,,1052,10000,Pass (P=0.0%),pass
tacet,medium,tail,0,iid,2,0.4,25,10000,false,0.000500,,1054,10000,Pass (P=0.1%),pass
tacet,medium,tail,0,iid,2,100,25,10000,false,0.000000,,1058,10000,Pass (P=0.0%),pass
tacet,medium,tail,0,iid,2,0.4,21,10000,false,0.000000,,1058,10000,Pass (P=0.0%),pass
tacet,medium,tail,0,iid,5,0.4,20,10000,false,0.000000,,1058,10000,Pass (P=0.0%),pass
tacet,medium,tail,0,iid,5,100,23,10000,false,0.000000,,1060,10000,Pass (P=0.0%),pass
tacet,medium,tail,0,iid,2,100,32,10000,false,0.000000,,1060,10000,Pass (P=0.0%),pass
tacet,medium,tail,0,iid,2,0.4,50,10000,false,0.000750,,1062,10000,Pass (P=0.1%),pass
tacet,medium,tail,0,iid,5,0.4,35,10000,false,0.000000,,1062,10000,Pass (P=0.0%),pass
tacet,medium,tail,0,iid,2,100,41,10000,false,0.000000,,1064,10000,Pass (P=0.0%),pass
tacet,medium,tail,0,iid,2,0.4,20,10000,false,0.000000,,1066,10000,Pass (P=0.0%),pass
tacet,medium,tail,0,iid,2,0.4,40,10000,false,0.000000,,1067,10000,Pass (P=0.0%),pass
tacet,medium,tail,0,iid,2,0.4,55,10000,false,0.000750,,1072,10000,Pass (P=0.1%),pass
tacet,medium,tail,0,iid,2,0.4,35,10000,false,0.000000,,1073,10000,Pass (P=0.0%),pass
tacet,medium,tail,0,iid,2,0.4,53,10000,false,0.000000,,1027,10000,Pass (P=0.0%),pass
tacet,medium,tail,0,iid,5,0.4,50,10000,false,0.000750,,1032,10000,Pass (P=0.1%),pass
tacet,medium,tail,0,iid,2,0.4,29,10000,false,0.000000,,1032,10000,Pass (P=0.0%),pass
tacet,medium,tail,0,iid,5,100,25,10000,false,0.000000,,1031,10000,Pass (P=0.0%),pass
tacet,medium,tail,0,iid,2,0.4,24,10000,false,0.000000,,1035,10000,Pass (P=0.0%),pass
tacet,medium,tail,0,iid,2,100,37,10000,false,0.000000,,1032,10000,Pass (P=0.0%),pass
tacet,medium,tail,0,iid,5,100,37,10000,false,0.000000,,1036,10000,Pass (P=0.0%),pass
tacet,medium,tail,0,iid,2,100,45,10000,false,0.000000,,1038,10000,Pass (P=0.0%),pass
tacet,medium,tail,0,iid,2,100,21,10000,false,0.000000,,1039,10000,Pass (P=0.0%),pass
tacet,medium,tail,0,iid,2,0.4,34,10000,false,0.000000,,1044,10000,Pass (P=0.0%),pass
tacet,medium,tail,0,iid,5,100,40,10000,false,0.000000,,1039,10000,Pass (P=0.0%),pass
tacet,medium,tail,0,iid,2,100,43,10000,false,0.000000,,1038,10000,Pass (P=0.0%),pass
tacet,medium,tail,0,iid,2,100,26,10000,false,0.000000,,1048,10000,Pass (P=0.0%),pass
tacet,medium,tail,0,iid,2,0.4,43,10000,false,0.000000,,1058,10000,Pass (P=0.0%),pass
tacet,medium,tail,0,iid,2,0.4,22,10000,false,0.000750,,1052,10000,Pass (P=0.1%),pass
tacet,medium,tail,0,iid,2,100,57,10000,false,0.000000,,1058,10000,Pass (P=0.0%),pass
tacet,medium,tail,0,iid,5,100,27,10000,false,0.000000,,1066,10000,Pass (P=0.0%),pass
tacet,medium,tail,0,iid,2,100,30,10000,false,0.000000,,1067,10000,Pass (P=0.0%),pass
tacet,medium,tail,0,iid,5,100,30,10000,false,0.000000,,1071,10000,Pass (P=0.0%),pass
tacet,medium,tail,0,iid,2,100,50,10000,false,0.000000,,1062,10000,Pass (P=0.0%),pass
tacet,medium,tail,0,iid,2,0.4,28,10000,false,0.000000,,1078,10000,Pass (P=0.0%),pass
tacet,medium,tail,0,iid,2,0.4,42,10000,false,0.000750,,1063,10000,Pass (P=0.1%),pass
tacet,medium,tail,0,iid,2,100,38,10000,false,0.000000,,1070,10000,Pass (P=0.0%),pass
tacet,medium,tail,0,iid,5,0.4,36,10000,false,0.000000,,1074,10000,Pass (P=0.0%),pass
tacet,medium,tail,0,iid,5,100,20,10000,false,0.000000,,1075,10000,Pass (P=0.0%),pass
tacet,medium,tail,0,iid,5,100,36,10000,false,0.000000,,1069,10000,Pass (P=0.0%),pass
tacet,medium,tail,0,iid,2,100,55,10000,false,0.000000,,1068,10000,Pass (P=0.0%),pass
tacet,medium,tail,0,iid,5,0.4,24,10000,false,0.000000,,1084,10000,Pass (P=0.0%),pass
tacet,medium,tail,0,iid,2,100,40,10000,false,0.000000,,1083,10000,Pass (P=0.0%),pass
tacet,medium,tail,0,iid,2,100,35,10000,false,0.000000,,1105,10000,Pass (P=0.0%),pass
tacet,medium,tail,0,iid,2,100,29,10000,false,0.000000,,1063,10000,Pass (P=0.0%),pass
tacet,medium,tail,0,iid,2,0.4,39,10000,false,0.000000,,1072,10000,Pass (P=0.0%),pass
tacet,medium,tail,0,iid,5,100,35,10000,false,0.000000,,1887,10000,Pass (P=0.0%),pass
tacet,medium,tail,0,iid,2,0.4,27,10000,false,0.000000,,968,10000,Pass (P=0.0%),pass
tacet,medium,tail,0,iid,2,100,53,10000,false,0.000000,,1018,10000,Pass (P=0.0%),pass
tacet,medium,tail,0,iid,5,100,50,10000,false,0.000000,,1032,10000,Pass (P=0.0%),pass
tacet,medium,tail,0,iid,5,0.4,26,10000,false,0.000000,,1039,10000,Pass (P=0.0%),pass
tacet,medium,tail,0,iid,5,0.4,55,10000,false,0.000750,,1027,10000,Pass (P=0.1%),pass
tacet,medium,tail,0,iid,2,0.4,46,10000,false,0.000000,,1041,10000,Pass (P=0.0%),pass
tacet,medium,tail,0,iid,5,0.4,38,10000,false,0.000000,,1048,10000,Pass (P=0.0%),pass
tacet,medium,tail,0,iid,2,100,34,10000,false,0.000000,,1043,10000,Pass (P=0.0%),pass
tacet,medium,tail,0,iid,5,0.4,41,10000,false,0.000000,,1042,10000,Pass (P=0.0%),pass
tacet,medium,tail,0,iid,2,0.4,56,10000,false,0.000000,,1033,10000,Pass (P=0.0%),pass
tacet,medium,tail,0,iid,2,0.4,44,10000,false,0.000000,,1042,10000,Pass (P=0.0%),pass
tacet,medium,tail,0,iid,2,0.4,31,10000,false,0.000000,,1048,10000,Pass (P=0.0%),pass
tacet,medium,tail,0,iid,5,0.4,28,10000,false,0.000000,,1017,10000,Pass (P=0.0%),pass
tacet,medium,tail,0,iid,2,0.4,51,10000,false,0.000000,,1048,10000,Pass (P=0.0%),pass
tacet,medium,tail,0,iid,5,0.4,21,10000,false,0.000000,,1062,10000,Pass (P=0.0%),pass
tacet,medium,tail,0,iid,5,0.4,31,10000,false,0.000000,,1072,10000,Pass (P=0.0%),pass
tacet,medium,tail,0,iid,5,100,38,10000,false,0.000000,,1065,10000,Pass (P=0.0%),pass
tacet,medium,tail,0,iid,2,100,51,10000,false,0.000000,,1072,10000,Pass (P=0.0%),pass
tacet,medium,tail,0,iid,5,100,28,10000,false,0.000000,,1070,10000,Pass (P=0.0%),pass
tacet,medium,tail,0,iid,5,0.4,37,10000,false,0.000000,,1071,10000,Pass (P=0.0%),pass
tacet,medium,tail,0,iid,5,0.4,39,10000,false,0.000000,,1077,10000,Pass (P=0.0%),pass
tacet,medium,tail,0,iid,2,0.4,36,10000,false,0.000000,,1101,10000,Pass (P=0.0%),pass
tacet,medium,tail,0,iid,2,100,39,10000,false,0.000000,,1142,10000,Pass (P=0.0%),pass
tacet,medium,tail,0,iid,2,0.4,54,10000,false,0.000750,,1033,10000,Pass (P=0.1%),pass
tacet,medium,tail,0,iid,2,100,31,10000,false,0.000000,,1064,10000,Pass (P=0.0%),pass
tacet,medium,tail,0,iid,2,100,58,10000,false,0.000000,,1064,10000,Pass (P=0.0%),pass
tacet,medium,tail,0,iid,2,100,56,10000,false,0.000000,,1065,10000,Pass (P=0.0%),pass
tacet,medium,tail,0,iid,2,100,47,10000,false,0.000000,,1032,10000,Pass (P=0.0%),pass
tacet,medium,tail,0,iid,5,100,52,10000,false,0.000000,,1055,10000,Pass (P=0.0%),pass
tacet,medium,tail,0,iid,5,100,57,10000,false,0.000000,,1066,10000,Pass (P=0.0%),pass
tacet,medium,tail,0,iid,5,100,29,10000,false,0.000000,,1030,10000,Pass (P=0.0%),pass
tacet,medium,tail,0,iid,5,0.4,45,10000,false,0.000000,,1038,10000,Pass (P=0.0%),pass
tacet,medium,tail,0,iid,5,0.4,51,10000,false,0.000000,,1019,10000,Pass (P=0.0%),pass
tacet,medium,tail,0,iid,2,0.4,47,10000,false,0.000000,,966,10000,Pass (P=0.0%),pass
tacet,medium,tail,0,iid,5,100,55,10000,false,0.000000,,1023,10000,Pass (P=0.0%),pass
tacet,medium,tail,0,iid,5,100,26,10000,false,0.000000,,1032,10000,Pass (P=0.0%),pass
tacet,medium,tail,0,iid,5,100,41,10000,false,0.000000,,1034,10000,Pass (P=0.0%),pass
tacet,medium,tail,0,iid,5,100,53,10000,false,0.000000,,1041,10000,Pass (P=0.0%),pass
tacet,medium,tail,0,iid,2,100,44,10000,false,0.000000,,1048,10000,Pass (P=0.0%),pass
tacet,medium,tail,0,iid,2,0.4,57,10000,false,0.000000,,1054,10000,Pass (P=0.0%),pass
tacet,medium,tail,0,iid,5,100,58,10000,false,0.000000,,1060,10000,Pass (P=0.0%),pass
tacet,medium,tail,0,iid,5,100,31,10000,false,0.000000,,1063,10000,Pass (P=0.0%),pass
tacet,medium,tail,0,iid,2,0.4,59,10000,false,0.000000,,1060,10000,Pass (P=0.0%),pass
tacet,medium,tail,0,iid,2,100,48,10000,false,0.000000,,1072,10000,Pass (P=0.0%),pass
tacet,medium,tail,0,iid,2,0.4,48,10000,false,0.000500,,864,10000,Pass (P=0.1%),pass
tacet,medium,tail,0,iid,5,100,47,10000,false,0.000000,,1043,10000,Pass (P=0.0%),pass
tacet,medium,tail,0,iid,2,100,59,10000,false,0.000000,,951,10000,Pass (P=0.0%),pass
tacet,medium,tail,0,iid,5,100,56,10000,false,0.000000,,1071,10000,Pass (P=0.0%),pass
tacet,medium,tail,0,iid,5,0.4,54,10000,false,0.000750,,1066,10000,Pass (P=0.1%),pass
tacet,medium,tail,0,iid,5,0.4,52,10000,false,0.000000,,912,10000,Pass (P=0.0%),pass
tacet,medium,tail,0,iid,5,100,48,10000,false,0.000000,,1078,10000,Pass (P=0.0%),pass
tacet,medium,tail,0,iid,5,100,39,10000,false,0.000000,,1925,10000,Pass (P=0.0%),pass
tacet,medium,tail,0,iid,5,100,21,10000,false,0.000000,,1604,10000,Pass (P=0.0%),pass
tacet,medium,tail,0,iid,5,100,43,10000,false,0.000000,,953,10000,Pass (P=0.0%),pass
tacet,medium,tail,0,iid,2,100,49,10000,false,0.000000,,704,10000,Pass (P=0.0%),pass
tacet,medium,tail,0,iid,5,100,45,10000,false,0.000000,,794,10000,Pass (P=0.0%),pass
tacet,medium,tail,0,iid,5,0.4,47,10000,false,0.000000,,438,10000,Pass (P=0.0%),pass
tacet,medium,tail,0,iid,5,0.4,46,10000,false,0.000000,,503,10000,Pass (P=0.0%),pass
tacet,medium,tail,0,iid,5,0.4,34,10000,false,0.000000,,630,10000,Pass (P=0.0%),pass
tacet,medium,tail,0,iid,5,100,46,10000,false,0.000000,,446,10000,Pass (P=0.0%),pass
tacet,medium,tail,0,iid,5,0.4,57,10000,false,0.000000,,485,10000,Pass (P=0.0%),pass
tacet,medium,tail,0,iid,2,0.4,52,10000,false,0.000000,,2597,10000,Pass (P=0.0%),pass
tacet,medium,tail,0,iid,5,100,34,10000,false,0.000000,,800,10000,Pass (P=0.0%),pass
tacet,medium,tail,0,iid,5,100,33,10000,false,0.000000,,964,10000,Pass (P=0.0%),pass
tacet,medium,tail,0,iid,5,100,42,10000,false,0.000000,,1318,10000,Pass (P=0.0%),pass
tacet,medium,tail,0,iid,5,0.4,49,10000,false,0.000000,,1306,10000,Pass (P=0.0%),pass
tacet,medium,tail,0,iid,5,0.4,48,10000,false,0.000500,,1065,10000,Pass (P=0.1%),pass
tacet,medium,tail,0,iid,2,100,24,10000,false,0.000000,,3149,10000,Pass (P=0.0%),pass
tacet,medium,tail,0,iid,5,100,32,10000,false,0.000000,,1329,10000,Pass (P=0.0%),pass
tacet,medium,tail,0,iid,5,100,59,10000,false,0.000000,,1024,10000,Pass (P=0.0%),pass
tacet,medium,tail,0,iid,5,100,49,10000,false,0.000000,,856,10000,Pass (P=0.0%),pass
tacet,medium,tail,0,iid,5,0.4,59,10000,false,0.000000,,1110,10000,Pass (P=0.0%),pass
tacet,medium,tail,0,iid,5,0.4,33,10000,false,0.000000,,1001,10000,Pass (P=0.0%),pass
tacet,medium,tail,0,iid,5,0.4,43,10000,false,0.000000,,1283,10000,Pass (P=0.0%),pass
tacet,medium,tail,0,iid,2,0.4,49,10000,false,0.000000,,1321,10000,Pass (P=0.0%),pass
tacet,medium,tail,0,iid,5,0.4,42,10000,false,0.000750,,1540,10000,Pass (P=0.1%),pass
tacet,medium,tail,0,iid,5,0.4,44,10000,false,0.000000,,1573,10000,Pass (P=0.0%),pass
tacet,medium,tail,0,iid,5,0.4,32,10000,false,0.000000,,1387,10000,Pass (P=0.0%),pass
tacet,medium,tail,0,iid,2,0.4,38,10000,false,0.000000,,3705,10000,Pass (P=0.0%),pass
tacet,medium,tail,0,iid,2,100,36,10000,false,0.000000,,2515,10000,Pass (P=0.0%),pass
tacet,medium,tail,0,iid,5,100,54,10000,false,0.000000,,2064,10000,Pass (P=0.0%),pass
tacet,medium,tail,0,iid,5,0.4,58,10000,false,0.000750,,2334,10000,Pass (P=0.1%),pass
tacet,medium,tail,0,iid,5,0.4,53,10000,false,0.000000,,2183,10000,Pass (P=0.0%),pass
tacet,medium,tail,0,iid,5,100,44,10000,false,0.000000,,1870,10000,Pass (P=0.0%),pass
tacet,medium,tail,0,iid,5,0.4,56,10000,false,0.000000,,2947,10000,Pass (P=0.0%),pass
tacet,medium,tail,0,iid,2,0.4,58,10000,false,0.000750,,3976,10000,Pass (P=0.1%),pass
tacet,medium,tail,0,iid,5,100,51,10000,false,0.000000,,2710,10000,Pass (P=0.0%),pass
tacet,medium,tail,0,iid,2,0.4,37,10000,false,0.000000,,2665,10000,Pass (P=0.0%),pass
tacet,medium,tail,0,iid,5,0.4,27,10000,false,0.000000,,2617,10000,Pass (P=0.0%),pass
tacet,medium,tail,0,iid,2,0.4,32,10000,false,0.000000,,2690,10000,Pass (P=0.0%),pass
tacet,medium,tail,0,iid,2,100,54,10000,false,0.000000,,3286,10000,Pass (P=0.0%),pass
tacet,medium,tail,0,iid,2,100,46,10000,false,0.000000,,3291,10000,Pass (P=0.0%),pass
tacet,medium,tail,0,iid,5,0.4,29,10000,false,0.000000,,3458,10000,Pass (P=0.0%),pass
tacet,medium,tail,0,iid,5,0.4,22,10000,false,0.000750,,3133,10000,Pass (P=0.1%),pass
tacet,medium,tail,0,iid,5,100,24,10000,false,0.000000,,4605,10000,Pass (P=0.0%),pass
tacet,medium,tail,0,ar1-0.3,5,0.4,15,10000,false,0.063500,,1171,10000,"Inconclusive: SampleBudgetExceeded { current_probability: 0.0635, samples_collected: 10000 }",inconclusive
tacet,medium,tail,0,ar1-0.3,5,0.4,11,10000,false,0.063750,,1176,10000,"Inconclusive: SampleBudgetExceeded { current_probability: 0.06375, samples_collected: 10000 }",inconclusive
tacet,medium,tail,0,ar1-0.3,5,100,1,10000,false,0.000000,,1177,10000,Pass (P=0.0%),pass
tacet,medium,tail,0,ar1-0.3,5,100,3,10000,false,0.000000,,1179,10000,Pass (P=0.0%),pass
tacet,medium,tail,0,ar1-0.3,5,0.4,9,10000,false,0.438750,,1180,10000,"Inconclusive: SampleBudgetExceeded { current_probability: 0.43875, samples_collected: 10000 }",inconclusive
tacet,medium,tail,0,ar1-0.3,5,100,2,10000,false,0.000000,,1180,10000,Pass (P=0.0%),pass
tacet,medium,tail,0,ar1-0.3,5,0.4,2,10000,false,0.075000,,1181,10000,"Inconclusive: SampleBudgetExceeded { current_probability: 0.075, samples_collected: 10000 }",inconclusive
tacet,medium,tail,0,ar1-0.3,5,100,10,10000,false,0.000000,,1183,10000,Pass (P=0.0%),pass
tacet,medium,tail,0,ar1-0.3,5,100,8,10000,false,0.000000,,1184,10000,Pass (P=0.0%),pass
tacet,medium,tail,0,ar1-0.3,5,100,12,10000,false,0.000000,,1185,10000,Pass (P=0.0%),pass
tacet,medium,tail,0,ar1-0.3,5,100,5,10000,false,0.000000,,1187,10000,Pass (P=0.0%),pass
tacet,medium,tail,0,ar1-0.3,5,0.4,6,10000,false,0.011000,,1190,10000,Pass (P=1.1%),pass
tacet,medium,tail,0,ar1-0.3,5,100,6,10000,false,0.000000,,1194,10000,Pass (P=0.0%),pass
tacet,medium,tail,0,ar1-0.3,5,0.4,10,10000,false,0.092750,,1195,10000,"Inconclusive: SampleBudgetExceeded { current_probability: 0.09275, samples_collected: 10000 }",inconclusive
tacet,medium,tail,0,ar1-0.3,5,0.4,8,10000,false,0.083250,,1201,10000,"Inconclusive: SampleBudgetExceeded { current_probability: 0.08325, samples_collected: 10000 }",inconclusive
tacet,medium,tail,0,ar1-0.3,5,100,7,10000,false,0.000000,,1202,10000,Pass (P=0.0%),pass
tacet,medium,tail,0,ar1-0.3,5,100,18,10000,false,0.000000,,1207,10000,Pass (P=0.0%),pass
tacet,medium,tail,0,ar1-0.3,5,100,0,10000,false,0.000000,,1209,10000,Pass (P=0.0%),pass
tacet,medium,tail,0,ar1-0.3,5,100,16,10000,false,0.000000,,1211,10000,Pass (P=0.0%),pass
tacet,medium,tail,0,ar1-0.3,5,0.4,1,10000,false,0.020000,,1216,10000,Pass (P=2.0%),pass
tacet,medium,tail,0,ar1-0.3,5,0.4,16,10000,false,0.035750,,1217,10000,Pass (P=3.6%),pass
tacet,medium,tail,0,ar1-0.3,5,100,9,10000,false,0.000000,,1218,10000,Pass (P=0.0%),pass
tacet,medium,tail,0,ar1-0.3,5,0.4,3,10000,false,0.041500,,1219,10000,Pass (P=4.2%),pass
tacet,medium,tail,0,ar1-0.3,5,0.4,14,10000,false,0.005750,,1220,10000,Pass (P=0.6%),pass
tacet,medium,tail,0,ar1-0.3,5,0.4,0,10000,false,0.192750,,1223,10000,"Inconclusive: SampleBudgetExceeded { current_probability: 0.19275, samples_collected: 10000 }",inconclusive
tacet,medium,tail,0,ar1-0.3,5,0.4,18,10000,false,0.014250,,1224,10000,Pass (P=1.4%),pass
tacet,medium,tail,0,ar1-0.3,5,100,13,10000,false,0.000000,,1226,10000,Pass (P=0.0%),pass
tacet,medium,tail,0,ar1-0.3,5,100,11,10000,false,0.000000,,1228,10000,Pass (P=0.0%),pass
tacet,medium,tail,0,ar1-0.3,5,0.4,5,10000,false,0.025500,,1228,10000,Pass (P=2.5%),pass
tacet,medium,tail,0,ar1-0.3,5,0.4,7,10000,false,0.066000,,1231,10000,"Inconclusive: SampleBudgetExceeded { current_probability: 0.066, samples_collected: 10000 }",inconclusive
tacet,medium,tail,0,ar1-0.3,5,100,17,10000,false,0.000000,,1233,10000,Pass (P=0.0%),pass
tacet,medium,tail,0,ar1-0.3,5,0.4,13,10000,false,0.167250,,1233,10000,"Inconclusive: SampleBudgetExceeded { current_probability: 0.16725, samples_collected: 10000 }",inconclusive
tacet,medium,tail,0,ar1-0.3,5,0.4,12,10000,false,0.808500,,544,10000,"Inconclusive: SampleBudgetExceeded { current_probability: 0.8085, samples_collected: 10000 }",inconclusive
tacet,medium,tail,0,ar1-0.3,5,0.4,17,10000,false,0.177000,,537,10000,"Inconclusive: SampleBudgetExceeded { current_probability: 0.177, samples_collected: 10000 }",inconclusive
tacet,medium,tail,0,ar1-0.3,5,0.4,4,10000,false,0.543000,,543,10000,"Inconclusive: SampleBudgetExceeded { current_probability: 0.543, samples_collected: 10000 }",inconclusive
tacet,medium,tail,0,ar1-0.3,5,100,15,10000,false,0.000000,,552,10000,Pass (P=0.0%),pass
tacet,medium,tail,0,ar1-0.3,5,0.4,19,10000,false,0.018500,,547,10000,Pass (P=1.8%),pass
tacet,medium,tail,0,ar1-0.3,5,100,19,10000,false,0.000000,,543,10000,Pass (P=0.0%),pass
tacet,medium,tail,0,ar1-0.3,5,100,14,10000,false,0.000000,,545,10000,Pass (P=0.0%),pass
tacet,medium,tail,0,ar1-0.3,5,100,4,10000,false,0.000000,,546,10000,Pass (P=0.0%),pass
tacet,medium,tail,0,ar1-0.3,5,100,36,10000,false,0.000000,,1177,10000,Pass (P=0.0%),pass
tacet,medium,tail,0,ar1-0.6,5,0.4,12,10000,false,0.893500,,1179,10000,"Inconclusive: SampleBudgetExceeded { current_probability: 0.8935, samples_collected: 10000 }",inconclusive
tacet,medium,tail,0,ar1-0.6,5,0.4,10,10000,false,0.317500,,1190,10000,"Inconclusive: SampleBudgetExceeded { current_probability: 0.3175, samples_collected: 10000 }",inconclusive
tacet,medium,tail,0,ar1-0.3,5,0.4,36,10000,false,0.110500,,1191,10000,"Inconclusive: SampleBudgetExceeded { current_probability: 0.1105, samples_collected: 10000 }",inconclusive
tacet,medium,tail,0,ar1-0.3,5,100,35,10000,false,0.000000,,1192,10000,Pass (P=0.0%),pass
tacet,medium,tail,0,ar1-0.6,5,0.4,16,10000,false,0.255500,,1192,10000,"Inconclusive: SampleBudgetExceeded { current_probability: 0.2555, samples_collected: 10000 }",inconclusive
tacet,medium,tail,0,ar1-0.6,5,0.4,35,10000,false,0.657500,,1192,10000,"Inconclusive: SampleBudgetExceeded { current_probability: 0.6575, samples_collected: 10000 }",inconclusive
tacet,medium,tail,0,ar1-0.3,5,100,21,10000,false,0.000000,,1195,10000,Pass (P=0.0%),pass
tacet,medium,tail,0,ar1-0.3,5,100,39,10000,false,0.000000,,1195,10000,Pass (P=0.0%),pass
tacet,medium,tail,0,ar1-0.6,5,100,22,10000,false,0.000000,,1196,10000,Pass (P=0.0%),pass
tacet,medium,tail,0,ar1-0.3,5,0.4,34,10000,false,0.191750,,1198,10000,"Inconclusive: SampleBudgetExceeded { current_probability: 0.19175, samples_collected: 10000 }",inconclusive
tacet,medium,tail,0,ar1-0.3,5,100,20,10000,false,0.000000,,1198,10000,Pass (P=0.0%),pass
tacet,medium,tail,0,ar1-0.3,5,100,41,10000,false,0.000000,,1202,10000,Pass (P=0.0%),pass
tacet,medium,tail,0,ar1-0.3,5,0.4,40,10000,false,0.019250,,1203,10000,Pass (P=1.9%),pass
tacet,medium,tail,0,ar1-0.3,5,100,38,10000,false,0.000000,,1208,10000,Pass (P=0.0%),pass
tacet,medium,tail,0,ar1-0.3,5,0.4,37,10000,false,0.081750,,1208,10000,"Inconclusive: SampleBudgetExceeded { current_probability: 0.08175, samples_collected: 10000 }",inconclusive
tacet,medium,tail,0,ar1-0.3,5,0.4,39,10000,false,0.306000,,1221,10000,"Inconclusive: SampleBudgetExceeded { current_probability: 0.306, samples_collected: 10000 }",inconclusive
tacet,medium,tail,0,ar1-0.3,5,0.4,26,10000,false,0.031000,,1223,10000,Pass (P=3.1%),pass
tacet,medium,tail,0,ar1-0.3,5,0.4,44,10000,false,0.005250,,1224,10000,Pass (P=0.5%),pass
tacet,medium,tail,0,ar1-0.3,5,0.4,33,10000,false,0.131000,,1229,10000,"Inconclusive: SampleBudgetExceeded { current_probability: 0.131, samples_collected: 10000 }",inconclusive
tacet,medium,tail,0,ar1-0.3,5,0.4,45,10000,false,0.015250,,1231,10000,Pass (P=1.5%),pass
tacet,medium,tail,0,ar1-0.3,5,100,26,10000,false,0.000000,,1234,10000,Pass (P=0.0%),pass
tacet,medium,tail,0,ar1-0.6,5,100,11,10000,false,0.000000,,1235,10000,Pass (P=0.0%),pass
tacet,medium,tail,0,ar1-0.3,5,0.4,28,10000,false,0.765750,,1235,10000,"Inconclusive: SampleBudgetExceeded { current_probability: 0.76575, samples_collected: 10000 }",inconclusive
tacet,medium,tail,0,ar1-0.3,5,0.4,20,10000,false,0.398250,,1238,10000,"Inconclusive: SampleBudgetExceeded { current_probability: 0.39825, samples_collected: 10000 }",inconclusive
tacet,medium,tail,0,ar1-0.3,5,0.4,23,10000,false,0.027500,,1240,10000,Pass (P=2.8%),pass
tacet,medium,tail,0,ar1-0.3,5,0.4,43,10000,false,0.341750,,1240,10000,"Inconclusive: SampleBudgetExceeded { current_probability: 0.34175, samples_collected: 10000 }",inconclusive
tacet,medium,tail,0,ar1-0.3,5,0.4,29,10000,false,0.132750,,1240,10000,"Inconclusive: SampleBudgetExceeded { current_probability: 0.13275, samples_collected: 10000 }",inconclusive
tacet,medium,tail,0,ar1-0.6,5,0.4,13,10000,false,0.306750,,1242,10000,"Inconclusive: SampleBudgetExceeded { current_probability: 0.30675, samples_collected: 10000 }",inconclusive
tacet,medium,tail,0,ar1-0.3,5,100,32,10000,false,0.000000,,1246,10000,Pass (P=0.0%),pass
tacet,medium,tail,0,ar1-0.3,5,100,27,10000,false,0.000000,,1248,10000,Pass (P=0.0%),pass
tacet,medium,tail,0,ar1-0.3,5,0.4,42,10000,false,0.312750,,1252,10000,"Inconclusive: SampleBudgetExceeded { current_probability: 0.31275, samples_collected: 10000 }",inconclusive
tacet,medium,tail,0,ar1-0.6,5,100,12,10000,false,0.000000,,1177,10000,Pass (P=0.0%),pass
tacet,medium,tail,0,ar1-0.3,5,100,57,10000,false,0.000000,,1187,10000,Pass (P=0.0%),pass
tacet,medium,tail,0,ar1-0.3,5,0.4,51,10000,false,0.352750,,1196,10000,"Inconclusive: SampleBudgetExceeded { current_probability: 0.35275, samples_collected: 10000 }",inconclusive
tacet,medium,tail,0,ar1-0.6,5,100,16,10000,false,0.000000,,1201,10000,Pass (P=0.0%),pass
tacet,medium,tail,0,ar1-0.6,5,0.4,23,10000,false,0.168000,,1199,10000,"Inconclusive: SampleBudgetExceeded { current_probability: 0.168, samples_collected: 10000 }",inconclusive
tacet,medium,tail,0,ar1-0.6,5,100,35,10000,false,0.000000,,1204,10000,Pass (P=0.0%),pass
tacet,medium,tail,0,ar1-0.3,5,0.4,22,10000,false,0.195500,,1202,10000,"Inconclusive: SampleBudgetExceeded { current_probability: 0.1955, samples_collected: 10000 }",inconclusive
tacet,medium,tail,0,ar1-0.3,5,100,34,10000,false,0.000000,,1200,10000,Pass (P=0.0%),pass
tacet,medium,tail,0,ar1-0.6,5,0.4,11,10000,false,0.346500,,1208,10000,"Inconclusive: SampleBudgetExceeded { current_probability: 0.3465, samples_collected: 10000 }",inconclusive
tacet,medium,tail,0,ar1-0.3,5,100,33,10000,false,0.000000,,1209,10000,Pass (P=0.0%),pass
tacet,medium,tail,0,ar1-0.3,5,100,40,10000,false,0.000000,,1198,10000,Pass (P=0.0%),pass
tacet,medium,tail,0,ar1-0.6,5,100,47,10000,false,0.000000,,1202,10000,Pass (P=0.0%),pass
tacet,medium,tail,0,ar1-0.6,5,0.4,41,10000,false,0.211750,,1213,10000,"Inconclusive: SampleBudgetExceeded { current_probability: 0.21175, samples_collected: 10000 }",inconclusive
tacet,medium,tail,0,ar1-0.3,5,100,37,10000,false,0.000000,,1213,10000,Pass (P=0.0%),pass
tacet,medium,tail,0,ar1-0.3,5,100,44,10000,false,0.000000,,1215,10000,Pass (P=0.0%),pass
tacet,medium,tail,0,ar1-0.3,5,100,45,10000,false,0.000000,,1226,10000,Pass (P=0.0%),pass
tacet,medium,tail,0,ar1-0.3,5,100,28,10000,false,0.000000,,1224,10000,Pass (P=0.0%),pass
tacet,medium,tail,0,ar1-0.3,5,100,23,10000,false,0.000000,,1222,10000,Pass (P=0.0%),pass
tacet,medium,tail,0,ar1-0.3,5,100,22,10000,false,0.000000,,1231,10000,Pass (P=0.0%),pass
tacet,medium,tail,0,ar1-0.3,5,100,43,10000,false,0.000000,,1225,10000,Pass (P=0.0%),pass
tacet,medium,tail,0,ar1-0.6,5,0.4,15,10000,false,0.334250,,1233,10000,"Inconclusive: SampleBudgetExceeded { current_probability: 0.33425, samples_collected: 10000 }",inconclusive
tacet,medium,tail,0,ar1-0.6,5,100,53,10000,false,0.000000,,1242,10000,Pass (P=0.0%),pass
tacet,medium,tail,0,ar1-0.6,5,100,13,10000,false,0.000000,,1243,10000,Pass (P=0.0%),pass
tacet,medium,tail,0,ar1-0.3,5,100,29,10000,false,0.000000,,1248,10000,Pass (P=0.0%),pass
tacet,medium,tail,0,ar1-0.3,5,100,42,10000,false,0.000000,,1240,10000,Pass (P=0.0%),pass
tacet,medium,tail,0,ar1-0.6,5,100,3,10000,false,0.000000,,1188,10000,Pass (P=0.0%),pass
tacet,medium,tail,0,ar1-0.3,5,0.4,41,10000,false,0.062250,,1208,10000,"Inconclusive: SampleBudgetExceeded { current_probability: 0.06225, samples_collected: 10000 }",inconclusive
tacet,medium,tail,0,ar1-0.3,5,0.4,54,10000,false,0.009000,,1237,10000,Pass (P=0.9%),pass
tacet,medium,tail,0,ar1-0.6,5,0.4,44,10000,false,0.064750,,1220,10000,"Inconclusive: SampleBudgetExceeded { current_probability: 0.06475, samples_collected: 10000 }",inconclusive
tacet,medium,tail,0,ar1-0.6,5,100,45,10000,false,0.000000,,1231,10000,Pass (P=0.0%),pass
tacet,medium,tail,0,ar1-0.3,5,100,55,10000,false,0.000000,,1234,10000,Pass (P=0.0%),pass
tacet,medium,tail,0,ar1-0.6,5,0.4,38,10000,false,0.861500,,1226,10000,"Inconclusive: SampleBudgetExceeded { current_probability: 0.8615, samples_collected: 10000 }",inconclusive
tacet,medium,tail,0,ar1-0.3,5,0.4,21,10000,false,0.019500,,2275,10000,Pass (P=1.9%),pass
tacet,medium,tail,0,ar1-0.3,5,100,24,10000,false,0.000000,,1186,10000,Pass (P=0.0%),pass
tacet,medium,tail,0,ar1-0.3,5,0.4,58,10000,false,0.100750,,1197,10000,"Inconclusive: SampleBudgetExceeded { current_probability: 0.10075, samples_collected: 10000 }",inconclusive
tacet,medium,tail,0,ar1-0.3,5,0.4,48,10000,false,0.049500,,1193,10000,Pass (P=5.0%),pass
tacet,medium,tail,0,ar1-0.3,5,100,51,10000,false,0.000000,,1200,10000,Pass (P=0.0%),pass
tacet,medium,tail,0,ar1-0.6,5,100,39,10000,false,0.000000,,1193,10000,Pass (P=0.0%),pass
tacet,medium,tail,0,ar1-0.6,5,0.4,36,10000,false,0.376250,,1200,10000,"Inconclusive: SampleBudgetExceeded { current_probability: 0.37625, samples_collected: 10000 }",inconclusive
tacet,medium,tail,0,ar1-0.6,5,0.4,19,10000,false,0.053500,,1196,10000,"Inconclusive: SampleBudgetExceeded { current_probability: 0.0535, samples_collected: 10000 }",inconclusive
tacet,medium,tail,0,ar1-0.6,5,0.4,17,10000,false,0.443750,,1204,10000,"Inconclusive: SampleBudgetExceeded { current_probability: 0.44375, samples_collected: 10000 }",inconclusive
tacet,medium,tail,0,ar1-0.3,5,100,56,10000,false,0.000000,,1200,10000,Pass (P=0.0%),pass
tacet,medium,tail,0,ar1-0.6,5,100,15,10000,false,0.000000,,1199,10000,Pass (P=0.0%),pass
tacet,medium,tail,0,ar1-0.6,5,100,23,10000,false,0.000000,,1205,10000,Pass (P=0.0%),pass
tacet,medium,tail,0,ar1-0.6,5,0.4,48,10000,false,0.161000,,1206,10000,"Inconclusive: SampleBudgetExceeded { current_probability: 0.161, samples_collected: 10000 }",inconclusive
tacet,medium,tail,0,ar1-0.3,5,0.4,38,10000,false,0.681500,,1204,10000,"Inconclusive: SampleBudgetExceeded { current_probability: 0.6815, samples_collected: 10000 }",inconclusive
tacet,medium,tail,0,ar1-0.6,5,100,41,10000,false,0.000000,,1206,10000,Pass (P=0.0%),pass
tacet,medium,tail,0,ar1-0.6,5,100,28,10000,false,0.000000,,1214,10000,Pass (P=0.0%),pass
tacet,medium,tail,0,ar1-0.6,5,100,44,10000,false,0.000000,,1218,10000,Pass (P=0.0%),pass
tacet,medium,tail,0,ar1-0.3,5,0.4,46,10000,false,0.515750,,1223,10000,"Inconclusive: SampleBudgetExceeded { current_probability: 0.51575, samples_collected: 10000 }",inconclusive
tacet,medium,tail,0,ar1-0.6,5,100,46,10000,false,0.000000,,1215,10000,Pass (P=0.0%),pass
tacet,medium,tail,0,ar1-0.3,5,0.4,24,10000,false,0.020750,,1230,10000,Pass (P=2.1%),pass
tacet,medium,tail,0,ar1-0.6,5,100,56,10000,false,0.000000,,1228,10000,Pass (P=0.0%),pass
tacet,medium,tail,0,ar1-0.6,5,100,36,10000,false,0.000000,,1231,10000,Pass (P=0.0%),pass
tacet,medium,tail,0,ar1-0.6,5,0.4,54,10000,false,0.035250,,1238,10000,Pass (P=3.5%),pass
tacet,medium,tail,0,ar1-0.3,5,0.4,30,10000,false,0.027500,,1239,10000,Pass (P=2.8%),pass
tacet,medium,tail,0,ar1-0.3,5,0.4,56,10000,false,0.047250,,1240,10000,Pass (P=4.7%),pass
tacet,medium,tail,0,ar1-0.6,5,0.4,14,10000,false,0.056750,,1249,10000,"Inconclusive: SampleBudgetExceeded { current_probability: 0.05675, samples_collected: 10000 }",inconclusive
tacet,medium,tail,0,ar1-0.6,5,0.4,4,10000,false,0.790250,,1193,10000,"Inconclusive: SampleBudgetExceeded { current_probability: 0.79025, samples_collected: 10000 }",inconclusive
tacet,medium,tail,0,ar1-0.6,5,0.4,45,10000,false,0.104750,,1231,10000,"Inconclusive: SampleBudgetExceeded { current_probability: 0.10475, samples_collected: 10000 }",inconclusive
tacet,medium,tail,0,ar1-0.3,5,100,54,10000,false,0.000000,,1237,10000,Pass (P=0.0%),pass
tacet,medium,tail,0,ar1-0.6,5,0.4,46,10000,false,0.837000,,1232,10000,"Inconclusive: SampleBudgetExceeded { current_probability: 0.837, samples_collected: 10000 }",inconclusive
tacet,medium,tail,0,ar1-0.3,5,0.4,25,10000,false,0.077750,,1233,10000,"Inconclusive: SampleBudgetExceeded { current_probability: 0.07775, samples_collected: 10000 }",inconclusive
tacet,medium,tail,0,ar1-0.6,5,100,38,10000,false,0.000000,,1234,10000,Pass (P=0.0%),pass
tacet,medium,tail,0,ar1-0.3,5,100,46,10000,false,0.000000,,1199,10000,Pass (P=0.0%),pass
tacet,medium,tail,0,ar1-0.6,5,100,50,10000,false,0.000000,,1187,10000,Pass (P=0.0%),pass
tacet,medium,tail,0,ar1-0.3,5,100,58,10000,false,0.000000,,1194,10000,Pass (P=0.0%),pass
tacet,medium,tail,0,ar1-0.3,5,100,48,10000,false,0.000000,,1195,10000,Pass (P=0.0%),pass
tacet,medium,tail,0,ar1-0.6,5,100,17,10000,false,0.000000,,1191,10000,Pass (P=0.0%),pass
tacet,medium,tail,0,ar1-0.6,5,0.4,40,10000,false,0.082000,,1202,10000,"Inconclusive: SampleBudgetExceeded { current_probability: 0.082, samples_collected: 10000 }",inconclusive
tacet,medium,tail,0,ar1-0.6,5,100,19,10000,false,0.000000,,1198,10000,Pass (P=0.0%),pass
tacet,medium,tail,0,ar1-0.6,5,0.4,24,10000,false,0.060750,,1199,10000,"Inconclusive: SampleBudgetExceeded { current_probability: 0.06075, samples_collected: 10000 }",inconclusive
tacet,medium,tail,0,ar1-0.3,5,100,25,10000,false,0.000000,,1211,10000,Pass (P=0.0%),pass
tacet,medium,tail,0,ar1-0.3,5,0.4,47,10000,false,0.046750,,1210,10000,Pass (P=4.7%),pass
tacet,medium,tail,0,ar1-0.6,5,0.4,42,10000,false,0.608500,,1201,10000,"Inconclusive: SampleBudgetExceeded { current_probability: 0.6085, samples_collected: 10000 }",inconclusive
tacet,medium,tail,0,ar1-0.6,5,0.4,29,10000,false,0.153000,,1218,10000,"Inconclusive: SampleBudgetExceeded { current_probability: 0.153, samples_collected: 10000 }",inconclusive
tacet,medium,tail,0,ar1-0.6,5,0.4,47,10000,false,0.094000,,1213,10000,"Inconclusive: SampleBudgetExceeded { current_probability: 0.094, samples_collected: 10000 }",inconclusive
tacet,medium,tail,0,ar1-0.3,5,100,52,10000,false,0.000000,,1225,10000,Pass (P=0.0%),pass
tacet,medium,tail,0,ar1-0.3,5,100,30,10000,false,0.000000,,1238,10000,Pass (P=0.0%),pass
tacet,medium,tail,0,ar1-0.6,5,0.4,57,10000,false,0.086000,,1229,10000,"Inconclusive: SampleBudgetExceeded { current_probability: 0.086, samples_collected: 10000 }",inconclusive
tacet,medium,tail,0,ar1-0.6,5,100,54,10000,false,0.000000,,1227,10000,Pass (P=0.0%),pass
tacet,medium,tail,0,ar1-0.6,5,0.4,18,10000,false,0.093250,,1219,10000,"Inconclusive: SampleBudgetExceeded { current_probability: 0.09325, samples_collected: 10000 }",inconclusive
tacet,medium,tail,0,ar1-0.6,5,0.4,37,10000,false,0.274000,,1248,10000,"Inconclusive: SampleBudgetExceeded { current_probability: 0.274, samples_collected: 10000 }",inconclusive
tacet,medium,tail,0,ar1-0.6,5,0.4,52,10000,false,0.147500,,1236,10000,"Inconclusive: SampleBudgetExceeded { current_probability: 0.1475, samples_collected: 10000 }",inconclusive
tacet,medium,tail,0,ar1-0.6,5,0.4,49,10000,false,0.380250,,1249,10000,"Inconclusive: SampleBudgetExceeded { current_probability: 0.38025, samples_collected: 10000 }",inconclusive
tacet,medium,tail,0,ar1-0.6,5,100,4,10000,false,0.000000,,1194,10000,Pass (P=0.0%),pass
tacet,medium,tail,0,ar1-0.6,5,100,52,10000,false,0.000000,,1194,10000,Pass (P=0.0%),pass
tacet,medium,tail,0,ar1-0.6,5,100,20,10000,false,0.000000,,1186,10000,Pass (P=0.0%),pass
tacet,medium,tail,0,ar1-0.6,5,100,21,10000,false,0.000000,,1224,10000,Pass (P=0.0%),pass
tacet,medium,tail,0,ar1-0.3,5,100,31,10000,false,0.000000,,1190,10000,Pass (P=0.0%),pass
tacet,medium,tail,0,ar1-0.6,5,0.4,20,10000,false,0.600000,,1235,10000,"Inconclusive: SampleBudgetExceeded { current_probability: 0.6, samples_collected: 10000 }",inconclusive
tacet,medium,tail,0,ar1-0.6,5,100,31,10000,false,0.000000,,1194,10000,Pass (P=0.0%),pass
tacet,medium,tail,0,ar1-0.6,5,100,6,10000,false,0.000000,,1231,10000,Pass (P=0.0%),pass
tacet,medium,tail,0,ar1-0.6,5,0.4,39,10000,false,0.603250,,1227,10000,"Inconclusive: SampleBudgetExceeded { current_probability: 0.60325, samples_collected: 10000 }",inconclusive
tacet,medium,tail,0,ar1-0.6,5,100,42,10000,false,0.000000,,1228,10000,Pass (P=0.0%),pass
tacet,medium,tail,0,ar1-0.6,5,0.4,58,10000,false,0.317250,,1202,10000,"Inconclusive: SampleBudgetExceeded { current_probability: 0.31725, samples_collected: 10000 }",inconclusive
tacet,medium,tail,0,ar1-0.6,5,0.4,51,10000,false,0.480750,,1198,10000,"Inconclusive: SampleBudgetExceeded { current_probability: 0.48075, samples_collected: 10000 }",inconclusive
tacet,medium,tail,0,ar1-0.3,5,0.4,59,10000,false,0.017500,,1190,10000,Pass (P=1.8%),pass
tacet,medium,tail,0,ar1-0.6,5,0.4,33,10000,false,0.361250,,1198,10000,"Inconclusive: SampleBudgetExceeded { current_probability: 0.36125, samples_collected: 10000 }",inconclusive
tacet,medium,tail,0,ar1-0.6,5,100,25,10000,false,0.000000,,1194,10000,Pass (P=0.0%),pass
tacet,medium,tail,0,ar1-0.3,5,0.4,49,10000,false,0.109750,,1209,10000,"Inconclusive: SampleBudgetExceeded { current_probability: 0.10975, samples_collected: 10000 }",inconclusive
tacet,medium,tail,0,ar1-0.6,5,100,24,10000,false,0.000000,,1201,10000,Pass (P=0.0%),pass
tacet,medium,tail,0,ar1-0.6,5,100,5,10000,false,0.000000,,1200,10000,Pass (P=0.0%),pass
tacet,medium,tail,0,ar1-0.6,5,100,40,10000,false,0.000000,,1214,10000,Pass (P=0.0%),pass
tacet,medium,tail,0,ar1-0.6,5,100,0,10000,false,0.000000,,1199,10000,Pass (P=0.0%),pass
tacet,medium,tail,0,ar1-0.6,5,0.4,59,10000,false,0.055750,,1197,10000,"Inconclusive: SampleBudgetExceeded { current_probability: 0.05575, samples_collected: 10000 }",inconclusive
tacet,medium,tail,0,ar1-0.6,5,100,29,10000,false,0.000000,,1221,10000,Pass (P=0.0%),pass
tacet,medium,tail,0,ar1-0.3,5,100,49,10000,false,0.000000,,1222,10000,Pass (P=0.0%),pass
tacet,medium,tail,0,ar1-0.3,5,0.4,53,10000,false,0.240250,,1226,10000,"Inconclusive: SampleBudgetExceeded { current_probability: 0.24025, samples_collected: 10000 }",inconclusive
tacet,medium,tail,0,ar1-0.3,5,0.4,31,10000,false,0.269500,,1217,10000,"Inconclusive: SampleBudgetExceeded { current_probability: 0.2695, samples_collected: 10000 }",inconclusive
tacet,medium,tail,0,ar1-0.6,5,100,57,10000,false,0.000000,,1220,10000,Pass (P=0.0%),pass
tacet,medium,tail,0,ar1-0.6,5,0.4,55,10000,false,0.172250,,1226,10000,"Inconclusive: SampleBudgetExceeded { current_probability: 0.17225, samples_collected: 10000 }",inconclusive
tacet,medium,tail,0,ar1-0.6,5,0.4,21,10000,false,0.103750,,1226,10000,"Inconclusive: SampleBudgetExceeded { current_probability: 0.10375, samples_collected: 10000 }",inconclusive
tacet,medium,tail,0,ar1-0.6,5,100,49,10000,false,0.000000,,1252,10000,Pass (P=0.0%),pass
tacet,medium,tail,0,ar1-0.6,5,0.4,43,10000,false,0.497000,,1203,10000,"Inconclusive: SampleBudgetExceeded { current_probability: 0.497, samples_collected: 10000 }",inconclusive
tacet,medium,tail,0,ar1-0.6,5,0.4,53,10000,false,0.550750,,1204,10000,"Inconclusive: SampleBudgetExceeded { current_probability: 0.55075, samples_collected: 10000 }",inconclusive
tacet,medium,tail,0,ar1-0.6,5,0.4,6,10000,false,0.040750,,1223,10000,Pass (P=4.1%),pass
tacet,medium,tail,0,ar1-0.6,5,0.4,30,10000,false,0.052750,,1223,10000,"Inconclusive: SampleBudgetExceeded { current_probability: 0.05275, samples_collected: 10000 }",inconclusive
tacet,medium,tail,0,ar1-0.6,5,0.4,50,10000,false,0.617250,,1233,10000,"Inconclusive: SampleBudgetExceeded { current_probability: 0.61725, samples_collected: 10000 }",inconclusive
tacet,medium,tail,0,ar1-0.3,5,0.4,32,10000,false,0.539500,,1198,10000,"Inconclusive: SampleBudgetExceeded { current_probability: 0.5395, samples_collected: 10000 }",inconclusive
tacet,medium,tail,0,ar1-0.6,5,0.4,22,10000,false,0.556500,,1223,10000,"Inconclusive: SampleBudgetExceeded { current_probability: 0.5565, samples_collected: 10000 }",inconclusive
tacet,medium,tail,0,ar1-0.6,5,0.4,32,10000,false,0.718000,,1194,10000,"Inconclusive: SampleBudgetExceeded { current_probability: 0.718, samples_collected: 10000 }",inconclusive
tacet,medium,tail,0,ar1-0.6,5,100,51,10000,false,0.000000,,1190,10000,Pass (P=0.0%),pass
tacet,medium,tail,0,ar1-0.6,5,0.4,8,10000,false,0.176750,,1197,10000,"Inconclusive: SampleBudgetExceeded { current_probability: 0.17675, samples_collected: 10000 }",inconclusive
tacet,medium,tail,0,ar1-0.6,5,0.4,5,10000,false,0.161500,,2416,10000,"Inconclusive: SampleBudgetExceeded { current_probability: 0.1615, samples_collected: 10000 }",inconclusive
tacet,medium,tail,0,ar1-0.3,5,0.4,52,10000,false,0.040250,,3323,10000,Pass (P=4.0%),pass
tacet,medium,tail,0,ar1-0.6,5,100,18,10000,false,0.000000,,2054,10000,Pass (P=0.0%),pass
tacet,medium,tail,0,ar1-0.6,5,0.4,2,10000,false,0.097250,,1094,10000,"Inconclusive: SampleBudgetExceeded { current_probability: 0.09725, samples_collected: 10000 }",inconclusive
tacet,medium,tail,0,ar1-0.6,5,100,48,10000,false,0.000000,,3503,10000,Pass (P=0.0%),pass
tacet,medium,tail,0,ar1-0.3,5,0.4,57,10000,false,0.013500,,3556,10000,Pass (P=1.4%),pass
tacet,medium,tail,0,ar1-0.6,5,100,55,10000,false,0.000000,,1141,10000,Pass (P=0.0%),pass
tacet,medium,tail,0,ar1-0.6,5,100,2,10000,false,0.000000,,796,10000,Pass (P=0.0%),pass
tacet,medium,tail,0,ar1-0.6,5,100,30,10000,false,0.000000,,1042,10000,Pass (P=0.0%),pass
tacet,medium,tail,0,ar1-0.6,5,100,27,10000,false,0.000000,,915,10000,Pass (P=0.0%),pass
tacet,medium,tail,0,ar1-0.6,5,100,9,10000,false,0.000000,,562,10000,Pass (P=0.0%),pass
tacet,medium,tail,0,ar1-0.6,5,100,34,10000,false,0.000000,,656,10000,Pass (P=0.0%),pass
tacet,medium,tail,0,ar1-0.6,5,0.4,28,10000,false,0.900250,,662,10000,"Inconclusive: SampleBudgetExceeded { current_probability: 0.90025, samples_collected: 10000 }",inconclusive
tacet,medium,tail,0,ar1-0.6,5,0.4,9,10000,false,0.629500,,839,10000,"Inconclusive: SampleBudgetExceeded { current_probability: 0.6295, samples_collected: 10000 }",inconclusive
tacet,medium,tail,0,ar1-0.6,5,0.4,3,10000,false,0.132000,,656,10000,"Inconclusive: SampleBudgetExceeded { current_probability: 0.132, samples_collected: 10000 }",inconclusive
tacet,medium,tail,0,ar1-0.6,5,0.4,25,10000,false,0.155750,,1213,10000,"Inconclusive: SampleBudgetExceeded { current_probability: 0.15575, samples_collected: 10000 }",inconclusive
tacet,medium,tail,0,ar1-0.6,5,100,43,10000,false,0.000000,,991,10000,Pass (P=0.0%),pass
tacet,medium,tail,0,ar1-0.6,5,100,8,10000,false,0.000000,,698,10000,Pass (P=0.0%),pass
tacet,medium,tail,0,ar1-0.6,5,0.4,34,10000,false,0.533000,,1017,10000,"Inconclusive: SampleBudgetExceeded { current_probability: 0.533, samples_collected: 10000 }",inconclusive
tacet,medium,tail,0,ar1-0.3,5,0.4,50,10000,false,0.326500,,1237,10000,"Inconclusive: SampleBudgetExceeded { current_probability: 0.3265, samples_collected: 10000 }",inconclusive
tacet,medium,tail,0,ar1-0.6,5,0.4,27,10000,false,0.749250,,1162,10000,"Inconclusive: SampleBudgetExceeded { current_probability: 0.74925, samples_collected: 10000 }",inconclusive
tacet,medium,tail,0,ar1-0.6,5,100,26,10000,false,0.000000,,1395,10000,Pass (P=0.0%),pass
tacet,medium,tail,0,ar1-0.6,5,0.4,56,10000,false,0.201750,,1161,10000,"Inconclusive: SampleBudgetExceeded { current_probability: 0.20175, samples_collected: 10000 }",inconclusive
tacet,medium,tail,0,ar1-0.6,5,100,32,10000,false,0.000000,,1411,10000,Pass (P=0.0%),pass
tacet,medium,tail,0,ar1-0.6,5,100,33,10000,false,0.000000,,1577,10000,Pass (P=0.0%),pass
tacet,medium,tail,0,ar1-0.6,5,0.4,0,10000,false,0.288500,,1607,10000,"Inconclusive: SampleBudgetExceeded { current_probability: 0.2885, samples_collected: 10000 }",inconclusive
tacet,medium,tail,0,ar1-0.6,5,0.4,1,10000,false,0.080750,,1571,10000,"Inconclusive: SampleBudgetExceeded { current_probability: 0.08075, samples_collected: 10000 }",inconclusive
tacet,medium,tail,0,ar1-0.6,5,0.4,31,10000,false,0.590000,,1344,10000,"Inconclusive: SampleBudgetExceeded { current_probability: 0.59, samples_collected: 10000 }",inconclusive
tacet,medium,tail,0,ar1-0.6,5,100,1,10000,false,0.000000,,1501,10000,Pass (P=0.0%),pass
tacet,medium,tail,0,ar1-0.3,5,100,53,10000,false,0.000000,,1470,10000,Pass (P=0.0%),pass
tacet,medium,tail,0,ar1-0.3,5,0.4,55,10000,false,0.078250,,3499,10000,"Inconclusive: SampleBudgetExceeded { current_probability: 0.07825, samples_collected: 10000 }",inconclusive
tacet,medium,tail,0,ar1-0.6,5,0.4,26,10000,false,0.188000,,1660,10000,"Inconclusive: SampleBudgetExceeded { current_probability: 0.188, samples_collected: 10000 }",inconclusive
tacet,medium,tail,0,ar1-0.3,5,100,50,10000,false,0.000000,,1817,10000,Pass (P=0.0%),pass
tacet,medium,tail,0,ar1-0.3,5,100,59,10000,false,0.000000,,2212,10000,Pass (P=0.0%),pass
tacet,medium,tail,0,ar1-0.6,5,100,37,10000,false,0.000000,,2967,10000,Pass (P=0.0%),pass
tacet,medium,tail,0,ar1-0.3,5,100,47,10000,false,0.000000,,4301,10000,Pass (P=0.0%),pass
tacet,medium,tail,0,ar1-0.6,5,0.4,7,10000,false,0.138500,,2533,10000,"Inconclusive: SampleBudgetExceeded { current_probability: 0.1385, samples_collected: 10000 }",inconclusive
tacet,medium,tail,0,ar1-0.6,5,100,7,10000,false,0.000000,,2292,10000,Pass (P=0.0%),pass
tacet,medium,tail,0,ar1-0.6,5,100,58,10000,false,0.000000,,2379,10000,Pass (P=0.0%),pass
tacet,medium,tail,0,ar1-0.3,5,0.4,35,10000,false,0.404500,,7024,10000,"Inconclusive: SampleBudgetExceeded { current_probability: 0.4045, samples_collected: 10000 }",inconclusive
tacet,medium,tail,0,ar1-0.6,5,100,10,10000,false,0.000000,,7107,10000,Pass (P=0.0%),pass
tacet,medium,tail,0,ar1-0.6,5,100,59,10000,false,0.000000,,2951,10000,Pass (P=0.0%),pass
tacet,medium,tail,0,ar1-0.3,5,0.4,27,10000,false,0.522750,,7065,10000,"Inconclusive: SampleBudgetExceeded { current_probability: 0.52275, samples_collected: 10000 }",inconclusive
tacet,medium,tail,0,ar1-0.6,5,100,14,10000,false,0.000000,,7429,10000,Pass (P=0.0%),pass
tacet,medium,tail,0.2,iid,5,0.4,15,10000,false,0.002250,,976,10000,Pass (P=0.2%),pass
tacet,medium,tail,0.2,iid,5,100,27,10000,false,0.000000,,1014,10000,Pass (P=0.0%),pass
tacet,medium,tail,0.2,iid,5,0.4,21,10000,false,0.037250,,1022,10000,Pass (P=3.7%),pass
tacet,medium,tail,0.2,iid,5,100,2,10000,false,0.000000,,1026,10000,Pass (P=0.0%),pass
tacet,medium,tail,0,ar1-0.8,5,100,2,10000,false,0.000000,,1155,10000,Pass (P=0.0%),pass
tacet,medium,tail,0,ar1-0.8,5,100,5,10000,false,0.000000,,1175,10000,Pass (P=0.0%),pass
tacet,medium,tail,0,ar1-0.8,5,0.4,34,10000,false,0.732500,,1180,10000,"Inconclusive: SampleBudgetExceeded { current_probability: 0.7325, samples_collected: 10000 }",inconclusive
tacet,medium,tail,0,ar1-0.8,5,0.4,31,10000,false,0.754250,,1181,10000,"Inconclusive: SampleBudgetExceeded { current_probability: 0.75425, samples_collected: 10000 }",inconclusive
tacet,medium,tail,0,ar1-0.8,5,100,3,10000,false,0.000000,,1190,10000,Pass (P=0.0%),pass
tacet,medium,tail,0,ar1-0.8,5,100,4,10000,false,0.000000,,1191,10000,Pass (P=0.0%),pass
tacet,medium,tail,0,ar1-0.8,5,100,1,10000,false,0.000000,,1192,10000,Pass (P=0.0%),pass
tacet,medium,tail,0,ar1-0.8,5,0.4,3,10000,false,0.215250,,1193,10000,"Inconclusive: SampleBudgetExceeded { current_probability: 0.21525, samples_collected: 10000 }",inconclusive
tacet,medium,tail,0,ar1-0.8,5,0.4,5,10000,false,0.403750,,1193,10000,"Inconclusive: SampleBudgetExceeded { current_probability: 0.40375, samples_collected: 10000 }",inconclusive
tacet,medium,tail,0,ar1-0.8,5,0.4,8,10000,false,0.353750,,1196,10000,"Inconclusive: SampleBudgetExceeded { current_probability: 0.35375, samples_collected: 10000 }",inconclusive
tacet,medium,tail,0,ar1-0.8,5,0.4,2,10000,false,0.176000,,1197,10000,"Inconclusive: SampleBudgetExceeded { current_probability: 0.176, samples_collected: 10000 }",inconclusive
tacet,medium,tail,0,ar1-0.8,5,0.4,25,10000,false,0.386750,,1206,10000,"Inconclusive: SampleBudgetExceeded { current_probability: 0.38675, samples_collected: 10000 }",inconclusive
tacet,medium,tail,0,ar1-0.8,5,0.4,28,10000,false,0.948250,,1214,10000,"Inconclusive: SampleBudgetExceeded { current_probability: 0.94825, samples_collected: 10000 }",inconclusive
tacet,medium,tail,0,ar1-0.8,5,100,26,10000,false,0.000000,,1216,10000,Pass (P=0.0%),pass
tacet,medium,tail,0,ar1-0.8,5,100,0,10000,false,0.000000,,1217,10000,Pass (P=0.0%),pass
tacet,medium,tail,0,ar1-0.8,5,0.4,50,10000,false,0.804500,,1220,10000,"Inconclusive: SampleBudgetExceeded { current_probability: 0.8045, samples_collected: 10000 }",inconclusive
tacet,medium,tail,0,ar1-0.8,5,0.4,4,10000,false,0.898250,,1220,10000,"Inconclusive: SampleBudgetExceeded { current_probability: 0.89825, samples_collected: 10000 }",inconclusive
tacet,medium,tail,0,ar1-0.8,5,100,29,10000,false,0.000000,,1222,10000,Pass (P=0.0%),pass
tacet,medium,tail,0,ar1-0.8,5,100,8,10000,false,0.000000,,1224,10000,Pass (P=0.0%),pass
tacet,medium,tail,0,ar1-0.8,5,100,6,10000,false,0.000000,,1225,10000,Pass (P=0.0%),pass
tacet,medium,tail,0,ar1-0.8,5,100,7,10000,false,0.000000,,1226,10000,Pass (P=0.0%),pass
tacet,medium,tail,0,ar1-0.8,5,0.4,0,10000,false,0.485000,,1227,10000,"Inconclusive: SampleBudgetExceeded { current_probability: 0.485, samples_collected: 10000 }",inconclusive
tacet,medium,tail,0,ar1-0.8,5,0.4,9,10000,false,0.772500,,1229,10000,"Inconclusive: SampleBudgetExceeded { current_probability: 0.7725, samples_collected: 10000 }",inconclusive
tacet,medium,tail,0,ar1-0.8,5,0.4,1,10000,false,0.193250,,1231,10000,"Inconclusive: SampleBudgetExceeded { current_probability: 0.19325, samples_collected: 10000 }",inconclusive
tacet,medium,tail,0,ar1-0.8,5,100,37,10000,false,0.000000,,1231,10000,Pass (P=0.0%),pass
tacet,medium,tail,0,ar1-0.8,5,100,25,10000,false,0.000000,,1239,10000,Pass (P=0.0%),pass
tacet,medium,tail,0,ar1-0.8,5,0.4,6,10000,false,0.187750,,1254,10000,"Inconclusive: SampleBudgetExceeded { current_probability: 0.18775, samples_collected: 10000 }",inconclusive
tacet,medium,tail,0,ar1-0.8,5,100,12,10000,false,0.000000,,1261,10000,Pass (P=0.0%),pass
tacet,medium,tail,0.2,iid,5,100,15,10000,false,0.000000,,1027,10000,Pass (P=0.0%),pass
tacet,medium,tail,0.2,iid,5,0.4,28,10000,false,0.056750,,1019,10000,"Inconclusive: SampleBudgetExceeded { current_probability: 0.05675, samples_collected: 10000 }",inconclusive
tacet,medium,tail,0.2,iid,5,100,21,10000,false,0.000000,,1032,10000,Pass (P=0.0%),pass
tacet,medium,tail,0.2,iid,5,0.4,3,10000,false,0.281000,,1035,10000,"Inconclusive: SampleBudgetExceeded { current_probability: 0.281, samples_collected: 10000 }",inconclusive
tacet,medium,tail,0.2,iid,5,100,8,10000,false,0.000000,,1037,10000,Pass (P=0.0%),pass
tacet,medium,tail,0.2,iid,5,0.4,24,10000,false,0.070250,,1037,10000,"Inconclusive: SampleBudgetExceeded { current_probability: 0.07025, samples_collected: 10000 }",inconclusive
tacet,medium,tail,0.2,iid,5,100,11,10000,false,0.000000,,1049,10000,Pass (P=0.0%),pass
tacet,medium,tail,0.2,iid,5,100,33,10000,false,0.000000,,1050,10000,Pass (P=0.0%),pass
tacet,medium,tail,0.2,iid,5,0.4,18,10000,false,0.070750,,1067,10000,"Inconclusive: SampleBudgetExceeded { current_probability: 0.07075, samples_collected: 10000 }",inconclusive
tacet,medium,tail,0.2,iid,5,100,30,10000,false,0.000000,,1058,10000,Pass (P=0.0%),pass
tacet,medium,tail,0.2,iid,5,100,5,10000,false,0.000000,,1066,10000,Pass (P=0.0%),pass
tacet,medium,tail,0.2,iid,5,0.4,31,10000,false,0.050250,,1065,10000,"Inconclusive: SampleBudgetExceeded { current_probability: 0.05025, samples_collected: 10000 }",inconclusive
tacet,medium,tail,0.2,iid,5,0.4,4,10000,false,0.000750,,1076,10000,Pass (P=0.1%),pass
tacet,medium,tail,0.2,iid,5,0.4,32,10000,false,0.073250,,1079,10000,"Inconclusive: SampleBudgetExceeded { current_probability: 0.07325, samples_collected: 10000 }",inconclusive
tacet,medium,tail,0.2,iid,5,100,16,10000,false,0.000000,,1088,10000,Pass (P=0.0%),pass
tacet,medium,tail,0.2,iid,5,100,3,10000,false,0.000000,,1062,10000,Pass (P=0.0%),pass
tacet,medium,tail,0,ar1-0.8,5,100,35,10000,false,0.000000,,1185,10000,Pass (P=0.0%),pass
tacet,medium,tail,0,ar1-0.8,5,100,34,10000,false,0.000000,,1193,10000,Pass (P=0.0%),pass
tacet,medium,tail,0,ar1-0.8,5,100,31,10000,false,0.000000,,1193,10000,Pass (P=0.0%),pass
tacet,medium,tail,0,ar1-0.8,5,0.4,56,10000,false,0.406000,,1220,10000,"Inconclusive: SampleBudgetExceeded { current_probability: 0.406, samples_collected: 10000 }",inconclusive
tacet,medium,tail,0,ar1-0.8,5,100,32,10000,false,0.000000,,1193,10000,Pass (P=0.0%),pass
tacet,medium,tail,0,ar1-0.8,5,0.4,53,10000,false,0.773500,,1199,10000,"Inconclusive: SampleBudgetExceeded { current_probability: 0.7735, samples_collected: 10000 }",inconclusive
tacet,medium,tail,0,ar1-0.8,5,100,28,10000,false,0.000000,,1212,10000,Pass (P=0.0%),pass
tacet,medium,tail,0,ar1-0.8,5,0.4,30,10000,false,0.140750,,1205,10000,"Inconclusive: SampleBudgetExceeded { current_probability: 0.14075, samples_collected: 10000 }",inconclusive
tacet,medium,tail,0,ar1-0.8,5,0.4,27,10000,false,0.863750,,1220,10000,"Inconclusive: SampleBudgetExceeded { current_probability: 0.86375, samples_collected: 10000 }",inconclusive
tacet,medium,tail,0,ar1-0.8,5,0.4,7,10000,false,0.291000,,1239,10000,"Inconclusive: SampleBudgetExceeded { current_probability: 0.291, samples_collected: 10000 }",inconclusive
tacet,medium,tail,0,ar1-0.8,5,0.4,29,10000,false,0.230000,,1230,10000,"Inconclusive: SampleBudgetExceeded { current_probability: 0.23, samples_collected: 10000 }",inconclusive
tacet,medium,tail,0,ar1-0.8,5,100,9,10000,false,0.000000,,1229,10000,Pass (P=0.0%),pass
tacet,medium,tail,0,ar1-0.8,5,100,50,10000,false,0.000000,,1238,10000,Pass (P=0.0%),pass
tacet,medium,tail,0,ar1-0.8,5,0.4,38,10000,false,0.934250,,1231,10000,"Inconclusive: SampleBudgetExceeded { current_probability: 0.93425, samples_collected: 10000 }",inconclusive
tacet,medium,tail,0,ar1-0.8,5,0.4,26,10000,false,0.514500,,1223,10000,"Inconclusive: SampleBudgetExceeded { current_probability: 0.5145, samples_collected: 10000 }",inconclusive
tacet,medium,tail,0,ar1-0.8,5,0.4,13,10000,false,0.377000,,1234,10000,"Inconclusive: SampleBudgetExceeded { current_probability: 0.377, samples_collected: 10000 }",inconclusive
tacet,medium,tail,0.2,iid,5,0.4,16,10000,false,0.016000,,1028,10000,Pass (P=1.6%),pass
tacet,medium,tail,0.2,iid,5,100,28,10000,false,0.000000,,1021,10000,Pass (P=0.0%),pass
tacet,medium,tail,0.2,iid,5,0.4,22,10000,false,0.325750,,1034,10000,"Inconclusive: SampleBudgetExceeded { current_probability: 0.32575, samples_collected: 10000 }",inconclusive
tacet,medium,tail,0.2,iid,5,0.4,10,10000,false,0.004250,,1037,10000,Pass (P=0.4%),pass
tacet,medium,tail,0.2,iid,5,0.4,9,10000,false,0.081250,,1038,10000,"Inconclusive: SampleBudgetExceeded { current_probability: 0.08125, samples_collected: 10000 }",inconclusive
tacet,medium,tail,0.2,iid,5,100,24,10000,false,0.000000,,1037,10000,Pass (P=0.0%),pass
tacet,medium,tail,0.2,iid,5,0.4,12,10000,false,0.040500,,1045,10000,Pass (P=4.0%),pass
tacet,medium,tail,0.2,iid,5,0.4,34,10000,false,0.020000,,1046,10000,Pass (P=2.0%),pass
tacet,medium,tail,0.2,iid,5,100,18,10000,false,0.000000,,1062,10000,Pass (P=0.0%),pass
tacet,medium,tail,0.2,iid,5,0.4,6,10000,false,0.304000,,1065,10000,"Inconclusive: SampleBudgetExceeded { current_probability: 0.304, samples_collected: 10000 }",inconclusive
tacet,medium,tail,0.2,iid,5,100,31,10000,false,0.000000,,1066,10000,Pass (P=0.0%),pass
tacet,medium,tail,0.2,iid,5,100,4,10000,false,0.000000,,1070,10000,Pass (P=0.0%),pass
tacet,medium,tail,0.2,iid,5,100,32,10000,false,0.000000,,1073,10000,Pass (P=0.0%),pass
tacet,medium,tail,0.2,iid,5,100,25,10000,false,0.000000,,1063,10000,Pass (P=0.0%),pass
tacet,medium,tail,0.2,iid,5,0.4,17,10000,false,0.012250,,1084,10000,Pass (P=1.2%),pass
tacet,medium,tail,0.2,iid,5,0.4,25,10000,false,0.322250,,1039,10000,"Inconclusive: SampleBudgetExceeded { current_probability: 0.32225, samples_collected: 10000 }",inconclusive
tacet,medium,tail,0,ar1-0.8,5,0.4,59,10000,false,0.158500,,1223,10000,"Inconclusive: SampleBudgetExceeded { current_probability: 0.1585, samples_collected: 10000 }",inconclusive
tacet,medium,tail,0.2,iid,5,100,26,10000,false,0.000000,,1068,10000,Pass (P=0.0%),pass
tacet,medium,tail,0,ar1-0.8,5,0.4,36,10000,false,0.617750,,1193,10000,"Inconclusive: SampleBudgetExceeded { current_probability: 0.61775, samples_collected: 10000 }",inconclusive
tacet,medium,tail,0,ar1-0.8,5,0.4,32,10000,false,0.839000,,1194,10000,"Inconclusive: SampleBudgetExceeded { current_probability: 0.839, samples_collected: 10000 }",inconclusive
tacet,medium,tail,0,ar1-0.8,5,0.4,33,10000,false,0.588750,,1197,10000,"Inconclusive: SampleBudgetExceeded { current_probability: 0.58875, samples_collected: 10000 }",inconclusive
tacet,medium,tail,0,ar1-0.8,5,100,53,10000,false,0.000000,,1200,10000,Pass (P=0.0%),pass
tacet,medium,tail,0,ar1-0.8,5,100,56,10000,false,0.000000,,1219,10000,Pass (P=0.0%),pass
tacet,medium,tail,0,ar1-0.8,5,100,30,10000,false,0.000000,,1189,10000,Pass (P=0.0%),pass
tacet,medium,tail,0,ar1-0.8,5,100,27,10000,false,0.000000,,1223,10000,Pass (P=0.0%),pass
tacet,medium,tail,0,ar1-0.8,5,100,57,10000,false,0.000000,,1238,10000,Pass (P=0.0%),pass
tacet,medium,tail,0,ar1-0.8,5,100,38,10000,false,0.000000,,1231,10000,Pass (P=0.0%),pass
tacet,medium,tail,0,ar1-0.8,5,0.4,51,10000,false,0.624750,,1237,10000,"Inconclusive: SampleBudgetExceeded { current_probability: 0.62475, samples_collected: 10000 }",inconclusive
tacet,medium,tail,0,ar1-0.8,5,0.4,10,10000,false,0.547500,,1237,10000,"Inconclusive: SampleBudgetExceeded { current_probability: 0.5475, samples_collected: 10000 }",inconclusive
tacet,medium,tail,0,ar1-0.8,5,100,13,10000,false,0.000000,,1236,10000,Pass (P=0.0%),pass
tacet,medium,tail,0,ar1-0.8,5,100,43,10000,false,0.000000,,1192,10000,Pass (P=0.0%),pass
tacet,medium,tail,0,ar1-0.8,5,100,18,10000,false,0.000000,,1220,10000,Pass (P=0.0%),pass
tacet,medium,tail,0.2,iid,5,0.4,29,10000,false,0.052000,,1024,10000,"Inconclusive: SampleBudgetExceeded { current_probability: 0.052, samples_collected: 10000 }",inconclusive
tacet,medium,tail,0.2,iid,5,100,22,10000,false,0.000000,,1032,10000,Pass (P=0.0%),pass
tacet,medium,tail,0.2,iid,5,100,10,10000,false,0.000000,,1037,10000,Pass (P=0.0%),pass
tacet,medium,tail,0,ar1-0.8,5,0.4,57,10000,false,0.187750,,1196,10000,"Inconclusive: SampleBudgetExceeded { current_probability: 0.18775, samples_collected: 10000 }",inconclusive
tacet,medium,tail,0.2,iid,5,100,9,10000,false,0.000000,,1038,10000,Pass (P=0.0%),pass
tacet,medium,tail,0.2,iid,5,0.4,33,10000,false,0.033000,,1036,10000,Pass (P=3.3%),pass
tacet,medium,tail,0.2,iid,5,100,34,10000,false,0.000000,,1051,10000,Pass (P=0.0%),pass
tacet,medium,tail,0.2,iid,5,100,12,10000,false,0.000000,,1061,10000,Pass (P=0.0%),pass
tacet,medium,tail,0.2,iid,5,0.4,19,10000,false,0.086000,,1074,10000,"Inconclusive: SampleBudgetExceeded { current_probability: 0.086, samples_collected: 10000 }",inconclusive
tacet,medium,tail,0.2,iid,5,100,6,10000,false,0.000000,,1067,10000,Pass (P=0.0%),pass
tacet,medium,tail,0.2,iid,5,0.4,27,10000,false,0.036500,,1067,10000,Pass (P=3.6%),pass
tacet,medium,tail,0.2,iid,5,0.4,5,10000,false,0.042500,,1057,10000,Pass (P=4.2%),pass
tacet,medium,tail,0.2,iid,5,100,0,10000,false,0.000000,,1088,10000,Pass (P=0.0%),pass
tacet,medium,tail,0,ar1-0.8,5,100,40,10000,false,0.000000,,1203,10000,Pass (P=0.0%),pass
tacet,medium,tail,0.2,iid,5,0.4,7,10000,false,0.216500,,1070,10000,"Inconclusive: SampleBudgetExceeded { current_probability: 0.2165, samples_collected: 10000 }",inconclusive
tacet,medium,tail,0,ar1-0.8,5,100,59,10000,false,0.000000,,1229,10000,Pass (P=0.0%),pass
tacet,medium,tail,0,ar1-0.8,5,100,36,10000,false,0.000000,,1197,10000,Pass (P=0.0%),pass
tacet,medium,tail,0,ar1-0.8,5,0.4,42,10000,false,0.768250,,1236,10000,"Inconclusive: SampleBudgetExceeded { current_probability: 0.76825, samples_collected: 10000 }",inconclusive
tacet,medium,tail,0,ar1-0.8,5,0.4,54,10000,false,0.149750,,1203,10000,"Inconclusive: SampleBudgetExceeded { current_probability: 0.14975, samples_collected: 10000 }",inconclusive
tacet,medium,tail,0,ar1-0.8,5,100,10,10000,false,0.000000,,1217,10000,Pass (P=0.0%),pass
tacet,medium,tail,0,ar1-0.8,5,0.4,37,10000,false,0.539750,,1198,10000,"Inconclusive: SampleBudgetExceeded { current_probability: 0.53975, samples_collected: 10000 }",inconclusive
tacet,medium,tail,0,ar1-0.8,5,100,15,10000,false,0.000000,,1237,10000,Pass (P=0.0%),pass
tacet,medium,tail,0,ar1-0.8,5,0.4,39,10000,false,0.769250,,1235,10000,"Inconclusive: SampleBudgetExceeded { current_probability: 0.76925, samples_collected: 10000 }",inconclusive
tacet,medium,tail,0,ar1-0.8,5,0.4,58,10000,false,0.447000,,1244,10000,"Inconclusive: SampleBudgetExceeded { current_probability: 0.447, samples_collected: 10000 }",inconclusive
tacet,medium,tail,0,ar1-0.8,5,0.4,14,10000,false,0.240000,,1236,10000,"Inconclusive: SampleBudgetExceeded { current_probability: 0.24, samples_collected: 10000 }",inconclusive
tacet,medium,tail,0,ar1-0.8,5,100,54,10000,false,0.000000,,1243,10000,Pass (P=0.0%),pass
tacet,medium,tail,0,ar1-0.8,5,0.4,44,10000,false,0.163000,,1199,10000,"Inconclusive: SampleBudgetExceeded { current_probability: 0.163, samples_collected: 10000 }",inconclusive
tacet,medium,tail,0,ar1-0.8,5,0.4,55,10000,false,0.411500,,1193,10000,"Inconclusive: SampleBudgetExceeded { current_probability: 0.4115, samples_collected: 10000 }",inconclusive
tacet,medium,tail,0,ar1-0.8,5,100,11,10000,false,0.000000,,1233,10000,Pass (P=0.0%),pass
tacet,medium,tail,0.2,iid,5,100,29,10000,false,0.000000,,1031,10000,Pass (P=0.0%),pass
tacet,medium,tail,0.2,iid,5,0.4,23,10000,false,0.095250,,1032,10000,"Inconclusive: SampleBudgetExceeded { current_probability: 0.09525, samples_collected: 10000 }",inconclusive
tacet,medium,tail,0.2,iid,5,0.4,11,10000,false,0.063500,,1036,10000,"Inconclusive: SampleBudgetExceeded { current_probability: 0.0635, samples_collected: 10000 }",inconclusive
tacet,medium,tail,0,ar1-0.8,5,0.4,19,10000,false,0.315750,,1213,10000,"Inconclusive: SampleBudgetExceeded { current_probability: 0.31575, samples_collected: 10000 }",inconclusive
tacet,medium,tail,0.2,iid,5,0.4,35,10000,false,0.092250,,1055,10000,"Inconclusive: SampleBudgetExceeded { current_probability: 0.09225, samples_collected: 10000 }",inconclusive
tacet,medium,tail,0.2,iid,5,0.4,13,10000,false,0.174750,,1061,10000,"Inconclusive: SampleBudgetExceeded { current_probability: 0.17475, samples_collected: 10000 }",inconclusive
tacet,medium,tail,0,ar1-0.8,5,100,42,10000,false,0.000000,,1189,10000,Pass (P=0.0%),pass
tacet,medium,tail,0.2,iid,5,100,7,10000,false,0.000000,,1040,10000,Pass (P=0.0%),pass
tacet,medium,tail,0.2,iid,5,0.4,0,10000,false,0.173250,,1055,10000,"Inconclusive: SampleBudgetExceeded { current_probability: 0.17325, samples_collected: 10000 }",inconclusive
tacet,medium,tail,0.2,iid,5,100,19,10000,false,0.000000,,1076,10000,Pass (P=0.0%),pass
tacet,medium,tail,0,ar1-0.8,5,100,52,10000,false,0.000000,,1197,10000,Pass (P=0.0%),pass
tacet,medium,tail,0.2,iid,5,0.4,1,10000,false,0.013250,,1088,10000,Pass (P=1.3%),pass
tacet,medium,tail,0.2,iid,5,0.4,20,10000,false,0.060750,,1042,10000,"Inconclusive: SampleBudgetExceeded { current_probability: 0.06075, samples_collected: 10000 }",inconclusive
tacet,medium,tail,0,ar1-0.8,5,0.4,17,10000,false,0.645750,,1232,10000,"Inconclusive: SampleBudgetExceeded { current_probability: 0.64575, samples_collected: 10000 }",inconclusive
tacet,medium,tail,0.2,iid,5,100,1,10000,false,0.000000,,1069,10000,Pass (P=0.0%),pass
tacet,medium,tail,0,ar1-0.8,5,100,41,10000,false,0.000000,,1187,10000,Pass (P=0.0%),pass
tacet,medium,tail,0.2,iid,5,100,13,10000,false,0.000000,,1032,10000,Pass (P=0.0%),pass
tacet,medium,tail,0,ar1-0.8,5,100,46,10000,false,0.000000,,1235,10000,Pass (P=0.0%),pass
tacet,medium,tail,0.2,iid,5,100,14,10000,false,0.000000,,1072,10000,Pass (P=0.0%),pass
tacet,medium,tail,0,ar1-0.8,5,0.4,16,10000,false,0.636250,,1243,10000,"Inconclusive: SampleBudgetExceeded { current_probability: 0.63625, samples_collected: 10000 }",inconclusive
tacet,medium,tail,0.2,iid,5,0.4,14,10000,false,0.122750,,1312,10000,"Inconclusive: SampleBudgetExceeded { current_probability: 0.12275, samples_collected: 10000 }",inconclusive
tacet,medium,tail,0.2,iid,5,0.4,30,10000,false,0.026250,,1056,10000,Pass (P=2.6%),pass
tacet,medium,tail,0,ar1-0.8,5,100,39,10000,false,0.000000,,1247,10000,Pass (P=0.0%),pass
tacet,medium,tail,0,ar1-0.8,5,100,17,10000,false,0.000000,,1241,10000,Pass (P=0.0%),pass
tacet,medium,tail,0,ar1-0.8,5,0.4,45,10000,false,0.228750,,1226,10000,"Inconclusive: SampleBudgetExceeded { current_probability: 0.22875, samples_collected: 10000 }",inconclusive
tacet,medium,tail,0.2,iid,5,100,20,10000,false,0.000000,,1168,10000,Pass (P=0.0%),pass
tacet,medium,tail,0,ar1-0.8,5,100,19,10000,false,0.000000,,1199,10000,Pass (P=0.0%),pass
tacet,medium,tail,0.2,iid,5,100,35,10000,false,0.000000,,1015,10000,Pass (P=0.0%),pass
tacet,medium,tail,0,ar1-0.8,5,0.4,43,10000,false,0.676000,,1388,10000,"Inconclusive: SampleBudgetExceeded { current_probability: 0.676, samples_collected: 10000 }",inconclusive
tacet,medium,tail,0.2,iid,5,0.4,39,10000,false,0.119750,,909,10000,"Inconclusive: SampleBudgetExceeded { current_probability: 0.11975, samples_collected: 10000 }",inconclusive
tacet,medium,tail,0,ar1-0.8,5,0.4,18,10000,false,0.367500,,1080,10000,"Inconclusive: SampleBudgetExceeded { current_probability: 0.3675, samples_collected: 10000 }",inconclusive
tacet,medium,tail,0,ar1-0.8,5,0.4,48,10000,false,0.373000,,1034,10000,"Inconclusive: SampleBudgetExceeded { current_probability: 0.373, samples_collected: 10000 }",inconclusive
tacet,medium,tail,0,ar1-0.8,5,100,45,10000,false,0.000000,,1174,10000,Pass (P=0.0%),pass
tacet,medium,tail,0,ar1-0.8,5,100,21,10000,false,0.000000,,1135,10000,Pass (P=0.0%),pass
tacet,medium,tail,0.2,iid,5,0.4,38,10000,false,0.039250,,1223,10000,Pass (P=3.9%),pass
tacet,medium,tail,0,ar1-0.8,5,0.4,47,10000,false,0.231750,,929,10000,"Inconclusive: SampleBudgetExceeded { current_probability: 0.23175, samples_collected: 10000 }",inconclusive
tacet,medium,tail,0,ar1-0.8,5,100,24,10000,false,0.000000,,709,10000,Pass (P=0.0%),pass
tacet,medium,tail,0,ar1-0.8,5,100,22,10000,false,0.000000,,613,10000,Pass (P=0.0%),pass
tacet,medium,tail,0,ar1-0.8,5,0.4,21,10000,false,0.347250,,759,10000,"Inconclusive: SampleBudgetExceeded { current_probability: 0.34725, samples_collected: 10000 }",inconclusive
tacet,medium,tail,0,ar1-0.8,5,100,47,10000,false,0.000000,,932,10000,Pass (P=0.0%),pass
tacet,medium,tail,0,ar1-0.8,5,100,23,10000,false,0.000000,,586,10000,Pass (P=0.0%),pass
tacet,medium,tail,0,ar1-0.8,5,0.4,22,10000,false,0.790500,,836,10000,"Inconclusive: SampleBudgetExceeded { current_probability: 0.7905, samples_collected: 10000 }",inconclusive
tacet,medium,tail,0.2,iid,5,100,39,10000,false,0.000000,,970,10000,Pass (P=0.0%),pass
tacet,medium,tail,0,ar1-0.8,5,100,49,10000,false,0.000000,,990,10000,Pass (P=0.0%),pass
tacet,medium,tail,0.2,iid,5,0.4,36,10000,false,0.005000,,816,10000,Pass (P=0.5%),pass
tacet,medium,tail,0,ar1-0.8,5,0.4,23,10000,false,0.435250,,1061,10000,"Inconclusive: SampleBudgetExceeded { current_probability: 0.43525, samples_collected: 10000 }",inconclusive
tacet,medium,tail,0,ar1-0.8,5,0.4,41,10000,false,0.488500,,2308,10000,"Inconclusive: SampleBudgetExceeded { current_probability: 0.4885, samples_collected: 10000 }",inconclusive
tacet,medium,tail,0,ar1-0.8,5,0.4,24,10000,false,0.182000,,874,10000,"Inconclusive: SampleBudgetExceeded { current_probability: 0.182, samples_collected: 10000 }",inconclusive
tacet,medium,tail,0,ar1-0.8,5,100,48,10000,false,0.000000,,1126,10000,Pass (P=0.0%),pass
tacet,medium,tail,0,ar1-0.8,5,100,20,10000,false,0.000000,,1119,10000,Pass (P=0.0%),pass
tacet,medium,tail,0.2,iid,5,100,38,10000,false,0.000000,,1193,10000,Pass (P=0.0%),pass
tacet,medium,tail,0.2,iid,5,0.4,2,10000,false,0.080000,,1579,10000,"Inconclusive: SampleBudgetExceeded { current_probability: 0.08, samples_collected: 10000 }",inconclusive
tacet,medium,tail,0,ar1-0.8,5,0.4,20,10000,false,0.763750,,1396,10000,"Inconclusive: SampleBudgetExceeded { current_probability: 0.76375, samples_collected: 10000 }",inconclusive
tacet,medium,tail,0.2,iid,5,100,37,10000,false,0.000000,,1628,10000,Pass (P=0.0%),pass
tacet,medium,tail,0.2,iid,5,0.4,37,10000,false,0.025750,,1710,10000,Pass (P=2.6%),pass
tacet,medium,tail,0,ar1-0.8,5,100,58,10000,false,0.000000,,2965,10000,Pass (P=0.0%),pass
tacet,medium,tail,0,ar1-0.8,5,0.4,12,10000,false,0.935500,,2160,10000,"Inconclusive: SampleBudgetExceeded { current_probability: 0.9355, samples_collected: 10000 }",inconclusive
tacet,medium,tail,0,ar1-0.8,5,0.4,49,10000,false,0.705750,,1480,10000,"Inconclusive: SampleBudgetExceeded { current_probability: 0.70575, samples_collected: 10000 }",inconclusive
tacet,medium,tail,0,ar1-0.8,5,0.4,46,10000,false,0.905000,,1786,10000,"Inconclusive: SampleBudgetExceeded { current_probability: 0.905, samples_collected: 10000 }",inconclusive
tacet,medium,tail,0,ar1-0.8,5,0.4,40,10000,false,0.195000,,2000,10000,"Inconclusive: SampleBudgetExceeded { current_probability: 0.195, samples_collected: 10000 }",inconclusive
tacet,medium,tail,0.2,iid,5,100,23,10000,false,0.000000,,2183,10000,Pass (P=0.0%),pass
tacet,medium,tail,0.2,iid,5,100,36,10000,false,0.000000,,1947,10000,Pass (P=0.0%),pass
tacet,medium,tail,0,ar1-0.8,5,100,14,10000,false,0.000000,,2438,10000,Pass (P=0.0%),pass
tacet,medium,tail,0,ar1-0.8,5,100,44,10000,false,0.000000,,2354,10000,Pass (P=0.0%),pass
tacet,medium,tail,0.2,iid,5,0.4,8,10000,false,0.026750,,2055,10000,Pass (P=2.7%),pass
tacet,medium,tail,0,ar1-0.8,5,100,51,10000,false,0.000000,,3868,10000,Pass (P=0.0%),pass
tacet,medium,tail,0,ar1-0.8,5,0.4,15,10000,false,0.694000,,2378,10000,"Inconclusive: SampleBudgetExceeded { current_probability: 0.694, samples_collected: 10000 }",inconclusive
tacet,medium,tail,0,ar1-0.8,5,100,16,10000,false,0.000000,,2581,10000,Pass (P=0.0%),pass
tacet,medium,tail,0,ar1-0.8,5,0.4,35,10000,false,0.811250,,5381,10000,"Inconclusive: SampleBudgetExceeded { current_probability: 0.81125, samples_collected: 10000 }",inconclusive
tacet,medium,tail,0,ar1-0.8,5,0.4,52,10000,false,0.337250,,3817,10000,"Inconclusive: SampleBudgetExceeded { current_probability: 0.33725, samples_collected: 10000 }",inconclusive
tacet,medium,tail,0.2,iid,5,0.4,26,10000,false,0.006000,,4546,10000,Pass (P=0.6%),pass
tacet,medium,tail,0,ar1-0.8,5,0.4,11,10000,false,0.622250,,3188,10000,"Inconclusive: SampleBudgetExceeded { current_probability: 0.62225, samples_collected: 10000 }",inconclusive
tacet,medium,tail,0,ar1-0.8,5,100,55,10000,false,0.000000,,3182,10000,Pass (P=0.0%),pass
tacet,medium,tail,0.2,iid,5,100,17,10000,false,0.000000,,4864,10000,Pass (P=0.0%),pass
tacet,medium,tail,0,ar1-0.8,5,100,33,10000,false,0.000000,,4733,10000,Pass (P=0.0%),pass
tacet,medium,tail,0.2,iid,5,0.4,45,10000,false,0.046750,,1012,10000,Pass (P=4.7%),pass
tacet,medium,tail,0.2,iid,5,100,43,10000,false,0.000000,,1024,10000,Pass (P=0.0%),pass
tacet,medium,tail,0.2,iid,5,100,51,10000,false,0.000000,,1025,10000,Pass (P=0.0%),pass
tacet,medium,tail,0.2,iid,5,100,41,10000,false,0.000000,,1025,10000,Pass (P=0.0%),pass
tacet,medium,tail,0.2,iid,5,100,50,10000,false,0.000000,,1031,10000,Pass (P=0.0%),pass
tacet,medium,tail,0.2,iid,5,0.4,49,10000,false,0.185750,,1035,10000,"Inconclusive: SampleBudgetExceeded { current_probability: 0.18575, samples_collected: 10000 }",inconclusive
tacet,medium,tail,0.2,iid,5,100,45,10000,false,0.000000,,1035,10000,Pass (P=0.0%),pass
tacet,medium,tail,0.2,iid,5,100,55,10000,false,0.000000,,1036,10000,Pass (P=0.0%),pass
tacet,medium,tail,0.2,iid,5,0.4,46,10000,false,0.095250,,1036,10000,"Inconclusive: SampleBudgetExceeded { current_probability: 0.09525, samples_collected: 10000 }",inconclusive
tacet,medium,tail,0.2,iid,5,100,47,10000,false,0.000000,,1039,10000,Pass (P=0.0%),pass
tacet,medium,tail,0.2,iid,5,100,44,10000,false,0.000000,,1044,10000,Pass (P=0.0%),pass
tacet,medium,tail,0.2,iid,5,100,40,10000,false,0.000000,,1045,10000,Pass (P=0.0%),pass
tacet,medium,tail,0.2,iid,5,0.4,40,10000,false,0.010250,,1054,10000,Pass (P=1.0%),pass
tacet,medium,tail,0.2,iid,5,0.4,43,10000,false,0.013000,,1057,10000,Pass (P=1.3%),pass
tacet,medium,tail,0.2,iid,5,0.4,41,10000,false,0.030500,,1060,10000,Pass (P=3.0%),pass
tacet,medium,tail,0.2,iid,5,100,58,10000,false,0.000000,,1063,10000,Pass (P=0.0%),pass
tacet,medium,tail,0.2,iid,5,100,52,10000,false,0.000000,,1068,10000,Pass (P=0.0%),pass
tacet,medium,tail,0.2,ar1-0.3,5,100,32,10000,false,0.000000,,1178,10000,Pass (P=0.0%),pass
tacet,medium,tail,0.2,ar1-0.3,5,0.4,11,10000,false,0.026750,,1183,10000,Pass (P=2.7%),pass
tacet,medium,tail,0.2,ar1-0.3,5,0.4,39,10000,false,0.024750,,1190,10000,Pass (P=2.5%),pass
tacet,medium,tail,0.2,ar1-0.3,5,0.4,36,10000,false,0.016500,,1191,10000,Pass (P=1.7%),pass
tacet,medium,tail,0.2,ar1-0.3,5,0.4,55,10000,false,0.178250,,1195,10000,"Inconclusive: SampleBudgetExceeded { current_probability: 0.17825, samples_collected: 10000 }",inconclusive
tacet,medium,tail,0.2,ar1-0.3,5,0.4,32,10000,false,0.053750,,1217,10000,"Inconclusive: SampleBudgetExceeded { current_probability: 0.05375, samples_collected: 10000 }",inconclusive
tacet,medium,tail,0.2,ar1-0.3,5,100,31,10000,false,0.000000,,1219,10000,Pass (P=0.0%),pass
tacet,medium,tail,0.2,ar1-0.3,5,100,17,10000,false,0.000000,,1223,10000,Pass (P=0.0%),pass
tacet,medium,tail,0.2,ar1-0.3,5,0.4,5,10000,false,0.066250,,1224,10000,"Inconclusive: SampleBudgetExceeded { current_probability: 0.06625, samples_collected: 10000 }",inconclusive
tacet,medium,tail,0.2,ar1-0.3,5,100,42,10000,false,0.000000,,1224,10000,Pass (P=0.0%),pass
tacet,medium,tail,0.2,ar1-0.3,5,100,6,10000,false,0.000000,,1224,10000,Pass (P=0.0%),pass
tacet,medium,tail,0.2,ar1-0.3,5,0.4,33,10000,false,0.673000,,1232,10000,"Inconclusive: SampleBudgetExceeded { current_probability: 0.673, samples_collected: 10000 }",inconclusive
tacet,medium,tail,0.2,ar1-0.3,5,0.4,8,10000,false,0.594750,,1243,10000,"Inconclusive: SampleBudgetExceeded { current_probability: 0.59475, samples_collected: 10000 }",inconclusive
tacet,medium,tail,0.2,ar1-0.3,5,100,30,10000,false,0.000000,,1259,10000,Pass (P=0.0%),pass
tacet,medium,tail,0.2,ar1-0.3,5,0.4,30,10000,false,0.232250,,1259,10000,"Inconclusive: SampleBudgetExceeded { current_probability: 0.23225, samples_collected: 10000 }",inconclusive
tacet,medium,tail,0.2,iid,5,0.4,44,10000,false,0.027500,,1032,10000,Pass (P=2.8%),pass
tacet,medium,tail,0.2,iid,5,0.4,42,10000,false,0.370500,,1033,10000,"Inconclusive: SampleBudgetExceeded { current_probability: 0.3705, samples_collected: 10000 }",inconclusive
tacet,medium,tail,0.2,iid,5,0.4,52,10000,false,0.035500,,1041,10000,Pass (P=3.5%),pass
tacet,medium,tail,0.2,iid,5,100,46,10000,false,0.000000,,1035,10000,Pass (P=0.0%),pass
tacet,medium,tail,0.2,iid,5,100,49,10000,false,0.000000,,1040,10000,Pass (P=0.0%),pass
tacet,medium,tail,0.2,iid,5,0.4,48,10000,false,0.328750,,1044,10000,"Inconclusive: SampleBudgetExceeded { current_probability: 0.32875, samples_collected: 10000 }",inconclusive
tacet,medium,tail,0.2,iid,5,0.4,56,10000,false,0.027000,,1050,10000,Pass (P=2.7%),pass
tacet,medium,tail,0.2,iid,5,0.4,59,10000,false,0.012000,,1058,10000,Pass (P=1.2%),pass
tacet,medium,tail,0.2,iid,5,0.4,47,10000,false,0.043250,,1067,10000,Pass (P=4.3%),pass
tacet,medium,tail,0.2,iid,5,0.4,53,10000,false,0.025000,,1073,10000,Pass (P=2.5%),pass
tacet,medium,tail,0.2,ar1-0.3,5,100,9,10000,false,0.000000,,1195,10000,Pass (P=0.0%),pass
tacet,medium,tail,0.2,ar1-0.3,5,0.4,14,10000,false,0.094250,,1190,10000,"Inconclusive: SampleBudgetExceeded { current_probability: 0.09425, samples_collected: 10000 }",inconclusive
tacet,medium,tail,0.2,ar1-0.3,5,100,23,10000,false,0.000000,,1199,10000,Pass (P=0.0%),pass
tacet,medium,tail,0.2,ar1-0.3,5,100,1,10000,false,0.000000,,1221,10000,Pass (P=0.0%),pass
tacet,medium,tail,0.2,ar1-0.3,5,100,15,10000,false,0.000000,,1240,10000,Pass (P=0.0%),pass
tacet,medium,tail,0.2,ar1-0.3,5,0.4,0,10000,false,0.011000,,1194,10000,Pass (P=1.1%),pass
tacet,medium,tail,0.2,ar1-0.3,5,100,11,10000,false,0.000000,,1193,10000,Pass (P=0.0%),pass
tacet,medium,tail,0.2,ar1-0.3,5,100,36,10000,false,0.000000,,1200,10000,Pass (P=0.0%),pass
tacet,medium,tail,0.2,ar1-0.3,5,100,39,10000,false,0.000000,,1205,10000,Pass (P=0.0%),pass
tacet,medium,tail,0.2,ar1-0.3,5,100,55,10000,false,0.000000,,1214,10000,Pass (P=0.0%),pass
tacet,medium,tail,0.2,iid,5,100,42,10000,false,0.000000,,1030,10000,Pass (P=0.0%),pass
tacet,medium,tail,0.2,ar1-0.3,5,0.4,18,10000,false,0.043250,,1234,10000,Pass (P=4.3%),pass
tacet,medium,tail,0.2,ar1-0.3,5,100,5,10000,false,0.000000,,1235,10000,Pass (P=0.0%),pass
tacet,medium,tail,0.2,ar1-0.3,5,100,37,10000,false,0.000000,,1244,10000,Pass (P=0.0%),pass
tacet,medium,tail,0.2,ar1-0.3,5,0.4,43,10000,false,0.819000,,1241,10000,"Inconclusive: SampleBudgetExceeded { current_probability: 0.819, samples_collected: 10000 }",inconclusive
tacet,medium,tail,0.2,ar1-0.3,5,0.4,7,10000,false,0.489750,,1244,10000,"Inconclusive: SampleBudgetExceeded { current_probability: 0.48975, samples_collected: 10000 }",inconclusive
tacet,medium,tail,0.2,ar1-0.3,5,100,33,10000,false,0.000000,,1239,10000,Pass (P=0.0%),pass
tacet,medium,tail,0.2,ar1-0.3,5,0.4,31,10000,false,0.024250,,1229,10000,Pass (P=2.4%),pass
tacet,medium,tail,0.2,ar1-0.3,5,100,10,10000,false,0.000000,,1231,10000,Pass (P=0.0%),pass
tacet,medium,tail,0.2,ar1-0.3,5,100,8,10000,false,0.000000,,1255,10000,Pass (P=0.0%),pass
tacet,medium,tail,0.2,iid,5,0.4,54,10000,false,0.365500,,1054,10000,"Inconclusive: SampleBudgetExceeded { current_probability: 0.3655, samples_collected: 10000 }",inconclusive
tacet,medium,tail,0.2,ar1-0.6,5,100,7,10000,false,0.000000,,1226,10000,Pass (P=0.0%),pass
tacet,medium,tail,0.2,iid,5,0.4,51,10000,false,0.039000,,1954,10000,Pass (P=3.9%),pass
tacet,medium,tail,0.2,iid,5,0.4,50,10000,false,0.063500,,1039,10000,"Inconclusive: SampleBudgetExceeded { current_probability: 0.0635, samples_collected: 10000 }",inconclusive
tacet,medium,tail,0.2,iid,5,100,54,10000,false,0.000000,,1045,10000,Pass (P=0.0%),pass
tacet,medium,tail,0.2,iid,5,100,48,10000,false,0.000000,,1038,10000,Pass (P=0.0%),pass
tacet,medium,tail,0.2,iid,5,100,56,10000,false,0.000000,,1036,10000,Pass (P=0.0%),pass
tacet,medium,tail,0.2,iid,5,100,59,10000,false,0.000000,,1056,10000,Pass (P=0.0%),pass
tacet,medium,tail,0.2,iid,5,100,53,10000,false,0.000000,,1062,10000,Pass (P=0.0%),pass
tacet,medium,tail,0.2,ar1-0.3,5,100,26,10000,false,0.000000,,1187,10000,Pass (P=0.0%),pass
tacet,medium,tail,0.2,ar1-0.3,5,0.4,6,10000,false,0.335750,,1202,10000,"Inconclusive: SampleBudgetExceeded { current_probability: 0.33575, samples_collected: 10000 }",inconclusive
tacet,medium,tail,0.2,ar1-0.3,5,100,38,10000,false,0.000000,,1225,10000,Pass (P=0.0%),pass
tacet,medium,tail,0.2,ar1-0.3,5,0.4,3,10000,false,0.091250,,1191,10000,"Inconclusive: SampleBudgetExceeded { current_probability: 0.09125, samples_collected: 10000 }",inconclusive
tacet,medium,tail,0.2,ar1-0.3,5,100,14,10000,false,0.000000,,1212,10000,Pass (P=0.0%),pass
tacet,medium,tail,0.2,ar1-0.3,5,0.4,24,10000,false,0.215250,,1207,10000,"Inconclusive: SampleBudgetExceeded { current_probability: 0.21525, samples_collected: 10000 }",inconclusive
tacet,medium,tail,0.2,ar1-0.3,5,0.4,2,10000,false,0.081000,,1217,10000,"Inconclusive: SampleBudgetExceeded { current_probability: 0.081, samples_collected: 10000 }",inconclusive
tacet,medium,tail,0.2,ar1-0.3,5,0.4,16,10000,false,0.032750,,1250,10000,Pass (P=3.3%),pass
tacet,medium,tail,0.2,ar1-0.3,5,100,0,10000,false,0.000000,,1196,10000,Pass (P=0.0%),pass
tacet,medium,tail,0.2,ar1-0.3,5,0.4,12,10000,false,0.291500,,1194,10000,"Inconclusive: SampleBudgetExceeded { current_probability: 0.2915, samples_collected: 10000 }",inconclusive
tacet,medium,tail,0.2,ar1-0.3,5,0.4,37,10000,false,0.021000,,1208,10000,Pass (P=2.1%),pass
tacet,medium,tail,0.2,ar1-0.3,5,0.4,40,10000,false,0.315500,,1208,10000,"Inconclusive: SampleBudgetExceeded { current_probability: 0.3155, samples_collected: 10000 }",inconclusive
tacet,medium,tail,0.2,ar1-0.3,5,0.4,56,10000,false,0.537750,,1202,10000,"Inconclusive: SampleBudgetExceeded { current_probability: 0.53775, samples_collected: 10000 }",inconclusive
tacet,medium,tail,0.2,ar1-0.3,5,0.4,28,10000,false,0.262000,,1227,10000,"Inconclusive: SampleBudgetExceeded { current_probability: 0.262, samples_collected: 10000 }",inconclusive
tacet,medium,tail,0.2,ar1-0.3,5,100,18,10000,false,0.000000,,1240,10000,Pass (P=0.0%),pass
tacet,medium,tail,0.2,ar1-0.3,5,100,43,10000,false,0.000000,,1242,10000,Pass (P=0.0%),pass
tacet,medium,tail,0.2,ar1-0.3,5,100,7,10000,false,0.000000,,1246,10000,Pass (P=0.0%),pass
tacet,medium,tail,0.2,ar1-0.3,5,0.4,34,10000,false,0.007750,,1255,10000,Pass (P=0.8%),pass
tacet,medium,tail,0.2,ar1-0.3,5,0.4,17,10000,false,0.026000,,1245,10000,Pass (P=2.6%),pass
tacet,medium,tail,0.2,ar1-0.3,5,100,20,10000,false,0.000000,,1249,10000,Pass (P=0.0%),pass
tacet,medium,tail,0.2,ar1-0.3,5,0.4,9,10000,false,0.049500,,1243,10000,Pass (P=5.0%),pass
tacet,medium,tail,0.2,ar1-0.3,5,0.4,22,10000,false,0.729750,,1242,10000,"Inconclusive: SampleBudgetExceeded { current_probability: 0.72975, samples_collected: 10000 }",inconclusive
tacet,medium,tail,0.2,ar1-0.6,5,0.4,8,10000,false,0.623500,,1239,10000,"Inconclusive: SampleBudgetExceeded { current_probability: 0.6235, samples_collected: 10000 }",inconclusive
tacet,medium,tail,0.2,ar1-0.3,5,0.4,4,10000,false,0.062750,,1196,10000,"Inconclusive: SampleBudgetExceeded { current_probability: 0.06275, samples_collected: 10000 }",inconclusive
tacet,medium,tail,0.2,ar1-0.6,5,100,13,10000,false,0.000000,,1236,10000,Pass (P=0.0%),pass
tacet,medium,tail,0.2,iid,5,0.4,57,10000,false,0.026250,,1037,10000,Pass (P=2.6%),pass
tacet,medium,tail,0.2,ar1-0.3,5,0.4,1,10000,false,0.424000,,1189,10000,"Inconclusive: SampleBudgetExceeded { current_probability: 0.424, samples_collected: 10000 }",inconclusive
tacet,medium,tail,0.2,ar1-0.3,5,0.4,15,10000,false,0.012000,,1150,10000,Pass (P=1.2%),pass
tacet,medium,tail,0.2,ar1-0.3,5,0.4,29,10000,false,0.540500,,1188,10000,"Inconclusive: SampleBudgetExceeded { current_probability: 0.5405, samples_collected: 10000 }",inconclusive
tacet,medium,tail,0.2,ar1-0.3,5,0.4,19,10000,false,0.066750,,1233,10000,"Inconclusive: SampleBudgetExceeded { current_probability: 0.06675, samples_collected: 10000 }",inconclusive
tacet,medium,tail,0.2,ar1-0.3,5,100,29,10000,false,0.000000,,1199,10000,Pass (P=0.0%),pass
tacet,medium,tail,0.2,ar1-0.3,5,100,3,10000,false,0.000000,,1184,10000,Pass (P=0.0%),pass
tacet,medium,tail,0.2,ar1-0.3,5,0.4,21,10000,false,0.122000,,1231,10000,"Inconclusive: SampleBudgetExceeded { current_probability: 0.122, samples_collected: 10000 }",inconclusive
tacet,medium,tail,0.2,ar1-0.3,5,100,24,10000,false,0.000000,,1208,10000,Pass (P=0.0%),pass
tacet,medium,tail,0.2,ar1-0.3,5,100,4,10000,false,0.000000,,1173,10000,Pass (P=0.0%),pass
tacet,medium,tail,0.2,ar1-0.3,5,100,12,10000,false,0.000000,,1190,10000,Pass (P=0.0%),pass
tacet,medium,tail,0.2,iid,5,100,57,10000,false,0.000000,,1061,10000,Pass (P=0.0%),pass
tacet,medium,tail,0.2,ar1-0.3,5,0.4,41,10000,false,0.008000,,985,10000,Pass (P=0.8%),pass
tacet,medium,tail,0.2,ar1-0.3,5,100,56,10000,false,0.000000,,1202,10000,Pass (P=0.0%),pass
tacet,medium,tail,0.2,ar1-0.3,5,100,25,10000,false,0.000000,,1300,10000,Pass (P=0.0%),pass
tacet,medium,tail,0.2,ar1-0.3,5,0.4,44,10000,false,0.200000,,1240,10000,"Inconclusive: SampleBudgetExceeded { current_probability: 0.2, samples_collected: 10000 }",inconclusive
tacet,medium,tail,0.2,ar1-0.6,5,100,16,10000,false,0.000000,,1232,10000,Pass (P=0.0%),pass
tacet,medium,tail,0.2,ar1-0.3,5,100,34,10000,false,0.000000,,1242,10000,Pass (P=0.0%),pass
tacet,medium,tail,0.2,ar1-0.3,5,100,22,10000,false,0.000000,,1230,10000,Pass (P=0.0%),pass
tacet,medium,tail,0.2,ar1-0.6,5,0.4,18,10000,false,0.082500,,1232,10000,"Inconclusive: SampleBudgetExceeded { current_probability: 0.0825, samples_collected: 10000 }",inconclusive
tacet,medium,tail,0.2,ar1-0.6,5,0.4,19,10000,false,0.103500,,1205,10000,"Inconclusive: SampleBudgetExceeded { current_probability: 0.1035, samples_collected: 10000 }",inconclusive
tacet,medium,tail,0.2,ar1-0.6,5,100,8,10000,false,0.000000,,1243,10000,Pass (P=0.0%),pass
tacet,medium,tail,0.2,ar1-0.6,5,100,19,10000,false,0.000000,,1230,10000,Pass (P=0.0%),pass
tacet,medium,tail,0.2,ar1-0.6,5,0.4,1,10000,false,0.451000,,1242,10000,"Inconclusive: SampleBudgetExceeded { current_probability: 0.451, samples_collected: 10000 }",inconclusive
tacet,medium,tail,0.2,ar1-0.6,5,0.4,14,10000,false,0.196500,,1240,10000,"Inconclusive: SampleBudgetExceeded { current_probability: 0.1965, samples_collected: 10000 }",inconclusive
tacet,medium,tail,0.2,ar1-0.6,5,0.4,4,10000,false,0.471000,,1195,10000,"Inconclusive: SampleBudgetExceeded { current_probability: 0.471, samples_collected: 10000 }",inconclusive
tacet,medium,tail,0.2,ar1-0.3,5,100,2,10000,false,0.000000,,1934,10000,Pass (P=0.0%),pass
tacet,medium,tail,0.2,ar1-0.6,5,100,2,10000,false,0.000000,,1187,10000,Pass (P=0.0%),pass
tacet,medium,tail,0.2,ar1-0.6,5,100,10,10000,false,0.000000,,1231,10000,Pass (P=0.0%),pass
tacet,medium,tail,0.2,ar1-0.3,5,100,19,10000,false,0.000000,,1460,10000,Pass (P=0.0%),pass
tacet,medium,tail,0.2,ar1-0.6,5,0.4,7,10000,false,0.544000,,1173,10000,"Inconclusive: SampleBudgetExceeded { current_probability: 0.544, samples_collected: 10000 }",inconclusive
tacet,medium,tail,0.2,ar1-0.6,5,0.4,9,10000,false,0.191000,,1193,10000,"Inconclusive: SampleBudgetExceeded { current_probability: 0.191, samples_collected: 10000 }",inconclusive
tacet,medium,tail,0.2,ar1-0.3,5,0.4,20,10000,false,0.823750,,1201,10000,"Inconclusive: SampleBudgetExceeded { current_probability: 0.82375, samples_collected: 10000 }",inconclusive
tacet,medium,tail,0.2,ar1-0.6,5,0.4,3,10000,false,0.175250,,1195,10000,"Inconclusive: SampleBudgetExceeded { current_probability: 0.17525, samples_collected: 10000 }",inconclusive
tacet,medium,tail,0.2,ar1-0.6,5,100,6,10000,false,0.000000,,1247,10000,Pass (P=0.0%),pass
tacet,medium,tail,0.2,ar1-0.6,5,0.4,15,10000,false,0.059000,,1237,10000,"Inconclusive: SampleBudgetExceeded { current_probability: 0.059, samples_collected: 10000 }",inconclusive
tacet,medium,tail,0.2,iid,5,0.4,58,10000,false,0.415500,,1071,10000,"Inconclusive: SampleBudgetExceeded { current_probability: 0.4155, samples_collected: 10000 }",inconclusive
tacet,medium,tail,0.2,ar1-0.6,5,100,14,10000,false,0.000000,,1198,10000,Pass (P=0.0%),pass
tacet,medium,tail,0.2,ar1-0.3,5,0.4,58,10000,false,0.606750,,1193,10000,"Inconclusive: SampleBudgetExceeded { current_probability: 0.60675, samples_collected: 10000 }",inconclusive
tacet,medium,tail,0.2,ar1-0.3,5,0.4,26,10000,false,0.045750,,2195,10000,Pass (P=4.6%),pass
tacet,medium,tail,0.2,ar1-0.3,5,100,59,10000,false,0.000000,,1221,10000,Pass (P=0.0%),pass
tacet,medium,tail,0.2,ar1-0.6,5,100,15,10000,false,0.000000,,1224,10000,Pass (P=0.0%),pass
tacet,medium,tail,0.2,ar1-0.3,5,100,13,10000,false,0.000000,,1207,10000,Pass (P=0.0%),pass
tacet,medium,tail,0.2,ar1-0.3,5,100,48,10000,false,0.000000,,1209,10000,Pass (P=0.0%),pass
tacet,medium,tail,0.2,ar1-0.3,5,100,51,10000,false,0.000000,,1199,10000,Pass (P=0.0%),pass
tacet,medium,tail,0.2,ar1-0.3,5,100,44,10000,false,0.000000,,1239,10000,Pass (P=0.0%),pass
tacet,medium,tail,0.2,ar1-0.3,5,100,21,10000,false,0.000000,,2105,10000,Pass (P=0.0%),pass
tacet,medium,tail,0.2,ar1-0.6,5,0.4,12,10000,false,0.681000,,1240,10000,"Inconclusive: SampleBudgetExceeded { current_probability: 0.681, samples_collected: 10000 }",inconclusive
tacet,medium,tail,0.2,ar1-0.6,5,100,4,10000,false,0.000000,,1246,10000,Pass (P=0.0%),pass
tacet,medium,tail,0.2,ar1-0.6,5,0.4,11,10000,false,0.088250,,1221,10000,"Inconclusive: SampleBudgetExceeded { current_probability: 0.08825, samples_collected: 10000 }",inconclusive
tacet,medium,tail,0.2,ar1-0.3,5,100,28,10000,false,0.000000,,3288,10000,Pass (P=0.0%),pass
tacet,medium,tail,0.2,ar1-0.6,5,100,1,10000,false,0.000000,,1215,10000,Pass (P=0.0%),pass
tacet,medium,tail,0.2,ar1-0.6,5,100,0,10000,false,0.000000,,897,10000,Pass (P=0.0%),pass
tacet,medium,tail,0.2,ar1-0.6,5,0.4,5,10000,false,0.080000,,955,10000,"Inconclusive: SampleBudgetExceeded { current_probability: 0.08, samples_collected: 10000 }",inconclusive
tacet,medium,tail,0.2,ar1-0.6,5,100,5,10000,false,0.000000,,2168,10000,Pass (P=0.0%),pass
tacet,medium,tail,0.2,ar1-0.3,5,0.4,59,10000,false,0.370500,,1037,10000,"Inconclusive: SampleBudgetExceeded { current_probability: 0.3705, samples_collected: 10000 }",inconclusive
tacet,medium,tail,0.2,ar1-0.3,5,100,50,10000,false,0.000000,,1305,10000,Pass (P=0.0%),pass
tacet,medium,tail,0.2,ar1-0.3,5,100,35,10000,false,0.000000,,2839,10000,Pass (P=0.0%),pass
tacet,medium,tail,0.2,ar1-0.3,5,0.4,46,10000,false,0.868250,,500,10000,"Inconclusive: SampleBudgetExceeded { current_probability: 0.86825, samples_collected: 10000 }",inconclusive
tacet,medium,tail,0.2,ar1-0.6,5,0.4,13,10000,false,0.131250,,1173,10000,"Inconclusive: SampleBudgetExceeded { current_probability: 0.13125, samples_collected: 10000 }",inconclusive
tacet,medium,tail,0.2,ar1-0.3,5,0.4,45,10000,false,0.430750,,651,10000,"Inconclusive: SampleBudgetExceeded { current_probability: 0.43075, samples_collected: 10000 }",inconclusive
tacet,medium,tail,0.2,ar1-0.3,5,100,46,10000,false,0.000000,,473,10000,Pass (P=0.0%),pass
tacet,medium,tail,0.2,ar1-0.6,5,100,3,10000,false,0.000000,,1873,10000,Pass (P=0.0%),pass
tacet,medium,tail,0.2,ar1-0.3,5,100,40,10000,false,0.000000,,3485,10000,Pass (P=0.0%),pass
tacet,medium,tail,0.2,ar1-0.3,5,0.4,52,10000,false,0.032750,,1364,10000,Pass (P=3.3%),pass
tacet,medium,tail,0.2,ar1-0.3,5,100,53,10000,false,0.000000,,1293,10000,Pass (P=0.0%),pass
tacet,medium,tail,0.2,ar1-0.3,5,0.4,47,10000,false,0.275000,,1071,10000,"Inconclusive: SampleBudgetExceeded { current_probability: 0.275, samples_collected: 10000 }",inconclusive
tacet,medium,tail,0.2,ar1-0.3,5,100,45,10000,false,0.000000,,1096,10000,Pass (P=0.0%),pass
tacet,medium,tail,0.2,ar1-0.3,5,100,52,10000,false,0.000000,,1225,10000,Pass (P=0.0%),pass
tacet,medium,tail,0.2,ar1-0.3,5,0.4,54,10000,false,0.144000,,1312,10000,"Inconclusive: SampleBudgetExceeded { current_probability: 0.144, samples_collected: 10000 }",inconclusive
tacet,medium,tail,0.2,ar1-0.3,5,100,54,10000,false,0.000000,,1274,10000,Pass (P=0.0%),pass
tacet,medium,tail,0.2,ar1-0.3,5,100,47,10000,false,0.000000,,1077,10000,Pass (P=0.0%),pass
tacet,medium,tail,0.2,ar1-0.3,5,0.4,48,10000,false,0.014000,,1030,10000,Pass (P=1.4%),pass
tacet,medium,tail,0.2,ar1-0.3,5,100,16,10000,false,0.000000,,4909,10000,Pass (P=0.0%),pass
tacet,medium,tail,0.2,ar1-0.6,5,0.4,2,10000,false,0.174000,,1686,10000,"Inconclusive: SampleBudgetExceeded { current_probability: 0.174, samples_collected: 10000 }",inconclusive
tacet,medium,tail,0.2,ar1-0.6,5,100,11,10000,false,0.000000,,1674,10000,Pass (P=0.0%),pass
tacet,medium,tail,0.2,ar1-0.3,5,0.4,51,10000,false,0.826500,,1956,10000,"Inconclusive: SampleBudgetExceeded { current_probability: 0.8265, samples_collected: 10000 }",inconclusive
tacet,medium,tail,0.2,ar1-0.3,5,0.4,53,10000,false,0.014750,,1745,10000,Pass (P=1.5%),pass
tacet,medium,tail,0.2,ar1-0.6,5,0.4,16,10000,false,0.240250,,1579,10000,"Inconclusive: SampleBudgetExceeded { current_probability: 0.24025, samples_collected: 10000 }",inconclusive
tacet,medium,tail,0.2,ar1-0.6,5,0.4,0,10000,false,0.030750,,2147,10000,Pass (P=3.1%),pass
tacet,medium,tail,0.2,ar1-0.3,5,0.4,38,10000,false,0.300250,,5681,10000,"Inconclusive: SampleBudgetExceeded { current_probability: 0.30025, samples_collected: 10000 }",inconclusive
tacet,medium,tail,0.2,ar1-0.3,5,0.4,49,10000,false,0.639750,,2472,10000,"Inconclusive: SampleBudgetExceeded { current_probability: 0.63975, samples_collected: 10000 }",inconclusive
tacet,medium,tail,0.2,ar1-0.3,5,100,58,10000,false,0.000000,,2302,10000,Pass (P=0.0%),pass
tacet,medium,tail,0.2,ar1-0.6,5,100,12,10000,false,0.000000,,2554,10000,Pass (P=0.0%),pass
tacet,medium,tail,0.2,ar1-0.6,5,0.4,17,10000,false,0.149750,,3839,10000,"Inconclusive: SampleBudgetExceeded { current_probability: 0.14975, samples_collected: 10000 }",inconclusive
tacet,medium,tail,0.2,ar1-0.3,5,100,49,10000,false,0.000000,,2343,10000,Pass (P=0.0%),pass
tacet,medium,tail,0.2,ar1-0.3,5,0.4,50,10000,false,0.814250,,2915,10000,"Inconclusive: SampleBudgetExceeded { current_probability: 0.81425, samples_collected: 10000 }",inconclusive
tacet,medium,tail,0.2,ar1-0.6,5,0.4,10,10000,false,0.075750,,3258,10000,"Inconclusive: SampleBudgetExceeded { current_probability: 0.07575, samples_collected: 10000 }",inconclusive
tacet,medium,tail,0.2,ar1-0.6,5,100,18,10000,false,0.000000,,4079,10000,Pass (P=0.0%),pass
tacet,medium,tail,0.2,ar1-0.6,5,100,9,10000,false,0.000000,,3400,10000,Pass (P=0.0%),pass
tacet,medium,tail,0.2,ar1-0.3,5,100,57,10000,false,0.000000,,2997,10000,Pass (P=0.0%),pass
tacet,medium,tail,0.2,ar1-0.3,5,0.4,23,10000,false,0.398000,,3344,10000,"Inconclusive: SampleBudgetExceeded { current_probability: 0.398, samples_collected: 10000 }",inconclusive
tacet,medium,tail,0.2,ar1-0.6,5,100,17,10000,false,0.000000,,4270,10000,Pass (P=0.0%),pass
tacet,medium,tail,0.2,ar1-0.3,5,0.4,57,10000,false,0.275000,,3782,10000,"Inconclusive: SampleBudgetExceeded { current_probability: 0.275, samples_collected: 10000 }",inconclusive
tacet,medium,tail,0.2,ar1-0.3,5,0.4,13,10000,false,0.051250,,3858,10000,"Inconclusive: SampleBudgetExceeded { current_probability: 0.05125, samples_collected: 10000 }",inconclusive
tacet,medium,tail,0.2,ar1-0.3,5,100,27,10000,false,0.000000,,5096,10000,Pass (P=0.0%),pass
tacet,medium,tail,0.2,ar1-0.6,5,0.4,6,10000,false,0.461250,,4052,10000,"Inconclusive: SampleBudgetExceeded { current_probability: 0.46125, samples_collected: 10000 }",inconclusive
tacet,medium,tail,0.2,ar1-0.3,5,0.4,42,10000,false,0.782500,,4847,10000,"Inconclusive: SampleBudgetExceeded { current_probability: 0.7825, samples_collected: 10000 }",inconclusive
tacet,medium,tail,0.2,ar1-0.3,5,0.4,25,10000,false,0.575500,,5391,10000,"Inconclusive: SampleBudgetExceeded { current_probability: 0.5755, samples_collected: 10000 }",inconclusive
tacet,medium,tail,0.2,ar1-0.3,5,0.4,35,10000,false,0.019500,,5158,10000,Pass (P=1.9%),pass
tacet,medium,tail,0.2,ar1-0.3,5,0.4,10,10000,false,0.047000,,7907,10000,Pass (P=4.7%),pass
tacet,medium,tail,0.2,ar1-0.3,5,100,41,10000,false,0.000000,,5221,10000,Pass (P=0.0%),pass
tacet,medium,tail,0.2,iid,5,0.4,55,10000,false,0.000750,,6108,10000,Pass (P=0.1%),pass
tacet,medium,tail,0.2,ar1-0.3,5,0.4,27,10000,false,0.020250,,6079,10000,Pass (P=2.0%),pass
tacet,medium,tail,0.2,ar1-0.6,5,0.4,51,10000,false,0.814000,,1146,10000,"Inconclusive: SampleBudgetExceeded { current_probability: 0.814, samples_collected: 10000 }",inconclusive
tacet,medium,tail,0.2,ar1-0.6,5,100,32,10000,false,0.000000,,1171,10000,Pass (P=0.0%),pass
tacet,medium,tail,0.2,ar1-0.8,5,100,11,10000,false,0.000000,,1172,10000,Pass (P=0.0%),pass
tacet,medium,tail,0.2,ar1-0.6,5,100,49,10000,false,0.000000,,1173,10000,Pass (P=0.0%),pass
tacet,medium,tail,0.2,ar1-0.6,5,0.4,28,10000,false,0.683000,,1174,10000,"Inconclusive: SampleBudgetExceeded { current_probability: 0.683, samples_collected: 10000 }",inconclusive
tacet,medium,tail,0.2,ar1-0.8,5,100,10,10000,false,0.000000,,1175,10000,Pass (P=0.0%),pass
tacet,medium,tail,0.2,ar1-0.8,5,0.4,12,10000,false,0.866250,,1175,10000,"Inconclusive: SampleBudgetExceeded { current_probability: 0.86625, samples_collected: 10000 }",inconclusive
tacet,medium,tail,0.2,ar1-0.6,5,0.4,26,10000,false,0.085250,,1176,10000,"Inconclusive: SampleBudgetExceeded { current_probability: 0.08525, samples_collected: 10000 }",inconclusive
tacet,medium,tail,0.2,ar1-0.6,5,100,35,10000,false,0.000000,,1177,10000,Pass (P=0.0%),pass
tacet,medium,tail,0.2,ar1-0.6,5,0.4,29,10000,false,0.551000,,1177,10000,"Inconclusive: SampleBudgetExceeded { current_probability: 0.551, samples_collected: 10000 }",inconclusive
tacet,medium,tail,0.2,ar1-0.8,5,0.4,10,10000,false,0.258500,,1180,10000,"Inconclusive: SampleBudgetExceeded { current_probability: 0.2585, samples_collected: 10000 }",inconclusive
tacet,medium,tail,0.2,ar1-0.6,5,0.4,48,10000,false,0.046000,,1182,10000,Pass (P=4.6%),pass
tacet,medium,tail,0.2,ar1-0.6,5,100,46,10000,false,0.000000,,1185,10000,Pass (P=0.0%),pass
tacet,medium,tail,0.2,ar1-0.6,5,100,38,10000,false,0.000000,,1184,10000,Pass (P=0.0%),pass
tacet,medium,tail,0.2,ar1-0.6,5,0.4,34,10000,false,0.127250,,1190,10000,"Inconclusive: SampleBudgetExceeded { current_probability: 0.12725, samples_collected: 10000 }",inconclusive
tacet,medium,tail,0.2,ar1-0.8,5,0.4,35,10000,false,0.625000,,1194,10000,"Inconclusive: SampleBudgetExceeded { current_probability: 0.625, samples_collected: 10000 }",inconclusive
tacet,medium,tail,0.2,ar1-0.8,5,100,28,10000,false,0.000000,,1198,10000,Pass (P=0.0%),pass
tacet,medium,tail,0.2,ar1-0.8,5,100,25,10000,false,0.000000,,1200,10000,Pass (P=0.0%),pass
tacet,medium,tail,0.2,ar1-0.6,5,100,48,10000,false,0.000000,,1201,10000,Pass (P=0.0%),pass
tacet,medium,tail,0.2,ar1-0.6,5,0.4,40,10000,false,0.373250,,1202,10000,"Inconclusive: SampleBudgetExceeded { current_probability: 0.37325, samples_collected: 10000 }",inconclusive
tacet,medium,tail,0.2,ar1-0.8,5,0.4,16,10000,false,0.652250,,1207,10000,"Inconclusive: SampleBudgetExceeded { current_probability: 0.65225, samples_collected: 10000 }",inconclusive
tacet,medium,tail,0.2,ar1-0.8,5,100,22,10000,false,0.000000,,1207,10000,Pass (P=0.0%),pass
tacet,medium,tail,0.2,ar1-0.6,5,0.4,33,10000,false,0.751750,,1209,10000,"Inconclusive: SampleBudgetExceeded { current_probability: 0.75175, samples_collected: 10000 }",inconclusive
tacet,medium,tail,0.2,ar1-0.6,5,0.4,41,10000,false,0.032500,,1210,10000,Pass (P=3.2%),pass
tacet,medium,tail,0.2,ar1-0.6,5,0.4,45,10000,false,0.406000,,1211,10000,"Inconclusive: SampleBudgetExceeded { current_probability: 0.406, samples_collected: 10000 }",inconclusive
tacet,medium,tail,0.2,ar1-0.8,5,0.4,13,10000,false,0.275750,,1213,10000,"Inconclusive: SampleBudgetExceeded { current_probability: 0.27575, samples_collected: 10000 }",inconclusive
tacet,medium,tail,0.2,ar1-0.6,5,100,40,10000,false,0.000000,,1220,10000,Pass (P=0.0%),pass
tacet,medium,tail,0.2,ar1-0.6,5,100,57,10000,false,0.000000,,1221,10000,Pass (P=0.0%),pass
tacet,medium,tail,0.2,ar1-0.6,5,0.4,20,10000,false,0.853500,,1221,10000,"Inconclusive: SampleBudgetExceeded { current_probability: 0.8535, samples_collected: 10000 }",inconclusive
tacet,medium,tail,0.2,ar1-0.6,5,100,26,10000,false,0.000000,,1228,10000,Pass (P=0.0%),pass
tacet,medium,tail,0.2,ar1-0.6,5,100,41,10000,false,0.000000,,1228,10000,Pass (P=0.0%),pass
tacet,medium,tail,0.2,ar1-0.6,5,100,27,10000,false,0.000000,,1230,10000,Pass (P=0.0%),pass
tacet,medium,tail,0.2,ar1-0.6,5,100,51,10000,false,0.000000,,1182,10000,Pass (P=0.0%),pass
tacet,medium,tail,0.2,ar1-0.8,5,100,14,10000,false,0.000000,,1188,10000,Pass (P=0.0%),pass
tacet,medium,tail,0.2,ar1-0.6,5,0.4,36,10000,false,0.043250,,1189,10000,Pass (P=4.3%),pass
tacet,medium,tail,0.2,ar1-0.8,5,100,12,10000,false,0.000000,,1196,10000,Pass (P=0.0%),pass
tacet,medium,tail,0.2,ar1-0.6,5,0.4,39,10000,false,0.208750,,1185,10000,"Inconclusive: SampleBudgetExceeded { current_probability: 0.20875, samples_collected: 10000 }",inconclusive
tacet,medium,tail,0.2,ar1-0.6,5,100,28,10000,false,0.000000,,1202,10000,Pass (P=0.0%),pass
tacet,medium,tail,0.2,ar1-0.6,5,0.4,23,10000,false,0.609000,,1204,10000,"Inconclusive: SampleBudgetExceeded { current_probability: 0.609, samples_collected: 10000 }",inconclusive
tacet,medium,tail,0.2,ar1-0.6,5,100,24,10000,false,0.000000,,1203,10000,Pass (P=0.0%),pass
tacet,medium,tail,0.2,ar1-0.6,5,0.4,47,10000,false,0.388250,,1205,10000,"Inconclusive: SampleBudgetExceeded { current_probability: 0.38825, samples_collected: 10000 }",inconclusive
tacet,medium,tail,0.2,ar1-0.6,5,100,29,10000,false,0.000000,,1214,10000,Pass (P=0.0%),pass
tacet,medium,tail,0.2,ar1-0.8,5,100,35,10000,false,0.000000,,1211,10000,Pass (P=0.0%),pass
tacet,medium,tail,0.2,ar1-0.6,5,100,34,10000,false,0.000000,,1227,10000,Pass (P=0.0%),pass
tacet,medium,tail,0.2,ar1-0.8,5,100,3,10000,false,0.000000,,1220,10000,Pass (P=0.0%),pass
tacet,medium,tail,0.2,ar1-0.8,5,100,16,10000,false,0.000000,,1217,10000,Pass (P=0.0%),pass
tacet,medium,tail,0.2,ar1-0.8,5,0.4,26,10000,false,0.285750,,1226,10000,"Inconclusive: SampleBudgetExceeded { current_probability: 0.28575, samples_collected: 10000 }",inconclusive
tacet,medium,tail,0.2,ar1-0.6,5,100,45,10000,false,0.000000,,1222,10000,Pass (P=0.0%),pass
tacet,medium,tail,0.2,ar1-0.8,5,0.4,23,10000,false,0.700500,,1227,10000,"Inconclusive: SampleBudgetExceeded { current_probability: 0.7005, samples_collected: 10000 }",inconclusive
tacet,medium,tail,0.2,ar1-0.8,5,100,13,10000,false,0.000000,,1224,10000,Pass (P=0.0%),pass
tacet,medium,tail,0.2,ar1-0.8,5,0.4,29,10000,false,0.633250,,1241,10000,"Inconclusive: SampleBudgetExceeded { current_probability: 0.63325, samples_collected: 10000 }",inconclusive
tacet,medium,tail,0.2,ar1-0.6,5,100,20,10000,false,0.000000,,1227,10000,Pass (P=0.0%),pass
tacet,medium,tail,0.2,ar1-0.6,5,100,21,10000,false,0.000000,,1184,10000,Pass (P=0.0%),pass
tacet,medium,tail,0.2,ar1-0.6,5,0.4,42,10000,false,0.857000,,1226,10000,"Inconclusive: SampleBudgetExceeded { current_probability: 0.857, samples_collected: 10000 }",inconclusive
tacet,medium,tail,0.2,ar1-0.6,5,0.4,37,10000,false,0.043750,,1251,10000,Pass (P=4.4%),pass
tacet,medium,tail,0.2,ar1-0.6,5,0.4,58,10000,false,0.719750,,1265,10000,"Inconclusive: SampleBudgetExceeded { current_probability: 0.71975, samples_collected: 10000 }",inconclusive
tacet,medium,tail,0.2,ar1-0.6,5,0.4,35,10000,false,0.219000,,1221,10000,"Inconclusive: SampleBudgetExceeded { current_probability: 0.219, samples_collected: 10000 }",inconclusive
tacet,medium,tail,0.2,ar1-0.6,5,0.4,22,10000,false,0.843000,,1183,10000,"Inconclusive: SampleBudgetExceeded { current_probability: 0.843, samples_collected: 10000 }",inconclusive
tacet,medium,tail,0.2,ar1-0.8,5,0.4,27,10000,false,0.691250,,1190,10000,"Inconclusive: SampleBudgetExceeded { current_probability: 0.69125, samples_collected: 10000 }",inconclusive
tacet,medium,tail,0.2,ar1-0.6,5,100,47,10000,false,0.000000,,1201,10000,Pass (P=0.0%),pass
tacet,medium,tail,0.2,ar1-0.8,5,100,26,10000,false,0.000000,,1219,10000,Pass (P=0.0%),pass
tacet,medium,tail,0.2,ar1-0.6,5,100,36,10000,false,0.000000,,1190,10000,Pass (P=0.0%),pass
tacet,medium,tail,0.2,ar1-0.8,5,0.4,14,10000,false,0.353500,,1215,10000,"Inconclusive: SampleBudgetExceeded { current_probability: 0.3535, samples_collected: 10000 }",inconclusive
tacet,medium,tail,0.2,ar1-0.6,5,0.4,43,10000,false,0.818500,,1213,10000,"Inconclusive: SampleBudgetExceeded { current_probability: 0.8185, samples_collected: 10000 }",inconclusive
tacet,medium,tail,0.2,ar1-0.6,5,0.4,49,10000,false,0.784500,,2266,10000,"Inconclusive: SampleBudgetExceeded { current_probability: 0.7845, samples_collected: 10000 }",inconclusive
tacet,medium,tail,0.2,ar1-0.6,5,0.4,52,10000,false,0.081000,,1192,10000,"Inconclusive: SampleBudgetExceeded { current_probability: 0.081, samples_collected: 10000 }",inconclusive
tacet,medium,tail,0.2,ar1-0.6,5,0.4,27,10000,false,0.299500,,2308,10000,"Inconclusive: SampleBudgetExceeded { current_probability: 0.2995, samples_collected: 10000 }",inconclusive
tacet,medium,tail,0.2,ar1-0.8,5,0.4,15,10000,false,0.456000,,1186,10000,"Inconclusive: SampleBudgetExceeded { current_probability: 0.456, samples_collected: 10000 }",inconclusive
tacet,medium,tail,0.2,ar1-0.6,5,0.4,54,10000,false,0.256750,,1187,10000,"Inconclusive: SampleBudgetExceeded { current_probability: 0.25675, samples_collected: 10000 }",inconclusive
tacet,medium,tail,0.2,ar1-0.6,5,0.4,21,10000,false,0.097000,,1190,10000,"Inconclusive: SampleBudgetExceeded { current_probability: 0.097, samples_collected: 10000 }",inconclusive
tacet,medium,tail,0.2,ar1-0.6,5,0.4,44,10000,false,0.298000,,1187,10000,"Inconclusive: SampleBudgetExceeded { current_probability: 0.298, samples_collected: 10000 }",inconclusive
tacet,medium,tail,0.2,ar1-0.6,5,100,39,10000,false,0.000000,,1192,10000,Pass (P=0.0%),pass
tacet,medium,tail,0.2,ar1-0.6,5,100,23,10000,false,0.000000,,1195,10000,Pass (P=0.0%),pass
tacet,medium,tail,0.2,ar1-0.6,5,0.4,30,10000,false,0.278750,,1183,10000,"Inconclusive: SampleBudgetExceeded { current_probability: 0.27875, samples_collected: 10000 }",inconclusive
tacet,medium,tail,0.2,ar1-0.6,5,0.4,25,10000,false,0.650000,,1211,10000,"Inconclusive: SampleBudgetExceeded { current_probability: 0.65, samples_collected: 10000 }",inconclusive
tacet,medium,tail,0.2,ar1-0.6,5,100,42,10000,false,0.000000,,1213,10000,Pass (P=0.0%),pass
tacet,medium,tail,0.2,ar1-0.6,5,100,44,10000,false,0.000000,,1185,10000,Pass (P=0.0%),pass
tacet,medium,tail,0.2,ar1-0.6,5,100,33,10000,false,0.000000,,2408,10000,Pass (P=0.0%),pass
tacet,medium,tail,0.2,ar1-0.8,5,0.4,36,10000,false,0.248250,,1222,10000,"Inconclusive: SampleBudgetExceeded { current_probability: 0.24825, samples_collected: 10000 }",inconclusive
tacet,medium,tail,0.2,ar1-0.8,5,100,31,10000,false,0.000000,,1191,10000,Pass (P=0.0%),pass
tacet,medium,tail,0.2,ar1-0.8,5,0.4,17,10000,false,0.367250,,1222,10000,"Inconclusive: SampleBudgetExceeded { current_probability: 0.36725, samples_collected: 10000 }",inconclusive
tacet,medium,tail,0.2,ar1-0.8,5,100,47,10000,false,0.000000,,1227,10000,Pass (P=0.0%),pass
tacet,medium,tail,0.2,ar1-0.8,5,0.4,4,10000,false,0.795250,,1231,10000,"Inconclusive: SampleBudgetExceeded { current_probability: 0.79525, samples_collected: 10000 }",inconclusive
tacet,medium,tail,0.2,ar1-0.6,5,0.4,46,10000,false,0.939000,,1225,10000,"Inconclusive: SampleBudgetExceeded { current_probability: 0.939, samples_collected: 10000 }",inconclusive
tacet,medium,tail,0.2,ar1-0.8,5,100,6,10000,false,0.000000,,1228,10000,Pass (P=0.0%),pass
tacet,medium,tail,0.2,ar1-0.8,5,100,23,10000,false,0.000000,,1233,10000,Pass (P=0.0%),pass
tacet,medium,tail,0.2,ar1-0.6,5,100,25,10000,false,0.000000,,1222,10000,Pass (P=0.0%),pass
tacet,medium,tail,0.2,ar1-0.8,5,100,29,10000,false,0.000000,,1231,10000,Pass (P=0.0%),pass
tacet,medium,tail,0.2,ar1-0.6,5,100,58,10000,false,0.000000,,1235,10000,Pass (P=0.0%),pass
tacet,medium,tail,0.2,ar1-0.6,5,100,37,10000,false,0.000000,,1257,10000,Pass (P=0.0%),pass
tacet,medium,tail,0.2,ar1-0.8,5,0.4,8,10000,false,0.683000,,1238,10000,"Inconclusive: SampleBudgetExceeded { current_probability: 0.683, samples_collected: 10000 }",inconclusive
tacet,medium,tail,0.2,ar1-0.8,5,0.4,5,10000,false,0.181250,,1218,10000,"Inconclusive: SampleBudgetExceeded { current_probability: 0.18125, samples_collected: 10000 }",inconclusive
tacet,medium,tail,0.2,ar1-0.8,5,100,27,10000,false,0.000000,,1191,10000,Pass (P=0.0%),pass
tacet,medium,tail,0.2,ar1-0.8,5,100,15,10000,false,0.000000,,1178,10000,Pass (P=0.0%),pass
tacet,medium,tail,0.2,ar1-0.8,5,0.4,24,10000,false,0.548000,,1191,10000,"Inconclusive: SampleBudgetExceeded { current_probability: 0.548, samples_collected: 10000 }",inconclusive
tacet,medium,tail,0.2,ar1-0.6,5,100,43,10000,false,0.000000,,1218,10000,Pass (P=0.0%),pass
tacet,medium,tail,0.2,ar1-0.8,5,0.4,9,10000,false,0.539500,,1187,10000,"Inconclusive: SampleBudgetExceeded { current_probability: 0.5395, samples_collected: 10000 }",inconclusive
tacet,medium,tail,0.2,ar1-0.6,5,100,52,10000,false,0.000000,,1187,10000,Pass (P=0.0%),pass
tacet,medium,tail,0.2,ar1-0.8,5,0.4,41,10000,false,0.150250,,1191,10000,"Inconclusive: SampleBudgetExceeded { current_probability: 0.15025, samples_collected: 10000 }",inconclusive
tacet,medium,tail,0.2,ar1-0.6,5,100,22,10000,false,0.000000,,2102,10000,Pass (P=0.0%),pass
tacet,medium,tail,0.2,ar1-0.6,5,100,54,10000,false,0.000000,,1195,10000,Pass (P=0.0%),pass
tacet,medium,tail,0.2,ar1-0.8,5,0.4,30,10000,false,0.326750,,1192,10000,"Inconclusive: SampleBudgetExceeded { current_probability: 0.32675, samples_collected: 10000 }",inconclusive
tacet,medium,tail,0.2,ar1-0.8,5,0.4,34,10000,false,0.442750,,1198,10000,"Inconclusive: SampleBudgetExceeded { current_probability: 0.44275, samples_collected: 10000 }",inconclusive
tacet,medium,tail,0.2,ar1-0.6,5,0.4,24,10000,false,0.405500,,1192,10000,"Inconclusive: SampleBudgetExceeded { current_probability: 0.4055, samples_collected: 10000 }",inconclusive
tacet,medium,tail,0.2,ar1-0.6,5,100,30,10000,false,0.000000,,1189,10000,Pass (P=0.0%),pass
tacet,medium,tail,0.2,ar1-0.8,5,100,33,10000,false,0.000000,,1193,10000,Pass (P=0.0%),pass
tacet,medium,tail,0.2,ar1-0.6,5,100,31,10000,false,0.000000,,1187,10000,Pass (P=0.0%),pass
tacet,medium,tail,0.2,ar1-0.8,5,0.4,32,10000,false,0.664250,,1193,10000,"Inconclusive: SampleBudgetExceeded { current_probability: 0.66425, samples_collected: 10000 }",inconclusive
tacet,medium,tail,0.2,ar1-0.8,5,0.4,38,10000,false,0.926750,,1186,10000,"Inconclusive: SampleBudgetExceeded { current_probability: 0.92675, samples_collected: 10000 }",inconclusive
tacet,medium,tail,0.2,ar1-0.8,5,100,36,10000,false,0.000000,,1228,10000,Pass (P=0.0%),pass
tacet,medium,tail,0.2,ar1-0.8,5,100,30,10000,false,0.000000,,1239,10000,Pass (P=0.0%),pass
tacet,medium,tail,0.2,ar1-0.8,5,100,17,10000,false,0.000000,,1219,10000,Pass (P=0.0%),pass
tacet,medium,tail,0.2,ar1-0.8,5,0.4,48,10000,false,0.139500,,1231,10000,"Inconclusive: SampleBudgetExceeded { current_probability: 0.1395, samples_collected: 10000 }",inconclusive
tacet,medium,tail,0.2,ar1-0.8,5,0.4,7,10000,false,0.636000,,1222,10000,"Inconclusive: SampleBudgetExceeded { current_probability: 0.636, samples_collected: 10000 }",inconclusive
tacet,medium,tail,0.2,ar1-0.8,5,100,4,10000,false,0.000000,,1236,10000,Pass (P=0.0%),pass
tacet,medium,tail,0.2,ar1-0.8,5,100,9,10000,false,0.000000,,1232,10000,Pass (P=0.0%),pass
tacet,medium,tail,0.2,ar1-0.8,5,0.4,19,10000,false,0.336000,,1232,10000,"Inconclusive: SampleBudgetExceeded { current_probability: 0.336, samples_collected: 10000 }",inconclusive
tacet,medium,tail,0.2,ar1-0.6,5,0.4,53,10000,false,0.181750,,1231,10000,"Inconclusive: SampleBudgetExceeded { current_probability: 0.18175, samples_collected: 10000 }",inconclusive
tacet,medium,tail,0.2,ar1-0.6,5,0.4,59,10000,false,0.362000,,1228,10000,"Inconclusive: SampleBudgetExceeded { current_probability: 0.362, samples_collected: 10000 }",inconclusive
tacet,medium,tail,0.2,ar1-0.8,5,100,8,10000,false,0.000000,,1232,10000,Pass (P=0.0%),pass
tacet,medium,tail,0.2,ar1-0.8,5,100,0,10000,false,0.000000,,1220,10000,Pass (P=0.0%),pass
tacet,medium,tail,0.2,ar1-0.8,5,0.4,31,10000,false,0.496500,,1230,10000,"Inconclusive: SampleBudgetExceeded { current_probability: 0.4965, samples_collected: 10000 }",inconclusive
tacet,medium,tail,0.2,ar1-0.8,5,0.4,6,10000,false,0.545000,,1185,10000,"Inconclusive: SampleBudgetExceeded { current_probability: 0.545, samples_collected: 10000 }",inconclusive
tacet,medium,tail,0.2,ar1-0.8,5,100,5,10000,false,0.000000,,1233,10000,Pass (P=0.0%),pass
tacet,medium,tail,0.2,ar1-0.8,5,100,20,10000,false,0.000000,,1245,10000,Pass (P=0.0%),pass
tacet,medium,tail,0.2,ar1-0.8,5,100,24,10000,false,0.000000,,1191,10000,Pass (P=0.0%),pass
tacet,medium,tail,0.2,ar1-0.6,5,0.4,50,10000,false,0.870250,,4206,10000,"Inconclusive: SampleBudgetExceeded { current_probability: 0.87025, samples_collected: 10000 }",inconclusive
tacet,medium,tail,0.2,ar1-0.8,5,100,34,10000,false,0.000000,,1199,10000,Pass (P=0.0%),pass
tacet,medium,tail,0.2,ar1-0.6,5,0.4,38,10000,false,0.788500,,2249,10000,"Inconclusive: SampleBudgetExceeded { current_probability: 0.7885, samples_collected: 10000 }",inconclusive
tacet,medium,tail,0.2,ar1-0.8,5,100,53,10000,false,0.000000,,1188,10000,Pass (P=0.0%),pass
tacet,medium,tail,0.2,ar1-0.8,5,100,41,10000,false,0.000000,,1187,10000,Pass (P=0.0%),pass
tacet,medium,tail,0.2,ar1-0.8,5,100,19,10000,false,0.000000,,1191,10000,Pass (P=0.0%),pass
tacet,medium,tail,0.2,ar1-0.8,5,100,38,10000,false,0.000000,,1190,10000,Pass (P=0.0%),pass
tacet,medium,tail,0.2,ar1-0.8,5,0.4,37,10000,false,0.189250,,1221,10000,"Inconclusive: SampleBudgetExceeded { current_probability: 0.18925, samples_collected: 10000 }",inconclusive
tacet,medium,tail,0.2,ar1-0.8,5,100,7,10000,false,0.000000,,1322,10000,Pass (P=0.0%),pass
tacet,medium,tail,0.2,ar1-0.8,5,100,18,10000,false,0.000000,,1185,10000,Pass (P=0.0%),pass
tacet,medium,tail,0.2,ar1-0.8,5,0.4,28,10000,false,0.879000,,2123,10000,"Inconclusive: SampleBudgetExceeded { current_probability: 0.879, samples_collected: 10000 }",inconclusive
tacet,medium,tail,0.2,ar1-0.6,5,100,56,10000,false,0.000000,,1187,10000,Pass (P=0.0%),pass
tacet,medium,tail,0.2,ar1-0.6,5,100,55,10000,false,0.000000,,1218,10000,Pass (P=0.0%),pass
tacet,medium,tail,0.2,ar1-0.8,5,100,50,10000,false,0.000000,,1227,10000,Pass (P=0.0%),pass
tacet,medium,tail,0.2,ar1-0.6,5,100,59,10000,false,0.000000,,1230,10000,Pass (P=0.0%),pass
tacet,medium,tail,0.2,ar1-0.8,5,0.4,21,10000,false,0.191500,,1186,10000,"Inconclusive: SampleBudgetExceeded { current_probability: 0.1915, samples_collected: 10000 }",inconclusive
tacet,medium,tail,0.2,ar1-0.8,5,0.4,44,10000,false,0.467000,,1242,10000,"Inconclusive: SampleBudgetExceeded { current_probability: 0.467, samples_collected: 10000 }",inconclusive
tacet,medium,tail,0.2,ar1-0.8,5,0.4,1,10000,false,0.451500,,1232,10000,"Inconclusive: SampleBudgetExceeded { current_probability: 0.4515, samples_collected: 10000 }",inconclusive
tacet,medium,tail,0.2,ar1-0.8,5,0.4,2,10000,false,0.309250,,1184,10000,"Inconclusive: SampleBudgetExceeded { current_probability: 0.30925, samples_collected: 10000 }",inconclusive
tacet,medium,tail,0.2,ar1-0.8,5,100,48,10000,false,0.000000,,1471,10000,Pass (P=0.0%),pass
tacet,medium,tail,0.2,ar1-0.8,5,100,56,10000,false,0.000000,,1222,10000,Pass (P=0.0%),pass
tacet,medium,tail,0.2,ar1-0.8,5,0.4,55,10000,false,0.320500,,1198,10000,"Inconclusive: SampleBudgetExceeded { current_probability: 0.3205, samples_collected: 10000 }",inconclusive
tacet,medium,tail,0.2,ar1-0.8,5,0.4,20,10000,false,0.882750,,1046,10000,"Inconclusive: SampleBudgetExceeded { current_probability: 0.88275, samples_collected: 10000 }",inconclusive
tacet,medium,tail,0.2,ar1-0.8,5,100,1,10000,false,0.000000,,1238,10000,Pass (P=0.0%),pass
tacet,medium,tail,0.2,ar1-0.8,5,0.4,49,10000,false,0.864250,,1223,10000,"Inconclusive: SampleBudgetExceeded { current_probability: 0.86425, samples_collected: 10000 }",inconclusive
tacet,medium,tail,0.2,ar1-0.8,5,100,45,10000,false,0.000000,,1223,10000,Pass (P=0.0%),pass
tacet,medium,tail,0.2,ar1-0.8,5,100,49,10000,false,0.000000,,1239,10000,Pass (P=0.0%),pass
tacet,medium,tail,0.2,ar1-0.8,5,100,52,10000,false,0.000000,,1196,10000,Pass (P=0.0%),pass
tacet,medium,tail,0.2,ar1-0.8,5,0.4,52,10000,false,0.188250,,1228,10000,"Inconclusive: SampleBudgetExceeded { current_probability: 0.18825, samples_collected: 10000 }",inconclusive
tacet,medium,tail,0.2,ar1-0.8,5,100,37,10000,false,0.000000,,1239,10000,Pass (P=0.0%),pass
tacet,medium,tail,0.2,ar1-0.8,5,100,2,10000,false,0.000000,,1220,10000,Pass (P=0.0%),pass
tacet,medium,tail,0.2,ar1-0.6,5,100,50,10000,false,0.000000,,5563,10000,Pass (P=0.0%),pass
tacet,medium,tail,0.2,ar1-0.6,5,0.4,32,10000,false,0.339500,,2175,10000,"Inconclusive: SampleBudgetExceeded { current_probability: 0.3395, samples_collected: 10000 }",inconclusive
tacet,medium,tail,0.2,ar1-0.8,5,0.4,47,10000,false,0.520500,,1185,10000,"Inconclusive: SampleBudgetExceeded { current_probability: 0.5205, samples_collected: 10000 }",inconclusive
tacet,medium,tail,0.2,ar1-0.8,5,100,55,10000,false,0.000000,,1107,10000,Pass (P=0.0%),pass
tacet,medium,tail,0.2,ar1-0.8,5,100,21,10000,false,0.000000,,2142,10000,Pass (P=0.0%),pass
tacet,medium,tail,0.2,ar1-0.8,5,100,39,10000,false,0.000000,,2211,10000,Pass (P=0.0%),pass
tacet,medium,tail,0.2,ar1-0.8,5,0.4,3,10000,false,0.319750,,1009,10000,"Inconclusive: SampleBudgetExceeded { current_probability: 0.31975, samples_collected: 10000 }",inconclusive
tacet,medium,tail,0.2,ar1-0.8,5,0.4,53,10000,false,0.547750,,597,10000,"Inconclusive: SampleBudgetExceeded { current_probability: 0.54775, samples_collected: 10000 }",inconclusive
tacet,medium,tail,0.2,ar1-0.8,5,0.4,58,10000,false,0.732000,,789,10000,"Inconclusive: SampleBudgetExceeded { current_probability: 0.732, samples_collected: 10000 }",inconclusive
tacet,medium,tail,0.2,ar1-0.8,5,0.4,43,10000,false,0.856000,,742,10000,"Inconclusive: SampleBudgetExceeded { current_probability: 0.856, samples_collected: 10000 }",inconclusive
tacet,medium,tail,0.2,ar1-0.8,5,100,43,10000,false,0.000000,,612,10000,Pass (P=0.0%),pass
tacet,medium,tail,0.2,ar1-0.8,5,0.4,50,10000,false,0.911750,,768,10000,"Inconclusive: SampleBudgetExceeded { current_probability: 0.91175, samples_collected: 10000 }",inconclusive
tacet,medium,tail,0.2,ar1-0.8,5,0.4,46,10000,true,0.953500,,761,10000,"Fail (P=95.3%, SharedHardwareOnly)",fail
tacet,medium,tail,0.2,ar1-0.8,5,100,58,10000,false,0.000000,,585,10000,Pass (P=0.0%),pass
tacet,medium,tail,0.2,ar1-0.8,5,0.4,57,10000,false,0.439250,,811,10000,"Inconclusive: SampleBudgetExceeded { current_probability: 0.43925, samples_collected: 10000 }",inconclusive
tacet,medium,tail,0.2,ar1-0.8,5,100,57,10000,false,0.000000,,772,10000,Pass (P=0.0%),pass
tacet,medium,tail,0.2,ar1-0.8,5,0.4,39,10000,false,0.545000,,1188,10000,"Inconclusive: SampleBudgetExceeded { current_probability: 0.545, samples_collected: 10000 }",inconclusive
tacet,medium,tail,0.2,ar1-0.8,5,100,42,10000,false,0.000000,,978,10000,Pass (P=0.0%),pass
tacet,medium,tail,0.2,ar1-0.8,5,100,40,10000,false,0.000000,,1894,10000,Pass (P=0.0%),pass
tacet,medium,tail,0.2,ar1-0.8,5,0.4,45,10000,false,0.421500,,881,10000,"Inconclusive: SampleBudgetExceeded { current_probability: 0.4215, samples_collected: 10000 }",inconclusive
tacet,medium,tail,0.2,ar1-0.8,5,100,51,10000,false,0.000000,,1124,10000,Pass (P=0.0%),pass
tacet,medium,tail,0.2,ar1-0.8,5,100,59,10000,false,0.000000,,873,10000,Pass (P=0.0%),pass
tacet,medium,tail,0.2,ar1-0.6,5,0.4,31,10000,false,0.174500,,2714,10000,"Inconclusive: SampleBudgetExceeded { current_probability: 0.1745, samples_collected: 10000 }",inconclusive
tacet,medium,tail,0.2,ar1-0.8,5,100,54,10000,false,0.000000,,1557,10000,Pass (P=0.0%),pass
tacet,medium,tail,0.2,ar1-0.8,5,0.4,0,10000,false,0.225500,,1540,10000,"Inconclusive: SampleBudgetExceeded { current_probability: 0.2255, samples_collected: 10000 }",inconclusive
tacet,medium,tail,0.2,ar1-0.8,5,0.4,42,10000,false,0.877000,,1607,10000,"Inconclusive: SampleBudgetExceeded { current_probability: 0.877, samples_collected: 10000 }",inconclusive
tacet,medium,tail,0.2,ar1-0.8,5,0.4,22,10000,false,0.897500,,2482,10000,"Inconclusive: SampleBudgetExceeded { current_probability: 0.8975, samples_collected: 10000 }",inconclusive
tacet,medium,tail,0.2,ar1-0.8,5,100,44,10000,false,0.000000,,1308,10000,Pass (P=0.0%),pass
tacet,medium,tail,0.2,ar1-0.8,5,0.4,59,10000,false,0.350500,,1116,10000,"Inconclusive: SampleBudgetExceeded { current_probability: 0.3505, samples_collected: 10000 }",inconclusive
tacet,medium,tail,0.2,ar1-0.6,5,0.4,57,10000,false,0.351250,,1631,10000,"Inconclusive: SampleBudgetExceeded { current_probability: 0.35125, samples_collected: 10000 }",inconclusive
tacet,medium,tail,0.2,ar1-0.8,5,0.4,33,10000,false,0.797750,,4109,10000,"Inconclusive: SampleBudgetExceeded { current_probability: 0.79775, samples_collected: 10000 }",inconclusive
tacet,medium,tail,0.2,ar1-0.8,5,0.4,56,10000,false,0.699500,,1541,10000,"Inconclusive: SampleBudgetExceeded { current_probability: 0.6995, samples_collected: 10000 }",inconclusive
tacet,medium,tail,0.2,ar1-0.8,5,0.4,54,10000,false,0.381750,,1998,10000,"Inconclusive: SampleBudgetExceeded { current_probability: 0.38175, samples_collected: 10000 }",inconclusive
tacet,medium,tail,0.2,ar1-0.6,5,0.4,56,10000,false,0.635500,,1777,10000,"Inconclusive: SampleBudgetExceeded { current_probability: 0.6355, samples_collected: 10000 }",inconclusive
tacet,medium,tail,0.2,ar1-0.8,5,0.4,51,10000,false,0.822750,,1811,10000,"Inconclusive: SampleBudgetExceeded { current_probability: 0.82275, samples_collected: 10000 }",inconclusive
tacet,medium,tail,0.2,ar1-0.8,5,0.4,18,10000,false,0.211000,,3041,10000,"Inconclusive: SampleBudgetExceeded { current_probability: 0.211, samples_collected: 10000 }",inconclusive
tacet,medium,tail,0.2,ar1-0.8,5,100,32,10000,false,0.000000,,3416,10000,Pass (P=0.0%),pass
tacet,medium,tail,0.2,ar1-0.8,5,100,46,10000,false,0.000000,,2263,10000,Pass (P=0.0%),pass
tacet,medium,tail,0.2,ar1-0.6,5,0.4,55,10000,false,0.259250,,3286,10000,"Inconclusive: SampleBudgetExceeded { current_probability: 0.25925, samples_collected: 10000 }",inconclusive
tacet,medium,tail,0.2,ar1-0.6,5,100,53,10000,false,0.000000,,3494,10000,Pass (P=0.0%),pass
tacet,medium,tail,0.2,ar1-0.8,5,0.4,40,10000,false,0.507750,,3074,10000,"Inconclusive: SampleBudgetExceeded { current_probability: 0.50775, samples_collected: 10000 }",inconclusive
tacet,medium,tail,0.2,ar1-0.8,5,0.4,25,10000,false,0.754750,,3251,10000,"Inconclusive: SampleBudgetExceeded { current_probability: 0.75475, samples_collected: 10000 }",inconclusive
tacet,medium,tail,0.2,ar1-0.8,5,0.4,11,10000,false,0.376750,,7455,10000,"Inconclusive: SampleBudgetExceeded { current_probability: 0.37675, samples_collected: 10000 }",inconclusive
tacet,medium,tail,1,iid,5,100,32,10000,false,0.000000,,1037,10000,Pass (P=0.0%),pass
tacet,medium,tail,1,iid,5,0.4,9,10000,true,1.000000,,1039,10000,"Fail (P=100.0%, SharedHardwareOnly)",fail
tacet,medium,tail,1,iid,5,100,31,10000,false,0.000000,,1041,10000,Pass (P=0.0%),pass
tacet,medium,tail,1,iid,5,0.4,34,10000,true,1.000000,,1044,10000,"Fail (P=100.0%, SharedHardwareOnly)",fail
tacet,medium,tail,1,iid,5,0.4,7,10000,true,1.000000,,1045,10000,"Fail (P=100.0%, SharedHardwareOnly)",fail
tacet,medium,tail,1,iid,5,100,7,10000,false,0.000000,,1046,10000,Pass (P=0.0%),pass
tacet,medium,tail,1,iid,5,100,3,10000,false,0.000000,,1053,10000,Pass (P=0.0%),pass
tacet,medium,tail,1,iid,5,100,2,10000,false,0.000000,,1053,10000,Pass (P=0.0%),pass
tacet,medium,tail,1,iid,5,0.4,6,10000,true,1.000000,,1066,10000,"Fail (P=100.0%, SharedHardwareOnly)",fail
tacet,medium,tail,1,iid,5,0.4,25,10000,true,1.000000,,1072,10000,"Fail (P=100.0%, SharedHardwareOnly)",fail
tacet,medium,tail,1,iid,5,100,1,10000,false,0.000000,,1076,10000,Pass (P=0.0%),pass
tacet,medium,tail,1,iid,5,0.4,3,10000,true,1.000000,,1077,10000,"Fail (P=100.0%, SharedHardwareOnly)",fail
tacet,medium,tail,1,iid,5,0.4,31,10000,true,1.000000,,1078,10000,"Fail (P=100.0%, SharedHardwareOnly)",fail
tacet,medium,tail,1,iid,5,100,12,10000,false,0.000000,,1082,10000,Pass (P=0.0%),pass
tacet,medium,tail,1,iid,5,100,37,10000,false,0.000000,,1083,10000,Pass (P=0.0%),pass
tacet,medium,tail,1,iid,5,0.4,4,10000,true,1.000000,,1084,10000,"Fail (P=100.0%, SharedHardwareOnly)",fail
tacet,medium,tail,1,iid,5,0.4,50,10000,true,1.000000,,1084,10000,"Fail (P=100.0%, SharedHardwareOnly)",fail
tacet,medium,tail,1,iid,5,100,6,10000,false,0.000000,,1086,10000,Pass (P=0.0%),pass
tacet,medium,tail,1,iid,5,0.4,0,10000,true,1.000000,,1088,10000,"Fail (P=100.0%, SharedHardwareOnly)",fail
tacet,medium,tail,1,iid,5,0.4,2,10000,true,1.000000,,1089,10000,"Fail (P=100.0%, SharedHardwareOnly)",fail
tacet,medium,tail,1,iid,5,100,4,10000,false,0.000000,,1093,10000,Pass (P=0.0%),pass
tacet,medium,tail,1,ar1-0.3,5,100,33,10000,false,0.000000,,1183,10000,Pass (P=0.0%),pass
tacet,medium,tail,1,ar1-0.3,5,100,30,10000,false,0.000000,,1185,10000,Pass (P=0.0%),pass
tacet,medium,tail,1,ar1-0.3,5,0.4,35,10000,true,0.991500,,1192,10000,"Fail (P=99.2%, SharedHardwareOnly)",fail
tacet,medium,tail,1,ar1-0.3,5,100,2,10000,false,0.000000,,1194,10000,Pass (P=0.0%),pass
tacet,medium,tail,1,ar1-0.3,5,100,36,10000,false,0.000000,,1195,10000,Pass (P=0.0%),pass
tacet,medium,tail,1,ar1-0.3,5,100,19,10000,false,0.000000,,1195,10000,Pass (P=0.0%),pass
tacet,medium,tail,1,ar1-0.3,5,0.4,29,10000,true,0.997750,,1197,10000,"Fail (P=99.8%, SharedHardwareOnly)",fail
tacet,medium,tail,1,ar1-0.3,5,0.4,21,10000,true,0.997500,,1209,10000,"Fail (P=99.8%, SharedHardwareOnly)",fail
tacet,medium,tail,1,ar1-0.3,5,100,27,10000,false,0.000000,,1226,10000,Pass (P=0.0%),pass
tacet,medium,tail,1,ar1-0.3,5,0.4,15,10000,true,0.988250,,1228,10000,"Fail (P=98.8%, SharedHardwareOnly)",fail
tacet,medium,tail,1,ar1-0.3,5,0.4,18,10000,true,0.997250,,1228,10000,"Fail (P=99.7%, SharedHardwareOnly)",fail
tacet,medium,tail,1,iid,5,0.4,33,10000,true,1.000000,,1043,10000,"Fail (P=100.0%, SharedHardwareOnly)",fail
tacet,medium,tail,1,iid,5,100,9,10000,false,0.000000,,1048,10000,Pass (P=0.0%),pass
tacet,medium,tail,1,iid,5,0.4,8,10000,true,1.000000,,1056,10000,"Fail (P=100.0%, SharedHardwareOnly)",fail
tacet,medium,tail,1,iid,5,100,0,10000,false,0.000000,,1057,10000,Pass (P=0.0%),pass
tacet,medium,tail,1,iid,5,100,34,10000,false,0.000000,,1062,10000,Pass (P=0.0%),pass
tacet,medium,tail,1,iid,5,100,25,10000,false,0.000000,,1082,10000,Pass (P=0.0%),pass
tacet,medium,tail,1,iid,5,100,18,10000,false,0.000000,,1080,10000,Pass (P=0.0%),pass
tacet,medium,tail,1,iid,5,0.4,56,10000,true,1.000000,,1084,10000,"Fail (P=100.0%, SharedHardwareOnly)",fail
tacet,medium,tail,1,iid,5,100,33,10000,false,0.000000,,1096,10000,Pass (P=0.0%),pass
tacet,medium,tail,1,iid,5,100,10,10000,false,0.000000,,1092,10000,Pass (P=0.0%),pass
tacet,medium,tail,1,iid,5,0.4,5,10000,true,1.000000,,1089,10000,"Fail (P=100.0%, SharedHardwareOnly)",fail
tacet,medium,tail,1,iid,5,100,50,10000,false,0.000000,,1102,10000,Pass (P=0.0%),pass
tacet,medium,tail,1,iid,5,0.4,38,10000,true,1.000000,,1104,10000,"Fail (P=100.0%, SharedHardwareOnly)",fail
tacet,medium,tail,1,iid,5,0.4,13,10000,true,1.000000,,1106,10000,"Fail (P=100.0%, SharedHardwareOnly)",fail
tacet,medium,tail,1,ar1-0.3,5,100,16,10000,false,0.000000,,1202,10000,Pass (P=0.0%),pass
tacet,medium,tail,1,ar1-0.3,5,100,8,10000,false,0.000000,,1222,10000,Pass (P=0.0%),pass
tacet,medium,tail,1,ar1-0.3,5,0.4,20,10000,true,0.998500,,1235,10000,"Fail (P=99.9%, SharedHardwareOnly)",fail
tacet,medium,tail,1,iid,5,100,43,10000,false,0.000000,,1077,10000,Pass (P=0.0%),pass
tacet,medium,tail,1,ar1-0.3,5,0.4,38,10000,true,1.000000,,1236,10000,"Fail (P=100.0%, SharedHardwareOnly)",fail
tacet,medium,tail,1,ar1-0.3,5,0.4,34,10000,true,0.997250,,1246,10000,"Fail (P=99.7%, SharedHardwareOnly)",fail
tacet,medium,tail,1,ar1-0.3,5,100,15,10000,false,0.000000,,1239,10000,Pass (P=0.0%),pass
tacet,medium,tail,1,iid,5,0.4,10,10000,true,1.000000,,1052,10000,"Fail (P=100.0%, SharedHardwareOnly)",fail
tacet,medium,tail,1,ar1-0.3,5,0.4,31,10000,true,0.997000,,1197,10000,"Fail (P=99.7%, SharedHardwareOnly)",fail
tacet,medium,tail,1,ar1-0.3,5,100,35,10000,false,0.000000,,1201,10000,Pass (P=0.0%),pass
tacet,medium,tail,1,ar1-0.3,5,0.4,3,10000,true,0.997000,,1207,10000,"Fail (P=99.7%, SharedHardwareOnly)",fail
tacet,medium,tail,1,ar1-0.3,5,100,5,10000,false,0.000000,,1206,10000,Pass (P=0.0%),pass
tacet,medium,tail,1,ar1-0.3,5,0.4,37,10000,true,0.995250,,1207,10000,"Fail (P=99.5%, SharedHardwareOnly)",fail
tacet,medium,tail,1,ar1-0.3,5,100,29,10000,false,0.000000,,1208,10000,Pass (P=0.0%),pass
tacet,medium,tail,1,ar1-0.3,5,100,21,10000,false,0.000000,,1226,10000,Pass (P=0.0%),pass
tacet,medium,tail,1,ar1-0.3,5,0.4,28,10000,true,0.997250,,1239,10000,"Fail (P=99.7%, SharedHardwareOnly)",fail
tacet,medium,tail,1,ar1-0.3,5,100,18,10000,false,0.000000,,1240,10000,Pass (P=0.0%),pass
tacet,medium,tail,1,iid,5,100,35,10000,false,0.000000,,1053,10000,Pass (P=0.0%),pass
tacet,medium,tail,1,iid,5,0.4,32,10000,true,1.000000,,1864,10000,"Fail (P=100.0%, SharedHardwareOnly)",fail
tacet,medium,tail,1,iid,5,100,11,10000,false,0.000000,,1048,10000,Pass (P=0.0%),pass
tacet,medium,tail,1,iid,5,100,8,10000,false,0.000000,,1057,10000,Pass (P=0.0%),pass
tacet,medium,tail,1,iid,5,0.4,35,10000,true,1.000000,,1064,10000,"Fail (P=100.0%, SharedHardwareOnly)",fail
tacet,medium,tail,1,iid,5,0.4,26,10000,true,1.000000,,1082,10000,"Fail (P=100.0%, SharedHardwareOnly)",fail
tacet,medium,tail,1,iid,5,0.4,19,10000,true,1.000000,,1095,10000,"Fail (P=100.0%, SharedHardwareOnly)",fail
tacet,medium,tail,1,iid,5,100,56,10000,false,0.000000,,1083,10000,Pass (P=0.0%),pass
tacet,medium,tail,1,iid,5,100,5,10000,false,0.000000,,1087,10000,Pass (P=0.0%),pass
tacet,medium,tail,1,ar1-0.3,5,0.4,32,10000,true,0.988250,,1197,10000,"Fail (P=98.8%, SharedHardwareOnly)",fail
tacet,medium,tail,1,iid,5,0.4,11,10000,true,1.000000,,1108,10000,"Fail (P=100.0%, SharedHardwareOnly)",fail
tacet,medium,tail,1,iid,5,100,13,10000,false,0.000000,,1101,10000,Pass (P=0.0%),pass
tacet,medium,tail,1,iid,5,100,38,10000,false,0.000000,,1103,10000,Pass (P=0.0%),pass
tacet,medium,tail,1,iid,5,0.4,51,10000,true,1.000000,,1114,10000,"Fail (P=100.0%, SharedHardwareOnly)",fail
tacet,medium,tail,1,iid,5,0.4,44,10000,true,1.000000,,1082,10000,"Fail (P=100.0%, SharedHardwareOnly)",fail
tacet,medium,tail,1,ar1-0.3,5,0.4,17,10000,true,0.993250,,1243,10000,"Fail (P=99.3%, SharedHardwareOnly)",fail
tacet,medium,tail,1,ar1-0.3,5,0.4,9,10000,true,0.990250,,1236,10000,"Fail (P=99.0%, SharedHardwareOnly)",fail
tacet,medium,tail,1,iid,5,100,46,10000,false,0.000000,,1088,10000,Pass (P=0.0%),pass
tacet,medium,tail,1,iid,5,0.4,36,10000,true,1.000000,,1054,10000,"Fail (P=100.0%, SharedHardwareOnly)",fail
tacet,medium,tail,1,ar1-0.3,5,100,20,10000,false,0.000000,,1251,10000,Pass (P=0.0%),pass
tacet,medium,tail,1,ar1-0.3,5,100,38,10000,false,0.000000,,1239,10000,Pass (P=0.0%),pass
tacet,medium,tail,1,ar1-0.3,5,100,34,10000,false,0.000000,,1247,10000,Pass (P=0.0%),pass
tacet,medium,tail,1,ar1-0.3,5,0.4,16,10000,true,0.994250,,1246,10000,"Fail (P=99.4%, SharedHardwareOnly)",fail
tacet,medium,tail,1,ar1-0.3,5,100,3,10000,false,0.000000,,1210,10000,Pass (P=0.0%),pass
tacet,medium,tail,1,ar1-0.3,5,0.4,30,10000,true,0.996250,,1206,10000,"Fail (P=99.6%, SharedHardwareOnly)",fail
tacet,medium,tail,1,ar1-0.3,5,0.4,4,10000,true,0.996250,,1260,10000,"Fail (P=99.6%, SharedHardwareOnly)",fail
tacet,medium,tail,1,ar1-0.3,5,0.4,6,10000,true,0.999250,,1224,10000,"Fail (P=99.9%, SharedHardwareOnly)",fail
tacet,medium,tail,1,ar1-0.3,5,0.4,36,10000,true,0.996250,,1260,10000,"Fail (P=99.6%, SharedHardwareOnly)",fail
tacet,medium,tail,1,ar1-0.3,5,100,31,10000,false,0.000000,,1281,10000,Pass (P=0.0%),pass
tacet,medium,tail,1,ar1-0.3,5,100,37,10000,false,0.000000,,1278,10000,Pass (P=0.0%),pass
tacet,medium,tail,1,ar1-0.3,5,100,28,10000,false,0.000000,,1239,10000,Pass (P=0.0%),pass
tacet,medium,tail,1,ar1-0.3,5,0.4,19,10000,true,0.997000,,1245,10000,"Fail (P=99.7%, SharedHardwareOnly)",fail
tacet,medium,tail,1,ar1-0.3,5,0.4,22,10000,true,0.999750,,1290,10000,"Fail (P=100.0%, SharedHardwareOnly)",fail
tacet,medium,tail,1,iid,5,0.4,48,10000,true,1.000000,,1083,10000,"Fail (P=100.0%, SharedHardwareOnly)",fail
tacet,medium,tail,1,iid,5,0.4,12,10000,true,1.000000,,1050,10000,"Fail (P=100.0%, SharedHardwareOnly)",fail
tacet,medium,tail,1,iid,5,0.4,49,10000,true,1.000000,,1113,10000,"Fail (P=100.0%, SharedHardwareOnly)",fail
tacet,medium,tail,1,iid,5,100,26,10000,false,0.000000,,1089,10000,Pass (P=0.0%),pass
tacet,medium,tail,1,iid,5,100,19,10000,false,0.000000,,1079,10000,Pass (P=0.0%),pass
tacet,medium,tail,1,iid,5,0.4,57,10000,true,1.000000,,1087,10000,"Fail (P=100.0%, SharedHardwareOnly)",fail
tacet,medium,tail,1,iid,5,100,49,10000,false,0.000000,,1206,10000,Pass (P=0.0%),pass
tacet,medium,tail,1,iid,5,0.4,14,10000,true,1.000000,,1101,10000,"Fail (P=100.0%, SharedHardwareOnly)",fail
tacet,medium,tail,1,iid,5,0.4,39,10000,true,1.000000,,1139,10000,"Fail (P=100.0%, SharedHardwareOnly)",fail
tacet,medium,tail,1,iid,5,100,51,10000,false,0.000000,,1136,10000,Pass (P=0.0%),pass
tacet,medium,tail,1,ar1-0.3,5,100,32,10000,false,0.000000,,1179,10000,Pass (P=0.0%),pass
tacet,medium,tail,1,ar1-0.3,5,0.4,39,10000,true,0.980750,,1239,10000,"Fail (P=98.1%, SharedHardwareOnly)",fail
tacet,medium,tail,1,ar1-0.3,5,0.4,7,10000,true,0.998500,,1253,10000,"Fail (P=99.9%, SharedHardwareOnly)",fail
tacet,medium,tail,1,iid,5,0.4,47,10000,true,1.000000,,1086,10000,"Fail (P=100.0%, SharedHardwareOnly)",fail
tacet,medium,tail,1,iid,5,100,44,10000,false,0.000000,,1212,10000,Pass (P=0.0%),pass
tacet,medium,tail,1,iid,5,100,36,10000,false,0.000000,,1092,10000,Pass (P=0.0%),pass
tacet,medium,tail,1,iid,5,0.4,37,10000,true,1.000000,,1087,10000,"Fail (P=100.0%, SharedHardwareOnly)",fail
tacet,medium,tail,1,iid,5,0.4,45,10000,true,1.000000,,1085,10000,"Fail (P=100.0%, SharedHardwareOnly)",fail
tacet,medium,tail,1,iid,5,0.4,59,10000,true,1.000000,,1081,10000,"Fail (P=100.0%, SharedHardwareOnly)",fail
tacet,medium,tail,1,iid,5,0.4,28,10000,true,1.000000,,1057,10000,"Fail (P=100.0%, SharedHardwareOnly)",fail
tacet,medium,tail,1,iid,5,100,57,10000,false,0.000000,,1083,10000,Pass (P=0.0%),pass
tacet,medium,tail,1,ar1-0.3,5,100,9,10000,false,0.000000,,1230,10000,Pass (P=0.0%),pass
tacet,medium,tail,1,ar1-0.3,5,100,17,10000,false,0.000000,,1248,10000,Pass (P=0.0%),pass
tacet,medium,tail,1,iid,5,0.4,53,10000,true,1.000000,,1100,10000,"Fail (P=100.0%, SharedHardwareOnly)",fail
tacet,medium,tail,1,ar1-0.3,5,100,11,10000,false,0.000000,,1246,10000,Pass (P=0.0%),pass
tacet,medium,tail,1,ar1-0.3,5,100,7,10000,false,0.000000,,1212,10000,Pass (P=0.0%),pass
tacet,medium,tail,1,ar1-0.3,5,100,4,10000,false,0.000000,,1208,10000,Pass (P=0.0%),pass
tacet,medium,tail,1,ar1-0.3,5,100,6,10000,false,0.000000,,1214,10000,Pass (P=0.0%),pass
tacet,medium,tail,1,ar1-0.3,5,100,0,10000,false,0.000000,,1217,10000,Pass (P=0.0%),pass
tacet,medium,tail,1,ar1-0.3,5,100,22,10000,false,0.000000,,1208,10000,Pass (P=0.0%),pass
tacet,medium,tail,1,ar1-0.3,5,100,1,10000,false,0.000000,,1200,10000,Pass (P=0.0%),pass
tacet,medium,tail,1,iid,5,100,48,10000,false,0.000000,,1067,10000,Pass (P=0.0%),pass
tacet,medium,tail,1,ar1-0.3,5,0.4,33,10000,true,0.999250,,1236,10000,"Fail (P=99.9%, SharedHardwareOnly)",fail
tacet,medium,tail,1,iid,5,100,59,10000,false,0.000000,,1048,10000,Pass (P=0.0%),pass
tacet,medium,tail,1,iid,5,0.4,20,10000,true,1.000000,,1080,10000,"Fail (P=100.0%, SharedHardwareOnly)",fail
tacet,medium,tail,1,iid,5,0.4,27,10000,true,1.000000,,1109,10000,"Fail (P=100.0%, SharedHardwareOnly)",fail
tacet,medium,tail,1,iid,5,100,29,10000,false,0.000000,,1063,10000,Pass (P=0.0%),pass
tacet,medium,tail,1,ar1-0.3,5,0.4,1,10000,true,0.998000,,1207,10000,"Fail (P=99.8%, SharedHardwareOnly)",fail
tacet,medium,tail,1,iid,5,100,14,10000,false,0.000000,,1103,10000,Pass (P=0.0%),pass
tacet,medium,tail,1,iid,5,0.4,52,10000,true,1.000000,,1095,10000,"Fail (P=100.0%, SharedHardwareOnly)",fail
tacet,medium,tail,1,iid,5,100,39,10000,false,0.000000,,1102,10000,Pass (P=0.0%),pass
tacet,medium,tail,1,ar1-0.3,5,0.4,0,10000,true,0.994000,,1242,10000,"Fail (P=99.4%, SharedHardwareOnly)",fail
tacet,medium,tail,1,iid,5,0.4,30,10000,true,1.000000,,1095,10000,"Fail (P=100.0%, SharedHardwareOnly)",fail
tacet,medium,tail,1,ar1-0.3,5,0.4,24,10000,true,0.996250,,1196,10000,"Fail (P=99.6%, SharedHardwareOnly)",fail
tacet,medium,tail,1,iid,5,100,45,10000,false,0.000000,,1080,10000,Pass (P=0.0%),pass
tacet,medium,tail,1,iid,5,100,28,10000,false,0.000000,,1061,10000,Pass (P=0.0%),pass
tacet,medium,tail,1,ar1-0.3,5,100,39,10000,false,0.000000,,1247,10000,Pass (P=0.0%),pass
tacet,medium,tail,1,iid,5,100,47,10000,false,0.000000,,2080,10000,Pass (P=0.0%),pass
tacet,medium,tail,1,iid,5,0.4,58,10000,true,1.000000,,1060,10000,"Fail (P=100.0%, SharedHardwareOnly)",fail
tacet,medium,tail,1,iid,5,0.4,29,10000,true,1.000000,,1065,10000,"Fail (P=100.0%, SharedHardwareOnly)",fail
tacet,medium,tail,1,ar1-0.3,5,100,25,10000,false,0.000000,,1204,10000,Pass (P=0.0%),pass
tacet,medium,tail,1,ar1-0.3,5,0.4,2,10000,true,0.997250,,1233,10000,"Fail (P=99.7%, SharedHardwareOnly)",fail
tacet,medium,tail,1,ar1-0.3,5,0.4,23,10000,true,0.998500,,1240,10000,"Fail (P=99.9%, SharedHardwareOnly)",fail
tacet,medium,tail,1,ar1-0.3,5,100,26,10000,false,0.000000,,1240,10000,Pass (P=0.0%),pass
tacet,medium,tail,1,ar1-0.3,5,100,23,10000,false,0.000000,,1245,10000,Pass (P=0.0%),pass
tacet,medium,tail,1,iid,5,100,53,10000,false,0.000000,,1092,10000,Pass (P=0.0%),pass
tacet,medium,tail,1,iid,5,100,27,10000,false,0.000000,,1099,10000,Pass (P=0.0%),pass
tacet,medium,tail,1,iid,5,100,21,10000,false,0.000000,,1062,10000,Pass (P=0.0%),pass
tacet,medium,tail,1,ar1-0.3,5,0.4,10,10000,true,0.997250,,1255,10000,"Fail (P=99.7%, SharedHardwareOnly)",fail
tacet,medium,tail,1,ar1-0.3,5,0.4,12,10000,true,0.991750,,1245,10000,"Fail (P=99.2%, SharedHardwareOnly)",fail
tacet,medium,tail,1,iid,5,100,54,10000,false,0.000000,,1067,10000,Pass (P=0.0%),pass
tacet,medium,tail,1,iid,5,0.4,23,10000,true,1.000000,,1070,10000,"Fail (P=100.0%, SharedHardwareOnly)",fail
tacet,medium,tail,1,iid,5,0.4,54,10000,true,1.000000,,1050,10000,"Fail (P=100.0%, SharedHardwareOnly)",fail
tacet,medium,tail,1,ar1-0.3,5,0.4,13,10000,true,0.996250,,1253,10000,"Fail (P=99.6%, SharedHardwareOnly)",fail
tacet,medium,tail,1,ar1-0.3,5,100,10,10000,false,0.000000,,1202,10000,Pass (P=0.0%),pass
tacet,medium,tail,1,iid,5,100,20,10000,false,0.000000,,1076,10000,Pass (P=0.0%),pass
tacet,medium,tail,1,iid,5,100,40,10000,false,0.000000,,1063,10000,Pass (P=0.0%),pass
tacet,medium,tail,1,iid,5,0.4,55,10000,true,1.000000,,1029,10000,"Fail (P=100.0%, SharedHardwareOnly)",fail
tacet,medium,tail,1,iid,5,0.4,15,10000,true,1.000000,,1047,10000,"Fail (P=100.0%, SharedHardwareOnly)",fail
tacet,medium,tail,1,iid,5,0.4,18,10000,true,1.000000,,569,10000,"Fail (P=100.0%, SharedHardwareOnly)",fail
tacet,medium,tail,1,iid,5,0.4,43,10000,true,1.000000,,762,10000,"Fail (P=100.0%, SharedHardwareOnly)",fail
tacet,medium,tail,1,iid,5,100,41,10000,false,0.000000,,527,10000,Pass (P=0.0%),pass
tacet,medium,tail,1,iid,5,100,17,10000,false,0.000000,,609,10000,Pass (P=0.0%),pass
tacet,medium,tail,1,iid,5,0.4,41,10000,true,1.000000,,748,10000,"Fail (P=100.0%, SharedHardwareOnly)",fail
tacet,medium,tail,1,iid,5,100,55,10000,false,0.000000,,399,10000,Pass (P=0.0%),pass
tacet,medium,tail,1,iid,5,0.4,16,10000,true,1.000000,,621,10000,"Fail (P=100.0%, SharedHardwareOnly)",fail
tacet,medium,tail,1,ar1-0.3,5,0.4,14,10000,true,0.997000,,958,10000,"Fail (P=99.7%, SharedHardwareOnly)",fail
tacet,medium,tail,1,ar1-0.3,5,100,12,10000,false,0.000000,,818,10000,Pass (P=0.0%),pass
tacet,medium,tail,1,ar1-0.3,5,100,14,10000,false,0.000000,,622,10000,Pass (P=0.0%),pass
tacet,medium,tail,1,ar1-0.3,5,100,13,10000,false,0.000000,,600,10000,Pass (P=0.0%),pass
tacet,medium,tail,1,iid,5,0.4,17,10000,true,1.000000,,969,10000,"Fail (P=100.0%, SharedHardwareOnly)",fail
tacet,medium,tail,1,iid,5,0.4,46,10000,true,1.000000,,1982,10000,"Fail (P=100.0%, SharedHardwareOnly)",fail
tacet,medium,tail,1,iid,5,100,16,10000,false,0.000000,,855,10000,Pass (P=0.0%),pass
tacet,medium,tail,1,iid,5,100,24,10000,false,0.000000,,1314,10000,Pass (P=0.0%),pass
tacet,medium,tail,1,iid,5,100,23,10000,false,0.000000,,1356,10000,Pass (P=0.0%),pass
tacet,medium,tail,1,iid,5,0.4,24,10000,true,1.000000,,1590,10000,"Fail (P=100.0%, SharedHardwareOnly)",fail
tacet,medium,tail,1,ar1-0.3,5,0.4,26,10000,true,0.996500,,1743,10000,"Fail (P=99.7%, SharedHardwareOnly)",fail
tacet,medium,tail,1,ar1-0.3,5,0.4,11,10000,true,0.995250,,1446,10000,"Fail (P=99.5%, SharedHardwareOnly)",fail
tacet,medium,tail,1,iid,5,0.4,22,10000,true,1.000000,,1693,10000,"Fail (P=100.0%, SharedHardwareOnly)",fail
tacet,medium,tail,1,iid,5,0.4,21,10000,true,1.000000,,1404,10000,"Fail (P=100.0%, SharedHardwareOnly)",fail
tacet,medium,tail,1,iid,5,100,30,10000,false,0.000000,,1794,10000,Pass (P=0.0%),pass
tacet,medium,tail,1,iid,5,0.4,42,10000,true,1.000000,,1707,10000,"Fail (P=100.0%, SharedHardwareOnly)",fail
tacet,medium,tail,1,iid,5,100,42,10000,false,0.000000,,1440,10000,Pass (P=0.0%),pass
tacet,medium,tail,1,iid,5,100,15,10000,false,0.000000,,1397,10000,Pass (P=0.0%),pass
tacet,medium,tail,1,iid,5,100,22,10000,false,0.000000,,1564,10000,Pass (P=0.0%),pass
tacet,medium,tail,1,ar1-0.3,5,0.4,5,10000,true,0.998750,,2630,10000,"Fail (P=99.9%, SharedHardwareOnly)",fail
tacet,medium,tail,1,ar1-0.3,5,100,24,10000,false,0.000000,,1825,10000,Pass (P=0.0%),pass
tacet,medium,tail,1,ar1-0.3,5,0.4,8,10000,true,0.998750,,2710,10000,"Fail (P=99.9%, SharedHardwareOnly)",fail
tacet,medium,tail,1,iid,5,100,52,10000,false,0.000000,,2025,10000,Pass (P=0.0%),pass
tacet,medium,tail,1,iid,5,100,58,10000,false,0.000000,,1932,10000,Pass (P=0.0%),pass
tacet,medium,tail,1,iid,5,0.4,40,10000,true,1.000000,,2219,10000,"Fail (P=100.0%, SharedHardwareOnly)",fail
tacet,medium,tail,1,iid,5,0.4,1,10000,true,1.000000,,5660,10000,"Fail (P=100.0%, SharedHardwareOnly)",fail
tacet,medium,tail,1,ar1-0.3,5,0.4,25,10000,true,0.998000,,2010,10000,"Fail (P=99.8%, SharedHardwareOnly)",fail
tacet,medium,tail,1,ar1-0.3,5,0.4,27,10000,true,0.994500,,1917,10000,"Fail (P=99.5%, SharedHardwareOnly)",fail
tacet,medium,tail,1,ar1-0.8,5,100,13,10000,false,0.000000,,1192,10000,Pass (P=0.0%),pass
tacet,medium,tail,1,ar1-0.6,5,0.4,39,10000,true,0.954000,,1195,10000,"Fail (P=95.4%, SharedHardwareOnly)",fail
tacet,medium,tail,1,ar1-0.8,5,100,10,10000,false,0.000000,,1195,10000,Pass (P=0.0%),pass
tacet,medium,tail,1,ar1-0.6,5,100,8,10000,false,0.000000,,1199,10000,Pass (P=0.0%),pass
tacet,medium,tail,1,ar1-0.6,5,0.4,11,10000,true,0.981750,,1199,10000,"Fail (P=98.2%, SharedHardwareOnly)",fail
tacet,medium,tail,1,ar1-0.6,5,100,37,10000,false,0.000000,,1203,10000,Pass (P=0.0%),pass
tacet,medium,tail,1,ar1-0.3,5,0.4,46,10000,true,0.999750,,1206,10000,"Fail (P=100.0%, SharedHardwareOnly)",fail
tacet,medium,tail,1,ar1-0.6,5,100,42,10000,false,0.000000,,1207,10000,Pass (P=0.0%),pass
tacet,medium,tail,1,ar1-0.6,5,100,9,10000,false,0.000000,,1209,10000,Pass (P=0.0%),pass
tacet,medium,tail,1,ar1-0.6,5,100,23,10000,false,0.000000,,1210,10000,Pass (P=0.0%),pass
tacet,medium,tail,1,ar1-0.6,5,0.4,9,10000,true,0.955000,,1211,10000,"Fail (P=95.5%, SharedHardwareOnly)",fail
tacet,medium,tail,1,ar1-0.6,5,100,17,10000,false,0.000000,,1217,10000,Pass (P=0.0%),pass
tacet,medium,tail,1,ar1-0.3,5,100,40,10000,false,0.000000,,1217,10000,Pass (P=0.0%),pass
tacet,medium,tail,1,ar1-0.3,5,100,41,10000,false,0.000000,,1218,10000,Pass (P=0.0%),pass
tacet,medium,tail,1,ar1-0.6,5,0.4,55,10000,true,0.997250,,1219,10000,"Fail (P=99.7%, SharedHardwareOnly)",fail
tacet,medium,tail,1,ar1-0.3,5,100,52,10000,false,0.000000,,1222,10000,Pass (P=0.0%),pass
tacet,medium,tail,1,ar1-0.3,5,0.4,42,10000,true,1.000000,,1223,10000,"Fail (P=100.0%, SharedHardwareOnly)",fail
tacet,medium,tail,1,ar1-0.8,5,0.4,1,10000,true,0.986500,,1232,10000,"Fail (P=98.7%, SharedHardwareOnly)",fail
tacet,medium,tail,1,ar1-0.6,5,100,30,10000,false,0.000000,,1234,10000,Pass (P=0.0%),pass
tacet,medium,tail,1,ar1-0.6,5,0.4,19,10000,true,0.996000,,1235,10000,"Fail (P=99.6%, SharedHardwareOnly)",fail
tacet,medium,tail,1,ar1-0.6,5,0.4,7,10000,true,0.995000,,1235,10000,"Fail (P=99.5%, SharedHardwareOnly)",fail
tacet,medium,tail,1,ar1-0.6,5,0.4,30,10000,true,0.993500,,1236,10000,"Fail (P=99.4%, SharedHardwareOnly)",fail
tacet,medium,tail,1,ar1-0.6,5,0.4,8,10000,true,0.997000,,1238,10000,"Fail (P=99.7%, SharedHardwareOnly)",fail
tacet,medium,tail,1,ar1-0.6,5,100,20,10000,false,0.000000,,1239,10000,Pass (P=0.0%),pass
tacet,medium,tail,1,ar1-0.3,5,0.4,40,10000,true,0.998750,,1241,10000,"Fail (P=99.9%, SharedHardwareOnly)",fail
tacet,medium,tail,1,ar1-0.6,5,0.4,36,10000,true,0.989250,,1243,10000,"Fail (P=98.9%, SharedHardwareOnly)",fail
tacet,medium,tail,1,ar1-0.8,5,100,7,10000,false,0.000000,,1243,10000,Pass (P=0.0%),pass
tacet,medium,tail,1,ar1-0.6,5,0.4,33,10000,true,0.997250,,1243,10000,"Fail (P=99.7%, SharedHardwareOnly)",fail
tacet,medium,tail,1,ar1-0.6,5,100,31,10000,false,0.000000,,1244,10000,Pass (P=0.0%),pass
tacet,medium,tail,1,ar1-0.3,5,0.4,43,10000,true,0.999500,,1247,10000,"Fail (P=100.0%, SharedHardwareOnly)",fail
tacet,medium,tail,1,ar1-0.6,5,0.4,5,10000,true,0.996000,,1248,10000,"Fail (P=99.6%, SharedHardwareOnly)",fail
tacet,medium,tail,1,ar1-0.6,5,100,6,10000,false,0.000000,,1248,10000,Pass (P=0.0%),pass
tacet,medium,tail,1,ar1-0.6,5,0.4,58,10000,true,0.998000,,1199,10000,"Fail (P=99.8%, SharedHardwareOnly)",fail
tacet,medium,tail,1,ar1-0.8,5,0.4,11,10000,true,0.951250,,1205,10000,"Fail (P=95.1%, SharedHardwareOnly)",fail
tacet,medium,tail,1,ar1-0.6,5,100,39,10000,false,0.000000,,1206,10000,Pass (P=0.0%),pass
tacet,medium,tail,1,ar1-0.8,5,0.4,14,10000,true,0.980250,,1210,10000,"Fail (P=98.0%, SharedHardwareOnly)",fail
tacet,medium,tail,1,ar1-0.6,5,100,11,10000,false,0.000000,,1205,10000,Pass (P=0.0%),pass
tacet,medium,tail,1,ar1-0.6,5,0.4,38,10000,true,1.000000,,1218,10000,"Fail (P=100.0%, SharedHardwareOnly)",fail
tacet,medium,tail,1,ar1-0.6,5,0.4,10,10000,true,0.993000,,1214,10000,"Fail (P=99.3%, SharedHardwareOnly)",fail
tacet,medium,tail,1,ar1-0.6,5,0.4,43,10000,true,0.998000,,1216,10000,"Fail (P=99.8%, SharedHardwareOnly)",fail
tacet,medium,tail,1,ar1-0.6,5,0.4,24,10000,true,0.994750,,1214,10000,"Fail (P=99.5%, SharedHardwareOnly)",fail
tacet,medium,tail,1,ar1-0.6,5,100,7,10000,false,0.000000,,1211,10000,Pass (P=0.0%),pass
tacet,medium,tail,1,ar1-0.6,5,100,56,10000,false,0.000000,,1220,10000,Pass (P=0.0%),pass
tacet,medium,tail,1,ar1-0.3,5,100,46,10000,false,0.000000,,1227,10000,Pass (P=0.0%),pass
tacet,medium,tail,1,ar1-0.6,5,0.4,18,10000,true,0.983250,,1219,10000,"Fail (P=98.3%, SharedHardwareOnly)",fail
tacet,medium,tail,1,ar1-0.3,5,0.4,53,10000,true,0.982500,,1216,10000,"Fail (P=98.2%, SharedHardwareOnly)",fail
tacet,medium,tail,1,ar1-0.3,5,100,42,10000,false,0.000000,,1218,10000,Pass (P=0.0%),pass
tacet,medium,tail,1,ar1-0.6,5,100,55,10000,false,0.000000,,1230,10000,Pass (P=0.0%),pass
tacet,medium,tail,1,ar1-0.8,5,0.4,4,10000,true,0.982000,,1234,10000,"Fail (P=98.2%, SharedHardwareOnly)",fail
tacet,medium,tail,1,ar1-0.6,5,0.4,31,10000,true,0.997000,,1237,10000,"Fail (P=99.7%, SharedHardwareOnly)",fail
tacet,medium,tail,1,ar1-0.6,5,0.4,14,10000,true,0.995250,,1235,10000,"Fail (P=99.5%, SharedHardwareOnly)",fail
tacet,medium,tail,1,ar1-0.8,5,100,1,10000,false,0.000000,,1245,10000,Pass (P=0.0%),pass
tacet,medium,tail,1,ar1-0.3,5,100,44,10000,false,0.000000,,1232,10000,Pass (P=0.0%),pass
tacet,medium,tail,1,ar1-0.8,5,0.4,9,10000,false,0.908750,,1242,10000,"Inconclusive: SampleBudgetExceeded { current_probability: 0.90875, samples_collected: 10000 }",inconclusive
tacet,medium,tail,1,ar1-0.6,5,100,19,10000,false,0.000000,,1248,10000,Pass (P=0.0%),pass
tacet,medium,tail,1,ar1-0.6,5,0.4,21,10000,true,0.993250,,1245,10000,"Fail (P=99.3%, SharedHardwareOnly)",fail
tacet,medium,tail,1,ar1-0.6,5,100,5,10000,false,0.000000,,1236,10000,Pass (P=0.0%),pass
tacet,medium,tail,1,ar1-0.6,5,100,33,10000,false,0.000000,,1244,10000,Pass (P=0.0%),pass
tacet,medium,tail,1,ar1-0.8,5,0.4,8,10000,true,0.991000,,1247,10000,"Fail (P=99.1%, SharedHardwareOnly)",fail
tacet,medium,tail,1,ar1-0.3,5,100,43,10000,false,0.000000,,1252,10000,Pass (P=0.0%),pass
tacet,medium,tail,1,ar1-0.6,5,100,36,10000,false,0.000000,,1260,10000,Pass (P=0.0%),pass
tacet,medium,tail,1,ar1-0.6,5,0.4,32,10000,true,0.963250,,1261,10000,"Fail (P=96.3%, SharedHardwareOnly)",fail
tacet,medium,tail,1,ar1-0.6,5,100,40,10000,false,0.000000,,1211,10000,Pass (P=0.0%),pass
tacet,medium,tail,1,ar1-0.6,5,100,48,10000,false,0.000000,,1233,10000,Pass (P=0.0%),pass
tacet,medium,tail,1,ar1-0.6,5,100,58,10000,false,0.000000,,1197,10000,Pass (P=0.0%),pass
tacet,medium,tail,1,ar1-0.8,5,100,11,10000,false,0.000000,,1205,10000,Pass (P=0.0%),pass
tacet,medium,tail,1,ar1-0.6,5,0.4,40,10000,true,0.995750,,1205,10000,"Fail (P=99.6%, SharedHardwareOnly)",fail
tacet,medium,tail,1,ar1-0.6,5,0.4,12,10000,true,0.996250,,1203,10000,"Fail (P=99.6%, SharedHardwareOnly)",fail
tacet,medium,tail,1,ar1-0.8,5,100,14,10000,false,0.000000,,1208,10000,Pass (P=0.0%),pass
tacet,medium,tail,1,ar1-0.6,5,100,43,10000,false,0.000000,,1204,10000,Pass (P=0.0%),pass
tacet,medium,tail,1,ar1-0.6,5,100,10,10000,false,0.000000,,1213,10000,Pass (P=0.0%),pass
tacet,medium,tail,1,ar1-0.6,5,100,24,10000,false,0.000000,,1212,10000,Pass (P=0.0%),pass
tacet,medium,tail,1,ar1-0.6,5,100,38,10000,false,0.000000,,1216,10000,Pass (P=0.0%),pass
tacet,medium,tail,1,ar1-0.6,5,0.4,22,10000,true,0.998000,,1211,10000,"Fail (P=99.8%, SharedHardwareOnly)",fail
tacet,medium,tail,1,ar1-0.6,5,0.4,57,10000,true,0.997000,,1214,10000,"Fail (P=99.7%, SharedHardwareOnly)",fail
tacet,medium,tail,1,ar1-0.3,5,0.4,47,10000,true,0.998500,,1218,10000,"Fail (P=99.9%, SharedHardwareOnly)",fail
tacet,medium,tail,1,ar1-0.6,5,100,18,10000,false,0.000000,,1215,10000,Pass (P=0.0%),pass
tacet,medium,tail,1,ar1-0.3,5,100,53,10000,false,0.000000,,1220,10000,Pass (P=0.0%),pass
tacet,medium,tail,1,ar1-0.6,5,100,34,10000,false,0.000000,,1222,10000,Pass (P=0.0%),pass
tacet,medium,tail,1,ar1-0.6,5,0.4,56,10000,true,0.996000,,1246,10000,"Fail (P=99.6%, SharedHardwareOnly)",fail
tacet,medium,tail,1,ar1-0.8,5,100,4,10000,false,0.000000,,1228,10000,Pass (P=0.0%),pass
tacet,medium,tail,1,ar1-0.8,5,100,16,10000,false,0.000000,,1239,10000,Pass (P=0.0%),pass
tacet,medium,tail,1,ar1-0.8,5,0.4,2,10000,true,0.974750,,1234,10000,"Fail (P=97.5%, SharedHardwareOnly)",fail
tacet,medium,tail,1,ar1-0.6,5,100,14,10000,false,0.000000,,1248,10000,Pass (P=0.0%),pass
tacet,medium,tail,1,ar1-0.6,5,0.4,20,10000,true,0.997250,,1239,10000,"Fail (P=99.7%, SharedHardwareOnly)",fail
tacet,medium,tail,1,ar1-0.6,5,100,21,10000,false,0.000000,,1239,10000,Pass (P=0.0%),pass
tacet,medium,tail,1,ar1-0.6,5,0.4,6,10000,true,0.996500,,1245,10000,"Fail (P=99.7%, SharedHardwareOnly)",fail
tacet,medium,tail,1,ar1-0.6,5,0.4,34,10000,true,0.990250,,1240,10000,"Fail (P=99.0%, SharedHardwareOnly)",fail
tacet,medium,tail,1,ar1-0.3,5,0.4,45,10000,true,0.999250,,1250,10000,"Fail (P=99.9%, SharedHardwareOnly)",fail
tacet,medium,tail,1,ar1-0.8,5,100,8,10000,false,0.000000,,1243,10000,Pass (P=0.0%),pass
tacet,medium,tail,1,ar1-0.8,5,100,9,10000,false,0.000000,,1258,10000,Pass (P=0.0%),pass
tacet,medium,tail,1,ar1-0.3,5,0.4,44,10000,true,0.998000,,1246,10000,"Fail (P=99.8%, SharedHardwareOnly)",fail
tacet,medium,tail,1,ar1-0.6,5,0.4,37,10000,true,0.978250,,1251,10000,"Fail (P=97.8%, SharedHardwareOnly)",fail
tacet,medium,tail,1,ar1-0.6,5,100,32,10000,false,0.000000,,1255,10000,Pass (P=0.0%),pass
tacet,medium,tail,1,ar1-0.6,5,0.4,41,10000,true,0.985750,,1215,10000,"Fail (P=98.6%, SharedHardwareOnly)",fail
tacet,medium,tail,1,ar1-0.6,5,0.4,49,10000,true,0.997750,,1247,10000,"Fail (P=99.8%, SharedHardwareOnly)",fail
tacet,medium,tail,1,ar1-0.8,5,0.4,15,10000,false,0.832000,,1205,10000,"Inconclusive: SampleBudgetExceeded { current_probability: 0.832, samples_collected: 10000 }",inconclusive
tacet,medium,tail,1,ar1-0.6,5,100,26,10000,false,0.000000,,1212,10000,Pass (P=0.0%),pass
tacet,medium,tail,1,ar1-0.6,5,0.4,44,10000,true,0.996000,,1204,10000,"Fail (P=99.6%, SharedHardwareOnly)",fail
tacet,medium,tail,1,ar1-0.6,5,0.4,25,10000,true,0.998000,,1204,10000,"Fail (P=99.8%, SharedHardwareOnly)",fail
tacet,medium,tail,1,ar1-0.6,5,100,59,10000,false,0.000000,,1208,10000,Pass (P=0.0%),pass
tacet,medium,tail,1,ar1-0.6,5,100,22,10000,false,0.000000,,1208,10000,Pass (P=0.0%),pass
tacet,medium,tail,1,ar1-0.8,5,0.4,18,10000,true,0.967750,,1219,10000,"Fail (P=96.8%, SharedHardwareOnly)",fail
tacet,medium,tail,1,ar1-0.3,5,100,47,10000,false,0.000000,,1215,10000,Pass (P=0.0%),pass
tacet,medium,tail,1,ar1-0.6,5,100,57,10000,false,0.000000,,1227,10000,Pass (P=0.0%),pass
tacet,medium,tail,1,ar1-0.6,5,0.4,35,10000,true,0.995500,,1219,10000,"Fail (P=99.6%, SharedHardwareOnly)",fail
tacet,medium,tail,1,ar1-0.3,5,0.4,54,10000,true,0.998000,,1225,10000,"Fail (P=99.8%, SharedHardwareOnly)",fail
tacet,medium,tail,1,ar1-0.8,5,0.4,12,10000,true,0.991750,,1327,10000,"Fail (P=99.2%, SharedHardwareOnly)",fail
tacet,medium,tail,1,ar1-0.8,5,0.4,5,10000,true,0.984750,,1247,10000,"Fail (P=98.5%, SharedHardwareOnly)",fail
tacet,medium,tail,1,ar1-0.8,5,100,17,10000,false,0.000000,,1203,10000,Pass (P=0.0%),pass
tacet,medium,tail,1,ar1-0.8,5,100,2,10000,false,0.000000,,1254,10000,Pass (P=0.0%),pass
tacet,medium,tail,1,ar1-0.6,5,0.4,13,10000,true,0.995250,,1244,10000,"Fail (P=99.5%, SharedHardwareOnly)",fail
tacet,medium,tail,1,ar1-0.8,5,0.4,3,10000,true,0.965000,,1246,10000,"Fail (P=96.5%, SharedHardwareOnly)",fail
tacet,medium,tail,1,ar1-0.8,5,0.4,17,10000,false,0.933250,,1261,10000,"Inconclusive: SampleBudgetExceeded { current_probability: 0.93325, samples_collected: 10000 }",inconclusive
tacet,medium,tail,1,ar1-0.6,5,0.4,15,10000,true,0.953500,,1250,10000,"Fail (P=95.3%, SharedHardwareOnly)",fail
tacet,medium,tail,1,ar1-0.6,5,100,41,10000,false,0.000000,,1263,10000,Pass (P=0.0%),pass
tacet,medium,tail,1,ar1-0.3,5,0.4,49,10000,true,0.999250,,1261,10000,"Fail (P=99.9%, SharedHardwareOnly)",fail
tacet,medium,tail,1,ar1-0.8,5,0.4,0,10000,true,0.977750,,1256,10000,"Fail (P=97.8%, SharedHardwareOnly)",fail
tacet,medium,tail,1,ar1-0.3,5,100,58,10000,false,0.000000,,1252,10000,Pass (P=0.0%),pass
tacet,medium,tail,1,ar1-0.6,5,0.4,42,10000,true,0.997750,,1210,10000,"Fail (P=99.8%, SharedHardwareOnly)",fail
tacet,medium,tail,1,ar1-0.6,5,100,1,10000,false,0.000000,,1230,10000,Pass (P=0.0%),pass
tacet,medium,tail,1,ar1-0.8,5,100,12,10000,false,0.000000,,1224,10000,Pass (P=0.0%),pass
tacet,medium,tail,1,ar1-0.8,5,100,0,10000,false,0.000000,,1291,10000,Pass (P=0.0%),pass
tacet,medium,tail,1,ar1-0.6,5,100,49,10000,false,0.000000,,1245,10000,Pass (P=0.0%),pass
tacet,medium,tail,1,ar1-0.6,5,0.4,26,10000,true,0.996250,,1242,10000,"Fail (P=99.6%, SharedHardwareOnly)",fail
tacet,medium,tail,1,ar1-0.3,5,0.4,48,10000,true,0.995500,,1250,10000,"Fail (P=99.6%, SharedHardwareOnly)",fail
tacet,medium,tail,1,ar1-0.6,5,100,51,10000,false,0.000000,,1238,10000,Pass (P=0.0%),pass
tacet,medium,tail,1,ar1-0.6,5,100,45,10000,false,0.000000,,1252,10000,Pass (P=0.0%),pass
tacet,medium,tail,1,ar1-0.6,5,100,12,10000,false,0.000000,,2143,10000,Pass (P=0.0%),pass
tacet,medium,tail,1,ar1-0.3,5,0.4,41,10000,true,0.995250,,4658,10000,"Fail (P=99.5%, SharedHardwareOnly)",fail
tacet,medium,tail,1,ar1-0.8,5,100,15,10000,false,0.000000,,1202,10000,Pass (P=0.0%),pass
tacet,medium,tail,1,ar1-0.6,5,100,44,10000,false,0.000000,,1205,10000,Pass (P=0.0%),pass
tacet,medium,tail,1,ar1-0.6,5,0.4,27,10000,true,0.989500,,1220,10000,"Fail (P=99.0%, SharedHardwareOnly)",fail
tacet,medium,tail,1,ar1-0.6,5,0.4,50,10000,true,0.998000,,1209,10000,"Fail (P=99.8%, SharedHardwareOnly)",fail
tacet,medium,tail,1,ar1-0.6,5,0.4,0,10000,true,0.982750,,1208,10000,"Fail (P=98.3%, SharedHardwareOnly)",fail
tacet,medium,tail,1,ar1-0.8,5,0.4,13,10000,true,0.981750,,1198,10000,"Fail (P=98.2%, SharedHardwareOnly)",fail
tacet,medium,tail,1,ar1-0.3,5,100,55,10000,false,0.000000,,1212,10000,Pass (P=0.0%),pass
tacet,medium,tail,1,ar1-0.8,5,100,18,10000,false,0.000000,,1225,10000,Pass (P=0.0%),pass
tacet,medium,tail,1,ar1-0.6,5,100,35,10000,false,0.000000,,1221,10000,Pass (P=0.0%),pass
tacet,medium,tail,1,ar1-0.6,5,100,13,10000,false,0.000000,,1138,10000,Pass (P=0.0%),pass
tacet,medium,tail,1,ar1-0.8,5,100,5,10000,false,0.000000,,1232,10000,Pass (P=0.0%),pass
tacet,medium,tail,1,ar1-0.8,5,0.4,19,10000,true,0.993500,,1235,10000,"Fail (P=99.4%, SharedHardwareOnly)",fail
tacet,medium,tail,1,ar1-0.6,5,100,15,10000,false,0.000000,,1239,10000,Pass (P=0.0%),pass
tacet,medium,tail,1,ar1-0.3,5,100,54,10000,false,0.000000,,1330,10000,Pass (P=0.0%),pass
tacet,medium,tail,1,ar1-0.3,5,100,50,10000,false,0.000000,,1251,10000,Pass (P=0.0%),pass
tacet,medium,tail,1,ar1-0.3,5,0.4,55,10000,true,0.998000,,1210,10000,"Fail (P=99.8%, SharedHardwareOnly)",fail
tacet,medium,tail,1,ar1-0.6,5,100,50,10000,false,0.000000,,1266,10000,Pass (P=0.0%),pass
tacet,medium,tail,1,ar1-0.3,5,100,49,10000,false,0.000000,,1252,10000,Pass (P=0.0%),pass
tacet,medium,tail,1,ar1-0.6,5,0.4,2,10000,true,0.990750,,1212,10000,"Fail (P=99.1%, SharedHardwareOnly)",fail
tacet,medium,tail,1,ar1-0.3,5,0.4,57,10000,true,0.998000,,1198,10000,"Fail (P=99.8%, SharedHardwareOnly)",fail
tacet,medium,tail,1,ar1-0.6,5,0.4,16,10000,true,0.994250,,1205,10000,"Fail (P=99.4%, SharedHardwareOnly)",fail
tacet,medium,tail,1,ar1-0.3,5,0.4,56,10000,true,0.998500,,1247,10000,"Fail (P=99.9%, SharedHardwareOnly)",fail
tacet,medium,tail,1,ar1-0.6,5,0.4,17,10000,true,0.982500,,1249,10000,"Fail (P=98.2%, SharedHardwareOnly)",fail
tacet,medium,tail,1,ar1-0.3,5,100,48,10000,false,0.000000,,1256,10000,Pass (P=0.0%),pass
tacet,medium,tail,1,ar1-0.6,5,0.4,52,10000,true,0.980750,,1239,10000,"Fail (P=98.1%, SharedHardwareOnly)",fail
tacet,medium,tail,1,ar1-0.6,5,0.4,46,10000,true,0.999500,,1255,10000,"Fail (P=100.0%, SharedHardwareOnly)",fail
tacet,medium,tail,1,ar1-0.6,5,0.4,1,10000,true,0.996250,,1237,10000,"Fail (P=99.6%, SharedHardwareOnly)",fail
tacet,medium,tail,1,ar1-0.6,5,0.4,23,10000,true,0.997750,,2006,10000,"Fail (P=99.8%, SharedHardwareOnly)",fail
tacet,medium,tail,1,ar1-0.6,5,100,46,10000,false,0.000000,,1040,10000,Pass (P=0.0%),pass
tacet,medium,tail,1,ar1-0.8,5,0.4,10,10000,true,0.979250,,3408,10000,"Fail (P=97.9%, SharedHardwareOnly)",fail
tacet,medium,tail,1,ar1-0.8,5,100,6,10000,false,0.000000,,1364,10000,Pass (P=0.0%),pass
tacet,medium,tail,1,ar1-0.6,5,100,3,10000,false,0.000000,,587,10000,Pass (P=0.0%),pass
tacet,medium,tail,1,ar1-0.6,5,0.4,29,10000,true,0.997250,,787,10000,"Fail (P=99.7%, SharedHardwareOnly)",fail
tacet,medium,tail,1,ar1-0.6,5,0.4,3,10000,true,0.986250,,801,10000,"Fail (P=98.6%, SharedHardwareOnly)",fail
tacet,medium,tail,1,ar1-0.6,5,100,28,10000,false,0.000000,,711,10000,Pass (P=0.0%),pass
tacet,medium,tail,1,ar1-0.6,5,100,53,10000,false,0.000000,,690,10000,Pass (P=0.0%),pass
tacet,medium,tail,1,ar1-0.6,5,0.4,4,10000,true,0.994250,,741,10000,"Fail (P=99.4%, SharedHardwareOnly)",fail
tacet,medium,tail,1,ar1-0.6,5,100,52,10000,false,0.000000,,632,10000,Pass (P=0.0%),pass
tacet,medium,tail,1,ar1-0.6,5,100,54,10000,false,0.000000,,582,10000,Pass (P=0.0%),pass
tacet,medium,tail,1,ar1-0.6,5,100,4,10000,false,0.000000,,623,10000,Pass (P=0.0%),pass
tacet,medium,tail,1,ar1-0.6,5,0.4,53,10000,false,0.931750,,875,10000,"Inconclusive: SampleBudgetExceeded { current_probability: 0.93175, samples_collected: 10000 }",inconclusive
tacet,medium,tail,1,ar1-0.6,5,0.4,54,10000,true,0.996250,,793,10000,"Fail (P=99.6%, SharedHardwareOnly)",fail
tacet,medium,tail,1,ar1-0.6,5,100,29,10000,false,0.000000,,1097,10000,Pass (P=0.0%),pass
tacet,medium,tail,1,ar1-0.6,5,0.4,47,10000,true,0.994250,,1572,10000,"Fail (P=99.4%, SharedHardwareOnly)",fail
tacet,medium,tail,1,ar1-0.3,5,0.4,58,10000,true,1.000000,,1194,10000,"Fail (P=100.0%, SharedHardwareOnly)",fail
tacet,medium,tail,1,ar1-0.3,5,0.4,51,10000,true,0.999250,,1519,10000,"Fail (P=99.9%, SharedHardwareOnly)",fail
tacet,medium,tail,1,ar1-0.6,5,100,27,10000,false,0.000000,,1583,10000,Pass (P=0.0%),pass
tacet,medium,tail,1,ar1-0.3,5,0.4,52,10000,true,0.992500,,1587,10000,"Fail (P=99.2%, SharedHardwareOnly)",fail
tacet,medium,tail,1,ar1-0.6,5,0.4,28,10000,true,0.998500,,1516,10000,"Fail (P=99.9%, SharedHardwareOnly)",fail
tacet,medium,tail,1,ar1-0.6,5,100,2,10000,false,0.000000,,1304,10000,Pass (P=0.0%),pass
tacet,medium,tail,1,ar1-0.6,5,0.4,48,10000,true,0.981750,,1420,10000,"Fail (P=98.2%, SharedHardwareOnly)",fail
tacet,medium,tail,1,ar1-0.8,5,0.4,7,10000,true,0.990000,,1315,10000,"Fail (P=99.0%, SharedHardwareOnly)",fail
tacet,medium,tail,1,ar1-0.3,5,100,51,10000,false,0.000000,,1875,10000,Pass (P=0.0%),pass
tacet,medium,tail,1,ar1-0.3,5,0.4,50,10000,true,1.000000,,1589,10000,"Fail (P=100.0%, SharedHardwareOnly)",fail
tacet,medium,tail,1,ar1-0.3,5,100,57,10000,false,0.000000,,1250,10000,Pass (P=0.0%),pass
tacet,medium,tail,1,ar1-0.3,5,100,56,10000,false,0.000000,,1621,10000,Pass (P=0.0%),pass
tacet,medium,tail,1,ar1-0.3,5,100,45,10000,false,0.000000,,3938,10000,Pass (P=0.0%),pass
tacet,medium,tail,1,ar1-0.8,5,100,19,10000,false,0.000000,,1630,10000,Pass (P=0.0%),pass
tacet,medium,tail,1,ar1-0.8,5,0.4,6,10000,true,0.985250,,1838,10000,"Fail (P=98.5%, SharedHardwareOnly)",fail
tacet,medium,tail,1,ar1-0.6,5,100,47,10000,false,0.000000,,1906,10000,Pass (P=0.0%),pass
tacet,medium,tail,1,ar1-0.6,5,0.4,51,10000,true,0.998000,,1867,10000,"Fail (P=99.8%, SharedHardwareOnly)",fail
tacet,medium,tail,1,ar1-0.6,5,0.4,59,10000,true,0.991250,,4405,10000,"Fail (P=99.1%, SharedHardwareOnly)",fail
tacet,medium,tail,1,ar1-0.6,5,0.4,45,10000,true,0.994250,,2852,10000,"Fail (P=99.4%, SharedHardwareOnly)",fail
tacet,medium,tail,1,ar1-0.8,5,100,3,10000,false,0.000000,,3052,10000,Pass (P=0.0%),pass
tacet,medium,tail,1,ar1-0.6,5,100,0,10000,false,0.000000,,2585,10000,Pass (P=0.0%),pass
tacet,medium,tail,1,ar1-0.6,5,100,25,10000,false,0.000000,,4630,10000,Pass (P=0.0%),pass
tacet,medium,tail,1,ar1-0.8,5,0.4,16,10000,true,0.993000,,2580,10000,"Fail (P=99.3%, SharedHardwareOnly)",fail
tacet,medium,tail,1,ar1-0.3,5,100,59,10000,false,0.000000,,2943,10000,Pass (P=0.0%),pass
tacet,medium,tail,1,ar1-0.6,5,100,16,10000,false,0.000000,,3394,10000,Pass (P=0.0%),pass
tacet,medium,tail,1,ar1-0.3,5,0.4,59,10000,true,0.997250,,3526,10000,"Fail (P=99.7%, SharedHardwareOnly)",fail
tacet,medium,tail,2,iid,5,0.4,35,10000,true,1.000000,,1036,10000,"Fail (P=100.0%, SharedHardwareOnly)",fail
tacet,medium,tail,2,iid,5,100,22,10000,false,0.000000,,1045,10000,Pass (P=0.0%),pass
tacet,medium,tail,2,iid,5,100,5,10000,false,0.000000,,1046,10000,Pass (P=0.0%),pass
tacet,medium,tail,2,iid,5,0.4,1,10000,true,1.000000,,1047,10000,"Fail (P=100.0%, SharedHardwareOnly)",fail
tacet,medium,tail,2,iid,5,100,6,10000,false,0.000000,,1051,10000,Pass (P=0.0%),pass
tacet,medium,tail,2,iid,5,0.4,16,10000,true,1.000000,,1064,10000,"Fail (P=100.0%, SharedHardwareOnly)",fail
tacet,medium,tail,2,iid,5,0.4,2,10000,true,1.000000,,1072,10000,"Fail (P=100.0%, SharedHardwareOnly)",fail
tacet,medium,tail,2,iid,5,0.4,5,10000,true,1.000000,,1073,10000,"Fail (P=100.0%, SharedHardwareOnly)",fail
tacet,medium,tail,2,iid,5,0.4,10,10000,true,1.000000,,1082,10000,"Fail (P=100.0%, SharedHardwareOnly)",fail
tacet,medium,tail,2,iid,5,100,0,10000,false,0.000000,,1082,10000,Pass (P=0.0%),pass
tacet,medium,tail,2,iid,5,100,3,10000,false,0.000000,,1083,10000,Pass (P=0.0%),pass
tacet,medium,tail,1,ar1-0.8,5,100,46,10000,false,0.000000,,1184,10000,Pass (P=0.0%),pass
tacet,medium,tail,1,ar1-0.8,5,100,54,10000,false,0.000000,,1184,10000,Pass (P=0.0%),pass
tacet,medium,tail,1,ar1-0.8,5,100,35,10000,false,0.000000,,1195,10000,Pass (P=0.0%),pass
tacet,medium,tail,1,ar1-0.8,5,0.4,26,10000,true,0.989500,,1197,10000,"Fail (P=99.0%, SharedHardwareOnly)",fail
tacet,medium,tail,1,ar1-0.8,5,100,45,10000,false,0.000000,,1198,10000,Pass (P=0.0%),pass
tacet,medium,tail,1,ar1-0.8,5,100,55,10000,false,0.000000,,1204,10000,Pass (P=0.0%),pass
tacet,medium,tail,1,ar1-0.8,5,100,32,10000,false,0.000000,,1206,10000,Pass (P=0.0%),pass
tacet,medium,tail,1,ar1-0.8,5,0.4,23,10000,true,0.994250,,1216,10000,"Fail (P=99.4%, SharedHardwareOnly)",fail
tacet,medium,tail,1,ar1-0.8,5,0.4,51,10000,true,0.993500,,1216,10000,"Fail (P=99.4%, SharedHardwareOnly)",fail
tacet,medium,tail,1,ar1-0.8,5,0.4,53,10000,false,0.823250,,1217,10000,"Inconclusive: SampleBudgetExceeded { current_probability: 0.82325, samples_collected: 10000 }",inconclusive
tacet,medium,tail,1,ar1-0.8,5,0.4,58,10000,true,0.994500,,1226,10000,"Fail (P=99.5%, SharedHardwareOnly)",fail
tacet,medium,tail,1,ar1-0.8,5,0.4,48,10000,false,0.946000,,1226,10000,"Inconclusive: SampleBudgetExceeded { current_probability: 0.946, samples_collected: 10000 }",inconclusive
tacet,medium,tail,1,ar1-0.8,5,100,38,10000,false,0.000000,,1226,10000,Pass (P=0.0%),pass
tacet,medium,tail,1,ar1-0.8,5,0.4,59,10000,true,0.965750,,1227,10000,"Fail (P=96.6%, SharedHardwareOnly)",fail
tacet,medium,tail,1,ar1-0.8,5,100,21,10000,false,0.000000,,1228,10000,Pass (P=0.0%),pass
tacet,medium,tail,1,ar1-0.8,5,0.4,45,10000,true,0.981500,,1229,10000,"Fail (P=98.2%, SharedHardwareOnly)",fail
tacet,medium,tail,1,ar1-0.8,5,0.4,54,10000,true,0.982750,,1229,10000,"Fail (P=98.3%, SharedHardwareOnly)",fail
tacet,medium,tail,1,ar1-0.8,5,100,57,10000,false,0.000000,,1230,10000,Pass (P=0.0%),pass
tacet,medium,tail,1,ar1-0.8,5,0.4,20,10000,true,0.994250,,1231,10000,"Fail (P=99.4%, SharedHardwareOnly)",fail
tacet,medium,tail,1,ar1-0.8,5,100,20,10000,false,0.000000,,1236,10000,Pass (P=0.0%),pass
tacet,medium,tail,1,ar1-0.8,5,100,52,10000,false,0.000000,,1237,10000,Pass (P=0.0%),pass
tacet,medium,tail,2,iid,5,100,35,10000,false,0.000000,,1048,10000,Pass (P=0.0%),pass
tacet,medium,tail,2,iid,5,0.4,6,10000,true,1.000000,,1049,10000,"Fail (P=100.0%, SharedHardwareOnly)",fail
tacet,medium,tail,2,iid,5,0.4,23,10000,true,1.000000,,1054,10000,"Fail (P=100.0%, SharedHardwareOnly)",fail
tacet,medium,tail,2,iid,5,100,1,10000,false,0.000000,,1059,10000,Pass (P=0.0%),pass
tacet,medium,tail,2,iid,5,0.4,7,10000,true,1.000000,,1063,10000,"Fail (P=100.0%, SharedHardwareOnly)",fail
tacet,medium,tail,2,iid,5,100,16,10000,false,0.000000,,1084,10000,Pass (P=0.0%),pass
tacet,medium,tail,2,iid,5,0.4,19,10000,true,1.000000,,1088,10000,"Fail (P=100.0%, SharedHardwareOnly)",fail
tacet,medium,tail,2,iid,5,100,10,10000,false,0.000000,,1090,10000,Pass (P=0.0%),pass
tacet,medium,tail,2,iid,5,0.4,4,10000,true,1.000000,,1093,10000,"Fail (P=100.0%, SharedHardwareOnly)",fail
tacet,medium,tail,1,ar1-0.8,5,0.4,21,10000,true,0.973500,,1233,10000,"Fail (P=97.4%, SharedHardwareOnly)",fail
tacet,medium,tail,2,iid,5,100,28,10000,false,0.000000,,1093,10000,Pass (P=0.0%),pass
tacet,medium,tail,1,ar1-0.8,5,100,22,10000,false,0.000000,,1094,10000,Pass (P=0.0%),pass
tacet,medium,tail,1,ar1-0.8,5,0.4,47,10000,true,0.980750,,1198,10000,"Fail (P=98.1%, SharedHardwareOnly)",fail
tacet,medium,tail,1,ar1-0.8,5,100,26,10000,false,0.000000,,1208,10000,Pass (P=0.0%),pass
tacet,medium,tail,1,ar1-0.8,5,0.4,36,10000,true,0.980000,,1221,10000,"Fail (P=98.0%, SharedHardwareOnly)",fail
tacet,medium,tail,1,ar1-0.8,5,0.4,56,10000,true,0.985000,,1214,10000,"Fail (P=98.5%, SharedHardwareOnly)",fail
tacet,medium,tail,1,ar1-0.8,5,100,53,10000,false,0.000000,,1207,10000,Pass (P=0.0%),pass
tacet,medium,tail,1,ar1-0.8,5,0.4,33,10000,true,0.989000,,1223,10000,"Fail (P=98.9%, SharedHardwareOnly)",fail
tacet,medium,tail,1,ar1-0.8,5,100,51,10000,false,0.000000,,1219,10000,Pass (P=0.0%),pass
tacet,medium,tail,1,ar1-0.8,5,100,23,10000,false,0.000000,,1225,10000,Pass (P=0.0%),pass
tacet,medium,tail,1,ar1-0.8,5,100,48,10000,false,0.000000,,1232,10000,Pass (P=0.0%),pass
tacet,medium,tail,1,ar1-0.8,5,100,59,10000,false,0.000000,,1234,10000,Pass (P=0.0%),pass
tacet,medium,tail,1,ar1-0.8,5,0.4,39,10000,false,0.857250,,1237,10000,"Inconclusive: SampleBudgetExceeded { current_probability: 0.85725, samples_collected: 10000 }",inconclusive
tacet,medium,tail,1,ar1-0.8,5,100,58,10000,false,0.000000,,1242,10000,Pass (P=0.0%),pass
tacet,medium,tail,1,ar1-0.8,5,100,56,10000,false,0.000000,,1239,10000,Pass (P=0.0%),pass
tacet,medium,tail,1,ar1-0.8,5,0.4,22,10000,true,0.995500,,1242,10000,"Fail (P=99.6%, SharedHardwareOnly)",fail
tacet,medium,tail,2,iid,5,100,25,10000,false,0.000000,,1062,10000,Pass (P=0.0%),pass
tacet,medium,tail,1,ar1-0.8,5,0.4,29,10000,true,0.993000,,1241,10000,"Fail (P=99.3%, SharedHardwareOnly)",fail
tacet,medium,tail,2,iid,5,100,31,10000,false,0.000000,,1083,10000,Pass (P=0.0%),pass
tacet,medium,tail,2,iid,5,0.4,27,10000,true,1.000000,,1093,10000,"Fail (P=100.0%, SharedHardwareOnly)",fail
tacet,medium,tail,1,ar1-0.8,5,100,41,10000,false,0.000000,,1246,10000,Pass (P=0.0%),pass
tacet,medium,tail,2,iid,5,100,2,10000,false,0.000000,,1867,10000,Pass (P=0.0%),pass
tacet,medium,tail,1,ar1-0.8,5,0.4,34,10000,true,0.971750,,1205,10000,"Fail (P=97.2%, SharedHardwareOnly)",fail
tacet,medium,tail,2,iid,5,0.4,36,10000,true,1.000000,,1059,10000,"Fail (P=100.0%, SharedHardwareOnly)",fail
tacet,medium,tail,2,iid,5,0.4,24,10000,true,1.000000,,1054,10000,"Fail (P=100.0%, SharedHardwareOnly)",fail
tacet,medium,tail,2,iid,5,100,23,10000,false,0.000000,,1055,10000,Pass (P=0.0%),pass
tacet,medium,tail,2,iid,5,0.4,33,10000,true,1.000000,,1061,10000,"Fail (P=100.0%, SharedHardwareOnly)",fail
tacet,medium,tail,2,iid,5,100,7,10000,false,0.000000,,1062,10000,Pass (P=0.0%),pass
tacet,medium,tail,2,iid,5,0.4,17,10000,true,1.000000,,1075,10000,"Fail (P=100.0%, SharedHardwareOnly)",fail
tacet,medium,tail,2,iid,5,100,19,10000,false,0.000000,,1092,10000,Pass (P=0.0%),pass
tacet,medium,tail,2,iid,5,0.4,11,10000,true,1.000000,,1101,10000,"Fail (P=100.0%, SharedHardwareOnly)",fail
tacet,medium,tail,2,iid,5,100,4,10000,false,0.000000,,1098,10000,Pass (P=0.0%),pass
tacet,medium,tail,2,iid,5,0.4,29,10000,true,1.000000,,1096,10000,"Fail (P=100.0%, SharedHardwareOnly)",fail
tacet,medium,tail,2,iid,5,0.4,34,10000,true,1.000000,,1077,10000,"Fail (P=100.0%, SharedHardwareOnly)",fail
tacet,medium,tail,1,ar1-0.8,5,0.4,40,10000,true,0.987000,,1232,10000,"Fail (P=98.7%, SharedHardwareOnly)",fail
tacet,medium,tail,2,iid,5,100,24,10000,false,0.000000,,1091,10000,Pass (P=0.0%),pass
tacet,medium,tail,2,iid,5,100,33,10000,false,0.000000,,1096,10000,Pass (P=0.0%),pass
tacet,medium,tail,1,ar1-0.8,5,100,47,10000,false,0.000000,,1198,10000,Pass (P=0.0%),pass
tacet,medium,tail,1,ar1-0.8,5,0.4,27,10000,true,0.992500,,1205,10000,"Fail (P=99.2%, SharedHardwareOnly)",fail
tacet,medium,tail,1,ar1-0.8,5,100,36,10000,false,0.000000,,1207,10000,Pass (P=0.0%),pass
tacet,medium,tail,1,ar1-0.8,5,0.4,43,10000,true,0.995500,,1216,10000,"Fail (P=99.6%, SharedHardwareOnly)",fail
tacet,medium,tail,1,ar1-0.8,5,0.4,52,10000,true,0.950750,,1208,10000,"Fail (P=95.1%, SharedHardwareOnly)",fail
tacet,medium,tail,1,ar1-0.8,5,0.4,24,10000,true,0.986500,,1207,10000,"Fail (P=98.7%, SharedHardwareOnly)",fail
tacet,medium,tail,1,ar1-0.8,5,0.4,49,10000,true,0.994000,,1238,10000,"Fail (P=99.4%, SharedHardwareOnly)",fail
tacet,medium,tail,1,ar1-0.8,5,0.4,57,10000,true,0.989500,,1251,10000,"Fail (P=99.0%, SharedHardwareOnly)",fail
tacet,medium,tail,2,iid,5,100,17,10000,false,0.000000,,1060,10000,Pass (P=0.0%),pass
tacet,medium,tail,2,iid,5,0.4,26,10000,true,1.000000,,1059,10000,"Fail (P=100.0%, SharedHardwareOnly)",fail
tacet,medium,tail,2,iid,5,0.4,8,10000,true,1.000000,,1089,10000,"Fail (P=100.0%, SharedHardwareOnly)",fail
tacet,medium,tail,2,iid,5,0.4,32,10000,true,1.000000,,1091,10000,"Fail (P=100.0%, SharedHardwareOnly)",fail
tacet,medium,tail,2,iid,5,100,27,10000,false,0.000000,,1094,10000,Pass (P=0.0%),pass
tacet,medium,tail,1,ar1-0.8,5,100,29,10000,false,0.000000,,1245,10000,Pass (P=0.0%),pass
tacet,medium,tail,2,iid,5,100,47,10000,false,0.000000,,1083,10000,Pass (P=0.0%),pass
tacet,medium,tail,1,ar1-0.8,5,0.4,42,10000,true,0.992000,,1242,10000,"Fail (P=99.2%, SharedHardwareOnly)",fail
tacet,medium,tail,1,ar1-0.8,5,100,34,10000,false,0.000000,,1206,10000,Pass (P=0.0%),pass
tacet,medium,tail,2,iid,5,100,36,10000,false,0.000000,,1050,10000,Pass (P=0.0%),pass
tacet,medium,tail,2,iid,5,0.4,13,10000,true,1.000000,,1054,10000,"Fail (P=100.0%, SharedHardwareOnly)",fail
tacet,medium,tail,1,ar1-0.8,5,100,49,10000,false,0.000000,,1245,10000,Pass (P=0.0%),pass
tacet,medium,tail,2,iid,5,0.4,9,10000,true,1.000000,,1062,10000,"Fail (P=100.0%, SharedHardwareOnly)",fail
tacet,medium,tail,1,ar1-0.8,5,0.4,50,10000,true,0.996750,,1205,10000,"Fail (P=99.7%, SharedHardwareOnly)",fail
tacet,medium,tail,2,iid,5,0.4,20,10000,true,1.000000,,1109,10000,"Fail (P=100.0%, SharedHardwareOnly)",fail
tacet,medium,tail,2,iid,5,100,11,10000,false,0.000000,,1100,10000,Pass (P=0.0%),pass
tacet,medium,tail,2,iid,5,0.4,25,10000,true,1.000000,,841,10000,"Fail (P=100.0%, SharedHardwareOnly)",fail
tacet,medium,tail,1,ar1-0.8,5,0.4,25,10000,true,0.996250,,1213,10000,"Fail (P=99.6%, SharedHardwareOnly)",fail
tacet,medium,tail,1,ar1-0.8,5,0.4,44,10000,true,0.989500,,1240,10000,"Fail (P=99.0%, SharedHardwareOnly)",fail
tacet,medium,tail,2,iid,5,100,29,10000,false,0.000000,,1096,10000,Pass (P=0.0%),pass
tacet,medium,tail,2,iid,5,0.4,28,10000,true,1.000000,,1096,10000,"Fail (P=100.0%, SharedHardwareOnly)",fail
tacet,medium,tail,2,iid,5,0.4,41,10000,true,1.000000,,1057,10000,"Fail (P=100.0%, SharedHardwareOnly)",fail
tacet,medium,tail,1,ar1-0.8,5,100,40,10000,false,0.000000,,1232,10000,Pass (P=0.0%),pass
tacet,medium,tail,2,iid,5,0.4,30,10000,true,1.000000,,1090,10000,"Fail (P=100.0%, SharedHardwareOnly)",fail
tacet,medium,tail,1,ar1-0.8,5,100,27,10000,false,0.000000,,1208,10000,Pass (P=0.0%),pass
tacet,medium,tail,1,ar1-0.8,5,0.4,37,10000,false,0.921750,,1217,10000,"Inconclusive: SampleBudgetExceeded { current_probability: 0.92175, samples_collected: 10000 }",inconclusive
tacet,medium,tail,1,ar1-0.8,5,100,43,10000,false,0.000000,,1206,10000,Pass (P=0.0%),pass
tacet,medium,tail,2,iid,5,100,8,10000,false,0.000000,,1093,10000,Pass (P=0.0%),pass
tacet,medium,tail,2,iid,5,100,18,10000,false,0.000000,,1055,10000,Pass (P=0.0%),pass
tacet,medium,tail,2,iid,5,100,32,10000,false,0.000000,,1262,10000,Pass (P=0.0%),pass
tacet,medium,tail,2,iid,5,0.4,48,10000,true,1.000000,,1085,10000,"Fail (P=100.0%, SharedHardwareOnly)",fail
tacet,medium,tail,2,iid,5,0.4,15,10000,true,1.000000,,1061,10000,"Fail (P=100.0%, SharedHardwareOnly)",fail
tacet,medium,tail,1,ar1-0.8,5,0.4,30,10000,true,0.981250,,1243,10000,"Fail (P=98.1%, SharedHardwareOnly)",fail
tacet,medium,tail,2,iid,5,100,9,10000,false,0.000000,,1129,10000,Pass (P=0.0%),pass
tacet,medium,tail,2,iid,5,100,13,10000,false,0.000000,,1057,10000,Pass (P=0.0%),pass
tacet,medium,tail,1,ar1-0.8,5,100,37,10000,false,0.000000,,1207,10000,Pass (P=0.0%),pass
tacet,medium,tail,2,iid,5,0.4,12,10000,true,1.000000,,1142,10000,"Fail (P=100.0%, SharedHardwareOnly)",fail
tacet,medium,tail,2,iid,5,100,41,10000,false,0.000000,,1065,10000,Pass (P=0.0%),pass
tacet,medium,tail,2,iid,5,0.4,40,10000,true,1.000000,,1221,10000,"Fail (P=100.0%, SharedHardwareOnly)",fail
tacet,medium,tail,2,iid,5,100,30,10000,false,0.000000,,1093,10000,Pass (P=0.0%),pass
tacet,medium,tail,2,iid,5,100,53,10000,false,0.000000,,1084,10000,Pass (P=0.0%),pass
tacet,medium,tail,2,iid,5,100,56,10000,false,0.000000,,1062,10000,Pass (P=0.0%),pass
tacet,medium,tail,2,iid,5,0.4,44,10000,true,1.000000,,1068,10000,"Fail (P=100.0%, SharedHardwareOnly)",fail
tacet,medium,tail,2,iid,5,0.4,49,10000,true,1.000000,,1062,10000,"Fail (P=100.0%, SharedHardwareOnly)",fail
tacet,medium,tail,2,iid,5,100,40,10000,false,0.000000,,1160,10000,Pass (P=0.0%),pass
tacet,medium,tail,2,iid,5,0.4,55,10000,true,1.000000,,1085,10000,"Fail (P=100.0%, SharedHardwareOnly)",fail
tacet,medium,tail,2,iid,5,100,45,10000,false,0.000000,,1048,10000,Pass (P=0.0%),pass
tacet,medium,tail,2,iid,5,100,55,10000,false,0.000000,,1040,10000,Pass (P=0.0%),pass
tacet,medium,tail,2,iid,5,100,50,10000,false,0.000000,,1162,10000,Pass (P=0.0%),pass
tacet,medium,tail,2,iid,5,0.4,39,10000,true,1.000000,,1035,10000,"Fail (P=100.0%, SharedHardwareOnly)",fail
tacet,medium,tail,2,iid,5,0.4,54,10000,true,1.000000,,959,10000,"Fail (P=100.0%, SharedHardwareOnly)",fail
tacet,medium,tail,2,iid,5,100,44,10000,false,0.000000,,922,10000,Pass (P=0.0%),pass
tacet,medium,tail,2,iid,5,100,51,10000,false,0.000000,,882,10000,Pass (P=0.0%),pass
tacet,medium,tail,2,iid,5,100,43,10000,false,0.000000,,1094,10000,Pass (P=0.0%),pass
tacet,medium,tail,2,iid,5,0.4,50,10000,true,1.000000,,530,10000,"Fail (P=100.0%, SharedHardwareOnly)",fail
tacet,medium,tail,2,iid,5,0.4,53,10000,true,1.000000,,675,10000,"Fail (P=100.0%, SharedHardwareOnly)",fail
tacet,medium,tail,2,iid,5,100,49,10000,false,0.000000,,536,10000,Pass (P=0.0%),pass
tacet,medium,tail,2,iid,5,0.4,57,10000,true,1.000000,,413,10000,"Fail (P=100.0%, SharedHardwareOnly)",fail
tacet,medium,tail,2,iid,5,0.4,47,10000,true,1.000000,,688,10000,"Fail (P=100.0%, SharedHardwareOnly)",fail
tacet,medium,tail,2,iid,5,100,57,10000,false,0.000000,,407,10000,Pass (P=0.0%),pass
tacet,medium,tail,2,iid,5,0.4,58,10000,true,1.000000,,1462,10000,"Fail (P=100.0%, SharedHardwareOnly)",fail
tacet,medium,tail,2,iid,5,0.4,51,10000,true,1.000000,,1437,10000,"Fail (P=100.0%, SharedHardwareOnly)",fail
tacet,medium,tail,2,iid,5,0.4,56,10000,true,1.000000,,1020,10000,"Fail (P=100.0%, SharedHardwareOnly)",fail
tacet,medium,tail,2,iid,5,100,58,10000,false,0.000000,,1108,10000,Pass (P=0.0%),pass
tacet,medium,tail,2,iid,5,0.4,59,10000,true,1.000000,,1320,10000,"Fail (P=100.0%, SharedHardwareOnly)",fail
tacet,medium,tail,2,iid,5,0.4,46,10000,true,1.000000,,1012,10000,"Fail (P=100.0%, SharedHardwareOnly)",fail
tacet,medium,tail,2,iid,5,100,52,10000,false,0.000000,,1297,10000,Pass (P=0.0%),pass
tacet,medium,tail,2,iid,5,0.4,42,10000,true,1.000000,,1147,10000,"Fail (P=100.0%, SharedHardwareOnly)",fail
tacet,medium,tail,2,iid,5,100,46,10000,false,0.000000,,1105,10000,Pass (P=0.0%),pass
tacet,medium,tail,2,iid,5,100,54,10000,false,0.000000,,1446,10000,Pass (P=0.0%),pass
tacet,medium,tail,2,iid,5,100,59,10000,false,0.000000,,1582,10000,Pass (P=0.0%),pass
tacet,medium,tail,2,iid,5,0.4,45,10000,true,1.000000,,1668,10000,"Fail (P=100.0%, SharedHardwareOnly)",fail
tacet,medium,tail,2,iid,5,100,42,10000,false,0.000000,,1831,10000,Pass (P=0.0%),pass
tacet,medium,tail,2,iid,5,100,37,10000,false,0.000000,,2439,10000,Pass (P=0.0%),pass
tacet,medium,tail,2,iid,5,0.4,31,10000,true,1.000000,,1741,10000,"Fail (P=100.0%, SharedHardwareOnly)",fail
tacet,medium,tail,1,ar1-0.8,5,0.4,32,10000,false,0.905750,,2088,10000,"Inconclusive: SampleBudgetExceeded { current_probability: 0.90575, samples_collected: 10000 }",inconclusive
tacet,medium,tail,2,iid,5,0.4,43,10000,true,1.000000,,2050,10000,"Fail (P=100.0%, SharedHardwareOnly)",fail
tacet,medium,tail,2,iid,5,0.4,52,10000,true,1.000000,,2144,10000,"Fail (P=100.0%, SharedHardwareOnly)",fail
tacet,medium,tail,2,iid,5,100,38,10000,false,0.000000,,2377,10000,Pass (P=0.0%),pass
tacet,medium,tail,2,iid,5,100,48,10000,false,0.000000,,2322,10000,Pass (P=0.0%),pass
tacet,medium,tail,1,ar1-0.8,5,100,30,10000,false,0.000000,,2776,10000,Pass (P=0.0%),pass
tacet,medium,tail,1,ar1-0.8,5,0.4,31,10000,true,0.992000,,2392,10000,"Fail (P=99.2%, SharedHardwareOnly)",fail
tacet,medium,tail,2,iid,5,100,12,10000,false,0.000000,,2844,10000,Pass (P=0.0%),pass
tacet,medium,tail,2,iid,5,100,39,10000,false,0.000000,,3037,10000,Pass (P=0.0%),pass
tacet,medium,tail,2,iid,5,0.4,14,10000,true,1.000000,,3030,10000,"Fail (P=100.0%, SharedHardwareOnly)",fail
tacet,medium,tail,2,iid,5,100,20,10000,false,0.000000,,3158,10000,Pass (P=0.0%),pass
tacet,medium,tail,2,iid,5,0.4,22,10000,true,1.000000,,3032,10000,"Fail (P=100.0%, SharedHardwareOnly)",fail
tacet,medium,tail,1,ar1-0.8,5,100,24,10000,false,0.000000,,4396,10000,Pass (P=0.0%),pass
tacet,medium,tail,1,ar1-0.8,5,100,28,10000,false,0.000000,,3215,10000,Pass (P=0.0%),pass
tacet,medium,tail,2,iid,5,0.4,38,10000,true,1.000000,,3100,10000,"Fail (P=100.0%, SharedHardwareOnly)",fail
tacet,medium,tail,1,ar1-0.8,5,0.4,38,10000,true,1.000000,,3155,10000,"Fail (P=100.0%, SharedHardwareOnly)",fail
tacet,medium,tail,1,ar1-0.8,5,100,31,10000,false,0.000000,,2712,10000,Pass (P=0.0%),pass
tacet,medium,tail,2,iid,5,100,15,10000,false,0.000000,,3080,10000,Pass (P=0.0%),pass
tacet,medium,tail,2,iid,5,100,21,10000,false,0.000000,,3214,10000,Pass (P=0.0%),pass
tacet,medium,tail,1,ar1-0.8,5,100,25,10000,false,0.000000,,3237,10000,Pass (P=0.0%),pass
tacet,medium,tail,2,iid,5,0.4,37,10000,true,1.000000,,3627,10000,"Fail (P=100.0%, SharedHardwareOnly)",fail
tacet,medium,tail,2,iid,5,100,14,10000,false,0.000000,,3760,10000,Pass (P=0.0%),pass
tacet,medium,tail,2,iid,5,0.4,21,10000,true,1.000000,,3386,10000,"Fail (P=100.0%, SharedHardwareOnly)",fail
tacet,medium,tail,1,ar1-0.8,5,100,50,10000,false,0.000000,,3729,10000,Pass (P=0.0%),pass
tacet,medium,tail,2,iid,5,0.4,3,10000,true,1.000000,,6712,10000,"Fail (P=100.0%, SharedHardwareOnly)",fail
tacet,medium,tail,1,ar1-0.8,5,0.4,28,10000,true,0.995750,,3772,10000,"Fail (P=99.6%, SharedHardwareOnly)",fail
tacet,medium,tail,1,ar1-0.8,5,0.4,41,10000,false,0.934500,,3780,10000,"Inconclusive: SampleBudgetExceeded { current_probability: 0.9345, samples_collected: 10000 }",inconclusive
tacet,medium,tail,1,ar1-0.8,5,100,44,10000,false,0.000000,,4413,10000,Pass (P=0.0%),pass
tacet,medium,tail,1,ar1-0.8,5,100,42,10000,false,0.000000,,4553,10000,Pass (P=0.0%),pass
tacet,medium,tail,2,iid,5,100,26,10000,false,0.000000,,4463,10000,Pass (P=0.0%),pass
tacet,medium,tail,1,ar1-0.8,5,0.4,35,10000,true,0.994250,,4542,10000,"Fail (P=99.4%, SharedHardwareOnly)",fail
tacet,medium,tail,1,ar1-0.8,5,100,39,10000,false,0.000000,,5812,10000,Pass (P=0.0%),pass
tacet,medium,tail,2,iid,5,0.4,18,10000,true,1.000000,,4518,10000,"Fail (P=100.0%, SharedHardwareOnly)",fail
tacet,medium,tail,2,iid,5,100,34,10000,false,0.000000,,5079,10000,Pass (P=0.0%),pass
tacet,medium,tail,1,ar1-0.8,5,0.4,55,10000,true,0.987250,,7435,10000,"Fail (P=98.7%, SharedHardwareOnly)",fail
tacet,medium,tail,1,ar1-0.8,5,0.4,46,10000,true,0.998000,,7424,10000,"Fail (P=99.8%, SharedHardwareOnly)",fail
tacet,medium,tail,1,ar1-0.8,5,100,33,10000,false,0.000000,,6201,10000,Pass (P=0.0%),pass
tacet,medium,tail,2,iid,5,0.4,0,10000,true,1.000000,,7640,10000,"Fail (P=100.0%, SharedHardwareOnly)",fail
tacet,medium,tail,2,ar1-0.3,5,0.4,31,10000,true,1.000000,,1192,10000,"Fail (P=100.0%, SharedHardwareOnly)",fail
tacet,medium,tail,2,ar1-0.6,5,100,1,10000,false,0.000000,,1194,10000,Pass (P=0.0%),pass
tacet,medium,tail,2,ar1-0.6,5,100,0,10000,false,0.000000,,1201,10000,Pass (P=0.0%),pass
tacet,medium,tail,2,ar1-0.6,5,0.4,15,10000,true,1.000000,,1205,10000,"Fail (P=100.0%, SharedHardwareOnly)",fail
tacet,medium,tail,2,ar1-0.6,5,0.4,2,10000,true,1.000000,,1207,10000,"Fail (P=100.0%, SharedHardwareOnly)",fail
tacet,medium,tail,2,ar1-0.3,5,0.4,3,10000,true,1.000000,,1208,10000,"Fail (P=100.0%, SharedHardwareOnly)",fail
tacet,medium,tail,2,ar1-0.3,5,100,12,10000,false,0.000000,,1211,10000,Pass (P=0.0%),pass
tacet,medium,tail,2,ar1-0.3,5,0.4,6,10000,true,1.000000,,1212,10000,"Fail (P=100.0%, SharedHardwareOnly)",fail
tacet,medium,tail,2,ar1-0.3,5,0.4,32,10000,true,1.000000,,1212,10000,"Fail (P=100.0%, SharedHardwareOnly)",fail
tacet,medium,tail,2,ar1-0.3,5,100,57,10000,false,0.000000,,1215,10000,Pass (P=0.0%),pass
tacet,medium,tail,2,ar1-0.3,5,0.4,53,10000,true,1.000000,,1214,10000,"Fail (P=100.0%, SharedHardwareOnly)",fail
tacet,medium,tail,2,ar1-0.3,5,0.4,9,10000,true,1.000000,,1215,10000,"Fail (P=100.0%, SharedHardwareOnly)",fail
tacet,medium,tail,2,ar1-0.3,5,100,32,10000,false,0.000000,,1216,10000,Pass (P=0.0%),pass
tacet,medium,tail,2,ar1-0.3,5,100,7,10000,false,0.000000,,1217,10000,Pass (P=0.0%),pass
tacet,medium,tail,2,ar1-0.3,5,0.4,29,10000,true,1.000000,,1219,10000,"Fail (P=100.0%, SharedHardwareOnly)",fail
tacet,medium,tail,2,ar1-0.3,5,100,37,10000,false,0.000000,,1220,10000,Pass (P=0.0%),pass
tacet,medium,tail,2,ar1-0.3,5,0.4,0,10000,true,1.000000,,1227,10000,"Fail (P=100.0%, SharedHardwareOnly)",fail
tacet,medium,tail,2,ar1-0.3,5,0.4,2,10000,true,1.000000,,1233,10000,"Fail (P=100.0%, SharedHardwareOnly)",fail
tacet,medium,tail,2,ar1-0.3,5,0.4,1,10000,true,1.000000,,1241,10000,"Fail (P=100.0%, SharedHardwareOnly)",fail
tacet,medium,tail,2,ar1-0.3,5,100,56,10000,false,0.000000,,1242,10000,Pass (P=0.0%),pass
tacet,medium,tail,2,ar1-0.3,5,100,31,10000,false,0.000000,,1245,10000,Pass (P=0.0%),pass
tacet,medium,tail,2,ar1-0.3,5,0.4,59,10000,true,1.000000,,1247,10000,"Fail (P=100.0%, SharedHardwareOnly)",fail
tacet,medium,tail,2,ar1-0.3,5,0.4,28,10000,true,1.000000,,1251,10000,"Fail (P=100.0%, SharedHardwareOnly)",fail
tacet,medium,tail,2,ar1-0.3,5,0.4,50,10000,true,1.000000,,1252,10000,"Fail (P=100.0%, SharedHardwareOnly)",fail
tacet,medium,tail,2,ar1-0.6,5,100,2,10000,false,0.000000,,1253,10000,Pass (P=0.0%),pass
tacet,medium,tail,2,ar1-0.3,5,0.4,34,10000,true,1.000000,,1253,10000,"Fail (P=100.0%, SharedHardwareOnly)",fail
tacet,medium,tail,2,ar1-0.3,5,100,1,10000,false,0.000000,,1253,10000,Pass (P=0.0%),pass
tacet,medium,tail,2,ar1-0.3,5,0.4,56,10000,true,1.000000,,1254,10000,"Fail (P=100.0%, SharedHardwareOnly)",fail
tacet,medium,tail,2,ar1-0.3,5,100,0,10000,false,0.000000,,1257,10000,Pass (P=0.0%),pass
tacet,medium,tail,2,ar1-0.3,5,100,28,10000,false,0.000000,,1262,10000,Pass (P=0.0%),pass
tacet,medium,tail,2,ar1-0.3,5,100,29,10000,false,0.000000,,1277,10000,Pass (P=0.0%),pass
tacet,medium,tail,2,ar1-0.3,5,0.4,25,10000,true,1.000000,,1316,10000,"Fail (P=100.0%, SharedHardwareOnly)",fail
tacet,medium,tail,2,ar1-0.6,5,0.4,1,10000,true,1.000000,,1205,10000,"Fail (P=100.0%, SharedHardwareOnly)",fail
tacet,medium,tail,2,ar1-0.6,5,100,15,10000,false,0.000000,,1216,10000,Pass (P=0.0%),pass
tacet,medium,tail,2,ar1-0.3,5,0.4,33,10000,true,1.000000,,1221,10000,"Fail (P=100.0%, SharedHardwareOnly)",fail
tacet,medium,tail,2,ar1-0.3,5,100,2,10000,false,0.000000,,1223,10000,Pass (P=0.0%),pass
tacet,medium,tail,2,ar1-0.3,5,100,3,10000,false,0.000000,,1224,10000,Pass (P=0.0%),pass
tacet,medium,tail,2,ar1-0.3,5,0.4,58,10000,true,1.000000,,1218,10000,"Fail (P=100.0%, SharedHardwareOnly)",fail
tacet,medium,tail,2,ar1-0.3,5,100,43,10000,false,0.000000,,1221,10000,Pass (P=0.0%),pass
tacet,medium,tail,2,ar1-0.3,5,100,10,10000,false,0.000000,,1225,10000,Pass (P=0.0%),pass
tacet,medium,tail,2,ar1-0.3,5,100,6,10000,false,0.000000,,1227,10000,Pass (P=0.0%),pass
tacet,medium,tail,2,ar1-0.3,5,0.4,13,10000,true,1.000000,,1227,10000,"Fail (P=100.0%, SharedHardwareOnly)",fail
tacet,medium,tail,2,ar1-0.3,5,100,53,10000,false,0.000000,,1223,10000,Pass (P=0.0%),pass
tacet,medium,tail,2,ar1-0.3,5,0.4,30,10000,true,1.000000,,1250,10000,"Fail (P=100.0%, SharedHardwareOnly)",fail
tacet,medium,tail,2,ar1-0.3,5,100,9,10000,false,0.000000,,1231,10000,Pass (P=0.0%),pass
tacet,medium,tail,2,ar1-0.3,5,0.4,8,10000,true,1.000000,,1232,10000,"Fail (P=100.0%, SharedHardwareOnly)",fail
tacet,medium,tail,2,ar1-0.3,5,100,11,10000,false,0.000000,,1233,10000,Pass (P=0.0%),pass
tacet,medium,tail,2,ar1-0.3,5,0.4,38,10000,true,1.000000,,1235,10000,"Fail (P=100.0%, SharedHardwareOnly)",fail
tacet,medium,tail,2,ar1-0.3,5,0.4,10,10000,true,1.000000,,1236,10000,"Fail (P=100.0%, SharedHardwareOnly)",fail
tacet,medium,tail,2,ar1-0.3,5,100,59,10000,false,0.000000,,1257,10000,Pass (P=0.0%),pass
tacet,medium,tail,2,ar1-0.3,5,0.4,39,10000,true,1.000000,,1250,10000,"Fail (P=100.0%, SharedHardwareOnly)",fail
tacet,medium,tail,2,ar1-0.3,5,100,34,10000,false,0.000000,,1252,10000,Pass (P=0.0%),pass
tacet,medium,tail,2,ar1-0.3,5,100,58,10000,false,0.000000,,1266,10000,Pass (P=0.0%),pass
tacet,medium,tail,2,ar1-0.3,5,0.4,57,10000,true,1.000000,,1267,10000,"Fail (P=100.0%, SharedHardwareOnly)",fail
tacet,medium,tail,2,ar1-0.3,5,100,40,10000,false,0.000000,,1263,10000,Pass (P=0.0%),pass
tacet,medium,tail,2,ar1-0.3,5,100,33,10000,false,0.000000,,1271,10000,Pass (P=0.0%),pass
tacet,medium,tail,2,ar1-0.3,5,0.4,7,10000,true,1.000000,,1271,10000,"Fail (P=100.0%, SharedHardwareOnly)",fail
tacet,medium,tail,2,ar1-0.6,5,0.4,3,10000,true,1.000000,,1267,10000,"Fail (P=100.0%, SharedHardwareOnly)",fail
tacet,medium,tail,2,ar1-0.3,5,100,35,10000,false,0.000000,,1268,10000,Pass (P=0.0%),pass
tacet,medium,tail,2,ar1-0.3,5,100,50,10000,false,0.000000,,1272,10000,Pass (P=0.0%),pass
tacet,medium,tail,2,ar1-0.3,5,100,54,10000,false,0.000000,,1279,10000,Pass (P=0.0%),pass
tacet,medium,tail,2,ar1-0.3,5,100,36,10000,false,0.000000,,1275,10000,Pass (P=0.0%),pass
tacet,medium,tail,2,ar1-0.3,5,0.4,11,10000,true,1.000000,,1262,10000,"Fail (P=100.0%, SharedHardwareOnly)",fail
tacet,medium,tail,2,ar1-0.3,5,100,25,10000,false,0.000000,,1286,10000,Pass (P=0.0%),pass
tacet,medium,tail,2,ar1-0.6,5,0.4,16,10000,true,1.000000,,1220,10000,"Fail (P=100.0%, SharedHardwareOnly)",fail
tacet,medium,tail,2,ar1-0.3,5,100,4,10000,false,0.000000,,1226,10000,Pass (P=0.0%),pass
tacet,medium,tail,2,ar1-0.3,5,0.4,44,10000,true,1.000000,,1217,10000,"Fail (P=100.0%, SharedHardwareOnly)",fail
tacet,medium,tail,2,ar1-0.3,5,100,13,10000,false,0.000000,,1239,10000,Pass (P=0.0%),pass
tacet,medium,tail,2,ar1-0.3,5,0.4,55,10000,true,1.000000,,1254,10000,"Fail (P=100.0%, SharedHardwareOnly)",fail
tacet,medium,tail,2,ar1-0.6,5,100,3,10000,false,0.000000,,1253,10000,Pass (P=0.0%),pass
tacet,medium,tail,2,ar1-0.3,5,100,18,10000,false,0.000000,,1216,10000,Pass (P=0.0%),pass
tacet,medium,tail,2,ar1-0.3,5,0.4,42,10000,true,1.000000,,1228,10000,"Fail (P=100.0%, SharedHardwareOnly)",fail
tacet,medium,tail,2,ar1-0.3,5,0.4,26,10000,true,1.000000,,1315,10000,"Fail (P=100.0%, SharedHardwareOnly)",fail
tacet,medium,tail,2,ar1-0.6,5,100,8,10000,false,0.000000,,1220,10000,Pass (P=0.0%),pass
tacet,medium,tail,2,ar1-0.3,5,100,26,10000,false,0.000000,,1227,10000,Pass (P=0.0%),pass
tacet,medium,tail,2,ar1-0.6,5,0.4,7,10000,true,1.000000,,1233,10000,"Fail (P=100.0%, SharedHardwareOnly)",fail
tacet,medium,tail,2,ar1-0.3,5,100,5,10000,false,0.000000,,1486,10000,Pass (P=0.0%),pass
tacet,medium,tail,2,ar1-0.3,5,100,15,10000,false,0.000000,,1233,10000,Pass (P=0.0%),pass
tacet,medium,tail,2,ar1-0.3,5,100,21,10000,false,0.000000,,1222,10000,Pass (P=0.0%),pass
tacet,medium,tail,2,ar1-0.3,5,0.4,49,10000,true,1.000000,,1266,10000,"Fail (P=100.0%, SharedHardwareOnly)",fail
tacet,medium,tail,2,ar1-0.6,5,100,27,10000,false,0.000000,,1261,10000,Pass (P=0.0%),pass
tacet,medium,tail,2,ar1-0.3,5,100,27,10000,false,0.000000,,1225,10000,Pass (P=0.0%),pass
tacet,medium,tail,2,ar1-0.6,5,0.4,21,10000,true,1.000000,,1234,10000,"Fail (P=100.0%, SharedHardwareOnly)",fail
tacet,medium,tail,2,ar1-0.6,5,0.4,6,10000,true,1.000000,,1255,10000,"Fail (P=100.0%, SharedHardwareOnly)",fail
tacet,medium,tail,2,ar1-0.3,5,0.4,20,10000,true,1.000000,,1214,10000,"Fail (P=100.0%, SharedHardwareOnly)",fail
tacet,medium,tail,2,ar1-0.6,5,100,11,10000,false,0.000000,,1208,10000,Pass (P=0.0%),pass
tacet,medium,tail,2,ar1-0.6,5,0.4,18,10000,true,1.000000,,1249,10000,"Fail (P=100.0%, SharedHardwareOnly)",fail
tacet,medium,tail,2,ar1-0.3,5,0.4,17,10000,true,1.000000,,1264,10000,"Fail (P=100.0%, SharedHardwareOnly)",fail
tacet,medium,tail,2,ar1-0.3,5,0.4,14,10000,true,1.000000,,1251,10000,"Fail (P=100.0%, SharedHardwareOnly)",fail
tacet,medium,tail,2,ar1-0.6,5,0.4,10,10000,true,1.000000,,1228,10000,"Fail (P=100.0%, SharedHardwareOnly)",fail
tacet,medium,tail,2,ar1-0.6,5,0.4,9,10000,true,1.000000,,1258,10000,"Fail (P=100.0%, SharedHardwareOnly)",fail
tacet,medium,tail,2,ar1-0.3,5,0.4,23,10000,true,1.000000,,1261,10000,"Fail (P=100.0%, SharedHardwareOnly)",fail
tacet,medium,tail,2,ar1-0.3,5,100,49,10000,false,0.000000,,1265,10000,Pass (P=0.0%),pass
tacet,medium,tail,2,ar1-0.6,5,0.4,24,10000,true,1.000000,,1264,10000,"Fail (P=100.0%, SharedHardwareOnly)",fail
tacet,medium,tail,2,ar1-0.6,5,100,33,10000,false,0.000000,,1251,10000,Pass (P=0.0%),pass
tacet,medium,tail,2,ar1-0.3,5,100,44,10000,false,0.000000,,1211,10000,Pass (P=0.0%),pass
tacet,medium,tail,2,ar1-0.6,5,0.4,17,10000,true,1.000000,,1222,10000,"Fail (P=100.0%, SharedHardwareOnly)",fail
tacet,medium,tail,2,ar1-0.3,5,0.4,16,10000,true,1.000000,,1253,10000,"Fail (P=100.0%, SharedHardwareOnly)",fail
tacet,medium,tail,2,ar1-0.6,5,100,10,10000,false,0.000000,,1233,10000,Pass (P=0.0%),pass
tacet,medium,tail,2,ar1-0.3,5,100,16,10000,false,0.000000,,1245,10000,Pass (P=0.0%),pass
tacet,medium,tail,2,ar1-0.3,5,0.4,19,10000,true,1.000000,,1232,10000,"Fail (P=100.0%, SharedHardwareOnly)",fail
tacet,medium,tail,2,ar1-0.6,5,0.4,4,10000,true,1.000000,,1262,10000,"Fail (P=100.0%, SharedHardwareOnly)",fail
tacet,medium,tail,2,ar1-0.3,5,100,42,10000,false,0.000000,,1221,10000,Pass (P=0.0%),pass
tacet,medium,tail,2,ar1-0.6,5,100,19,10000,false,0.000000,,1235,10000,Pass (P=0.0%),pass
tacet,medium,tail,2,ar1-0.6,5,100,36,10000,false,0.000000,,1290,10000,Pass (P=0.0%),pass
tacet,medium,tail,2,ar1-0.6,5,100,9,10000,false,0.000000,,1213,10000,Pass (P=0.0%),pass
tacet,medium,tail,2,ar1-0.6,5,100,7,10000,false,0.000000,,1230,10000,Pass (P=0.0%),pass
tacet,medium,tail,2,ar1-0.3,5,0.4,24,10000,true,1.000000,,1228,10000,"Fail (P=100.0%, SharedHardwareOnly)",fail
tacet,medium,tail,2,ar1-0.6,5,0.4,13,10000,true,1.000000,,1229,10000,"Fail (P=100.0%, SharedHardwareOnly)",fail
tacet,medium,tail,2,ar1-0.3,5,0.4,22,10000,true,1.000000,,1231,10000,"Fail (P=100.0%, SharedHardwareOnly)",fail
tacet,medium,tail,2,ar1-0.6,5,0.4,28,10000,true,1.000000,,1269,10000,"Fail (P=100.0%, SharedHardwareOnly)",fail
tacet,medium,tail,2,ar1-0.6,5,0.4,38,10000,true,1.000000,,1215,10000,"Fail (P=100.0%, SharedHardwareOnly)",fail
tacet,medium,tail,2,ar1-0.6,5,100,21,10000,false,0.000000,,1221,10000,Pass (P=0.0%),pass
tacet,medium,tail,2,ar1-0.6,5,100,6,10000,false,0.000000,,1253,10000,Pass (P=0.0%),pass
tacet,medium,tail,2,ar1-0.6,5,0.4,12,10000,true,1.000000,,1214,10000,"Fail (P=100.0%, SharedHardwareOnly)",fail
tacet,medium,tail,2,ar1-0.3,5,100,20,10000,false,0.000000,,1225,10000,Pass (P=0.0%),pass
tacet,medium,tail,2,ar1-0.3,5,100,23,10000,false,0.000000,,1266,10000,Pass (P=0.0%),pass
tacet,medium,tail,2,ar1-0.6,5,0.4,39,10000,true,1.000000,,1214,10000,"Fail (P=100.0%, SharedHardwareOnly)",fail
tacet,medium,tail,2,ar1-0.6,5,100,18,10000,false,0.000000,,1263,10000,Pass (P=0.0%),pass
tacet,medium,tail,2,ar1-0.3,5,100,19,10000,false,0.000000,,1274,10000,Pass (P=0.0%),pass
tacet,medium,tail,2,ar1-0.3,5,100,14,10000,false,0.000000,,1258,10000,Pass (P=0.0%),pass
tacet,medium,tail,2,ar1-0.3,5,100,17,10000,false,0.000000,,1273,10000,Pass (P=0.0%),pass
tacet,medium,tail,2,ar1-0.6,5,0.4,37,10000,true,1.000000,,1256,10000,"Fail (P=100.0%, SharedHardwareOnly)",fail
tacet,medium,tail,2,ar1-0.6,5,100,38,10000,false,0.000000,,1268,10000,Pass (P=0.0%),pass
tacet,medium,tail,2,ar1-0.6,5,100,12,10000,false,0.000000,,1254,10000,Pass (P=0.0%),pass
tacet,medium,tail,2,ar1-0.6,5,100,24,10000,false,0.000000,,1267,10000,Pass (P=0.0%),pass
tacet,medium,tail,2,ar1-0.6,5,0.4,34,10000,true,1.000000,,1269,10000,"Fail (P=100.0%, SharedHardwareOnly)",fail
tacet,medium,tail,2,ar1-0.3,5,0.4,45,10000,true,1.000000,,1216,10000,"Fail (P=100.0%, SharedHardwareOnly)",fail
tacet,medium,tail,2,ar1-0.6,5,100,17,10000,false,0.000000,,1211,10000,Pass (P=0.0%),pass
tacet,medium,tail,2,ar1-0.6,5,100,22,10000,false,0.000000,,1261,10000,Pass (P=0.0%),pass
tacet,medium,tail,2,ar1-0.6,5,0.4,11,10000,true,1.000000,,1294,10000,"Fail (P=100.0%, SharedHardwareOnly)",fail
tacet,medium,tail,2,ar1-0.6,5,100,4,10000,false,0.000000,,1224,10000,Pass (P=0.0%),pass
tacet,medium,tail,2,ar1-0.3,5,0.4,40,10000,true,1.000000,,3700,10000,"Fail (P=100.0%, SharedHardwareOnly)",fail
tacet,medium,tail,2,ar1-0.6,5,0.4,8,10000,true,1.000000,,2234,10000,"Fail (P=100.0%, SharedHardwareOnly)",fail
tacet,medium,tail,2,ar1-0.6,5,0.4,20,10000,true,1.000000,,1232,10000,"Fail (P=100.0%, SharedHardwareOnly)",fail
tacet,medium,tail,2,ar1-0.3,5,100,45,10000,false,0.000000,,1283,10000,Pass (P=0.0%),pass
tacet,medium,tail,2,ar1-0.6,5,100,30,10000,false,0.000000,,1206,10000,Pass (P=0.0%),pass
tacet,medium,tail,2,ar1-0.6,5,100,35,10000,false,0.000000,,1215,10000,Pass (P=0.0%),pass
tacet,medium,tail,2,ar1-0.6,5,0.4,35,10000,true,1.000000,,1236,10000,"Fail (P=100.0%, SharedHardwareOnly)",fail
tacet,medium,tail,2,ar1-0.6,5,100,37,10000,false,0.000000,,1235,10000,Pass (P=0.0%),pass
tacet,medium,tail,2,ar1-0.6,5,100,13,10000,false,0.000000,,1235,10000,Pass (P=0.0%),pass
tacet,medium,tail,2,ar1-0.6,5,0.4,14,10000,true,1.000000,,747,10000,"Fail (P=100.0%, SharedHardwareOnly)",fail
tacet,medium,tail,2,ar1-0.6,5,0.4,32,10000,true,1.000000,,979,10000,"Fail (P=100.0%, SharedHardwareOnly)",fail
tacet,medium,tail,2,ar1-0.6,5,100,14,10000,false,0.000000,,669,10000,Pass (P=0.0%),pass
tacet,medium,tail,2,ar1-0.6,5,0.4,19,10000,true,1.000000,,1201,10000,"Fail (P=100.0%, SharedHardwareOnly)",fail
tacet,medium,tail,2,ar1-0.6,5,100,25,10000,false,0.000000,,921,10000,Pass (P=0.0%),pass
tacet,medium,tail,2,ar1-0.6,5,0.4,26,10000,true,1.000000,,510,10000,"Fail (P=100.0%, SharedHardwareOnly)",fail
tacet,medium,tail,2,ar1-0.6,5,100,26,10000,false,0.000000,,651,10000,Pass (P=0.0%),pass
tacet,medium,tail,2,ar1-0.6,5,100,31,10000,false,0.000000,,812,10000,Pass (P=0.0%),pass
tacet,medium,tail,2,ar1-0.6,5,100,20,10000,false,0.000000,,873,10000,Pass (P=0.0%),pass
tacet,medium,tail,2,ar1-0.6,5,0.4,23,10000,true,1.000000,,817,10000,"Fail (P=100.0%, SharedHardwareOnly)",fail
tacet,medium,tail,2,ar1-0.6,5,100,23,10000,false,0.000000,,646,10000,Pass (P=0.0%),pass
tacet,medium,tail,2,ar1-0.6,5,0.4,33,10000,true,1.000000,,876,10000,"Fail (P=100.0%, SharedHardwareOnly)",fail
tacet,medium,tail,2,ar1-0.3,5,100,8,10000,false,0.000000,,4544,10000,Pass (P=0.0%),pass
tacet,medium,tail,2,ar1-0.6,5,0.4,27,10000,true,1.000000,,683,10000,"Fail (P=100.0%, SharedHardwareOnly)",fail
tacet,medium,tail,2,ar1-0.6,5,100,32,10000,false,0.000000,,940,10000,Pass (P=0.0%),pass
tacet,medium,tail,2,ar1-0.6,5,0.4,5,10000,true,1.000000,,1136,10000,"Fail (P=100.0%, SharedHardwareOnly)",fail
tacet,medium,tail,2,ar1-0.6,5,0.4,31,10000,true,1.000000,,1339,10000,"Fail (P=100.0%, SharedHardwareOnly)",fail
tacet,medium,tail,2,ar1-0.6,5,0.4,30,10000,true,1.000000,,1359,10000,"Fail (P=100.0%, SharedHardwareOnly)",fail
tacet,medium,tail,2,ar1-0.6,5,100,28,10000,false,0.000000,,1782,10000,Pass (P=0.0%),pass
tacet,medium,tail,2,ar1-0.3,5,0.4,48,10000,true,1.000000,,4405,10000,"Fail (P=100.0%, SharedHardwareOnly)",fail
tacet,medium,tail,2,ar1-0.3,5,0.4,15,10000,true,1.000000,,1556,10000,"Fail (P=100.0%, SharedHardwareOnly)",fail
tacet,medium,tail,2,ar1-0.6,5,0.4,36,10000,true,1.000000,,1329,10000,"Fail (P=100.0%, SharedHardwareOnly)",fail
tacet,medium,tail,2,ar1-0.3,5,0.4,46,10000,true,1.000000,,1373,10000,"Fail (P=100.0%, SharedHardwareOnly)",fail
tacet,medium,tail,2,ar1-0.3,5,100,24,10000,false,0.000000,,2022,10000,Pass (P=0.0%),pass
tacet,medium,tail,2,ar1-0.6,5,0.4,25,10000,true,1.000000,,1438,10000,"Fail (P=100.0%, SharedHardwareOnly)",fail
tacet,medium,tail,2,ar1-0.6,5,0.4,29,10000,true,1.000000,,1619,10000,"Fail (P=100.0%, SharedHardwareOnly)",fail
tacet,medium,tail,2,ar1-0.3,5,0.4,21,10000,true,1.000000,,1722,10000,"Fail (P=100.0%, SharedHardwareOnly)",fail
tacet,medium,tail,2,ar1-0.6,5,0.4,22,10000,true,1.000000,,2094,10000,"Fail (P=100.0%, SharedHardwareOnly)",fail
tacet,medium,tail,2,ar1-0.3,5,0.4,43,10000,true,1.000000,,2645,10000,"Fail (P=100.0%, SharedHardwareOnly)",fail
tacet,medium,tail,2,ar1-0.6,5,100,29,10000,false,0.000000,,1895,10000,Pass (P=0.0%),pass
tacet,medium,tail,2,ar1-0.6,5,100,39,10000,false,0.000000,,2695,10000,Pass (P=0.0%),pass
tacet,medium,tail,2,ar1-0.3,5,0.4,18,10000,true,1.000000,,2159,10000,"Fail (P=100.0%, SharedHardwareOnly)",fail
tacet,medium,tail,2,ar1-0.3,5,100,22,10000,false,0.000000,,2321,10000,Pass (P=0.0%),pass
tacet,medium,tail,2,ar1-0.6,5,100,16,10000,false,0.000000,,4118,10000,Pass (P=0.0%),pass
tacet,medium,tail,2,ar1-0.3,5,0.4,27,10000,true,1.000000,,4655,10000,"Fail (P=100.0%, SharedHardwareOnly)",fail
tacet,medium,tail,2,ar1-0.3,5,100,55,10000,false,0.000000,,4763,10000,Pass (P=0.0%),pass
tacet,medium,tail,2,ar1-0.6,5,100,34,10000,false,0.000000,,2570,10000,Pass (P=0.0%),pass
tacet,medium,tail,2,ar1-0.3,5,0.4,12,10000,true,1.000000,,5664,10000,"Fail (P=100.0%, SharedHardwareOnly)",fail
tacet,medium,tail,2,ar1-0.6,5,100,5,10000,false,0.000000,,5353,10000,Pass (P=0.0%),pass
tacet,medium,tail,2,ar1-0.3,5,100,52,10000,false,0.000000,,5677,10000,Pass (P=0.0%),pass
tacet,medium,tail,2,ar1-0.3,5,100,51,10000,false,0.000000,,5717,10000,Pass (P=0.0%),pass
tacet,medium,tail,2,ar1-0.3,5,0.4,47,10000,true,1.000000,,5144,10000,"Fail (P=100.0%, SharedHardwareOnly)",fail
tacet,medium,tail,2,ar1-0.3,5,0.4,54,10000,true,1.000000,,5678,10000,"Fail (P=100.0%, SharedHardwareOnly)",fail
tacet,medium,tail,2,ar1-0.3,5,0.4,36,10000,true,1.000000,,5603,10000,"Fail (P=100.0%, SharedHardwareOnly)",fail
tacet,medium,tail,2,ar1-0.3,5,0.4,35,10000,true,1.000000,,5628,10000,"Fail (P=100.0%, SharedHardwareOnly)",fail
tacet,medium,tail,2,ar1-0.3,5,0.4,4,10000,true,1.000000,,5711,10000,"Fail (P=100.0%, SharedHardwareOnly)",fail
tacet,medium,tail,2,ar1-0.3,5,0.4,52,10000,true,1.000000,,5710,10000,"Fail (P=100.0%, SharedHardwareOnly)",fail
tacet,medium,tail,2,ar1-0.3,5,100,46,10000,false,0.000000,,5427,10000,Pass (P=0.0%),pass
tacet,medium,tail,2,ar1-0.3,5,100,48,10000,false,0.000000,,5446,10000,Pass (P=0.0%),pass
tacet,medium,tail,2,ar1-0.3,5,100,41,10000,false,0.000000,,5661,10000,Pass (P=0.0%),pass
tacet,medium,tail,2,ar1-0.3,5,100,47,10000,false,0.000000,,5463,10000,Pass (P=0.0%),pass
tacet,medium,tail,2,ar1-0.3,5,100,38,10000,false,0.000000,,6020,10000,Pass (P=0.0%),pass
tacet,medium,tail,2,ar1-0.3,5,0.4,51,10000,true,1.000000,,6285,10000,"Fail (P=100.0%, SharedHardwareOnly)",fail
tacet,medium,tail,2,ar1-0.3,5,0.4,37,10000,true,1.000000,,6354,10000,"Fail (P=100.0%, SharedHardwareOnly)",fail
tacet,medium,tail,2,ar1-0.3,5,0.4,41,10000,true,1.000000,,6309,10000,"Fail (P=100.0%, SharedHardwareOnly)",fail
tacet,medium,tail,2,ar1-0.3,5,100,39,10000,false,0.000000,,6325,10000,Pass (P=0.0%),pass
tacet,medium,tail,2,ar1-0.3,5,100,30,10000,false,0.000000,,6388,10000,Pass (P=0.0%),pass
tacet,medium,tail,2,ar1-0.6,5,0.4,0,10000,true,1.000000,,6400,10000,"Fail (P=100.0%, SharedHardwareOnly)",fail
tacet,medium,tail,2,ar1-0.3,5,0.4,5,10000,true,1.000000,,6313,10000,"Fail (P=100.0%, SharedHardwareOnly)",fail
tacet,medium,tail,2,ar1-0.8,5,100,42,10000,false,0.000000,,1202,10000,Pass (P=0.0%),pass
tacet,medium,tail,2,ar1-0.8,5,100,17,10000,false,0.000000,,1203,10000,Pass (P=0.0%),pass
tacet,medium,tail,2,ar1-0.6,5,0.4,44,10000,true,1.000000,,1204,10000,"Fail (P=100.0%, SharedHardwareOnly)",fail
tacet,medium,tail,2,ar1-0.6,5,0.4,45,10000,true,1.000000,,1207,10000,"Fail (P=100.0%, SharedHardwareOnly)",fail
tacet,medium,tail,2,ar1-0.8,5,0.4,30,10000,true,1.000000,,1209,10000,"Fail (P=100.0%, SharedHardwareOnly)",fail
tacet,medium,tail,2,ar1-0.6,5,0.4,53,10000,true,1.000000,,1209,10000,"Fail (P=100.0%, SharedHardwareOnly)",fail
tacet,medium,tail,2,ar1-0.8,5,0.4,8,10000,true,1.000000,,1210,10000,"Fail (P=100.0%, SharedHardwareOnly)",fail
tacet,medium,tail,2,ar1-0.6,5,100,52,10000,false,0.000000,,1214,10000,Pass (P=0.0%),pass
tacet,medium,tail,2,ar1-0.8,5,100,26,10000,false,0.000000,,1215,10000,Pass (P=0.0%),pass
tacet,medium,tail,2,ar1-0.6,5,0.4,54,10000,true,1.000000,,1215,10000,"Fail (P=100.0%, SharedHardwareOnly)",fail
tacet,medium,tail,2,ar1-0.8,5,0.4,11,10000,true,1.000000,,1216,10000,"Fail (P=100.0%, SharedHardwareOnly)",fail
tacet,medium,tail,2,ar1-0.8,5,0.4,7,10000,true,1.000000,,1217,10000,"Fail (P=100.0%, SharedHardwareOnly)",fail
tacet,medium,tail,2,ar1-0.8,5,100,6,10000,false,0.000000,,1217,10000,Pass (P=0.0%),pass
tacet,medium,tail,2,ar1-0.8,5,0.4,5,10000,true,1.000000,,1223,10000,"Fail (P=100.0%, SharedHardwareOnly)",fail
tacet,medium,tail,2,ar1-0.6,5,0.4,40,10000,true,1.000000,,1226,10000,"Fail (P=100.0%, SharedHardwareOnly)",fail
tacet,medium,tail,2,ar1-0.6,5,0.4,43,10000,true,1.000000,,1227,10000,"Fail (P=100.0%, SharedHardwareOnly)",fail
tacet,medium,tail,2,ar1-0.6,5,0.4,46,10000,true,1.000000,,1243,10000,"Fail (P=100.0%, SharedHardwareOnly)",fail
tacet,medium,tail,2,ar1-0.8,5,0.4,55,10000,true,1.000000,,1245,10000,"Fail (P=100.0%, SharedHardwareOnly)",fail
tacet,medium,tail,2,ar1-0.6,5,100,58,10000,false,0.000000,,1244,10000,Pass (P=0.0%),pass
tacet,medium,tail,2,ar1-0.6,5,100,44,10000,false,0.000000,,1248,10000,Pass (P=0.0%),pass
tacet,medium,tail,2,ar1-0.6,5,100,43,10000,false,0.000000,,1250,10000,Pass (P=0.0%),pass
tacet,medium,tail,2,ar1-0.8,5,100,20,10000,false,0.000000,,1252,10000,Pass (P=0.0%),pass
tacet,medium,tail,2,ar1-0.6,5,100,55,10000,false,0.000000,,1253,10000,Pass (P=0.0%),pass
tacet,medium,tail,2,ar1-0.8,5,100,23,10000,false,0.000000,,1253,10000,Pass (P=0.0%),pass
tacet,medium,tail,2,ar1-0.8,5,100,5,10000,false,0.000000,,1255,10000,Pass (P=0.0%),pass
tacet,medium,tail,2,ar1-0.6,5,100,40,10000,false,0.000000,,1256,10000,Pass (P=0.0%),pass
tacet,medium,tail,2,ar1-0.8,5,0.4,33,10000,true,0.999500,,1256,10000,"Fail (P=100.0%, SharedHardwareOnly)",fail
tacet,medium,tail,2,ar1-0.6,5,0.4,41,10000,true,1.000000,,1258,10000,"Fail (P=100.0%, SharedHardwareOnly)",fail
tacet,medium,tail,2,ar1-0.8,5,0.4,36,10000,true,1.000000,,1261,10000,"Fail (P=100.0%, SharedHardwareOnly)",fail
tacet,medium,tail,2,ar1-0.6,5,100,45,10000,false,0.000000,,1262,10000,Pass (P=0.0%),pass
tacet,medium,tail,2,ar1-0.6,5,0.4,49,10000,true,1.000000,,1263,10000,"Fail (P=100.0%, SharedHardwareOnly)",fail
tacet,medium,tail,2,ar1-0.6,5,100,41,10000,false,0.000000,,1274,10000,Pass (P=0.0%),pass
tacet,medium,tail,2,ar1-0.8,5,0.4,21,10000,true,1.000000,,982,10000,"Fail (P=100.0%, SharedHardwareOnly)",fail
tacet,medium,tail,2,ar1-0.8,5,0.4,18,10000,true,0.999500,,1206,10000,"Fail (P=100.0%, SharedHardwareOnly)",fail
tacet,medium,tail,2,ar1-0.8,5,0.4,43,10000,true,1.000000,,1213,10000,"Fail (P=100.0%, SharedHardwareOnly)",fail
tacet,medium,tail,2,ar1-0.8,5,100,30,10000,false,0.000000,,1218,10000,Pass (P=0.0%),pass
tacet,medium,tail,2,ar1-0.6,5,100,53,10000,false,0.000000,,1218,10000,Pass (P=0.0%),pass
tacet,medium,tail,2,ar1-0.8,5,100,7,10000,false,0.000000,,1217,10000,Pass (P=0.0%),pass
tacet,medium,tail,2,ar1-0.8,5,100,8,10000,false,0.000000,,1222,10000,Pass (P=0.0%),pass
tacet,medium,tail,2,ar1-0.8,5,0.4,27,10000,true,1.000000,,1219,10000,"Fail (P=100.0%, SharedHardwareOnly)",fail
tacet,medium,tail,2,ar1-0.8,5,0.4,14,10000,true,1.000000,,1220,10000,"Fail (P=100.0%, SharedHardwareOnly)",fail
tacet,medium,tail,2,ar1-0.8,5,100,11,10000,false,0.000000,,1221,10000,Pass (P=0.0%),pass
tacet,medium,tail,2,ar1-0.6,5,100,54,10000,false,0.000000,,1233,10000,Pass (P=0.0%),pass
tacet,medium,tail,2,ar1-0.8,5,0.4,22,10000,true,1.000000,,1231,10000,"Fail (P=100.0%, SharedHardwareOnly)",fail
tacet,medium,tail,2,ar1-0.6,5,0.4,42,10000,true,1.000000,,1224,10000,"Fail (P=100.0%, SharedHardwareOnly)",fail
tacet,medium,tail,2,ar1-0.8,5,100,31,10000,false,0.000000,,1227,10000,Pass (P=0.0%),pass
tacet,medium,tail,2,ar1-0.6,5,0.4,56,10000,true,1.000000,,1221,10000,"Fail (P=100.0%, SharedHardwareOnly)",fail
tacet,medium,tail,2,ar1-0.8,5,0.4,19,10000,true,1.000000,,1231,10000,"Fail (P=100.0%, SharedHardwareOnly)",fail
tacet,medium,tail,2,ar1-0.6,5,0.4,57,10000,true,1.000000,,1236,10000,"Fail (P=100.0%, SharedHardwareOnly)",fail
tacet,medium,tail,2,ar1-0.6,5,100,46,10000,false,0.000000,,1243,10000,Pass (P=0.0%),pass
tacet,medium,tail,2,ar1-0.8,5,0.4,24,10000,true,1.000000,,1240,10000,"Fail (P=100.0%, SharedHardwareOnly)",fail
tacet,medium,tail,2,ar1-0.6,5,0.4,59,10000,true,1.000000,,1250,10000,"Fail (P=100.0%, SharedHardwareOnly)",fail
tacet,medium,tail,2,ar1-0.8,5,0.4,35,10000,true,1.000000,,1245,10000,"Fail (P=100.0%, SharedHardwareOnly)",fail
tacet,medium,tail,2,ar1-0.8,5,100,33,10000,false,0.000000,,1249,10000,Pass (P=0.0%),pass
tacet,medium,tail,2,ar1-0.8,5,100,18,10000,false,0.000000,,1244,10000,Pass (P=0.0%),pass
tacet,medium,tail,2,ar1-0.8,5,100,34,10000,false,0.000000,,1258,10000,Pass (P=0.0%),pass
tacet,medium,tail,2,ar1-0.8,5,100,21,10000,false,0.000000,,1253,10000,Pass (P=0.0%),pass
tacet,medium,tail,2,ar1-0.8,5,100,36,10000,false,0.000000,,1249,10000,Pass (P=0.0%),pass
tacet,medium,tail,2,ar1-0.8,5,100,55,10000,false,0.000000,,1266,10000,Pass (P=0.0%),pass
tacet,medium,tail,2,ar1-0.8,5,0.4,6,10000,true,0.999750,,1256,10000,"Fail (P=100.0%, SharedHardwareOnly)",fail
tacet,medium,tail,2,ar1-0.6,5,0.4,55,10000,true,1.000000,,1257,10000,"Fail (P=100.0%, SharedHardwareOnly)",fail
tacet,medium,tail,2,ar1-0.6,5,100,49,10000,false,0.000000,,1258,10000,Pass (P=0.0%),pass
tacet,medium,tail,2,ar1-0.8,5,100,19,10000,false,0.000000,,1267,10000,Pass (P=0.0%),pass
tacet,medium,tail,4,iid,5,100,7,10000,false,0.000000,,1086,10000,Pass (P=0.0%),pass
tacet,medium,tail,2,ar1-0.8,5,0.4,32,10000,true,1.000000,,1259,10000,"Fail (P=100.0%, SharedHardwareOnly)",fail
tacet,medium,tail,2,ar1-0.8,5,100,43,10000,false,0.000000,,1219,10000,Pass (P=0.0%),pass
tacet,medium,tail,2,ar1-0.6,5,0.4,48,10000,true,1.000000,,1213,10000,"Fail (P=100.0%, SharedHardwareOnly)",fail
tacet,medium,tail,2,ar1-0.8,5,100,48,10000,false,0.000000,,1220,10000,Pass (P=0.0%),pass
tacet,medium,tail,2,ar1-0.8,5,0.4,31,10000,true,1.000000,,1222,10000,"Fail (P=100.0%, SharedHardwareOnly)",fail
tacet,medium,tail,2,ar1-0.8,5,100,35,10000,false,0.000000,,1211,10000,Pass (P=0.0%),pass
tacet,medium,tail,2,ar1-0.8,5,100,22,10000,false,0.000000,,1215,10000,Pass (P=0.0%),pass
tacet,medium,tail,2,ar1-0.8,5,0.4,9,10000,true,1.000000,,1221,10000,"Fail (P=100.0%, SharedHardwareOnly)",fail
tacet,medium,tail,2,ar1-0.8,5,100,14,10000,false,0.000000,,1224,10000,Pass (P=0.0%),pass
tacet,medium,tail,2,ar1-0.8,5,0.4,12,10000,true,1.000000,,1229,10000,"Fail (P=100.0%, SharedHardwareOnly)",fail
tacet,medium,tail,2,ar1-0.8,5,100,27,10000,false,0.000000,,1233,10000,Pass (P=0.0%),pass
tacet,medium,tail,2,ar1-0.8,5,100,15,10000,false,0.000000,,1229,10000,Pass (P=0.0%),pass
tacet,medium,tail,2,ar1-0.6,5,100,56,10000,false,0.000000,,1233,10000,Pass (P=0.0%),pass
tacet,medium,tail,2,ar1-0.6,5,100,57,10000,false,0.000000,,1232,10000,Pass (P=0.0%),pass
tacet,medium,tail,2,ar1-0.8,5,100,9,10000,false,0.000000,,1240,10000,Pass (P=0.0%),pass
tacet,medium,tail,2,ar1-0.6,5,0.4,47,10000,true,1.000000,,1249,10000,"Fail (P=100.0%, SharedHardwareOnly)",fail
tacet,medium,tail,4,iid,5,0.4,8,10000,true,1.000000,,1096,10000,"Fail (P=100.0%, SharedHardwareOnly)",fail
tacet,medium,tail,2,ar1-0.8,5,100,24,10000,false,0.000000,,1246,10000,Pass (P=0.0%),pass
tacet,medium,tail,4,iid,5,0.4,1,10000,true,1.000000,,1054,10000,"Fail (P=100.0%, SharedHardwareOnly)",fail
tacet,medium,tail,2,ar1-0.6,5,100,59,10000,false,0.000000,,1259,10000,Pass (P=0.0%),pass
tacet,medium,tail,2,ar1-0.8,5,0.4,34,10000,true,1.000000,,1258,10000,"Fail (P=100.0%, SharedHardwareOnly)",fail
tacet,medium,tail,2,ar1-0.8,5,0.4,10,10000,true,1.000000,,1256,10000,"Fail (P=100.0%, SharedHardwareOnly)",fail
tacet,medium,tail,2,ar1-0.8,5,100,10,10000,false,0.000000,,1251,10000,Pass (P=0.0%),pass
tacet,medium,tail,2,ar1-0.8,5,100,32,10000,false,0.000000,,1255,10000,Pass (P=0.0%),pass
tacet,medium,tail,2,ar1-0.8,5,0.4,37,10000,true,0.999250,,1262,10000,"Fail (P=99.9%, SharedHardwareOnly)",fail
tacet,medium,tail,2,ar1-0.8,5,100,51,10000,false,0.000000,,1265,10000,Pass (P=0.0%),pass
tacet,medium,tail,2,ar1-0.8,5,0.4,56,10000,true,0.999500,,1265,10000,"Fail (P=100.0%, SharedHardwareOnly)",fail
tacet,medium,tail,2,ar1-0.8,5,0.4,20,10000,true,1.000000,,1259,10000,"Fail (P=100.0%, SharedHardwareOnly)",fail
tacet,medium,tail,2,ar1-0.6,5,0.4,50,10000,true,1.000000,,1271,10000,"Fail (P=100.0%, SharedHardwareOnly)",fail
tacet,medium,tail,2,ar1-0.8,5,0.4,28,10000,true,1.000000,,1221,10000,"Fail (P=100.0%, SharedHardwareOnly)",fail
tacet,medium,tail,2,ar1-0.8,5,0.4,39,10000,true,1.000000,,1247,10000,"Fail (P=100.0%, SharedHardwareOnly)",fail
tacet,medium,tail,2,ar1-0.6,5,100,48,10000,false,0.000000,,1254,10000,Pass (P=0.0%),pass
tacet,medium,tail,4,iid,5,100,13,10000,false,0.000000,,1053,10000,Pass (P=0.0%),pass
tacet,medium,tail,2,ar1-0.8,5,0.4,29,10000,true,1.000000,,1255,10000,"Fail (P=100.0%, SharedHardwareOnly)",fail
tacet,medium,tail,4,iid,5,100,1,10000,false,0.000000,,1061,10000,Pass (P=0.0%),pass
tacet,medium,tail,4,iid,5,100,8,10000,false,0.000000,,1109,10000,Pass (P=0.0%),pass
tacet,medium,tail,2,ar1-0.8,5,100,45,10000,false,0.000000,,1211,10000,Pass (P=0.0%),pass
tacet,medium,tail,2,ar1-0.8,5,0.4,23,10000,true,1.000000,,1219,10000,"Fail (P=100.0%, SharedHardwareOnly)",fail
tacet,medium,tail,2,ar1-0.8,5,0.4,49,10000,true,0.999750,,1227,10000,"Fail (P=100.0%, SharedHardwareOnly)",fail
tacet,medium,tail,2,ar1-0.8,5,100,16,10000,false,0.000000,,1213,10000,Pass (P=0.0%),pass
tacet,medium,tail,2,ar1-0.8,5,0.4,15,10000,true,0.998000,,1221,10000,"Fail (P=99.8%, SharedHardwareOnly)",fail
tacet,medium,tail,2,ar1-0.8,5,100,1,10000,false,0.000000,,1232,10000,Pass (P=0.0%),pass
tacet,medium,tail,2,ar1-0.8,5,0.4,16,10000,true,1.000000,,1226,10000,"Fail (P=100.0%, SharedHardwareOnly)",fail
tacet,medium,tail,2,ar1-0.8,5,0.4,44,10000,true,1.000000,,1269,10000,"Fail (P=100.0%, SharedHardwareOnly)",fail
tacet,medium,tail,2,ar1-0.8,5,100,40,10000,false,0.000000,,1222,10000,Pass (P=0.0%),pass
tacet,medium,tail,2,ar1-0.8,5,0.4,45,10000,true,0.999750,,1246,10000,"Fail (P=100.0%, SharedHardwareOnly)",fail
tacet,medium,tail,2,ar1-0.8,5,0.4,25,10000,true,1.000000,,1243,10000,"Fail (P=100.0%, SharedHardwareOnly)",fail
tacet,medium,tail,2,ar1-0.8,5,100,41,10000,false,0.000000,,1258,10000,Pass (P=0.0%),pass
tacet,medium,tail,2,ar1-0.8,5,0.4,0,10000,true,1.000000,,1258,10000,"Fail (P=100.0%, SharedHardwareOnly)",fail
tacet,medium,tail,2,ar1-0.8,5,100,39,10000,false,0.000000,,1258,10000,Pass (P=0.0%),pass
tacet,medium,tail,2,ar1-0.8,5,100,56,10000,false,0.000000,,1255,10000,Pass (P=0.0%),pass
tacet,medium,tail,2,ar1-0.8,5,100,28,10000,false,0.000000,,1265,10000,Pass (P=0.0%),pass
tacet,medium,tail,2,ar1-0.8,5,100,37,10000,false,0.000000,,1264,10000,Pass (P=0.0%),pass
tacet,medium,tail,2,ar1-0.8,5,0.4,52,10000,true,0.999000,,1267,10000,"Fail (P=99.9%, SharedHardwareOnly)",fail
tacet,medium,tail,2,ar1-0.8,5,100,0,10000,false,0.000000,,1266,10000,Pass (P=0.0%),pass
tacet,medium,tail,2,ar1-0.6,5,100,50,10000,false,0.000000,,1271,10000,Pass (P=0.0%),pass
tacet,medium,tail,2,ar1-0.8,5,0.4,13,10000,true,1.000000,,1219,10000,"Fail (P=100.0%, SharedHardwareOnly)",fail
tacet,medium,tail,4,iid,5,100,10,10000,false,0.000000,,1086,10000,Pass (P=0.0%),pass
tacet,medium,tail,2,ar1-0.8,5,0.4,41,10000,true,0.999250,,1253,10000,"Fail (P=99.9%, SharedHardwareOnly)",fail
tacet,medium,tail,2,ar1-0.8,5,0.4,50,10000,true,1.000000,,1256,10000,"Fail (P=100.0%, SharedHardwareOnly)",fail
tacet,medium,tail,2,ar1-0.8,5,0.4,3,10000,true,0.999000,,1215,10000,"Fail (P=99.9%, SharedHardwareOnly)",fail
tacet,medium,tail,2,ar1-0.8,5,0.4,40,10000,true,1.000000,,1226,10000,"Fail (P=100.0%, SharedHardwareOnly)",fail
tacet,medium,tail,2,ar1-0.8,5,0.4,47,10000,true,0.999250,,1228,10000,"Fail (P=99.9%, SharedHardwareOnly)",fail
tacet,medium,tail,2,ar1-0.8,5,0.4,46,10000,true,1.000000,,1247,10000,"Fail (P=100.0%, SharedHardwareOnly)",fail
tacet,medium,tail,4,iid,5,0.4,14,10000,true,1.000000,,1050,10000,"Fail (P=100.0%, SharedHardwareOnly)",fail
tacet,medium,tail,4,iid,5,0.4,2,10000,true,1.000000,,1065,10000,"Fail (P=100.0%, SharedHardwareOnly)",fail
tacet,medium,tail,4,iid,5,100,16,10000,false,0.000000,,1053,10000,Pass (P=0.0%),pass
tacet,medium,tail,4,iid,5,0.4,12,10000,true,1.000000,,1057,10000,"Fail (P=100.0%, SharedHardwareOnly)",fail
tacet,medium,tail,4,iid,5,0.4,9,10000,true,1.000000,,1119,10000,"Fail (P=100.0%, SharedHardwareOnly)",fail
tacet,medium,tail,2,ar1-0.8,5,0.4,38,10000,true,1.000000,,1207,10000,"Fail (P=100.0%, SharedHardwareOnly)",fail
tacet,medium,tail,2,ar1-0.8,5,100,49,10000,false,0.000000,,1221,10000,Pass (P=0.0%),pass
tacet,medium,tail,2,ar1-0.8,5,0.4,4,10000,true,1.000000,,1229,10000,"Fail (P=100.0%, SharedHardwareOnly)",fail
tacet,medium,tail,4,iid,5,0.4,10,10000,true,1.000000,,1055,10000,"Fail (P=100.0%, SharedHardwareOnly)",fail
tacet,medium,tail,2,ar1-0.8,5,100,3,10000,false,0.000000,,1222,10000,Pass (P=0.0%),pass
tacet,medium,tail,2,ar1-0.8,5,100,25,10000,false,0.000000,,1253,10000,Pass (P=0.0%),pass
tacet,medium,tail,2,ar1-0.8,5,0.4,42,10000,true,0.999500,,1249,10000,"Fail (P=100.0%, SharedHardwareOnly)",fail
tacet,medium,tail,2,ar1-0.8,5,0.4,57,10000,true,1.000000,,1260,10000,"Fail (P=100.0%, SharedHardwareOnly)",fail
tacet,medium,tail,2,ar1-0.8,5,100,50,10000,false,0.000000,,1264,10000,Pass (P=0.0%),pass
tacet,medium,tail,2,ar1-0.8,5,100,46,10000,false,0.000000,,1262,10000,Pass (P=0.0%),pass
tacet,medium,tail,2,ar1-0.6,5,100,51,10000,false,0.000000,,1258,10000,Pass (P=0.0%),pass
tacet,medium,tail,4,iid,5,0.4,11,10000,true,1.000000,,1089,10000,"Fail (P=100.0%, SharedHardwareOnly)",fail
tacet,medium,tail,4,iid,5,0.4,15,10000,true,1.000000,,1089,10000,"Fail (P=100.0%, SharedHardwareOnly)",fail
tacet,medium,tail,2,ar1-0.8,5,0.4,58,10000,true,1.000000,,1224,10000,"Fail (P=100.0%, SharedHardwareOnly)",fail
tacet,medium,tail,4,iid,5,100,11,10000,false,0.000000,,1098,10000,Pass (P=0.0%),pass
tacet,medium,tail,2,ar1-0.8,5,0.4,53,10000,true,0.999250,,1219,10000,"Fail (P=99.9%, SharedHardwareOnly)",fail
tacet,medium,tail,4,iid,5,0.4,4,10000,true,1.000000,,1109,10000,"Fail (P=100.0%, SharedHardwareOnly)",fail
tacet,medium,tail,2,ar1-0.8,5,0.4,54,10000,true,1.000000,,1259,10000,"Fail (P=100.0%, SharedHardwareOnly)",fail
tacet,medium,tail,4,iid,5,0.4,18,10000,true,1.000000,,1065,10000,"Fail (P=100.0%, SharedHardwareOnly)",fail
tacet,medium,tail,2,ar1-0.8,5,100,4,10000,false,0.000000,,1228,10000,Pass (P=0.0%),pass
tacet,medium,tail,2,ar1-0.6,5,0.4,52,10000,true,1.000000,,1258,10000,"Fail (P=100.0%, SharedHardwareOnly)",fail
tacet,medium,tail,2,ar1-0.8,5,100,47,10000,false,0.000000,,1221,10000,Pass (P=0.0%),pass
tacet,medium,tail,4,iid,5,0.4,17,10000,true,1.000000,,1094,10000,"Fail (P=100.0%, SharedHardwareOnly)",fail
tacet,medium,tail,2,ar1-0.8,5,0.4,51,10000,true,0.999750,,1253,10000,"Fail (P=100.0%, SharedHardwareOnly)",fail
tacet,medium,tail,4,iid,5,100,2,10000,false,0.000000,,993,10000,Pass (P=0.0%),pass
tacet,medium,tail,2,ar1-0.8,5,100,38,10000,false,0.000000,,1131,10000,Pass (P=0.0%),pass
tacet,medium,tail,4,iid,5,0.4,3,10000,true,1.000000,,897,10000,"Fail (P=100.0%, SharedHardwareOnly)",fail
tacet,medium,tail,4,iid,5,100,17,10000,false,0.000000,,793,10000,Pass (P=0.0%),pass
tacet,medium,tail,4,iid,5,100,3,10000,false,0.000000,,672,10000,Pass (P=0.0%),pass
tacet,medium,tail,4,iid,5,0.4,0,10000,true,1.000000,,945,10000,"Fail (P=100.0%, SharedHardwareOnly)",fail
tacet,medium,tail,4,iid,5,0.4,16,10000,true,1.000000,,630,10000,"Fail (P=100.0%, SharedHardwareOnly)",fail
tacet,medium,tail,4,iid,5,100,19,10000,false,0.000000,,433,10000,Pass (P=0.0%),pass
tacet,medium,tail,4,iid,5,0.4,19,10000,true,1.000000,,451,10000,"Fail (P=100.0%, SharedHardwareOnly)",fail
tacet,medium,tail,4,iid,5,100,15,10000,false,0.000000,,791,10000,Pass (P=0.0%),pass
tacet,medium,tail,4,iid,5,0.4,7,10000,true,1.000000,,719,10000,"Fail (P=100.0%, SharedHardwareOnly)",fail
tacet,medium,tail,4,iid,5,100,0,10000,false,0.000000,,748,10000,Pass (P=0.0%),pass
tacet,medium,tail,2,ar1-0.8,5,100,52,10000,false,0.000000,,2113,10000,Pass (P=0.0%),pass
tacet,medium,tail,2,ar1-0.8,5,100,59,10000,false,0.000000,,1241,10000,Pass (P=0.0%),pass
tacet,medium,tail,4,iid,5,100,18,10000,false,0.000000,,542,10000,Pass (P=0.0%),pass
tacet,medium,tail,2,ar1-0.8,5,100,54,10000,false,0.000000,,796,10000,Pass (P=0.0%),pass
tacet,medium,tail,2,ar1-0.8,5,0.4,59,10000,true,0.999000,,1038,10000,"Fail (P=99.9%, SharedHardwareOnly)",fail
tacet,medium,tail,2,ar1-0.8,5,100,53,10000,false,0.000000,,1811,10000,Pass (P=0.0%),pass
tacet,medium,tail,4,iid,5,0.4,5,10000,true,1.000000,,1056,10000,"Fail (P=100.0%, SharedHardwareOnly)",fail
tacet,medium,tail,4,iid,5,0.4,6,10000,true,1.000000,,1019,10000,"Fail (P=100.0%, SharedHardwareOnly)",fail
tacet,medium,tail,4,iid,5,100,4,10000,false,0.000000,,1120,10000,Pass (P=0.0%),pass
tacet,medium,tail,4,iid,5,100,5,10000,false,0.000000,,1292,10000,Pass (P=0.0%),pass
tacet,medium,tail,4,iid,5,100,6,10000,false,0.000000,,1204,10000,Pass (P=0.0%),pass
tacet,medium,tail,2,ar1-0.8,5,0.4,26,10000,true,1.000000,,1292,10000,"Fail (P=100.0%, SharedHardwareOnly)",fail
tacet,medium,tail,2,ar1-0.6,5,0.4,51,10000,true,1.000000,,2416,10000,"Fail (P=100.0%, SharedHardwareOnly)",fail
tacet,medium,tail,2,ar1-0.8,5,100,29,10000,false,0.000000,,2733,10000,Pass (P=0.0%),pass
tacet,medium,tail,2,ar1-0.8,5,100,58,10000,false,0.000000,,1364,10000,Pass (P=0.0%),pass
tacet,medium,tail,4,iid,5,100,9,10000,false,0.000000,,2449,10000,Pass (P=0.0%),pass
tacet,medium,tail,2,ar1-0.8,5,0.4,17,10000,true,1.000000,,3538,10000,"Fail (P=100.0%, SharedHardwareOnly)",fail
tacet,medium,tail,2,ar1-0.8,5,0.4,2,10000,true,0.999250,,2777,10000,"Fail (P=99.9%, SharedHardwareOnly)",fail
tacet,medium,tail,4,iid,5,100,12,10000,false,0.000000,,1752,10000,Pass (P=0.0%),pass
tacet,medium,tail,4,iid,5,0.4,13,10000,true,1.000000,,1633,10000,"Fail (P=100.0%, SharedHardwareOnly)",fail
tacet,medium,tail,2,ar1-0.8,5,0.4,48,10000,true,0.999250,,1826,10000,"Fail (P=99.9%, SharedHardwareOnly)",fail
tacet,medium,tail,2,ar1-0.8,5,100,57,10000,false,0.000000,,2236,10000,Pass (P=0.0%),pass
tacet,medium,tail,2,ar1-0.6,5,100,47,10000,false,0.000000,,5415,10000,Pass (P=0.0%),pass
tacet,medium,tail,2,ar1-0.8,5,100,2,10000,false,0.000000,,2811,10000,Pass (P=0.0%),pass
tacet,medium,tail,2,ar1-0.8,5,100,13,10000,false,0.000000,,3013,10000,Pass (P=0.0%),pass
tacet,medium,tail,2,ar1-0.8,5,100,44,10000,false,0.000000,,4192,10000,Pass (P=0.0%),pass
tacet,medium,tail,4,iid,5,100,14,10000,false,0.000000,,2295,10000,Pass (P=0.0%),pass
tacet,medium,tail,2,ar1-0.8,5,100,12,10000,false,0.000000,,4504,10000,Pass (P=0.0%),pass
tacet,medium,tail,2,ar1-0.8,5,0.4,1,10000,true,1.000000,,4216,10000,"Fail (P=100.0%, SharedHardwareOnly)",fail
tacet,medium,tail,2,ar1-0.6,5,0.4,58,10000,true,1.000000,,4609,10000,"Fail (P=100.0%, SharedHardwareOnly)",fail
tacet,medium,tail,2,ar1-0.6,5,100,42,10000,false,0.000000,,6084,10000,Pass (P=0.0%),pass
tacet,medium,tail,4,iid,5,0.4,26,10000,true,1.000000,,1037,10000,"Fail (P=100.0%, SharedHardwareOnly)",fail
tacet,medium,tail,4,iid,5,100,35,10000,false,0.000000,,1040,10000,Pass (P=0.0%),pass
tacet,medium,tail,4,iid,5,100,32,10000,false,0.000000,,1049,10000,Pass (P=0.0%),pass
tacet,medium,tail,4,iid,5,0.4,40,10000,true,1.000000,,1050,10000,"Fail (P=100.0%, SharedHardwareOnly)",fail
tacet,medium,tail,4,iid,5,0.4,20,10000,true,1.000000,,1054,10000,"Fail (P=100.0%, SharedHardwareOnly)",fail
tacet,medium,tail,4,iid,5,0.4,47,10000,true,1.000000,,1057,10000,"Fail (P=100.0%, SharedHardwareOnly)",fail
tacet,medium,tail,4,iid,5,100,46,10000,false,0.000000,,1058,10000,Pass (P=0.0%),pass
tacet,medium,tail,4,iid,5,0.4,34,10000,true,1.000000,,1064,10000,"Fail (P=100.0%, SharedHardwareOnly)",fail
tacet,medium,tail,4,iid,5,100,47,10000,false,0.000000,,1066,10000,Pass (P=0.0%),pass
tacet,medium,tail,4,iid,5,0.4,33,10000,true,1.000000,,1067,10000,"Fail (P=100.0%, SharedHardwareOnly)",fail
tacet,medium,tail,4,iid,5,0.4,45,10000,true,1.000000,,1071,10000,"Fail (P=100.0%, SharedHardwareOnly)",fail
tacet,medium,tail,4,iid,5,0.4,23,10000,true,1.000000,,1077,10000,"Fail (P=100.0%, SharedHardwareOnly)",fail
tacet,medium,tail,4,iid,5,100,23,10000,false,0.000000,,1078,10000,Pass (P=0.0%),pass
tacet,medium,tail,4,iid,5,100,57,10000,false,0.000000,,1079,10000,Pass (P=0.0%),pass
tacet,medium,tail,4,iid,5,100,41,10000,false,0.000000,,1082,10000,Pass (P=0.0%),pass
tacet,medium,tail,4,iid,5,0.4,51,10000,true,1.000000,,1083,10000,"Fail (P=100.0%, SharedHardwareOnly)",fail
tacet,medium,tail,4,iid,5,0.4,39,10000,true,1.000000,,1083,10000,"Fail (P=100.0%, SharedHardwareOnly)",fail
tacet,medium,tail,4,iid,5,100,24,10000,false,0.000000,,1094,10000,Pass (P=0.0%),pass
tacet,medium,tail,4,iid,5,0.4,48,10000,true,1.000000,,1095,10000,"Fail (P=100.0%, SharedHardwareOnly)",fail
tacet,medium,tail,4,iid,5,100,38,10000,false,0.000000,,1096,10000,Pass (P=0.0%),pass
tacet,medium,tail,4,ar1-0.3,5,100,20,10000,false,0.000000,,1211,10000,Pass (P=0.0%),pass
tacet,medium,tail,4,ar1-0.3,5,0.4,35,10000,true,1.000000,,1213,10000,"Fail (P=100.0%, SharedHardwareOnly)",fail
tacet,medium,tail,4,ar1-0.3,5,100,25,10000,false,0.000000,,1220,10000,Pass (P=0.0%),pass
tacet,medium,tail,4,ar1-0.3,5,0.4,10,10000,true,1.000000,,1230,10000,"Fail (P=100.0%, SharedHardwareOnly)",fail
tacet,medium,tail,4,ar1-0.3,5,100,22,10000,false,0.000000,,1230,10000,Pass (P=0.0%),pass
tacet,medium,tail,4,ar1-0.3,5,100,28,10000,false,0.000000,,1235,10000,Pass (P=0.0%),pass
tacet,medium,tail,4,ar1-0.3,5,100,19,10000,false,0.000000,,1238,10000,Pass (P=0.0%),pass
tacet,medium,tail,4,ar1-0.3,5,100,3,10000,false,0.000000,,1247,10000,Pass (P=0.0%),pass
tacet,medium,tail,4,ar1-0.3,5,100,0,10000,false,0.000000,,1257,10000,Pass (P=0.0%),pass
tacet,medium,tail,4,ar1-0.3,5,0.4,16,10000,true,1.000000,,1257,10000,"Fail (P=100.0%, SharedHardwareOnly)",fail
tacet,medium,tail,4,ar1-0.3,5,100,17,10000,false,0.000000,,1260,10000,Pass (P=0.0%),pass
tacet,medium,tail,4,ar1-0.3,5,0.4,19,10000,true,1.000000,,1292,10000,"Fail (P=100.0%, SharedHardwareOnly)",fail
tacet,medium,tail,4,iid,5,100,26,10000,false,0.000000,,1047,10000,Pass (P=0.0%),pass
tacet,medium,tail,4,iid,5,0.4,36,10000,true,1.000000,,1051,10000,"Fail (P=100.0%, SharedHardwareOnly)",fail
tacet,medium,tail,4,iid,5,100,40,10000,false,0.000000,,1058,10000,Pass (P=0.0%),pass
tacet,medium,tail,4,iid,5,100,20,10000,false,0.000000,,1062,10000,Pass (P=0.0%),pass
tacet,medium,tail,4,iid,5,0.4,29,10000,true,1.000000,,1074,10000,"Fail (P=100.0%, SharedHardwareOnly)",fail
tacet,medium,tail,4,iid,5,100,27,10000,false,0.000000,,1067,10000,Pass (P=0.0%),pass
tacet,medium,tail,4,iid,5,100,34,10000,false,0.000000,,1075,10000,Pass (P=0.0%),pass
tacet,medium,tail,4,iid,5,100,33,10000,false,0.000000,,1075,10000,Pass (P=0.0%),pass
tacet,medium,tail,4,iid,5,100,45,10000,false,0.000000,,1080,10000,Pass (P=0.0%),pass
tacet,medium,tail,4,iid,5,0.4,42,10000,true,1.000000,,1078,10000,"Fail (P=100.0%, SharedHardwareOnly)",fail
tacet,medium,tail,4,iid,5,0.4,25,10000,true,1.000000,,1085,10000,"Fail (P=100.0%, SharedHardwareOnly)",fail
tacet,medium,tail,4,iid,5,0.4,24,10000,true,1.000000,,1085,10000,"Fail (P=100.0%, SharedHardwareOnly)",fail
tacet,medium,tail,4,iid,5,100,51,10000,false,0.000000,,1082,10000,Pass (P=0.0%),pass
tacet,medium,tail,4,iid,5,0.4,58,10000,true,1.000000,,1086,10000,"Fail (P=100.0%, SharedHardwareOnly)",fail
tacet,medium,tail,4,iid,5,100,48,10000,false,0.000000,,1085,10000,Pass (P=0.0%),pass
tacet,medium,tail,4,ar1-0.3,5,0.4,24,10000,true,1.000000,,1225,10000,"Fail (P=100.0%, SharedHardwareOnly)",fail
tacet,medium,tail,4,iid,5,0.4,35,10000,true,1.000000,,1047,10000,"Fail (P=100.0%, SharedHardwareOnly)",fail
tacet,medium,tail,4,ar1-0.3,5,100,31,10000,false,0.000000,,1265,10000,Pass (P=0.0%),pass
tacet,medium,tail,4,ar1-0.3,5,0.4,18,10000,true,1.000000,,1270,10000,"Fail (P=100.0%, SharedHardwareOnly)",fail
tacet,medium,tail,4,iid,5,0.4,54,10000,true,1.000000,,1083,10000,"Fail (P=100.0%, SharedHardwareOnly)",fail
tacet,medium,tail,4,ar1-0.3,5,0.4,21,10000,true,1.000000,,1225,10000,"Fail (P=100.0%, SharedHardwareOnly)",fail
tacet,medium,tail,4,ar1-0.3,5,100,35,10000,false,0.000000,,1230,10000,Pass (P=0.0%),pass
tacet,medium,tail,4,ar1-0.3,5,0.4,26,10000,true,1.000000,,1235,10000,"Fail (P=100.0%, SharedHardwareOnly)",fail
tacet,medium,tail,4,ar1-0.3,5,100,10,10000,false,0.000000,,1246,10000,Pass (P=0.0%),pass
tacet,medium,tail,4,ar1-0.3,5,0.4,29,10000,true,1.000000,,1242,10000,"Fail (P=100.0%, SharedHardwareOnly)",fail
tacet,medium,tail,4,ar1-0.3,5,0.4,23,10000,true,1.000000,,1251,10000,"Fail (P=100.0%, SharedHardwareOnly)",fail
tacet,medium,tail,4,ar1-0.3,5,0.4,20,10000,true,1.000000,,1246,10000,"Fail (P=100.0%, SharedHardwareOnly)",fail
tacet,medium,tail,4,ar1-0.3,5,0.4,4,10000,true,1.000000,,1259,10000,"Fail (P=100.0%, SharedHardwareOnly)",fail
tacet,medium,tail,4,ar1-0.3,5,0.4,1,10000,true,1.000000,,1258,10000,"Fail (P=100.0%, SharedHardwareOnly)",fail
tacet,medium,tail,4,ar1-0.3,5,100,16,10000,false,0.000000,,1261,10000,Pass (P=0.0%),pass
tacet,medium,tail,4,ar1-0.3,5,100,6,10000,false,0.000000,,1269,10000,Pass (P=0.0%),pass
tacet,medium,tail,4,ar1-0.3,5,100,47,10000,false,0.000000,,1303,10000,Pass (P=0.0%),pass
tacet,medium,tail,4,iid,5,100,39,10000,false,0.000000,,1859,10000,Pass (P=0.0%),pass
tacet,medium,tail,4,iid,5,0.4,27,10000,true,1.000000,,1053,10000,"Fail (P=100.0%, SharedHardwareOnly)",fail
tacet,medium,tail,4,iid,5,100,36,10000,false,0.000000,,1056,10000,Pass (P=0.0%),pass
tacet,medium,tail,4,iid,5,100,29,10000,false,0.000000,,1060,10000,Pass (P=0.0%),pass
tacet,medium,tail,4,iid,5,100,42,10000,false,0.000000,,1082,10000,Pass (P=0.0%),pass
tacet,medium,tail,4,iid,5,100,58,10000,false,0.000000,,1089,10000,Pass (P=0.0%),pass
tacet,medium,tail,4,iid,5,0.4,52,10000,true,1.000000,,1098,10000,"Fail (P=100.0%, SharedHardwareOnly)",fail
tacet,medium,tail,4,iid,5,0.4,49,10000,true,1.000000,,1085,10000,"Fail (P=100.0%, SharedHardwareOnly)",fail
tacet,medium,tail,4,ar1-0.3,5,100,24,10000,false,0.000000,,1238,10000,Pass (P=0.0%),pass
tacet,medium,tail,4,ar1-0.3,5,0.4,17,10000,true,1.000000,,1258,10000,"Fail (P=100.0%, SharedHardwareOnly)",fail
tacet,medium,tail,4,ar1-0.3,5,100,21,10000,false,0.000000,,1267,10000,Pass (P=0.0%),pass
tacet,medium,tail,4,iid,5,100,54,10000,false,0.000000,,1099,10000,Pass (P=0.0%),pass
tacet,medium,tail,4,ar1-0.3,5,0.4,32,10000,true,1.000000,,1271,10000,"Fail (P=100.0%, SharedHardwareOnly)",fail
tacet,medium,tail,4,iid,5,100,55,10000,false,0.000000,,1059,10000,Pass (P=0.0%),pass
tacet,medium,tail,4,ar1-0.3,5,100,18,10000,false,0.000000,,1279,10000,Pass (P=0.0%),pass
tacet,medium,tail,4,iid,5,100,21,10000,false,0.000000,,1091,10000,Pass (P=0.0%),pass
tacet,medium,tail,4,ar1-0.3,5,0.4,36,10000,true,1.000000,,1244,10000,"Fail (P=100.0%, SharedHardwareOnly)",fail
tacet,medium,tail,4,ar1-0.3,5,100,26,10000,false,0.000000,,1238,10000,Pass (P=0.0%),pass
tacet,medium,tail,4,ar1-0.3,5,100,29,10000,false,0.000000,,1231,10000,Pass (P=0.0%),pass
tacet,medium,tail,4,ar1-0.3,5,0.4,11,10000,true,1.000000,,1238,10000,"Fail (P=100.0%, SharedHardwareOnly)",fail
tacet,medium,tail,4,ar1-0.3,5,0.4,27,10000,true,1.000000,,1244,10000,"Fail (P=100.0%, SharedHardwareOnly)",fail
tacet,medium,tail,4,ar1-0.3,5,100,4,10000,false,0.000000,,1263,10000,Pass (P=0.0%),pass
tacet,medium,tail,4,ar1-0.3,5,100,1,10000,false,0.000000,,1261,10000,Pass (P=0.0%),pass
tacet,medium,tail,4,ar1-0.3,5,0.4,7,10000,true,1.000000,,1266,10000,"Fail (P=100.0%, SharedHardwareOnly)",fail
tacet,medium,tail,4,ar1-0.3,5,0.4,8,10000,true,1.000000,,1241,10000,"Fail (P=100.0%, SharedHardwareOnly)",fail
tacet,medium,tail,4,ar1-0.3,5,0.4,34,10000,true,1.000000,,1238,10000,"Fail (P=100.0%, SharedHardwareOnly)",fail
tacet,medium,tail,4,ar1-0.3,5,0.4,33,10000,true,1.000000,,1283,10000,"Fail (P=100.0%, SharedHardwareOnly)",fail
tacet,medium,tail,4,ar1-0.3,5,0.4,9,10000,true,1.000000,,1232,10000,"Fail (P=100.0%, SharedHardwareOnly)",fail
tacet,medium,tail,4,ar1-0.3,5,0.4,48,10000,true,1.000000,,1284,10000,"Fail (P=100.0%, SharedHardwareOnly)",fail
tacet,medium,tail,4,ar1-0.3,5,100,33,10000,false,0.000000,,1271,10000,Pass (P=0.0%),pass
tacet,medium,tail,4,ar1-0.3,5,100,53,10000,false,0.000000,,1224,10000,Pass (P=0.0%),pass
tacet,medium,tail,4,ar1-0.3,5,100,32,10000,false,0.000000,,1231,10000,Pass (P=0.0%),pass
tacet,medium,tail,4,iid,5,0.4,55,10000,true,1.000000,,1048,10000,"Fail (P=100.0%, SharedHardwareOnly)",fail
tacet,medium,tail,4,iid,5,0.4,37,10000,true,1.000000,,1057,10000,"Fail (P=100.0%, SharedHardwareOnly)",fail
tacet,medium,tail,4,iid,5,0.4,30,10000,true,1.000000,,1056,10000,"Fail (P=100.0%, SharedHardwareOnly)",fail
tacet,medium,tail,4,ar1-0.3,5,0.4,30,10000,true,1.000000,,1239,10000,"Fail (P=100.0%, SharedHardwareOnly)",fail
tacet,medium,tail,4,iid,5,0.4,43,10000,true,1.000000,,1076,10000,"Fail (P=100.0%, SharedHardwareOnly)",fail
tacet,medium,tail,4,iid,5,0.4,59,10000,true,1.000000,,1086,10000,"Fail (P=100.0%, SharedHardwareOnly)",fail
tacet,medium,tail,4,iid,5,100,52,10000,false,0.000000,,1088,10000,Pass (P=0.0%),pass
tacet,medium,tail,4,iid,5,100,49,10000,false,0.000000,,1089,10000,Pass (P=0.0%),pass
tacet,medium,tail,4,iid,5,100,59,10000,false,0.000000,,1084,10000,Pass (P=0.0%),pass
tacet,medium,tail,4,ar1-0.3,5,0.4,25,10000,true,1.000000,,1234,10000,"Fail (P=100.0%, SharedHardwareOnly)",fail
tacet,medium,tail,4,ar1-0.3,5,0.4,13,10000,true,1.000000,,1282,10000,"Fail (P=100.0%, SharedHardwareOnly)",fail
tacet,medium,tail,4,iid,5,0.4,56,10000,true,1.000000,,1059,10000,"Fail (P=100.0%, SharedHardwareOnly)",fail
tacet,medium,tail,4,iid,5,0.4,44,10000,true,1.000000,,1093,10000,"Fail (P=100.0%, SharedHardwareOnly)",fail
tacet,medium,tail,4,iid,5,0.4,22,10000,true,1.000000,,1095,10000,"Fail (P=100.0%, SharedHardwareOnly)",fail
tacet,medium,tail,4,ar1-0.3,5,100,23,10000,false,0.000000,,2338,10000,Pass (P=0.0%),pass
tacet,medium,tail,4,iid,5,100,30,10000,false,0.000000,,1107,10000,Pass (P=0.0%),pass
tacet,medium,tail,4,ar1-0.3,5,100,36,10000,false,0.000000,,1230,10000,Pass (P=0.0%),pass
tacet,medium,tail,4,ar1-0.3,5,100,8,10000,false,0.000000,,1277,10000,Pass (P=0.0%),pass
tacet,medium,tail,4,ar1-0.3,5,100,50,10000,false,0.000000,,1236,10000,Pass (P=0.0%),pass
tacet,medium,tail,4,ar1-0.3,5,100,7,10000,false,0.000000,,1225,10000,Pass (P=0.0%),pass
tacet,medium,tail,4,ar1-0.3,5,100,11,10000,false,0.000000,,1237,10000,Pass (P=0.0%),pass
tacet,medium,tail,4,ar1-0.3,5,100,27,10000,false,0.000000,,1239,10000,Pass (P=0.0%),pass
tacet,medium,tail,4,ar1-0.3,5,0.4,5,10000,true,1.000000,,1263,10000,"Fail (P=100.0%, SharedHardwareOnly)",fail
tacet,medium,tail,4,ar1-0.3,5,0.4,2,10000,true,1.000000,,1263,10000,"Fail (P=100.0%, SharedHardwareOnly)",fail
tacet,medium,tail,4,ar1-0.3,5,100,30,10000,false,0.000000,,1250,10000,Pass (P=0.0%),pass
tacet,medium,tail,4,ar1-0.3,5,100,34,10000,false,0.000000,,1230,10000,Pass (P=0.0%),pass
tacet,medium,tail,4,iid,5,0.4,53,10000,true,1.000000,,1096,10000,"Fail (P=100.0%, SharedHardwareOnly)",fail
tacet,medium,tail,4,ar1-0.3,5,100,9,10000,false,0.000000,,1235,10000,Pass (P=0.0%),pass
tacet,medium,tail,4,ar1-0.3,5,0.4,12,10000,true,1.000000,,1285,10000,"Fail (P=100.0%, SharedHardwareOnly)",fail
tacet,medium,tail,4,ar1-0.3,5,100,48,10000,false,0.000000,,1271,10000,Pass (P=0.0%),pass
tacet,medium,tail,4,ar1-0.3,5,0.4,54,10000,true,1.000000,,1234,10000,"Fail (P=100.0%, SharedHardwareOnly)",fail
tacet,medium,tail,4,iid,5,100,37,10000,false,0.000000,,1056,10000,Pass (P=0.0%),pass
tacet,medium,tail,4,ar1-0.3,5,0.4,41,10000,true,1.000000,,1275,10000,"Fail (P=100.0%, SharedHardwareOnly)",fail
tacet,medium,tail,4,iid,5,0.4,38,10000,true,1.000000,,1060,10000,"Fail (P=100.0%, SharedHardwareOnly)",fail
tacet,medium,tail,4,iid,5,100,43,10000,false,0.000000,,1076,10000,Pass (P=0.0%),pass
tacet,medium,tail,4,ar1-0.3,5,0.4,31,10000,true,1.000000,,1228,10000,"Fail (P=100.0%, SharedHardwareOnly)",fail
tacet,medium,tail,4,iid,5,0.4,50,10000,true,1.000000,,1088,10000,"Fail (P=100.0%, SharedHardwareOnly)",fail
tacet,medium,tail,4,ar1-0.3,5,100,2,10000,false,0.000000,,1235,10000,Pass (P=0.0%),pass
tacet,medium,tail,4,ar1-0.3,5,0.4,38,10000,true,1.000000,,1267,10000,"Fail (P=100.0%, SharedHardwareOnly)",fail
tacet,medium,tail,4,iid,5,0.4,21,10000,true,1.000000,,3520,10000,"Fail (P=100.0%, SharedHardwareOnly)",fail
tacet,medium,tail,4,iid,5,100,56,10000,false,0.000000,,1060,10000,Pass (P=0.0%),pass
tacet,medium,tail,4,iid,5,100,44,10000,false,0.000000,,1095,10000,Pass (P=0.0%),pass
tacet,medium,tail,4,iid,5,100,22,10000,false,0.000000,,1100,10000,Pass (P=0.0%),pass
tacet,medium,tail,4,ar1-0.3,5,0.4,0,10000,true,1.000000,,1271,10000,"Fail (P=100.0%, SharedHardwareOnly)",fail
tacet,medium,tail,4,iid,5,100,53,10000,false,0.000000,,861,10000,Pass (P=0.0%),pass
tacet,medium,tail,4,ar1-0.3,5,100,13,10000,false,0.000000,,1298,10000,Pass (P=0.0%),pass
tacet,medium,tail,4,iid,5,0.4,31,10000,true,1.000000,,1112,10000,"Fail (P=100.0%, SharedHardwareOnly)",fail
tacet,medium,tail,4,ar1-0.3,5,0.4,44,10000,true,1.000000,,1234,10000,"Fail (P=100.0%, SharedHardwareOnly)",fail
tacet,medium,tail,4,ar1-0.3,5,0.4,52,10000,true,1.000000,,1238,10000,"Fail (P=100.0%, SharedHardwareOnly)",fail
tacet,medium,tail,4,ar1-0.3,5,0.4,37,10000,true,1.000000,,1235,10000,"Fail (P=100.0%, SharedHardwareOnly)",fail
tacet,medium,tail,4,ar1-0.3,5,0.4,51,10000,true,1.000000,,1232,10000,"Fail (P=100.0%, SharedHardwareOnly)",fail
tacet,medium,tail,4,ar1-0.3,5,100,42,10000,false,0.000000,,1279,10000,Pass (P=0.0%),pass
tacet,medium,tail,4,ar1-0.3,5,100,5,10000,false,0.000000,,1263,10000,Pass (P=0.0%),pass
tacet,medium,tail,4,ar1-0.3,5,100,45,10000,false,0.000000,,1268,10000,Pass (P=0.0%),pass
tacet,medium,tail,4,ar1-0.3,5,100,40,10000,false,0.000000,,1252,10000,Pass (P=0.0%),pass
tacet,medium,tail,4,iid,5,100,50,10000,false,0.000000,,1061,10000,Pass (P=0.0%),pass
tacet,medium,tail,4,ar1-0.3,5,100,56,10000,false,0.000000,,1277,10000,Pass (P=0.0%),pass
tacet,medium,tail,4,ar1-0.3,5,0.4,49,10000,true,1.000000,,1262,10000,"Fail (P=100.0%, SharedHardwareOnly)",fail
tacet,medium,tail,4,ar1-0.3,5,100,38,10000,false,0.000000,,1283,10000,Pass (P=0.0%),pass
tacet,medium,tail,4,ar1-0.3,5,100,54,10000,false,0.000000,,1250,10000,Pass (P=0.0%),pass
tacet,medium,tail,4,iid,5,100,31,10000,false,0.000000,,1065,10000,Pass (P=0.0%),pass
tacet,medium,tail,4,ar1-0.3,5,100,41,10000,false,0.000000,,1274,10000,Pass (P=0.0%),pass
tacet,medium,tail,4,ar1-0.3,5,0.4,22,10000,true,1.000000,,3180,10000,"Fail (P=100.0%, SharedHardwareOnly)",fail
tacet,medium,tail,4,ar1-0.3,5,100,52,10000,false,0.000000,,1291,10000,Pass (P=0.0%),pass
tacet,medium,tail,4,ar1-0.3,5,0.4,53,10000,true,1.000000,,1258,10000,"Fail (P=100.0%, SharedHardwareOnly)",fail
tacet,medium,tail,4,ar1-0.3,5,0.4,50,10000,true,1.000000,,1254,10000,"Fail (P=100.0%, SharedHardwareOnly)",fail
tacet,medium,tail,4,ar1-0.3,5,100,46,10000,false,0.000000,,1265,10000,Pass (P=0.0%),pass
tacet,medium,tail,4,ar1-0.3,5,100,14,10000,false,0.000000,,1238,10000,Pass (P=0.0%),pass
tacet,medium,tail,4,ar1-0.3,5,100,51,10000,false,0.000000,,1233,10000,Pass (P=0.0%),pass
tacet,medium,tail,4,iid,5,0.4,28,10000,true,1.000000,,4687,10000,"Fail (P=100.0%, SharedHardwareOnly)",fail
tacet,medium,tail,4,ar1-0.3,5,0.4,39,10000,true,1.000000,,1299,10000,"Fail (P=100.0%, SharedHardwareOnly)",fail
tacet,medium,tail,4,ar1-0.3,5,100,37,10000,false,0.000000,,1047,10000,Pass (P=0.0%),pass
tacet,medium,tail,4,ar1-0.3,5,0.4,14,10000,true,1.000000,,975,10000,"Fail (P=100.0%, SharedHardwareOnly)",fail
tacet,medium,tail,4,ar1-0.3,5,0.4,58,10000,true,1.000000,,566,10000,"Fail (P=100.0%, SharedHardwareOnly)",fail
tacet,medium,tail,4,ar1-0.3,5,0.4,28,10000,true,1.000000,,2178,10000,"Fail (P=100.0%, SharedHardwareOnly)",fail
tacet,medium,tail,4,ar1-0.3,5,0.4,59,10000,true,1.000000,,549,10000,"Fail (P=100.0%, SharedHardwareOnly)",fail
tacet,medium,tail,4,ar1-0.3,5,100,58,10000,false,0.000000,,530,10000,Pass (P=0.0%),pass
tacet,medium,tail,4,ar1-0.3,5,100,59,10000,false,0.000000,,551,10000,Pass (P=0.0%),pass
tacet,medium,tail,4,ar1-0.3,5,100,57,10000,false,0.000000,,547,10000,Pass (P=0.0%),pass
tacet,medium,tail,4,ar1-0.3,5,0.4,57,10000,true,1.000000,,741,10000,"Fail (P=100.0%, SharedHardwareOnly)",fail
tacet,medium,tail,4,iid,5,0.4,32,10000,true,1.000000,,1221,10000,"Fail (P=100.0%, SharedHardwareOnly)",fail
tacet,medium,tail,4,ar1-0.3,5,100,44,10000,false,0.000000,,1572,10000,Pass (P=0.0%),pass
tacet,medium,tail,4,ar1-0.3,5,100,15,10000,false,0.000000,,1434,10000,Pass (P=0.0%),pass
tacet,medium,tail,4,ar1-0.3,5,0.4,42,10000,true,1.000000,,1328,10000,"Fail (P=100.0%, SharedHardwareOnly)",fail
tacet,medium,tail,4,ar1-0.3,5,100,55,10000,false,0.000000,,1414,10000,Pass (P=0.0%),pass
tacet,medium,tail,4,ar1-0.3,5,0.4,45,10000,true,1.000000,,1277,10000,"Fail (P=100.0%, SharedHardwareOnly)",fail
tacet,medium,tail,4,ar1-0.3,5,0.4,46,10000,true,1.000000,,1413,10000,"Fail (P=100.0%, SharedHardwareOnly)",fail
tacet,medium,tail,4,ar1-0.3,5,0.4,43,10000,true,1.000000,,1301,10000,"Fail (P=100.0%, SharedHardwareOnly)",fail
tacet,medium,tail,4,ar1-0.3,5,100,43,10000,false,0.000000,,1224,10000,Pass (P=0.0%),pass
tacet,medium,tail,4,ar1-0.3,5,0.4,6,10000,true,1.000000,,1663,10000,"Fail (P=100.0%, SharedHardwareOnly)",fail
tacet,medium,tail,4,ar1-0.3,5,100,39,10000,false,0.000000,,2849,10000,Pass (P=0.0%),pass
tacet,medium,tail,4,ar1-0.3,5,0.4,56,10000,true,1.000000,,1195,10000,"Fail (P=100.0%, SharedHardwareOnly)",fail
tacet,medium,tail,4,ar1-0.3,5,0.4,40,10000,true,1.000000,,2839,10000,"Fail (P=100.0%, SharedHardwareOnly)",fail
tacet,medium,tail,4,ar1-0.3,5,0.4,55,10000,true,1.000000,,1929,10000,"Fail (P=100.0%, SharedHardwareOnly)",fail
tacet,medium,tail,4,ar1-0.3,5,0.4,3,10000,true,1.000000,,2334,10000,"Fail (P=100.0%, SharedHardwareOnly)",fail
tacet,medium,tail,4,ar1-0.3,5,0.4,15,10000,true,1.000000,,1855,10000,"Fail (P=100.0%, SharedHardwareOnly)",fail
tacet,medium,tail,4,ar1-0.3,5,0.4,47,10000,true,1.000000,,2262,10000,"Fail (P=100.0%, SharedHardwareOnly)",fail
tacet,medium,tail,4,ar1-0.3,5,100,12,10000,false,0.000000,,3806,10000,Pass (P=0.0%),pass
tacet,medium,tail,4,iid,5,0.4,57,10000,true,1.000000,,3051,10000,"Fail (P=100.0%, SharedHardwareOnly)",fail
tacet,medium,tail,4,iid,5,100,28,10000,false,0.000000,,5760,10000,Pass (P=0.0%),pass
tacet,medium,tail,4,ar1-0.3,5,100,49,10000,false,0.000000,,2788,10000,Pass (P=0.0%),pass
tacet,medium,tail,4,iid,5,0.4,41,10000,true,1.000000,,6351,10000,"Fail (P=100.0%, SharedHardwareOnly)",fail
tacet,medium,tail,4,iid,5,100,25,10000,false,0.000000,,6309,10000,Pass (P=0.0%),pass
tacet,medium,tail,4,iid,5,0.4,46,10000,true,1.000000,,6329,10000,"Fail (P=100.0%, SharedHardwareOnly)",fail
tacet,medium,tail,4,ar1-0.8,5,100,30,10000,false,0.000000,,1200,10000,Pass (P=0.0%),pass
tacet,medium,tail,4,ar1-0.6,5,100,1,10000,false,0.000000,,1203,10000,Pass (P=0.0%),pass
tacet,medium,tail,4,ar1-0.6,5,0.4,3,10000,true,1.000000,,1208,10000,"Fail (P=100.0%, SharedHardwareOnly)",fail
tacet,medium,tail,4,ar1-0.6,5,100,50,10000,false,0.000000,,1211,10000,Pass (P=0.0%),pass
tacet,medium,tail,4,ar1-0.8,5,100,2,10000,false,0.000000,,1211,10000,Pass (P=0.0%),pass
tacet,medium,tail,4,ar1-0.8,5,0.4,21,10000,true,1.000000,,1213,10000,"Fail (P=100.0%, SharedHardwareOnly)",fail
tacet,medium,tail,4,ar1-0.6,5,0.4,50,10000,true,1.000000,,1215,10000,"Fail (P=100.0%, SharedHardwareOnly)",fail
tacet,medium,tail,4,ar1-0.6,5,0.4,2,10000,true,1.000000,,1215,10000,"Fail (P=100.0%, SharedHardwareOnly)",fail
tacet,medium,tail,4,ar1-0.8,5,100,33,10000,false,0.000000,,1215,10000,Pass (P=0.0%),pass
tacet,medium,tail,4,ar1-0.6,5,100,57,10000,false,0.000000,,1217,10000,Pass (P=0.0%),pass
tacet,medium,tail,4,ar1-0.8,5,0.4,15,10000,true,1.000000,,1219,10000,"Fail (P=100.0%, SharedHardwareOnly)",fail
tacet,medium,tail,4,ar1-0.6,5,0.4,59,10000,true,1.000000,,1221,10000,"Fail (P=100.0%, SharedHardwareOnly)",fail
tacet,medium,tail,4,ar1-0.6,5,100,12,10000,false,0.000000,,1221,10000,Pass (P=0.0%),pass
tacet,medium,tail,4,ar1-0.6,5,100,0,10000,false,0.000000,,1224,10000,Pass (P=0.0%),pass
tacet,medium,tail,4,ar1-0.8,5,100,27,10000,false,0.000000,,1225,10000,Pass (P=0.0%),pass
tacet,medium,tail,4,ar1-0.6,5,0.4,52,10000,true,1.000000,,1232,10000,"Fail (P=100.0%, SharedHardwareOnly)",fail
tacet,medium,tail,4,ar1-0.8,5,100,4,10000,false,0.000000,,1236,10000,Pass (P=0.0%),pass
tacet,medium,tail,4,ar1-0.8,5,0.4,4,10000,true,1.000000,,1237,10000,"Fail (P=100.0%, SharedHardwareOnly)",fail
tacet,medium,tail,4,ar1-0.6,5,0.4,51,10000,true,1.000000,,1240,10000,"Fail (P=100.0%, SharedHardwareOnly)",fail
tacet,medium,tail,4,ar1-0.8,5,100,8,10000,false,0.000000,,1246,10000,Pass (P=0.0%),pass
tacet,medium,tail,4,ar1-0.8,5,100,5,10000,false,0.000000,,1248,10000,Pass (P=0.0%),pass
tacet,medium,tail,4,ar1-0.6,5,0.4,53,10000,true,1.000000,,1249,10000,"Fail (P=100.0%, SharedHardwareOnly)",fail
tacet,medium,tail,4,ar1-0.6,5,100,18,10000,false,0.000000,,1250,10000,Pass (P=0.0%),pass
tacet,medium,tail,4,ar1-0.6,5,100,4,10000,false,0.000000,,1251,10000,Pass (P=0.0%),pass
tacet,medium,tail,4,ar1-0.6,5,100,51,10000,false,0.000000,,1258,10000,Pass (P=0.0%),pass
tacet,medium,tail,4,ar1-0.6,5,100,3,10000,false,0.000000,,1258,10000,Pass (P=0.0%),pass
tacet,medium,tail,4,ar1-0.6,5,0.4,25,10000,true,1.000000,,1259,10000,"Fail (P=100.0%, SharedHardwareOnly)",fail
tacet,medium,tail,4,ar1-0.6,5,0.4,6,10000,true,1.000000,,1259,10000,"Fail (P=100.0%, SharedHardwareOnly)",fail
tacet,medium,tail,4,ar1-0.6,5,0.4,56,10000,true,1.000000,,1262,10000,"Fail (P=100.0%, SharedHardwareOnly)",fail
tacet,medium,tail,4,ar1-0.8,5,100,36,10000,false,0.000000,,1263,10000,Pass (P=0.0%),pass
tacet,medium,tail,4,ar1-0.6,5,0.4,0,10000,true,1.000000,,1266,10000,"Fail (P=100.0%, SharedHardwareOnly)",fail
tacet,medium,tail,4,ar1-0.6,5,100,15,10000,false,0.000000,,1270,10000,Pass (P=0.0%),pass
tacet,medium,tail,4,ar1-0.6,5,0.4,4,10000,true,1.000000,,1212,10000,"Fail (P=100.0%, SharedHardwareOnly)",fail
tacet,medium,tail,4,ar1-0.6,5,100,52,10000,false,0.000000,,1220,10000,Pass (P=0.0%),pass
tacet,medium,tail,4,ar1-0.8,5,100,21,10000,false,0.000000,,1220,10000,Pass (P=0.0%),pass
tacet,medium,tail,4,ar1-0.6,5,100,37,10000,false,0.000000,,1227,10000,Pass (P=0.0%),pass
tacet,medium,tail,4,ar1-0.8,5,0.4,34,10000,true,1.000000,,1222,10000,"Fail (P=100.0%, SharedHardwareOnly)",fail
tacet,medium,tail,4,ar1-0.6,5,100,2,10000,false,0.000000,,1223,10000,Pass (P=0.0%),pass
tacet,medium,tail,4,ar1-0.8,5,0.4,3,10000,true,1.000000,,1232,10000,"Fail (P=100.0%, SharedHardwareOnly)",fail
tacet,medium,tail,4,ar1-0.6,5,0.4,1,10000,true,1.000000,,1229,10000,"Fail (P=100.0%, SharedHardwareOnly)",fail
tacet,medium,tail,4,ar1-0.8,5,100,15,10000,false,0.000000,,1226,10000,Pass (P=0.0%),pass
tacet,medium,tail,4,ar1-0.6,5,100,59,10000,false,0.000000,,1227,10000,Pass (P=0.0%),pass
tacet,medium,tail,4,ar1-0.8,5,0.4,31,10000,true,1.000000,,1252,10000,"Fail (P=100.0%, SharedHardwareOnly)",fail
tacet,medium,tail,4,ar1-0.8,5,0.4,28,10000,true,1.000000,,1229,10000,"Fail (P=100.0%, SharedHardwareOnly)",fail
tacet,medium,tail,4,ar1-0.6,5,100,21,10000,false,0.000000,,1239,10000,Pass (P=0.0%),pass
tacet,medium,tail,4,ar1-0.6,5,0.4,31,10000,true,1.000000,,1234,10000,"Fail (P=100.0%, SharedHardwareOnly)",fail
tacet,medium,tail,4,ar1-0.6,5,0.4,58,10000,true,1.000000,,1256,10000,"Fail (P=100.0%, SharedHardwareOnly)",fail
tacet,medium,tail,4,ar1-0.6,5,0.4,13,10000,true,1.000000,,1271,10000,"Fail (P=100.0%, SharedHardwareOnly)",fail
tacet,medium,tail,4,ar1-0.6,5,100,58,10000,false,0.000000,,1263,10000,Pass (P=0.0%),pass
tacet,medium,tail,4,ar1-0.8,5,0.4,6,10000,true,1.000000,,1255,10000,"Fail (P=100.0%, SharedHardwareOnly)",fail
tacet,medium,tail,4,ar1-0.6,5,0.4,9,10000,true,1.000000,,1262,10000,"Fail (P=100.0%, SharedHardwareOnly)",fail
tacet,medium,tail,4,ar1-0.8,5,0.4,9,10000,true,1.000000,,1258,10000,"Fail (P=100.0%, SharedHardwareOnly)",fail
tacet,medium,tail,4,ar1-0.6,5,100,53,10000,false,0.000000,,1259,10000,Pass (P=0.0%),pass
tacet,medium,tail,4,ar1-0.6,5,0.4,19,10000,true,1.000000,,1266,10000,"Fail (P=100.0%, SharedHardwareOnly)",fail
tacet,medium,tail,4,ar1-0.8,5,0.4,35,10000,true,1.000000,,1261,10000,"Fail (P=100.0%, SharedHardwareOnly)",fail
tacet,medium,tail,4,ar1-0.6,5,0.4,5,10000,true,1.000000,,1268,10000,"Fail (P=100.0%, SharedHardwareOnly)",fail
tacet,medium,tail,4,ar1-0.8,5,0.4,18,10000,true,1.000000,,1263,10000,"Fail (P=100.0%, SharedHardwareOnly)",fail
tacet,medium,tail,4,ar1-0.6,5,100,25,10000,false,0.000000,,1263,10000,Pass (P=0.0%),pass
tacet,medium,tail,4,ar1-0.6,5,100,6,10000,false,0.000000,,1266,10000,Pass (P=0.0%),pass
tacet,medium,tail,4,ar1-0.6,5,0.4,16,10000,true,1.000000,,1260,10000,"Fail (P=100.0%, SharedHardwareOnly)",fail
tacet,medium,tail,4,ar1-0.6,5,100,56,10000,false,0.000000,,1270,10000,Pass (P=0.0%),pass
tacet,medium,tail,4,ar1-0.8,5,0.4,37,10000,true,1.000000,,1273,10000,"Fail (P=100.0%, SharedHardwareOnly)",fail
tacet,medium,tail,4,ar1-0.6,5,0.4,54,10000,true,1.000000,,1256,10000,"Fail (P=100.0%, SharedHardwareOnly)",fail
tacet,medium,tail,4,ar1-0.6,5,100,54,10000,false,0.000000,,1268,10000,Pass (P=0.0%),pass
tacet,medium,tail,4,ar1-0.6,5,0.4,55,10000,true,1.000000,,1218,10000,"Fail (P=100.0%, SharedHardwareOnly)",fail
tacet,medium,tail,4,ar1-0.8,5,100,35,10000,false,0.000000,,1204,10000,Pass (P=0.0%),pass
tacet,medium,tail,4,ar1-0.6,5,0.4,38,10000,true,1.000000,,1223,10000,"Fail (P=100.0%, SharedHardwareOnly)",fail
tacet,medium,tail,4,ar1-0.8,5,0.4,16,10000,true,1.000000,,1214,10000,"Fail (P=100.0%, SharedHardwareOnly)",fail
tacet,medium,tail,4,ar1-0.8,5,0.4,22,10000,true,1.000000,,1228,10000,"Fail (P=100.0%, SharedHardwareOnly)",fail
tacet,medium,tail,4,ar1-0.8,5,100,34,10000,false,0.000000,,1228,10000,Pass (P=0.0%),pass
tacet,medium,tail,4,ar1-0.8,5,0.4,29,10000,true,1.000000,,1228,10000,"Fail (P=100.0%, SharedHardwareOnly)",fail
tacet,medium,tail,4,ar1-0.8,5,100,31,10000,false,0.000000,,1218,10000,Pass (P=0.0%),pass
tacet,medium,tail,4,ar1-0.6,5,100,43,10000,false,0.000000,,1230,10000,Pass (P=0.0%),pass
tacet,medium,tail,4,ar1-0.8,5,100,3,10000,false,0.000000,,1231,10000,Pass (P=0.0%),pass
tacet,medium,tail,4,ar1-0.8,5,0.4,0,10000,true,1.000000,,1230,10000,"Fail (P=100.0%, SharedHardwareOnly)",fail
tacet,medium,tail,4,ar1-0.6,5,100,46,10000,false,0.000000,,1224,10000,Pass (P=0.0%),pass
tacet,medium,tail,4,ar1-0.6,5,100,31,10000,false,0.000000,,1232,10000,Pass (P=0.0%),pass
tacet,medium,tail,4,ar1-0.6,5,0.4,22,10000,true,1.000000,,1236,10000,"Fail (P=100.0%, SharedHardwareOnly)",fail
tacet,medium,tail,4,ar1-0.6,5,100,13,10000,false,0.000000,,1238,10000,Pass (P=0.0%),pass
tacet,medium,tail,4,ar1-0.8,5,100,9,10000,false,0.000000,,1242,10000,Pass (P=0.0%),pass
tacet,medium,tail,4,ar1-0.6,5,0.4,44,10000,true,1.000000,,1243,10000,"Fail (P=100.0%, SharedHardwareOnly)",fail
tacet,medium,tail,4,ar1-0.6,5,0.4,45,10000,true,1.000000,,1258,10000,"Fail (P=100.0%, SharedHardwareOnly)",fail
tacet,medium,tail,4,ar1-0.6,5,100,9,10000,false,0.000000,,1256,10000,Pass (P=0.0%),pass
tacet,medium,tail,4,ar1-0.8,5,100,6,10000,false,0.000000,,1259,10000,Pass (P=0.0%),pass
tacet,medium,tail,4,ar1-0.6,5,100,19,10000,false,0.000000,,1257,10000,Pass (P=0.0%),pass
tacet,medium,tail,4,ar1-0.6,5,0.4,7,10000,true,1.000000,,1250,10000,"Fail (P=100.0%, SharedHardwareOnly)",fail
tacet,medium,tail,4,ar1-0.6,5,0.4,28,10000,true,1.000000,,1259,10000,"Fail (P=100.0%, SharedHardwareOnly)",fail
tacet,medium,tail,4,ar1-0.6,5,100,5,10000,false,0.000000,,1261,10000,Pass (P=0.0%),pass
tacet,medium,tail,4,ar1-0.8,5,100,18,10000,false,0.000000,,1267,10000,Pass (P=0.0%),pass
tacet,medium,tail,4,ar1-0.6,5,100,16,10000,false,0.000000,,1259,10000,Pass (P=0.0%),pass
tacet,medium,tail,4,ar1-0.6,5,0.4,26,10000,true,1.000000,,1275,10000,"Fail (P=100.0%, SharedHardwareOnly)",fail
tacet,medium,tail,4,ar1-0.8,5,100,37,10000,false,0.000000,,1286,10000,Pass (P=0.0%),pass
tacet,medium,tail,4,ar1-0.6,5,100,26,10000,false,0.000000,,1220,10000,Pass (P=0.0%),pass
tacet,medium,tail,4,ar1-0.8,5,0.4,36,10000,true,1.000000,,1251,10000,"Fail (P=100.0%, SharedHardwareOnly)",fail
tacet,medium,tail,4,ar1-0.6,5,0.4,23,10000,true,1.000000,,1263,10000,"Fail (P=100.0%, SharedHardwareOnly)",fail
tacet,medium,tail,4,ar1-0.6,5,100,29,10000,false,0.000000,,1258,10000,Pass (P=0.0%),pass
tacet,medium,tail,4,ar1-0.6,5,100,28,10000,false,0.000000,,1215,10000,Pass (P=0.0%),pass
tacet,medium,tail,4,ar1-0.8,5,0.4,38,10000,true,1.000000,,1216,10000,"Fail (P=100.0%, SharedHardwareOnly)",fail
tacet,medium,tail,4,ar1-0.8,5,100,16,10000,false,0.000000,,1210,10000,Pass (P=0.0%),pass
tacet,medium,tail,4,ar1-0.6,5,100,38,10000,false,0.000000,,1215,10000,Pass (P=0.0%),pass
tacet,medium,tail,4,ar1-0.8,5,100,22,10000,false,0.000000,,1220,10000,Pass (P=0.0%),pass
tacet,medium,tail,4,ar1-0.8,5,0.4,32,10000,true,1.000000,,1214,10000,"Fail (P=100.0%, SharedHardwareOnly)",fail
tacet,medium,tail,4,ar1-0.8,5,100,11,10000,false,0.000000,,1222,10000,Pass (P=0.0%),pass
tacet,medium,tail,4,ar1-0.8,5,100,29,10000,false,0.000000,,1221,10000,Pass (P=0.0%),pass
tacet,medium,tail,4,ar1-0.6,5,100,7,10000,false,0.000000,,1237,10000,Pass (P=0.0%),pass
tacet,medium,tail,4,ar1-0.6,5,0.4,47,10000,true,1.000000,,1214,10000,"Fail (P=100.0%, SharedHardwareOnly)",fail
tacet,medium,tail,4,ar1-0.6,5,0.4,24,10000,true,1.000000,,1244,10000,"Fail (P=100.0%, SharedHardwareOnly)",fail
tacet,medium,tail,4,ar1-0.8,5,100,0,10000,false,0.000000,,1243,10000,Pass (P=0.0%),pass
tacet,medium,tail,4,ar1-0.6,5,100,22,10000,false,0.000000,,1237,10000,Pass (P=0.0%),pass
tacet,medium,tail,4,ar1-0.6,5,0.4,32,10000,true,1.000000,,1249,10000,"Fail (P=100.0%, SharedHardwareOnly)",fail
tacet,medium,tail,4,ar1-0.6,5,0.4,14,10000,true,1.000000,,1236,10000,"Fail (P=100.0%, SharedHardwareOnly)",fail
tacet,medium,tail,4,ar1-0.8,5,0.4,10,10000,true,1.000000,,1250,10000,"Fail (P=100.0%, SharedHardwareOnly)",fail
tacet,medium,tail,4,ar1-0.6,5,100,44,10000,false,0.000000,,1244,10000,Pass (P=0.0%),pass
tacet,medium,tail,4,ar1-0.6,5,0.4,10,10000,true,1.000000,,1250,10000,"Fail (P=100.0%, SharedHardwareOnly)",fail
tacet,medium,tail,4,ar1-0.8,5,100,7,10000,false,0.000000,,1246,10000,Pass (P=0.0%),pass
tacet,medium,tail,4,ar1-0.8,5,0.4,7,10000,true,1.000000,,1263,10000,"Fail (P=100.0%, SharedHardwareOnly)",fail
tacet,medium,tail,4,ar1-0.6,5,0.4,46,10000,true,1.000000,,1254,10000,"Fail (P=100.0%, SharedHardwareOnly)",fail
tacet,medium,tail,4,ar1-0.6,5,0.4,20,10000,true,1.000000,,1264,10000,"Fail (P=100.0%, SharedHardwareOnly)",fail
tacet,medium,tail,4,ar1-0.6,5,0.4,17,10000,true,1.000000,,1266,10000,"Fail (P=100.0%, SharedHardwareOnly)",fail
tacet,medium,tail,4,ar1-0.8,5,0.4,19,10000,true,1.000000,,1270,10000,"Fail (P=100.0%, SharedHardwareOnly)",fail
tacet,medium,tail,4,ar1-0.6,5,100,10,10000,false,0.000000,,1288,10000,Pass (P=0.0%),pass
tacet,medium,tail,4,ar1-0.8,5,0.4,24,10000,true,1.000000,,1251,10000,"Fail (P=100.0%, SharedHardwareOnly)",fail
tacet,medium,tail,4,ar1-0.6,5,0.4,27,10000,true,1.000000,,1223,10000,"Fail (P=100.0%, SharedHardwareOnly)",fail
tacet,medium,tail,4,ar1-0.6,5,100,23,10000,false,0.000000,,1279,10000,Pass (P=0.0%),pass
tacet,medium,tail,4,ar1-0.6,5,0.4,34,10000,true,1.000000,,1259,10000,"Fail (P=100.0%, SharedHardwareOnly)",fail
tacet,medium,tail,4,ar1-0.8,5,0.4,30,10000,true,1.000000,,1254,10000,"Fail (P=100.0%, SharedHardwareOnly)",fail
tacet,medium,tail,4,ar1-0.6,5,100,14,10000,false,0.000000,,1258,10000,Pass (P=0.0%),pass
tacet,medium,tail,4,ar1-0.6,5,0.4,30,10000,true,1.000000,,1265,10000,"Fail (P=100.0%, SharedHardwareOnly)",fail
tacet,medium,tail,4,ar1-0.6,5,0.4,29,10000,true,1.000000,,2253,10000,"Fail (P=100.0%, SharedHardwareOnly)",fail
tacet,medium,tail,4,ar1-0.8,5,100,1,10000,false,0.000000,,1211,10000,Pass (P=0.0%),pass
tacet,medium,tail,4,ar1-0.8,5,100,38,10000,false,0.000000,,1218,10000,Pass (P=0.0%),pass
tacet,medium,tail,4,ar1-0.8,5,100,32,10000,false,0.000000,,1209,10000,Pass (P=0.0%),pass
tacet,medium,tail,4,ar1-0.6,5,0.4,39,10000,true,1.000000,,1224,10000,"Fail (P=100.0%, SharedHardwareOnly)",fail
tacet,medium,tail,4,ar1-0.8,5,0.4,12,10000,true,1.000000,,1214,10000,"Fail (P=100.0%, SharedHardwareOnly)",fail
tacet,medium,tail,4,ar1-0.8,5,0.4,23,10000,true,1.000000,,1235,10000,"Fail (P=100.0%, SharedHardwareOnly)",fail
tacet,medium,tail,4,ar1-0.8,5,100,17,10000,false,0.000000,,1239,10000,Pass (P=0.0%),pass
tacet,medium,tail,4,ar1-0.6,5,100,47,10000,false,0.000000,,1228,10000,Pass (P=0.0%),pass
tacet,medium,tail,4,ar1-0.6,5,0.4,8,10000,true,1.000000,,1240,10000,"Fail (P=100.0%, SharedHardwareOnly)",fail
tacet,medium,tail,4,ar1-0.6,5,100,24,10000,false,0.000000,,1245,10000,Pass (P=0.0%),pass
tacet,medium,tail,4,ar1-0.8,5,100,19,10000,false,0.000000,,1236,10000,Pass (P=0.0%),pass
tacet,medium,tail,4,ar1-0.8,5,100,10,10000,false,0.000000,,1227,10000,Pass (P=0.0%),pass
tacet,medium,tail,4,ar1-0.6,5,100,32,10000,false,0.000000,,1248,10000,Pass (P=0.0%),pass
tacet,medium,tail,4,ar1-0.8,5,0.4,2,10000,true,1.000000,,1242,10000,"Fail (P=100.0%, SharedHardwareOnly)",fail
tacet,medium,tail,4,ar1-0.8,5,100,25,10000,false,0.000000,,1255,10000,Pass (P=0.0%),pass
tacet,medium,tail,4,ar1-0.8,5,0.4,8,10000,true,1.000000,,1249,10000,"Fail (P=100.0%, SharedHardwareOnly)",fail
tacet,medium,tail,4,ar1-0.8,5,100,24,10000,false,0.000000,,1247,10000,Pass (P=0.0%),pass
tacet,medium,tail,4,ar1-0.6,5,100,20,10000,false,0.000000,,1248,10000,Pass (P=0.0%),pass
tacet,medium,tail,4,ar1-0.6,5,100,11,10000,false,0.000000,,1261,10000,Pass (P=0.0%),pass
tacet,medium,tail,4,ar1-0.6,5,100,40,10000,false,0.000000,,1229,10000,Pass (P=0.0%),pass
tacet,medium,tail,4,ar1-0.6,5,100,35,10000,false,0.000000,,1228,10000,Pass (P=0.0%),pass
tacet,medium,tail,4,ar1-0.6,5,0.4,33,10000,true,1.000000,,1259,10000,"Fail (P=100.0%, SharedHardwareOnly)",fail
tacet,medium,tail,4,ar1-0.6,5,100,8,10000,false,0.000000,,1226,10000,Pass (P=0.0%),pass
tacet,medium,tail,4,ar1-0.6,5,0.4,18,10000,true,1.000000,,1250,10000,"Fail (P=100.0%, SharedHardwareOnly)",fail
tacet,medium,tail,4,ar1-0.8,5,100,23,10000,false,0.000000,,1257,10000,Pass (P=0.0%),pass
tacet,medium,tail,4,ar1-0.6,5,100,34,10000,false,0.000000,,1263,10000,Pass (P=0.0%),pass
tacet,medium,tail,4,ar1-0.6,5,100,39,10000,false,0.000000,,1255,10000,Pass (P=0.0%),pass
tacet,medium,tail,4,ar1-0.6,5,0.4,48,10000,true,1.000000,,1265,10000,"Fail (P=100.0%, SharedHardwareOnly)",fail
tacet,medium,tail,4,ar1-0.6,5,100,30,10000,false,0.000000,,1228,10000,Pass (P=0.0%),pass
tacet,medium,tail,4,ar1-0.8,5,0.4,39,10000,true,1.000000,,1072,10000,"Fail (P=100.0%, SharedHardwareOnly)",fail
tacet,medium,tail,4,ar1-0.6,5,100,27,10000,false,0.000000,,2283,10000,Pass (P=0.0%),pass
tacet,medium,tail,4,ar1-0.8,5,0.4,1,10000,true,1.000000,,2384,10000,"Fail (P=100.0%, SharedHardwareOnly)",fail
tacet,medium,tail,4,ar1-0.6,5,100,49,10000,false,0.000000,,537,10000,Pass (P=0.0%),pass
tacet,medium,tail,4,ar1-0.6,5,0.4,41,10000,true,1.000000,,961,10000,"Fail (P=100.0%, SharedHardwareOnly)",fail
tacet,medium,tail,4,ar1-0.8,5,0.4,14,10000,true,1.000000,,967,10000,"Fail (P=100.0%, SharedHardwareOnly)",fail
tacet,medium,tail,4,ar1-0.6,5,0.4,36,10000,true,1.000000,,1100,10000,"Fail (P=100.0%, SharedHardwareOnly)",fail
tacet,medium,tail,4,ar1-0.6,5,0.4,42,10000,true,1.000000,,768,10000,"Fail (P=100.0%, SharedHardwareOnly)",fail
tacet,medium,tail,4,ar1-0.6,5,100,33,10000,false,0.000000,,764,10000,Pass (P=0.0%),pass
tacet,medium,tail,4,ar1-0.8,5,0.4,20,10000,true,1.000000,,1230,10000,"Fail (P=100.0%, SharedHardwareOnly)",fail
tacet,medium,tail,4,ar1-0.8,5,100,39,10000,false,0.000000,,1224,10000,Pass (P=0.0%),pass
tacet,medium,tail,4,ar1-0.6,5,0.4,37,10000,true,1.000000,,1015,10000,"Fail (P=100.0%, SharedHardwareOnly)",fail
tacet,medium,tail,4,ar1-0.6,5,100,41,10000,false,0.000000,,778,10000,Pass (P=0.0%),pass
tacet,medium,tail,4,ar1-0.6,5,100,42,10000,false,0.000000,,764,10000,Pass (P=0.0%),pass
tacet,medium,tail,4,ar1-0.6,5,0.4,40,10000,true,1.000000,,943,10000,"Fail (P=100.0%, SharedHardwareOnly)",fail
tacet,medium,tail,4,ar1-0.8,5,100,14,10000,false,0.000000,,871,10000,Pass (P=0.0%),pass
tacet,medium,tail,4,ar1-0.6,5,0.4,43,10000,true,1.000000,,715,10000,"Fail (P=100.0%, SharedHardwareOnly)",fail
tacet,medium,tail,4,ar1-0.6,5,0.4,49,10000,true,1.000000,,1169,10000,"Fail (P=100.0%, SharedHardwareOnly)",fail
tacet,medium,tail,4,ar1-0.6,5,100,48,10000,false,0.000000,,1130,10000,Pass (P=0.0%),pass
tacet,medium,tail,4,ar1-0.8,5,100,13,10000,false,0.000000,,1014,10000,Pass (P=0.0%),pass
tacet,medium,tail,4,ar1-0.6,5,0.4,35,10000,true,1.000000,,1218,10000,"Fail (P=100.0%, SharedHardwareOnly)",fail
tacet,medium,tail,4,ar1-0.8,5,100,20,10000,false,0.000000,,1339,10000,Pass (P=0.0%),pass
tacet,medium,tail,4,ar1-0.8,5,0.4,27,10000,true,1.000000,,1716,10000,"Fail (P=100.0%, SharedHardwareOnly)",fail
tacet,medium,tail,4,ar1-0.8,5,0.4,13,10000,true,1.000000,,1739,10000,"Fail (P=100.0%, SharedHardwareOnly)",fail
tacet,medium,tail,4,ar1-0.6,5,100,17,10000,false,0.000000,,2752,10000,Pass (P=0.0%),pass
tacet,medium,tail,4,ar1-0.8,5,0.4,26,10000,true,1.000000,,1710,10000,"Fail (P=100.0%, SharedHardwareOnly)",fail
tacet,medium,tail,4,ar1-0.8,5,0.4,11,10000,true,1.000000,,1624,10000,"Fail (P=100.0%, SharedHardwareOnly)",fail
tacet,medium,tail,4,ar1-0.8,5,0.4,17,10000,true,1.000000,,2951,10000,"Fail (P=100.0%, SharedHardwareOnly)",fail
tacet,medium,tail,4,ar1-0.6,5,0.4,21,10000,true,1.000000,,1686,10000,"Fail (P=100.0%, SharedHardwareOnly)",fail
tacet,medium,tail,4,ar1-0.6,5,100,36,10000,false,0.000000,,1659,10000,Pass (P=0.0%),pass
tacet,medium,tail,4,ar1-0.6,5,0.4,12,10000,true,1.000000,,1538,10000,"Fail (P=100.0%, SharedHardwareOnly)",fail
tacet,medium,tail,4,ar1-0.8,5,0.4,25,10000,true,1.000000,,1561,10000,"Fail (P=100.0%, SharedHardwareOnly)",fail
tacet,medium,tail,4,ar1-0.8,5,100,12,10000,false,0.000000,,1733,10000,Pass (P=0.0%),pass
tacet,medium,tail,4,ar1-0.8,5,100,26,10000,false,0.000000,,2251,10000,Pass (P=0.0%),pass
tacet,medium,tail,4,ar1-0.8,5,0.4,33,10000,true,1.000000,,1996,10000,"Fail (P=100.0%, SharedHardwareOnly)",fail
tacet,medium,tail,4,ar1-0.8,5,100,28,10000,false,0.000000,,5736,10000,Pass (P=0.0%),pass
tacet,medium,tail,4,ar1-0.6,5,0.4,15,10000,true,1.000000,,2544,10000,"Fail (P=100.0%, SharedHardwareOnly)",fail
tacet,medium,tail,4,ar1-0.6,5,0.4,11,10000,true,1.000000,,3125,10000,"Fail (P=100.0%, SharedHardwareOnly)",fail
tacet,medium,tail,4,ar1-0.6,5,100,45,10000,false,0.000000,,4480,10000,Pass (P=0.0%),pass
tacet,medium,tail,4,ar1-0.6,5,100,55,10000,false,0.000000,,5760,10000,Pass (P=0.0%),pass
tacet,medium,tail,4,ar1-0.6,5,0.4,57,10000,true,1.000000,,6034,10000,"Fail (P=100.0%, SharedHardwareOnly)",fail
tacet,medium,tail,4,ar1-0.8,5,0.4,5,10000,true,1.000000,,7691,10000,"Fail (P=100.0%, SharedHardwareOnly)",fail
tacet,medium,tail,20,iid,5,100,17,10000,false,0.000000,,1040,10000,Pass (P=0.0%),pass
tacet,medium,tail,20,iid,5,0.4,0,10000,true,1.000000,,1044,10000,"Fail (P=100.0%, Http2Multiplexing)",fail
tacet,medium,tail,20,iid,5,100,31,10000,false,0.000000,,1046,10000,Pass (P=0.0%),pass
tacet,medium,tail,20,iid,5,0.4,8,10000,true,1.000000,,1048,10000,"Fail (P=100.0%, Http2Multiplexing)",fail
tacet,medium,tail,20,iid,5,0.4,11,10000,true,1.000000,,1058,10000,"Fail (P=100.0%, Http2Multiplexing)",fail
tacet,medium,tail,20,iid,5,0.4,5,10000,true,1.000000,,1060,10000,"Fail (P=100.0%, Http2Multiplexing)",fail
tacet,medium,tail,20,iid,5,0.4,36,10000,true,0.996500,,1066,10000,"Fail (P=99.7%, Http2Multiplexing)",fail
tacet,medium,tail,20,iid,5,100,6,10000,false,0.000000,,1068,10000,Pass (P=0.0%),pass
tacet,medium,tail,20,iid,5,0.4,30,10000,true,0.996500,,1079,10000,"Fail (P=99.7%, Http2Multiplexing)",fail
tacet,medium,tail,20,iid,5,100,34,10000,false,0.000000,,1079,10000,Pass (P=0.0%),pass
tacet,medium,tail,20,iid,5,0.4,39,10000,true,0.997500,,1088,10000,"Fail (P=99.8%, Http2Multiplexing)",fail
tacet,medium,tail,20,iid,5,100,33,10000,false,0.000000,,1093,10000,Pass (P=0.0%),pass
tacet,medium,tail,20,iid,5,0.4,55,10000,true,1.000000,,1093,10000,"Fail (P=100.0%, Http2Multiplexing)",fail
tacet,medium,tail,20,iid,5,100,1,10000,false,0.000000,,1097,10000,Pass (P=0.0%),pass
tacet,medium,tail,20,iid,5,100,42,10000,false,0.000000,,1105,10000,Pass (P=0.0%),pass
tacet,medium,tail,20,iid,5,0.4,33,10000,true,1.000000,,1110,10000,"Fail (P=100.0%, Http2Multiplexing)",fail
tacet,medium,tail,4,ar1-0.8,5,0.4,44,10000,true,1.000000,,1197,10000,"Fail (P=100.0%, SharedHardwareOnly)",fail
tacet,medium,tail,4,ar1-0.8,5,0.4,43,10000,true,1.000000,,1204,10000,"Fail (P=100.0%, SharedHardwareOnly)",fail
tacet,medium,tail,4,ar1-0.8,5,100,41,10000,false,0.000000,,1204,10000,Pass (P=0.0%),pass
tacet,medium,tail,4,ar1-0.8,5,100,42,10000,false,0.000000,,1208,10000,Pass (P=0.0%),pass
tacet,medium,tail,4,ar1-0.8,5,100,43,10000,false,0.000000,,1211,10000,Pass (P=0.0%),pass
tacet,medium,tail,4,ar1-0.8,5,0.4,48,10000,true,1.000000,,1214,10000,"Fail (P=100.0%, SharedHardwareOnly)",fail
tacet,medium,tail,4,ar1-0.8,5,100,52,10000,false,0.000000,,1214,10000,Pass (P=0.0%),pass
tacet,medium,tail,4,ar1-0.8,5,100,40,10000,false,0.000000,,1224,10000,Pass (P=0.0%),pass
tacet,medium,tail,4,ar1-0.8,5,0.4,40,10000,true,1.000000,,1231,10000,"Fail (P=100.0%, SharedHardwareOnly)",fail
tacet,medium,tail,4,ar1-0.8,5,100,47,10000,false,0.000000,,1238,10000,Pass (P=0.0%),pass
tacet,medium,tail,4,ar1-0.8,5,0.4,42,10000,true,1.000000,,1245,10000,"Fail (P=100.0%, SharedHardwareOnly)",fail
tacet,medium,tail,4,ar1-0.8,5,0.4,49,10000,true,1.000000,,1253,10000,"Fail (P=100.0%, SharedHardwareOnly)",fail
tacet,medium,tail,4,ar1-0.8,5,100,55,10000,false,0.000000,,1256,10000,Pass (P=0.0%),pass
tacet,medium,tail,4,ar1-0.8,5,100,58,10000,false,0.000000,,1260,10000,Pass (P=0.0%),pass
tacet,medium,tail,4,ar1-0.8,5,100,44,10000,false,0.000000,,1260,10000,Pass (P=0.0%),pass
tacet,medium,tail,4,ar1-0.8,5,0.4,46,10000,true,1.000000,,1260,10000,"Fail (P=100.0%, SharedHardwareOnly)",fail
tacet,medium,tail,20,iid,5,0.4,18,10000,true,0.996250,,1049,10000,"Fail (P=99.6%, Http2Multiplexing)",fail
tacet,medium,tail,20,iid,5,100,0,10000,false,0.000000,,1057,10000,Pass (P=0.0%),pass
tacet,medium,tail,20,iid,5,100,8,10000,false,0.000000,,1070,10000,Pass (P=0.0%),pass
tacet,medium,tail,20,iid,5,0.4,32,10000,true,1.000000,,1075,10000,"Fail (P=100.0%, Http2Multiplexing)",fail
tacet,medium,tail,20,iid,5,100,11,10000,false,0.000000,,1066,10000,Pass (P=0.0%),pass
tacet,medium,tail,20,iid,5,100,5,10000,false,0.000000,,1070,10000,Pass (P=0.0%),pass
tacet,medium,tail,20,iid,5,100,36,10000,false,0.000000,,1077,10000,Pass (P=0.0%),pass
tacet,medium,tail,20,iid,5,0.4,7,10000,true,0.997500,,1078,10000,"Fail (P=99.8%, Http2Multiplexing)",fail
tacet,medium,tail,20,iid,5,0.4,35,10000,true,0.996750,,1087,10000,"Fail (P=99.7%, Http2Multiplexing)",fail
tacet,medium,tail,20,iid,5,100,30,10000,false,0.000000,,1090,10000,Pass (P=0.0%),pass
tacet,medium,tail,20,iid,5,0.4,34,10000,true,0.996750,,1092,10000,"Fail (P=99.7%, Http2Multiplexing)",fail
tacet,medium,tail,20,iid,5,100,39,10000,false,0.000000,,1102,10000,Pass (P=0.0%),pass
tacet,medium,tail,20,iid,5,100,55,10000,false,0.000000,,1101,10000,Pass (P=0.0%),pass
tacet,medium,tail,20,iid,5,0.4,2,10000,true,0.996500,,1098,10000,"Fail (P=99.7%, Http2Multiplexing)",fail
tacet,medium,tail,20,iid,5,0.4,43,10000,true,0.996500,,1102,10000,"Fail (P=99.7%, Http2Multiplexing)",fail
tacet,medium,tail,20,iid,5,0.4,3,10000,true,0.996500,,1104,10000,"Fail (P=99.7%, Http2Multiplexing)",fail
tacet,medium,tail,20,iid,5,100,2,10000,false,0.000000,,1050,10000,Pass (P=0.0%),pass
tacet,medium,tail,20,iid,5,100,7,10000,false,0.000000,,1065,10000,Pass (P=0.0%),pass
tacet,medium,tail,20,iid,5,100,9,10000,false,0.000000,,1073,10000,Pass (P=0.0%),pass
tacet,medium,tail,20,iid,5,100,23,10000,false,0.000000,,1067,10000,Pass (P=0.0%),pass
tacet,medium,tail,20,iid,5,0.4,14,10000,true,0.997250,,1118,10000,"Fail (P=99.7%, Http2Multiplexing)",fail
tacet,medium,tail,4,ar1-0.8,5,0.4,41,10000,true,1.000000,,1213,10000,"Fail (P=100.0%, SharedHardwareOnly)",fail
tacet,medium,tail,4,ar1-0.8,5,100,48,10000,false,0.000000,,1220,10000,Pass (P=0.0%),pass
tacet,medium,tail,4,ar1-0.8,5,0.4,53,10000,true,1.000000,,1226,10000,"Fail (P=100.0%, SharedHardwareOnly)",fail
tacet,medium,tail,4,ar1-0.8,5,100,59,10000,false,0.000000,,1250,10000,Pass (P=0.0%),pass
tacet,medium,tail,4,ar1-0.8,5,100,46,10000,false,0.000000,,1246,10000,Pass (P=0.0%),pass
tacet,medium,tail,20,ar1-0.3,5,100,7,10000,false,0.000000,,1272,10000,Pass (P=0.0%),pass
tacet,medium,tail,4,ar1-0.8,5,100,49,10000,false,0.000000,,1259,10000,Pass (P=0.0%),pass
tacet,medium,tail,4,ar1-0.8,5,0.4,56,10000,true,1.000000,,1274,10000,"Fail (P=100.0%, SharedHardwareOnly)",fail
tacet,medium,tail,4,ar1-0.8,5,0.4,45,10000,true,1.000000,,1274,10000,"Fail (P=100.0%, SharedHardwareOnly)",fail
tacet,medium,tail,20,iid,5,0.4,31,10000,true,0.997000,,1081,10000,"Fail (P=99.7%, Http2Multiplexing)",fail
tacet,medium,tail,4,ar1-0.8,5,0.4,54,10000,true,1.000000,,1219,10000,"Fail (P=100.0%, SharedHardwareOnly)",fail
tacet,medium,tail,20,iid,5,100,18,10000,false,0.000000,,1051,10000,Pass (P=0.0%),pass
tacet,medium,tail,20,iid,5,0.4,1,10000,true,0.996500,,1056,10000,"Fail (P=99.7%, Http2Multiplexing)",fail
tacet,medium,tail,20,iid,5,0.4,12,10000,true,0.996500,,1049,10000,"Fail (P=99.7%, Http2Multiplexing)",fail
tacet,medium,tail,20,iid,5,0.4,37,10000,true,0.996250,,1074,10000,"Fail (P=99.6%, Http2Multiplexing)",fail
tacet,medium,tail,20,iid,5,0.4,40,10000,true,0.997000,,1099,10000,"Fail (P=99.7%, Http2Multiplexing)",fail
tacet,medium,tail,20,iid,5,100,43,10000,false,0.000000,,1108,10000,Pass (P=0.0%),pass
tacet,medium,tail,20,iid,5,0.4,56,10000,true,0.997000,,1122,10000,"Fail (P=99.7%, Http2Multiplexing)",fail
tacet,medium,tail,20,iid,5,100,3,10000,false,0.000000,,1109,10000,Pass (P=0.0%),pass
tacet,medium,tail,20,iid,5,100,20,10000,false,0.000000,,1063,10000,Pass (P=0.0%),pass
tacet,medium,tail,20,iid,5,0.4,10,10000,true,0.996500,,1076,10000,"Fail (P=99.7%, Http2Multiplexing)",fail
tacet,medium,tail,20,iid,5,0.4,24,10000,true,0.997250,,1081,10000,"Fail (P=99.7%, Http2Multiplexing)",fail
tacet,medium,tail,4,ar1-0.8,5,100,53,10000,false,0.000000,,1226,10000,Pass (P=0.0%),pass
tacet,medium,tail,20,iid,5,100,15,10000,false,0.000000,,1088,10000,Pass (P=0.0%),pass
tacet,medium,tail,20,iid,5,100,14,10000,false,0.000000,,1063,10000,Pass (P=0.0%),pass
tacet,medium,tail,20,iid,5,0.4,15,10000,true,0.997000,,1070,10000,"Fail (P=99.7%, Http2Multiplexing)",fail
tacet,medium,tail,4,ar1-0.8,5,0.4,57,10000,true,1.000000,,1224,10000,"Fail (P=100.0%, SharedHardwareOnly)",fail
tacet,medium,tail,20,iid,5,100,37,10000,false,0.000000,,1068,10000,Pass (P=0.0%),pass
tacet,medium,tail,4,ar1-0.8,5,100,54,10000,false,0.000000,,1223,10000,Pass (P=0.0%),pass
tacet,medium,tail,20,iid,5,0.4,28,10000,true,1.000000,,1093,10000,"Fail (P=100.0%, Http2Multiplexing)",fail
tacet,medium,tail,20,iid,5,0.4,25,10000,true,0.997250,,1056,10000,"Fail (P=99.7%, Http2Multiplexing)",fail
tacet,medium,tail,4,ar1-0.8,5,100,50,10000,false,0.000000,,1259,10000,Pass (P=0.0%),pass
tacet,medium,tail,4,ar1-0.8,5,0.4,47,10000,true,1.000000,,1252,10000,"Fail (P=100.0%, SharedHardwareOnly)",fail
tacet,medium,tail,4,ar1-0.8,5,100,45,10000,false,0.000000,,1266,10000,Pass (P=0.0%),pass
tacet,medium,tail,4,ar1-0.8,5,0.4,50,10000,true,1.000000,,1268,10000,"Fail (P=100.0%, SharedHardwareOnly)",fail
tacet,medium,tail,20,iid,5,0.4,27,10000,true,0.997000,,1068,10000,"Fail (P=99.7%, Http2Multiplexing)",fail
tacet,medium,tail,20,ar1-0.3,5,0.4,8,10000,true,0.995500,,1316,10000,"Fail (P=99.6%, Http2Multiplexing)",fail
tacet,medium,tail,20,ar1-0.3,5,0.4,1,10000,true,0.996000,,1326,10000,"Fail (P=99.6%, Http2Multiplexing)",fail
tacet,medium,tail,20,iid,5,100,48,10000,false,0.000000,,1062,10000,Pass (P=0.0%),pass
tacet,medium,tail,20,iid,5,0.4,29,10000,true,0.996500,,1087,10000,"Fail (P=99.7%, Http2Multiplexing)",fail
tacet,medium,tail,20,iid,5,100,28,10000,false,0.000000,,1065,10000,Pass (P=0.0%),pass
tacet,medium,tail,20,iid,5,100,32,10000,false,0.000000,,1894,10000,Pass (P=0.0%),pass
tacet,medium,tail,4,ar1-0.8,5,100,57,10000,false,0.000000,,1262,10000,Pass (P=0.0%),pass
tacet,medium,tail,4,ar1-0.8,5,100,51,10000,false,0.000000,,1304,10000,Pass (P=0.0%),pass
tacet,medium,tail,20,iid,5,0.4,19,10000,true,1.000000,,1065,10000,"Fail (P=100.0%, Http2Multiplexing)",fail
tacet,medium,tail,20,iid,5,100,12,10000,false,0.000000,,1117,10000,Pass (P=0.0%),pass
tacet,medium,tail,20,iid,5,100,19,10000,false,0.000000,,1074,10000,Pass (P=0.0%),pass
tacet,medium,tail,4,ar1-0.8,5,0.4,58,10000,true,1.000000,,1215,10000,"Fail (P=100.0%, SharedHardwareOnly)",fail
tacet,medium,tail,20,iid,5,100,40,10000,false,0.000000,,1097,10000,Pass (P=0.0%),pass
tacet,medium,tail,20,iid,5,100,56,10000,false,0.000000,,1094,10000,Pass (P=0.0%),pass
tacet,medium,tail,20,iid,5,0.4,21,10000,true,1.000000,,1084,10000,"Fail (P=100.0%, Http2Multiplexing)",fail
tacet,medium,tail,20,iid,5,100,10,10000,false,0.000000,,1079,10000,Pass (P=0.0%),pass
tacet,medium,tail,20,iid,5,0.4,20,10000,true,0.997000,,1080,10000,"Fail (P=99.7%, Http2Multiplexing)",fail
tacet,medium,tail,20,iid,5,100,24,10000,false,0.000000,,1092,10000,Pass (P=0.0%),pass
tacet,medium,tail,20,iid,5,0.4,16,10000,true,1.000000,,1109,10000,"Fail (P=100.0%, Http2Multiplexing)",fail
tacet,medium,tail,20,iid,5,0.4,4,10000,true,0.997000,,1229,10000,"Fail (P=99.7%, Http2Multiplexing)",fail
tacet,medium,tail,20,iid,5,0.4,38,10000,true,0.997250,,1067,10000,"Fail (P=99.7%, Http2Multiplexing)",fail
tacet,medium,tail,20,iid,5,0.4,22,10000,true,1.000000,,1174,10000,"Fail (P=100.0%, Http2Multiplexing)",fail
tacet,medium,tail,20,iid,5,0.4,44,10000,true,1.000000,,1330,10000,"Fail (P=100.0%, Http2Multiplexing)",fail
tacet,medium,tail,4,ar1-0.8,5,0.4,52,10000,true,1.000000,,1215,10000,"Fail (P=100.0%, SharedHardwareOnly)",fail
tacet,medium,tail,20,iid,5,100,16,10000,false,0.000000,,1107,10000,Pass (P=0.0%),pass
tacet,medium,tail,20,iid,5,0.4,13,10000,true,1.000000,,1120,10000,"Fail (P=100.0%, Http2Multiplexing)",fail
tacet,medium,tail,20,iid,5,100,25,10000,false,0.000000,,1100,10000,Pass (P=0.0%),pass
tacet,medium,tail,20,iid,5,100,27,10000,false,0.000000,,1070,10000,Pass (P=0.0%),pass
tacet,medium,tail,20,iid,5,100,41,10000,false,0.000000,,1106,10000,Pass (P=0.0%),pass
tacet,medium,tail,20,iid,5,100,4,10000,false,0.000000,,1105,10000,Pass (P=0.0%),pass
tacet,medium,tail,20,iid,5,0.4,49,10000,true,1.000000,,1068,10000,"Fail (P=100.0%, Http2Multiplexing)",fail
tacet,medium,tail,4,ar1-0.8,5,0.4,51,10000,true,1.000000,,1256,10000,"Fail (P=100.0%, SharedHardwareOnly)",fail
tacet,medium,tail,20,ar1-0.3,5,100,13,10000,false,0.000000,,1263,10000,Pass (P=0.0%),pass
tacet,medium,tail,20,iid,5,100,29,10000,false,0.000000,,1096,10000,Pass (P=0.0%),pass
tacet,medium,tail,20,ar1-0.3,5,100,8,10000,false,0.000000,,1277,10000,Pass (P=0.0%),pass
tacet,medium,tail,20,ar1-0.3,5,100,1,10000,false,0.000000,,1277,10000,Pass (P=0.0%),pass
tacet,medium,tail,20,iid,5,100,38,10000,false,0.000000,,1060,10000,Pass (P=0.0%),pass
tacet,medium,tail,20,iid,5,0.4,17,10000,true,0.996750,,1056,10000,"Fail (P=99.7%, Http2Multiplexing)",fail
tacet,medium,tail,20,ar1-0.3,5,100,10,10000,false,0.000000,,1279,10000,Pass (P=0.0%),pass
tacet,medium,tail,20,iid,5,0.4,42,10000,true,1.000000,,1204,10000,"Fail (P=100.0%, Http2Multiplexing)",fail
tacet,medium,tail,20,iid,5,100,51,10000,false,0.000000,,1069,10000,Pass (P=0.0%),pass
tacet,medium,tail,20,iid,5,0.4,57,10000,true,0.997750,,1098,10000,"Fail (P=99.8%, Http2Multiplexing)",fail
tacet,medium,tail,20,iid,5,0.4,50,10000,true,0.996250,,1075,10000,"Fail (P=99.6%, Http2Multiplexing)",fail
tacet,medium,tail,20,iid,5,100,45,10000,false,0.000000,,1056,10000,Pass (P=0.0%),pass
tacet,medium,tail,20,iid,5,0.4,47,10000,true,1.000000,,1064,10000,"Fail (P=100.0%, Http2Multiplexing)",fail
tacet,medium,tail,20,iid,5,100,22,10000,false,0.000000,,1080,10000,Pass (P=0.0%),pass
tacet,medium,tail,20,ar1-0.3,5,100,12,10000,false,0.000000,,1260,10000,Pass (P=0.0%),pass
tacet,medium,tail,20,ar1-0.3,5,0.4,9,10000,true,0.996000,,1237,10000,"Fail (P=99.6%, Http2Multiplexing)",fail
tacet,medium,tail,20,ar1-0.3,5,0.4,4,10000,true,0.996250,,1249,10000,"Fail (P=99.6%, Http2Multiplexing)",fail
tacet,medium,tail,4,ar1-0.8,5,100,56,10000,false,0.000000,,3160,10000,Pass (P=0.0%),pass
tacet,medium,tail,20,iid,5,100,59,10000,false,0.000000,,1058,10000,Pass (P=0.0%),pass
tacet,medium,tail,20,iid,5,0.4,46,10000,true,0.996500,,1089,10000,"Fail (P=99.7%, Http2Multiplexing)",fail
tacet,medium,tail,20,iid,5,100,58,10000,false,0.000000,,1072,10000,Pass (P=0.0%),pass
tacet,medium,tail,20,iid,5,0.4,23,10000,true,1.000000,,984,10000,"Fail (P=100.0%, Http2Multiplexing)",fail
tacet,medium,tail,20,iid,5,0.4,45,10000,true,0.996750,,1077,10000,"Fail (P=99.7%, Http2Multiplexing)",fail
tacet,medium,tail,20,ar1-0.3,5,100,16,10000,false,0.000000,,1278,10000,Pass (P=0.0%),pass
tacet,medium,tail,20,iid,5,100,21,10000,false,0.000000,,2027,10000,Pass (P=0.0%),pass
tacet,medium,tail,20,ar1-0.3,5,0.4,13,10000,true,0.995500,,1277,10000,"Fail (P=99.6%, Http2Multiplexing)",fail
tacet,medium,tail,20,iid,5,0.4,53,10000,true,0.996500,,1090,10000,"Fail (P=99.7%, Http2Multiplexing)",fail
tacet,medium,tail,20,ar1-0.3,5,0.4,14,10000,true,0.995250,,1263,10000,"Fail (P=99.5%, Http2Multiplexing)",fail
tacet,medium,tail,20,ar1-0.3,5,0.4,0,10000,true,0.995500,,1288,10000,"Fail (P=99.6%, Http2Multiplexing)",fail
tacet,medium,tail,20,ar1-0.3,5,0.4,11,10000,true,0.996000,,1266,10000,"Fail (P=99.6%, Http2Multiplexing)",fail
tacet,medium,tail,20,ar1-0.3,5,0.4,2,10000,true,0.995500,,1254,10000,"Fail (P=99.6%, Http2Multiplexing)",fail
tacet,medium,tail,20,ar1-0.3,5,0.4,18,10000,true,0.996000,,1237,10000,"Fail (P=99.6%, Http2Multiplexing)",fail
tacet,medium,tail,20,iid,5,0.4,26,10000,true,0.996500,,1978,10000,"Fail (P=99.7%, Http2Multiplexing)",fail
tacet,medium,tail,20,iid,5,100,50,10000,false,0.000000,,1007,10000,Pass (P=0.0%),pass
tacet,medium,tail,20,iid,5,0.4,52,10000,true,1.000000,,1061,10000,"Fail (P=100.0%, Http2Multiplexing)",fail
tacet,medium,tail,20,ar1-0.3,5,100,5,10000,false,0.000000,,1108,10000,Pass (P=0.0%),pass
tacet,medium,tail,20,iid,5,100,54,10000,false,0.000000,,644,10000,Pass (P=0.0%),pass
tacet,medium,tail,20,iid,5,100,46,10000,false,0.000000,,861,10000,Pass (P=0.0%),pass
tacet,medium,tail,20,iid,5,100,52,10000,false,0.000000,,946,10000,Pass (P=0.0%),pass
tacet,medium,tail,20,ar1-0.3,5,0.4,19,10000,true,0.995000,,1137,10000,"Fail (P=99.5%, Http2Multiplexing)",fail
tacet,medium,tail,20,ar1-0.3,5,0.4,17,10000,true,0.994750,,1099,10000,"Fail (P=99.5%, Http2Multiplexing)",fail
tacet,medium,tail,20,ar1-0.3,5,0.4,7,10000,true,1.000000,,821,10000,"Fail (P=100.0%, Http2Multiplexing)",fail
tacet,medium,tail,20,ar1-0.3,5,100,14,10000,false,0.000000,,1008,10000,Pass (P=0.0%),pass
tacet,medium,tail,20,ar1-0.3,5,0.4,5,10000,true,0.994500,,566,10000,"Fail (P=99.5%, Http2Multiplexing)",fail
tacet,medium,tail,20,ar1-0.3,5,100,17,10000,false,0.000000,,598,10000,Pass (P=0.0%),pass
tacet,medium,tail,20,ar1-0.3,5,0.4,6,10000,true,0.995500,,598,10000,"Fail (P=99.6%, Http2Multiplexing)",fail
tacet,medium,tail,20,ar1-0.3,5,100,4,10000,false,0.000000,,1131,10000,Pass (P=0.0%),pass
tacet,medium,tail,20,ar1-0.3,5,100,2,10000,false,0.000000,,1125,10000,Pass (P=0.0%),pass
tacet,medium,tail,20,ar1-0.3,5,100,18,10000,false,0.000000,,1310,10000,Pass (P=0.0%),pass
tacet,medium,tail,20,iid,5,100,53,10000,false,0.000000,,1205,10000,Pass (P=0.0%),pass
tacet,medium,tail,20,iid,5,0.4,54,10000,true,1.000000,,1315,10000,"Fail (P=100.0%, Http2Multiplexing)",fail
tacet,medium,tail,20,iid,5,0.4,51,10000,true,0.996750,,1397,10000,"Fail (P=99.7%, Http2Multiplexing)",fail
tacet,medium,tail,20,ar1-0.3,5,100,11,10000,false,0.000000,,1404,10000,Pass (P=0.0%),pass
tacet,medium,tail,20,ar1-0.3,5,100,19,10000,false,0.000000,,1398,10000,Pass (P=0.0%),pass
tacet,medium,tail,20,ar1-0.3,5,100,6,10000,false,0.000000,,1361,10000,Pass (P=0.0%),pass
tacet,medium,tail,20,ar1-0.3,5,100,3,10000,false,0.000000,,1316,10000,Pass (P=0.0%),pass
tacet,medium,tail,20,ar1-0.3,5,0.4,3,10000,true,0.996000,,1454,10000,"Fail (P=99.6%, Http2Multiplexing)",fail
tacet,medium,tail,20,iid,5,100,57,10000,false,0.000000,,2756,10000,Pass (P=0.0%),pass
tacet,medium,tail,20,iid,5,100,13,10000,false,0.000000,,3328,10000,Pass (P=0.0%),pass
tacet,medium,tail,20,iid,5,0.4,6,10000,true,1.000000,,5364,10000,"Fail (P=100.0%, Http2Multiplexing)",fail
tacet,medium,tail,20,iid,5,100,47,10000,false,0.000000,,2231,10000,Pass (P=0.0%),pass
tacet,medium,tail,20,iid,5,0.4,48,10000,true,0.996750,,2055,10000,"Fail (P=99.7%, Http2Multiplexing)",fail
tacet,medium,tail,20,ar1-0.3,5,100,15,10000,false,0.000000,,2188,10000,Pass (P=0.0%),pass
tacet,medium,tail,20,ar1-0.3,5,0.4,10,10000,true,1.000000,,2422,10000,"Fail (P=100.0%, Http2Multiplexing)",fail
tacet,medium,tail,20,ar1-0.3,5,0.4,16,10000,true,0.996250,,2099,10000,"Fail (P=99.6%, Http2Multiplexing)",fail
tacet,medium,tail,20,ar1-0.3,5,100,9,10000,false,0.000000,,2656,10000,Pass (P=0.0%),pass
tacet,medium,tail,20,ar1-0.3,5,100,0,10000,false,0.000000,,2055,10000,Pass (P=0.0%),pass
tacet,medium,tail,20,iid,5,100,35,10000,false,0.000000,,5612,10000,Pass (P=0.0%),pass
tacet,medium,tail,20,ar1-0.3,5,0.4,12,10000,true,0.996000,,3488,10000,"Fail (P=99.6%, Http2Multiplexing)",fail
tacet,medium,tail,20,iid,5,100,44,10000,false,0.000000,,3228,10000,Pass (P=0.0%),pass
tacet,medium,tail,20,ar1-0.3,5,0.4,15,10000,true,0.996250,,2631,10000,"Fail (P=99.6%, Http2Multiplexing)",fail
tacet,medium,tail,20,iid,5,0.4,59,10000,true,0.996750,,3246,10000,"Fail (P=99.7%, Http2Multiplexing)",fail
tacet,medium,tail,20,iid,5,100,49,10000,false,0.000000,,3558,10000,Pass (P=0.0%),pass
tacet,medium,tail,20,iid,5,100,26,10000,false,0.000000,,6065,10000,Pass (P=0.0%),pass
tacet,medium,tail,20,iid,5,0.4,58,10000,true,0.997500,,3860,10000,"Fail (P=99.8%, Http2Multiplexing)",fail
tacet,medium,tail,4,ar1-0.8,5,0.4,55,10000,true,1.000000,,6131,10000,"Fail (P=100.0%, SharedHardwareOnly)",fail
tacet,medium,tail,20,iid,5,0.4,41,10000,true,1.000000,,4432,10000,"Fail (P=100.0%, Http2Multiplexing)",fail
tacet,medium,tail,20,iid,5,0.4,9,10000,true,0.996750,,6763,10000,"Fail (P=99.7%, Http2Multiplexing)",fail
tacet,medium,tail,4,ar1-0.8,5,0.4,59,10000,true,1.000000,,7722,10000,"Fail (P=100.0%, SharedHardwareOnly)",fail
tacet,medium,tail,20,ar1-0.6,5,100,11,10000,false,0.000000,,1206,10000,Pass (P=0.0%),pass
tacet,medium,tail,20,ar1-0.6,5,0.4,12,10000,true,1.000000,,1208,10000,"Fail (P=100.0%, Http2Multiplexing)",fail
tacet,medium,tail,20,ar1-0.3,5,100,26,10000,false,0.000000,,1214,10000,Pass (P=0.0%),pass
tacet,medium,tail,20,ar1-0.3,5,100,27,10000,false,0.000000,,1217,10000,Pass (P=0.0%),pass
tacet,medium,tail,20,ar1-0.3,5,100,20,10000,false,0.000000,,1217,10000,Pass (P=0.0%),pass
tacet,medium,tail,20,ar1-0.3,5,0.4,45,10000,true,0.995000,,1217,10000,"Fail (P=99.5%, Http2Multiplexing)",fail
tacet,medium,tail,20,ar1-0.3,5,0.4,23,10000,true,0.995750,,1219,10000,"Fail (P=99.6%, Http2Multiplexing)",fail
tacet,medium,tail,20,ar1-0.3,5,0.4,25,10000,true,0.995000,,1220,10000,"Fail (P=99.5%, Http2Multiplexing)",fail
tacet,medium,tail,20,ar1-0.3,5,0.4,24,10000,true,0.996000,,1221,10000,"Fail (P=99.6%, Http2Multiplexing)",fail
tacet,medium,tail,20,ar1-0.6,5,100,28,10000,false,0.000000,,1224,10000,Pass (P=0.0%),pass
tacet,medium,tail,20,ar1-0.6,5,100,31,10000,false,0.000000,,1226,10000,Pass (P=0.0%),pass
tacet,medium,tail,20,ar1-0.3,5,100,30,10000,false,0.000000,,1226,10000,Pass (P=0.0%),pass
tacet,medium,tail,20,ar1-0.6,5,100,47,10000,false,0.000000,,1227,10000,Pass (P=0.0%),pass
tacet,medium,tail,20,ar1-0.3,5,100,21,10000,false,0.000000,,1231,10000,Pass (P=0.0%),pass
tacet,medium,tail,20,ar1-0.3,5,100,25,10000,false,0.000000,,1235,10000,Pass (P=0.0%),pass
tacet,medium,tail,20,ar1-0.3,5,100,32,10000,false,0.000000,,1243,10000,Pass (P=0.0%),pass
tacet,medium,tail,20,ar1-0.6,5,0.4,13,10000,true,1.000000,,1251,10000,"Fail (P=100.0%, Http2Multiplexing)",fail
tacet,medium,tail,20,ar1-0.3,5,0.4,26,10000,true,0.995500,,1252,10000,"Fail (P=99.6%, Http2Multiplexing)",fail
tacet,medium,tail,20,ar1-0.6,5,0.4,16,10000,true,0.997250,,1254,10000,"Fail (P=99.7%, Http2Multiplexing)",fail
tacet,medium,tail,20,ar1-0.6,5,100,10,10000,false,0.000000,,1257,10000,Pass (P=0.0%),pass
tacet,medium,tail,20,ar1-0.3,5,0.4,20,10000,true,0.996000,,1258,10000,"Fail (P=99.6%, Http2Multiplexing)",fail
tacet,medium,tail,20,ar1-0.6,5,100,22,10000,false,0.000000,,1262,10000,Pass (P=0.0%),pass
tacet,medium,tail,20,ar1-0.3,5,0.4,22,10000,true,0.995000,,1263,10000,"Fail (P=99.5%, Http2Multiplexing)",fail
tacet,medium,tail,20,ar1-0.6,5,100,25,10000,false,0.000000,,1264,10000,Pass (P=0.0%),pass
tacet,medium,tail,20,ar1-0.6,5,100,17,10000,false,0.000000,,1266,10000,Pass (P=0.0%),pass
tacet,medium,tail,20,ar1-0.3,5,100,24,10000,false,0.000000,,1266,10000,Pass (P=0.0%),pass
tacet,medium,tail,20,ar1-0.6,5,0.4,10,10000,true,1.000000,,1266,10000,"Fail (P=100.0%, Http2Multiplexing)",fail
tacet,medium,tail,20,ar1-0.3,5,100,29,10000,false,0.000000,,1267,10000,Pass (P=0.0%),pass
tacet,medium,tail,20,ar1-0.6,5,0.4,35,10000,true,1.000000,,1269,10000,"Fail (P=100.0%, Http2Multiplexing)",fail
tacet,medium,tail,20,ar1-0.6,5,0.4,19,10000,true,1.000000,,1269,10000,"Fail (P=100.0%, Http2Multiplexing)",fail
tacet,medium,tail,20,ar1-0.3,5,0.4,29,10000,true,1.000000,,1269,10000,"Fail (P=100.0%, Http2Multiplexing)",fail
tacet,medium,tail,20,ar1-0.3,5,100,23,10000,false,0.000000,,1270,10000,Pass (P=0.0%),pass
tacet,medium,tail,20,ar1-0.6,5,0.4,18,10000,true,1.000000,,1224,10000,"Fail (P=100.0%, Http2Multiplexing)",fail
tacet,medium,tail,20,ar1-0.6,5,100,12,10000,false,0.000000,,1228,10000,Pass (P=0.0%),pass
tacet,medium,tail,20,ar1-0.3,5,0.4,27,10000,true,0.994500,,1225,10000,"Fail (P=99.5%, Http2Multiplexing)",fail
tacet,medium,tail,20,ar1-0.6,5,100,20,10000,false,0.000000,,1226,10000,Pass (P=0.0%),pass
tacet,medium,tail,20,ar1-0.3,5,0.4,28,10000,true,0.995000,,1229,10000,"Fail (P=99.5%, Http2Multiplexing)",fail
tacet,medium,tail,20,ar1-0.3,5,0.4,21,10000,true,0.994750,,1232,10000,"Fail (P=99.5%, Http2Multiplexing)",fail
tacet,medium,tail,20,ar1-0.3,5,100,45,10000,false,0.000000,,1233,10000,Pass (P=0.0%),pass
tacet,medium,tail,20,ar1-0.6,5,100,14,10000,false,0.000000,,1231,10000,Pass (P=0.0%),pass
tacet,medium,tail,20,ar1-0.6,5,0.4,29,10000,true,1.000000,,1231,10000,"Fail (P=100.0%, Http2Multiplexing)",fail
tacet,medium,tail,20,ar1-0.3,5,100,57,10000,false,0.000000,,1238,10000,Pass (P=0.0%),pass
tacet,medium,tail,20,ar1-0.3,5,0.4,31,10000,true,0.995000,,1237,10000,"Fail (P=99.5%, Http2Multiplexing)",fail
tacet,medium,tail,20,ar1-0.6,5,0.4,48,10000,true,1.000000,,1236,10000,"Fail (P=100.0%, Http2Multiplexing)",fail
tacet,medium,tail,20,ar1-0.6,5,0.4,32,10000,true,1.000000,,1248,10000,"Fail (P=100.0%, Http2Multiplexing)",fail
tacet,medium,tail,20,ar1-0.6,5,0.4,41,10000,true,1.000000,,1244,10000,"Fail (P=100.0%, Http2Multiplexing)",fail
tacet,medium,tail,20,ar1-0.6,5,100,53,10000,false,0.000000,,1240,10000,Pass (P=0.0%),pass
tacet,medium,tail,20,ar1-0.3,5,0.4,33,10000,true,0.995000,,1238,10000,"Fail (P=99.5%, Http2Multiplexing)",fail
tacet,medium,tail,20,ar1-0.6,5,100,13,10000,false,0.000000,,1265,10000,Pass (P=0.0%),pass
tacet,medium,tail,20,ar1-0.6,5,100,16,10000,false,0.000000,,1264,10000,Pass (P=0.0%),pass
tacet,medium,tail,20,ar1-0.6,5,0.4,11,10000,true,1.000000,,1262,10000,"Fail (P=100.0%, Http2Multiplexing)",fail
tacet,medium,tail,20,ar1-0.6,5,100,50,10000,false,0.000000,,1263,10000,Pass (P=0.0%),pass
tacet,medium,tail,20,ar1-0.6,5,100,21,10000,false,0.000000,,1274,10000,Pass (P=0.0%),pass
tacet,medium,tail,20,ar1-0.6,5,0.4,26,10000,true,1.000000,,1263,10000,"Fail (P=100.0%, Http2Multiplexing)",fail
tacet,medium,tail,20,ar1-0.6,5,0.4,23,10000,true,1.000000,,1276,10000,"Fail (P=100.0%, Http2Multiplexing)",fail
tacet,medium,tail,20,ar1-0.3,5,0.4,30,10000,true,0.996000,,1272,10000,"Fail (P=99.6%, Http2Multiplexing)",fail
tacet,medium,tail,20,ar1-0.6,5,0.4,30,10000,true,1.000000,,1275,10000,"Fail (P=100.0%, Http2Multiplexing)",fail
tacet,medium,tail,20,ar1-0.6,5,100,19,10000,false,0.000000,,1271,10000,Pass (P=0.0%),pass
tacet,medium,tail,20,ar1-0.6,5,100,35,10000,false,0.000000,,1273,10000,Pass (P=0.0%),pass
tacet,medium,tail,20,ar1-0.6,5,0.4,21,10000,true,1.000000,,1278,10000,"Fail (P=100.0%, Http2Multiplexing)",fail
tacet,medium,tail,20,ar1-0.3,5,100,22,10000,false,0.000000,,1281,10000,Pass (P=0.0%),pass
tacet,medium,tail,20,ar1-0.6,5,100,30,10000,false,0.000000,,1277,10000,Pass (P=0.0%),pass
tacet,medium,tail,20,ar1-0.3,5,100,38,10000,false,0.000000,,1285,10000,Pass (P=0.0%),pass
tacet,medium,tail,20,ar1-0.6,5,0.4,49,10000,true,1.000000,,1288,10000,"Fail (P=100.0%, Http2Multiplexing)",fail
tacet,medium,tail,20,ar1-0.6,5,100,18,10000,false,0.000000,,1093,10000,Pass (P=0.0%),pass
tacet,medium,tail,20,ar1-0.6,5,0.4,14,10000,true,1.000000,,1180,10000,"Fail (P=100.0%, Http2Multiplexing)",fail
tacet,medium,tail,20,ar1-0.3,5,0.4,51,10000,true,0.995750,,1236,10000,"Fail (P=99.6%, Http2Multiplexing)",fail
tacet,medium,tail,20,ar1-0.3,5,100,31,10000,false,0.000000,,1223,10000,Pass (P=0.0%),pass
tacet,medium,tail,20,ar1-0.6,5,0.4,52,10000,true,0.996500,,1229,10000,"Fail (P=99.7%, Http2Multiplexing)",fail
tacet,medium,tail,20,ar1-0.6,5,0.4,15,10000,true,1.000000,,1222,10000,"Fail (P=100.0%, Http2Multiplexing)",fail
tacet,medium,tail,20,ar1-0.3,5,0.4,46,10000,true,0.996000,,1224,10000,"Fail (P=99.6%, Http2Multiplexing)",fail
tacet,medium,tail,20,ar1-0.6,5,100,29,10000,false,0.000000,,1233,10000,Pass (P=0.0%),pass
tacet,medium,tail,20,ar1-0.6,5,100,48,10000,false,0.000000,,1232,10000,Pass (P=0.0%),pass
tacet,medium,tail,20,ar1-0.3,5,0.4,58,10000,true,0.996000,,1239,10000,"Fail (P=99.6%, Http2Multiplexing)",fail
tacet,medium,tail,20,ar1-0.6,5,100,32,10000,false,0.000000,,1236,10000,Pass (P=0.0%),pass
tacet,medium,tail,20,ar1-0.6,5,100,41,10000,false,0.000000,,1238,10000,Pass (P=0.0%),pass
tacet,medium,tail,20,ar1-0.6,5,0.4,54,10000,true,1.000000,,1251,10000,"Fail (P=100.0%, Http2Multiplexing)",fail
tacet,medium,tail,20,ar1-0.3,5,100,33,10000,false,0.000000,,1251,10000,Pass (P=0.0%),pass
tacet,medium,tail,20,ar1-0.6,5,0.4,17,10000,true,1.000000,,1289,10000,"Fail (P=100.0%, Http2Multiplexing)",fail
tacet,medium,tail,20,ar1-0.6,5,0.4,20,10000,true,1.000000,,1267,10000,"Fail (P=100.0%, Http2Multiplexing)",fail
tacet,medium,tail,20,ar1-0.6,5,0.4,51,10000,true,1.000000,,1289,10000,"Fail (P=100.0%, Http2Multiplexing)",fail
tacet,medium,tail,20,ar1-0.6,5,100,27,10000,false,0.000000,,1268,10000,Pass (P=0.0%),pass
tacet,medium,tail,20,ar1-0.6,5,100,23,10000,false,0.000000,,1276,10000,Pass (P=0.0%),pass
tacet,medium,tail,20,ar1-0.6,5,0.4,27,10000,true,1.000000,,1279,10000,"Fail (P=100.0%, Http2Multiplexing)",fail
tacet,medium,tail,20,ar1-0.6,5,0.4,31,10000,true,1.000000,,1275,10000,"Fail (P=100.0%, Http2Multiplexing)",fail
tacet,medium,tail,20,ar1-0.6,5,0.4,36,10000,true,1.000000,,1279,10000,"Fail (P=100.0%, Http2Multiplexing)",fail
tacet,medium,tail,20,ar1-0.3,5,0.4,39,10000,true,0.996000,,1274,10000,"Fail (P=99.6%, Http2Multiplexing)",fail
tacet,medium,tail,20,ar1-0.6,5,100,52,10000,false,0.000000,,1290,10000,Pass (P=0.0%),pass
tacet,medium,tail,20,ar1-0.6,5,100,49,10000,false,0.000000,,1280,10000,Pass (P=0.0%),pass
tacet,medium,tail,20,ar1-0.6,5,0.4,38,10000,true,1.000000,,1236,10000,"Fail (P=100.0%, Http2Multiplexing)",fail
tacet,medium,tail,20,ar1-0.6,5,100,3,10000,false,0.000000,,1259,10000,Pass (P=0.0%),pass
tacet,medium,tail,20,ar1-0.6,5,0.4,50,10000,true,1.000000,,1277,10000,"Fail (P=100.0%, Http2Multiplexing)",fail
tacet,medium,tail,20,ar1-0.3,5,0.4,48,10000,true,0.996250,,1321,10000,"Fail (P=99.6%, Http2Multiplexing)",fail
tacet,medium,tail,20,ar1-0.3,5,0.4,32,10000,true,1.000000,,1229,10000,"Fail (P=100.0%, Http2Multiplexing)",fail
tacet,medium,tail,20,ar1-0.6,5,0.4,33,10000,true,1.000000,,1277,10000,"Fail (P=100.0%, Http2Multiplexing)",fail
tacet,medium,tail,20,ar1-0.6,5,0.4,24,10000,true,1.000000,,1256,10000,"Fail (P=100.0%, Http2Multiplexing)",fail
tacet,medium,tail,20,ar1-0.6,5,100,0,10000,false,0.000000,,1238,10000,Pass (P=0.0%),pass
tacet,medium,tail,20,ar1-0.3,5,100,28,10000,false,0.000000,,2352,10000,Pass (P=0.0%),pass
tacet,medium,tail,20,ar1-0.6,5,0.4,22,10000,true,1.000000,,2281,10000,"Fail (P=100.0%, Http2Multiplexing)",fail
tacet,medium,tail,20,ar1-0.6,5,100,6,10000,false,0.000000,,1242,10000,Pass (P=0.0%),pass
tacet,medium,tail,20,ar1-0.6,5,0.4,44,10000,true,1.000000,,1224,10000,"Fail (P=100.0%, Http2Multiplexing)",fail
tacet,medium,tail,20,ar1-0.3,5,100,46,10000,false,0.000000,,1228,10000,Pass (P=0.0%),pass
tacet,medium,tail,20,ar1-0.3,5,100,51,10000,false,0.000000,,1238,10000,Pass (P=0.0%),pass
tacet,medium,tail,20,ar1-0.6,5,100,36,10000,false,0.000000,,1236,10000,Pass (P=0.0%),pass
tacet,medium,tail,20,ar1-0.6,5,0.4,28,10000,true,1.000000,,1230,10000,"Fail (P=100.0%, Http2Multiplexing)",fail
tacet,medium,tail,20,ar1-0.3,5,100,59,10000,false,0.000000,,1241,10000,Pass (P=0.0%),pass
tacet,medium,tail,20,ar1-0.6,5,100,51,10000,false,0.000000,,1239,10000,Pass (P=0.0%),pass
tacet,medium,tail,20,ar1-0.6,5,0.4,42,10000,true,1.000000,,1247,10000,"Fail (P=100.0%, Http2Multiplexing)",fail
tacet,medium,tail,20,ar1-0.6,5,100,54,10000,false,0.000000,,1250,10000,Pass (P=0.0%),pass
tacet,medium,tail,20,ar1-0.3,5,0.4,34,10000,true,1.000000,,1251,10000,"Fail (P=100.0%, Http2Multiplexing)",fail
tacet,medium,tail,20,ar1-0.3,5,0.4,59,10000,true,0.996250,,1368,10000,"Fail (P=99.6%, Http2Multiplexing)",fail
tacet,medium,tail,20,ar1-0.6,5,0.4,2,10000,true,1.000000,,1260,10000,"Fail (P=100.0%, Http2Multiplexing)",fail
tacet,medium,tail,20,ar1-0.6,5,100,42,10000,false,0.000000,,1263,10000,Pass (P=0.0%),pass
tacet,medium,tail,20,ar1-0.6,5,0.4,58,10000,true,1.000000,,1266,10000,"Fail (P=100.0%, Http2Multiplexing)",fail
tacet,medium,tail,20,ar1-0.3,5,100,39,10000,false,0.000000,,1263,10000,Pass (P=0.0%),pass
tacet,medium,tail,20,ar1-0.6,5,0.4,5,10000,true,1.000000,,1284,10000,"Fail (P=100.0%, Http2Multiplexing)",fail
tacet,medium,tail,20,ar1-0.6,5,100,56,10000,false,0.000000,,1283,10000,Pass (P=0.0%),pass
tacet,medium,tail,20,ar1-0.3,5,0.4,50,10000,true,0.995250,,1274,10000,"Fail (P=99.5%, Http2Multiplexing)",fail
tacet,medium,tail,20,ar1-0.6,5,0.4,53,10000,true,0.998000,,1271,10000,"Fail (P=99.8%, Http2Multiplexing)",fail
tacet,medium,tail,20,ar1-0.6,5,0.4,8,10000,true,0.998250,,1280,10000,"Fail (P=99.8%, Http2Multiplexing)",fail
tacet,medium,tail,20,ar1-0.6,5,100,38,10000,false,0.000000,,1238,10000,Pass (P=0.0%),pass
tacet,medium,tail,20,ar1-0.3,5,100,41,10000,false,0.000000,,1277,10000,Pass (P=0.0%),pass
tacet,medium,tail,20,ar1-0.6,5,0.4,4,10000,true,1.000000,,1269,10000,"Fail (P=100.0%, Http2Multiplexing)",fail
tacet,medium,tail,20,ar1-0.6,5,100,24,10000,false,0.000000,,1269,10000,Pass (P=0.0%),pass
tacet,medium,tail,20,ar1-0.3,5,100,48,10000,false,0.000000,,1294,10000,Pass (P=0.0%),pass
tacet,medium,tail,20,ar1-0.3,5,0.4,40,10000,true,0.996000,,1231,10000,"Fail (P=99.6%, Http2Multiplexing)",fail
tacet,medium,tail,20,ar1-0.6,5,100,33,10000,false,0.000000,,1281,10000,Pass (P=0.0%),pass
tacet,medium,tail,20,ar1-0.6,5,0.4,34,10000,true,1.000000,,1264,10000,"Fail (P=100.0%, Http2Multiplexing)",fail
tacet,medium,tail,20,ar1-0.6,5,0.4,1,10000,true,1.000000,,1243,10000,"Fail (P=100.0%, Http2Multiplexing)",fail
tacet,medium,tail,20,ar1-0.6,5,0.4,43,10000,true,1.000000,,1243,10000,"Fail (P=100.0%, Http2Multiplexing)",fail
tacet,medium,tail,20,ar1-0.6,5,0.4,59,10000,true,1.000000,,1268,10000,"Fail (P=100.0%, Http2Multiplexing)",fail
tacet,medium,tail,20,ar1-0.6,5,0.4,7,10000,true,1.000000,,1239,10000,"Fail (P=100.0%, Http2Multiplexing)",fail
tacet,medium,tail,20,ar1-0.3,5,0.4,47,10000,true,0.996000,,1229,10000,"Fail (P=99.6%, Http2Multiplexing)",fail
tacet,medium,tail,20,ar1-0.6,5,100,44,10000,false,0.000000,,1234,10000,Pass (P=0.0%),pass
tacet,medium,tail,20,ar1-0.6,5,0.4,37,10000,true,1.000000,,1226,10000,"Fail (P=100.0%, Http2Multiplexing)",fail
tacet,medium,tail,20,ar1-0.3,5,0.4,52,10000,true,0.995750,,1240,10000,"Fail (P=99.6%, Http2Multiplexing)",fail
tacet,medium,tail,20,ar1-0.6,5,0.4,0,10000,true,1.000000,,1235,10000,"Fail (P=100.0%, Http2Multiplexing)",fail
tacet,medium,tail,20,ar1-0.6,5,0.4,55,10000,true,1.000000,,1227,10000,"Fail (P=100.0%, Http2Multiplexing)",fail
tacet,medium,tail,20,ar1-0.3,5,100,34,10000,false,0.000000,,1238,10000,Pass (P=0.0%),pass
tacet,medium,tail,20,ar1-0.6,5,100,2,10000,false,0.000000,,1257,10000,Pass (P=0.0%),pass
tacet,medium,tail,20,ar1-0.6,5,100,58,10000,false,0.000000,,1265,10000,Pass (P=0.0%),pass
tacet,medium,tail,20,ar1-0.6,5,100,45,10000,false,0.000000,,1271,10000,Pass (P=0.0%),pass
tacet,medium,tail,20,ar1-0.6,5,0.4,57,10000,true,1.000000,,1296,10000,"Fail (P=100.0%, Http2Multiplexing)",fail
tacet,medium,tail,20,ar1-0.6,5,100,8,10000,false,0.000000,,1279,10000,Pass (P=0.0%),pass
tacet,medium,tail,20,ar1-0.6,5,0.4,39,10000,true,1.000000,,1238,10000,"Fail (P=100.0%, Http2Multiplexing)",fail
tacet,medium,tail,20,ar1-0.6,5,100,4,10000,false,0.000000,,1280,10000,Pass (P=0.0%),pass
tacet,medium,tail,20,ar1-0.3,5,100,35,10000,false,0.000000,,1272,10000,Pass (P=0.0%),pass
tacet,medium,tail,20,ar1-0.3,5,0.4,42,10000,true,0.995750,,1269,10000,"Fail (P=99.6%, Http2Multiplexing)",fail
tacet,medium,tail,20,ar1-0.3,5,0.4,43,10000,true,0.996000,,1233,10000,"Fail (P=99.6%, Http2Multiplexing)",fail
tacet,medium,tail,20,ar1-0.6,5,0.4,25,10000,true,1.000000,,1281,10000,"Fail (P=100.0%, Http2Multiplexing)",fail
tacet,medium,tail,20,ar1-0.3,5,100,40,10000,false,0.000000,,1270,10000,Pass (P=0.0%),pass
tacet,medium,tail,20,ar1-0.6,5,100,59,10000,false,0.000000,,1229,10000,Pass (P=0.0%),pass
tacet,medium,tail,20,ar1-0.6,5,0.4,6,10000,true,1.000000,,1271,10000,"Fail (P=100.0%, Http2Multiplexing)",fail
tacet,medium,tail,20,ar1-0.6,5,100,39,10000,false,0.000000,,1221,10000,Pass (P=0.0%),pass
tacet,medium,tail,20,ar1-0.6,5,0.4,40,10000,true,1.000000,,1261,10000,"Fail (P=100.0%, Http2Multiplexing)",fail
tacet,medium,tail,20,ar1-0.6,5,100,40,10000,false,0.000000,,1227,10000,Pass (P=0.0%),pass
tacet,medium,tail,20,ar1-0.6,5,100,57,10000,false,0.000000,,1238,10000,Pass (P=0.0%),pass
tacet,medium,tail,20,ar1-0.3,5,100,49,10000,false,0.000000,,3412,10000,Pass (P=0.0%),pass
tacet,medium,tail,20,ar1-0.3,5,0.4,37,10000,true,0.996000,,1100,10000,"Fail (P=99.6%, Http2Multiplexing)",fail
tacet,medium,tail,20,ar1-0.6,5,0.4,9,10000,true,1.000000,,1112,10000,"Fail (P=100.0%, Http2Multiplexing)",fail
tacet,medium,tail,20,ar1-0.6,5,100,37,10000,false,0.000000,,2402,10000,Pass (P=0.0%),pass
tacet,medium,tail,20,ar1-0.6,5,100,46,10000,false,0.000000,,1215,10000,Pass (P=0.0%),pass
tacet,medium,tail,20,ar1-0.6,5,0.4,46,10000,true,1.000000,,1007,10000,"Fail (P=100.0%, Http2Multiplexing)",fail
tacet,medium,tail,20,ar1-0.6,5,100,7,10000,false,0.000000,,1274,10000,Pass (P=0.0%),pass
tacet,medium,tail,20,ar1-0.6,5,100,9,10000,false,0.000000,,621,10000,Pass (P=0.0%),pass
tacet,medium,tail,20,ar1-0.6,5,0.4,56,10000,true,1.000000,,963,10000,"Fail (P=100.0%, Http2Multiplexing)",fail
tacet,medium,tail,20,ar1-0.3,5,100,53,10000,false,0.000000,,556,10000,Pass (P=0.0%),pass
tacet,medium,tail,20,ar1-0.3,5,0.4,57,10000,true,0.994500,,884,10000,"Fail (P=99.5%, Http2Multiplexing)",fail
tacet,medium,tail,20,ar1-0.6,5,100,43,10000,false,0.000000,,2028,10000,Pass (P=0.0%),pass
tacet,medium,tail,20,ar1-0.3,5,100,55,10000,false,0.000000,,1096,10000,Pass (P=0.0%),pass
tacet,medium,tail,20,ar1-0.3,5,100,52,10000,false,0.000000,,1347,10000,Pass (P=0.0%),pass
tacet,medium,tail,20,ar1-0.3,5,100,43,10000,false,0.000000,,843,10000,Pass (P=0.0%),pass
tacet,medium,tail,20,ar1-0.3,5,0.4,36,10000,true,0.995500,,1384,10000,"Fail (P=99.6%, Http2Multiplexing)",fail
tacet,medium,tail,20,ar1-0.3,5,100,54,10000,false,0.000000,,791,10000,Pass (P=0.0%),pass
tacet,medium,tail,20,ar1-0.3,5,0.4,53,10000,true,0.996000,,882,10000,"Fail (P=99.6%, Http2Multiplexing)",fail
tacet,medium,tail,20,ar1-0.3,5,100,44,10000,false,0.000000,,1408,10000,Pass (P=0.0%),pass
tacet,medium,tail,20,ar1-0.3,5,100,56,10000,false,0.000000,,1068,10000,Pass (P=0.0%),pass
tacet,medium,tail,20,ar1-0.6,5,0.4,47,10000,true,0.996250,,862,10000,"Fail (P=99.6%, Http2Multiplexing)",fail
tacet,medium,tail,20,ar1-0.3,5,0.4,55,10000,true,0.996000,,731,10000,"Fail (P=99.6%, Http2Multiplexing)",fail
tacet,medium,tail,20,ar1-0.3,5,0.4,49,10000,true,0.994750,,2609,10000,"Fail (P=99.5%, Http2Multiplexing)",fail
tacet,medium,tail,20,ar1-0.3,5,0.4,54,10000,true,0.995500,,1577,10000,"Fail (P=99.6%, Http2Multiplexing)",fail
tacet,medium,tail,20,ar1-0.3,5,100,37,10000,false,0.000000,,1627,10000,Pass (P=0.0%),pass
tacet,medium,tail,20,ar1-0.3,5,0.4,56,10000,true,0.995750,,1200,10000,"Fail (P=99.6%, Http2Multiplexing)",fail
tacet,medium,tail,20,ar1-0.3,5,100,47,10000,false,0.000000,,2901,10000,Pass (P=0.0%),pass
tacet,medium,tail,20,ar1-0.6,5,100,55,10000,false,0.000000,,1619,10000,Pass (P=0.0%),pass
tacet,medium,tail,20,ar1-0.6,5,0.4,3,10000,true,0.996500,,1764,10000,"Fail (P=99.7%, Http2Multiplexing)",fail
tacet,medium,tail,20,ar1-0.3,5,0.4,44,10000,true,0.996000,,1871,10000,"Fail (P=99.6%, Http2Multiplexing)",fail
tacet,medium,tail,20,ar1-0.3,5,0.4,41,10000,true,0.995500,,1318,10000,"Fail (P=99.6%, Http2Multiplexing)",fail
tacet,medium,tail,20,ar1-0.3,5,100,42,10000,false,0.000000,,1363,10000,Pass (P=0.0%),pass
tacet,medium,tail,20,ar1-0.3,5,0.4,38,10000,true,0.995250,,2129,10000,"Fail (P=99.5%, Http2Multiplexing)",fail
tacet,medium,tail,20,ar1-0.6,5,0.4,45,10000,true,1.000000,,2626,10000,"Fail (P=100.0%, Http2Multiplexing)",fail
tacet,medium,tail,20,ar1-0.3,5,100,36,10000,false,0.000000,,1906,10000,Pass (P=0.0%),pass
tacet,medium,tail,20,ar1-0.3,5,100,58,10000,false,0.000000,,4607,10000,Pass (P=0.0%),pass
tacet,medium,tail,20,ar1-0.3,5,0.4,35,10000,true,0.996500,,3112,10000,"Fail (P=99.7%, Http2Multiplexing)",fail
tacet,medium,tail,20,ar1-0.6,5,100,1,10000,false,0.000000,,2976,10000,Pass (P=0.0%),pass
tacet,medium,tail,20,ar1-0.6,5,100,5,10000,false,0.000000,,3579,10000,Pass (P=0.0%),pass
tacet,medium,tail,20,ar1-0.6,5,100,34,10000,false,0.000000,,3566,10000,Pass (P=0.0%),pass
tacet,medium,tail,20,ar1-0.3,5,100,50,10000,false,0.000000,,3931,10000,Pass (P=0.0%),pass
tacet,medium,tail,20,ar1-0.6,5,100,26,10000,false,0.000000,,6513,10000,Pass (P=0.0%),pass
tacet,medium,tail,20,ar1-0.6,5,100,15,10000,false,0.000000,,6524,10000,Pass (P=0.0%),pass
tacet,medium,tail,20,ar1-0.8,5,100,0,10000,false,0.000000,,1202,10000,Pass (P=0.0%),pass
tacet,medium,tail,20,ar1-0.8,5,100,2,10000,false,0.000000,,1206,10000,Pass (P=0.0%),pass
tacet,medium,tail,20,ar1-0.8,5,100,50,10000,false,0.000000,,1206,10000,Pass (P=0.0%),pass
tacet,medium,tail,20,ar1-0.8,5,100,48,10000,false,0.000000,,1207,10000,Pass (P=0.0%),pass
tacet,medium,tail,20,ar1-0.8,5,100,52,10000,false,0.000000,,1208,10000,Pass (P=0.0%),pass
tacet,medium,tail,20,ar1-0.8,5,0.4,0,10000,true,1.000000,,1211,10000,"Fail (P=100.0%, Http2Multiplexing)",fail
tacet,medium,tail,20,ar1-0.8,5,100,49,10000,false,0.000000,,1211,10000,Pass (P=0.0%),pass
tacet,medium,tail,20,ar1-0.8,5,100,18,10000,false,0.000000,,1211,10000,Pass (P=0.0%),pass
tacet,medium,tail,20,ar1-0.8,5,100,37,10000,false,0.000000,,1212,10000,Pass (P=0.0%),pass
tacet,medium,tail,20,ar1-0.8,5,100,1,10000,false,0.000000,,1212,10000,Pass (P=0.0%),pass
tacet,medium,tail,20,ar1-0.8,5,100,31,10000,false,0.000000,,1215,10000,Pass (P=0.0%),pass
tacet,medium,tail,20,ar1-0.8,5,0.4,49,10000,true,1.000000,,1217,10000,"Fail (P=100.0%, Http2Multiplexing)",fail
tacet,medium,tail,20,ar1-0.8,5,0.4,45,10000,true,1.000000,,1217,10000,"Fail (P=100.0%, Http2Multiplexing)",fail
tacet,medium,tail,20,ar1-0.8,5,100,7,10000,false,0.000000,,1220,10000,Pass (P=0.0%),pass
tacet,medium,tail,20,ar1-0.8,5,0.4,4,10000,true,1.000000,,1220,10000,"Fail (P=100.0%, Http2Multiplexing)",fail
tacet,medium,tail,20,ar1-0.8,5,100,36,10000,false,0.000000,,1220,10000,Pass (P=0.0%),pass
tacet,medium,tail,20,ar1-0.8,5,100,51,10000,false,0.000000,,1237,10000,Pass (P=0.0%),pass
tacet,medium,tail,20,ar1-0.8,5,100,35,10000,false,0.000000,,1238,10000,Pass (P=0.0%),pass
tacet,medium,tail,20,ar1-0.8,5,0.4,15,10000,true,1.000000,,1242,10000,"Fail (P=100.0%, Http2Multiplexing)",fail
tacet,medium,tail,20,ar1-0.8,5,0.4,5,10000,true,1.000000,,1243,10000,"Fail (P=100.0%, Http2Multiplexing)",fail
tacet,medium,tail,20,ar1-0.8,5,0.4,2,10000,true,1.000000,,1246,10000,"Fail (P=100.0%, Http2Multiplexing)",fail
tacet,medium,tail,20,ar1-0.8,5,0.4,36,10000,true,1.000000,,1248,10000,"Fail (P=100.0%, Http2Multiplexing)",fail
tacet,medium,tail,20,ar1-0.8,5,0.4,51,10000,true,1.000000,,1249,10000,"Fail (P=100.0%, Http2Multiplexing)",fail
tacet,medium,tail,20,ar1-0.8,5,100,22,10000,false,0.000000,,1249,10000,Pass (P=0.0%),pass
tacet,medium,tail,20,ar1-0.8,5,0.4,35,10000,true,1.000000,,1249,10000,"Fail (P=100.0%, Http2Multiplexing)",fail
tacet,medium,tail,20,ar1-0.8,5,0.4,56,10000,true,1.000000,,1249,10000,"Fail (P=100.0%, Http2Multiplexing)",fail
tacet,medium,tail,20,ar1-0.8,5,100,33,10000,false,0.000000,,1254,10000,Pass (P=0.0%),pass
tacet,medium,tail,20,ar1-0.8,5,100,3,10000,false,0.000000,,1256,10000,Pass (P=0.0%),pass
tacet,medium,tail,20,ar1-0.8,5,100,4,10000,false,0.000000,,1256,10000,Pass (P=0.0%),pass
tacet,medium,tail,20,ar1-0.8,5,0.4,30,10000,true,1.000000,,1260,10000,"Fail (P=100.0%, Http2Multiplexing)",fail
tacet,medium,tail,20,ar1-0.8,5,100,5,10000,false,0.000000,,1261,10000,Pass (P=0.0%),pass
tacet,medium,tail,20,ar1-0.8,5,100,34,10000,false,0.000000,,1271,10000,Pass (P=0.0%),pass
tacet,medium,tail,20,ar1-0.8,5,0.4,52,10000,true,1.000000,,945,10000,"Fail (P=100.0%, Http2Multiplexing)",fail
tacet,medium,tail,20,ar1-0.8,5,0.4,34,10000,true,1.000000,,1096,10000,"Fail (P=100.0%, Http2Multiplexing)",fail
tacet,medium,tail,20,ar1-0.8,5,0.4,53,10000,true,1.000000,,1215,10000,"Fail (P=100.0%, Http2Multiplexing)",fail
tacet,medium,tail,20,ar1-0.8,5,0.4,1,10000,true,1.000000,,1223,10000,"Fail (P=100.0%, Http2Multiplexing)",fail
tacet,medium,tail,20,ar1-0.8,5,0.4,58,10000,true,1.000000,,1217,10000,"Fail (P=100.0%, Http2Multiplexing)",fail
tacet,medium,tail,20,ar1-0.8,5,0.4,32,10000,true,1.000000,,1217,10000,"Fail (P=100.0%, Http2Multiplexing)",fail
tacet,medium,tail,20,ar1-0.8,5,0.4,38,10000,true,1.000000,,1223,10000,"Fail (P=100.0%, Http2Multiplexing)",fail
tacet,medium,tail,20,ar1-0.8,5,0.4,8,10000,true,1.000000,,1224,10000,"Fail (P=100.0%, Http2Multiplexing)",fail
tacet,medium,tail,20,ar1-0.8,5,100,15,10000,false,0.000000,,1247,10000,Pass (P=0.0%),pass
tacet,medium,tail,20,ar1-0.8,5,0.4,46,10000,true,1.000000,,1251,10000,"Fail (P=100.0%, Http2Multiplexing)",fail
tacet,medium,tail,20,ar1-0.8,5,0.4,55,10000,true,1.000000,,1257,10000,"Fail (P=100.0%, Http2Multiplexing)",fail
tacet,medium,tail,20,ar1-0.8,5,0.4,23,10000,true,1.000000,,1261,10000,"Fail (P=100.0%, Http2Multiplexing)",fail
tacet,medium,tail,20,ar1-0.8,5,0.4,6,10000,true,1.000000,,1254,10000,"Fail (P=100.0%, Http2Multiplexing)",fail
tacet,medium,tail,20,ar1-0.8,5,100,56,10000,false,0.000000,,1275,10000,Pass (P=0.0%),pass
tacet,medium,tail,20,ar1-0.8,5,100,6,10000,false,0.000000,,1260,10000,Pass (P=0.0%),pass
tacet,medium,tail,20,ar1-0.8,5,100,46,10000,false,0.000000,,1365,10000,Pass (P=0.0%),pass
tacet,medium,tail,20,ar1-0.8,5,0.4,48,10000,true,1.000000,,1216,10000,"Fail (P=100.0%, Http2Multiplexing)",fail
tacet,medium,tail,20,ar1-0.8,5,0.4,26,10000,true,1.000000,,1227,10000,"Fail (P=100.0%, Http2Multiplexing)",fail
tacet,medium,tail,20,ar1-0.8,5,0.4,24,10000,true,1.000000,,1243,10000,"Fail (P=100.0%, Http2Multiplexing)",fail
tacet,medium,tail,20,ar1-0.8,5,100,20,10000,false,0.000000,,1256,10000,Pass (P=0.0%),pass
tacet,medium,tail,20,ar1-0.8,5,100,19,10000,false,0.000000,,1262,10000,Pass (P=0.0%),pass
tacet,medium,tail,20,ar1-0.8,5,0.4,41,10000,true,1.000000,,1279,10000,"Fail (P=100.0%, Http2Multiplexing)",fail
tacet,medium,tail,20,ar1-0.8,5,0.4,7,10000,true,1.000000,,1233,10000,"Fail (P=100.0%, Http2Multiplexing)",fail
tacet,medium,tail,20,ar1-0.8,5,100,21,10000,false,0.000000,,1284,10000,Pass (P=0.0%),pass
tacet,medium,tail,20,ar1-0.8,5,0.4,20,10000,true,1.000000,,1227,10000,"Fail (P=100.0%, Http2Multiplexing)",fail
tacet,medium,tail,20,ar1-0.8,5,100,32,10000,false,0.000000,,1247,10000,Pass (P=0.0%),pass
tacet,medium,tail,20,ar1-0.8,5,0.4,28,10000,true,1.000000,,1220,10000,"Fail (P=100.0%, Http2Multiplexing)",fail
tacet,medium,tail,20,ar1-0.8,5,0.4,11,10000,true,1.000000,,1256,10000,"Fail (P=100.0%, Http2Multiplexing)",fail
tacet,medium,tail,20,ar1-0.8,5,0.4,25,10000,true,1.000000,,1245,10000,"Fail (P=100.0%, Http2Multiplexing)",fail
tacet,medium,tail,20,ar1-0.8,5,0.4,27,10000,true,1.000000,,1221,10000,"Fail (P=100.0%, Http2Multiplexing)",fail
tacet,medium,tail,20,ar1-0.8,5,100,53,10000,false,0.000000,,2160,10000,Pass (P=0.0%),pass
tacet,medium,tail,20,ar1-0.8,5,0.4,13,10000,true,1.000000,,1251,10000,"Fail (P=100.0%, Http2Multiplexing)",fail
tacet,medium,tail,20,ar1-0.8,5,100,14,10000,false,0.000000,,1234,10000,Pass (P=0.0%),pass
tacet,medium,tail,20,ar1-0.8,5,100,38,10000,false,0.000000,,1228,10000,Pass (P=0.0%),pass
tacet,medium,tail,20,ar1-0.8,5,100,29,10000,false,0.000000,,1213,10000,Pass (P=0.0%),pass
tacet,medium,tail,20,ar1-0.8,5,0.4,29,10000,true,1.000000,,1370,10000,"Fail (P=100.0%, Http2Multiplexing)",fail
tacet,medium,tail,20,ar1-0.8,5,100,47,10000,false,0.000000,,2179,10000,Pass (P=0.0%),pass
tacet,medium,tail,20,ar1-0.8,5,0.4,43,10000,true,1.000000,,1230,10000,"Fail (P=100.0%, Http2Multiplexing)",fail
tacet,medium,tail,20,ar1-0.8,5,0.4,22,10000,true,1.000000,,1266,10000,"Fail (P=100.0%, Http2Multiplexing)",fail
tacet,medium,tail,20,ar1-0.8,5,100,16,10000,false,0.000000,,1256,10000,Pass (P=0.0%),pass
tacet,medium,tail,20,ar1-0.8,5,100,28,10000,false,0.000000,,1251,10000,Pass (P=0.0%),pass
tacet,medium,tail,20,ar1-0.8,5,0.4,57,10000,true,1.000000,,1265,10000,"Fail (P=100.0%, Http2Multiplexing)",fail
tacet,medium,tail,20,ar1-0.8,5,100,24,10000,false,0.000000,,1262,10000,Pass (P=0.0%),pass
tacet,medium,tail,20,ar1-0.8,5,0.4,42,10000,true,1.000000,,1222,10000,"Fail (P=100.0%, Http2Multiplexing)",fail
tacet,medium,tail,20,ar1-0.8,5,100,26,10000,false,0.000000,,1178,10000,Pass (P=0.0%),pass
tacet,medium,tail,20,ar1-0.8,5,0.4,9,10000,true,1.000000,,1137,10000,"Fail (P=100.0%, Http2Multiplexing)",fail
tacet,medium,tail,20,ar1-0.8,5,0.4,21,10000,true,1.000000,,2094,10000,"Fail (P=100.0%, Http2Multiplexing)",fail
tacet,medium,tail,20,ar1-0.8,5,100,25,10000,false,0.000000,,1397,10000,Pass (P=0.0%),pass
tacet,medium,tail,20,ar1-0.8,5,0.4,39,10000,true,1.000000,,791,10000,"Fail (P=100.0%, Http2Multiplexing)",fail
tacet,medium,tail,20,ar1-0.8,5,100,27,10000,false,0.000000,,1293,10000,Pass (P=0.0%),pass
tacet,medium,tail,20,ar1-0.8,5,100,43,10000,false,0.000000,,793,10000,Pass (P=0.0%),pass
tacet,medium,tail,20,ar1-0.8,5,100,42,10000,false,0.000000,,1167,10000,Pass (P=0.0%),pass
tacet,medium,tail,20,ar1-0.8,5,100,57,10000,false,0.000000,,515,10000,Pass (P=0.0%),pass
tacet,medium,tail,20,ar1-0.8,5,0.4,17,10000,true,1.000000,,651,10000,"Fail (P=100.0%, Http2Multiplexing)",fail
tacet,medium,tail,20,ar1-0.8,5,100,9,10000,false,0.000000,,745,10000,Pass (P=0.0%),pass
tacet,medium,tail,20,ar1-0.8,5,100,12,10000,false,0.000000,,869,10000,Pass (P=0.0%),pass
tacet,medium,tail,20,ar1-0.8,5,100,40,10000,false,0.000000,,752,10000,Pass (P=0.0%),pass
tacet,medium,tail,20,ar1-0.8,5,100,13,10000,false,0.000000,,1174,10000,Pass (P=0.0%),pass
tacet,medium,tail,20,ar1-0.8,5,100,39,10000,false,0.000000,,748,10000,Pass (P=0.0%),pass
tacet,medium,tail,20,ar1-0.8,5,100,17,10000,false,0.000000,,1154,10000,Pass (P=0.0%),pass
tacet,medium,tail,20,ar1-0.8,5,0.4,40,10000,true,1.000000,,893,10000,"Fail (P=100.0%, Http2Multiplexing)",fail
tacet,medium,tail,20,ar1-0.8,5,0.4,19,10000,true,1.000000,,3309,10000,"Fail (P=100.0%, Http2Multiplexing)",fail
tacet,medium,tail,20,ar1-0.8,5,100,8,10000,false,0.000000,,2095,10000,Pass (P=0.0%),pass
tacet,medium,tail,20,ar1-0.8,5,100,59,10000,false,0.000000,,2885,10000,Pass (P=0.0%),pass
tacet,medium,tail,20,ar1-0.8,5,0.4,18,10000,true,1.000000,,1342,10000,"Fail (P=100.0%, Http2Multiplexing)",fail
tacet,medium,tail,20,ar1-0.8,5,100,10,10000,false,0.000000,,1646,10000,Pass (P=0.0%),pass
tacet,medium,tail,20,ar1-0.8,5,0.4,47,10000,true,1.000000,,3045,10000,"Fail (P=100.0%, Http2Multiplexing)",fail
tacet,medium,tail,20,ar1-0.8,5,0.4,44,10000,true,1.000000,,1792,10000,"Fail (P=100.0%, Http2Multiplexing)",fail
tacet,medium,tail,20,ar1-0.8,5,100,44,10000,false,0.000000,,1586,10000,Pass (P=0.0%),pass
tacet,medium,tail,20,ar1-0.8,5,0.4,33,10000,true,1.000000,,1411,10000,"Fail (P=100.0%, Http2Multiplexing)",fail
tacet,medium,tail,20,ar1-0.8,5,0.4,12,10000,true,1.000000,,1723,10000,"Fail (P=100.0%, Http2Multiplexing)",fail
tacet,medium,tail,20,ar1-0.8,5,100,11,10000,false,0.000000,,1645,10000,Pass (P=0.0%),pass
tacet,medium,tail,20,ar1-0.8,5,100,58,10000,false,0.000000,,3213,10000,Pass (P=0.0%),pass
tacet,medium,tail,20,ar1-0.8,5,0.4,10,10000,true,1.000000,,2124,10000,"Fail (P=100.0%, Http2Multiplexing)",fail
tacet,medium,tail,20,ar1-0.8,5,100,41,10000,false,0.000000,,2203,10000,Pass (P=0.0%),pass
tacet,medium,tail,20,ar1-0.8,5,0.4,31,10000,true,1.000000,,3592,10000,"Fail (P=100.0%, Http2Multiplexing)",fail
tacet,medium,tail,20,ar1-0.8,5,100,55,10000,false,0.000000,,2564,10000,Pass (P=0.0%),pass
tacet,medium,tail,20,ar1-0.8,5,0.4,37,10000,true,1.000000,,4046,10000,"Fail (P=100.0%, Http2Multiplexing)",fail
tacet,medium,tail,20,ar1-0.8,5,0.4,16,10000,true,1.000000,,2780,10000,"Fail (P=100.0%, Http2Multiplexing)",fail
tacet,medium,tail,20,ar1-0.8,5,100,23,10000,false,0.000000,,2795,10000,Pass (P=0.0%),pass
tacet,medium,tail,20,ar1-0.8,5,100,54,10000,false,0.000000,,4022,10000,Pass (P=0.0%),pass
tacet,medium,tail,20,ar1-0.8,5,0.4,3,10000,true,1.000000,,4121,10000,"Fail (P=100.0%, Http2Multiplexing)",fail
tacet,medium,tail,20,ar1-0.8,5,100,30,10000,false,0.000000,,4076,10000,Pass (P=0.0%),pass
tacet,medium,tail,20,ar1-0.8,5,0.4,14,10000,true,1.000000,,3488,10000,"Fail (P=100.0%, Http2Multiplexing)",fail
tacet,medium,tail,20,ar1-0.8,5,0.4,59,10000,true,1.000000,,4347,10000,"Fail (P=100.0%, Http2Multiplexing)",fail
tacet,medium,tail,20,ar1-0.8,5,0.4,54,10000,true,1.000000,,5143,10000,"Fail (P=100.0%, Http2Multiplexing)",fail
tacet,medium,tail,20,ar1-0.8,5,100,45,10000,false,0.000000,,5140,10000,Pass (P=0.0%),pass
tacet,medium,tail,20,ar1-0.8,5,0.4,50,10000,true,1.000000,,5157,10000,"Fail (P=100.0%, Http2Multiplexing)",fail
