[setup] Using binary: /root/tacet/target/release/benchmark
[setup] Output root:  /root/bench-results/ablation-v2

==========================================
=== Config: baseline
=== Env:    <library defaults>
=== Output: /root/bench-results/ablation-v2/baseline
==========================================
=== Timing Tool Benchmark Suite ===

Configuration:
  Preset: medium
  Samples per class: 10000
  Datasets per point: 60
  Effect multipliers: [0.0, 0.2, 1.0, 2.0, 4.0, 20.0]
  Effect patterns: ["shift", "tail"]
  Noise models: ["iid", "ar1-0.3", "ar1-0.6", "ar1-0.8"]
  Mode: synthetic
  Checkpoint: RESUME (loading existing results)
  Tools: ["tacet"]
  Total points: 48
  Total datasets: 2880
  Total tool runs: 2880
  Batched: 6 batches of 500 datasets (~160MB peak memory)


Completed in 257.7s

Raw results already written to: /root/bench-results/ablation-v2/baseline/benchmark_results.csv
Wrote summary to: /root/bench-results/ablation-v2/baseline/benchmark_summary.csv
Wrote report to: /root/bench-results/ablation-v2/baseline/benchmark_report.md

# Benchmark Results (medium)

## Configuration

- **Preset**: medium
- **Samples per class**: 10000
- **Datasets per point**: 60
- **Effect multipliers**: [0.0, 0.2, 1.0, 2.0, 4.0, 20.0]
- **Total execution time**: 257.7s

## False Positive Rate (effect = 0)

| Tool | iid | ar1-0.3 | ar1-0.6 | ar1-0.8 |
|------|--------|--------|--------|--------|
| tacet (θ=0.4ns) | 0.0% ± 1.8% | 0.0% ± 3.0% | 0.0% ± 3.0% | 0.0% ± 3.0% |
| tacet (θ=100ns) | 0.0% ± 1.8% | 0.0% ± 3.0% | 0.0% ± 3.0% | 0.0% ± 3.0% |

## Power (Detection Rate)

| Tool | 0.2σ | 1σ | 2σ | 4σ | 20σ |
|------|------|------|------|------|------|
| tacet (θ=0.4ns) | 100% | 100% | 100% | 100% | 100% |
| tacet (θ=100ns) | 0% | 0% | 0% | 0% | 0% |

## Detailed Results by Tool

### tacet

| Pattern | Effect | Noise | Rate | 95% CI | Time (ms) |
|---------|--------|-------|------|--------|----------|
| shift | 0σ | ar1-0.3 | 0.0% | [0.0%, 6.0%] | 1176 |
| shift | 0σ | ar1-0.3 | 0.0% | [0.0%, 6.0%] | 1184 |
| shift | 0σ | ar1-0.6 | 0.0% | [0.0%, 6.0%] | 1192 |
| shift | 0σ | ar1-0.6 | 0.0% | [0.0%, 6.0%] | 1193 |
| shift | 0σ | ar1-0.8 | 0.0% | [0.0%, 6.0%] | 1174 |
| shift | 0σ | ar1-0.8 | 0.0% | [0.0%, 6.0%] | 1181 |
| shift | 0σ | iid | 0.0% | [0.0%, 3.7%] | 1015 |
| shift | 0σ | iid | 0.0% | [0.0%, 3.7%] | 1003 |
| shift | 0σ | iid | 0.0% | [0.0%, 3.7%] | 1015 |
| shift | 0σ | iid | 0.0% | [0.0%, 3.7%] | 1003 |
| shift | 0σ | iid | 0.0% | [0.0%, 3.7%] | 1015 |
| shift | 0σ | iid | 0.0% | [0.0%, 3.7%] | 1003 |
| shift | 0σ | iid | 0.0% | [0.0%, 3.7%] | 1015 |
| shift | 0σ | iid | 0.0% | [0.0%, 3.7%] | 1003 |
| shift | 0σ | iid | 0.0% | [0.0%, 3.7%] | 1015 |
| shift | 0σ | iid | 0.0% | [0.0%, 3.7%] | 1003 |
| shift | 0.2σ | ar1-0.3 | 68.3% | [55.8%, 78.7%] | 1214 |
| shift | 0.2σ | ar1-0.3 | 0.0% | [0.0%, 6.0%] | 1187 |
| shift | 0.2σ | ar1-0.6 | 38.3% | [27.1%, 51.0%] | 1195 |
| shift | 0.2σ | ar1-0.6 | 0.0% | [0.0%, 6.0%] | 1198 |
| shift | 0.2σ | ar1-0.8 | 13.3% | [6.9%, 24.2%] | 1217 |
| shift | 0.2σ | ar1-0.8 | 0.0% | [0.0%, 6.0%] | 1219 |
| shift | 0.2σ | iid | 100.0% | [94.0%, 100.0%] | 1047 |
| shift | 0.2σ | iid | 0.0% | [0.0%, 6.0%] | 1039 |
| shift | 1σ | ar1-0.3 | 100.0% | [94.0%, 100.0%] | 1218 |
| shift | 1σ | ar1-0.3 | 0.0% | [0.0%, 6.0%] | 1220 |
| shift | 1σ | ar1-0.6 | 100.0% | [94.0%, 100.0%] | 1218 |
| shift | 1σ | ar1-0.6 | 0.0% | [0.0%, 6.0%] | 1215 |
| shift | 1σ | ar1-0.8 | 100.0% | [94.0%, 100.0%] | 1214 |
| shift | 1σ | ar1-0.8 | 0.0% | [0.0%, 6.0%] | 1217 |
| shift | 1σ | iid | 100.0% | [94.0%, 100.0%] | 1058 |
| shift | 1σ | iid | 0.0% | [0.0%, 6.0%] | 1056 |
| shift | 2σ | ar1-0.3 | 100.0% | [94.0%, 100.0%] | 1238 |
| shift | 2σ | ar1-0.3 | 0.0% | [0.0%, 6.0%] | 1231 |
| shift | 2σ | ar1-0.6 | 100.0% | [94.0%, 100.0%] | 1221 |
| shift | 2σ | ar1-0.6 | 0.0% | [0.0%, 6.0%] | 1227 |
| shift | 2σ | ar1-0.8 | 100.0% | [94.0%, 100.0%] | 1232 |
| shift | 2σ | ar1-0.8 | 0.0% | [0.0%, 6.0%] | 1233 |
| shift | 2σ | iid | 100.0% | [94.0%, 100.0%] | 1067 |
| shift | 2σ | iid | 0.0% | [0.0%, 6.0%] | 1064 |
| shift | 4σ | ar1-0.3 | 100.0% | [94.0%, 100.0%] | 1236 |
| shift | 4σ | ar1-0.3 | 0.0% | [0.0%, 6.0%] | 1254 |
| shift | 4σ | ar1-0.6 | 100.0% | [94.0%, 100.0%] | 1239 |
| shift | 4σ | ar1-0.6 | 0.0% | [0.0%, 6.0%] | 1238 |
| shift | 4σ | ar1-0.8 | 100.0% | [94.0%, 100.0%] | 1232 |
| shift | 4σ | ar1-0.8 | 0.0% | [0.0%, 6.0%] | 1241 |
| shift | 4σ | iid | 100.0% | [94.0%, 100.0%] | 1069 |
| shift | 4σ | iid | 0.0% | [0.0%, 6.0%] | 1066 |
| shift | 20σ | ar1-0.3 | 100.0% | [94.0%, 100.0%] | 1344 |
| shift | 20σ | ar1-0.3 | 25.0% | [15.8%, 37.2%] | 1337 |
| shift | 20σ | ar1-0.6 | 100.0% | [94.0%, 100.0%] | 1352 |
| shift | 20σ | ar1-0.6 | 15.0% | [8.1%, 26.1%] | 1355 |
| shift | 20σ | ar1-0.8 | 100.0% | [94.0%, 100.0%] | 1331 |
| shift | 20σ | ar1-0.8 | 8.3% | [3.6%, 18.1%] | 1341 |
| shift | 20σ | iid | 100.0% | [94.0%, 100.0%] | 1128 |
| shift | 20σ | iid | 0.0% | [0.0%, 6.0%] | 1134 |
| tail | 0σ | ar1-0.3 | 0.0% | [0.0%, 6.0%] | 1212 |
| tail | 0σ | ar1-0.3 | 0.0% | [0.0%, 6.0%] | 1224 |
| tail | 0σ | ar1-0.6 | 0.0% | [0.0%, 6.0%] | 1228 |
| tail | 0σ | ar1-0.6 | 0.0% | [0.0%, 6.0%] | 1227 |
| tail | 0σ | ar1-0.8 | 0.0% | [0.0%, 6.0%] | 1218 |
| tail | 0σ | ar1-0.8 | 0.0% | [0.0%, 6.0%] | 1219 |
| tail | 0σ | iid | 0.0% | [0.0%, 3.7%] | 1056 |
| tail | 0σ | iid | 0.0% | [0.0%, 3.7%] | 1055 |
| tail | 0σ | iid | 0.0% | [0.0%, 3.7%] | 1056 |
| tail | 0σ | iid | 0.0% | [0.0%, 3.7%] | 1055 |
| tail | 0σ | iid | 0.0% | [0.0%, 3.7%] | 1056 |
| tail | 0σ | iid | 0.0% | [0.0%, 3.7%] | 1055 |
| tail | 0σ | iid | 0.0% | [0.0%, 3.7%] | 1056 |
| tail | 0σ | iid | 0.0% | [0.0%, 3.7%] | 1055 |
| tail | 0σ | iid | 0.0% | [0.0%, 3.7%] | 1056 |
| tail | 0σ | iid | 0.0% | [0.0%, 3.7%] | 1055 |
| tail | 0.2σ | ar1-0.3 | 0.0% | [0.0%, 6.0%] | 1235 |
| tail | 0.2σ | ar1-0.3 | 0.0% | [0.0%, 6.0%] | 1227 |
| tail | 0.2σ | ar1-0.6 | 0.0% | [0.0%, 6.0%] | 1229 |
| tail | 0.2σ | ar1-0.6 | 0.0% | [0.0%, 6.0%] | 1218 |
| tail | 0.2σ | ar1-0.8 | 0.0% | [0.0%, 6.0%] | 1215 |
| tail | 0.2σ | ar1-0.8 | 0.0% | [0.0%, 6.0%] | 1219 |
| tail | 0.2σ | iid | 0.0% | [0.0%, 6.0%] | 1060 |
| tail | 0.2σ | iid | 0.0% | [0.0%, 6.0%] | 1058 |
| tail | 1σ | ar1-0.3 | 100.0% | [94.0%, 100.0%] | 1239 |
| tail | 1σ | ar1-0.3 | 0.0% | [0.0%, 6.0%] | 1229 |
| tail | 1σ | ar1-0.6 | 91.7% | [81.9%, 96.4%] | 1237 |
| tail | 1σ | ar1-0.6 | 0.0% | [0.0%, 6.0%] | 1234 |
| tail | 1σ | ar1-0.8 | 73.3% | [61.0%, 82.9%] | 1234 |
| tail | 1σ | ar1-0.8 | 0.0% | [0.0%, 6.0%] | 1228 |
| tail | 1σ | iid | 100.0% | [94.0%, 100.0%] | 1075 |
| tail | 1σ | iid | 0.0% | [0.0%, 6.0%] | 1083 |
| tail | 2σ | ar1-0.3 | 100.0% | [94.0%, 100.0%] | 1263 |
| tail | 2σ | ar1-0.3 | 0.0% | [0.0%, 6.0%] | 1258 |
| tail | 2σ | ar1-0.6 | 100.0% | [94.0%, 100.0%] | 1247 |
| tail | 2σ | ar1-0.6 | 0.0% | [0.0%, 6.0%] | 1245 |
| tail | 2σ | ar1-0.8 | 100.0% | [94.0%, 100.0%] | 1252 |
| tail | 2σ | ar1-0.8 | 0.0% | [0.0%, 6.0%] | 1234 |
| tail | 2σ | iid | 100.0% | [94.0%, 100.0%] | 1094 |
| tail | 2σ | iid | 0.0% | [0.0%, 6.0%] | 1082 |
| tail | 4σ | ar1-0.3 | 100.0% | [94.0%, 100.0%] | 1250 |
| tail | 4σ | ar1-0.3 | 0.0% | [0.0%, 6.0%] | 1253 |
| tail | 4σ | ar1-0.6 | 100.0% | [94.0%, 100.0%] | 1251 |
| tail | 4σ | ar1-0.6 | 0.0% | [0.0%, 6.0%] | 1252 |
| tail | 4σ | ar1-0.8 | 100.0% | [94.0%, 100.0%] | 1249 |
| tail | 4σ | ar1-0.8 | 0.0% | [0.0%, 6.0%] | 1252 |
| tail | 4σ | iid | 100.0% | [94.0%, 100.0%] | 1091 |
| tail | 4σ | iid | 0.0% | [0.0%, 6.0%] | 1091 |
| tail | 20σ | ar1-0.3 | 5.0% | [1.7%, 13.7%] | 1263 |
| tail | 20σ | ar1-0.3 | 0.0% | [0.0%, 6.0%] | 1259 |
| tail | 20σ | ar1-0.6 | 65.0% | [52.4%, 75.8%] | 1266 |
| tail | 20σ | ar1-0.6 | 0.0% | [0.0%, 6.0%] | 1253 |
| tail | 20σ | ar1-0.8 | 100.0% | [94.0%, 100.0%] | 1244 |
| tail | 20σ | ar1-0.8 | 0.0% | [0.0%, 6.0%] | 1249 |
| tail | 20σ | iid | 5.0% | [1.7%, 13.7%] | 1087 |
| tail | 20σ | iid | 0.0% | [0.0%, 6.0%] | 1085 |


[baseline] completed in 258s
[baseline] rows=5920 outcomes:    1925 fail     955 inconclusive    3040 pass 

==========================================
=== Config: pi0_low
=== Env:    TACET_ABLATION_PI0=0.50 
=== Output: /root/bench-results/ablation-v2/pi0_low
==========================================
[ablation] overrides: pi0=Some(0.5) alpha=None beta=None kl_min=None nu_ℓ=None nu_prior=None
=== Timing Tool Benchmark Suite ===

Configuration:
  Preset: medium
  Samples per class: 10000
  Datasets per point: 60
  Effect multipliers: [0.0, 0.2, 1.0, 2.0, 4.0, 20.0]
  Effect patterns: ["shift", "tail"]
  Noise models: ["iid", "ar1-0.3", "ar1-0.6", "ar1-0.8"]
  Mode: synthetic
  Checkpoint: RESUME (loading existing results)
  Tools: ["tacet"]
  Total points: 48
  Total datasets: 2880
  Total tool runs: 2880
  Batched: 6 batches of 500 datasets (~160MB peak memory)


Completed in 261.1s

Raw results already written to: /root/bench-results/ablation-v2/pi0_low/benchmark_results.csv
Wrote summary to: /root/bench-results/ablation-v2/pi0_low/benchmark_summary.csv
Wrote report to: /root/bench-results/ablation-v2/pi0_low/benchmark_report.md

# Benchmark Results (medium)

## Configuration

- **Preset**: medium
- **Samples per class**: 10000
- **Datasets per point**: 60
- **Effect multipliers**: [0.0, 0.2, 1.0, 2.0, 4.0, 20.0]
- **Total execution time**: 261.1s

## False Positive Rate (effect = 0)

| Tool | iid | ar1-0.3 | ar1-0.6 | ar1-0.8 |
|------|--------|--------|--------|--------|
| tacet (θ=0.4ns) | 0.0% ± 1.8% | 0.0% ± 3.0% | 0.0% ± 3.0% | 0.0% ± 3.0% |
| tacet (θ=100ns) | 0.0% ± 1.8% | 0.0% ± 3.0% | 0.0% ± 3.0% | 0.0% ± 3.0% |

## Power (Detection Rate)

| Tool | 0.2σ | 1σ | 2σ | 4σ | 20σ |
|------|------|------|------|------|------|
| tacet (θ=0.4ns) | 100% | 100% | 100% | 100% | 100% |
| tacet (θ=100ns) | 0% | 0% | 0% | 0% | 0% |

## Detailed Results by Tool

### tacet

| Pattern | Effect | Noise | Rate | 95% CI | Time (ms) |
|---------|--------|-------|------|--------|----------|
| shift | 0σ | ar1-0.3 | 0.0% | [0.0%, 6.0%] | 1230 |
| shift | 0σ | ar1-0.3 | 0.0% | [0.0%, 6.0%] | 1221 |
| shift | 0σ | ar1-0.6 | 0.0% | [0.0%, 6.0%] | 1219 |
| shift | 0σ | ar1-0.6 | 0.0% | [0.0%, 6.0%] | 1232 |
| shift | 0σ | ar1-0.8 | 0.0% | [0.0%, 6.0%] | 1235 |
| shift | 0σ | ar1-0.8 | 0.0% | [0.0%, 6.0%] | 1228 |
| shift | 0σ | iid | 0.0% | [0.0%, 3.7%] | 1060 |
| shift | 0σ | iid | 0.0% | [0.0%, 3.7%] | 1068 |
| shift | 0σ | iid | 0.0% | [0.0%, 3.7%] | 1060 |
| shift | 0σ | iid | 0.0% | [0.0%, 3.7%] | 1068 |
| shift | 0σ | iid | 0.0% | [0.0%, 3.7%] | 1060 |
| shift | 0σ | iid | 0.0% | [0.0%, 3.7%] | 1068 |
| shift | 0σ | iid | 0.0% | [0.0%, 3.7%] | 1060 |
| shift | 0σ | iid | 0.0% | [0.0%, 3.7%] | 1068 |
| shift | 0σ | iid | 0.0% | [0.0%, 3.7%] | 1060 |
| shift | 0σ | iid | 0.0% | [0.0%, 3.7%] | 1068 |
| shift | 0.2σ | ar1-0.3 | 60.0% | [47.4%, 71.4%] | 1229 |
| shift | 0.2σ | ar1-0.3 | 0.0% | [0.0%, 6.0%] | 1236 |
| shift | 0.2σ | ar1-0.6 | 20.0% | [11.8%, 31.8%] | 1224 |
| shift | 0.2σ | ar1-0.6 | 0.0% | [0.0%, 6.0%] | 1210 |
| shift | 0.2σ | ar1-0.8 | 3.3% | [0.9%, 11.4%] | 1232 |
| shift | 0.2σ | ar1-0.8 | 0.0% | [0.0%, 6.0%] | 1222 |
| shift | 0.2σ | iid | 100.0% | [94.0%, 100.0%] | 1056 |
| shift | 0.2σ | iid | 0.0% | [0.0%, 6.0%] | 1065 |
| shift | 1σ | ar1-0.3 | 100.0% | [94.0%, 100.0%] | 1220 |
| shift | 1σ | ar1-0.3 | 0.0% | [0.0%, 6.0%] | 1235 |
| shift | 1σ | ar1-0.6 | 100.0% | [94.0%, 100.0%] | 1219 |
| shift | 1σ | ar1-0.6 | 0.0% | [0.0%, 6.0%] | 1224 |
| shift | 1σ | ar1-0.8 | 100.0% | [94.0%, 100.0%] | 1229 |
| shift | 1σ | ar1-0.8 | 0.0% | [0.0%, 6.0%] | 1225 |
| shift | 1σ | iid | 100.0% | [94.0%, 100.0%] | 1064 |
| shift | 1σ | iid | 0.0% | [0.0%, 6.0%] | 1053 |
| shift | 2σ | ar1-0.3 | 100.0% | [94.0%, 100.0%] | 1230 |
| shift | 2σ | ar1-0.3 | 0.0% | [0.0%, 6.0%] | 1240 |
| shift | 2σ | ar1-0.6 | 100.0% | [94.0%, 100.0%] | 1225 |
| shift | 2σ | ar1-0.6 | 0.0% | [0.0%, 6.0%] | 1230 |
| shift | 2σ | ar1-0.8 | 100.0% | [94.0%, 100.0%] | 1217 |
| shift | 2σ | ar1-0.8 | 0.0% | [0.0%, 6.0%] | 1217 |
| shift | 2σ | iid | 100.0% | [94.0%, 100.0%] | 1069 |
| shift | 2σ | iid | 0.0% | [0.0%, 6.0%] | 1064 |
| shift | 4σ | ar1-0.3 | 100.0% | [94.0%, 100.0%] | 1255 |
| shift | 4σ | ar1-0.3 | 0.0% | [0.0%, 6.0%] | 1255 |
| shift | 4σ | ar1-0.6 | 100.0% | [94.0%, 100.0%] | 1245 |
| shift | 4σ | ar1-0.6 | 0.0% | [0.0%, 6.0%] | 1256 |
| shift | 4σ | ar1-0.8 | 100.0% | [94.0%, 100.0%] | 1240 |
| shift | 4σ | ar1-0.8 | 0.0% | [0.0%, 6.0%] | 1240 |
| shift | 4σ | iid | 100.0% | [94.0%, 100.0%] | 1064 |
| shift | 4σ | iid | 0.0% | [0.0%, 6.0%] | 1067 |
| shift | 20σ | ar1-0.3 | 100.0% | [94.0%, 100.0%] | 1338 |
| shift | 20σ | ar1-0.3 | 25.0% | [15.8%, 37.2%] | 1330 |
| shift | 20σ | ar1-0.6 | 100.0% | [94.0%, 100.0%] | 1335 |
| shift | 20σ | ar1-0.6 | 15.0% | [8.1%, 26.1%] | 1328 |
| shift | 20σ | ar1-0.8 | 100.0% | [94.0%, 100.0%] | 1333 |
| shift | 20σ | ar1-0.8 | 8.3% | [3.6%, 18.1%] | 1330 |
| shift | 20σ | iid | 100.0% | [94.0%, 100.0%] | 1125 |
| shift | 20σ | iid | 0.0% | [0.0%, 6.0%] | 1132 |
| tail | 0σ | ar1-0.3 | 0.0% | [0.0%, 6.0%] | 1216 |
| tail | 0σ | ar1-0.3 | 0.0% | [0.0%, 6.0%] | 1217 |
| tail | 0σ | ar1-0.6 | 0.0% | [0.0%, 6.0%] | 1206 |
| tail | 0σ | ar1-0.6 | 0.0% | [0.0%, 6.0%] | 1207 |
| tail | 0σ | ar1-0.8 | 0.0% | [0.0%, 6.0%] | 1200 |
| tail | 0σ | ar1-0.8 | 0.0% | [0.0%, 6.0%] | 1215 |
| tail | 0σ | iid | 0.0% | [0.0%, 3.7%] | 1050 |
| tail | 0σ | iid | 0.0% | [0.0%, 3.7%] | 1048 |
| tail | 0σ | iid | 0.0% | [0.0%, 3.7%] | 1050 |
| tail | 0σ | iid | 0.0% | [0.0%, 3.7%] | 1048 |
| tail | 0σ | iid | 0.0% | [0.0%, 3.7%] | 1050 |
| tail | 0σ | iid | 0.0% | [0.0%, 3.7%] | 1048 |
| tail | 0σ | iid | 0.0% | [0.0%, 3.7%] | 1050 |
| tail | 0σ | iid | 0.0% | [0.0%, 3.7%] | 1048 |
| tail | 0σ | iid | 0.0% | [0.0%, 3.7%] | 1050 |
| tail | 0σ | iid | 0.0% | [0.0%, 3.7%] | 1048 |
| tail | 0.2σ | ar1-0.3 | 0.0% | [0.0%, 6.0%] | 1214 |
| tail | 0.2σ | ar1-0.3 | 0.0% | [0.0%, 6.0%] | 1222 |
| tail | 0.2σ | ar1-0.6 | 0.0% | [0.0%, 6.0%] | 1217 |
| tail | 0.2σ | ar1-0.6 | 0.0% | [0.0%, 6.0%] | 1216 |
| tail | 0.2σ | ar1-0.8 | 0.0% | [0.0%, 6.0%] | 1203 |
| tail | 0.2σ | ar1-0.8 | 0.0% | [0.0%, 6.0%] | 1202 |
| tail | 0.2σ | iid | 0.0% | [0.0%, 6.0%] | 1056 |
| tail | 0.2σ | iid | 0.0% | [0.0%, 6.0%] | 1056 |
| tail | 1σ | ar1-0.3 | 100.0% | [94.0%, 100.0%] | 1220 |
| tail | 1σ | ar1-0.3 | 0.0% | [0.0%, 6.0%] | 1215 |
| tail | 1σ | ar1-0.6 | 81.7% | [70.1%, 89.4%] | 1226 |
| tail | 1σ | ar1-0.6 | 0.0% | [0.0%, 6.0%] | 1230 |
| tail | 1σ | ar1-0.8 | 36.7% | [25.6%, 49.3%] | 1235 |
| tail | 1σ | ar1-0.8 | 0.0% | [0.0%, 6.0%] | 1230 |
| tail | 1σ | iid | 100.0% | [94.0%, 100.0%] | 1072 |
| tail | 1σ | iid | 0.0% | [0.0%, 6.0%] | 1081 |
| tail | 2σ | ar1-0.3 | 100.0% | [94.0%, 100.0%] | 1240 |
| tail | 2σ | ar1-0.3 | 0.0% | [0.0%, 6.0%] | 1240 |
| tail | 2σ | ar1-0.6 | 100.0% | [94.0%, 100.0%] | 1240 |
| tail | 2σ | ar1-0.6 | 0.0% | [0.0%, 6.0%] | 1243 |
| tail | 2σ | ar1-0.8 | 100.0% | [94.0%, 100.0%] | 1235 |
| tail | 2σ | ar1-0.8 | 0.0% | [0.0%, 6.0%] | 1239 |
| tail | 2σ | iid | 100.0% | [94.0%, 100.0%] | 1070 |
| tail | 2σ | iid | 0.0% | [0.0%, 6.0%] | 1082 |
| tail | 4σ | ar1-0.3 | 100.0% | [94.0%, 100.0%] | 1258 |
| tail | 4σ | ar1-0.3 | 0.0% | [0.0%, 6.0%] | 1260 |
| tail | 4σ | ar1-0.6 | 100.0% | [94.0%, 100.0%] | 1240 |
| tail | 4σ | ar1-0.6 | 0.0% | [0.0%, 6.0%] | 1227 |
| tail | 4σ | ar1-0.8 | 100.0% | [94.0%, 100.0%] | 1248 |
| tail | 4σ | ar1-0.8 | 0.0% | [0.0%, 6.0%] | 1245 |
| tail | 4σ | iid | 100.0% | [94.0%, 100.0%] | 1073 |
| tail | 4σ | iid | 0.0% | [0.0%, 6.0%] | 1068 |
| tail | 20σ | ar1-0.3 | 5.0% | [1.7%, 13.7%] | 1240 |
| tail | 20σ | ar1-0.3 | 0.0% | [0.0%, 6.0%] | 1244 |
| tail | 20σ | ar1-0.6 | 48.3% | [36.2%, 60.7%] | 1257 |
| tail | 20σ | ar1-0.6 | 0.0% | [0.0%, 6.0%] | 1253 |
| tail | 20σ | ar1-0.8 | 100.0% | [94.0%, 100.0%] | 1239 |
| tail | 20σ | ar1-0.8 | 0.0% | [0.0%, 6.0%] | 1232 |
| tail | 20σ | iid | 0.0% | [0.0%, 6.0%] | 1080 |
| tail | 20σ | iid | 0.0% | [0.0%, 6.0%] | 1071 |


[pi0_low] completed in 261s
[pi0_low] rows=5920 outcomes:    1862 fail    1003 inconclusive    3055 pass 

==========================================
=== Config: pi0_high
=== Env:    TACET_ABLATION_PI0=0.75 
=== Output: /root/bench-results/ablation-v2/pi0_high
==========================================
[ablation] overrides: pi0=Some(0.75) alpha=None beta=None kl_min=None nu_ℓ=None nu_prior=None
=== Timing Tool Benchmark Suite ===

Configuration:
  Preset: medium
  Samples per class: 10000
  Datasets per point: 60
  Effect multipliers: [0.0, 0.2, 1.0, 2.0, 4.0, 20.0]
  Effect patterns: ["shift", "tail"]
  Noise models: ["iid", "ar1-0.3", "ar1-0.6", "ar1-0.8"]
  Mode: synthetic
  Checkpoint: RESUME (loading existing results)
  Tools: ["tacet"]
  Total points: 48
  Total datasets: 2880
  Total tool runs: 2880
  Batched: 6 batches of 500 datasets (~160MB peak memory)


Completed in 262.8s

Raw results already written to: /root/bench-results/ablation-v2/pi0_high/benchmark_results.csv
Wrote summary to: /root/bench-results/ablation-v2/pi0_high/benchmark_summary.csv
Wrote report to: /root/bench-results/ablation-v2/pi0_high/benchmark_report.md

# Benchmark Results (medium)

## Configuration

- **Preset**: medium
- **Samples per class**: 10000
- **Datasets per point**: 60
- **Effect multipliers**: [0.0, 0.2, 1.0, 2.0, 4.0, 20.0]
- **Total execution time**: 262.8s

## False Positive Rate (effect = 0)

| Tool | iid | ar1-0.3 | ar1-0.6 | ar1-0.8 |
|------|--------|--------|--------|--------|
| tacet (θ=0.4ns) | 0.0% ± 1.8% | 0.0% ± 3.0% | 0.0% ± 3.0% | 0.0% ± 3.0% |
| tacet (θ=100ns) | 0.0% ± 1.8% | 0.0% ± 3.0% | 0.0% ± 3.0% | 0.0% ± 3.0% |

## Power (Detection Rate)

| Tool | 0.2σ | 1σ | 2σ | 4σ | 20σ |
|------|------|------|------|------|------|
| tacet (θ=0.4ns) | 100% | 100% | 100% | 100% | 100% |
| tacet (θ=100ns) | 0% | 0% | 0% | 0% | 0% |

## Detailed Results by Tool

### tacet

| Pattern | Effect | Noise | Rate | 95% CI | Time (ms) |
|---------|--------|-------|------|--------|----------|
| shift | 0σ | ar1-0.3 | 0.0% | [0.0%, 6.0%] | 1226 |
| shift | 0σ | ar1-0.3 | 0.0% | [0.0%, 6.0%] | 1218 |
| shift | 0σ | ar1-0.6 | 0.0% | [0.0%, 6.0%] | 1220 |
| shift | 0σ | ar1-0.6 | 0.0% | [0.0%, 6.0%] | 1230 |
| shift | 0σ | ar1-0.8 | 0.0% | [0.0%, 6.0%] | 1231 |
| shift | 0σ | ar1-0.8 | 0.0% | [0.0%, 6.0%] | 1235 |
| shift | 0σ | iid | 0.0% | [0.0%, 3.7%] | 1060 |
| shift | 0σ | iid | 0.0% | [0.0%, 3.7%] | 1066 |
| shift | 0σ | iid | 0.0% | [0.0%, 3.7%] | 1060 |
| shift | 0σ | iid | 0.0% | [0.0%, 3.7%] | 1066 |
| shift | 0σ | iid | 0.0% | [0.0%, 3.7%] | 1060 |
| shift | 0σ | iid | 0.0% | [0.0%, 3.7%] | 1066 |
| shift | 0σ | iid | 0.0% | [0.0%, 3.7%] | 1060 |
| shift | 0σ | iid | 0.0% | [0.0%, 3.7%] | 1066 |
| shift | 0σ | iid | 0.0% | [0.0%, 3.7%] | 1060 |
| shift | 0σ | iid | 0.0% | [0.0%, 3.7%] | 1066 |
| shift | 0.2σ | ar1-0.3 | 76.7% | [64.6%, 85.6%] | 1237 |
| shift | 0.2σ | ar1-0.3 | 0.0% | [0.0%, 6.0%] | 1239 |
| shift | 0.2σ | ar1-0.6 | 46.7% | [34.6%, 59.1%] | 1231 |
| shift | 0.2σ | ar1-0.6 | 0.0% | [0.0%, 6.0%] | 1230 |
| shift | 0.2σ | ar1-0.8 | 21.7% | [13.1%, 33.6%] | 1209 |
| shift | 0.2σ | ar1-0.8 | 0.0% | [0.0%, 6.0%] | 1220 |
| shift | 0.2σ | iid | 100.0% | [94.0%, 100.0%] | 1056 |
| shift | 0.2σ | iid | 0.0% | [0.0%, 6.0%] | 1057 |
| shift | 1σ | ar1-0.3 | 100.0% | [94.0%, 100.0%] | 1221 |
| shift | 1σ | ar1-0.3 | 0.0% | [0.0%, 6.0%] | 1233 |
| shift | 1σ | ar1-0.6 | 100.0% | [94.0%, 100.0%] | 1231 |
| shift | 1σ | ar1-0.6 | 0.0% | [0.0%, 6.0%] | 1225 |
| shift | 1σ | ar1-0.8 | 100.0% | [94.0%, 100.0%] | 1220 |
| shift | 1σ | ar1-0.8 | 0.0% | [0.0%, 6.0%] | 1229 |
| shift | 1σ | iid | 100.0% | [94.0%, 100.0%] | 1069 |
| shift | 1σ | iid | 0.0% | [0.0%, 6.0%] | 1070 |
| shift | 2σ | ar1-0.3 | 100.0% | [94.0%, 100.0%] | 1228 |
| shift | 2σ | ar1-0.3 | 0.0% | [0.0%, 6.0%] | 1225 |
| shift | 2σ | ar1-0.6 | 100.0% | [94.0%, 100.0%] | 1241 |
| shift | 2σ | ar1-0.6 | 0.0% | [0.0%, 6.0%] | 1230 |
| shift | 2σ | ar1-0.8 | 100.0% | [94.0%, 100.0%] | 1235 |
| shift | 2σ | ar1-0.8 | 0.0% | [0.0%, 6.0%] | 1234 |
| shift | 2σ | iid | 100.0% | [94.0%, 100.0%] | 1055 |
| shift | 2σ | iid | 0.0% | [0.0%, 6.0%] | 1062 |
| shift | 4σ | ar1-0.3 | 100.0% | [94.0%, 100.0%] | 1252 |
| shift | 4σ | ar1-0.3 | 0.0% | [0.0%, 6.0%] | 1239 |
| shift | 4σ | ar1-0.6 | 100.0% | [94.0%, 100.0%] | 1245 |
| shift | 4σ | ar1-0.6 | 0.0% | [0.0%, 6.0%] | 1252 |
| shift | 4σ | ar1-0.8 | 100.0% | [94.0%, 100.0%] | 1241 |
| shift | 4σ | ar1-0.8 | 0.0% | [0.0%, 6.0%] | 1243 |
| shift | 4σ | iid | 100.0% | [94.0%, 100.0%] | 1079 |
| shift | 4σ | iid | 0.0% | [0.0%, 6.0%] | 1083 |
| shift | 20σ | ar1-0.3 | 100.0% | [94.0%, 100.0%] | 1348 |
| shift | 20σ | ar1-0.3 | 25.0% | [15.8%, 37.2%] | 1341 |
| shift | 20σ | ar1-0.6 | 100.0% | [94.0%, 100.0%] | 1342 |
| shift | 20σ | ar1-0.6 | 15.0% | [8.1%, 26.1%] | 1332 |
| shift | 20σ | ar1-0.8 | 100.0% | [94.0%, 100.0%] | 1342 |
| shift | 20σ | ar1-0.8 | 8.3% | [3.6%, 18.1%] | 1334 |
| shift | 20σ | iid | 100.0% | [94.0%, 100.0%] | 1129 |
| shift | 20σ | iid | 0.0% | [0.0%, 6.0%] | 1121 |
| tail | 0σ | ar1-0.3 | 0.0% | [0.0%, 6.0%] | 1211 |
| tail | 0σ | ar1-0.3 | 0.0% | [0.0%, 6.0%] | 1210 |
| tail | 0σ | ar1-0.6 | 0.0% | [0.0%, 6.0%] | 1223 |
| tail | 0σ | ar1-0.6 | 0.0% | [0.0%, 6.0%] | 1221 |
| tail | 0σ | ar1-0.8 | 0.0% | [0.0%, 6.0%] | 1201 |
| tail | 0σ | ar1-0.8 | 0.0% | [0.0%, 6.0%] | 1205 |
| tail | 0σ | iid | 0.0% | [0.0%, 3.7%] | 1049 |
| tail | 0σ | iid | 0.0% | [0.0%, 3.7%] | 1058 |
| tail | 0σ | iid | 0.0% | [0.0%, 3.7%] | 1049 |
| tail | 0σ | iid | 0.0% | [0.0%, 3.7%] | 1058 |
| tail | 0σ | iid | 0.0% | [0.0%, 3.7%] | 1049 |
| tail | 0σ | iid | 0.0% | [0.0%, 3.7%] | 1058 |
| tail | 0σ | iid | 0.0% | [0.0%, 3.7%] | 1049 |
| tail | 0σ | iid | 0.0% | [0.0%, 3.7%] | 1058 |
| tail | 0σ | iid | 0.0% | [0.0%, 3.7%] | 1049 |
| tail | 0σ | iid | 0.0% | [0.0%, 3.7%] | 1058 |
| tail | 0.2σ | ar1-0.3 | 0.0% | [0.0%, 6.0%] | 1225 |
| tail | 0.2σ | ar1-0.3 | 0.0% | [0.0%, 6.0%] | 1233 |
| tail | 0.2σ | ar1-0.6 | 0.0% | [0.0%, 6.0%] | 1222 |
| tail | 0.2σ | ar1-0.6 | 0.0% | [0.0%, 6.0%] | 1214 |
| tail | 0.2σ | ar1-0.8 | 0.0% | [0.0%, 6.0%] | 1201 |
| tail | 0.2σ | ar1-0.8 | 0.0% | [0.0%, 6.0%] | 1199 |
| tail | 0.2σ | iid | 0.0% | [0.0%, 6.0%] | 1059 |
| tail | 0.2σ | iid | 0.0% | [0.0%, 6.0%] | 1049 |
| tail | 1σ | ar1-0.3 | 100.0% | [94.0%, 100.0%] | 1218 |
| tail | 1σ | ar1-0.3 | 0.0% | [0.0%, 6.0%] | 1222 |
| tail | 1σ | ar1-0.6 | 93.3% | [84.1%, 97.4%] | 1235 |
| tail | 1σ | ar1-0.6 | 0.0% | [0.0%, 6.0%] | 1230 |
| tail | 1σ | ar1-0.8 | 80.0% | [68.2%, 88.2%] | 1218 |
| tail | 1σ | ar1-0.8 | 0.0% | [0.0%, 6.0%] | 1229 |
| tail | 1σ | iid | 100.0% | [94.0%, 100.0%] | 1089 |
| tail | 1σ | iid | 0.0% | [0.0%, 6.0%] | 1086 |
| tail | 2σ | ar1-0.3 | 100.0% | [94.0%, 100.0%] | 1246 |
| tail | 2σ | ar1-0.3 | 0.0% | [0.0%, 6.0%] | 1250 |
| tail | 2σ | ar1-0.6 | 100.0% | [94.0%, 100.0%] | 1245 |
| tail | 2σ | ar1-0.6 | 0.0% | [0.0%, 6.0%] | 1243 |
| tail | 2σ | ar1-0.8 | 100.0% | [94.0%, 100.0%] | 1245 |
| tail | 2σ | ar1-0.8 | 0.0% | [0.0%, 6.0%] | 1238 |
| tail | 2σ | iid | 100.0% | [94.0%, 100.0%] | 1091 |
| tail | 2σ | iid | 0.0% | [0.0%, 6.0%] | 1096 |
| tail | 4σ | ar1-0.3 | 100.0% | [94.0%, 100.0%] | 1265 |
| tail | 4σ | ar1-0.3 | 0.0% | [0.0%, 6.0%] | 1259 |
| tail | 4σ | ar1-0.6 | 100.0% | [94.0%, 100.0%] | 1250 |
| tail | 4σ | ar1-0.6 | 0.0% | [0.0%, 6.0%] | 1253 |
| tail | 4σ | ar1-0.8 | 100.0% | [94.0%, 100.0%] | 1228 |
| tail | 4σ | ar1-0.8 | 0.0% | [0.0%, 6.0%] | 1230 |
| tail | 4σ | iid | 100.0% | [94.0%, 100.0%] | 1072 |
| tail | 4σ | iid | 0.0% | [0.0%, 6.0%] | 1082 |
| tail | 20σ | ar1-0.3 | 100.0% | [94.0%, 100.0%] | 1264 |
| tail | 20σ | ar1-0.3 | 0.0% | [0.0%, 6.0%] | 1252 |
| tail | 20σ | ar1-0.6 | 100.0% | [94.0%, 100.0%] | 1264 |
| tail | 20σ | ar1-0.6 | 0.0% | [0.0%, 6.0%] | 1256 |
| tail | 20σ | ar1-0.8 | 100.0% | [94.0%, 100.0%] | 1237 |
| tail | 20σ | ar1-0.8 | 0.0% | [0.0%, 6.0%] | 1245 |
| tail | 20σ | iid | 100.0% | [94.0%, 100.0%] | 1094 |
| tail | 20σ | iid | 0.0% | [0.0%, 6.0%] | 1086 |


[pi0_high] completed in 263s
[pi0_high] rows=5920 outcomes:    2080 fail     807 inconclusive    3033 pass 

==========================================
=== Config: pi0_extreme
=== Env:    TACET_ABLATION_PI0=0.85 
=== Output: /root/bench-results/ablation-v2/pi0_extreme
==========================================
[ablation] overrides: pi0=Some(0.85) alpha=None beta=None kl_min=None nu_ℓ=None nu_prior=None
=== Timing Tool Benchmark Suite ===

Configuration:
  Preset: medium
  Samples per class: 10000
  Datasets per point: 60
  Effect multipliers: [0.0, 0.2, 1.0, 2.0, 4.0, 20.0]
  Effect patterns: ["shift", "tail"]
  Noise models: ["iid", "ar1-0.3", "ar1-0.6", "ar1-0.8"]
  Mode: synthetic
  Checkpoint: RESUME (loading existing results)
  Tools: ["tacet"]
  Total points: 48
  Total datasets: 2880
  Total tool runs: 2880
  Batched: 6 batches of 500 datasets (~160MB peak memory)


Completed in 260.0s

Raw results already written to: /root/bench-results/ablation-v2/pi0_extreme/benchmark_results.csv
Wrote summary to: /root/bench-results/ablation-v2/pi0_extreme/benchmark_summary.csv
Wrote report to: /root/bench-results/ablation-v2/pi0_extreme/benchmark_report.md

# Benchmark Results (medium)

## Configuration

- **Preset**: medium
- **Samples per class**: 10000
- **Datasets per point**: 60
- **Effect multipliers**: [0.0, 0.2, 1.0, 2.0, 4.0, 20.0]
- **Total execution time**: 260.0s

## False Positive Rate (effect = 0)

| Tool | iid | ar1-0.3 | ar1-0.6 | ar1-0.8 |
|------|--------|--------|--------|--------|
| tacet (θ=0.4ns) | 0.0% ± 1.8% | 0.0% ± 3.0% | 0.0% ± 3.0% | 1.7% ± 4.3% |
| tacet (θ=100ns) | 0.0% ± 1.8% | 0.0% ± 3.0% | 0.0% ± 3.0% | 0.0% ± 3.0% |

## Power (Detection Rate)

| Tool | 0.2σ | 1σ | 2σ | 4σ | 20σ |
|------|------|------|------|------|------|
| tacet (θ=0.4ns) | 100% | 100% | 100% | 100% | 100% |
| tacet (θ=100ns) | 0% | 0% | 0% | 0% | 0% |

## Detailed Results by Tool

### tacet

| Pattern | Effect | Noise | Rate | 95% CI | Time (ms) |
|---------|--------|-------|------|--------|----------|
| shift | 0σ | ar1-0.3 | 0.0% | [0.0%, 6.0%] | 1219 |
| shift | 0σ | ar1-0.3 | 0.0% | [0.0%, 6.0%] | 1235 |
| shift | 0σ | ar1-0.6 | 0.0% | [0.0%, 6.0%] | 1225 |
| shift | 0σ | ar1-0.6 | 0.0% | [0.0%, 6.0%] | 1231 |
| shift | 0σ | ar1-0.8 | 1.7% | [0.3%, 8.9%] | 1225 |
| shift | 0σ | ar1-0.8 | 0.0% | [0.0%, 6.0%] | 1212 |
| shift | 0σ | iid | 0.0% | [0.0%, 3.7%] | 1057 |
| shift | 0σ | iid | 0.0% | [0.0%, 3.7%] | 1067 |
| shift | 0σ | iid | 0.0% | [0.0%, 3.7%] | 1057 |
| shift | 0σ | iid | 0.0% | [0.0%, 3.7%] | 1067 |
| shift | 0σ | iid | 0.0% | [0.0%, 3.7%] | 1057 |
| shift | 0σ | iid | 0.0% | [0.0%, 3.7%] | 1067 |
| shift | 0σ | iid | 0.0% | [0.0%, 3.7%] | 1057 |
| shift | 0σ | iid | 0.0% | [0.0%, 3.7%] | 1067 |
| shift | 0σ | iid | 0.0% | [0.0%, 3.7%] | 1057 |
| shift | 0σ | iid | 0.0% | [0.0%, 3.7%] | 1067 |
| shift | 0.2σ | ar1-0.3 | 78.3% | [66.4%, 86.9%] | 1209 |
| shift | 0.2σ | ar1-0.3 | 0.0% | [0.0%, 6.0%] | 1218 |
| shift | 0.2σ | ar1-0.6 | 51.7% | [39.3%, 63.8%] | 1221 |
| shift | 0.2σ | ar1-0.6 | 0.0% | [0.0%, 6.0%] | 1224 |
| shift | 0.2σ | ar1-0.8 | 30.0% | [19.9%, 42.5%] | 1219 |
| shift | 0.2σ | ar1-0.8 | 0.0% | [0.0%, 6.0%] | 1209 |
| shift | 0.2σ | iid | 100.0% | [94.0%, 100.0%] | 1060 |
| shift | 0.2σ | iid | 0.0% | [0.0%, 6.0%] | 1060 |
| shift | 1σ | ar1-0.3 | 100.0% | [94.0%, 100.0%] | 1220 |
| shift | 1σ | ar1-0.3 | 0.0% | [0.0%, 6.0%] | 1233 |
| shift | 1σ | ar1-0.6 | 100.0% | [94.0%, 100.0%] | 1233 |
| shift | 1σ | ar1-0.6 | 0.0% | [0.0%, 6.0%] | 1234 |
| shift | 1σ | ar1-0.8 | 100.0% | [94.0%, 100.0%] | 1227 |
| shift | 1σ | ar1-0.8 | 0.0% | [0.0%, 6.0%] | 1212 |
| shift | 1σ | iid | 100.0% | [94.0%, 100.0%] | 1066 |
| shift | 1σ | iid | 0.0% | [0.0%, 6.0%] | 1064 |
| shift | 2σ | ar1-0.3 | 100.0% | [94.0%, 100.0%] | 1245 |
| shift | 2σ | ar1-0.3 | 0.0% | [0.0%, 6.0%] | 1232 |
| shift | 2σ | ar1-0.6 | 100.0% | [94.0%, 100.0%] | 1236 |
| shift | 2σ | ar1-0.6 | 0.0% | [0.0%, 6.0%] | 1241 |
| shift | 2σ | ar1-0.8 | 100.0% | [94.0%, 100.0%] | 1232 |
| shift | 2σ | ar1-0.8 | 0.0% | [0.0%, 6.0%] | 1232 |
| shift | 2σ | iid | 100.0% | [94.0%, 100.0%] | 1066 |
| shift | 2σ | iid | 0.0% | [0.0%, 6.0%] | 1060 |
| shift | 4σ | ar1-0.3 | 100.0% | [94.0%, 100.0%] | 1244 |
| shift | 4σ | ar1-0.3 | 0.0% | [0.0%, 6.0%] | 1242 |
| shift | 4σ | ar1-0.6 | 100.0% | [94.0%, 100.0%] | 1243 |
| shift | 4σ | ar1-0.6 | 0.0% | [0.0%, 6.0%] | 1251 |
| shift | 4σ | ar1-0.8 | 100.0% | [94.0%, 100.0%] | 1231 |
| shift | 4σ | ar1-0.8 | 0.0% | [0.0%, 6.0%] | 1234 |
| shift | 4σ | iid | 100.0% | [94.0%, 100.0%] | 1078 |
| shift | 4σ | iid | 0.0% | [0.0%, 6.0%] | 1077 |
| shift | 20σ | ar1-0.3 | 100.0% | [94.0%, 100.0%] | 1341 |
| shift | 20σ | ar1-0.3 | 25.0% | [15.8%, 37.2%] | 1352 |
| shift | 20σ | ar1-0.6 | 100.0% | [94.0%, 100.0%] | 1346 |
| shift | 20σ | ar1-0.6 | 16.7% | [9.3%, 28.0%] | 1338 |
| shift | 20σ | ar1-0.8 | 100.0% | [94.0%, 100.0%] | 1342 |
| shift | 20σ | ar1-0.8 | 8.3% | [3.6%, 18.1%] | 1323 |
| shift | 20σ | iid | 100.0% | [94.0%, 100.0%] | 1133 |
| shift | 20σ | iid | 0.0% | [0.0%, 6.0%] | 1134 |
| tail | 0σ | ar1-0.3 | 0.0% | [0.0%, 6.0%] | 1221 |
| tail | 0σ | ar1-0.3 | 0.0% | [0.0%, 6.0%] | 1208 |
| tail | 0σ | ar1-0.6 | 0.0% | [0.0%, 6.0%] | 1213 |
| tail | 0σ | ar1-0.6 | 0.0% | [0.0%, 6.0%] | 1214 |
| tail | 0σ | ar1-0.8 | 0.0% | [0.0%, 6.0%] | 1223 |
| tail | 0σ | ar1-0.8 | 0.0% | [0.0%, 6.0%] | 1217 |
| tail | 0σ | iid | 0.0% | [0.0%, 3.7%] | 1058 |
| tail | 0σ | iid | 0.0% | [0.0%, 3.7%] | 1058 |
| tail | 0σ | iid | 0.0% | [0.0%, 3.7%] | 1058 |
| tail | 0σ | iid | 0.0% | [0.0%, 3.7%] | 1058 |
| tail | 0σ | iid | 0.0% | [0.0%, 3.7%] | 1058 |
| tail | 0σ | iid | 0.0% | [0.0%, 3.7%] | 1058 |
| tail | 0σ | iid | 0.0% | [0.0%, 3.7%] | 1058 |
| tail | 0σ | iid | 0.0% | [0.0%, 3.7%] | 1058 |
| tail | 0σ | iid | 0.0% | [0.0%, 3.7%] | 1058 |
| tail | 0σ | iid | 0.0% | [0.0%, 3.7%] | 1058 |
| tail | 0.2σ | ar1-0.3 | 0.0% | [0.0%, 6.0%] | 1231 |
| tail | 0.2σ | ar1-0.3 | 0.0% | [0.0%, 6.0%] | 1230 |
| tail | 0.2σ | ar1-0.6 | 0.0% | [0.0%, 6.0%] | 1221 |
| tail | 0.2σ | ar1-0.6 | 0.0% | [0.0%, 6.0%] | 1222 |
| tail | 0.2σ | ar1-0.8 | 1.7% | [0.3%, 8.9%] | 1215 |
| tail | 0.2σ | ar1-0.8 | 0.0% | [0.0%, 6.0%] | 1220 |
| tail | 0.2σ | iid | 0.0% | [0.0%, 6.0%] | 1054 |
| tail | 0.2σ | iid | 0.0% | [0.0%, 6.0%] | 1049 |
| tail | 1σ | ar1-0.3 | 100.0% | [94.0%, 100.0%] | 1241 |
| tail | 1σ | ar1-0.3 | 0.0% | [0.0%, 6.0%] | 1226 |
| tail | 1σ | ar1-0.6 | 98.3% | [91.1%, 99.7%] | 1235 |
| tail | 1σ | ar1-0.6 | 0.0% | [0.0%, 6.0%] | 1221 |
| tail | 1σ | ar1-0.8 | 85.0% | [73.9%, 91.9%] | 1234 |
| tail | 1σ | ar1-0.8 | 0.0% | [0.0%, 6.0%] | 1232 |
| tail | 1σ | iid | 100.0% | [94.0%, 100.0%] | 1084 |
| tail | 1σ | iid | 0.0% | [0.0%, 6.0%] | 1083 |
| tail | 2σ | ar1-0.3 | 100.0% | [94.0%, 100.0%] | 1253 |
| tail | 2σ | ar1-0.3 | 0.0% | [0.0%, 6.0%] | 1258 |
| tail | 2σ | ar1-0.6 | 100.0% | [94.0%, 100.0%] | 1236 |
| tail | 2σ | ar1-0.6 | 0.0% | [0.0%, 6.0%] | 1248 |
| tail | 2σ | ar1-0.8 | 100.0% | [94.0%, 100.0%] | 1243 |
| tail | 2σ | ar1-0.8 | 0.0% | [0.0%, 6.0%] | 1249 |
| tail | 2σ | iid | 100.0% | [94.0%, 100.0%] | 1085 |
| tail | 2σ | iid | 0.0% | [0.0%, 6.0%] | 1093 |
| tail | 4σ | ar1-0.3 | 100.0% | [94.0%, 100.0%] | 1258 |
| tail | 4σ | ar1-0.3 | 0.0% | [0.0%, 6.0%] | 1252 |
| tail | 4σ | ar1-0.6 | 100.0% | [94.0%, 100.0%] | 1250 |
| tail | 4σ | ar1-0.6 | 0.0% | [0.0%, 6.0%] | 1245 |
| tail | 4σ | ar1-0.8 | 100.0% | [94.0%, 100.0%] | 1250 |
| tail | 4σ | ar1-0.8 | 0.0% | [0.0%, 6.0%] | 1236 |
| tail | 4σ | iid | 100.0% | [94.0%, 100.0%] | 1077 |
| tail | 4σ | iid | 0.0% | [0.0%, 6.0%] | 1079 |
| tail | 20σ | ar1-0.3 | 100.0% | [94.0%, 100.0%] | 1251 |
| tail | 20σ | ar1-0.3 | 0.0% | [0.0%, 6.0%] | 1270 |
| tail | 20σ | ar1-0.6 | 100.0% | [94.0%, 100.0%] | 1262 |
| tail | 20σ | ar1-0.6 | 0.0% | [0.0%, 6.0%] | 1263 |
| tail | 20σ | ar1-0.8 | 100.0% | [94.0%, 100.0%] | 1249 |
| tail | 20σ | ar1-0.8 | 0.0% | [0.0%, 6.0%] | 1251 |
| tail | 20σ | iid | 100.0% | [94.0%, 100.0%] | 1087 |
| tail | 20σ | iid | 0.0% | [0.0%, 6.0%] | 1079 |


[pi0_extreme] completed in 260s
[pi0_extreme] rows=5920 outcomes:    2098 fail     792 inconclusive    3030 pass 

==========================================
=== Config: alpha_tight
=== Env:    TACET_ABLATION_ALPHA=0.01 TACET_ABLATION_BETA=0.99 
=== Output: /root/bench-results/ablation-v2/alpha_tight
==========================================
[ablation] overrides: pi0=None alpha=Some(0.01) beta=Some(0.99) kl_min=None nu_ℓ=None nu_prior=None
=== Timing Tool Benchmark Suite ===

Configuration:
  Preset: medium
  Samples per class: 10000
  Datasets per point: 60
  Effect multipliers: [0.0, 0.2, 1.0, 2.0, 4.0, 20.0]
  Effect patterns: ["shift", "tail"]
  Noise models: ["iid", "ar1-0.3", "ar1-0.6", "ar1-0.8"]
  Mode: synthetic
  Checkpoint: RESUME (loading existing results)
  Tools: ["tacet"]
  Total points: 48
  Total datasets: 2880
  Total tool runs: 2880
  Batched: 6 batches of 500 datasets (~160MB peak memory)


Completed in 262.4s

Raw results already written to: /root/bench-results/ablation-v2/alpha_tight/benchmark_results.csv
Wrote summary to: /root/bench-results/ablation-v2/alpha_tight/benchmark_summary.csv
Wrote report to: /root/bench-results/ablation-v2/alpha_tight/benchmark_report.md

# Benchmark Results (medium)

## Configuration

- **Preset**: medium
- **Samples per class**: 10000
- **Datasets per point**: 60
- **Effect multipliers**: [0.0, 0.2, 1.0, 2.0, 4.0, 20.0]
- **Total execution time**: 262.4s

## False Positive Rate (effect = 0)

| Tool | iid | ar1-0.3 | ar1-0.6 | ar1-0.8 |
|------|--------|--------|--------|--------|
| tacet (θ=0.4ns) | 0.0% ± 1.8% | 0.0% ± 3.0% | 0.0% ± 3.0% | 0.0% ± 3.0% |
| tacet (θ=100ns) | 0.0% ± 1.8% | 0.0% ± 3.0% | 0.0% ± 3.0% | 0.0% ± 3.0% |

## Power (Detection Rate)

| Tool | 0.2σ | 1σ | 2σ | 4σ | 20σ |
|------|------|------|------|------|------|
| tacet (θ=0.4ns) | 100% | 100% | 100% | 100% | 100% |
| tacet (θ=100ns) | 0% | 0% | 0% | 0% | 0% |

## Detailed Results by Tool

### tacet

| Pattern | Effect | Noise | Rate | 95% CI | Time (ms) |
|---------|--------|-------|------|--------|----------|
| shift | 0σ | ar1-0.3 | 0.0% | [0.0%, 6.0%] | 1222 |
| shift | 0σ | ar1-0.3 | 0.0% | [0.0%, 6.0%] | 1231 |
| shift | 0σ | ar1-0.6 | 0.0% | [0.0%, 6.0%] | 1224 |
| shift | 0σ | ar1-0.6 | 0.0% | [0.0%, 6.0%] | 1230 |
| shift | 0σ | ar1-0.8 | 0.0% | [0.0%, 6.0%] | 1215 |
| shift | 0σ | ar1-0.8 | 0.0% | [0.0%, 6.0%] | 1225 |
| shift | 0σ | iid | 0.0% | [0.0%, 3.7%] | 1065 |
| shift | 0σ | iid | 0.0% | [0.0%, 3.7%] | 1058 |
| shift | 0σ | iid | 0.0% | [0.0%, 3.7%] | 1065 |
| shift | 0σ | iid | 0.0% | [0.0%, 3.7%] | 1058 |
| shift | 0σ | iid | 0.0% | [0.0%, 3.7%] | 1065 |
| shift | 0σ | iid | 0.0% | [0.0%, 3.7%] | 1058 |
| shift | 0σ | iid | 0.0% | [0.0%, 3.7%] | 1065 |
| shift | 0σ | iid | 0.0% | [0.0%, 3.7%] | 1058 |
| shift | 0σ | iid | 0.0% | [0.0%, 3.7%] | 1065 |
| shift | 0σ | iid | 0.0% | [0.0%, 3.7%] | 1058 |
| shift | 0.2σ | ar1-0.3 | 18.3% | [10.6%, 29.9%] | 1233 |
| shift | 0.2σ | ar1-0.3 | 0.0% | [0.0%, 6.0%] | 1233 |
| shift | 0.2σ | ar1-0.6 | 3.3% | [0.9%, 11.4%] | 1233 |
| shift | 0.2σ | ar1-0.6 | 0.0% | [0.0%, 6.0%] | 1235 |
| shift | 0.2σ | ar1-0.8 | 0.0% | [0.0%, 6.0%] | 1231 |
| shift | 0.2σ | ar1-0.8 | 0.0% | [0.0%, 6.0%] | 1231 |
| shift | 0.2σ | iid | 100.0% | [94.0%, 100.0%] | 1067 |
| shift | 0.2σ | iid | 0.0% | [0.0%, 6.0%] | 1059 |
| shift | 1σ | ar1-0.3 | 100.0% | [94.0%, 100.0%] | 1242 |
| shift | 1σ | ar1-0.3 | 0.0% | [0.0%, 6.0%] | 1243 |
| shift | 1σ | ar1-0.6 | 100.0% | [94.0%, 100.0%] | 1250 |
| shift | 1σ | ar1-0.6 | 0.0% | [0.0%, 6.0%] | 1254 |
| shift | 1σ | ar1-0.8 | 100.0% | [94.0%, 100.0%] | 1235 |
| shift | 1σ | ar1-0.8 | 0.0% | [0.0%, 6.0%] | 1229 |
| shift | 1σ | iid | 100.0% | [94.0%, 100.0%] | 1063 |
| shift | 1σ | iid | 0.0% | [0.0%, 6.0%] | 1052 |
| shift | 2σ | ar1-0.3 | 100.0% | [94.0%, 100.0%] | 1247 |
| shift | 2σ | ar1-0.3 | 0.0% | [0.0%, 6.0%] | 1250 |
| shift | 2σ | ar1-0.6 | 100.0% | [94.0%, 100.0%] | 1233 |
| shift | 2σ | ar1-0.6 | 0.0% | [0.0%, 6.0%] | 1236 |
| shift | 2σ | ar1-0.8 | 100.0% | [94.0%, 100.0%] | 1241 |
| shift | 2σ | ar1-0.8 | 0.0% | [0.0%, 6.0%] | 1230 |
| shift | 2σ | iid | 100.0% | [94.0%, 100.0%] | 1074 |
| shift | 2σ | iid | 0.0% | [0.0%, 6.0%] | 1065 |
| shift | 4σ | ar1-0.3 | 100.0% | [94.0%, 100.0%] | 1259 |
| shift | 4σ | ar1-0.3 | 0.0% | [0.0%, 6.0%] | 1250 |
| shift | 4σ | ar1-0.6 | 100.0% | [94.0%, 100.0%] | 1268 |
| shift | 4σ | ar1-0.6 | 0.0% | [0.0%, 6.0%] | 1259 |
| shift | 4σ | ar1-0.8 | 100.0% | [94.0%, 100.0%] | 1240 |
| shift | 4σ | ar1-0.8 | 0.0% | [0.0%, 6.0%] | 1239 |
| shift | 4σ | iid | 100.0% | [94.0%, 100.0%] | 1077 |
| shift | 4σ | iid | 0.0% | [0.0%, 6.0%] | 1081 |
| shift | 20σ | ar1-0.3 | 100.0% | [94.0%, 100.0%] | 1354 |
| shift | 20σ | ar1-0.3 | 6.7% | [2.6%, 15.9%] | 1346 |
| shift | 20σ | ar1-0.6 | 100.0% | [94.0%, 100.0%] | 1340 |
| shift | 20σ | ar1-0.6 | 1.7% | [0.3%, 8.9%] | 1327 |
| shift | 20σ | ar1-0.8 | 100.0% | [94.0%, 100.0%] | 1339 |
| shift | 20σ | ar1-0.8 | 0.0% | [0.0%, 6.0%] | 1341 |
| shift | 20σ | iid | 100.0% | [94.0%, 100.0%] | 1127 |
| shift | 20σ | iid | 0.0% | [0.0%, 6.0%] | 1131 |
| tail | 0σ | ar1-0.3 | 0.0% | [0.0%, 6.0%] | 1228 |
| tail | 0σ | ar1-0.3 | 0.0% | [0.0%, 6.0%] | 1224 |
| tail | 0σ | ar1-0.6 | 0.0% | [0.0%, 6.0%] | 1212 |
| tail | 0σ | ar1-0.6 | 0.0% | [0.0%, 6.0%] | 1221 |
| tail | 0σ | ar1-0.8 | 0.0% | [0.0%, 6.0%] | 1222 |
| tail | 0σ | ar1-0.8 | 0.0% | [0.0%, 6.0%] | 1219 |
| tail | 0σ | iid | 0.0% | [0.0%, 3.7%] | 1065 |
| tail | 0σ | iid | 0.0% | [0.0%, 3.7%] | 1062 |
| tail | 0σ | iid | 0.0% | [0.0%, 3.7%] | 1065 |
| tail | 0σ | iid | 0.0% | [0.0%, 3.7%] | 1062 |
| tail | 0σ | iid | 0.0% | [0.0%, 3.7%] | 1065 |
| tail | 0σ | iid | 0.0% | [0.0%, 3.7%] | 1062 |
| tail | 0σ | iid | 0.0% | [0.0%, 3.7%] | 1065 |
| tail | 0σ | iid | 0.0% | [0.0%, 3.7%] | 1062 |
| tail | 0σ | iid | 0.0% | [0.0%, 3.7%] | 1065 |
| tail | 0σ | iid | 0.0% | [0.0%, 3.7%] | 1062 |
| tail | 0.2σ | ar1-0.3 | 0.0% | [0.0%, 6.0%] | 1231 |
| tail | 0.2σ | ar1-0.3 | 0.0% | [0.0%, 6.0%] | 1230 |
| tail | 0.2σ | ar1-0.6 | 0.0% | [0.0%, 6.0%] | 1214 |
| tail | 0.2σ | ar1-0.6 | 0.0% | [0.0%, 6.0%] | 1202 |
| tail | 0.2σ | ar1-0.8 | 0.0% | [0.0%, 6.0%] | 1210 |
| tail | 0.2σ | ar1-0.8 | 0.0% | [0.0%, 6.0%] | 1222 |
| tail | 0.2σ | iid | 0.0% | [0.0%, 6.0%] | 1060 |
| tail | 0.2σ | iid | 0.0% | [0.0%, 6.0%] | 1047 |
| tail | 1σ | ar1-0.3 | 81.7% | [70.1%, 89.4%] | 1240 |
| tail | 1σ | ar1-0.3 | 0.0% | [0.0%, 6.0%] | 1233 |
| tail | 1σ | ar1-0.6 | 51.7% | [39.3%, 63.8%] | 1232 |
| tail | 1σ | ar1-0.6 | 0.0% | [0.0%, 6.0%] | 1236 |
| tail | 1σ | ar1-0.8 | 8.3% | [3.6%, 18.1%] | 1231 |
| tail | 1σ | ar1-0.8 | 0.0% | [0.0%, 6.0%] | 1211 |
| tail | 1σ | iid | 100.0% | [94.0%, 100.0%] | 1076 |
| tail | 1σ | iid | 0.0% | [0.0%, 6.0%] | 1082 |
| tail | 2σ | ar1-0.3 | 100.0% | [94.0%, 100.0%] | 1260 |
| tail | 2σ | ar1-0.3 | 0.0% | [0.0%, 6.0%] | 1259 |
| tail | 2σ | ar1-0.6 | 100.0% | [94.0%, 100.0%] | 1252 |
| tail | 2σ | ar1-0.6 | 0.0% | [0.0%, 6.0%] | 1252 |
| tail | 2σ | ar1-0.8 | 100.0% | [94.0%, 100.0%] | 1243 |
| tail | 2σ | ar1-0.8 | 0.0% | [0.0%, 6.0%] | 1245 |
| tail | 2σ | iid | 100.0% | [94.0%, 100.0%] | 1083 |
| tail | 2σ | iid | 0.0% | [0.0%, 6.0%] | 1084 |
| tail | 4σ | ar1-0.3 | 100.0% | [94.0%, 100.0%] | 1268 |
| tail | 4σ | ar1-0.3 | 0.0% | [0.0%, 6.0%] | 1274 |
| tail | 4σ | ar1-0.6 | 100.0% | [94.0%, 100.0%] | 1245 |
| tail | 4σ | ar1-0.6 | 0.0% | [0.0%, 6.0%] | 1238 |
| tail | 4σ | ar1-0.8 | 100.0% | [94.0%, 100.0%] | 1239 |
| tail | 4σ | ar1-0.8 | 0.0% | [0.0%, 6.0%] | 1251 |
| tail | 4σ | iid | 100.0% | [94.0%, 100.0%] | 1071 |
| tail | 4σ | iid | 0.0% | [0.0%, 6.0%] | 1070 |
| tail | 20σ | ar1-0.3 | 5.0% | [1.7%, 13.7%] | 1266 |
| tail | 20σ | ar1-0.3 | 0.0% | [0.0%, 6.0%] | 1266 |
| tail | 20σ | ar1-0.6 | 48.3% | [36.2%, 60.7%] | 1263 |
| tail | 20σ | ar1-0.6 | 0.0% | [0.0%, 6.0%] | 1251 |
| tail | 20σ | ar1-0.8 | 100.0% | [94.0%, 100.0%] | 1258 |
| tail | 20σ | ar1-0.8 | 0.0% | [0.0%, 6.0%] | 1235 |
| tail | 20σ | iid | 0.0% | [0.0%, 6.0%] | 1081 |
| tail | 20σ | iid | 0.0% | [0.0%, 6.0%] | 1083 |


[alpha_tight] completed in 262s
[alpha_tight] rows=5920 outcomes:    1755 fail    1226 inconclusive    2939 pass 

==========================================
=== Config: alpha_loose
=== Env:    TACET_ABLATION_ALPHA=0.10 TACET_ABLATION_BETA=0.90 
=== Output: /root/bench-results/ablation-v2/alpha_loose
==========================================
[ablation] overrides: pi0=None alpha=Some(0.1) beta=Some(0.9) kl_min=None nu_ℓ=None nu_prior=None
=== Timing Tool Benchmark Suite ===

Configuration:
  Preset: medium
  Samples per class: 10000
  Datasets per point: 60
  Effect multipliers: [0.0, 0.2, 1.0, 2.0, 4.0, 20.0]
  Effect patterns: ["shift", "tail"]
  Noise models: ["iid", "ar1-0.3", "ar1-0.6", "ar1-0.8"]
  Mode: synthetic
  Checkpoint: RESUME (loading existing results)
  Tools: ["tacet"]
  Total points: 48
  Total datasets: 2880
  Total tool runs: 2880
  Batched: 6 batches of 500 datasets (~160MB peak memory)


Completed in 263.0s

Raw results already written to: /root/bench-results/ablation-v2/alpha_loose/benchmark_results.csv
Wrote summary to: /root/bench-results/ablation-v2/alpha_loose/benchmark_summary.csv
Wrote report to: /root/bench-results/ablation-v2/alpha_loose/benchmark_report.md

# Benchmark Results (medium)

## Configuration

- **Preset**: medium
- **Samples per class**: 10000
- **Datasets per point**: 60
- **Effect multipliers**: [0.0, 0.2, 1.0, 2.0, 4.0, 20.0]
- **Total execution time**: 263.0s

## False Positive Rate (effect = 0)

| Tool | iid | ar1-0.3 | ar1-0.6 | ar1-0.8 |
|------|--------|--------|--------|--------|
| tacet (θ=0.4ns) | 0.0% ± 1.8% | 0.0% ± 3.0% | 0.0% ± 3.0% | 1.7% ± 4.3% |
| tacet (θ=100ns) | 0.0% ± 1.8% | 0.0% ± 3.0% | 0.0% ± 3.0% | 0.0% ± 3.0% |

## Power (Detection Rate)

| Tool | 0.2σ | 1σ | 2σ | 4σ | 20σ |
|------|------|------|------|------|------|
| tacet (θ=0.4ns) | 100% | 100% | 100% | 100% | 100% |
| tacet (θ=100ns) | 0% | 0% | 0% | 0% | 3% |

## Detailed Results by Tool

### tacet

| Pattern | Effect | Noise | Rate | 95% CI | Time (ms) |
|---------|--------|-------|------|--------|----------|
| shift | 0σ | ar1-0.3 | 0.0% | [0.0%, 6.0%] | 1214 |
| shift | 0σ | ar1-0.3 | 0.0% | [0.0%, 6.0%] | 1232 |
| shift | 0σ | ar1-0.6 | 0.0% | [0.0%, 6.0%] | 1235 |
| shift | 0σ | ar1-0.6 | 0.0% | [0.0%, 6.0%] | 1228 |
| shift | 0σ | ar1-0.8 | 1.7% | [0.3%, 8.9%] | 1213 |
| shift | 0σ | ar1-0.8 | 0.0% | [0.0%, 6.0%] | 1231 |
| shift | 0σ | iid | 0.0% | [0.0%, 3.7%] | 1063 |
| shift | 0σ | iid | 0.0% | [0.0%, 3.7%] | 1068 |
| shift | 0σ | iid | 0.0% | [0.0%, 3.7%] | 1063 |
| shift | 0σ | iid | 0.0% | [0.0%, 3.7%] | 1068 |
| shift | 0σ | iid | 0.0% | [0.0%, 3.7%] | 1063 |
| shift | 0σ | iid | 0.0% | [0.0%, 3.7%] | 1068 |
| shift | 0σ | iid | 0.0% | [0.0%, 3.7%] | 1063 |
| shift | 0σ | iid | 0.0% | [0.0%, 3.7%] | 1068 |
| shift | 0σ | iid | 0.0% | [0.0%, 3.7%] | 1063 |
| shift | 0σ | iid | 0.0% | [0.0%, 3.7%] | 1068 |
| shift | 0.2σ | ar1-0.3 | 83.3% | [72.0%, 90.7%] | 1225 |
| shift | 0.2σ | ar1-0.3 | 0.0% | [0.0%, 6.0%] | 1234 |
| shift | 0.2σ | ar1-0.6 | 55.0% | [42.5%, 66.9%] | 1230 |
| shift | 0.2σ | ar1-0.6 | 0.0% | [0.0%, 6.0%] | 1226 |
| shift | 0.2σ | ar1-0.8 | 28.3% | [18.5%, 40.8%] | 1214 |
| shift | 0.2σ | ar1-0.8 | 0.0% | [0.0%, 6.0%] | 1225 |
| shift | 0.2σ | iid | 100.0% | [94.0%, 100.0%] | 1052 |
| shift | 0.2σ | iid | 0.0% | [0.0%, 6.0%] | 1052 |
| shift | 1σ | ar1-0.3 | 100.0% | [94.0%, 100.0%] | 1235 |
| shift | 1σ | ar1-0.3 | 0.0% | [0.0%, 6.0%] | 1240 |
| shift | 1σ | ar1-0.6 | 100.0% | [94.0%, 100.0%] | 1220 |
| shift | 1σ | ar1-0.6 | 0.0% | [0.0%, 6.0%] | 1240 |
| shift | 1σ | ar1-0.8 | 100.0% | [94.0%, 100.0%] | 1232 |
| shift | 1σ | ar1-0.8 | 0.0% | [0.0%, 6.0%] | 1225 |
| shift | 1σ | iid | 100.0% | [94.0%, 100.0%] | 1070 |
| shift | 1σ | iid | 0.0% | [0.0%, 6.0%] | 1072 |
| shift | 2σ | ar1-0.3 | 100.0% | [94.0%, 100.0%] | 1240 |
| shift | 2σ | ar1-0.3 | 0.0% | [0.0%, 6.0%] | 1230 |
| shift | 2σ | ar1-0.6 | 100.0% | [94.0%, 100.0%] | 1240 |
| shift | 2σ | ar1-0.6 | 0.0% | [0.0%, 6.0%] | 1243 |
| shift | 2σ | ar1-0.8 | 100.0% | [94.0%, 100.0%] | 1235 |
| shift | 2σ | ar1-0.8 | 0.0% | [0.0%, 6.0%] | 1247 |
| shift | 2σ | iid | 100.0% | [94.0%, 100.0%] | 1073 |
| shift | 2σ | iid | 0.0% | [0.0%, 6.0%] | 1068 |
| shift | 4σ | ar1-0.3 | 100.0% | [94.0%, 100.0%] | 1250 |
| shift | 4σ | ar1-0.3 | 0.0% | [0.0%, 6.0%] | 1259 |
| shift | 4σ | ar1-0.6 | 100.0% | [94.0%, 100.0%] | 1239 |
| shift | 4σ | ar1-0.6 | 0.0% | [0.0%, 6.0%] | 1237 |
| shift | 4σ | ar1-0.8 | 100.0% | [94.0%, 100.0%] | 1246 |
| shift | 4σ | ar1-0.8 | 0.0% | [0.0%, 6.0%] | 1250 |
| shift | 4σ | iid | 100.0% | [94.0%, 100.0%] | 1077 |
| shift | 4σ | iid | 0.0% | [0.0%, 6.0%] | 1076 |
| shift | 20σ | ar1-0.3 | 100.0% | [94.0%, 100.0%] | 1330 |
| shift | 20σ | ar1-0.3 | 46.7% | [34.6%, 59.1%] | 1328 |
| shift | 20σ | ar1-0.6 | 100.0% | [94.0%, 100.0%] | 1352 |
| shift | 20σ | ar1-0.6 | 25.0% | [15.8%, 37.2%] | 1353 |
| shift | 20σ | ar1-0.8 | 100.0% | [94.0%, 100.0%] | 1331 |
| shift | 20σ | ar1-0.8 | 18.3% | [10.6%, 29.9%] | 1337 |
| shift | 20σ | iid | 100.0% | [94.0%, 100.0%] | 1127 |
| shift | 20σ | iid | 3.3% | [0.9%, 11.4%] | 1126 |
| tail | 0σ | ar1-0.3 | 0.0% | [0.0%, 6.0%] | 1221 |
| tail | 0σ | ar1-0.3 | 0.0% | [0.0%, 6.0%] | 1212 |
| tail | 0σ | ar1-0.6 | 0.0% | [0.0%, 6.0%] | 1215 |
| tail | 0σ | ar1-0.6 | 0.0% | [0.0%, 6.0%] | 1229 |
| tail | 0σ | ar1-0.8 | 1.7% | [0.3%, 8.9%] | 1218 |
| tail | 0σ | ar1-0.8 | 0.0% | [0.0%, 6.0%] | 1204 |
| tail | 0σ | iid | 0.0% | [0.0%, 3.7%] | 1060 |
| tail | 0σ | iid | 0.0% | [0.0%, 3.7%] | 1062 |
| tail | 0σ | iid | 0.0% | [0.0%, 3.7%] | 1060 |
| tail | 0σ | iid | 0.0% | [0.0%, 3.7%] | 1062 |
| tail | 0σ | iid | 0.0% | [0.0%, 3.7%] | 1060 |
| tail | 0σ | iid | 0.0% | [0.0%, 3.7%] | 1062 |
| tail | 0σ | iid | 0.0% | [0.0%, 3.7%] | 1060 |
| tail | 0σ | iid | 0.0% | [0.0%, 3.7%] | 1062 |
| tail | 0σ | iid | 0.0% | [0.0%, 3.7%] | 1060 |
| tail | 0σ | iid | 0.0% | [0.0%, 3.7%] | 1062 |
| tail | 0.2σ | ar1-0.3 | 0.0% | [0.0%, 6.0%] | 1218 |
| tail | 0.2σ | ar1-0.3 | 0.0% | [0.0%, 6.0%] | 1226 |
| tail | 0.2σ | ar1-0.6 | 1.7% | [0.3%, 8.9%] | 1204 |
| tail | 0.2σ | ar1-0.6 | 0.0% | [0.0%, 6.0%] | 1203 |
| tail | 0.2σ | ar1-0.8 | 1.7% | [0.3%, 8.9%] | 1220 |
| tail | 0.2σ | ar1-0.8 | 0.0% | [0.0%, 6.0%] | 1226 |
| tail | 0.2σ | iid | 0.0% | [0.0%, 6.0%] | 1058 |
| tail | 0.2σ | iid | 0.0% | [0.0%, 6.0%] | 1054 |
| tail | 1σ | ar1-0.3 | 100.0% | [94.0%, 100.0%] | 1239 |
| tail | 1σ | ar1-0.3 | 0.0% | [0.0%, 6.0%] | 1229 |
| tail | 1σ | ar1-0.6 | 100.0% | [94.0%, 100.0%] | 1218 |
| tail | 1σ | ar1-0.6 | 0.0% | [0.0%, 6.0%] | 1218 |
| tail | 1σ | ar1-0.8 | 86.7% | [75.8%, 93.1%] | 1235 |
| tail | 1σ | ar1-0.8 | 0.0% | [0.0%, 6.0%] | 1231 |
| tail | 1σ | iid | 100.0% | [94.0%, 100.0%] | 1070 |
| tail | 1σ | iid | 0.0% | [0.0%, 6.0%] | 1084 |
| tail | 2σ | ar1-0.3 | 100.0% | [94.0%, 100.0%] | 1253 |
| tail | 2σ | ar1-0.3 | 0.0% | [0.0%, 6.0%] | 1249 |
| tail | 2σ | ar1-0.6 | 100.0% | [94.0%, 100.0%] | 1245 |
| tail | 2σ | ar1-0.6 | 0.0% | [0.0%, 6.0%] | 1238 |
| tail | 2σ | ar1-0.8 | 100.0% | [94.0%, 100.0%] | 1234 |
| tail | 2σ | ar1-0.8 | 0.0% | [0.0%, 6.0%] | 1243 |
| tail | 2σ | iid | 100.0% | [94.0%, 100.0%] | 1077 |
| tail | 2σ | iid | 0.0% | [0.0%, 6.0%] | 1089 |
| tail | 4σ | ar1-0.3 | 100.0% | [94.0%, 100.0%] | 1257 |
| tail | 4σ | ar1-0.3 | 0.0% | [0.0%, 6.0%] | 1256 |
| tail | 4σ | ar1-0.6 | 100.0% | [94.0%, 100.0%] | 1245 |
| tail | 4σ | ar1-0.6 | 0.0% | [0.0%, 6.0%] | 1255 |
| tail | 4σ | ar1-0.8 | 100.0% | [94.0%, 100.0%] | 1247 |
| tail | 4σ | ar1-0.8 | 0.0% | [0.0%, 6.0%] | 1244 |
| tail | 4σ | iid | 100.0% | [94.0%, 100.0%] | 1073 |
| tail | 4σ | iid | 0.0% | [0.0%, 6.0%] | 1083 |
| tail | 20σ | ar1-0.3 | 18.3% | [10.6%, 29.9%] | 1263 |
| tail | 20σ | ar1-0.3 | 0.0% | [0.0%, 6.0%] | 1258 |
| tail | 20σ | ar1-0.6 | 81.7% | [70.1%, 89.4%] | 1262 |
| tail | 20σ | ar1-0.6 | 0.0% | [0.0%, 6.0%] | 1263 |
| tail | 20σ | ar1-0.8 | 100.0% | [94.0%, 100.0%] | 1255 |
| tail | 20σ | ar1-0.8 | 0.0% | [0.0%, 6.0%] | 1234 |
| tail | 20σ | iid | 38.3% | [27.1%, 51.0%] | 1085 |
| tail | 20σ | iid | 0.0% | [0.0%, 6.0%] | 1084 |


[alpha_loose] completed in 263s
[alpha_loose] rows=5920 outcomes:    2035 fail     764 inconclusive    3121 pass 

==========================================
=== Config: kl_loose
=== Env:    TACET_ABLATION_KL_MIN=0.3 
=== Output: /root/bench-results/ablation-v2/kl_loose
==========================================
[ablation] overrides: pi0=None alpha=None beta=None kl_min=Some(0.3) nu_ℓ=None nu_prior=None
=== Timing Tool Benchmark Suite ===

Configuration:
  Preset: medium
  Samples per class: 10000
  Datasets per point: 60
  Effect multipliers: [0.0, 0.2, 1.0, 2.0, 4.0, 20.0]
  Effect patterns: ["shift", "tail"]
  Noise models: ["iid", "ar1-0.3", "ar1-0.6", "ar1-0.8"]
  Mode: synthetic
  Checkpoint: RESUME (loading existing results)
  Tools: ["tacet"]
  Total points: 48
  Total datasets: 2880
  Total tool runs: 2880
  Batched: 6 batches of 500 datasets (~160MB peak memory)


Completed in 260.4s

Raw results already written to: /root/bench-results/ablation-v2/kl_loose/benchmark_results.csv
Wrote summary to: /root/bench-results/ablation-v2/kl_loose/benchmark_summary.csv
Wrote report to: /root/bench-results/ablation-v2/kl_loose/benchmark_report.md

# Benchmark Results (medium)

## Configuration

- **Preset**: medium
- **Samples per class**: 10000
- **Datasets per point**: 60
- **Effect multipliers**: [0.0, 0.2, 1.0, 2.0, 4.0, 20.0]
- **Total execution time**: 260.4s

## False Positive Rate (effect = 0)

| Tool | iid | ar1-0.3 | ar1-0.6 | ar1-0.8 |
|------|--------|--------|--------|--------|
| tacet (θ=0.4ns) | 0.0% ± 1.8% | 0.0% ± 3.0% | 0.0% ± 3.0% | 0.0% ± 3.0% |
| tacet (θ=100ns) | 0.0% ± 1.8% | 0.0% ± 3.0% | 0.0% ± 3.0% | 0.0% ± 3.0% |

## Power (Detection Rate)

| Tool | 0.2σ | 1σ | 2σ | 4σ | 20σ |
|------|------|------|------|------|------|
| tacet (θ=0.4ns) | 100% | 100% | 100% | 100% | 100% |
| tacet (θ=100ns) | 0% | 0% | 0% | 0% | 0% |

## Detailed Results by Tool

### tacet

| Pattern | Effect | Noise | Rate | 95% CI | Time (ms) |
|---------|--------|-------|------|--------|----------|
| shift | 0σ | ar1-0.3 | 0.0% | [0.0%, 6.0%] | 1232 |
| shift | 0σ | ar1-0.3 | 0.0% | [0.0%, 6.0%] | 1234 |
| shift | 0σ | ar1-0.6 | 0.0% | [0.0%, 6.0%] | 1227 |
| shift | 0σ | ar1-0.6 | 0.0% | [0.0%, 6.0%] | 1228 |
| shift | 0σ | ar1-0.8 | 0.0% | [0.0%, 6.0%] | 1230 |
| shift | 0σ | ar1-0.8 | 0.0% | [0.0%, 6.0%] | 1229 |
| shift | 0σ | iid | 0.0% | [0.0%, 3.7%] | 1071 |
| shift | 0σ | iid | 0.0% | [0.0%, 3.7%] | 1066 |
| shift | 0σ | iid | 0.0% | [0.0%, 3.7%] | 1071 |
| shift | 0σ | iid | 0.0% | [0.0%, 3.7%] | 1066 |
| shift | 0σ | iid | 0.0% | [0.0%, 3.7%] | 1071 |
| shift | 0σ | iid | 0.0% | [0.0%, 3.7%] | 1066 |
| shift | 0σ | iid | 0.0% | [0.0%, 3.7%] | 1071 |
| shift | 0σ | iid | 0.0% | [0.0%, 3.7%] | 1066 |
| shift | 0σ | iid | 0.0% | [0.0%, 3.7%] | 1071 |
| shift | 0σ | iid | 0.0% | [0.0%, 3.7%] | 1066 |
| shift | 0.2σ | ar1-0.3 | 68.3% | [55.8%, 78.7%] | 1221 |
| shift | 0.2σ | ar1-0.3 | 0.0% | [0.0%, 6.0%] | 1235 |
| shift | 0.2σ | ar1-0.6 | 38.3% | [27.1%, 51.0%] | 1231 |
| shift | 0.2σ | ar1-0.6 | 0.0% | [0.0%, 6.0%] | 1239 |
| shift | 0.2σ | ar1-0.8 | 13.3% | [6.9%, 24.2%] | 1215 |
| shift | 0.2σ | ar1-0.8 | 0.0% | [0.0%, 6.0%] | 1218 |
| shift | 0.2σ | iid | 100.0% | [94.0%, 100.0%] | 1065 |
| shift | 0.2σ | iid | 0.0% | [0.0%, 6.0%] | 1053 |
| shift | 1σ | ar1-0.3 | 100.0% | [94.0%, 100.0%] | 1248 |
| shift | 1σ | ar1-0.3 | 0.0% | [0.0%, 6.0%] | 1243 |
| shift | 1σ | ar1-0.6 | 100.0% | [94.0%, 100.0%] | 1242 |
| shift | 1σ | ar1-0.6 | 0.0% | [0.0%, 6.0%] | 1241 |
| shift | 1σ | ar1-0.8 | 100.0% | [94.0%, 100.0%] | 1230 |
| shift | 1σ | ar1-0.8 | 0.0% | [0.0%, 6.0%] | 1230 |
| shift | 1σ | iid | 100.0% | [94.0%, 100.0%] | 1067 |
| shift | 1σ | iid | 0.0% | [0.0%, 6.0%] | 1060 |
| shift | 2σ | ar1-0.3 | 100.0% | [94.0%, 100.0%] | 1243 |
| shift | 2σ | ar1-0.3 | 0.0% | [0.0%, 6.0%] | 1239 |
| shift | 2σ | ar1-0.6 | 100.0% | [94.0%, 100.0%] | 1226 |
| shift | 2σ | ar1-0.6 | 0.0% | [0.0%, 6.0%] | 1237 |
| shift | 2σ | ar1-0.8 | 100.0% | [94.0%, 100.0%] | 1239 |
| shift | 2σ | ar1-0.8 | 0.0% | [0.0%, 6.0%] | 1241 |
| shift | 2σ | iid | 100.0% | [94.0%, 100.0%] | 1074 |
| shift | 2σ | iid | 0.0% | [0.0%, 6.0%] | 1067 |
| shift | 4σ | ar1-0.3 | 100.0% | [94.0%, 100.0%] | 1262 |
| shift | 4σ | ar1-0.3 | 0.0% | [0.0%, 6.0%] | 1262 |
| shift | 4σ | ar1-0.6 | 100.0% | [94.0%, 100.0%] | 1262 |
| shift | 4σ | ar1-0.6 | 0.0% | [0.0%, 6.0%] | 1256 |
| shift | 4σ | ar1-0.8 | 100.0% | [94.0%, 100.0%] | 1247 |
| shift | 4σ | ar1-0.8 | 0.0% | [0.0%, 6.0%] | 1252 |
| shift | 4σ | iid | 100.0% | [94.0%, 100.0%] | 1078 |
| shift | 4σ | iid | 0.0% | [0.0%, 6.0%] | 1075 |
| shift | 20σ | ar1-0.3 | 100.0% | [94.0%, 100.0%] | 1357 |
| shift | 20σ | ar1-0.3 | 25.0% | [15.8%, 37.2%] | 1365 |
| shift | 20σ | ar1-0.6 | 100.0% | [94.0%, 100.0%] | 1345 |
| shift | 20σ | ar1-0.6 | 15.0% | [8.1%, 26.1%] | 1346 |
| shift | 20σ | ar1-0.8 | 100.0% | [94.0%, 100.0%] | 1352 |
| shift | 20σ | ar1-0.8 | 8.3% | [3.6%, 18.1%] | 1343 |
| shift | 20σ | iid | 100.0% | [94.0%, 100.0%] | 1145 |
| shift | 20σ | iid | 0.0% | [0.0%, 6.0%] | 1139 |
| tail | 0σ | ar1-0.3 | 0.0% | [0.0%, 6.0%] | 1212 |
| tail | 0σ | ar1-0.3 | 0.0% | [0.0%, 6.0%] | 1220 |
| tail | 0σ | ar1-0.6 | 0.0% | [0.0%, 6.0%] | 1217 |
| tail | 0σ | ar1-0.6 | 0.0% | [0.0%, 6.0%] | 1234 |
| tail | 0σ | ar1-0.8 | 0.0% | [0.0%, 6.0%] | 1211 |
| tail | 0σ | ar1-0.8 | 0.0% | [0.0%, 6.0%] | 1213 |
| tail | 0σ | iid | 0.0% | [0.0%, 3.7%] | 1058 |
| tail | 0σ | iid | 0.0% | [0.0%, 3.7%] | 1068 |
| tail | 0σ | iid | 0.0% | [0.0%, 3.7%] | 1058 |
| tail | 0σ | iid | 0.0% | [0.0%, 3.7%] | 1068 |
| tail | 0σ | iid | 0.0% | [0.0%, 3.7%] | 1058 |
| tail | 0σ | iid | 0.0% | [0.0%, 3.7%] | 1068 |
| tail | 0σ | iid | 0.0% | [0.0%, 3.7%] | 1058 |
| tail | 0σ | iid | 0.0% | [0.0%, 3.7%] | 1068 |
| tail | 0σ | iid | 0.0% | [0.0%, 3.7%] | 1058 |
| tail | 0σ | iid | 0.0% | [0.0%, 3.7%] | 1068 |
| tail | 0.2σ | ar1-0.3 | 0.0% | [0.0%, 6.0%] | 1224 |
| tail | 0.2σ | ar1-0.3 | 0.0% | [0.0%, 6.0%] | 1230 |
| tail | 0.2σ | ar1-0.6 | 0.0% | [0.0%, 6.0%] | 1222 |
| tail | 0.2σ | ar1-0.6 | 0.0% | [0.0%, 6.0%] | 1226 |
| tail | 0.2σ | ar1-0.8 | 0.0% | [0.0%, 6.0%] | 1225 |
| tail | 0.2σ | ar1-0.8 | 0.0% | [0.0%, 6.0%] | 1216 |
| tail | 0.2σ | iid | 0.0% | [0.0%, 6.0%] | 1059 |
| tail | 0.2σ | iid | 0.0% | [0.0%, 6.0%] | 1054 |
| tail | 1σ | ar1-0.3 | 100.0% | [94.0%, 100.0%] | 1235 |
| tail | 1σ | ar1-0.3 | 0.0% | [0.0%, 6.0%] | 1228 |
| tail | 1σ | ar1-0.6 | 91.7% | [81.9%, 96.4%] | 1227 |
| tail | 1σ | ar1-0.6 | 0.0% | [0.0%, 6.0%] | 1235 |
| tail | 1σ | ar1-0.8 | 73.3% | [61.0%, 82.9%] | 1220 |
| tail | 1σ | ar1-0.8 | 0.0% | [0.0%, 6.0%] | 1234 |
| tail | 1σ | iid | 100.0% | [94.0%, 100.0%] | 1079 |
| tail | 1σ | iid | 0.0% | [0.0%, 6.0%] | 1072 |
| tail | 2σ | ar1-0.3 | 100.0% | [94.0%, 100.0%] | 1242 |
| tail | 2σ | ar1-0.3 | 0.0% | [0.0%, 6.0%] | 1255 |
| tail | 2σ | ar1-0.6 | 100.0% | [94.0%, 100.0%] | 1256 |
| tail | 2σ | ar1-0.6 | 0.0% | [0.0%, 6.0%] | 1253 |
| tail | 2σ | ar1-0.8 | 100.0% | [94.0%, 100.0%] | 1242 |
| tail | 2σ | ar1-0.8 | 0.0% | [0.0%, 6.0%] | 1248 |
| tail | 2σ | iid | 100.0% | [94.0%, 100.0%] | 1085 |
| tail | 2σ | iid | 0.0% | [0.0%, 6.0%] | 1085 |
| tail | 4σ | ar1-0.3 | 100.0% | [94.0%, 100.0%] | 1257 |
| tail | 4σ | ar1-0.3 | 0.0% | [0.0%, 6.0%] | 1257 |
| tail | 4σ | ar1-0.6 | 100.0% | [94.0%, 100.0%] | 1254 |
| tail | 4σ | ar1-0.6 | 0.0% | [0.0%, 6.0%] | 1259 |
| tail | 4σ | ar1-0.8 | 100.0% | [94.0%, 100.0%] | 1234 |
| tail | 4σ | ar1-0.8 | 0.0% | [0.0%, 6.0%] | 1235 |
| tail | 4σ | iid | 100.0% | [94.0%, 100.0%] | 1084 |
| tail | 4σ | iid | 0.0% | [0.0%, 6.0%] | 1078 |
| tail | 20σ | ar1-0.3 | 5.0% | [1.7%, 13.7%] | 1266 |
| tail | 20σ | ar1-0.3 | 0.0% | [0.0%, 6.0%] | 1262 |
| tail | 20σ | ar1-0.6 | 65.0% | [52.4%, 75.8%] | 1243 |
| tail | 20σ | ar1-0.6 | 0.0% | [0.0%, 6.0%] | 1254 |
| tail | 20σ | ar1-0.8 | 100.0% | [94.0%, 100.0%] | 1236 |
| tail | 20σ | ar1-0.8 | 0.0% | [0.0%, 6.0%] | 1236 |
| tail | 20σ | iid | 5.0% | [1.7%, 13.7%] | 1087 |
| tail | 20σ | iid | 0.0% | [0.0%, 6.0%] | 1084 |


[kl_loose] completed in 260s
[kl_loose] rows=5920 outcomes:    1925 fail     955 inconclusive    3040 pass 

==========================================
=== Config: kl_strict
=== Env:    TACET_ABLATION_KL_MIN=1.5 
=== Output: /root/bench-results/ablation-v2/kl_strict
==========================================
[ablation] overrides: pi0=None alpha=None beta=None kl_min=Some(1.5) nu_ℓ=None nu_prior=None
=== Timing Tool Benchmark Suite ===

Configuration:
  Preset: medium
  Samples per class: 10000
  Datasets per point: 60
  Effect multipliers: [0.0, 0.2, 1.0, 2.0, 4.0, 20.0]
  Effect patterns: ["shift", "tail"]
  Noise models: ["iid", "ar1-0.3", "ar1-0.6", "ar1-0.8"]
  Mode: synthetic
  Checkpoint: RESUME (loading existing results)
  Tools: ["tacet"]
  Total points: 48
  Total datasets: 2880
  Total tool runs: 2880
  Batched: 6 batches of 500 datasets (~160MB peak memory)


Completed in 258.1s

Raw results already written to: /root/bench-results/ablation-v2/kl_strict/benchmark_results.csv
Wrote summary to: /root/bench-results/ablation-v2/kl_strict/benchmark_summary.csv
Wrote report to: /root/bench-results/ablation-v2/kl_strict/benchmark_report.md

# Benchmark Results (medium)

## Configuration

- **Preset**: medium
- **Samples per class**: 10000
- **Datasets per point**: 60
- **Effect multipliers**: [0.0, 0.2, 1.0, 2.0, 4.0, 20.0]
- **Total execution time**: 258.1s

## False Positive Rate (effect = 0)

| Tool | iid | ar1-0.3 | ar1-0.6 | ar1-0.8 |
|------|--------|--------|--------|--------|
| tacet (θ=0.4ns) | 0.0% ± 1.8% | 0.0% ± 3.0% | 0.0% ± 3.0% | 0.0% ± 3.0% |
| tacet (θ=100ns) | 0.0% ± 1.8% | 0.0% ± 3.0% | 0.0% ± 3.0% | 0.0% ± 3.0% |

## Power (Detection Rate)

| Tool | 0.2σ | 1σ | 2σ | 4σ | 20σ |
|------|------|------|------|------|------|
| tacet (θ=0.4ns) | 100% | 100% | 100% | 100% | 100% |
| tacet (θ=100ns) | 0% | 0% | 0% | 0% | 0% |

## Detailed Results by Tool

### tacet

| Pattern | Effect | Noise | Rate | 95% CI | Time (ms) |
|---------|--------|-------|------|--------|----------|
| shift | 0σ | ar1-0.3 | 0.0% | [0.0%, 6.0%] | 1230 |
| shift | 0σ | ar1-0.3 | 0.0% | [0.0%, 6.0%] | 1237 |
| shift | 0σ | ar1-0.6 | 0.0% | [0.0%, 6.0%] | 1224 |
| shift | 0σ | ar1-0.6 | 0.0% | [0.0%, 6.0%] | 1225 |
| shift | 0σ | ar1-0.8 | 0.0% | [0.0%, 6.0%] | 1228 |
| shift | 0σ | ar1-0.8 | 0.0% | [0.0%, 6.0%] | 1222 |
| shift | 0σ | iid | 0.0% | [0.0%, 3.7%] | 1066 |
| shift | 0σ | iid | 0.0% | [0.0%, 3.7%] | 1061 |
| shift | 0σ | iid | 0.0% | [0.0%, 3.7%] | 1066 |
| shift | 0σ | iid | 0.0% | [0.0%, 3.7%] | 1061 |
| shift | 0σ | iid | 0.0% | [0.0%, 3.7%] | 1066 |
| shift | 0σ | iid | 0.0% | [0.0%, 3.7%] | 1061 |
| shift | 0σ | iid | 0.0% | [0.0%, 3.7%] | 1066 |
| shift | 0σ | iid | 0.0% | [0.0%, 3.7%] | 1061 |
| shift | 0σ | iid | 0.0% | [0.0%, 3.7%] | 1066 |
| shift | 0σ | iid | 0.0% | [0.0%, 3.7%] | 1061 |
| shift | 0.2σ | ar1-0.3 | 26.7% | [17.1%, 39.0%] | 1243 |
| shift | 0.2σ | ar1-0.3 | 0.0% | [0.0%, 6.0%] | 1244 |
| shift | 0.2σ | ar1-0.6 | 1.7% | [0.3%, 8.9%] | 1213 |
| shift | 0.2σ | ar1-0.6 | 0.0% | [0.0%, 6.0%] | 1219 |
| shift | 0.2σ | ar1-0.8 | 0.0% | [0.0%, 6.0%] | 1222 |
| shift | 0.2σ | ar1-0.8 | 0.0% | [0.0%, 6.0%] | 1227 |
| shift | 0.2σ | iid | 100.0% | [94.0%, 100.0%] | 1062 |
| shift | 0.2σ | iid | 0.0% | [0.0%, 6.0%] | 1050 |
| shift | 1σ | ar1-0.3 | 100.0% | [94.0%, 100.0%] | 1245 |
| shift | 1σ | ar1-0.3 | 0.0% | [0.0%, 6.0%] | 1248 |
| shift | 1σ | ar1-0.6 | 100.0% | [94.0%, 100.0%] | 1221 |
| shift | 1σ | ar1-0.6 | 0.0% | [0.0%, 6.0%] | 1216 |
| shift | 1σ | ar1-0.8 | 100.0% | [94.0%, 100.0%] | 1237 |
| shift | 1σ | ar1-0.8 | 0.0% | [0.0%, 6.0%] | 1233 |
| shift | 1σ | iid | 100.0% | [94.0%, 100.0%] | 1065 |
| shift | 1σ | iid | 0.0% | [0.0%, 6.0%] | 1063 |
| shift | 2σ | ar1-0.3 | 100.0% | [94.0%, 100.0%] | 1236 |
| shift | 2σ | ar1-0.3 | 0.0% | [0.0%, 6.0%] | 1241 |
| shift | 2σ | ar1-0.6 | 100.0% | [94.0%, 100.0%] | 1240 |
| shift | 2σ | ar1-0.6 | 0.0% | [0.0%, 6.0%] | 1231 |
| shift | 2σ | ar1-0.8 | 100.0% | [94.0%, 100.0%] | 1233 |
| shift | 2σ | ar1-0.8 | 0.0% | [0.0%, 6.0%] | 1219 |
| shift | 2σ | iid | 100.0% | [94.0%, 100.0%] | 1076 |
| shift | 2σ | iid | 0.0% | [0.0%, 6.0%] | 1074 |
| shift | 4σ | ar1-0.3 | 100.0% | [94.0%, 100.0%] | 1265 |
| shift | 4σ | ar1-0.3 | 0.0% | [0.0%, 6.0%] | 1266 |
| shift | 4σ | ar1-0.6 | 100.0% | [94.0%, 100.0%] | 1265 |
| shift | 4σ | ar1-0.6 | 0.0% | [0.0%, 6.0%] | 1266 |
| shift | 4σ | ar1-0.8 | 100.0% | [94.0%, 100.0%] | 1258 |
| shift | 4σ | ar1-0.8 | 0.0% | [0.0%, 6.0%] | 1251 |
| shift | 4σ | iid | 100.0% | [94.0%, 100.0%] | 1087 |
| shift | 4σ | iid | 0.0% | [0.0%, 6.0%] | 1078 |
| shift | 20σ | ar1-0.3 | 100.0% | [94.0%, 100.0%] | 1361 |
| shift | 20σ | ar1-0.3 | 25.0% | [15.8%, 37.2%] | 1356 |
| shift | 20σ | ar1-0.6 | 100.0% | [94.0%, 100.0%] | 1353 |
| shift | 20σ | ar1-0.6 | 15.0% | [8.1%, 26.1%] | 1353 |
| shift | 20σ | ar1-0.8 | 100.0% | [94.0%, 100.0%] | 1351 |
| shift | 20σ | ar1-0.8 | 8.3% | [3.6%, 18.1%] | 1341 |
| shift | 20σ | iid | 100.0% | [94.0%, 100.0%] | 1137 |
| shift | 20σ | iid | 0.0% | [0.0%, 6.0%] | 1124 |
| tail | 0σ | ar1-0.3 | 0.0% | [0.0%, 6.0%] | 1216 |
| tail | 0σ | ar1-0.3 | 0.0% | [0.0%, 6.0%] | 1226 |
| tail | 0σ | ar1-0.6 | 0.0% | [0.0%, 6.0%] | 1232 |
| tail | 0σ | ar1-0.6 | 0.0% | [0.0%, 6.0%] | 1236 |
| tail | 0σ | ar1-0.8 | 0.0% | [0.0%, 6.0%] | 1203 |
| tail | 0σ | ar1-0.8 | 0.0% | [0.0%, 6.0%] | 1204 |
| tail | 0σ | iid | 0.0% | [0.0%, 3.7%] | 1062 |
| tail | 0σ | iid | 0.0% | [0.0%, 3.7%] | 1061 |
| tail | 0σ | iid | 0.0% | [0.0%, 3.7%] | 1062 |
| tail | 0σ | iid | 0.0% | [0.0%, 3.7%] | 1061 |
| tail | 0σ | iid | 0.0% | [0.0%, 3.7%] | 1062 |
| tail | 0σ | iid | 0.0% | [0.0%, 3.7%] | 1061 |
| tail | 0σ | iid | 0.0% | [0.0%, 3.7%] | 1062 |
| tail | 0σ | iid | 0.0% | [0.0%, 3.7%] | 1061 |
| tail | 0σ | iid | 0.0% | [0.0%, 3.7%] | 1062 |
| tail | 0σ | iid | 0.0% | [0.0%, 3.7%] | 1061 |
| tail | 0.2σ | ar1-0.3 | 0.0% | [0.0%, 6.0%] | 1218 |
| tail | 0.2σ | ar1-0.3 | 0.0% | [0.0%, 6.0%] | 1233 |
| tail | 0.2σ | ar1-0.6 | 0.0% | [0.0%, 6.0%] | 1231 |
| tail | 0.2σ | ar1-0.6 | 0.0% | [0.0%, 6.0%] | 1228 |
| tail | 0.2σ | ar1-0.8 | 0.0% | [0.0%, 6.0%] | 1208 |
| tail | 0.2σ | ar1-0.8 | 0.0% | [0.0%, 6.0%] | 1212 |
| tail | 0.2σ | iid | 0.0% | [0.0%, 6.0%] | 1064 |
| tail | 0.2σ | iid | 0.0% | [0.0%, 6.0%] | 1066 |
| tail | 1σ | ar1-0.3 | 93.3% | [84.1%, 97.4%] | 1230 |
| tail | 1σ | ar1-0.3 | 0.0% | [0.0%, 6.0%] | 1234 |
| tail | 1σ | ar1-0.6 | 48.3% | [36.2%, 60.7%] | 1220 |
| tail | 1σ | ar1-0.6 | 0.0% | [0.0%, 6.0%] | 1228 |
| tail | 1σ | ar1-0.8 | 11.7% | [5.8%, 22.2%] | 1222 |
| tail | 1σ | ar1-0.8 | 0.0% | [0.0%, 6.0%] | 1228 |
| tail | 1σ | iid | 100.0% | [94.0%, 100.0%] | 1074 |
| tail | 1σ | iid | 0.0% | [0.0%, 6.0%] | 1065 |
| tail | 2σ | ar1-0.3 | 100.0% | [94.0%, 100.0%] | 1255 |
| tail | 2σ | ar1-0.3 | 0.0% | [0.0%, 6.0%] | 1264 |
| tail | 2σ | ar1-0.6 | 100.0% | [94.0%, 100.0%] | 1248 |
| tail | 2σ | ar1-0.6 | 0.0% | [0.0%, 6.0%] | 1231 |
| tail | 2σ | ar1-0.8 | 100.0% | [94.0%, 100.0%] | 1243 |
| tail | 2σ | ar1-0.8 | 0.0% | [0.0%, 6.0%] | 1254 |
| tail | 2σ | iid | 100.0% | [94.0%, 100.0%] | 1086 |
| tail | 2σ | iid | 0.0% | [0.0%, 6.0%] | 1090 |
| tail | 4σ | ar1-0.3 | 100.0% | [94.0%, 100.0%] | 1266 |
| tail | 4σ | ar1-0.3 | 0.0% | [0.0%, 6.0%] | 1265 |
| tail | 4σ | ar1-0.6 | 100.0% | [94.0%, 100.0%] | 1256 |
| tail | 4σ | ar1-0.6 | 0.0% | [0.0%, 6.0%] | 1263 |
| tail | 4σ | ar1-0.8 | 100.0% | [94.0%, 100.0%] | 1246 |
| tail | 4σ | ar1-0.8 | 0.0% | [0.0%, 6.0%] | 1242 |
| tail | 4σ | iid | 100.0% | [94.0%, 100.0%] | 1086 |
| tail | 4σ | iid | 0.0% | [0.0%, 6.0%] | 1082 |
| tail | 20σ | ar1-0.3 | 5.0% | [1.7%, 13.7%] | 1247 |
| tail | 20σ | ar1-0.3 | 0.0% | [0.0%, 6.0%] | 1269 |
| tail | 20σ | ar1-0.6 | 65.0% | [52.4%, 75.8%] | 1269 |
| tail | 20σ | ar1-0.6 | 0.0% | [0.0%, 6.0%] | 1268 |
| tail | 20σ | ar1-0.8 | 100.0% | [94.0%, 100.0%] | 1255 |
| tail | 20σ | ar1-0.8 | 0.0% | [0.0%, 6.0%] | 1248 |
| tail | 20σ | iid | 5.0% | [1.7%, 13.7%] | 1085 |
| tail | 20σ | iid | 0.0% | [0.0%, 6.0%] | 1080 |


[kl_strict] completed in 259s
[kl_strict] rows=5920 outcomes:    1803 fail    1077 inconclusive    3040 pass 

==========================================
=== Config: nu_low
=== Env:    TACET_ABLATION_NU_LIKELIHOOD=4 
=== Output: /root/bench-results/ablation-v2/nu_low
==========================================
[ablation] overrides: pi0=None alpha=None beta=None kl_min=None nu_ℓ=Some(4.0) nu_prior=None
=== Timing Tool Benchmark Suite ===

Configuration:
  Preset: medium
  Samples per class: 10000
  Datasets per point: 60
  Effect multipliers: [0.0, 0.2, 1.0, 2.0, 4.0, 20.0]
  Effect patterns: ["shift", "tail"]
  Noise models: ["iid", "ar1-0.3", "ar1-0.6", "ar1-0.8"]
  Mode: synthetic
  Checkpoint: RESUME (loading existing results)
  Tools: ["tacet"]
  Total points: 48
  Total datasets: 2880
  Total tool runs: 2880
  Batched: 6 batches of 500 datasets (~160MB peak memory)


Completed in 261.4s

Raw results already written to: /root/bench-results/ablation-v2/nu_low/benchmark_results.csv
Wrote summary to: /root/bench-results/ablation-v2/nu_low/benchmark_summary.csv
Wrote report to: /root/bench-results/ablation-v2/nu_low/benchmark_report.md

# Benchmark Results (medium)

## Configuration

- **Preset**: medium
- **Samples per class**: 10000
- **Datasets per point**: 60
- **Effect multipliers**: [0.0, 0.2, 1.0, 2.0, 4.0, 20.0]
- **Total execution time**: 261.4s

## False Positive Rate (effect = 0)

| Tool | iid | ar1-0.3 | ar1-0.6 | ar1-0.8 |
|------|--------|--------|--------|--------|
| tacet (θ=0.4ns) | 0.0% ± 1.8% | 0.0% ± 3.0% | 0.0% ± 3.0% | 0.0% ± 3.0% |
| tacet (θ=100ns) | 0.0% ± 1.8% | 0.0% ± 3.0% | 0.0% ± 3.0% | 0.0% ± 3.0% |

## Power (Detection Rate)

| Tool | 0.2σ | 1σ | 2σ | 4σ | 20σ |
|------|------|------|------|------|------|
| tacet (θ=0.4ns) | 100% | 100% | 100% | 100% | 100% |
| tacet (θ=100ns) | 0% | 0% | 0% | 0% | 0% |

## Detailed Results by Tool

### tacet

| Pattern | Effect | Noise | Rate | 95% CI | Time (ms) |
|---------|--------|-------|------|--------|----------|
| shift | 0σ | ar1-0.3 | 0.0% | [0.0%, 6.0%] | 1232 |
| shift | 0σ | ar1-0.3 | 0.0% | [0.0%, 6.0%] | 1234 |
| shift | 0σ | ar1-0.6 | 0.0% | [0.0%, 6.0%] | 1231 |
| shift | 0σ | ar1-0.6 | 0.0% | [0.0%, 6.0%] | 1230 |
| shift | 0σ | ar1-0.8 | 0.0% | [0.0%, 6.0%] | 1229 |
| shift | 0σ | ar1-0.8 | 0.0% | [0.0%, 6.0%] | 1231 |
| shift | 0σ | iid | 0.0% | [0.0%, 3.7%] | 1069 |
| shift | 0σ | iid | 0.0% | [0.0%, 3.7%] | 1056 |
| shift | 0σ | iid | 0.0% | [0.0%, 3.7%] | 1069 |
| shift | 0σ | iid | 0.0% | [0.0%, 3.7%] | 1056 |
| shift | 0σ | iid | 0.0% | [0.0%, 3.7%] | 1069 |
| shift | 0σ | iid | 0.0% | [0.0%, 3.7%] | 1056 |
| shift | 0σ | iid | 0.0% | [0.0%, 3.7%] | 1069 |
| shift | 0σ | iid | 0.0% | [0.0%, 3.7%] | 1056 |
| shift | 0σ | iid | 0.0% | [0.0%, 3.7%] | 1069 |
| shift | 0σ | iid | 0.0% | [0.0%, 3.7%] | 1056 |
| shift | 0.2σ | ar1-0.3 | 51.7% | [39.3%, 63.8%] | 1239 |
| shift | 0.2σ | ar1-0.3 | 0.0% | [0.0%, 6.0%] | 1239 |
| shift | 0.2σ | ar1-0.6 | 16.7% | [9.3%, 28.0%] | 1229 |
| shift | 0.2σ | ar1-0.6 | 0.0% | [0.0%, 6.0%] | 1228 |
| shift | 0.2σ | ar1-0.8 | 1.7% | [0.3%, 8.9%] | 1213 |
| shift | 0.2σ | ar1-0.8 | 0.0% | [0.0%, 6.0%] | 1210 |
| shift | 0.2σ | iid | 100.0% | [94.0%, 100.0%] | 1054 |
| shift | 0.2σ | iid | 0.0% | [0.0%, 6.0%] | 1050 |
| shift | 1σ | ar1-0.3 | 100.0% | [94.0%, 100.0%] | 1231 |
| shift | 1σ | ar1-0.3 | 0.0% | [0.0%, 6.0%] | 1221 |
| shift | 1σ | ar1-0.6 | 100.0% | [94.0%, 100.0%] | 1240 |
| shift | 1σ | ar1-0.6 | 0.0% | [0.0%, 6.0%] | 1228 |
| shift | 1σ | ar1-0.8 | 100.0% | [94.0%, 100.0%] | 1234 |
| shift | 1σ | ar1-0.8 | 0.0% | [0.0%, 6.0%] | 1235 |
| shift | 1σ | iid | 100.0% | [94.0%, 100.0%] | 1067 |
| shift | 1σ | iid | 0.0% | [0.0%, 6.0%] | 1061 |
| shift | 2σ | ar1-0.3 | 100.0% | [94.0%, 100.0%] | 1247 |
| shift | 2σ | ar1-0.3 | 0.0% | [0.0%, 6.0%] | 1239 |
| shift | 2σ | ar1-0.6 | 100.0% | [94.0%, 100.0%] | 1240 |
| shift | 2σ | ar1-0.6 | 0.0% | [0.0%, 6.0%] | 1231 |
| shift | 2σ | ar1-0.8 | 100.0% | [94.0%, 100.0%] | 1223 |
| shift | 2σ | ar1-0.8 | 0.0% | [0.0%, 6.0%] | 1217 |
| shift | 2σ | iid | 100.0% | [94.0%, 100.0%] | 1065 |
| shift | 2σ | iid | 0.0% | [0.0%, 6.0%] | 1054 |
| shift | 4σ | ar1-0.3 | 100.0% | [94.0%, 100.0%] | 1249 |
| shift | 4σ | ar1-0.3 | 0.0% | [0.0%, 6.0%] | 1259 |
| shift | 4σ | ar1-0.6 | 100.0% | [94.0%, 100.0%] | 1255 |
| shift | 4σ | ar1-0.6 | 0.0% | [0.0%, 6.0%] | 1251 |
| shift | 4σ | ar1-0.8 | 96.7% | [88.6%, 99.1%] | 1241 |
| shift | 4σ | ar1-0.8 | 0.0% | [0.0%, 6.0%] | 1241 |
| shift | 4σ | iid | 100.0% | [94.0%, 100.0%] | 1080 |
| shift | 4σ | iid | 0.0% | [0.0%, 6.0%] | 1080 |
| shift | 20σ | ar1-0.3 | 100.0% | [94.0%, 100.0%] | 1339 |
| shift | 20σ | ar1-0.3 | 16.7% | [9.3%, 28.0%] | 1352 |
| shift | 20σ | ar1-0.6 | 100.0% | [94.0%, 100.0%] | 1348 |
| shift | 20σ | ar1-0.6 | 8.3% | [3.6%, 18.1%] | 1347 |
| shift | 20σ | ar1-0.8 | 100.0% | [94.0%, 100.0%] | 1335 |
| shift | 20σ | ar1-0.8 | 8.3% | [3.6%, 18.1%] | 1332 |
| shift | 20σ | iid | 100.0% | [94.0%, 100.0%] | 1125 |
| shift | 20σ | iid | 0.0% | [0.0%, 6.0%] | 1135 |
| tail | 0σ | ar1-0.3 | 0.0% | [0.0%, 6.0%] | 1212 |
| tail | 0σ | ar1-0.3 | 0.0% | [0.0%, 6.0%] | 1212 |
| tail | 0σ | ar1-0.6 | 0.0% | [0.0%, 6.0%] | 1236 |
| tail | 0σ | ar1-0.6 | 0.0% | [0.0%, 6.0%] | 1229 |
| tail | 0σ | ar1-0.8 | 0.0% | [0.0%, 6.0%] | 1216 |
| tail | 0σ | ar1-0.8 | 0.0% | [0.0%, 6.0%] | 1202 |
| tail | 0σ | iid | 0.0% | [0.0%, 3.7%] | 1053 |
| tail | 0σ | iid | 0.0% | [0.0%, 3.7%] | 1065 |
| tail | 0σ | iid | 0.0% | [0.0%, 3.7%] | 1053 |
| tail | 0σ | iid | 0.0% | [0.0%, 3.7%] | 1065 |
| tail | 0σ | iid | 0.0% | [0.0%, 3.7%] | 1053 |
| tail | 0σ | iid | 0.0% | [0.0%, 3.7%] | 1065 |
| tail | 0σ | iid | 0.0% | [0.0%, 3.7%] | 1053 |
| tail | 0σ | iid | 0.0% | [0.0%, 3.7%] | 1065 |
| tail | 0σ | iid | 0.0% | [0.0%, 3.7%] | 1053 |
| tail | 0σ | iid | 0.0% | [0.0%, 3.7%] | 1065 |
| tail | 0.2σ | ar1-0.3 | 0.0% | [0.0%, 6.0%] | 1224 |
| tail | 0.2σ | ar1-0.3 | 0.0% | [0.0%, 6.0%] | 1224 |
| tail | 0.2σ | ar1-0.6 | 0.0% | [0.0%, 6.0%] | 1225 |
| tail | 0.2σ | ar1-0.6 | 0.0% | [0.0%, 6.0%] | 1207 |
| tail | 0.2σ | ar1-0.8 | 0.0% | [0.0%, 6.0%] | 1217 |
| tail | 0.2σ | ar1-0.8 | 0.0% | [0.0%, 6.0%] | 1216 |
| tail | 0.2σ | iid | 0.0% | [0.0%, 6.0%] | 1054 |
| tail | 0.2σ | iid | 0.0% | [0.0%, 6.0%] | 1057 |
| tail | 1σ | ar1-0.3 | 96.7% | [88.6%, 99.1%] | 1235 |
| tail | 1σ | ar1-0.3 | 0.0% | [0.0%, 6.0%] | 1237 |
| tail | 1σ | ar1-0.6 | 78.3% | [66.4%, 86.9%] | 1233 |
| tail | 1σ | ar1-0.6 | 0.0% | [0.0%, 6.0%] | 1235 |
| tail | 1σ | ar1-0.8 | 30.0% | [19.9%, 42.5%] | 1221 |
| tail | 1σ | ar1-0.8 | 0.0% | [0.0%, 6.0%] | 1230 |
| tail | 1σ | iid | 100.0% | [94.0%, 100.0%] | 1076 |
| tail | 1σ | iid | 0.0% | [0.0%, 6.0%] | 1073 |
| tail | 2σ | ar1-0.3 | 100.0% | [94.0%, 100.0%] | 1244 |
| tail | 2σ | ar1-0.3 | 0.0% | [0.0%, 6.0%] | 1246 |
| tail | 2σ | ar1-0.6 | 100.0% | [94.0%, 100.0%] | 1242 |
| tail | 2σ | ar1-0.6 | 0.0% | [0.0%, 6.0%] | 1231 |
| tail | 2σ | ar1-0.8 | 100.0% | [94.0%, 100.0%] | 1246 |
| tail | 2σ | ar1-0.8 | 0.0% | [0.0%, 6.0%] | 1246 |
| tail | 2σ | iid | 100.0% | [94.0%, 100.0%] | 1087 |
| tail | 2σ | iid | 0.0% | [0.0%, 6.0%] | 1087 |
| tail | 4σ | ar1-0.3 | 100.0% | [94.0%, 100.0%] | 1263 |
| tail | 4σ | ar1-0.3 | 0.0% | [0.0%, 6.0%] | 1261 |
| tail | 4σ | ar1-0.6 | 100.0% | [94.0%, 100.0%] | 1245 |
| tail | 4σ | ar1-0.6 | 0.0% | [0.0%, 6.0%] | 1244 |
| tail | 4σ | ar1-0.8 | 100.0% | [94.0%, 100.0%] | 1241 |
| tail | 4σ | ar1-0.8 | 0.0% | [0.0%, 6.0%] | 1244 |
| tail | 4σ | iid | 100.0% | [94.0%, 100.0%] | 1069 |
| tail | 4σ | iid | 0.0% | [0.0%, 6.0%] | 1076 |
| tail | 20σ | ar1-0.3 | 0.0% | [0.0%, 6.0%] | 1253 |
| tail | 20σ | ar1-0.3 | 0.0% | [0.0%, 6.0%] | 1262 |
| tail | 20σ | ar1-0.6 | 0.0% | [0.0%, 6.0%] | 1248 |
| tail | 20σ | ar1-0.6 | 0.0% | [0.0%, 6.0%] | 1258 |
| tail | 20σ | ar1-0.8 | 0.0% | [0.0%, 6.0%] | 1256 |
| tail | 20σ | ar1-0.8 | 0.0% | [0.0%, 6.0%] | 1250 |
| tail | 20σ | iid | 0.0% | [0.0%, 6.0%] | 1077 |
| tail | 20σ | iid | 0.0% | [0.0%, 6.0%] | 1080 |


[nu_low] completed in 261s
[nu_low] rows=5920 outcomes:    1743 fail    1163 inconclusive    3014 pass 

==========================================
=== Config: nu_high
=== Env:    TACET_ABLATION_NU_LIKELIHOOD=16 
=== Output: /root/bench-results/ablation-v2/nu_high
==========================================
[ablation] overrides: pi0=None alpha=None beta=None kl_min=None nu_ℓ=Some(16.0) nu_prior=None
=== Timing Tool Benchmark Suite ===

Configuration:
  Preset: medium
  Samples per class: 10000
  Datasets per point: 60
  Effect multipliers: [0.0, 0.2, 1.0, 2.0, 4.0, 20.0]
  Effect patterns: ["shift", "tail"]
  Noise models: ["iid", "ar1-0.3", "ar1-0.6", "ar1-0.8"]
  Mode: synthetic
  Checkpoint: RESUME (loading existing results)
  Tools: ["tacet"]
  Total points: 48
  Total datasets: 2880
  Total tool runs: 2880
  Batched: 6 batches of 500 datasets (~160MB peak memory)


Completed in 261.4s

Raw results already written to: /root/bench-results/ablation-v2/nu_high/benchmark_results.csv
Wrote summary to: /root/bench-results/ablation-v2/nu_high/benchmark_summary.csv
Wrote report to: /root/bench-results/ablation-v2/nu_high/benchmark_report.md

# Benchmark Results (medium)

## Configuration

- **Preset**: medium
- **Samples per class**: 10000
- **Datasets per point**: 60
- **Effect multipliers**: [0.0, 0.2, 1.0, 2.0, 4.0, 20.0]
- **Total execution time**: 261.4s

## False Positive Rate (effect = 0)

| Tool | iid | ar1-0.3 | ar1-0.6 | ar1-0.8 |
|------|--------|--------|--------|--------|
| tacet (θ=0.4ns) | 0.0% ± 1.8% | 0.0% ± 3.0% | 0.0% ± 3.0% | 0.0% ± 3.0% |
| tacet (θ=100ns) | 0.0% ± 1.8% | 0.0% ± 3.0% | 0.0% ± 3.0% | 0.0% ± 3.0% |

## Power (Detection Rate)

| Tool | 0.2σ | 1σ | 2σ | 4σ | 20σ |
|------|------|------|------|------|------|
| tacet (θ=0.4ns) | 100% | 100% | 100% | 100% | 100% |
| tacet (θ=100ns) | 0% | 0% | 0% | 0% | 0% |

## Detailed Results by Tool

### tacet

| Pattern | Effect | Noise | Rate | 95% CI | Time (ms) |
|---------|--------|-------|------|--------|----------|
| shift | 0σ | ar1-0.3 | 0.0% | [0.0%, 6.0%] | 1216 |
| shift | 0σ | ar1-0.3 | 0.0% | [0.0%, 6.0%] | 1222 |
| shift | 0σ | ar1-0.6 | 0.0% | [0.0%, 6.0%] | 1238 |
| shift | 0σ | ar1-0.6 | 0.0% | [0.0%, 6.0%] | 1234 |
| shift | 0σ | ar1-0.8 | 0.0% | [0.0%, 6.0%] | 1221 |
| shift | 0σ | ar1-0.8 | 0.0% | [0.0%, 6.0%] | 1221 |
| shift | 0σ | iid | 0.0% | [0.0%, 3.7%] | 1057 |
| shift | 0σ | iid | 0.0% | [0.0%, 3.7%] | 1057 |
| shift | 0σ | iid | 0.0% | [0.0%, 3.7%] | 1057 |
| shift | 0σ | iid | 0.0% | [0.0%, 3.7%] | 1057 |
| shift | 0σ | iid | 0.0% | [0.0%, 3.7%] | 1057 |
| shift | 0σ | iid | 0.0% | [0.0%, 3.7%] | 1057 |
| shift | 0σ | iid | 0.0% | [0.0%, 3.7%] | 1057 |
| shift | 0σ | iid | 0.0% | [0.0%, 3.7%] | 1057 |
| shift | 0σ | iid | 0.0% | [0.0%, 3.7%] | 1057 |
| shift | 0σ | iid | 0.0% | [0.0%, 3.7%] | 1057 |
| shift | 0.2σ | ar1-0.3 | 73.3% | [61.0%, 82.9%] | 1244 |
| shift | 0.2σ | ar1-0.3 | 0.0% | [0.0%, 6.0%] | 1242 |
| shift | 0.2σ | ar1-0.6 | 46.7% | [34.6%, 59.1%] | 1228 |
| shift | 0.2σ | ar1-0.6 | 0.0% | [0.0%, 6.0%] | 1228 |
| shift | 0.2σ | ar1-0.8 | 18.3% | [10.6%, 29.9%] | 1228 |
| shift | 0.2σ | ar1-0.8 | 0.0% | [0.0%, 6.0%] | 1230 |
| shift | 0.2σ | iid | 100.0% | [94.0%, 100.0%] | 1053 |
| shift | 0.2σ | iid | 0.0% | [0.0%, 6.0%] | 1059 |
| shift | 1σ | ar1-0.3 | 100.0% | [94.0%, 100.0%] | 1243 |
| shift | 1σ | ar1-0.3 | 0.0% | [0.0%, 6.0%] | 1237 |
| shift | 1σ | ar1-0.6 | 100.0% | [94.0%, 100.0%] | 1237 |
| shift | 1σ | ar1-0.6 | 0.0% | [0.0%, 6.0%] | 1237 |
| shift | 1σ | ar1-0.8 | 100.0% | [94.0%, 100.0%] | 1232 |
| shift | 1σ | ar1-0.8 | 0.0% | [0.0%, 6.0%] | 1232 |
| shift | 1σ | iid | 100.0% | [94.0%, 100.0%] | 1058 |
| shift | 1σ | iid | 0.0% | [0.0%, 6.0%] | 1062 |
| shift | 2σ | ar1-0.3 | 100.0% | [94.0%, 100.0%] | 1243 |
| shift | 2σ | ar1-0.3 | 0.0% | [0.0%, 6.0%] | 1249 |
| shift | 2σ | ar1-0.6 | 100.0% | [94.0%, 100.0%] | 1229 |
| shift | 2σ | ar1-0.6 | 0.0% | [0.0%, 6.0%] | 1236 |
| shift | 2σ | ar1-0.8 | 100.0% | [94.0%, 100.0%] | 1217 |
| shift | 2σ | ar1-0.8 | 0.0% | [0.0%, 6.0%] | 1218 |
| shift | 2σ | iid | 100.0% | [94.0%, 100.0%] | 1058 |
| shift | 2σ | iid | 0.0% | [0.0%, 6.0%] | 1063 |
| shift | 4σ | ar1-0.3 | 100.0% | [94.0%, 100.0%] | 1255 |
| shift | 4σ | ar1-0.3 | 0.0% | [0.0%, 6.0%] | 1239 |
| shift | 4σ | ar1-0.6 | 100.0% | [94.0%, 100.0%] | 1253 |
| shift | 4σ | ar1-0.6 | 0.0% | [0.0%, 6.0%] | 1252 |
| shift | 4σ | ar1-0.8 | 100.0% | [94.0%, 100.0%] | 1250 |
| shift | 4σ | ar1-0.8 | 0.0% | [0.0%, 6.0%] | 1248 |
| shift | 4σ | iid | 100.0% | [94.0%, 100.0%] | 1078 |
| shift | 4σ | iid | 0.0% | [0.0%, 6.0%] | 1072 |
| shift | 20σ | ar1-0.3 | 100.0% | [94.0%, 100.0%] | 1339 |
| shift | 20σ | ar1-0.3 | 26.7% | [17.1%, 39.0%] | 1351 |
| shift | 20σ | ar1-0.6 | 100.0% | [94.0%, 100.0%] | 1355 |
| shift | 20σ | ar1-0.6 | 18.3% | [10.6%, 29.9%] | 1352 |
| shift | 20σ | ar1-0.8 | 100.0% | [94.0%, 100.0%] | 1345 |
| shift | 20σ | ar1-0.8 | 11.7% | [5.8%, 22.2%] | 1356 |
| shift | 20σ | iid | 100.0% | [94.0%, 100.0%] | 1118 |
| shift | 20σ | iid | 0.0% | [0.0%, 6.0%] | 1129 |
| tail | 0σ | ar1-0.3 | 0.0% | [0.0%, 6.0%] | 1209 |
| tail | 0σ | ar1-0.3 | 0.0% | [0.0%, 6.0%] | 1212 |
| tail | 0σ | ar1-0.6 | 0.0% | [0.0%, 6.0%] | 1228 |
| tail | 0σ | ar1-0.6 | 0.0% | [0.0%, 6.0%] | 1231 |
| tail | 0σ | ar1-0.8 | 0.0% | [0.0%, 6.0%] | 1212 |
| tail | 0σ | ar1-0.8 | 0.0% | [0.0%, 6.0%] | 1203 |
| tail | 0σ | iid | 0.0% | [0.0%, 3.7%] | 1058 |
| tail | 0σ | iid | 0.0% | [0.0%, 3.7%] | 1059 |
| tail | 0σ | iid | 0.0% | [0.0%, 3.7%] | 1058 |
| tail | 0σ | iid | 0.0% | [0.0%, 3.7%] | 1059 |
| tail | 0σ | iid | 0.0% | [0.0%, 3.7%] | 1058 |
| tail | 0σ | iid | 0.0% | [0.0%, 3.7%] | 1059 |
| tail | 0σ | iid | 0.0% | [0.0%, 3.7%] | 1058 |
| tail | 0σ | iid | 0.0% | [0.0%, 3.7%] | 1059 |
| tail | 0σ | iid | 0.0% | [0.0%, 3.7%] | 1058 |
| tail | 0σ | iid | 0.0% | [0.0%, 3.7%] | 1059 |
| tail | 0.2σ | ar1-0.3 | 0.0% | [0.0%, 6.0%] | 1215 |
| tail | 0.2σ | ar1-0.3 | 0.0% | [0.0%, 6.0%] | 1236 |
| tail | 0.2σ | ar1-0.6 | 0.0% | [0.0%, 6.0%] | 1227 |
| tail | 0.2σ | ar1-0.6 | 0.0% | [0.0%, 6.0%] | 1231 |
| tail | 0.2σ | ar1-0.8 | 0.0% | [0.0%, 6.0%] | 1231 |
| tail | 0.2σ | ar1-0.8 | 0.0% | [0.0%, 6.0%] | 1221 |
| tail | 0.2σ | iid | 0.0% | [0.0%, 6.0%] | 1060 |
| tail | 0.2σ | iid | 0.0% | [0.0%, 6.0%] | 1061 |
| tail | 1σ | ar1-0.3 | 100.0% | [94.0%, 100.0%] | 1217 |
| tail | 1σ | ar1-0.3 | 0.0% | [0.0%, 6.0%] | 1231 |
| tail | 1σ | ar1-0.6 | 93.3% | [84.1%, 97.4%] | 1238 |
| tail | 1σ | ar1-0.6 | 0.0% | [0.0%, 6.0%] | 1235 |
| tail | 1σ | ar1-0.8 | 76.7% | [64.6%, 85.6%] | 1204 |
| tail | 1σ | ar1-0.8 | 0.0% | [0.0%, 6.0%] | 1213 |
| tail | 1σ | iid | 100.0% | [94.0%, 100.0%] | 1078 |
| tail | 1σ | iid | 0.0% | [0.0%, 6.0%] | 1077 |
| tail | 2σ | ar1-0.3 | 100.0% | [94.0%, 100.0%] | 1246 |
| tail | 2σ | ar1-0.3 | 0.0% | [0.0%, 6.0%] | 1238 |
| tail | 2σ | ar1-0.6 | 100.0% | [94.0%, 100.0%] | 1253 |
| tail | 2σ | ar1-0.6 | 0.0% | [0.0%, 6.0%] | 1251 |
| tail | 2σ | ar1-0.8 | 100.0% | [94.0%, 100.0%] | 1247 |
| tail | 2σ | ar1-0.8 | 0.0% | [0.0%, 6.0%] | 1247 |
| tail | 2σ | iid | 100.0% | [94.0%, 100.0%] | 1080 |
| tail | 2σ | iid | 0.0% | [0.0%, 6.0%] | 1082 |
| tail | 4σ | ar1-0.3 | 100.0% | [94.0%, 100.0%] | 1268 |
| tail | 4σ | ar1-0.3 | 0.0% | [0.0%, 6.0%] | 1249 |
| tail | 4σ | ar1-0.6 | 100.0% | [94.0%, 100.0%] | 1250 |
| tail | 4σ | ar1-0.6 | 0.0% | [0.0%, 6.0%] | 1269 |
| tail | 4σ | ar1-0.8 | 100.0% | [94.0%, 100.0%] | 1246 |
| tail | 4σ | ar1-0.8 | 0.0% | [0.0%, 6.0%] | 1242 |
| tail | 4σ | iid | 100.0% | [94.0%, 100.0%] | 1086 |
| tail | 4σ | iid | 0.0% | [0.0%, 6.0%] | 1085 |
| tail | 20σ | ar1-0.3 | 100.0% | [94.0%, 100.0%] | 1257 |
| tail | 20σ | ar1-0.3 | 0.0% | [0.0%, 6.0%] | 1248 |
| tail | 20σ | ar1-0.6 | 100.0% | [94.0%, 100.0%] | 1262 |
| tail | 20σ | ar1-0.6 | 0.0% | [0.0%, 6.0%] | 1261 |
| tail | 20σ | ar1-0.8 | 100.0% | [94.0%, 100.0%] | 1244 |
| tail | 20σ | ar1-0.8 | 0.0% | [0.0%, 6.0%] | 1238 |
| tail | 20σ | iid | 100.0% | [94.0%, 100.0%] | 1080 |
| tail | 20σ | iid | 0.0% | [0.0%, 6.0%] | 1090 |


[nu_high] completed in 261s
[nu_high] rows=5920 outcomes:    2079 fail     795 inconclusive    3046 pass 

==========================================
=== Config: nu_ell_extreme
=== Env:    TACET_ABLATION_NU_LIKELIHOOD=2.5 
=== Output: /root/bench-results/ablation-v2/nu_ell_extreme
==========================================
[ablation] overrides: pi0=None alpha=None beta=None kl_min=None nu_ℓ=Some(2.5) nu_prior=None
=== Timing Tool Benchmark Suite ===

Configuration:
  Preset: medium
  Samples per class: 10000
  Datasets per point: 60
  Effect multipliers: [0.0, 0.2, 1.0, 2.0, 4.0, 20.0]
  Effect patterns: ["shift", "tail"]
  Noise models: ["iid", "ar1-0.3", "ar1-0.6", "ar1-0.8"]
  Mode: synthetic
  Checkpoint: RESUME (loading existing results)
  Tools: ["tacet"]
  Total points: 48
  Total datasets: 2880
  Total tool runs: 2880
  Batched: 6 batches of 500 datasets (~160MB peak memory)


Completed in 259.7s

Raw results already written to: /root/bench-results/ablation-v2/nu_ell_extreme/benchmark_results.csv
Wrote summary to: /root/bench-results/ablation-v2/nu_ell_extreme/benchmark_summary.csv
Wrote report to: /root/bench-results/ablation-v2/nu_ell_extreme/benchmark_report.md

# Benchmark Results (medium)

## Configuration

- **Preset**: medium
- **Samples per class**: 10000
- **Datasets per point**: 60
- **Effect multipliers**: [0.0, 0.2, 1.0, 2.0, 4.0, 20.0]
- **Total execution time**: 259.7s

## False Positive Rate (effect = 0)

| Tool | iid | ar1-0.3 | ar1-0.6 | ar1-0.8 |
|------|--------|--------|--------|--------|
| tacet (θ=0.4ns) | 0.0% ± 1.8% | 0.0% ± 3.0% | 0.0% ± 3.0% | 0.0% ± 3.0% |
| tacet (θ=100ns) | 0.0% ± 1.8% | 0.0% ± 3.0% | 0.0% ± 3.0% | 0.0% ± 3.0% |

## Power (Detection Rate)

| Tool | 0.2σ | 1σ | 2σ | 4σ | 20σ |
|------|------|------|------|------|------|
| tacet (θ=0.4ns) | 100% | 100% | 100% | 12% | 100% |
| tacet (θ=100ns) | 0% | 0% | 0% | 0% | 0% |

## Detailed Results by Tool

### tacet

| Pattern | Effect | Noise | Rate | 95% CI | Time (ms) |
|---------|--------|-------|------|--------|----------|
| shift | 0σ | ar1-0.3 | 0.0% | [0.0%, 6.0%] | 1228 |
| shift | 0σ | ar1-0.3 | 0.0% | [0.0%, 6.0%] | 1227 |
| shift | 0σ | ar1-0.6 | 0.0% | [0.0%, 6.0%] | 1225 |
| shift | 0σ | ar1-0.6 | 0.0% | [0.0%, 6.0%] | 1223 |
| shift | 0σ | ar1-0.8 | 0.0% | [0.0%, 6.0%] | 1226 |
| shift | 0σ | ar1-0.8 | 0.0% | [0.0%, 6.0%] | 1213 |
| shift | 0σ | iid | 0.0% | [0.0%, 3.7%] | 1068 |
| shift | 0σ | iid | 0.0% | [0.0%, 3.7%] | 1067 |
| shift | 0σ | iid | 0.0% | [0.0%, 3.7%] | 1068 |
| shift | 0σ | iid | 0.0% | [0.0%, 3.7%] | 1067 |
| shift | 0σ | iid | 0.0% | [0.0%, 3.7%] | 1068 |
| shift | 0σ | iid | 0.0% | [0.0%, 3.7%] | 1067 |
| shift | 0σ | iid | 0.0% | [0.0%, 3.7%] | 1068 |
| shift | 0σ | iid | 0.0% | [0.0%, 3.7%] | 1067 |
| shift | 0σ | iid | 0.0% | [0.0%, 3.7%] | 1068 |
| shift | 0σ | iid | 0.0% | [0.0%, 3.7%] | 1067 |
| shift | 0.2σ | ar1-0.3 | 23.3% | [14.4%, 35.4%] | 1223 |
| shift | 0.2σ | ar1-0.3 | 0.0% | [0.0%, 6.0%] | 1234 |
| shift | 0.2σ | ar1-0.6 | 1.7% | [0.3%, 8.9%] | 1228 |
| shift | 0.2σ | ar1-0.6 | 0.0% | [0.0%, 6.0%] | 1234 |
| shift | 0.2σ | ar1-0.8 | 0.0% | [0.0%, 6.0%] | 1216 |
| shift | 0.2σ | ar1-0.8 | 0.0% | [0.0%, 6.0%] | 1226 |
| shift | 0.2σ | iid | 100.0% | [94.0%, 100.0%] | 1060 |
| shift | 0.2σ | iid | 0.0% | [0.0%, 6.0%] | 1064 |
| shift | 1σ | ar1-0.3 | 100.0% | [94.0%, 100.0%] | 1234 |
| shift | 1σ | ar1-0.3 | 0.0% | [0.0%, 6.0%] | 1235 |
| shift | 1σ | ar1-0.6 | 61.7% | [49.0%, 72.9%] | 1240 |
| shift | 1σ | ar1-0.6 | 0.0% | [0.0%, 6.0%] | 1237 |
| shift | 1σ | ar1-0.8 | 0.0% | [0.0%, 6.0%] | 1225 |
| shift | 1σ | ar1-0.8 | 0.0% | [0.0%, 6.0%] | 1227 |
| shift | 1σ | iid | 100.0% | [94.0%, 100.0%] | 1067 |
| shift | 1σ | iid | 0.0% | [0.0%, 6.0%] | 1061 |
| shift | 2σ | ar1-0.3 | 11.7% | [5.8%, 22.2%] | 1243 |
| shift | 2σ | ar1-0.3 | 0.0% | [0.0%, 6.0%] | 1243 |
| shift | 2σ | ar1-0.6 | 0.0% | [0.0%, 6.0%] | 1233 |
| shift | 2σ | ar1-0.6 | 0.0% | [0.0%, 6.0%] | 1220 |
| shift | 2σ | ar1-0.8 | 0.0% | [0.0%, 6.0%] | 1244 |
| shift | 2σ | ar1-0.8 | 0.0% | [0.0%, 6.0%] | 1247 |
| shift | 2σ | iid | 100.0% | [94.0%, 100.0%] | 1065 |
| shift | 2σ | iid | 0.0% | [0.0%, 6.0%] | 1054 |
| shift | 4σ | ar1-0.3 | 0.0% | [0.0%, 6.0%] | 1246 |
| shift | 4σ | ar1-0.3 | 0.0% | [0.0%, 6.0%] | 1255 |
| shift | 4σ | ar1-0.6 | 0.0% | [0.0%, 6.0%] | 1255 |
| shift | 4σ | ar1-0.6 | 0.0% | [0.0%, 6.0%] | 1252 |
| shift | 4σ | ar1-0.8 | 0.0% | [0.0%, 6.0%] | 1240 |
| shift | 4σ | ar1-0.8 | 0.0% | [0.0%, 6.0%] | 1245 |
| shift | 4σ | iid | 11.7% | [5.8%, 22.2%] | 1066 |
| shift | 4σ | iid | 0.0% | [0.0%, 6.0%] | 1061 |
| shift | 20σ | ar1-0.3 | 100.0% | [94.0%, 100.0%] | 1350 |
| shift | 20σ | ar1-0.3 | 10.0% | [4.7%, 20.1%] | 1335 |
| shift | 20σ | ar1-0.6 | 45.0% | [33.1%, 57.5%] | 1350 |
| shift | 20σ | ar1-0.6 | 8.3% | [3.6%, 18.1%] | 1342 |
| shift | 20σ | ar1-0.8 | 15.0% | [8.1%, 26.1%] | 1328 |
| shift | 20σ | ar1-0.8 | 3.3% | [0.9%, 11.4%] | 1343 |
| shift | 20σ | iid | 100.0% | [94.0%, 100.0%] | 1132 |
| shift | 20σ | iid | 0.0% | [0.0%, 6.0%] | 1143 |
| tail | 0σ | ar1-0.3 | 0.0% | [0.0%, 6.0%] | 1220 |
| tail | 0σ | ar1-0.3 | 0.0% | [0.0%, 6.0%] | 1222 |
| tail | 0σ | ar1-0.6 | 0.0% | [0.0%, 6.0%] | 1230 |
| tail | 0σ | ar1-0.6 | 0.0% | [0.0%, 6.0%] | 1219 |
| tail | 0σ | ar1-0.8 | 0.0% | [0.0%, 6.0%] | 1227 |
| tail | 0σ | ar1-0.8 | 0.0% | [0.0%, 6.0%] | 1228 |
| tail | 0σ | iid | 0.0% | [0.0%, 3.7%] | 1049 |
| tail | 0σ | iid | 0.0% | [0.0%, 3.7%] | 1054 |
| tail | 0σ | iid | 0.0% | [0.0%, 3.7%] | 1049 |
| tail | 0σ | iid | 0.0% | [0.0%, 3.7%] | 1054 |
| tail | 0σ | iid | 0.0% | [0.0%, 3.7%] | 1049 |
| tail | 0σ | iid | 0.0% | [0.0%, 3.7%] | 1054 |
| tail | 0σ | iid | 0.0% | [0.0%, 3.7%] | 1049 |
| tail | 0σ | iid | 0.0% | [0.0%, 3.7%] | 1054 |
| tail | 0σ | iid | 0.0% | [0.0%, 3.7%] | 1049 |
| tail | 0σ | iid | 0.0% | [0.0%, 3.7%] | 1054 |
| tail | 0.2σ | ar1-0.3 | 0.0% | [0.0%, 6.0%] | 1216 |
| tail | 0.2σ | ar1-0.3 | 0.0% | [0.0%, 6.0%] | 1207 |
| tail | 0.2σ | ar1-0.6 | 0.0% | [0.0%, 6.0%] | 1218 |
| tail | 0.2σ | ar1-0.6 | 0.0% | [0.0%, 6.0%] | 1216 |
| tail | 0.2σ | ar1-0.8 | 0.0% | [0.0%, 6.0%] | 1211 |
| tail | 0.2σ | ar1-0.8 | 0.0% | [0.0%, 6.0%] | 1222 |
| tail | 0.2σ | iid | 0.0% | [0.0%, 6.0%] | 1057 |
| tail | 0.2σ | iid | 0.0% | [0.0%, 6.0%] | 1057 |
| tail | 1σ | ar1-0.3 | 86.7% | [75.8%, 93.1%] | 1234 |
| tail | 1σ | ar1-0.3 | 0.0% | [0.0%, 6.0%] | 1242 |
| tail | 1σ | ar1-0.6 | 48.3% | [36.2%, 60.7%] | 1237 |
| tail | 1σ | ar1-0.6 | 0.0% | [0.0%, 6.0%] | 1231 |
| tail | 1σ | ar1-0.8 | 5.0% | [1.7%, 13.7%] | 1234 |
| tail | 1σ | ar1-0.8 | 0.0% | [0.0%, 6.0%] | 1226 |
| tail | 1σ | iid | 100.0% | [94.0%, 100.0%] | 1077 |
| tail | 1σ | iid | 0.0% | [0.0%, 6.0%] | 1081 |
| tail | 2σ | ar1-0.3 | 100.0% | [94.0%, 100.0%] | 1246 |
| tail | 2σ | ar1-0.3 | 0.0% | [0.0%, 6.0%] | 1247 |
| tail | 2σ | ar1-0.6 | 100.0% | [94.0%, 100.0%] | 1237 |
| tail | 2σ | ar1-0.6 | 0.0% | [0.0%, 6.0%] | 1233 |
| tail | 2σ | ar1-0.8 | 61.7% | [49.0%, 72.9%] | 1251 |
| tail | 2σ | ar1-0.8 | 0.0% | [0.0%, 6.0%] | 1243 |
| tail | 2σ | iid | 100.0% | [94.0%, 100.0%] | 1092 |
| tail | 2σ | iid | 0.0% | [0.0%, 6.0%] | 1087 |
| tail | 4σ | ar1-0.3 | 10.0% | [4.7%, 20.1%] | 1261 |
| tail | 4σ | ar1-0.3 | 0.0% | [0.0%, 6.0%] | 1259 |
| tail | 4σ | ar1-0.6 | 6.7% | [2.6%, 15.9%] | 1242 |
| tail | 4σ | ar1-0.6 | 0.0% | [0.0%, 6.0%] | 1251 |
| tail | 4σ | ar1-0.8 | 8.3% | [3.6%, 18.1%] | 1251 |
| tail | 4σ | ar1-0.8 | 0.0% | [0.0%, 6.0%] | 1225 |
| tail | 4σ | iid | 0.0% | [0.0%, 6.0%] | 1070 |
| tail | 4σ | iid | 0.0% | [0.0%, 6.0%] | 1074 |
| tail | 20σ | ar1-0.3 | 0.0% | [0.0%, 6.0%] | 1263 |
| tail | 20σ | ar1-0.3 | 0.0% | [0.0%, 6.0%] | 1270 |
| tail | 20σ | ar1-0.6 | 0.0% | [0.0%, 6.0%] | 1257 |
| tail | 20σ | ar1-0.6 | 0.0% | [0.0%, 6.0%] | 1253 |
| tail | 20σ | ar1-0.8 | 0.0% | [0.0%, 6.0%] | 1249 |
| tail | 20σ | ar1-0.8 | 0.0% | [0.0%, 6.0%] | 1230 |
| tail | 20σ | iid | 0.0% | [0.0%, 6.0%] | 1080 |
| tail | 20σ | iid | 0.0% | [0.0%, 6.0%] | 1085 |


[nu_ell_extreme] completed in 260s
[nu_ell_extreme] rows=5920 outcomes:     851 fail    2090 inconclusive    2979 pass 

==========================================
=== Config: nu_prior_low
=== Env:    TACET_ABLATION_NU_PRIOR=2.5 
=== Output: /root/bench-results/ablation-v2/nu_prior_low
==========================================
[ablation] overrides: pi0=None alpha=None beta=None kl_min=None nu_ℓ=None nu_prior=Some(2.5)
=== Timing Tool Benchmark Suite ===

Configuration:
  Preset: medium
  Samples per class: 10000
  Datasets per point: 60
  Effect multipliers: [0.0, 0.2, 1.0, 2.0, 4.0, 20.0]
  Effect patterns: ["shift", "tail"]
  Noise models: ["iid", "ar1-0.3", "ar1-0.6", "ar1-0.8"]
  Mode: synthetic
  Checkpoint: RESUME (loading existing results)
  Tools: ["tacet"]
  Total points: 48
  Total datasets: 2880
  Total tool runs: 2880
  Batched: 6 batches of 500 datasets (~160MB peak memory)


Completed in 261.7s

Raw results already written to: /root/bench-results/ablation-v2/nu_prior_low/benchmark_results.csv
Wrote summary to: /root/bench-results/ablation-v2/nu_prior_low/benchmark_summary.csv
Wrote report to: /root/bench-results/ablation-v2/nu_prior_low/benchmark_report.md

# Benchmark Results (medium)

## Configuration

- **Preset**: medium
- **Samples per class**: 10000
- **Datasets per point**: 60
- **Effect multipliers**: [0.0, 0.2, 1.0, 2.0, 4.0, 20.0]
- **Total execution time**: 261.7s

## False Positive Rate (effect = 0)

| Tool | iid | ar1-0.3 | ar1-0.6 | ar1-0.8 |
|------|--------|--------|--------|--------|
| tacet (θ=0.4ns) | 0.0% ± 1.8% | 0.0% ± 3.0% | 0.0% ± 3.0% | 0.0% ± 3.0% |
| tacet (θ=100ns) | 0.0% ± 1.8% | 0.0% ± 3.0% | 0.0% ± 3.0% | 0.0% ± 3.0% |

## Power (Detection Rate)

| Tool | 0.2σ | 1σ | 2σ | 4σ | 20σ |
|------|------|------|------|------|------|
| tacet (θ=0.4ns) | 100% | 100% | 100% | 100% | 100% |
| tacet (θ=100ns) | 0% | 0% | 0% | 0% | 0% |

## Detailed Results by Tool

### tacet

| Pattern | Effect | Noise | Rate | 95% CI | Time (ms) |
|---------|--------|-------|------|--------|----------|
| shift | 0σ | ar1-0.3 | 0.0% | [0.0%, 6.0%] | 1235 |
| shift | 0σ | ar1-0.3 | 0.0% | [0.0%, 6.0%] | 1235 |
| shift | 0σ | ar1-0.6 | 0.0% | [0.0%, 6.0%] | 1232 |
| shift | 0σ | ar1-0.6 | 0.0% | [0.0%, 6.0%] | 1238 |
| shift | 0σ | ar1-0.8 | 0.0% | [0.0%, 6.0%] | 1239 |
| shift | 0σ | ar1-0.8 | 0.0% | [0.0%, 6.0%] | 1230 |
| shift | 0σ | iid | 0.0% | [0.0%, 3.7%] | 1069 |
| shift | 0σ | iid | 0.0% | [0.0%, 3.7%] | 1067 |
| shift | 0σ | iid | 0.0% | [0.0%, 3.7%] | 1069 |
| shift | 0σ | iid | 0.0% | [0.0%, 3.7%] | 1067 |
| shift | 0σ | iid | 0.0% | [0.0%, 3.7%] | 1069 |
| shift | 0σ | iid | 0.0% | [0.0%, 3.7%] | 1067 |
| shift | 0σ | iid | 0.0% | [0.0%, 3.7%] | 1069 |
| shift | 0σ | iid | 0.0% | [0.0%, 3.7%] | 1067 |
| shift | 0σ | iid | 0.0% | [0.0%, 3.7%] | 1069 |
| shift | 0σ | iid | 0.0% | [0.0%, 3.7%] | 1067 |
| shift | 0.2σ | ar1-0.3 | 65.0% | [52.4%, 75.8%] | 1235 |
| shift | 0.2σ | ar1-0.3 | 0.0% | [0.0%, 6.0%] | 1210 |
| shift | 0.2σ | ar1-0.6 | 26.7% | [17.1%, 39.0%] | 1221 |
| shift | 0.2σ | ar1-0.6 | 0.0% | [0.0%, 6.0%] | 1228 |
| shift | 0.2σ | ar1-0.8 | 8.3% | [3.6%, 18.1%] | 1225 |
| shift | 0.2σ | ar1-0.8 | 0.0% | [0.0%, 6.0%] | 1225 |
| shift | 0.2σ | iid | 100.0% | [94.0%, 100.0%] | 1063 |
| shift | 0.2σ | iid | 0.0% | [0.0%, 6.0%] | 1066 |
| shift | 1σ | ar1-0.3 | 100.0% | [94.0%, 100.0%] | 1244 |
| shift | 1σ | ar1-0.3 | 0.0% | [0.0%, 6.0%] | 1237 |
| shift | 1σ | ar1-0.6 | 100.0% | [94.0%, 100.0%] | 1227 |
| shift | 1σ | ar1-0.6 | 0.0% | [0.0%, 6.0%] | 1226 |
| shift | 1σ | ar1-0.8 | 100.0% | [94.0%, 100.0%] | 1212 |
| shift | 1σ | ar1-0.8 | 0.0% | [0.0%, 6.0%] | 1227 |
| shift | 1σ | iid | 100.0% | [94.0%, 100.0%] | 1070 |
| shift | 1σ | iid | 0.0% | [0.0%, 6.0%] | 1066 |
| shift | 2σ | ar1-0.3 | 100.0% | [94.0%, 100.0%] | 1245 |
| shift | 2σ | ar1-0.3 | 0.0% | [0.0%, 6.0%] | 1245 |
| shift | 2σ | ar1-0.6 | 100.0% | [94.0%, 100.0%] | 1238 |
| shift | 2σ | ar1-0.6 | 0.0% | [0.0%, 6.0%] | 1232 |
| shift | 2σ | ar1-0.8 | 100.0% | [94.0%, 100.0%] | 1236 |
| shift | 2σ | ar1-0.8 | 0.0% | [0.0%, 6.0%] | 1232 |
| shift | 2σ | iid | 100.0% | [94.0%, 100.0%] | 1069 |
| shift | 2σ | iid | 0.0% | [0.0%, 6.0%] | 1072 |
| shift | 4σ | ar1-0.3 | 100.0% | [94.0%, 100.0%] | 1247 |
| shift | 4σ | ar1-0.3 | 0.0% | [0.0%, 6.0%] | 1254 |
| shift | 4σ | ar1-0.6 | 100.0% | [94.0%, 100.0%] | 1254 |
| shift | 4σ | ar1-0.6 | 0.0% | [0.0%, 6.0%] | 1238 |
| shift | 4σ | ar1-0.8 | 100.0% | [94.0%, 100.0%] | 1246 |
| shift | 4σ | ar1-0.8 | 0.0% | [0.0%, 6.0%] | 1255 |
| shift | 4σ | iid | 100.0% | [94.0%, 100.0%] | 1070 |
| shift | 4σ | iid | 0.0% | [0.0%, 6.0%] | 1073 |
| shift | 20σ | ar1-0.3 | 100.0% | [94.0%, 100.0%] | 1337 |
| shift | 20σ | ar1-0.3 | 25.0% | [15.8%, 37.2%] | 1352 |
| shift | 20σ | ar1-0.6 | 100.0% | [94.0%, 100.0%] | 1333 |
| shift | 20σ | ar1-0.6 | 13.3% | [6.9%, 24.2%] | 1342 |
| shift | 20σ | ar1-0.8 | 100.0% | [94.0%, 100.0%] | 1339 |
| shift | 20σ | ar1-0.8 | 8.3% | [3.6%, 18.1%] | 1351 |
| shift | 20σ | iid | 100.0% | [94.0%, 100.0%] | 1132 |
| shift | 20σ | iid | 0.0% | [0.0%, 6.0%] | 1122 |
| tail | 0σ | ar1-0.3 | 0.0% | [0.0%, 6.0%] | 1216 |
| tail | 0σ | ar1-0.3 | 0.0% | [0.0%, 6.0%] | 1221 |
| tail | 0σ | ar1-0.6 | 0.0% | [0.0%, 6.0%] | 1208 |
| tail | 0σ | ar1-0.6 | 0.0% | [0.0%, 6.0%] | 1215 |
| tail | 0σ | ar1-0.8 | 0.0% | [0.0%, 6.0%] | 1209 |
| tail | 0σ | ar1-0.8 | 0.0% | [0.0%, 6.0%] | 1204 |
| tail | 0σ | iid | 0.0% | [0.0%, 3.7%] | 1054 |
| tail | 0σ | iid | 0.0% | [0.0%, 3.7%] | 1059 |
| tail | 0σ | iid | 0.0% | [0.0%, 3.7%] | 1054 |
| tail | 0σ | iid | 0.0% | [0.0%, 3.7%] | 1059 |
| tail | 0σ | iid | 0.0% | [0.0%, 3.7%] | 1054 |
| tail | 0σ | iid | 0.0% | [0.0%, 3.7%] | 1059 |
| tail | 0σ | iid | 0.0% | [0.0%, 3.7%] | 1054 |
| tail | 0σ | iid | 0.0% | [0.0%, 3.7%] | 1059 |
| tail | 0σ | iid | 0.0% | [0.0%, 3.7%] | 1054 |
| tail | 0σ | iid | 0.0% | [0.0%, 3.7%] | 1059 |
| tail | 0.2σ | ar1-0.3 | 0.0% | [0.0%, 6.0%] | 1228 |
| tail | 0.2σ | ar1-0.3 | 0.0% | [0.0%, 6.0%] | 1220 |
| tail | 0.2σ | ar1-0.6 | 0.0% | [0.0%, 6.0%] | 1219 |
| tail | 0.2σ | ar1-0.6 | 0.0% | [0.0%, 6.0%] | 1215 |
| tail | 0.2σ | ar1-0.8 | 0.0% | [0.0%, 6.0%] | 1204 |
| tail | 0.2σ | ar1-0.8 | 0.0% | [0.0%, 6.0%] | 1200 |
| tail | 0.2σ | iid | 0.0% | [0.0%, 6.0%] | 1056 |
| tail | 0.2σ | iid | 0.0% | [0.0%, 6.0%] | 1050 |
| tail | 1σ | ar1-0.3 | 100.0% | [94.0%, 100.0%] | 1234 |
| tail | 1σ | ar1-0.3 | 0.0% | [0.0%, 6.0%] | 1238 |
| tail | 1σ | ar1-0.6 | 90.0% | [79.9%, 95.3%] | 1231 |
| tail | 1σ | ar1-0.6 | 0.0% | [0.0%, 6.0%] | 1225 |
| tail | 1σ | ar1-0.8 | 61.7% | [49.0%, 72.9%] | 1212 |
| tail | 1σ | ar1-0.8 | 0.0% | [0.0%, 6.0%] | 1229 |
| tail | 1σ | iid | 100.0% | [94.0%, 100.0%] | 1088 |
| tail | 1σ | iid | 0.0% | [0.0%, 6.0%] | 1089 |
| tail | 2σ | ar1-0.3 | 100.0% | [94.0%, 100.0%] | 1248 |
| tail | 2σ | ar1-0.3 | 0.0% | [0.0%, 6.0%] | 1252 |
| tail | 2σ | ar1-0.6 | 100.0% | [94.0%, 100.0%] | 1235 |
| tail | 2σ | ar1-0.6 | 0.0% | [0.0%, 6.0%] | 1254 |
| tail | 2σ | ar1-0.8 | 100.0% | [94.0%, 100.0%] | 1256 |
| tail | 2σ | ar1-0.8 | 0.0% | [0.0%, 6.0%] | 1251 |
| tail | 2σ | iid | 100.0% | [94.0%, 100.0%] | 1092 |
| tail | 2σ | iid | 0.0% | [0.0%, 6.0%] | 1085 |
| tail | 4σ | ar1-0.3 | 100.0% | [94.0%, 100.0%] | 1245 |
| tail | 4σ | ar1-0.3 | 0.0% | [0.0%, 6.0%] | 1266 |
| tail | 4σ | ar1-0.6 | 100.0% | [94.0%, 100.0%] | 1239 |
| tail | 4σ | ar1-0.6 | 0.0% | [0.0%, 6.0%] | 1246 |
| tail | 4σ | ar1-0.8 | 100.0% | [94.0%, 100.0%] | 1253 |
| tail | 4σ | ar1-0.8 | 0.0% | [0.0%, 6.0%] | 1247 |
| tail | 4σ | iid | 100.0% | [94.0%, 100.0%] | 1083 |
| tail | 4σ | iid | 0.0% | [0.0%, 6.0%] | 1082 |
| tail | 20σ | ar1-0.3 | 100.0% | [94.0%, 100.0%] | 1247 |
| tail | 20σ | ar1-0.3 | 0.0% | [0.0%, 6.0%] | 1256 |
| tail | 20σ | ar1-0.6 | 100.0% | [94.0%, 100.0%] | 1273 |
| tail | 20σ | ar1-0.6 | 0.0% | [0.0%, 6.0%] | 1266 |
| tail | 20σ | ar1-0.8 | 100.0% | [94.0%, 100.0%] | 1243 |
| tail | 20σ | ar1-0.8 | 0.0% | [0.0%, 6.0%] | 1242 |
| tail | 20σ | iid | 100.0% | [94.0%, 100.0%] | 1098 |
| tail | 20σ | iid | 0.0% | [0.0%, 6.0%] | 1091 |


[nu_prior_low] completed in 262s
[nu_prior_low] rows=5920 outcomes:    2039 fail     855 inconclusive    3026 pass 

==========================================
=== Config: nu_prior_high
=== Env:    TACET_ABLATION_NU_PRIOR=16 
=== Output: /root/bench-results/ablation-v2/nu_prior_high
==========================================
[ablation] overrides: pi0=None alpha=None beta=None kl_min=None nu_ℓ=None nu_prior=Some(16.0)
=== Timing Tool Benchmark Suite ===

Configuration:
  Preset: medium
  Samples per class: 10000
  Datasets per point: 60
  Effect multipliers: [0.0, 0.2, 1.0, 2.0, 4.0, 20.0]
  Effect patterns: ["shift", "tail"]
  Noise models: ["iid", "ar1-0.3", "ar1-0.6", "ar1-0.8"]
  Mode: synthetic
  Checkpoint: RESUME (loading existing results)
  Tools: ["tacet"]
  Total points: 48
  Total datasets: 2880
  Total tool runs: 2880
  Batched: 6 batches of 500 datasets (~160MB peak memory)


Completed in 261.0s

Raw results already written to: /root/bench-results/ablation-v2/nu_prior_high/benchmark_results.csv
Wrote summary to: /root/bench-results/ablation-v2/nu_prior_high/benchmark_summary.csv
Wrote report to: /root/bench-results/ablation-v2/nu_prior_high/benchmark_report.md

# Benchmark Results (medium)

## Configuration

- **Preset**: medium
- **Samples per class**: 10000
- **Datasets per point**: 60
- **Effect multipliers**: [0.0, 0.2, 1.0, 2.0, 4.0, 20.0]
- **Total execution time**: 261.0s

## False Positive Rate (effect = 0)

| Tool | iid | ar1-0.3 | ar1-0.6 | ar1-0.8 |
|------|--------|--------|--------|--------|
| tacet (θ=0.4ns) | 0.0% ± 1.8% | 0.0% ± 3.0% | 0.0% ± 3.0% | 0.0% ± 3.0% |
| tacet (θ=100ns) | 0.0% ± 1.8% | 0.0% ± 3.0% | 0.0% ± 3.0% | 0.0% ± 3.0% |

## Power (Detection Rate)

| Tool | 0.2σ | 1σ | 2σ | 4σ | 20σ |
|------|------|------|------|------|------|
| tacet (θ=0.4ns) | 100% | 100% | 100% | 100% | 100% |
| tacet (θ=100ns) | 0% | 0% | 0% | 0% | 0% |

## Detailed Results by Tool

### tacet

| Pattern | Effect | Noise | Rate | 95% CI | Time (ms) |
|---------|--------|-------|------|--------|----------|
| shift | 0σ | ar1-0.3 | 0.0% | [0.0%, 6.0%] | 1238 |
| shift | 0σ | ar1-0.3 | 0.0% | [0.0%, 6.0%] | 1237 |
| shift | 0σ | ar1-0.6 | 0.0% | [0.0%, 6.0%] | 1228 |
| shift | 0σ | ar1-0.6 | 0.0% | [0.0%, 6.0%] | 1235 |
| shift | 0σ | ar1-0.8 | 0.0% | [0.0%, 6.0%] | 1227 |
| shift | 0σ | ar1-0.8 | 0.0% | [0.0%, 6.0%] | 1205 |
| shift | 0σ | iid | 0.0% | [0.0%, 3.7%] | 1059 |
| shift | 0σ | iid | 0.0% | [0.0%, 3.7%] | 1064 |
| shift | 0σ | iid | 0.0% | [0.0%, 3.7%] | 1059 |
| shift | 0σ | iid | 0.0% | [0.0%, 3.7%] | 1064 |
| shift | 0σ | iid | 0.0% | [0.0%, 3.7%] | 1059 |
| shift | 0σ | iid | 0.0% | [0.0%, 3.7%] | 1064 |
| shift | 0σ | iid | 0.0% | [0.0%, 3.7%] | 1059 |
| shift | 0σ | iid | 0.0% | [0.0%, 3.7%] | 1064 |
| shift | 0σ | iid | 0.0% | [0.0%, 3.7%] | 1059 |
| shift | 0σ | iid | 0.0% | [0.0%, 3.7%] | 1064 |
| shift | 0.2σ | ar1-0.3 | 66.7% | [54.1%, 77.3%] | 1221 |
| shift | 0.2σ | ar1-0.3 | 0.0% | [0.0%, 6.0%] | 1236 |
| shift | 0.2σ | ar1-0.6 | 35.0% | [24.2%, 47.6%] | 1227 |
| shift | 0.2σ | ar1-0.6 | 0.0% | [0.0%, 6.0%] | 1232 |
| shift | 0.2σ | ar1-0.8 | 10.0% | [4.7%, 20.1%] | 1221 |
| shift | 0.2σ | ar1-0.8 | 0.0% | [0.0%, 6.0%] | 1231 |
| shift | 0.2σ | iid | 100.0% | [94.0%, 100.0%] | 1066 |
| shift | 0.2σ | iid | 0.0% | [0.0%, 6.0%] | 1060 |
| shift | 1σ | ar1-0.3 | 100.0% | [94.0%, 100.0%] | 1239 |
| shift | 1σ | ar1-0.3 | 0.0% | [0.0%, 6.0%] | 1242 |
| shift | 1σ | ar1-0.6 | 100.0% | [94.0%, 100.0%] | 1229 |
| shift | 1σ | ar1-0.6 | 0.0% | [0.0%, 6.0%] | 1219 |
| shift | 1σ | ar1-0.8 | 100.0% | [94.0%, 100.0%] | 1234 |
| shift | 1σ | ar1-0.8 | 0.0% | [0.0%, 6.0%] | 1221 |
| shift | 1σ | iid | 100.0% | [94.0%, 100.0%] | 1069 |
| shift | 1σ | iid | 0.0% | [0.0%, 6.0%] | 1064 |
| shift | 2σ | ar1-0.3 | 100.0% | [94.0%, 100.0%] | 1233 |
| shift | 2σ | ar1-0.3 | 0.0% | [0.0%, 6.0%] | 1232 |
| shift | 2σ | ar1-0.6 | 81.7% | [70.1%, 89.4%] | 1223 |
| shift | 2σ | ar1-0.6 | 0.0% | [0.0%, 6.0%] | 1226 |
| shift | 2σ | ar1-0.8 | 0.0% | [0.0%, 6.0%] | 1237 |
| shift | 2σ | ar1-0.8 | 0.0% | [0.0%, 6.0%] | 1242 |
| shift | 2σ | iid | 100.0% | [94.0%, 100.0%] | 1073 |
| shift | 2σ | iid | 0.0% | [0.0%, 6.0%] | 1064 |
| shift | 4σ | ar1-0.3 | 100.0% | [94.0%, 100.0%] | 1256 |
| shift | 4σ | ar1-0.3 | 0.0% | [0.0%, 6.0%] | 1258 |
| shift | 4σ | ar1-0.6 | 100.0% | [94.0%, 100.0%] | 1232 |
| shift | 4σ | ar1-0.6 | 0.0% | [0.0%, 6.0%] | 1246 |
| shift | 4σ | ar1-0.8 | 0.0% | [0.0%, 6.0%] | 1229 |
| shift | 4σ | ar1-0.8 | 0.0% | [0.0%, 6.0%] | 1248 |
| shift | 4σ | iid | 100.0% | [94.0%, 100.0%] | 1068 |
| shift | 4σ | iid | 0.0% | [0.0%, 6.0%] | 1079 |
| shift | 20σ | ar1-0.3 | 100.0% | [94.0%, 100.0%] | 1341 |
| shift | 20σ | ar1-0.3 | 25.0% | [15.8%, 37.2%] | 1336 |
| shift | 20σ | ar1-0.6 | 100.0% | [94.0%, 100.0%] | 1337 |
| shift | 20σ | ar1-0.6 | 13.3% | [6.9%, 24.2%] | 1347 |
| shift | 20σ | ar1-0.8 | 100.0% | [94.0%, 100.0%] | 1348 |
| shift | 20σ | ar1-0.8 | 8.3% | [3.6%, 18.1%] | 1346 |
| shift | 20σ | iid | 100.0% | [94.0%, 100.0%] | 1132 |
| shift | 20σ | iid | 0.0% | [0.0%, 6.0%] | 1123 |
| tail | 0σ | ar1-0.3 | 0.0% | [0.0%, 6.0%] | 1207 |
| tail | 0σ | ar1-0.3 | 0.0% | [0.0%, 6.0%] | 1213 |
| tail | 0σ | ar1-0.6 | 0.0% | [0.0%, 6.0%] | 1211 |
| tail | 0σ | ar1-0.6 | 0.0% | [0.0%, 6.0%] | 1224 |
| tail | 0σ | ar1-0.8 | 0.0% | [0.0%, 6.0%] | 1207 |
| tail | 0σ | ar1-0.8 | 0.0% | [0.0%, 6.0%] | 1215 |
| tail | 0σ | iid | 0.0% | [0.0%, 3.7%] | 1059 |
| tail | 0σ | iid | 0.0% | [0.0%, 3.7%] | 1053 |
| tail | 0σ | iid | 0.0% | [0.0%, 3.7%] | 1059 |
| tail | 0σ | iid | 0.0% | [0.0%, 3.7%] | 1053 |
| tail | 0σ | iid | 0.0% | [0.0%, 3.7%] | 1059 |
| tail | 0σ | iid | 0.0% | [0.0%, 3.7%] | 1053 |
| tail | 0σ | iid | 0.0% | [0.0%, 3.7%] | 1059 |
| tail | 0σ | iid | 0.0% | [0.0%, 3.7%] | 1053 |
| tail | 0σ | iid | 0.0% | [0.0%, 3.7%] | 1059 |
| tail | 0σ | iid | 0.0% | [0.0%, 3.7%] | 1053 |
| tail | 0.2σ | ar1-0.3 | 0.0% | [0.0%, 6.0%] | 1230 |
| tail | 0.2σ | ar1-0.3 | 0.0% | [0.0%, 6.0%] | 1218 |
| tail | 0.2σ | ar1-0.6 | 0.0% | [0.0%, 6.0%] | 1217 |
| tail | 0.2σ | ar1-0.6 | 0.0% | [0.0%, 6.0%] | 1225 |
| tail | 0.2σ | ar1-0.8 | 0.0% | [0.0%, 6.0%] | 1221 |
| tail | 0.2σ | ar1-0.8 | 0.0% | [0.0%, 6.0%] | 1218 |
| tail | 0.2σ | iid | 0.0% | [0.0%, 6.0%] | 1058 |
| tail | 0.2σ | iid | 0.0% | [0.0%, 6.0%] | 1048 |
| tail | 1σ | ar1-0.3 | 100.0% | [94.0%, 100.0%] | 1233 |
| tail | 1σ | ar1-0.3 | 0.0% | [0.0%, 6.0%] | 1228 |
| tail | 1σ | ar1-0.6 | 91.7% | [81.9%, 96.4%] | 1237 |
| tail | 1σ | ar1-0.6 | 0.0% | [0.0%, 6.0%] | 1227 |
| tail | 1σ | ar1-0.8 | 68.3% | [55.8%, 78.7%] | 1235 |
| tail | 1σ | ar1-0.8 | 0.0% | [0.0%, 6.0%] | 1232 |
| tail | 1σ | iid | 100.0% | [94.0%, 100.0%] | 1081 |
| tail | 1σ | iid | 0.0% | [0.0%, 6.0%] | 1075 |
| tail | 2σ | ar1-0.3 | 100.0% | [94.0%, 100.0%] | 1249 |
| tail | 2σ | ar1-0.3 | 0.0% | [0.0%, 6.0%] | 1259 |
| tail | 2σ | ar1-0.6 | 100.0% | [94.0%, 100.0%] | 1245 |
| tail | 2σ | ar1-0.6 | 0.0% | [0.0%, 6.0%] | 1240 |
| tail | 2σ | ar1-0.8 | 100.0% | [94.0%, 100.0%] | 1247 |
| tail | 2σ | ar1-0.8 | 0.0% | [0.0%, 6.0%] | 1249 |
| tail | 2σ | iid | 100.0% | [94.0%, 100.0%] | 1083 |
| tail | 2σ | iid | 0.0% | [0.0%, 6.0%] | 1086 |
| tail | 4σ | ar1-0.3 | 100.0% | [94.0%, 100.0%] | 1251 |
| tail | 4σ | ar1-0.3 | 0.0% | [0.0%, 6.0%] | 1256 |
| tail | 4σ | ar1-0.6 | 100.0% | [94.0%, 100.0%] | 1255 |
| tail | 4σ | ar1-0.6 | 0.0% | [0.0%, 6.0%] | 1262 |
| tail | 4σ | ar1-0.8 | 91.7% | [81.9%, 96.4%] | 1257 |
| tail | 4σ | ar1-0.8 | 0.0% | [0.0%, 6.0%] | 1262 |
| tail | 4σ | iid | 100.0% | [94.0%, 100.0%] | 1089 |
| tail | 4σ | iid | 0.0% | [0.0%, 6.0%] | 1084 |
| tail | 20σ | ar1-0.3 | 0.0% | [0.0%, 6.0%] | 1260 |
| tail | 20σ | ar1-0.3 | 0.0% | [0.0%, 6.0%] | 1250 |
| tail | 20σ | ar1-0.6 | 0.0% | [0.0%, 6.0%] | 1269 |
| tail | 20σ | ar1-0.6 | 0.0% | [0.0%, 6.0%] | 1267 |
| tail | 20σ | ar1-0.8 | 0.0% | [0.0%, 6.0%] | 1242 |
| tail | 20σ | ar1-0.8 | 0.0% | [0.0%, 6.0%] | 1246 |
| tail | 20σ | iid | 0.0% | [0.0%, 6.0%] | 1103 |
| tail | 20σ | iid | 0.0% | [0.0%, 6.0%] | 1096 |


[nu_prior_high] completed in 261s
[nu_prior_high] rows=5920 outcomes:    1675 fail    1220 inconclusive    3025 pass 

=== All 13 configs complete ===
Next: scripts/analyze_ablation.py /root/bench-results/ablation-v2
[DONE] exit=0
