class,timing_ns
baseline,33430.50715630083
baseline,33450.50745971471
baseline,33460.50761142165
baseline,33350.50594264531
baseline,33350.50594264531
baseline,33460.50761142165
baseline,33450.50745971471
baseline,33380.50639776613
baseline,33410.50685288695
baseline,33330.50563923143
baseline,33390.506549473066
baseline,37810.573603940604
baseline,33450.50745971471
baseline,33330.50563923143
baseline,33380.50639776613
baseline,33320.50548752449
baseline,33350.50594264531
baseline,33300.50518411061
baseline,33340.50579093837
baseline,33340.50579093837
baseline,33390.506549473066
baseline,33350.50594264531
baseline,6041081.646010821
baseline,33310.50533581755
baseline,33300.50518411061
baseline,33380.50639776613
baseline,33300.50518411061
baseline,33260.504577282845
baseline,33280.504880696724
baseline,33270.504728989785
baseline,33300.50518411061
baseline,33270.504728989785
baseline,33270.504728989785
baseline,33350.50594264531
baseline,33320.50548752449
baseline,33280.504880696724
baseline,33320.50548752449
baseline,33270.504728989785
baseline,33330.50563923143
baseline,33310.50533581755
baseline,33270.504728989785
baseline,33340.50579093837
baseline,33310.50533581755
baseline,33300.50518411061
baseline,33270.504728989785
baseline,33350.50594264531
baseline,33260.504577282845
baseline,33290.505032403664
baseline,33270.504728989785
baseline,33300.50518411061
baseline,33300.50518411061
baseline,33280.504880696724
baseline,33250.504425575906
baseline,33370.50624605919
baseline,33340.50579093837
baseline,33380.50639776613
baseline,33320.50548752449
baseline,33260.504577282845
baseline,33280.504880696724
baseline,33400.506701180006
baseline,33390.506549473066
baseline,33350.50594264531
baseline,33370.50624605919
baseline,33370.50624605919
baseline,33350.50594264531
baseline,33300.50518411061
baseline,33340.50579093837
baseline,33350.50594264531
baseline,33390.506549473066
baseline,33410.50685288695
baseline,33410.50685288695
baseline,33390.506549473066
baseline,33390.506549473066
baseline,33420.50700459389
baseline,33390.506549473066
baseline,33370.50624605919
baseline,33360.50609435225
baseline,33360.50609435225
baseline,33380.50639776613
baseline,33300.50518411061
baseline,33330.50563923143
baseline,33310.50533581755
baseline,33320.50548752449
baseline,33350.50594264531
baseline,33390.506549473066
baseline,33380.50639776613
baseline,33360.50609435225
baseline,33390.506549473066
baseline,33480.50791483553
baseline,33650.510493853515
baseline,33550.50897678411
baseline,33480.50791483553
baseline,33390.506549473066
baseline,33410.50685288695
baseline,33400.506701180006
baseline,33410.50685288695
baseline,33410.50685288695
baseline,33430.50715630083
baseline,37940.575576130825
baseline,33390.506549473066
baseline,33380.50639776613
baseline,33750.51201092291
baseline,33970.515348475594
baseline,34560.52429918506
baseline,34560.52429918506
baseline,33750.51201092291
baseline,33480.50791483553
baseline,33370.50624605919
baseline,33360.50609435225
baseline,33410.50685288695
baseline,33490.50806654247
baseline,33410.50685288695
baseline,33480.50791483553
baseline,33460.50761142165
baseline,6040061.630536713
baseline,33490.50806654247
baseline,33340.50579093837
baseline,33400.506701180006
baseline,33320.50548752449
baseline,33590.50958361187
baseline,33570.50928019799
baseline,33390.506549473066
baseline,33460.50761142165
baseline,33620.51003873269
baseline,33750.51201092291
baseline,33440.50730800777
baseline,33400.506701180006
baseline,33320.50548752449
baseline,33980.51550018253
baseline,34070.516865544996
baseline,38200.579520511266
baseline,33520.50852166329
baseline,33500.50821824941
baseline,33660.510645560455
baseline,33560.50912849105
baseline,33600.50973531881
baseline,33750.51201092291
baseline,34010.51595530336
baseline,34150.51807920052
baseline,33480.50791483553
baseline,33640.51034214657
baseline,33910.51443823396
baseline,34100.517320665815
baseline,38230.579975632085
baseline,33650.510493853515
baseline,33410.50685288695
baseline,5874319.116145887
baseline,33430.50715630083
baseline,33330.50563923143
baseline,33340.50579093837
baseline,33240.504273868966
baseline,33320.50548752449
baseline,33290.505032403664
baseline,33260.504577282845
baseline,33270.504728989785
baseline,33290.505032403664
baseline,33320.50548752449
baseline,33370.50624605919
baseline,33380.50639776613
baseline,33300.50518411061
baseline,33300.50518411061
baseline,33270.504728989785
baseline,33370.50624605919
baseline,33450.50745971471
baseline,33390.506549473066
baseline,33290.505032403664
baseline,33300.50518411061
baseline,33330.50563923143
baseline,33330.50563923143
baseline,33340.50579093837
baseline,33310.50533581755
baseline,33370.50624605919
baseline,33290.505032403664
baseline,33310.50533581755
baseline,33300.50518411061
baseline,33320.50548752449
baseline,33350.50594264531
baseline,33440.50730800777
baseline,33430.50715630083
baseline,33360.50609435225
baseline,33370.50624605919
baseline,33390.506549473066
baseline,33420.50700459389
baseline,33410.50685288695
baseline,33330.50563923143
baseline,33350.50594264531
baseline,33360.50609435225
baseline,33390.506549473066
baseline,33350.50594264531
baseline,33390.506549473066
baseline,33400.506701180006
baseline,33390.506549473066
baseline,33350.50594264531
baseline,33400.506701180006
baseline,33380.50639776613
baseline,33360.50609435225
baseline,33430.50715630083
baseline,33430.50715630083
baseline,33370.50624605919
baseline,33380.50639776613
baseline,33400.506701180006
baseline,33460.50761142165
baseline,33470.50776312859
baseline,33420.50700459389
baseline,33450.50745971471
baseline,33380.50639776613
baseline,33300.50518411061
baseline,33360.50609435225
baseline,33250.504425575906
baseline,33210.50381874815
baseline,33310.50533581755
baseline,33260.504577282845
baseline,33350.50594264531
baseline,33250.504425575906
baseline,33290.505032403664
baseline,33270.504728989785
baseline,33290.505032403664
baseline,33300.50518411061
baseline,33210.50381874815
baseline,33270.504728989785
baseline,33250.504425575906
baseline,33260.504577282845
baseline,33230.50412216203
baseline,33290.505032403664
baseline,33390.506549473066
baseline,33340.50579093837
baseline,33390.506549473066
baseline,33320.50548752449
baseline,33330.50563923143
baseline,33300.50518411061
baseline,33400.506701180006
baseline,33340.50579093837
baseline,33360.50609435225
baseline,33320.50548752449
baseline,33410.50685288695
baseline,33300.50518411061
baseline,33360.50609435225
baseline,33310.50533581755
baseline,33330.50563923143
baseline,33320.50548752449
baseline,33310.50533581755
baseline,37770.572997112846
baseline,33290.505032403664
baseline,33330.50563923143
baseline,33270.504728989785
baseline,33320.50548752449
baseline,33310.50533581755
baseline,33270.504728989785
baseline,33330.50563923143
baseline,36610.55539910779
baseline,33310.50533581755
baseline,33340.50579093837
baseline,33530.508673370234
baseline,33630.51019043963
baseline,33520.50852166329
baseline,33300.50518411061
baseline,33470.50776312859
baseline,35240.53461525699
baseline,35430.537497688856
baseline,34790.527788444684
baseline,34250.51959626992
baseline,34210.51898944216
baseline,34320.5206582185
baseline,39970.60637263967
baseline,34240.51944456298
baseline,34370.5214167532
baseline,34170.5183826144
baseline,34250.51959626992
baseline,34520.5236923573
baseline,35060.53188453207
baseline,34920.529760634905
baseline,34540.52399577118
baseline,34770.527485030805
baseline,34690.52627137528
baseline,34500.523388943424
baseline,34480.523085529545
baseline,34430.52232699484
baseline,34440.52247870178
baseline,34400.52187187402
baseline,34430.52232699484
baseline,34480.523085529545
baseline,34630.525361133645
baseline,34590.52475430589
baseline,34410.52202358096
baseline,34410.52202358096
baseline,34210.51898944216
baseline,34290.52020309768
baseline,34410.52202358096
baseline,34170.5183826144
baseline,33850.51352799231
baseline,33910.51443823396
baseline,37520.569204439336
baseline,33860.51367969925
baseline,33980.51550018253
baseline,33430.50715630083
baseline,33300.50518411061
baseline,33270.504728989785
baseline,33330.50563923143
baseline,34390.52172016708
baseline,34410.52202358096
baseline,34500.523388943424
baseline,34160.51823090746
baseline,41080.623212110026
baseline,33450.50745971471
baseline,33470.50776312859
baseline,33340.50579093837
baseline,33380.50639776613
baseline,33420.50700459389
baseline,33400.506701180006
baseline,33400.506701180006
baseline,33470.50776312859
baseline,33490.50806654247
baseline,33470.50776312859
baseline,33450.50745971471
baseline,33480.50791483553
baseline,33480.50791483553
baseline,33490.50806654247
baseline,33440.50730800777
baseline,33450.50745971471
baseline,33460.50761142165
baseline,33570.50928019799
baseline,33470.50776312859
baseline,33490.50806654247
baseline,33450.50745971471
baseline,33510.50836995635
baseline,33430.50715630083
baseline,33420.50700459389
baseline,33410.50685288695
baseline,37120.563136161734
baseline,33450.50745971471
baseline,33370.50624605919
baseline,33830.51322457843
baseline,33620.51003873269
baseline,33500.50821824941
baseline,33520.50852166329
baseline,34130.51777578664
baseline,33560.50912849105
baseline,35070.53203623901
baseline,34550.52414747812
baseline,33930.514741647836
baseline,34120.5176240797
baseline,34260.51974797686
baseline,34220.519141149096
baseline,34420.5221752879
baseline,34310.52050651156
baseline,39270.59575315386
baseline,34150.51807920052
baseline,34120.5176240797
baseline,34260.51974797686
baseline,34400.52187187402
baseline,34590.52475430589
baseline,35110.53264306677
baseline,35550.53931817214
baseline,35700.54159377624
baseline,35810.54326255258
baseline,35210.53416013617
baseline,34660.52581625446
baseline,34800.52794015162
baseline,38440.58316147783
baseline,34800.52794015162
baseline,34850.52869868633
baseline,34710.52657478917
baseline,35530.53901475825
baseline,35320.535828912514
baseline,34960.53036746267
baseline,35100.53249135983
baseline,35000.53097429043
baseline,35400.53704256803
baseline,34970.53051916961
baseline,34930.529912341844
baseline,34940.530064048784
baseline,34630.525361133645
baseline,34730.52687820305
baseline,34490.523237236484
baseline,34320.5206582185
baseline,34430.52232699484
baseline,34070.516865544996
baseline,34100.517320665815
baseline,34540.52399577118
baseline,34610.525057719766
baseline,34560.52429918506
baseline,33480.50791483553
baseline,33500.50821824941
baseline,33460.50761142165
baseline,33490.50806654247
baseline,33500.50821824941
baseline,33440.50730800777
baseline,33460.50761142165
baseline,33440.50730800777
baseline,33460.50761142165
baseline,33400.506701180006
baseline,33480.50791483553
baseline,33450.50745971471
baseline,33530.508673370234
baseline,33460.50761142165
baseline,33460.50761142165
baseline,33470.50776312859
baseline,33450.50745971471
baseline,33440.50730800777
baseline,33520.50852166329
baseline,33470.50776312859
baseline,33490.50806654247
baseline,33470.50776312859
baseline,33600.50973531881
baseline,33440.50730800777
baseline,33410.50685288695
baseline,33400.506701180006
baseline,33480.50791483553
baseline,33420.50700459389
baseline,37690.57178345732
baseline,33490.50806654247
baseline,33320.50548752449
baseline,33360.50609435225
baseline,33420.50700459389
baseline,33420.50700459389
baseline,33580.50943190493
baseline,33510.50836995635
baseline,33520.50852166329
baseline,33590.50958361187
baseline,33600.50973531881
baseline,33550.50897678411
baseline,33600.50973531881
baseline,33840.51337628537
baseline,33460.50761142165
baseline,33500.50821824941
baseline,33540.50882507717
baseline,33510.50836995635
baseline,33430.50715630083
baseline,33550.50897678411
baseline,33570.50928019799
baseline,33390.506549473066
baseline,33340.50579093837
baseline,33420.50700459389
baseline,38270.58058245985
baseline,33440.50730800777
baseline,33360.50609435225
baseline,33380.50639776613
baseline,33350.50594264531
baseline,33340.50579093837
baseline,33370.50624605919
baseline,33380.50639776613
baseline,33320.50548752449
baseline,33340.50579093837
baseline,33360.50609435225
baseline,33310.50533581755
baseline,33380.50639776613
baseline,33330.50563923143
baseline,33300.50518411061
baseline,33340.50579093837
baseline,33400.506701180006
baseline,33320.50548752449
baseline,33280.504880696724
baseline,33280.504880696724
baseline,33270.504728989785
baseline,33330.50563923143
baseline,33300.50518411061
baseline,33300.50518411061
baseline,33240.504273868966
baseline,33270.504728989785
baseline,33190.50351533427
baseline,33320.50548752449
baseline,33300.50518411061
baseline,33290.505032403664
baseline,6047021.736124744
baseline,33340.50579093837
baseline,33330.50563923143
baseline,33290.505032403664
baseline,33340.50579093837
baseline,33270.504728989785
baseline,33300.50518411061
baseline,33300.50518411061
baseline,33310.50533581755
baseline,33300.50518411061
baseline,33260.504577282845
baseline,33320.50548752449
baseline,33340.50579093837
baseline,33350.50594264531
baseline,33290.505032403664
baseline,39890.605158984145
baseline,33380.50639776613
baseline,33350.50594264531
baseline,33360.50609435225
baseline,33350.50594264531
baseline,33390.506549473066
baseline,33390.506549473066
baseline,33380.50639776613
baseline,33330.50563923143
baseline,33310.50533581755
baseline,33380.50639776613
baseline,33300.50518411061
baseline,33330.50563923143
baseline,33370.50624605919
baseline,33390.506549473066
baseline,37880.57466588918
baseline,33410.50685288695
baseline,33410.50685288695
baseline,33450.50745971471
baseline,33380.50639776613
baseline,33440.50730800777
baseline,33400.506701180006
baseline,33420.50700459389
baseline,33430.50715630083
baseline,33420.50700459389
baseline,33450.50745971471
baseline,33410.50685288695
baseline,33440.50730800777
baseline,33360.50609435225
baseline,37110.562984454795
baseline,33400.506701180006
baseline,33400.506701180006
baseline,33390.506549473066
baseline,33430.50715630083
baseline,33310.50533581755
baseline,33250.504425575906
baseline,33270.504728989785
baseline,33260.504577282845
baseline,33290.505032403664
baseline,33270.504728989785
baseline,33240.504273868966
baseline,33310.50533581755
baseline,33290.505032403664
baseline,33270.504728989785
baseline,33310.50533581755
baseline,33270.504728989785
baseline,33260.504577282845
baseline,33270.504728989785
baseline,33310.50533581755
baseline,33250.504425575906
baseline,33330.50563923143
baseline,33340.50579093837
baseline,33310.50533581755
baseline,33340.50579093837
baseline,33370.50624605919
baseline,33290.505032403664
baseline,33370.50624605919
baseline,33400.506701180006
baseline,33360.50609435225
baseline,33340.50579093837
baseline,33310.50533581755
baseline,33280.504880696724
baseline,33310.50533581755
baseline,33410.50685288695
baseline,33350.50594264531
baseline,33390.506549473066
baseline,33410.50685288695
baseline,33330.50563923143
baseline,33380.50639776613
baseline,33320.50548752449
baseline,33320.50548752449
baseline,33350.50594264531
baseline,33280.504880696724
baseline,33290.505032403664
baseline,33310.50533581755
baseline,33300.50518411061
baseline,33330.50563923143
baseline,33270.504728989785
baseline,33310.50533581755
baseline,36130.548117174665
baseline,33520.50852166329
baseline,34220.519141149096
baseline,34300.52035480462
baseline,35740.542200603995
baseline,35670.54113865542
baseline,36220.54948253712
baseline,35720.541897190116
baseline,35640.54068353459
baseline,35510.53871134437
baseline,35790.5429591387
baseline,36010.546296691384
baseline,35660.54098694848
baseline,35580.539773292956
baseline,35580.539773292956
baseline,35750.542352310935
baseline,35490.53840793049
baseline,41950.63641061381
baseline,35470.538104516614
baseline,35470.538104516614
baseline,35560.53946987908
baseline,35590.539924999895
baseline,35570.53962158602
baseline,35490.53840793049
baseline,35470.538104516614
baseline,35310.535677205575
baseline,35500.53855963743
baseline,35010.53112599737
baseline,35100.53249135983
baseline,34840.52854697939
baseline,34730.52687820305
baseline,34720.52672649611
baseline,34770.527485030805
baseline,34700.52642308222
baseline,34720.52672649611
baseline,34660.52581625446
baseline,34660.52581625446
baseline,34610.525057719766
baseline,34640.525512840584
baseline,34650.525664547524
baseline,34590.52475430589
baseline,34500.523388943424
baseline,34580.52460259894
baseline,33980.51550018253
baseline,33930.514741647836
baseline,33900.51428652702
baseline,33850.51352799231
baseline,33910.51443823396
baseline,33860.51367969925
baseline,9049227.28097548
baseline,33500.50821824941
baseline,33350.50594264531
baseline,33410.50685288695
baseline,33330.50563923143
baseline,33320.50548752449
baseline,33280.504880696724
baseline,33410.50685288695
baseline,33340.50579093837
baseline,33330.50563923143
baseline,33330.50563923143
baseline,33340.50579093837
baseline,33390.506549473066
baseline,33300.50518411061
baseline,33430.50715630083
baseline,33340.50579093837
baseline,33350.50594264531
baseline,39130.5936292567
baseline,33300.50518411061
baseline,33320.50548752449
baseline,33360.50609435225
baseline,33320.50548752449
baseline,33270.504728989785
baseline,33280.504880696724
baseline,33320.50548752449
baseline,33320.50548752449
baseline,33380.50639776613
baseline,33300.50518411061
baseline,33410.50685288695
baseline,33390.506549473066
baseline,33330.50563923143
baseline,33380.50639776613
baseline,37680.57163175038
baseline,33340.50579093837
baseline,33380.50639776613
baseline,33340.50579093837
baseline,33330.50563923143
baseline,33320.50548752449
baseline,33260.504577282845
baseline,33290.505032403664
baseline,33340.50579093837
baseline,33260.504577282845
baseline,33390.506549473066
baseline,33260.504577282845
baseline,33290.505032403664
baseline,33260.504577282845
baseline,33340.50579093837
baseline,33320.50548752449
baseline,9048007.262467232
baseline,33400.506701180006
baseline,33340.50579093837
baseline,33380.50639776613
baseline,33330.50563923143
baseline,33380.50639776613
baseline,33350.50594264531
baseline,33340.50579093837
baseline,33330.50563923143
baseline,33370.50624605919
baseline,33360.50609435225
baseline,33430.50715630083
baseline,33340.50579093837
baseline,33380.50639776613
baseline,33410.50685288695
baseline,38340.58164440843
baseline,33340.50579093837
baseline,33340.50579093837
baseline,33360.50609435225
baseline,33400.506701180006
baseline,33360.50609435225
baseline,33360.50609435225
baseline,33380.50639776613
baseline,33560.50912849105
baseline,33350.50594264531
baseline,33370.50624605919
baseline,33370.50624605919
baseline,33250.504425575906
baseline,33340.50579093837
baseline,33320.50548752449
baseline,33260.504577282845
baseline,33290.505032403664
baseline,33320.50548752449
baseline,33340.50579093837
baseline,33320.50548752449
baseline,33350.50594264531
baseline,33320.50548752449
baseline,33300.50518411061
baseline,33330.50563923143
baseline,33270.504728989785
baseline,9049037.278093047
baseline,34730.52687820305
baseline,33750.51201092291
baseline,33920.514589940896
baseline,34330.52080992544
baseline,34860.52885039327
baseline,33690.51110068127
baseline,34440.52247870178
baseline,34320.5206582185
baseline,34430.52232699484
baseline,34360.52126504626
baseline,34000.51580359642
baseline,34360.52126504626
baseline,34350.52111333932
baseline,34160.51823090746
baseline,34090.517168958875
baseline,34180.51853432134
baseline,34370.5214167532
baseline,35700.54159377624
baseline,35710.54174548318
baseline,34290.52020309768
baseline,34260.51974797686
baseline,34750.527181616926
baseline,34440.52247870178
baseline,34620.525209426705
baseline,34590.52475430589
baseline,39460.598635585724
baseline,35040.531581118186
baseline,34600.524906012826
baseline,34500.523388943424
baseline,34390.52172016708
baseline,35040.531581118186
baseline,34500.523388943424
baseline,34420.5221752879
baseline,34320.5206582185
baseline,35100.53249135983
baseline,35170.53355330841
baseline,34460.52278211566
baseline,34410.52202358096
baseline,34350.52111333932
baseline,34250.51959626992
baseline,34210.51898944216
baseline,9047717.25806773
baseline,33380.50639776613
baseline,33350.50594264531
baseline,33320.50548752449
baseline,33340.50579093837
baseline,33310.50533581755
baseline,33320.50548752449
baseline,33310.50533581755
baseline,33360.50609435225
baseline,33520.50852166329
baseline,33330.50563923143
baseline,33370.50624605919
baseline,36350.55145472734
baseline,33360.50609435225
baseline,33310.50533581755
baseline,33330.50563923143
baseline,33320.50548752449
baseline,33390.506549473066
baseline,33350.50594264531
baseline,33360.50609435225
baseline,33360.50609435225
baseline,33370.50624605919
baseline,33340.50579093837
baseline,33410.50685288695
baseline,33400.506701180006
baseline,33430.50715630083
baseline,33330.50563923143
baseline,33350.50594264531
baseline,33340.50579093837
baseline,33360.50609435225
baseline,33400.506701180006
baseline,33260.504577282845
baseline,33300.50518411061
baseline,33310.50533581755
baseline,33330.50563923143
baseline,33300.50518411061
baseline,33330.50563923143
baseline,33360.50609435225
baseline,33330.50563923143
baseline,33380.50639776613
baseline,33420.50700459389
baseline,33530.508673370234
baseline,33310.50533581755
baseline,33300.50518411061
baseline,33380.50639776613
baseline,33340.50579093837
baseline,33310.50533581755
baseline,33340.50579093837
baseline,33250.504425575906
baseline,33280.504880696724
baseline,33310.50533581755
baseline,33310.50533581755
baseline,33300.50518411061
baseline,33310.50533581755
baseline,33320.50548752449
baseline,33300.50518411061
baseline,33280.504880696724
baseline,33260.504577282845
baseline,33300.50518411061
baseline,33320.50548752449
baseline,33290.505032403664
baseline,33340.50579093837
baseline,33430.50715630083
baseline,33340.50579093837
baseline,33380.50639776613
baseline,33360.50609435225
baseline,33320.50548752449
baseline,33350.50594264531
baseline,33310.50533581755
baseline,33320.50548752449
baseline,33320.50548752449
baseline,33280.504880696724
baseline,33290.505032403664
baseline,33380.50639776613
baseline,33300.50518411061
baseline,33380.50639776613
baseline,33360.50609435225
baseline,37790.573300526725
baseline,33380.50639776613
baseline,33390.506549473066
baseline,33440.50730800777
baseline,33360.50609435225
baseline,33460.50761142165
baseline,33360.50609435225
baseline,33360.50609435225
baseline,33290.505032403664
baseline,33330.50563923143
baseline,33330.50563923143
baseline,33350.50594264531
baseline,33390.506549473066
baseline,33290.505032403664
baseline,33520.50852166329
baseline,33650.510493853515
baseline,33630.51019043963
baseline,33530.508673370234
baseline,33560.50912849105
baseline,33620.51003873269
baseline,33610.50988702575
baseline,33550.50897678411
baseline,36950.560557143755
baseline,33540.50882507717
baseline,33530.508673370234
baseline,33460.50761142165
baseline,38870.58968487626
baseline,33490.50806654247
baseline,33640.51034214657
baseline,34010.51595530336
baseline,33810.512921164554
baseline,33670.510797267394
baseline,33480.50791483553
baseline,33460.50761142165
baseline,34780.527636737745
baseline,33610.50988702575
baseline,33930.514741647836
baseline,33540.50882507717
baseline,33690.51110068127
baseline,33650.510493853515
baseline,34130.51777578664
baseline,33610.50988702575
baseline,33680.51094897433
baseline,33900.51428652702
baseline,33660.510645560455
baseline,33750.51201092291
baseline,33520.50852166329
baseline,33680.51094897433
baseline,33650.510493853515
baseline,33600.50973531881
baseline,33720.51155580209
baseline,34130.51777578664
baseline,33570.50928019799
baseline,33490.50806654247
baseline,33410.50685288695
baseline,42270.6412652359
baseline,33340.50579093837
baseline,33300.50518411061
baseline,33330.50563923143
baseline,33370.50624605919
baseline,33460.50761142165
baseline,33400.506701180006
baseline,33400.506701180006
baseline,33310.50533581755
baseline,38600.585588788876
baseline,33480.50791483553
baseline,33530.508673370234
baseline,33500.50821824941
baseline,33410.50685288695
baseline,33410.50685288695
baseline,33510.50836995635
baseline,33410.50685288695
baseline,33410.50685288695
baseline,33430.50715630083
baseline,33340.50579093837
baseline,33320.50548752449
baseline,33330.50563923143
baseline,33350.50594264531
baseline,33400.506701180006
baseline,33360.50609435225
baseline,33440.50730800777
baseline,33860.51367969925
baseline,39270.59575315386
baseline,34410.52202358096
baseline,34050.51656213112
baseline,33380.50639776613
baseline,33380.50639776613
baseline,33350.50594264531
baseline,33410.50685288695
baseline,33410.50685288695
baseline,33400.506701180006
baseline,33360.50609435225
baseline,33490.50806654247
baseline,33360.50609435225
baseline,33370.50624605919
baseline,33300.50518411061
baseline,33370.50624605919
baseline,2467627.4350528377
baseline,33440.50730800777
baseline,33450.50745971471
baseline,33420.50700459389
baseline,33760.51216262985
baseline,33610.50988702575
baseline,33540.50882507717
baseline,33600.50973531881
baseline,33590.50958361187
baseline,41040.62260528226
baseline,33660.510645560455
baseline,33680.51094897433
baseline,33660.510645560455
baseline,33630.51019043963
baseline,33640.51034214657
baseline,33630.51019043963
baseline,33640.51034214657
baseline,33590.50958361187
baseline,33630.51019043963
baseline,33470.50776312859
baseline,33550.50897678411
baseline,33600.50973531881
baseline,33520.50852166329
baseline,33610.50988702575
baseline,33450.50745971471
baseline,33460.50761142165
baseline,33530.508673370234
baseline,33490.50806654247
baseline,33390.506549473066
baseline,33400.506701180006
baseline,33390.506549473066
baseline,33410.50685288695
baseline,33360.50609435225
baseline,33460.50761142165
baseline,33460.50761142165
baseline,33500.50821824941
baseline,33770.5123143368
baseline,34130.51777578664
baseline,34410.52202358096
baseline,34360.52126504626
baseline,34480.523085529545
baseline,34440.52247870178
baseline,34170.5183826144
baseline,33820.513072871494
baseline,33560.50912849105
baseline,33540.50882507717
baseline,33710.51140409515
baseline,33520.50852166329
baseline,33660.510645560455
baseline,33600.50973531881
baseline,33540.50882507717
baseline,33890.51413482008
baseline,33530.508673370234
baseline,33700.51125238821
baseline,33760.51216262985
baseline,33750.51201092291
baseline,33720.51155580209
baseline,33670.510797267394
baseline,33790.512617750675
baseline,34030.51625871724
baseline,33880.51398311313
baseline,33790.512617750675
baseline,33890.51413482008
baseline,33630.51019043963
baseline,33660.510645560455
baseline,33670.510797267394
baseline,33700.51125238821
baseline,33620.51003873269
baseline,33910.51443823396
baseline,34310.52050651156
baseline,34690.52627137528
baseline,34500.523388943424
baseline,34020.5161070103
baseline,33970.515348475594
baseline,34000.51580359642
baseline,34120.5176240797
baseline,34580.52460259894
baseline,34210.51898944216
baseline,33570.50928019799
baseline,34110.517472372754
baseline,34390.52172016708
baseline,33950.515045061715
baseline,34210.51898944216
baseline,34240.51944456298
baseline,34150.51807920052
baseline,34160.51823090746
baseline,39610.600911189824
baseline,35000.53097429043
baseline,34510.52354065036
baseline,34410.52202358096
baseline,34750.527181616926
baseline,34250.51959626992
baseline,34240.51944456298
baseline,34240.51944456298
baseline,34260.51974797686
baseline,34810.52809185856
baseline,34940.530064048784
baseline,34790.527788444684
baseline,34750.527181616926
baseline,34990.53082258349
baseline,34980.53067087655
baseline,35070.53203623901
baseline,39750.603035086984
baseline,35490.53840793049
baseline,35480.53825622355
baseline,34810.52809185856
baseline,35370.53658744721
baseline,35220.53431184311
baseline,35500.53855963743
baseline,35420.53734598192
baseline,35400.53704256803
baseline,35440.537649395796
baseline,40700.617447246295
baseline,35420.53734598192
baseline,35470.538104516614
baseline,35350.53628403333
baseline,35440.537649395796
baseline,35440.537649395796
baseline,35470.538104516614
baseline,35400.53704256803
baseline,35080.53218794595
baseline,35200.53400842923
baseline,34690.52627137528
baseline,34760.527333323866
baseline,34700.52642308222
baseline,34720.52672649611
baseline,34750.527181616926
baseline,34780.527636737745
baseline,34710.52657478917
baseline,39820.60409703557
baseline,34650.525664547524
baseline,34520.5236923573
baseline,34500.523388943424
baseline,34480.523085529545
baseline,34520.5236923573
baseline,34540.52399577118
baseline,34480.523085529545
baseline,34440.52247870178
baseline,34310.52050651156
baseline,33750.51201092291
baseline,33760.51216262985
baseline,33760.51216262985
baseline,33880.51398311313
baseline,33830.51322457843
baseline,33830.51322457843
baseline,33810.512921164554
baseline,38460.58346489171
baseline,33740.51185921597
baseline,33840.51337628537
baseline,33860.51367969925
baseline,33900.51428652702
baseline,33730.51170750903
baseline,33720.51155580209
baseline,33820.513072871494
baseline,33760.51216262985
baseline,33360.50609435225
baseline,33370.50624605919
baseline,33430.50715630083
baseline,33350.50594264531
baseline,33660.510645560455
baseline,33350.50594264531
baseline,33410.50685288695
baseline,33400.506701180006
baseline,33590.50958361187
baseline,34480.523085529545
baseline,34090.517168958875
baseline,33710.51140409515
baseline,33820.513072871494
baseline,33680.51094897433
baseline,33780.512466043736
baseline,33680.51094897433
baseline,33600.50973531881
baseline,33770.5123143368
baseline,33600.50973531881
baseline,33900.51428652702
baseline,34350.52111333932
baseline,34600.524906012826
baseline,34550.52414747812
baseline,34660.52581625446
baseline,34460.52278211566
baseline,34350.52111333932
baseline,34380.52156846014
baseline,34100.517320665815
baseline,34170.5183826144
baseline,34120.5176240797
baseline,34180.51853432134
baseline,34190.51868602828
baseline,35150.53324989453
baseline,35810.54326255258
baseline,35760.542504017874
baseline,34840.52854697939
baseline,35490.53840793049
baseline,35630.54053182765
baseline,35170.53355330841
baseline,39390.59757363714
baseline,34960.53036746267
baseline,35830.54356596646
baseline,34920.529760634905
baseline,36150.548420588544
baseline,35880.544324501156
baseline,35040.531581118186
baseline,35470.538104516614
baseline,35190.53385672229
baseline,35420.53734598192
baseline,35200.53400842923
baseline,35010.53112599737
baseline,35030.53142941125
baseline,35310.535677205575
baseline,35040.531581118186
baseline,34560.52429918506
baseline,34620.525209426705
baseline,34680.52611966834
baseline,34780.527636737745
baseline,34700.52642308222
baseline,34870.52900210021
baseline,34670.5259679614
baseline,34690.52627137528
baseline,38710.58725756521
baseline,34680.52611966834
baseline,34720.52672649611
baseline,34750.527181616926
baseline,34970.53051916961
baseline,34960.53036746267
baseline,34880.52915380715
baseline,34870.52900210021
baseline,34760.527333323866
baseline,34760.527333323866
baseline,34730.52687820305
baseline,34750.527181616926
baseline,34570.524450892
baseline,34720.52672649611
baseline,35430.537497688856
baseline,35830.54356596646
baseline,35520.53886305131
baseline,35190.53385672229
baseline,34920.529760634905
baseline,34050.51656213112
baseline,34230.519292856035
baseline,34250.51959626992
baseline,38990.59150535954
baseline,34200.51883773522
baseline,34540.52399577118
baseline,34120.5176240797
baseline,34000.51580359642
baseline,34890.52930551409
baseline,34070.516865544996
baseline,34000.51580359642
baseline,33870.51383140619
baseline,33810.512921164554
baseline,34120.5176240797
baseline,34550.52414747812
baseline,33900.51428652702
baseline,34030.51625871724
baseline,33730.51170750903
baseline,33670.510797267394
baseline,33620.51003873269
baseline,33670.510797267394
baseline,33640.51034214657
baseline,33710.51140409515
baseline,33740.51185921597
baseline,33610.50988702575
baseline,34060.51671383806
baseline,34190.51868602828
baseline,34150.51807920052
baseline,33880.51398311313
baseline,34020.5161070103
baseline,34230.519292856035
baseline,34080.517017251936
baseline,34080.517017251936
baseline,38490.583920012534
baseline,34180.51853432134
baseline,34080.517017251936
baseline,34020.5161070103
baseline,33980.51550018253
baseline,34030.51625871724
baseline,33970.515348475594
baseline,34040.51641042418
baseline,33260.504577282845
baseline,33250.504425575906
baseline,33250.504425575906
baseline,33290.505032403664
baseline,33260.504577282845
baseline,33360.50609435225
baseline,33290.505032403664
baseline,33300.50518411061
baseline,33230.50412216203
baseline,33240.504273868966
baseline,33280.504880696724
baseline,33220.50397045509
baseline,33250.504425575906
baseline,33320.50548752449
baseline,33360.50609435225
baseline,33240.504273868966
baseline,33340.50579093837
baseline,33320.50548752449
baseline,33270.504728989785
baseline,33290.505032403664
baseline,33310.50533581755
baseline,33270.504728989785
baseline,33290.505032403664
baseline,37600.57041809486
baseline,33250.504425575906
baseline,33260.504577282845
baseline,33290.505032403664
baseline,33310.50533581755
baseline,33260.504577282845
baseline,33330.50563923143
baseline,33290.505032403664
baseline,33360.50609435225
baseline,33290.505032403664
baseline,33330.50563923143
baseline,33330.50563923143
baseline,33290.505032403664
baseline,33330.50563923143
baseline,33380.50639776613
baseline,33360.50609435225
baseline,33450.50745971471
baseline,33350.50594264531
baseline,37730.57239028508
baseline,33330.50563923143
baseline,33430.50715630083
baseline,33420.50700459389
baseline,33310.50533581755
baseline,33350.50594264531
baseline,33350.50594264531
baseline,33340.50579093837
baseline,33340.50579093837
baseline,33340.50579093837
baseline,33350.50594264531
baseline,33350.50594264531
baseline,33330.50563923143
baseline,33410.50685288695
baseline,33310.50533581755
baseline,33370.50624605919
baseline,33330.50563923143
baseline,33350.50594264531
baseline,33340.50579093837
baseline,37740.57254199202
baseline,33370.50624605919
baseline,33420.50700459389
baseline,33320.50548752449
baseline,33300.50518411061
baseline,33320.50548752449
baseline,33320.50548752449
baseline,33310.50533581755
baseline,33350.50594264531
baseline,33310.50533581755
baseline,33320.50548752449
baseline,33320.50548752449
baseline,33340.50579093837
baseline,33300.50518411061
baseline,33310.50533581755
baseline,33300.50518411061
baseline,35030.53142941125
baseline,33450.50745971471
baseline,33290.505032403664
baseline,33360.50609435225
baseline,38330.58149270149
baseline,33390.506549473066
baseline,33350.50594264531
baseline,33370.50624605919
baseline,33400.506701180006
baseline,33400.506701180006
baseline,33390.506549473066
baseline,33360.50609435225
baseline,33330.50563923143
baseline,33340.50579093837
baseline,33380.50639776613
baseline,33380.50639776613
baseline,33380.50639776613
baseline,33340.50579093837
baseline,33380.50639776613
baseline,33350.50594264531
baseline,33330.50563923143
baseline,33360.50609435225
baseline,33270.504728989785
baseline,33400.506701180006
baseline,33290.505032403664
baseline,33320.50548752449
baseline,33290.505032403664
baseline,33300.50518411061
baseline,33320.50548752449
baseline,33350.50594264531
baseline,33320.50548752449
baseline,33390.506549473066
baseline,33350.50594264531
baseline,33350.50594264531
baseline,33320.50548752449
baseline,33290.505032403664
baseline,33310.50533581755
baseline,33310.50533581755
baseline,33280.504880696724
baseline,33250.504425575906
baseline,37720.57223857814
baseline,33270.504728989785
baseline,33340.50579093837
baseline,33310.50533581755
baseline,33250.504425575906
baseline,33360.50609435225
baseline,33300.50518411061
baseline,33330.50563923143
baseline,33290.505032403664
baseline,33300.50518411061
baseline,33410.50685288695
baseline,33290.505032403664
baseline,33330.50563923143
baseline,33350.50594264531
baseline,37810.573603940604
baseline,33360.50609435225
baseline,33360.50609435225
baseline,33290.505032403664
baseline,33240.504273868966
baseline,33340.50579093837
baseline,33330.50563923143
baseline,33290.505032403664
baseline,33290.505032403664
baseline,33290.505032403664
baseline,33300.50518411061
baseline,33310.50533581755
baseline,33350.50594264531
baseline,33310.50533581755
baseline,33410.50685288695
baseline,33250.504425575906
baseline,33310.50533581755
baseline,33280.504880696724
baseline,33310.50533581755
baseline,33380.50639776613
baseline,33270.504728989785
baseline,33300.50518411061
baseline,33390.506549473066
baseline,33370.50624605919
baseline,33340.50579093837
baseline,33330.50563923143
baseline,33310.50533581755
baseline,33350.50594264531
baseline,33430.50715630083
baseline,33360.50609435225
baseline,33330.50563923143
baseline,33300.50518411061
baseline,33340.50579093837
baseline,33260.504577282845
baseline,33330.50563923143
baseline,33330.50563923143
baseline,33290.505032403664
baseline,33360.50609435225
baseline,33280.504880696724
baseline,33310.50533581755
baseline,33300.50518411061
baseline,33370.50624605919
baseline,33360.50609435225
baseline,33370.50624605919
baseline,33320.50548752449
baseline,33290.505032403664
baseline,37720.57223857814
baseline,33370.50624605919
baseline,33350.50594264531
baseline,33360.50609435225
baseline,33330.50563923143
baseline,33360.50609435225
baseline,33320.50548752449
baseline,33330.50563923143
baseline,33390.506549473066
baseline,33330.50563923143
baseline,33400.506701180006
baseline,33340.50579093837
baseline,33310.50533581755
baseline,33340.50579093837
baseline,33380.50639776613
baseline,37740.57254199202
baseline,33290.505032403664
baseline,33340.50579093837
baseline,33390.506549473066
baseline,33310.50533581755
baseline,33380.50639776613
baseline,33350.50594264531
baseline,33290.505032403664
baseline,33340.50579093837
baseline,33330.50563923143
baseline,33280.504880696724
baseline,33300.50518411061
baseline,33330.50563923143
baseline,33340.50579093837
baseline,35140.53309818759
baseline,33360.50609435225
baseline,33420.50700459389
baseline,33350.50594264531
baseline,33410.50685288695
baseline,33330.50563923143
baseline,33360.50609435225
baseline,33280.504880696724
baseline,33330.50563923143
baseline,33380.50639776613
baseline,33380.50639776613
baseline,33360.50609435225
baseline,33320.50548752449
baseline,33340.50579093837
baseline,33300.50518411061
baseline,33410.50685288695
baseline,33290.505032403664
baseline,33360.50609435225
baseline,33370.50624605919
baseline,33380.50639776613
baseline,33320.50548752449
baseline,33370.50624605919
baseline,33340.50579093837
baseline,33360.50609435225
baseline,33310.50533581755
baseline,33380.50639776613
baseline,33400.506701180006
baseline,33330.50563923143
baseline,37620.57072150874
baseline,33420.50700459389
baseline,33410.50685288695
baseline,33320.50548752449
baseline,33360.50609435225
baseline,33390.506549473066
baseline,33380.50639776613
baseline,33420.50700459389
baseline,33370.50624605919
baseline,33350.50594264531
baseline,33400.506701180006
baseline,33370.50624605919
baseline,33380.50639776613
baseline,33380.50639776613
baseline,33370.50624605919
baseline,33360.50609435225
baseline,33420.50700459389
baseline,33420.50700459389
baseline,33360.50609435225
baseline,33350.50594264531
baseline,33330.50563923143
baseline,33350.50594264531
baseline,33290.505032403664
baseline,33290.505032403664
baseline,33330.50563923143
baseline,33340.50579093837
baseline,33310.50533581755
baseline,33280.504880696724
baseline,33280.504880696724
baseline,33280.504880696724
baseline,35260.53491867087
baseline,33230.50412216203
baseline,33290.505032403664
baseline,33370.50624605919
baseline,33400.506701180006
baseline,33400.506701180006
baseline,33300.50518411061
baseline,33290.505032403664
baseline,33300.50518411061
baseline,33310.50533581755
baseline,33300.50518411061
baseline,33300.50518411061
baseline,33320.50548752449
baseline,33340.50579093837
baseline,33310.50533581755
baseline,33310.50533581755
baseline,33380.50639776613
baseline,33310.50533581755
baseline,33380.50639776613
baseline,33370.50624605919
baseline,33410.50685288695
baseline,33290.505032403664
baseline,33350.50594264531
baseline,33330.50563923143
baseline,33320.50548752449
baseline,33370.50624605919
baseline,33370.50624605919
baseline,33400.506701180006
baseline,33380.50639776613
baseline,38210.579672218206
baseline,33370.50624605919
baseline,33310.50533581755
baseline,33360.50609435225
baseline,33370.50624605919
baseline,33380.50639776613
baseline,33330.50563923143
baseline,33340.50579093837
baseline,33370.50624605919
baseline,33420.50700459389
baseline,33380.50639776613
baseline,37870.57451418224
baseline,33360.50609435225
baseline,33380.50639776613
baseline,33450.50745971471
baseline,33440.50730800777
baseline,33390.506549473066
baseline,33420.50700459389
baseline,33370.50624605919
baseline,33410.50685288695
baseline,33340.50579093837
baseline,33330.50563923143
baseline,33430.50715630083
baseline,33390.506549473066
baseline,33390.506549473066
baseline,33400.506701180006
baseline,33250.504425575906
baseline,33420.50700459389
baseline,33370.50624605919
baseline,33320.50548752449
baseline,33380.50639776613
baseline,33330.50563923143
baseline,33320.50548752449
baseline,33340.50579093837
baseline,33460.50761142165
baseline,33330.50563923143
baseline,33310.50533581755
baseline,33350.50594264531
baseline,33320.50548752449
baseline,33350.50594264531
baseline,33360.50609435225
baseline,33390.506549473066
baseline,37650.57117662956
baseline,33330.50563923143
baseline,33400.506701180006
baseline,33330.50563923143
baseline,33400.506701180006
baseline,33390.506549473066
baseline,33350.50594264531
baseline,33370.50624605919
baseline,33290.505032403664
baseline,33310.50533581755
baseline,33350.50594264531
baseline,33350.50594264531
baseline,33290.505032403664
baseline,33330.50563923143
baseline,33330.50563923143
baseline,33300.50518411061
baseline,33350.50594264531
baseline,33380.50639776613
baseline,33360.50609435225
baseline,33350.50594264531
baseline,33330.50563923143
baseline,33370.50624605919
baseline,33370.50624605919
baseline,33360.50609435225
baseline,33390.506549473066
baseline,33390.506549473066
baseline,33410.50685288695
baseline,33350.50594264531
baseline,37620.57072150874
baseline,33380.50639776613
baseline,33340.50579093837
baseline,33300.50518411061
baseline,33360.50609435225
baseline,33340.50579093837
baseline,33380.50639776613
baseline,33360.50609435225
baseline,33400.506701180006
baseline,33330.50563923143
baseline,33320.50548752449
baseline,33330.50563923143
baseline,33350.50594264531
baseline,33410.50685288695
baseline,33350.50594264531
baseline,33390.506549473066
baseline,33310.50533581755
baseline,33320.50548752449
baseline,33340.50579093837
baseline,33330.50563923143
baseline,33280.504880696724
baseline,33320.50548752449
baseline,33280.504880696724
baseline,33310.50533581755
baseline,33300.50518411061
baseline,33290.505032403664
baseline,33290.505032403664
baseline,37670.57148004344
baseline,33340.50579093837
baseline,33360.50609435225
baseline,33340.50579093837
baseline,33260.504577282845
baseline,33280.504880696724
baseline,33290.505032403664
baseline,33290.505032403664
baseline,33370.50624605919
baseline,33360.50609435225
baseline,33320.50548752449
baseline,33250.504425575906
baseline,33350.50594264531
baseline,33310.50533581755
baseline,33300.50518411061
baseline,33310.50533581755
baseline,33320.50548752449
baseline,33270.504728989785
baseline,33290.505032403664
baseline,33290.505032403664
baseline,33310.50533581755
baseline,33340.50579093837
baseline,33310.50533581755
baseline,33290.505032403664
baseline,33270.504728989785
baseline,33350.50594264531
baseline,33280.504880696724
baseline,33340.50579093837
baseline,33330.50563923143
baseline,33370.50624605919
baseline,33310.50533581755
baseline,33300.50518411061
baseline,33290.505032403664
baseline,33340.50579093837
baseline,33340.50579093837
baseline,33290.505032403664
baseline,33240.504273868966
baseline,33330.50563923143
baseline,33310.50533581755
baseline,33310.50533581755
baseline,33310.50533581755
baseline,33270.504728989785
baseline,33290.505032403664
baseline,33290.505032403664
baseline,33330.50563923143
baseline,33390.506549473066
baseline,33290.505032403664
baseline,33330.50563923143
baseline,33310.50533581755
baseline,33290.505032403664
baseline,33320.50548752449
baseline,38030.57694149329
baseline,33330.50563923143
baseline,33420.50700459389
baseline,33370.50624605919
baseline,33320.50548752449
baseline,33350.50594264531
baseline,33390.506549473066
baseline,33400.506701180006
baseline,33360.50609435225
baseline,33400.506701180006
baseline,33410.50685288695
baseline,33360.50609435225
baseline,33330.50563923143
baseline,33330.50563923143
baseline,33310.50533581755
baseline,33300.50518411061
baseline,33300.50518411061
baseline,33290.505032403664
baseline,33320.50548752449
baseline,33300.50518411061
baseline,33280.504880696724
baseline,33290.505032403664
baseline,37650.57117662956
baseline,33370.50624605919
baseline,33330.50563923143
baseline,33440.50730800777
baseline,33380.50639776613
baseline,33380.50639776613
baseline,33350.50594264531
baseline,33380.50639776613
baseline,33390.506549473066
baseline,33370.50624605919
baseline,33420.50700459389
baseline,33340.50579093837
baseline,33370.50624605919
baseline,33300.50518411061
baseline,33300.50518411061
baseline,33370.50624605919
baseline,33300.50518411061
baseline,33290.505032403664
baseline,33290.505032403664
baseline,33330.50563923143
baseline,33320.50548752449
baseline,33300.50518411061
baseline,33340.50579093837
baseline,33290.505032403664
baseline,33280.504880696724
baseline,33360.50609435225
baseline,33350.50594264531
baseline,33310.50533581755
baseline,38990.59150535954
baseline,33370.50624605919
baseline,33470.50776312859
baseline,33370.50624605919
baseline,33350.50594264531
baseline,33340.50579093837
baseline,33340.50579093837
baseline,33340.50579093837
baseline,33360.50609435225
baseline,33360.50609435225
baseline,33320.50548752449
baseline,33290.505032403664
baseline,33320.50548752449
baseline,33330.50563923143
baseline,37840.57405906142
baseline,33330.50563923143
baseline,33310.50533581755
baseline,33320.50548752449
baseline,33310.50533581755
baseline,33370.50624605919
baseline,33300.50518411061
baseline,33340.50579093837
baseline,33280.504880696724
baseline,33320.50548752449
baseline,33270.504728989785
baseline,33330.50563923143
baseline,33300.50518411061
baseline,33330.50563923143
baseline,33300.50518411061
baseline,33350.50594264531
baseline,33350.50594264531
baseline,33400.506701180006
baseline,33310.50533581755
baseline,33340.50579093837
baseline,33380.50639776613
baseline,33340.50579093837
baseline,33340.50579093837
baseline,33320.50548752449
baseline,33350.50594264531
baseline,33390.506549473066
baseline,33360.50609435225
baseline,33360.50609435225
baseline,33310.50533581755
baseline,33360.50609435225
baseline,33300.50518411061
baseline,33350.50594264531
baseline,37540.56950785322
baseline,33300.50518411061
baseline,33440.50730800777
baseline,33410.50685288695
baseline,33390.506549473066
baseline,33340.50579093837
baseline,33340.50579093837
baseline,33320.50548752449
baseline,33300.50518411061
baseline,33460.50761142165
baseline,33390.506549473066
baseline,33320.50548752449
baseline,33310.50533581755
baseline,35180.533705015354
baseline,33330.50563923143
baseline,38650.58634732357
baseline,33390.506549473066
baseline,33420.50700459389
baseline,33410.50685288695
baseline,33350.50594264531
baseline,33350.50594264531
baseline,33310.50533581755
baseline,33320.50548752449
baseline,33350.50594264531
baseline,33330.50563923143
baseline,33320.50548752449
baseline,33320.50548752449
baseline,33320.50548752449
baseline,33280.504880696724
baseline,33320.50548752449
baseline,33380.50639776613
baseline,33290.505032403664
baseline,33310.50533581755
baseline,33290.505032403664
baseline,33440.50730800777
baseline,37750.57269369896
baseline,33350.50594264531
baseline,33360.50609435225
baseline,33390.506549473066
baseline,33330.50563923143
baseline,33370.50624605919
baseline,33310.50533581755
baseline,33310.50533581755
baseline,33260.504577282845
baseline,33330.50563923143
baseline,33290.505032403664
baseline,37530.569356146276
baseline,33270.504728989785
baseline,33290.505032403664
baseline,33270.504728989785
baseline,33290.505032403664
baseline,33240.504273868966
baseline,33240.504273868966
baseline,33280.504880696724
baseline,33440.50730800777
baseline,33350.50594264531
baseline,33320.50548752449
baseline,33320.50548752449
baseline,33310.50533581755
baseline,33300.50518411061
baseline,33320.50548752449
baseline,33290.505032403664
baseline,33230.50412216203
baseline,33340.50579093837
baseline,33220.50397045509
baseline,33250.504425575906
baseline,33220.50397045509
baseline,33230.50412216203
baseline,33260.504577282845
baseline,33250.504425575906
baseline,33220.50397045509
baseline,33270.504728989785
baseline,33190.50351533427
baseline,33280.504880696724
baseline,33370.50624605919
baseline,33240.504273868966
baseline,33270.504728989785
baseline,33270.504728989785
baseline,33250.504425575906
baseline,33300.50518411061
baseline,33380.50639776613
baseline,33320.50548752449
baseline,33320.50548752449
baseline,33340.50579093837
baseline,33260.504577282845
baseline,33350.50594264531
baseline,38000.57648637246
baseline,33340.50579093837
baseline,33300.50518411061
baseline,33350.50594264531
baseline,33390.506549473066
baseline,33360.50609435225
baseline,33310.50533581755
baseline,33330.50563923143
baseline,33330.50563923143
baseline,33250.504425575906
baseline,33220.50397045509
baseline,33260.504577282845
baseline,33230.50412216203
baseline,33260.504577282845
baseline,33250.504425575906
baseline,33300.50518411061
baseline,33340.50579093837
baseline,33360.50609435225
baseline,33340.50579093837
baseline,33330.50563923143
baseline,37590.57026638792
baseline,33290.505032403664
baseline,33380.50639776613
baseline,33340.50579093837
baseline,33340.50579093837
baseline,33380.50639776613
baseline,33350.50594264531
baseline,33330.50563923143
baseline,33360.50609435225
baseline,33350.50594264531
baseline,33350.50594264531
baseline,33340.50579093837
baseline,33390.506549473066
baseline,33320.50548752449
baseline,33310.50533581755
baseline,33340.50579093837
baseline,33350.50594264531
baseline,33330.50563923143
baseline,33260.504577282845
baseline,33260.504577282845
baseline,33340.50579093837
baseline,33300.50518411061
baseline,33290.505032403664
baseline,33330.50563923143
baseline,33280.504880696724
baseline,33330.50563923143
baseline,33340.50579093837
baseline,33280.504880696724
baseline,33360.50609435225
baseline,33300.50518411061
baseline,33310.50533581755
baseline,33340.50579093837
baseline,33300.50518411061
baseline,35080.53218794595
baseline,33390.506549473066
baseline,33280.504880696724
baseline,33300.50518411061
baseline,37960.575879544704
baseline,33310.50533581755
baseline,33310.50533581755
baseline,33270.504728989785
baseline,33310.50533581755
baseline,33350.50594264531
baseline,33340.50579093837
baseline,33310.50533581755
baseline,33360.50609435225
baseline,33360.50609435225
baseline,33310.50533581755
baseline,37930.575424423885
baseline,33350.50594264531
baseline,33340.50579093837
baseline,33320.50548752449
baseline,33330.50563923143
baseline,33350.50594264531
baseline,33350.50594264531
baseline,33300.50518411061
baseline,33300.50518411061
baseline,33320.50548752449
baseline,33270.504728989785
baseline,33320.50548752449
baseline,33300.50518411061
baseline,33260.504577282845
baseline,33270.504728989785
baseline,33310.50533581755
baseline,33380.50639776613
baseline,33380.50639776613
baseline,33300.50518411061
baseline,33320.50548752449
baseline,33330.50563923143
baseline,33350.50594264531
baseline,33310.50533581755
baseline,33370.50624605919
baseline,33370.50624605919
baseline,33380.50639776613
baseline,33420.50700459389
baseline,33430.50715630083
baseline,33380.50639776613
baseline,33380.50639776613
baseline,33370.50624605919
baseline,33380.50639776613
baseline,33350.50594264531
baseline,37970.57603125164
baseline,33310.50533581755
baseline,33370.50624605919
baseline,33380.50639776613
baseline,33390.506549473066
baseline,33340.50579093837
baseline,33380.50639776613
baseline,33350.50594264531
baseline,33410.50685288695
baseline,33330.50563923143
baseline,33340.50579093837
baseline,33320.50548752449
baseline,33340.50579093837
baseline,33310.50533581755
baseline,33360.50609435225
baseline,33570.50928019799
baseline,33410.50685288695
baseline,33350.50594264531
baseline,33340.50579093837
baseline,33340.50579093837
baseline,33360.50609435225
baseline,33380.50639776613
baseline,33330.50563923143
baseline,33330.50563923143
baseline,33330.50563923143
baseline,33360.50609435225
baseline,33330.50563923143
baseline,33410.50685288695
baseline,33360.50609435225
baseline,37840.57405906142
baseline,33290.505032403664
baseline,33380.50639776613
baseline,33310.50533581755
baseline,33360.50609435225
baseline,33290.505032403664
baseline,33300.50518411061
baseline,33280.504880696724
baseline,33350.50594264531
baseline,33420.50700459389
baseline,33350.50594264531
baseline,33370.50624605919
baseline,33320.50548752449
baseline,33370.50624605919
baseline,33390.506549473066
baseline,33320.50548752449
baseline,33320.50548752449
baseline,33320.50548752449
baseline,33340.50579093837
baseline,33350.50594264531
baseline,33300.50518411061
baseline,33360.50609435225
baseline,33580.50943190493
baseline,34150.51807920052
baseline,34500.523388943424
baseline,34090.517168958875
baseline,33970.515348475594
baseline,33450.50745971471
baseline,37620.57072150874
baseline,33380.50639776613
baseline,33400.506701180006
baseline,33340.50579093837
baseline,33350.50594264531
baseline,33350.50594264531
baseline,33330.50563923143
baseline,33500.50821824941
baseline,33500.50821824941
baseline,33550.50897678411
baseline,33550.50897678411
baseline,33600.50973531881
baseline,33590.50958361187
baseline,33520.50852166329
baseline,33440.50730800777
baseline,33410.50685288695
baseline,33380.50639776613
baseline,33370.50624605919
baseline,33400.506701180006
baseline,33360.50609435225
baseline,33370.50624605919
baseline,33380.50639776613
baseline,33400.506701180006
baseline,33400.506701180006
baseline,33420.50700459389
baseline,33440.50730800777
baseline,33470.50776312859
baseline,33330.50563923143
baseline,33390.506549473066
baseline,33340.50579093837
baseline,33560.50912849105
baseline,33490.50806654247
baseline,33440.50730800777
baseline,33460.50761142165
baseline,33570.50928019799
baseline,33500.50821824941
baseline,33530.508673370234
baseline,33520.50852166329
baseline,33500.50821824941
baseline,33510.50836995635
baseline,33470.50776312859
baseline,33470.50776312859
baseline,33460.50761142165
baseline,33510.50836995635
baseline,33460.50761142165
baseline,33370.50624605919
baseline,33400.506701180006
baseline,33430.50715630083
baseline,33310.50533581755
baseline,33310.50533581755
baseline,33360.50609435225
baseline,33360.50609435225
baseline,33350.50594264531
baseline,35220.53431184311
baseline,33580.50943190493
baseline,33610.50988702575
baseline,33370.50624605919
baseline,33460.50761142165
baseline,38310.58118928761
baseline,33370.50624605919
baseline,33580.50943190493
baseline,33600.50973531881
baseline,33400.506701180006
baseline,33450.50745971471
baseline,33420.50700459389
baseline,33400.506701180006
baseline,33390.506549473066
baseline,33320.50548752449
baseline,33300.50518411061
baseline,33330.50563923143
baseline,33290.505032403664
baseline,33320.50548752449
baseline,37860.5743624753
baseline,33350.50594264531
baseline,33400.506701180006
baseline,33290.505032403664
baseline,33290.505032403664
baseline,33450.50745971471
baseline,33460.50761142165
baseline,33540.50882507717
baseline,33430.50715630083
baseline,33530.508673370234
baseline,34030.51625871724
baseline,33820.513072871494
baseline,33460.50761142165
baseline,34150.51807920052
baseline,34210.51898944216
baseline,37830.57390735448
baseline,33640.51034214657
baseline,33410.50685288695
baseline,33660.510645560455
baseline,33670.510797267394
baseline,33390.506549473066
baseline,33540.50882507717
baseline,33590.50958361187
baseline,33400.506701180006
baseline,33640.51034214657
baseline,34020.5161070103
baseline,34050.51656213112
baseline,34200.51883773522
baseline,33460.50761142165
baseline,33850.51352799231
baseline,34500.523388943424
baseline,34040.51641042418
baseline,33470.50776312859
baseline,33570.50928019799
baseline,33510.50836995635
baseline,33380.50639776613
baseline,33410.50685288695
baseline,33900.51428652702
baseline,34380.52156846014
baseline,34640.525512840584
baseline,35150.53324989453
baseline,35460.537952809675
baseline,33870.51383140619
baseline,34270.5198996838
baseline,34190.51868602828
baseline,34100.517320665815
baseline,34080.517017251936
baseline,34830.52839527245
baseline,34820.5282435655
baseline,34160.51823090746
baseline,34390.52172016708
baseline,34390.52172016708
baseline,34730.52687820305
baseline,34500.523388943424
baseline,34500.523388943424
baseline,34420.5221752879
baseline,34390.52172016708
baseline,34390.52172016708
baseline,34300.52035480462
baseline,34230.519292856035
baseline,34310.52050651156
baseline,35020.53127770431
baseline,34410.52202358096
baseline,34760.527333323866
baseline,34440.52247870178
baseline,34050.51656213112
baseline,34150.51807920052
baseline,33500.50821824941
baseline,33400.506701180006
baseline,33510.50836995635
baseline,33480.50791483553
baseline,33420.50700459389
baseline,33410.50685288695
baseline,33600.50973531881
baseline,33640.51034214657
baseline,33540.50882507717
baseline,33590.50958361187
baseline,33620.51003873269
baseline,33610.50988702575
baseline,33660.510645560455
baseline,33600.50973531881
baseline,33490.50806654247
baseline,33470.50776312859
baseline,33560.50912849105
baseline,33660.510645560455
baseline,33720.51155580209
baseline,33620.51003873269
baseline,33520.50852166329
baseline,33480.50791483553
baseline,33390.506549473066
baseline,33390.506549473066
baseline,33420.50700459389
baseline,33380.50639776613
baseline,33380.50639776613
baseline,33360.50609435225
baseline,33420.50700459389
baseline,33380.50639776613
baseline,33420.50700459389
baseline,33400.506701180006
baseline,33330.50563923143
baseline,33320.50548752449
baseline,33400.506701180006
baseline,33510.50836995635
baseline,33450.50745971471
baseline,33430.50715630083
baseline,33380.50639776613
baseline,33410.50685288695
baseline,33510.50836995635
baseline,33400.506701180006
baseline,33420.50700459389
baseline,33430.50715630083
baseline,33440.50730800777
baseline,33440.50730800777
baseline,33410.50685288695
baseline,33410.50685288695
baseline,33350.50594264531
baseline,33430.50715630083
baseline,33360.50609435225
baseline,33380.50639776613
baseline,33350.50594264531
baseline,33430.50715630083
baseline,33390.506549473066
baseline,33390.506549473066
baseline,33330.50563923143
baseline,33390.506549473066
baseline,33390.506549473066
baseline,33370.50624605919
baseline,33420.50700459389
baseline,33380.50639776613
baseline,33370.50624605919
baseline,33420.50700459389
baseline,33390.506549473066
baseline,33390.506549473066
baseline,33440.50730800777
baseline,33370.50624605919
baseline,33420.50700459389
baseline,33360.50609435225
baseline,33430.50715630083
baseline,33400.506701180006
baseline,33350.50594264531
baseline,33370.50624605919
baseline,33360.50609435225
baseline,33380.50639776613
baseline,33350.50594264531
baseline,37520.569204439336
baseline,33360.50609435225
baseline,33360.50609435225
baseline,33340.50579093837
baseline,33330.50563923143
baseline,33330.50563923143
baseline,33380.50639776613
baseline,33360.50609435225
baseline,33450.50745971471
baseline,33350.50594264531
baseline,33430.50715630083
baseline,33440.50730800777
baseline,33370.50624605919
baseline,33460.50761142165
baseline,33320.50548752449
baseline,33350.50594264531
baseline,33360.50609435225
baseline,33340.50579093837
baseline,33340.50579093837
baseline,33340.50579093837
baseline,33320.50548752449
baseline,33310.50533581755
baseline,37850.57421076836
baseline,33360.50609435225
baseline,33330.50563923143
baseline,33300.50518411061
baseline,33360.50609435225
baseline,33320.50548752449
baseline,33360.50609435225
baseline,33320.50548752449
baseline,33330.50563923143
baseline,33360.50609435225
baseline,33330.50563923143
baseline,33290.505032403664
baseline,33350.50594264531
baseline,33350.50594264531
baseline,33370.50624605919
baseline,33310.50533581755
baseline,33370.50624605919
baseline,33350.50594264531
baseline,33320.50548752449
baseline,37740.57254199202
baseline,33370.50624605919
baseline,33360.50609435225
baseline,33410.50685288695
baseline,33340.50579093837
baseline,33370.50624605919
baseline,33400.506701180006
baseline,33350.50594264531
baseline,33350.50594264531
baseline,33400.506701180006
baseline,33370.50624605919
baseline,33400.506701180006
baseline,33390.506549473066
baseline,33390.506549473066
baseline,33420.50700459389
baseline,33460.50761142165
baseline,33390.506549473066
baseline,33460.50761142165
baseline,33380.50639776613
baseline,33380.50639776613
baseline,33440.50730800777
baseline,33410.50685288695
baseline,33470.50776312859
baseline,33380.50639776613
baseline,33490.50806654247
baseline,33440.50730800777
baseline,35160.53340160147
baseline,33500.50821824941
baseline,33410.50685288695
baseline,33500.50821824941
baseline,33490.50806654247
baseline,33420.50700459389
baseline,33400.506701180006
baseline,33400.506701180006
baseline,33450.50745971471
baseline,33460.50761142165
baseline,33530.508673370234
baseline,33410.50685288695
baseline,33430.50715630083
baseline,37870.57451418224
baseline,33410.50685288695
baseline,33390.506549473066
baseline,33470.50776312859
baseline,33390.506549473066
baseline,33430.50715630083
baseline,33380.50639776613
baseline,33430.50715630083
baseline,33470.50776312859
baseline,33390.506549473066
baseline,33420.50700459389
baseline,33440.50730800777
baseline,33450.50745971471
baseline,33360.50609435225
baseline,33500.50821824941
baseline,37820.57375564754
baseline,33330.50563923143
baseline,33370.50624605919
baseline,33350.50594264531
baseline,33360.50609435225
baseline,33390.506549473066
baseline,33350.50594264531
baseline,33360.50609435225
baseline,33330.50563923143
baseline,33350.50594264531
baseline,33370.50624605919
baseline,33330.50563923143
baseline,33330.50563923143
baseline,37620.57072150874
baseline,33340.50579093837
baseline,33310.50533581755
baseline,33340.50579093837
baseline,33300.50518411061
baseline,33390.506549473066
baseline,33340.50579093837
baseline,33320.50548752449
baseline,33360.50609435225
baseline,33320.50548752449
baseline,33300.50518411061
baseline,33350.50594264531
baseline,33380.50639776613
baseline,33260.504577282845
baseline,33410.50685288695
baseline,33330.50563923143
baseline,33260.504577282845
baseline,33390.506549473066
baseline,33320.50548752449
baseline,33340.50579093837
baseline,33340.50579093837
baseline,33370.50624605919
baseline,33340.50579093837
baseline,33360.50609435225
baseline,33360.50609435225
baseline,33330.50563923143
baseline,33370.50624605919
baseline,33290.505032403664
baseline,33300.50518411061
baseline,38060.577396614106
baseline,33430.50715630083
baseline,33460.50761142165
baseline,33420.50700459389
baseline,33400.506701180006
baseline,33450.50745971471
baseline,33400.506701180006
baseline,33450.50745971471
baseline,33330.50563923143
baseline,33380.50639776613
baseline,33410.50685288695
baseline,33370.50624605919
baseline,33400.506701180006
baseline,37650.57117662956
baseline,33390.506549473066
baseline,33390.506549473066
baseline,33410.50685288695
baseline,33350.50594264531
baseline,33410.50685288695
baseline,33400.506701180006
baseline,33420.50700459389
baseline,33560.50912849105
baseline,33480.50791483553
baseline,33390.506549473066
baseline,33450.50745971471
baseline,33430.50715630083
baseline,33440.50730800777
baseline,33380.50639776613
baseline,33400.506701180006
baseline,33410.50685288695
baseline,33400.506701180006
baseline,33360.50609435225
baseline,33420.50700459389
baseline,33380.50639776613
baseline,33340.50579093837
baseline,33370.50624605919
baseline,33380.50639776613
baseline,33360.50609435225
baseline,33330.50563923143
baseline,33410.50685288695
baseline,33400.506701180006
baseline,33290.505032403664
baseline,38040.57709320023
baseline,33410.50685288695
baseline,33410.50685288695
baseline,33370.50624605919
baseline,33430.50715630083
baseline,33370.50624605919
baseline,33390.506549473066
baseline,33400.506701180006
baseline,33350.50594264531
baseline,33380.50639776613
baseline,33370.50624605919
baseline,33370.50624605919
baseline,33410.50685288695
baseline,33400.506701180006
baseline,33340.50579093837
baseline,33380.50639776613
baseline,33380.50639776613
baseline,33360.50609435225
baseline,33390.506549473066
baseline,33430.50715630083
baseline,33390.506549473066
baseline,33380.50639776613
baseline,33420.50700459389
baseline,33360.50609435225
baseline,33350.50594264531
baseline,33340.50579093837
baseline,33410.50685288695
baseline,33330.50563923143
baseline,33360.50609435225
baseline,33340.50579093837
baseline,33310.50533581755
baseline,33430.50715630083
baseline,33300.50518411061
baseline,33350.50594264531
baseline,34530.52384406424
baseline,34660.52581625446
baseline,34040.51641042418
baseline,34000.51580359642
baseline,33450.50745971471
baseline,33430.50715630083
baseline,33440.50730800777
baseline,33430.50715630083
baseline,33450.50745971471
baseline,33370.50624605919
baseline,33410.50685288695
baseline,33460.50761142165
baseline,33430.50715630083
baseline,33420.50700459389
baseline,33380.50639776613
baseline,33430.50715630083
baseline,37710.5720868712
baseline,33460.50761142165
baseline,33400.506701180006
baseline,33390.506549473066
baseline,33470.50776312859
baseline,33480.50791483553
baseline,33450.50745971471
baseline,33430.50715630083
baseline,33450.50745971471
baseline,33490.50806654247
baseline,33480.50791483553
baseline,33460.50761142165
baseline,35250.53476696393
baseline,33500.50821824941
baseline,33540.50882507717
baseline,33540.50882507717
baseline,33540.50882507717
baseline,33530.508673370234
baseline,33560.50912849105
baseline,33510.50836995635
baseline,33500.50821824941
baseline,33490.50806654247
baseline,33490.50806654247
baseline,33540.50882507717
baseline,33480.50791483553
baseline,33480.50791483553
baseline,33460.50761142165
baseline,33460.50761142165
baseline,33510.50836995635
baseline,33480.50791483553
baseline,33490.50806654247
baseline,33480.50791483553
baseline,33440.50730800777
baseline,33510.50836995635
baseline,33410.50685288695
baseline,33450.50745971471
baseline,33420.50700459389
baseline,33530.508673370234
baseline,33620.51003873269
baseline,33530.508673370234
baseline,33560.50912849105
baseline,33470.50776312859
baseline,33580.50943190493
baseline,33510.50836995635
baseline,33600.50973531881
baseline,33490.50806654247
baseline,33620.51003873269
baseline,33450.50745971471
baseline,33560.50912849105
baseline,33450.50745971471
baseline,33450.50745971471
baseline,33450.50745971471
baseline,33430.50715630083
baseline,33470.50776312859
baseline,33480.50791483553
baseline,33480.50791483553
baseline,33520.50852166329
baseline,33490.50806654247
baseline,33400.506701180006
baseline,33450.50745971471
baseline,33580.50943190493
baseline,33550.50897678411
baseline,33480.50791483553
baseline,33430.50715630083
baseline,33480.50791483553
baseline,33430.50715630083
baseline,33730.51170750903
baseline,33480.50791483553
baseline,33490.50806654247
baseline,33550.50897678411
baseline,33780.512466043736
baseline,33570.50928019799
baseline,33940.514893354775
baseline,34130.51777578664
baseline,34350.52111333932
baseline,34420.5221752879
baseline,34510.52354065036
baseline,34590.52475430589
baseline,34350.52111333932
baseline,33860.51367969925
baseline,33720.51155580209
baseline,33550.50897678411
baseline,33460.50761142165
baseline,33480.50791483553
baseline,33500.50821824941
baseline,33960.515196768654
baseline,33940.514893354775
baseline,34070.516865544996
baseline,34330.52080992544
baseline,34040.51641042418
baseline,38400.58255465007
baseline,34300.52035480462
baseline,34780.527636737745
baseline,34450.52263040872
baseline,33850.51352799231
baseline,33770.5123143368
baseline,34000.51580359642
baseline,33890.51413482008
baseline,33940.514893354775
baseline,34110.517472372754
baseline,33960.515196768654
baseline,33830.51322457843
baseline,33890.51413482008
baseline,34070.516865544996
baseline,34390.52172016708
baseline,33890.51413482008
baseline,34670.5259679614
baseline,33990.51565188947
baseline,34050.51656213112
baseline,33860.51367969925
baseline,34050.51656213112
baseline,34000.51580359642
baseline,34000.51580359642
baseline,33960.515196768654
baseline,33940.514893354775
baseline,34480.523085529545
baseline,34530.52384406424
baseline,34750.527181616926
baseline,34730.52687820305
baseline,35870.544172794216
baseline,35950.54538644974
baseline,35430.537497688856
baseline,34690.52627137528
baseline,34570.524450892
baseline,39140.59378096364
baseline,34590.52475430589
baseline,35410.53719427497
baseline,35120.53279477371
baseline,34780.527636737745
baseline,34670.5259679614
baseline,34600.524906012826
baseline,34910.529608927965
baseline,34780.527636737745
baseline,35320.535828912514
baseline,35600.540076706835
baseline,34940.530064048784
baseline,34990.53082258349
baseline,35100.53249135983
baseline,34890.52930551409
baseline,35490.53840793049
baseline,40740.61805407406
baseline,34870.52900210021
baseline,34840.52854697939
baseline,34760.527333323866
baseline,34790.527788444684
baseline,34850.52869868633
baseline,34810.52809185856
baseline,34720.52672649611
baseline,34780.527636737745
baseline,34860.52885039327
baseline,34770.527485030805
baseline,34740.52702990999
baseline,34810.52809185856
baseline,34890.52930551409
baseline,34790.527788444684
baseline,34860.52885039327
baseline,34800.52794015162
baseline,34760.527333323866
baseline,34690.52627137528
baseline,34720.52672649611
baseline,34830.52839527245
baseline,34780.527636737745
baseline,34620.525209426705
baseline,34770.527485030805
baseline,34100.517320665815
baseline,33940.514893354775
baseline,33840.51337628537
baseline,33860.51367969925
baseline,33910.51443823396
baseline,33940.514893354775
baseline,33920.514589940896
baseline,33990.51565188947
baseline,33990.51565188947
baseline,33950.515045061715
baseline,33950.515045061715
baseline,33890.51413482008
baseline,33960.515196768654
baseline,33980.51550018253
baseline,33730.51170750903
baseline,33400.506701180006
baseline,33440.50730800777
baseline,33420.50700459389
baseline,33390.506549473066
baseline,33440.50730800777
baseline,33550.50897678411
baseline,33470.50776312859
baseline,33430.50715630083
baseline,33410.50685288695
baseline,37620.57072150874
baseline,33460.50761142165
baseline,33530.508673370234
baseline,33510.50836995635
baseline,33400.506701180006
baseline,33490.50806654247
baseline,33530.508673370234
baseline,33360.50609435225
baseline,33450.50745971471
baseline,33380.50639776613
baseline,33340.50579093837
baseline,36130.548117174665
baseline,33410.50685288695
baseline,33370.50624605919
baseline,33590.50958361187
baseline,33410.50685288695
baseline,33370.50624605919
baseline,33370.50624605919
baseline,33320.50548752449
baseline,33350.50594264531
baseline,33410.50685288695
baseline,33540.50882507717
baseline,34370.5214167532
baseline,34540.52399577118
baseline,33490.50806654247
baseline,38010.57663807941
baseline,33690.51110068127
baseline,33500.50821824941
baseline,33610.50988702575
baseline,33730.51170750903
baseline,33590.50958361187
baseline,33620.51003873269
baseline,33630.51019043963
baseline,33440.50730800777
baseline,34090.517168958875
baseline,34420.5221752879
baseline,34380.52156846014
baseline,33750.51201092291
baseline,34160.51823090746
baseline,34690.52627137528
baseline,33860.51367969925
baseline,39530.5996975343
baseline,33930.514741647836
baseline,33880.51398311313
baseline,33980.51550018253
baseline,33970.515348475594
baseline,33720.51155580209
baseline,33840.51337628537
baseline,33840.51337628537
baseline,34680.52611966834
baseline,35260.53491867087
baseline,35530.53901475825
baseline,35800.54311084564
baseline,35230.53446355005
baseline,34750.527181616926
baseline,39240.59529803304
baseline,34650.525664547524
baseline,34560.52429918506
baseline,34600.524906012826
baseline,34810.52809185856
baseline,35040.531581118186
baseline,35170.53355330841
baseline,35540.5391664652
baseline,35360.53643574027
baseline,34700.52642308222
baseline,34580.52460259894
baseline,34950.53021575573
baseline,37040.56192250621
baseline,34730.52687820305
baseline,34660.52581625446
baseline,34740.52702990999
baseline,34600.524906012826
baseline,34480.523085529545
baseline,34510.52354065036
baseline,34480.523085529545
baseline,34470.522933822605
baseline,35060.53188453207
baseline,34890.52930551409
baseline,34880.52915380715
baseline,34600.524906012826
baseline,34940.530064048784
baseline,35740.542200603995
baseline,34700.52642308222
baseline,34690.52627137528
baseline,34660.52581625446
baseline,34690.52627137528
baseline,34650.525664547524
baseline,34700.52642308222
baseline,34710.52657478917
baseline,34480.523085529545
baseline,34490.523237236484
baseline,34170.5183826144
baseline,34140.51792749358
baseline,34180.51853432134
baseline,34100.517320665815
baseline,34100.517320665815
baseline,34050.51656213112
baseline,34040.51641042418
baseline,34080.517017251936
baseline,34070.516865544996
baseline,34030.51625871724
baseline,34060.51671383806
baseline,34080.517017251936
baseline,33870.51383140619
baseline,34120.5176240797
baseline,33500.50821824941
baseline,33400.506701180006
baseline,33420.50700459389
baseline,33410.50685288695
baseline,33360.50609435225
baseline,33380.50639776613
baseline,33370.50624605919
baseline,33460.50761142165
baseline,33350.50594264531
baseline,33380.50639776613
baseline,38220.579823925145
baseline,33380.50639776613
baseline,33400.506701180006
baseline,33460.50761142165
baseline,33420.50700459389
baseline,33450.50745971471
baseline,33300.50518411061
baseline,33360.50609435225
baseline,33330.50563923143
baseline,33380.50639776613
baseline,33330.50563923143
baseline,33390.506549473066
baseline,33330.50563923143
baseline,33450.50745971471
baseline,33350.50594264531
baseline,38770.588167806854
baseline,33370.50624605919
baseline,33360.50609435225
baseline,33410.50685288695
baseline,33400.506701180006
baseline,33390.506549473066
baseline,33330.50563923143
baseline,33350.50594264531
baseline,33530.508673370234
baseline,33460.50761142165
baseline,33530.508673370234
baseline,33500.50821824941
baseline,33470.50776312859
baseline,33460.50761142165
baseline,33480.50791483553
baseline,33520.50852166329
baseline,33540.50882507717
baseline,33510.50836995635
baseline,33430.50715630083
baseline,33470.50776312859
baseline,33400.506701180006
baseline,33420.50700459389
baseline,33430.50715630083
baseline,33390.506549473066
baseline,33390.506549473066
baseline,33380.50639776613
baseline,33440.50730800777
baseline,33420.50700459389
baseline,33420.50700459389
baseline,33510.50836995635
baseline,33470.50776312859
baseline,33380.50639776613
baseline,33380.50639776613
baseline,33450.50745971471
baseline,33410.50685288695
baseline,38070.577548321045
baseline,33570.50928019799
baseline,33660.510645560455
baseline,33470.50776312859
baseline,33570.50928019799
baseline,33580.50943190493
baseline,33680.51094897433
baseline,33500.50821824941
baseline,33460.50761142165
baseline,33400.506701180006
baseline,33390.506549473066
baseline,33370.50624605919
baseline,33380.50639776613
baseline,33430.50715630083
baseline,33430.50715630083
baseline,33450.50745971471
baseline,33380.50639776613
baseline,33380.50639776613
baseline,33390.506549473066
baseline,33580.50943190493
baseline,33510.50836995635
baseline,33520.50852166329
baseline,33810.512921164554
baseline,34330.52080992544
baseline,34210.51898944216
baseline,33700.51125238821
baseline,36380.55190984817
baseline,33520.50852166329
baseline,33630.51019043963
baseline,33700.51125238821
baseline,33780.512466043736
baseline,33740.51185921597
baseline,33500.50821824941
baseline,33780.512466043736
baseline,34230.519292856035
baseline,33770.5123143368
baseline,34340.52096163238
baseline,33760.51216262985
baseline,33680.51094897433
baseline,33470.50776312859
baseline,33920.514589940896
baseline,33790.512617750675
baseline,33800.512769457615
baseline,33870.51383140619
baseline,33650.510493853515
baseline,33610.50988702575
baseline,33540.50882507717
baseline,33480.50791483553
baseline,33510.50836995635
baseline,33700.51125238821
baseline,34890.52930551409
baseline,35930.54508303586
baseline,35880.544324501156
baseline,35580.539773292956
baseline,33980.51550018253
baseline,34180.51853432134
baseline,34400.52187187402
baseline,34220.519141149096
baseline,34370.5214167532
baseline,35050.531732825126
baseline,34420.5221752879
baseline,38610.585740495815
baseline,34260.51974797686
baseline,34700.52642308222
baseline,34940.530064048784
baseline,34240.51944456298
baseline,34300.52035480462
baseline,35050.531732825126
baseline,35060.53188453207
baseline,34930.529912341844
baseline,35410.53719427497
baseline,34640.525512840584
baseline,34970.53051916961
baseline,34840.52854697939
baseline,34970.53051916961
baseline,34750.527181616926
baseline,34710.52657478917
baseline,39350.59696680938
baseline,34680.52611966834
baseline,34680.52611966834
baseline,34740.52702990999
baseline,34690.52627137528
baseline,34660.52581625446
baseline,34730.52687820305
baseline,34700.52642308222
baseline,34850.52869868633
baseline,34720.52672649611
baseline,34780.527636737745
baseline,34740.52702990999
baseline,34390.52172016708
baseline,34380.52156846014
baseline,34470.522933822605
baseline,36070.54720693302
baseline,34470.522933822605
baseline,34420.5221752879
baseline,34310.52050651156
baseline,34330.52080992544
baseline,34350.52111333932
baseline,34280.52005139074
baseline,34320.5206582185
baseline,34290.52020309768
baseline,34290.52020309768
baseline,34190.51868602828
baseline,34270.5198996838
baseline,33980.51550018253
baseline,33590.50958361187
baseline,33550.50897678411
baseline,33590.50958361187
baseline,33610.50988702575
baseline,33540.50882507717
baseline,33560.50912849105
baseline,33570.50928019799
baseline,33570.50928019799
baseline,33580.50943190493
baseline,33590.50958361187
baseline,33610.50988702575
baseline,33530.508673370234
baseline,33430.50715630083
baseline,33660.510645560455
baseline,33640.51034214657
baseline,33420.50700459389
baseline,33410.50685288695
baseline,33370.50624605919
baseline,33380.50639776613
baseline,33450.50745971471
baseline,38000.57648637246
baseline,33410.50685288695
baseline,33560.50912849105
baseline,33550.50897678411
baseline,33430.50715630083
baseline,33380.50639776613
baseline,33430.50715630083
baseline,33400.506701180006
baseline,33470.50776312859
baseline,33430.50715630083
baseline,33440.50730800777
baseline,33470.50776312859
baseline,33410.50685288695
baseline,33460.50761142165
baseline,33480.50791483553
baseline,33480.50791483553
baseline,33440.50730800777
baseline,33440.50730800777
baseline,33480.50791483553
baseline,37790.573300526725
baseline,33470.50776312859
baseline,33560.50912849105
baseline,33550.50897678411
baseline,33420.50700459389
baseline,33420.50700459389
baseline,33400.506701180006
baseline,33350.50594264531
baseline,33340.50579093837
baseline,33280.504880696724
baseline,33430.50715630083
baseline,33370.50624605919
baseline,33350.50594264531
baseline,33370.50624605919
baseline,33350.50594264531
baseline,33360.50609435225
baseline,33350.50594264531
baseline,33460.50761142165
baseline,33370.50624605919
baseline,33350.50594264531
baseline,37640.57102492262
baseline,33340.50579093837
baseline,33380.50639776613
baseline,33330.50563923143
baseline,33340.50579093837
baseline,33330.50563923143
baseline,33300.50518411061
baseline,33380.50639776613
baseline,33350.50594264531
baseline,33300.50518411061
baseline,33340.50579093837
baseline,33310.50533581755
baseline,33320.50548752449
baseline,33340.50579093837
baseline,33340.50579093837
baseline,33320.50548752449
baseline,37540.56950785322
baseline,33350.50594264531
baseline,33380.50639776613
baseline,33370.50624605919
baseline,33300.50518411061
baseline,33340.50579093837
baseline,33330.50563923143
baseline,33330.50563923143
baseline,33360.50609435225
baseline,33320.50548752449
baseline,33310.50533581755
baseline,33360.50609435225
baseline,33420.50700459389
baseline,33350.50594264531
baseline,33370.50624605919
baseline,33350.50594264531
baseline,33400.506701180006
baseline,37680.57163175038
baseline,33380.50639776613
baseline,33430.50715630083
baseline,33380.50639776613
baseline,33370.50624605919
baseline,33350.50594264531
baseline,33290.505032403664
baseline,33410.50685288695
baseline,33330.50563923143
baseline,33340.50579093837
baseline,33380.50639776613
baseline,33520.50852166329
baseline,33440.50730800777
baseline,33390.506549473066
baseline,33380.50639776613
baseline,33380.50639776613
baseline,33450.50745971471
baseline,33420.50700459389
baseline,33360.50609435225
baseline,33450.50745971471
baseline,33400.506701180006
baseline,33330.50563923143
baseline,33380.50639776613
baseline,33380.50639776613
baseline,33420.50700459389
baseline,33370.50624605919
baseline,33360.50609435225
baseline,33340.50579093837
baseline,33350.50594264531
baseline,33460.50761142165
baseline,33450.50745971471
baseline,33420.50700459389
baseline,33400.506701180006
baseline,33410.50685288695
baseline,33430.50715630083
baseline,33460.50761142165
baseline,33370.50624605919
baseline,33400.506701180006
baseline,33420.50700459389
baseline,33380.50639776613
baseline,33400.506701180006
baseline,33400.506701180006
baseline,33410.50685288695
baseline,33440.50730800777
baseline,33410.50685288695
baseline,33410.50685288695
baseline,33370.50624605919
baseline,33380.50639776613
baseline,33460.50761142165
baseline,33440.50730800777
baseline,33390.506549473066
baseline,33410.50685288695
baseline,33510.50836995635
baseline,33430.50715630083
baseline,33430.50715630083
baseline,33440.50730800777
baseline,33460.50761142165
baseline,33430.50715630083
baseline,33380.50639776613
baseline,33330.50563923143
baseline,33410.50685288695
baseline,33380.50639776613
baseline,33360.50609435225
baseline,33420.50700459389
baseline,33410.50685288695
baseline,33400.506701180006
baseline,33330.50563923143
baseline,33380.50639776613
baseline,33450.50745971471
baseline,33450.50745971471
baseline,33350.50594264531
baseline,33400.506701180006
baseline,33390.506549473066
baseline,33410.50685288695
baseline,33380.50639776613
baseline,33380.50639776613
baseline,33390.506549473066
baseline,33410.50685288695
baseline,33370.50624605919
baseline,33350.50594264531
baseline,33450.50745971471
baseline,33370.50624605919
baseline,33380.50639776613
baseline,33400.506701180006
baseline,33400.506701180006
baseline,33350.50594264531
baseline,33380.50639776613
baseline,33370.50624605919
baseline,33320.50548752449
baseline,33370.50624605919
baseline,33360.50609435225
baseline,33400.506701180006
baseline,33320.50548752449
baseline,33410.50685288695
baseline,33380.50639776613
baseline,33380.50639776613
baseline,33410.50685288695
baseline,33370.50624605919
baseline,33380.50639776613
baseline,33360.50609435225
baseline,33350.50594264531
baseline,33360.50609435225
baseline,33350.50594264531
baseline,33360.50609435225
baseline,33380.50639776613
baseline,33400.506701180006
baseline,33330.50563923143
baseline,33470.50776312859
baseline,33350.50594264531
baseline,33320.50548752449
baseline,33360.50609435225
baseline,33350.50594264531
baseline,33370.50624605919
baseline,33340.50579093837
baseline,33340.50579093837
baseline,33380.50639776613
baseline,33320.50548752449
baseline,33340.50579093837
baseline,33380.50639776613
baseline,33370.50624605919
baseline,33420.50700459389
baseline,33460.50761142165
baseline,33490.50806654247
baseline,33400.506701180006
baseline,33440.50730800777
baseline,33390.506549473066
baseline,33430.50715630083
baseline,33370.50624605919
baseline,33460.50761142165
baseline,33430.50715630083
baseline,33450.50745971471
baseline,33400.506701180006
baseline,33420.50700459389
baseline,33490.50806654247
baseline,33370.50624605919
baseline,33410.50685288695
baseline,33440.50730800777
baseline,33360.50609435225
baseline,33370.50624605919
baseline,33410.50685288695
baseline,33410.50685288695
baseline,33380.50639776613
baseline,33400.506701180006
baseline,35100.53249135983
baseline,33420.50700459389
baseline,33370.50624605919
baseline,37650.57117662956
baseline,33440.50730800777
baseline,33410.50685288695
baseline,33500.50821824941
baseline,33400.506701180006
baseline,33420.50700459389
baseline,33330.50563923143
baseline,33310.50533581755
baseline,33340.50579093837
baseline,33340.50579093837
baseline,33420.50700459389
baseline,33410.50685288695
baseline,33560.50912849105
baseline,33410.50685288695
baseline,33400.506701180006
baseline,33380.50639776613
baseline,33350.50594264531
baseline,33310.50533581755
baseline,33370.50624605919
baseline,33310.50533581755
baseline,33350.50594264531
baseline,33330.50563923143
baseline,33370.50624605919
baseline,33370.50624605919
baseline,33350.50594264531
baseline,33350.50594264531
baseline,33360.50609435225
baseline,33350.50594264531
baseline,33300.50518411061
baseline,33350.50594264531
baseline,33440.50730800777
baseline,33350.50594264531
baseline,33380.50639776613
baseline,33360.50609435225
baseline,33330.50563923143
baseline,33320.50548752449
baseline,33290.505032403664
baseline,33340.50579093837
baseline,33380.50639776613
baseline,33360.50609435225
baseline,33350.50594264531
baseline,33410.50685288695
baseline,37600.57041809486
baseline,33350.50594264531
baseline,33430.50715630083
baseline,33310.50533581755
baseline,33370.50624605919
baseline,33310.50533581755
baseline,33380.50639776613
baseline,33370.50624605919
baseline,33380.50639776613
baseline,33400.506701180006
baseline,33350.50594264531
baseline,33350.50594264531
baseline,33330.50563923143
baseline,33330.50563923143
baseline,33370.50624605919
baseline,33360.50609435225
baseline,33350.50594264531
baseline,33380.50639776613
baseline,33440.50730800777
baseline,33520.50852166329
baseline,33420.50700459389
baseline,33420.50700459389
baseline,33430.50715630083
baseline,33520.50852166329
baseline,33430.50715630083
baseline,33450.50745971471
baseline,33500.50821824941
baseline,33470.50776312859
baseline,33480.50791483553
baseline,33410.50685288695
baseline,33400.506701180006
baseline,37980.57618295858
baseline,33430.50715630083
baseline,33480.50791483553
baseline,33400.506701180006
baseline,33330.50563923143
baseline,33350.50594264531
baseline,33390.506549473066
baseline,33390.506549473066
baseline,33420.50700459389
baseline,33360.50609435225
baseline,33410.50685288695
baseline,37820.57375564754
baseline,33380.50639776613
baseline,33420.50700459389
baseline,33350.50594264531
baseline,33400.506701180006
baseline,33420.50700459389
baseline,33410.50685288695
baseline,33350.50594264531
baseline,33400.506701180006
baseline,33370.50624605919
baseline,33360.50609435225
baseline,33410.50685288695
baseline,33420.50700459389
baseline,33390.506549473066
baseline,33470.50776312859
baseline,33430.50715630083
baseline,33420.50700459389
baseline,33370.50624605919
baseline,33360.50609435225
baseline,33360.50609435225
baseline,33340.50579093837
baseline,33380.50639776613
baseline,33360.50609435225
baseline,33340.50579093837
baseline,33380.50639776613
baseline,33380.50639776613
baseline,33340.50579093837
baseline,37730.57239028508
baseline,33390.506549473066
baseline,33410.50685288695
baseline,33400.506701180006
baseline,33420.50700459389
baseline,33420.50700459389
baseline,33390.506549473066
baseline,33390.506549473066
baseline,33430.50715630083
baseline,33390.506549473066
baseline,33380.50639776613
baseline,33410.50685288695
baseline,33410.50685288695
baseline,33420.50700459389
baseline,33460.50761142165
baseline,33440.50730800777
baseline,37720.57223857814
baseline,33450.50745971471
baseline,33450.50745971471
baseline,33420.50700459389
baseline,33390.506549473066
baseline,33420.50700459389
baseline,33450.50745971471
baseline,33510.50836995635
baseline,33460.50761142165
baseline,33450.50745971471
baseline,33520.50852166329
baseline,33620.51003873269
baseline,33470.50776312859
baseline,33440.50730800777
baseline,33400.506701180006
baseline,33540.50882507717
baseline,33460.50761142165
baseline,33430.50715630083
baseline,33470.50776312859
baseline,33410.50685288695
baseline,33460.50761142165
baseline,33630.51019043963
baseline,33410.50685288695
baseline,33440.50730800777
baseline,33460.50761142165
baseline,33410.50685288695
baseline,33390.506549473066
baseline,33450.50745971471
baseline,37610.5705698018
baseline,33380.50639776613
baseline,33380.50639776613
baseline,33400.506701180006
baseline,33360.50609435225
baseline,33410.50685288695
baseline,34910.529608927965
baseline,33450.50745971471
baseline,33360.50609435225
baseline,33320.50548752449
baseline,33380.50639776613
baseline,33380.50639776613
baseline,33420.50700459389
baseline,33440.50730800777
baseline,33420.50700459389
baseline,33430.50715630083
baseline,33370.50624605919
baseline,33400.506701180006
baseline,33430.50715630083
baseline,33400.506701180006
baseline,33380.50639776613
baseline,33390.506549473066
baseline,33430.50715630083
baseline,33400.506701180006
baseline,33350.50594264531
baseline,33390.506549473066
baseline,33380.50639776613
baseline,33390.506549473066
baseline,33380.50639776613
baseline,37800.573452233664
baseline,33350.50594264531
baseline,33360.50609435225
baseline,33430.50715630083
baseline,33340.50579093837
baseline,33330.50563923143
baseline,33410.50685288695
baseline,33350.50594264531
baseline,33420.50700459389
baseline,33470.50776312859
baseline,33390.506549473066
baseline,33410.50685288695
baseline,37850.57421076836
baseline,33500.50821824941
baseline,33440.50730800777
baseline,33430.50715630083
baseline,33410.50685288695
baseline,33420.50700459389
baseline,33400.506701180006
baseline,33390.506549473066
baseline,33410.50685288695
baseline,33410.50685288695
baseline,33370.50624605919
baseline,33370.50624605919
baseline,33410.50685288695
baseline,33400.506701180006
baseline,33450.50745971471
baseline,33360.50609435225
baseline,33430.50715630083
baseline,33530.508673370234
baseline,33410.50685288695
baseline,33440.50730800777
baseline,33410.50685288695
baseline,33410.50685288695
baseline,33430.50715630083
baseline,33350.50594264531
baseline,33350.50594264531
baseline,33360.50609435225
baseline,33450.50745971471
baseline,33400.506701180006
baseline,33380.50639776613
baseline,33440.50730800777
baseline,33450.50745971471
baseline,33470.50776312859
baseline,33360.50609435225
baseline,33470.50776312859
baseline,33360.50609435225
baseline,33490.50806654247
baseline,33420.50700459389
baseline,33460.50761142165
baseline,33460.50761142165
baseline,33420.50700459389
baseline,33440.50730800777
baseline,33430.50715630083
baseline,33450.50745971471
baseline,33500.50821824941
baseline,33480.50791483553
baseline,33500.50821824941
baseline,33320.50548752449
baseline,33450.50745971471
baseline,33380.50639776613
baseline,33340.50579093837
baseline,33360.50609435225
baseline,33340.50579093837
baseline,33370.50624605919
baseline,37670.57148004344
baseline,33370.50624605919
baseline,33420.50700459389
baseline,33330.50563923143
baseline,33350.50594264531
baseline,33400.506701180006
baseline,33340.50579093837
baseline,33360.50609435225
baseline,33360.50609435225
baseline,33410.50685288695
baseline,33390.506549473066
baseline,33380.50639776613
baseline,33350.50594264531
baseline,33370.50624605919
baseline,33460.50761142165
baseline,33430.50715630083
baseline,33390.506549473066
baseline,33420.50700459389
baseline,33410.50685288695
baseline,33450.50745971471
baseline,33370.50624605919
baseline,33360.50609435225
baseline,33410.50685288695
baseline,33410.50685288695
baseline,33370.50624605919
baseline,33330.50563923143
baseline,33410.50685288695
baseline,33480.50791483553
baseline,33360.50609435225
baseline,33420.50700459389
baseline,33410.50685288695
baseline,33370.50624605919
baseline,33350.50594264531
baseline,33500.50821824941
baseline,33380.50639776613
baseline,33410.50685288695
baseline,33430.50715630083
baseline,33420.50700459389
baseline,37850.57421076836
baseline,33450.50745971471
baseline,33480.50791483553
baseline,33440.50730800777
baseline,33400.506701180006
baseline,33400.506701180006
baseline,33360.50609435225
baseline,33380.50639776613
baseline,33420.50700459389
baseline,33390.506549473066
baseline,33390.506549473066
baseline,33480.50791483553
baseline,33440.50730800777
baseline,33380.50639776613
baseline,33390.506549473066
baseline,33390.506549473066
baseline,33350.50594264531
baseline,33370.50624605919
baseline,33400.506701180006
baseline,33360.50609435225
baseline,33370.50624605919
baseline,33360.50609435225
baseline,33390.506549473066
baseline,33360.50609435225
baseline,33370.50624605919
baseline,33350.50594264531
baseline,33370.50624605919
baseline,33360.50609435225
baseline,33410.50685288695
baseline,33380.50639776613
baseline,33410.50685288695
baseline,33400.506701180006
baseline,33370.50624605919
baseline,33380.50639776613
baseline,33410.50685288695
baseline,33320.50548752449
baseline,33320.50548752449
baseline,33340.50579093837
baseline,33320.50548752449
baseline,33260.504577282845
baseline,33330.50563923143
baseline,33300.50518411061
baseline,33300.50518411061
baseline,33280.504880696724
baseline,33300.50518411061
baseline,33340.50579093837
baseline,33450.50745971471
baseline,33360.50609435225
baseline,33370.50624605919
baseline,33330.50563923143
baseline,33320.50548752449
baseline,33390.506549473066
baseline,33360.50609435225
baseline,33340.50579093837
baseline,33280.504880696724
baseline,33380.50639776613
baseline,33320.50548752449
baseline,33340.50579093837
baseline,33350.50594264531
baseline,33360.50609435225
baseline,33270.504728989785
baseline,37550.56965956016
baseline,33280.504880696724
baseline,33250.504425575906
baseline,33280.504880696724
baseline,33270.504728989785
baseline,33210.50381874815
baseline,33260.504577282845
baseline,33290.505032403664
baseline,33280.504880696724
baseline,33310.50533581755
baseline,33240.504273868966
baseline,33240.504273868966
baseline,33270.504728989785
baseline,33270.504728989785
baseline,33300.50518411061
baseline,33260.504577282845
baseline,33230.50412216203
baseline,33300.50518411061
baseline,33360.50609435225
baseline,33350.50594264531
baseline,33370.50624605919
baseline,33320.50548752449
baseline,33380.50639776613
baseline,33420.50700459389
baseline,33350.50594264531
baseline,33370.50624605919
baseline,33420.50700459389
baseline,33380.50639776613
baseline,33400.506701180006
baseline,33360.50609435225
baseline,33380.50639776613
baseline,33340.50579093837
baseline,33410.50685288695
baseline,33320.50548752449
baseline,33420.50700459389
baseline,33370.50624605919
baseline,33320.50548752449
baseline,33390.506549473066
baseline,33280.504880696724
baseline,33320.50548752449
baseline,33280.504880696724
baseline,33280.504880696724
baseline,33330.50563923143
baseline,33390.506549473066
baseline,37930.575424423885
baseline,33410.50685288695
baseline,33360.50609435225
baseline,33370.50624605919
baseline,33380.50639776613
baseline,33300.50518411061
baseline,33400.506701180006
baseline,33320.50548752449
baseline,33420.50700459389
baseline,33440.50730800777
baseline,33380.50639776613
baseline,33340.50579093837
baseline,33360.50609435225
baseline,33350.50594264531
baseline,33320.50548752449
baseline,33320.50548752449
baseline,33340.50579093837
baseline,33330.50563923143
baseline,33350.50594264531
baseline,33260.504577282845
baseline,33260.504577282845
baseline,33300.50518411061
baseline,33290.505032403664
baseline,33310.50533581755
baseline,33310.50533581755
baseline,33360.50609435225
baseline,33290.505032403664
baseline,33310.50533581755
baseline,33270.504728989785
baseline,33310.50533581755
baseline,37680.57163175038
baseline,33340.50579093837
baseline,33380.50639776613
baseline,33280.504880696724
baseline,33330.50563923143
baseline,33330.50563923143
baseline,33310.50533581755
baseline,33360.50609435225
baseline,33330.50563923143
baseline,33300.50518411061
baseline,33280.504880696724
baseline,33250.504425575906
baseline,33280.504880696724
baseline,33270.504728989785
baseline,33310.50533581755
baseline,33280.504880696724
baseline,33280.504880696724
baseline,33310.50533581755
baseline,33310.50533581755
baseline,33300.50518411061
baseline,33340.50579093837
baseline,33300.50518411061
baseline,33340.50579093837
baseline,33330.50563923143
baseline,33330.50563923143
baseline,33380.50639776613
baseline,33410.50685288695
baseline,33290.505032403664
baseline,35020.53127770431
baseline,33400.506701180006
baseline,33370.50624605919
baseline,33370.50624605919
baseline,33400.506701180006
baseline,33400.506701180006
baseline,33480.50791483553
baseline,33410.50685288695
baseline,33390.506549473066
baseline,33320.50548752449
baseline,33380.50639776613
baseline,33360.50609435225
baseline,33380.50639776613
baseline,33410.50685288695
baseline,33460.50761142165
baseline,33350.50594264531
baseline,33460.50761142165
baseline,33350.50594264531
baseline,33390.506549473066
baseline,33390.506549473066
baseline,33360.50609435225
baseline,33380.50639776613
baseline,37660.571328336504
baseline,33440.50730800777
baseline,33350.50594264531
baseline,33350.50594264531
baseline,33360.50609435225
baseline,33370.50624605919
baseline,33380.50639776613
baseline,33340.50579093837
baseline,33320.50548752449
baseline,33420.50700459389
baseline,33420.50700459389
baseline,33390.506549473066
baseline,33380.50639776613
baseline,33350.50594264531
baseline,33390.506549473066
baseline,37810.573603940604
baseline,33410.50685288695
baseline,33410.50685288695
baseline,33440.50730800777
baseline,33350.50594264531
baseline,33380.50639776613
baseline,33390.506549473066
baseline,33440.50730800777
baseline,33450.50745971471
baseline,33450.50745971471
baseline,33440.50730800777
baseline,33460.50761142165
baseline,33420.50700459389
baseline,33430.50715630083
baseline,33360.50609435225
baseline,33460.50761142165
baseline,33350.50594264531
baseline,33340.50579093837
baseline,33350.50594264531
baseline,33400.506701180006
baseline,33430.50715630083
baseline,33370.50624605919
baseline,33320.50548752449
baseline,33320.50548752449
baseline,33340.50579093837
baseline,35100.53249135983
baseline,33460.50761142165
baseline,33340.50579093837
baseline,33340.50579093837
baseline,33370.50624605919
baseline,33370.50624605919
baseline,33290.505032403664
baseline,33320.50548752449
baseline,33350.50594264531
baseline,33290.505032403664
baseline,33330.50563923143
baseline,33280.504880696724
baseline,33330.50563923143
baseline,33320.50548752449
baseline,33300.50518411061
baseline,33260.504577282845
baseline,33270.504728989785
baseline,33240.504273868966
baseline,33330.50563923143
baseline,33310.50533581755
baseline,33330.50563923143
baseline,33340.50579093837
baseline,33390.506549473066
baseline,33380.50639776613
baseline,33320.50548752449
baseline,33350.50594264531
baseline,33330.50563923143
baseline,33370.50624605919
baseline,33330.50563923143
baseline,33350.50594264531
baseline,33370.50624605919
baseline,33340.50579093837
baseline,33310.50533581755
baseline,33310.50533581755
baseline,33280.504880696724
baseline,33280.504880696724
baseline,33370.50624605919
baseline,33370.50624605919
baseline,33380.50639776613
baseline,33500.50821824941
baseline,33460.50761142165
baseline,33590.50958361187
baseline,33560.50912849105
baseline,33530.508673370234
baseline,33670.510797267394
baseline,33570.50928019799
baseline,33550.50897678411
baseline,33610.50988702575
baseline,33660.510645560455
baseline,33540.50882507717
baseline,33530.508673370234
baseline,33560.50912849105
baseline,33480.50791483553
baseline,33830.51322457843
baseline,34290.52020309768
baseline,34600.524906012826
baseline,34710.52657478917
baseline,34710.52657478917
baseline,34810.52809185856
baseline,33840.51337628537
baseline,33600.50973531881
baseline,37910.575121010006
baseline,33600.50973531881
baseline,33570.50928019799
baseline,33530.508673370234
baseline,33520.50852166329
baseline,33600.50973531881
baseline,33940.514893354775
baseline,34320.5206582185
baseline,34420.5221752879
baseline,33860.51367969925
baseline,34130.51777578664
baseline,34170.5183826144
baseline,34130.51777578664
baseline,34120.5176240797
baseline,38710.58725756521
baseline,34070.516865544996
baseline,34080.517017251936
baseline,34110.517472372754
baseline,34150.51807920052
baseline,34120.5176240797
baseline,33910.51443823396
baseline,34160.51823090746
baseline,34020.5161070103
baseline,33650.510493853515
baseline,33630.51019043963
baseline,33640.51034214657
baseline,33630.51019043963
baseline,33590.50958361187
baseline,33610.50988702575
baseline,33600.50973531881
baseline,34640.525512840584
baseline,34550.52414747812
baseline,34430.52232699484
baseline,33700.51125238821
baseline,33420.50700459389
baseline,33490.50806654247
baseline,33510.50836995635
baseline,33540.50882507717
baseline,37890.57481759613
baseline,33510.50836995635
baseline,33530.508673370234
baseline,33460.50761142165
baseline,33460.50761142165
baseline,33500.50821824941
baseline,33430.50715630083
baseline,33620.51003873269
baseline,33910.51443823396
baseline,33920.514589940896
baseline,33820.513072871494
baseline,33650.510493853515
baseline,33880.51398311313
baseline,33780.512466043736
baseline,33880.51398311313
baseline,38350.581796115366
baseline,33830.51322457843
baseline,33760.51216262985
baseline,33790.512617750675
baseline,33840.51337628537
baseline,33870.51383140619
baseline,33760.51216262985
baseline,33840.51337628537
baseline,33700.51125238821
baseline,33690.51110068127
baseline,33790.512617750675
baseline,33720.51155580209
baseline,33370.50624605919
baseline,33340.50579093837
baseline,33350.50594264531
baseline,33380.50639776613
baseline,33420.50700459389
baseline,33390.506549473066
baseline,33390.506549473066
baseline,33420.50700459389
baseline,38010.57663807941
baseline,33500.50821824941
baseline,33470.50776312859
baseline,33400.506701180006
baseline,33480.50791483553
baseline,33630.51019043963
baseline,33590.50958361187
baseline,33580.50943190493
baseline,33540.50882507717
baseline,33590.50958361187
baseline,33540.50882507717
baseline,33740.51185921597
baseline,33690.51110068127
baseline,33640.51034214657
baseline,33500.50821824941
baseline,33440.50730800777
baseline,34110.517472372754
baseline,33640.51034214657
baseline,33520.50852166329
baseline,33500.50821824941
baseline,33540.50882507717
baseline,33900.51428652702
baseline,34310.52050651156
baseline,33650.510493853515
baseline,33830.51322457843
baseline,33630.51019043963
baseline,33750.51201092291
baseline,33760.51216262985
baseline,33670.510797267394
baseline,34290.52020309768
baseline,34450.52263040872
baseline,33790.512617750675
baseline,33890.51413482008
baseline,34650.525664547524
baseline,34640.525512840584
baseline,34660.52581625446
baseline,34490.523237236484
baseline,34550.52414747812
baseline,34250.51959626992
baseline,34600.524906012826
baseline,34500.523388943424
baseline,34520.5236923573
baseline,34420.5221752879
baseline,39360.59711851632
baseline,34310.52050651156
baseline,34470.522933822605
baseline,35100.53249135983
baseline,35010.53112599737
baseline,34980.53067087655
baseline,35430.537497688856
baseline,35780.54280743176
baseline,35640.54068353459
baseline,36230.54963424406
baseline,36140.548268881605
baseline,35280.53522208475
baseline,35310.535677205575
baseline,35730.542048897056
baseline,35260.53491867087
baseline,40440.613502865854
baseline,35210.53416013617
baseline,35130.53294648065
baseline,35160.53340160147
baseline,35200.53400842923
baseline,35280.53522208475
baseline,37100.562832747855
baseline,36290.550544485704
baseline,35920.54493132892
baseline,36520.55403374533
baseline,36220.54948253712
baseline,35920.54493132892
baseline,36570.554792280025
baseline,42050.637927683216
baseline,35960.54553815668
baseline,35820.54341425952
baseline,35890.5444762081
baseline,35960.54553815668
baseline,35960.54553815668
baseline,36430.552668382865
baseline,36440.552820089804
baseline,35940.5452347428
baseline,36070.54720693302
baseline,36020.54644839832
baseline,35780.54280743176
baseline,36030.54660010526
baseline,36480.55342691757
baseline,36590.555095693904
baseline,36310.55084789958
baseline,36400.552213262046
baseline,36760.55767471189
baseline,36300.550696192644
baseline,36310.55084789958
baseline,35790.5429591387
baseline,35770.54265572482
baseline,35550.53931817214
baseline,34940.530064048784
baseline,36680.55646105637
baseline,35650.54083524154
baseline,35570.53962158602
baseline,35120.53279477371
baseline,35140.53309818759
baseline,35440.537649395796
baseline,35180.533705015354
baseline,35180.533705015354
baseline,35170.53355330841
baseline,35190.53385672229
baseline,35750.542352310935
baseline,35520.53886305131
baseline,35550.53931817214
baseline,35520.53886305131
baseline,35360.53643574027
baseline,35780.54280743176
baseline,35330.535980619454
baseline,35260.53491867087
baseline,35200.53400842923
baseline,35080.53218794595
baseline,39630.6012146037
baseline,35260.53491867087
baseline,35190.53385672229
baseline,35180.533705015354
baseline,35090.53233965289
baseline,35060.53188453207
baseline,34990.53082258349
baseline,35020.53127770431
baseline,35000.53097429043
baseline,36100.54766205384
baseline,35890.5444762081
baseline,35250.53476696393
baseline,34990.53082258349
baseline,34840.52854697939
baseline,39680.60197313841
baseline,34940.530064048784
baseline,34840.52854697939
baseline,34800.52794015162
baseline,34810.52809185856
baseline,34770.527485030805
baseline,34900.529457221026
baseline,34800.52794015162
baseline,34860.52885039327
baseline,34880.52915380715
baseline,35140.53309818759
baseline,34910.529608927965
baseline,39240.59529803304
baseline,34900.529457221026
baseline,34850.52869868633
baseline,34920.529760634905
baseline,34850.52869868633
baseline,34800.52794015162
baseline,34860.52885039327
baseline,35410.53719427497
baseline,34900.529457221026
baseline,34760.527333323866
baseline,35000.53097429043
baseline,34970.53051916961
baseline,34250.51959626992
baseline,34450.52263040872
baseline,34560.52429918506
baseline,35730.542048897056
baseline,34120.5176240797
baseline,34110.517472372754
baseline,34160.51823090746
baseline,34130.51777578664
baseline,34140.51792749358
baseline,34150.51807920052
baseline,33840.51337628537
baseline,33830.51322457843
baseline,34120.5176240797
baseline,33600.50973531881
baseline,33670.510797267394
baseline,33570.50928019799
baseline,33580.50943190493
baseline,33490.50806654247
baseline,33490.50806654247
baseline,33460.50761142165
baseline,33380.50639776613
baseline,33340.50579093837
baseline,33400.506701180006
baseline,33460.50761142165
baseline,33490.50806654247
baseline,33480.50791483553
baseline,33520.50852166329
baseline,33460.50761142165
baseline,33360.50609435225
baseline,33430.50715630083
baseline,33390.506549473066
baseline,33400.506701180006
baseline,33380.50639776613
baseline,33460.50761142165
baseline,33510.50836995635
baseline,33430.50715630083
baseline,33470.50776312859
baseline,33410.50685288695
baseline,38000.57648637246
baseline,33420.50700459389
baseline,33540.50882507717
baseline,33440.50730800777
baseline,33410.50685288695
baseline,33420.50700459389
baseline,33480.50791483553
baseline,33490.50806654247
baseline,33580.50943190493
baseline,33550.50897678411
baseline,33500.50821824941
baseline,33540.50882507717
baseline,33460.50761142165
baseline,33500.50821824941
baseline,33580.50943190493
baseline,33380.50639776613
baseline,33370.50624605919
baseline,33470.50776312859
baseline,33630.51019043963
baseline,33620.51003873269
baseline,33780.512466043736
baseline,34040.51641042418
baseline,34130.51777578664
baseline,34240.51944456298
baseline,34420.5221752879
baseline,34620.525209426705
baseline,34050.51656213112
baseline,38660.58649903051
baseline,33400.506701180006
baseline,33400.506701180006
baseline,33350.50594264531
baseline,33900.51428652702
baseline,34190.51868602828
baseline,33890.51413482008
baseline,34120.5176240797
baseline,34350.52111333932
baseline,33770.5123143368
baseline,34030.51625871724
baseline,34190.51868602828
baseline,34090.517168958875
baseline,34030.51625871724
baseline,33920.514589940896
baseline,34030.51625871724
baseline,38990.59150535954
baseline,34210.51898944216
baseline,34360.52126504626
baseline,34540.52399577118
baseline,33930.514741647836
baseline,34310.52050651156
baseline,34770.527485030805
baseline,34610.525057719766
baseline,34080.517017251936
baseline,34130.51777578664
baseline,34140.51792749358
baseline,33950.515045061715
baseline,33950.515045061715
baseline,33960.515196768654
baseline,33890.51413482008
baseline,33970.515348475594
baseline,34250.51959626992
baseline,34150.51807920052
baseline,33980.51550018253
baseline,33990.51565188947
baseline,35140.53309818759
baseline,34240.51944456298
baseline,33720.51155580209
baseline,33620.51003873269
baseline,33820.513072871494
baseline,35490.53840793049
baseline,35300.535525498635
baseline,34270.5198996838
baseline,38490.583920012534
baseline,33750.51201092291
baseline,33870.51383140619
baseline,33900.51428652702
baseline,33570.50928019799
baseline,33540.50882507717
baseline,34540.52399577118
baseline,34090.517168958875
baseline,34290.52020309768
baseline,34390.52172016708
baseline,34430.52232699484
baseline,34400.52187187402
baseline,34340.52096163238
baseline,39720.602579966166
baseline,34500.523388943424
baseline,34440.52247870178
baseline,34370.5214167532
baseline,35120.53279477371
baseline,34510.52354065036
baseline,34540.52399577118
baseline,34820.5282435655
baseline,34320.5206582185
baseline,34120.5176240797
baseline,34100.517320665815
baseline,33870.51383140619
baseline,33780.512466043736
baseline,33850.51352799231
baseline,33660.510645560455
baseline,33560.50912849105
baseline,33640.51034214657
baseline,33730.51170750903
baseline,33760.51216262985
baseline,33750.51201092291
baseline,33720.51155580209
baseline,33540.50882507717
baseline,34520.5236923573
baseline,34710.52657478917
baseline,34050.51656213112
baseline,34130.51777578664
baseline,34060.51671383806
baseline,34120.5176240797
baseline,34130.51777578664
baseline,34170.5183826144
baseline,38700.58710585827
baseline,34230.519292856035
baseline,34260.51974797686
baseline,34200.51883773522
baseline,34270.5198996838
baseline,34290.52020309768
baseline,34230.519292856035
baseline,33930.514741647836
baseline,34180.51853432134
baseline,33550.50897678411
baseline,33470.50776312859
baseline,33450.50745971471
baseline,33530.508673370234
baseline,33520.50852166329
baseline,33550.50897678411
baseline,38040.57709320023
baseline,33620.51003873269
baseline,33640.51034214657
baseline,33480.50791483553
baseline,33460.50761142165
baseline,33430.50715630083
baseline,33390.506549473066
baseline,33380.50639776613
baseline,33380.50639776613
baseline,33380.50639776613
baseline,33350.50594264531
baseline,33350.50594264531
baseline,35390.53689086109
baseline,33460.50761142165
baseline,33390.506549473066
baseline,33320.50548752449
baseline,39270.59575315386
baseline,33540.50882507717
baseline,33560.50912849105
baseline,33810.512921164554
baseline,33580.50943190493
baseline,33540.50882507717
baseline,33460.50761142165
baseline,33440.50730800777
baseline,33530.508673370234
baseline,33820.513072871494
baseline,34150.51807920052
baseline,34200.51883773522
baseline,33640.51034214657
baseline,33410.50685288695
baseline,33470.50776312859
baseline,33580.50943190493
baseline,33600.50973531881
baseline,33590.50958361187
baseline,33760.51216262985
baseline,33540.50882507717
baseline,33560.50912849105
baseline,33500.50821824941
baseline,33390.506549473066
baseline,33420.50700459389
baseline,33470.50776312859
baseline,33600.50973531881
baseline,33770.5123143368
baseline,33960.515196768654
baseline,33350.50594264531
baseline,34280.52005139074
baseline,34760.527333323866
baseline,34610.525057719766
baseline,33910.51443823396
baseline,34000.51580359642
baseline,33920.514589940896
baseline,34040.51641042418
baseline,34000.51580359642
baseline,34010.51595530336
baseline,33980.51550018253
baseline,34000.51580359642
baseline,33920.514589940896
baseline,38480.583768305594
baseline,33930.514741647836
baseline,33950.515045061715
baseline,33960.515196768654
baseline,34000.51580359642
baseline,34160.51823090746
baseline,34640.525512840584
baseline,34230.519292856035
baseline,35480.53825622355
baseline,34330.52080992544
baseline,34560.52429918506
baseline,35410.53719427497
baseline,34520.5236923573
baseline,34500.523388943424
baseline,34420.5221752879
baseline,34540.52399577118
baseline,35310.535677205575
baseline,35720.541897190116
baseline,35190.53385672229
baseline,35440.537649395796
baseline,34730.52687820305
baseline,35000.53097429043
baseline,35380.53673915415
baseline,35710.54174548318
baseline,35620.540380120714
baseline,35560.53946987908
baseline,35430.537497688856
baseline,35490.53840793049
baseline,40700.617447246295
baseline,35450.537801102735
baseline,35190.53385672229
baseline,35330.535980619454
baseline,35090.53233965289
baseline,35120.53279477371
baseline,35040.531581118186
baseline,34940.530064048784
baseline,35230.53446355005
baseline,35540.5391664652
baseline,35510.53871134437
baseline,35760.542504017874
baseline,35340.53613232639
baseline,36370.55175814123
baseline,36430.552668382865
baseline,35400.53704256803
baseline,1252979.0082727696
baseline,35620.540380120714
baseline,36100.54766205384
baseline,35530.53901475825
baseline,34800.52794015162
baseline,34950.53021575573
baseline,34800.52794015162
baseline,34800.52794015162
baseline,34720.52672649611
baseline,34700.52642308222
baseline,39570.600304362066
baseline,35410.53719427497
baseline,34760.527333323866
baseline,34730.52687820305
baseline,34690.52627137528
baseline,34700.52642308222
baseline,34700.52642308222
baseline,34700.52642308222
baseline,34470.522933822605
baseline,34610.525057719766
baseline,34130.51777578664
baseline,34300.52035480462
baseline,34410.52202358096
baseline,34220.519141149096
baseline,39250.59544973998
baseline,34000.51580359642
baseline,33910.51443823396
baseline,33930.514741647836
baseline,33980.51550018253
baseline,34000.51580359642
baseline,33980.51550018253
baseline,33970.515348475594
baseline,33970.515348475594
baseline,34040.51641042418
baseline,33460.50761142165
baseline,33340.50579093837
baseline,33340.50579093837
baseline,33330.50563923143
baseline,33320.50548752449
baseline,33320.50548752449
baseline,37630.57087321568
baseline,33430.50715630083
baseline,33430.50715630083
baseline,33320.50548752449
baseline,33330.50563923143
baseline,33320.50548752449
baseline,33340.50579093837
baseline,33360.50609435225
baseline,33310.50533581755
baseline,33340.50579093837
baseline,33290.505032403664
baseline,33290.505032403664
baseline,33310.50533581755
baseline,33340.50579093837
baseline,33360.50609435225
baseline,33390.506549473066
baseline,33340.50579093837
baseline,33400.506701180006
baseline,33550.50897678411
baseline,33440.50730800777
baseline,38130.57845856269
baseline,33380.50639776613
baseline,33390.506549473066
baseline,33400.506701180006
baseline,33460.50761142165
baseline,33520.50852166329
baseline,33430.50715630083
baseline,33460.50761142165
baseline,33460.50761142165
baseline,33630.51019043963
baseline,33600.50973531881
baseline,33530.508673370234
baseline,33720.51155580209
baseline,33950.515045061715
baseline,33890.51413482008
baseline,34030.51625871724
baseline,33490.50806654247
baseline,33480.50791483553
baseline,33400.506701180006
baseline,34160.51823090746
baseline,33560.50912849105
baseline,33660.510645560455
baseline,33560.50912849105
baseline,33760.51216262985
baseline,33630.51019043963
baseline,33780.512466043736
baseline,33850.51352799231
baseline,33720.51155580209
baseline,33600.50973531881
baseline,33820.513072871494
baseline,34010.51595530336
baseline,34360.52126504626
baseline,34340.52096163238
baseline,33750.51201092291
baseline,33690.51110068127
baseline,34480.523085529545
baseline,40000.606827760486
baseline,33790.512617750675
baseline,33810.512921164554
baseline,33820.513072871494
baseline,33880.51398311313
baseline,33830.51322457843
baseline,33770.5123143368
baseline,34420.5221752879
baseline,34520.5236923573
baseline,34800.52794015162
baseline,34720.52672649611
baseline,35710.54174548318
baseline,35830.54356596646
baseline,35280.53522208475
baseline,34410.52202358096
baseline,34320.5206582185
baseline,39780.60349020781
baseline,34400.52187187402
baseline,34440.52247870178
baseline,34420.5221752879
baseline,34280.52005139074
baseline,34770.527485030805
baseline,34930.529912341844
baseline,35040.531581118186
baseline,35340.53613232639
baseline,34940.530064048784
baseline,34850.52869868633
baseline,34960.53036746267
baseline,34980.53067087655
baseline,34880.52915380715
baseline,35050.531732825126
baseline,35480.53825622355
baseline,34950.53021575573
baseline,35090.53233965289
baseline,35000.53097429043
baseline,34860.52885039327
baseline,34940.530064048784
baseline,34890.52930551409
baseline,35210.53416013617
baseline,35280.53522208475
baseline,35000.53097429043
baseline,34920.529760634905
baseline,35500.53855963743
baseline,34400.52187187402
baseline,34270.5198996838
baseline,34240.51944456298
baseline,34160.51823090746
baseline,34190.51868602828
baseline,37340.56647371442
baseline,34230.519292856035
baseline,34190.51868602828
baseline,34730.52687820305
baseline,34990.53082258349
baseline,39230.5951463261
baseline,34280.52005139074
baseline,34220.519141149096
baseline,34250.51959626992
baseline,34320.5206582185
baseline,34010.51595530336
baseline,33980.51550018253
baseline,34160.51823090746
baseline,33830.51322457843
baseline,33800.512769457615
baseline,34050.51656213112
baseline,39010.59180877342
baseline,34360.52126504626
baseline,33880.51398311313
baseline,33950.515045061715
baseline,33960.515196768654
baseline,33930.514741647836
baseline,34090.517168958875
baseline,34000.51580359642
baseline,33960.515196768654
baseline,33910.51443823396
baseline,34680.52611966834
baseline,34810.52809185856
baseline,34440.52247870178
baseline,33840.51337628537
baseline,33990.51565188947
baseline,33940.514893354775
baseline,34010.51595530336
baseline,33960.515196768654
baseline,33820.513072871494
baseline,34940.530064048784
baseline,35030.53142941125
baseline,35420.53734598192
baseline,35040.531581118186
baseline,34860.52885039327
baseline,34740.52702990999
baseline,34890.52930551409
baseline,35400.53704256803
baseline,34740.52702990999
baseline,34660.52581625446
baseline,34480.523085529545
baseline,34520.5236923573
baseline,34490.523237236484
baseline,34430.52232699484
baseline,34550.52414747812
baseline,34510.52354065036
baseline,39120.59347754976
baseline,34390.52172016708
baseline,34410.52202358096
baseline,34560.52429918506
baseline,34940.530064048784
baseline,35010.53112599737
baseline,35080.53218794595
baseline,34980.53067087655
baseline,34410.52202358096
baseline,34900.529457221026
baseline,34230.519292856035
baseline,34280.52005139074
baseline,34300.52035480462
baseline,34200.51883773522
baseline,33610.50988702575
baseline,33600.50973531881
baseline,33580.50943190493
baseline,33610.50988702575
baseline,33600.50973531881
baseline,33630.51019043963
baseline,33620.51003873269
baseline,33660.510645560455
baseline,33660.510645560455
baseline,33640.51034214657
baseline,33900.51428652702
baseline,34180.51853432134
baseline,34250.51959626992
baseline,33980.51550018253
baseline,34200.51883773522
baseline,34230.519292856035
baseline,34200.51883773522
baseline,34150.51807920052
baseline,34220.519141149096
baseline,34220.519141149096
baseline,34200.51883773522
baseline,34170.5183826144
baseline,34250.51959626992
baseline,34200.51883773522
baseline,34230.519292856035
baseline,34250.51959626992
baseline,34190.51868602828
baseline,34200.51883773522
baseline,34230.519292856035
baseline,34220.519141149096
baseline,34190.51868602828
baseline,34090.517168958875
baseline,33730.51170750903
baseline,33540.50882507717
baseline,33570.50928019799
baseline,33540.50882507717
baseline,33550.50897678411
baseline,38170.57906539045
baseline,33590.50958361187
baseline,33570.50928019799
baseline,33580.50943190493
baseline,33610.50988702575
baseline,33520.50852166329
baseline,33560.50912849105
baseline,33480.50791483553
baseline,33500.50821824941
baseline,33520.50852166329
baseline,33500.50821824941
baseline,33410.50685288695
baseline,33380.50639776613
baseline,33370.50624605919
baseline,33370.50624605919
baseline,33450.50745971471
baseline,33470.50776312859
baseline,33410.50685288695
baseline,33440.50730800777
baseline,33420.50700459389
baseline,33400.506701180006
baseline,33510.50836995635
baseline,33590.50958361187
baseline,33550.50897678411
baseline,33530.508673370234
baseline,33560.50912849105
baseline,33510.50836995635
baseline,33500.50821824941
baseline,33510.50836995635
baseline,33570.50928019799
baseline,33410.50685288695
baseline,33530.508673370234
baseline,33530.508673370234
baseline,33440.50730800777
baseline,33400.506701180006
baseline,33510.50836995635
baseline,33820.513072871494
baseline,34150.51807920052
baseline,34240.51944456298
baseline,34070.516865544996
baseline,33750.51201092291
baseline,34280.52005139074
baseline,34190.51868602828
baseline,34180.51853432134
baseline,33990.51565188947
baseline,33630.51019043963
baseline,34060.51671383806
baseline,34280.52005139074
baseline,34450.52263040872
baseline,34530.52384406424
baseline,34070.516865544996
baseline,33820.513072871494
baseline,33600.50973531881
baseline,33540.50882507717
baseline,33560.50912849105
baseline,33780.512466043736
baseline,33740.51185921597
baseline,34620.525209426705
baseline,34110.517472372754
baseline,34230.519292856035
baseline,34250.51959626992
baseline,34330.52080992544
baseline,34330.52080992544
baseline,34210.51898944216
baseline,34230.519292856035
baseline,34280.52005139074
baseline,34310.52050651156
baseline,34240.51944456298
baseline,34290.52020309768
baseline,34370.5214167532
baseline,34520.5236923573
baseline,34690.52627137528
baseline,34230.519292856035
baseline,34210.51898944216
baseline,34140.51792749358
baseline,34010.51595530336
baseline,34110.517472372754
baseline,36130.548117174665
baseline,34400.52187187402
baseline,34320.5206582185
baseline,34360.52126504626
baseline,34410.52202358096
baseline,34420.5221752879
baseline,39280.5959048608
baseline,34030.51625871724
baseline,34020.5161070103
baseline,34110.517472372754
baseline,34530.52384406424
baseline,34590.52475430589
baseline,34120.5176240797
baseline,34120.5176240797
baseline,34290.52020309768
baseline,34380.52156846014
baseline,34440.52247870178
baseline,34440.52247870178
baseline,34600.524906012826
baseline,34680.52611966834
baseline,41930.636107199934
baseline,34680.52611966834
baseline,35020.53127770431
baseline,34820.5282435655
baseline,34620.525209426705
baseline,34980.53067087655
baseline,34980.53067087655
baseline,34980.53067087655
baseline,34660.52581625446
baseline,34880.52915380715
baseline,34930.529912341844
baseline,34860.52885039327
baseline,34820.5282435655
baseline,34840.52854697939
baseline,34850.52869868633
baseline,34820.5282435655
baseline,34870.52900210021
baseline,35300.535525498635
baseline,35940.5452347428
baseline,35650.54083524154
baseline,35710.54174548318
baseline,35470.538104516614
baseline,35890.5444762081
baseline,35610.540228413774
baseline,35470.538104516614
baseline,35290.53537379169
baseline,34980.53067087655
baseline,34640.525512840584
baseline,34670.5259679614
baseline,35030.53142941125
baseline,34710.52657478917
baseline,39540.59984924125
baseline,34690.52627137528
baseline,34680.52611966834
baseline,34670.5259679614
baseline,34720.52672649611
baseline,34700.52642308222
baseline,34750.527181616926
baseline,34780.527636737745
baseline,35520.53886305131
baseline,35490.53840793049
baseline,35350.53628403333
baseline,35590.539924999895
baseline,35460.537952809675
baseline,35580.539773292956
baseline,35310.535677205575
baseline,35400.53704256803
baseline,40400.612896038096
baseline,35490.53840793049
baseline,35460.537952809675
baseline,35370.53658744721
baseline,35390.53689086109
baseline,35450.537801102735
baseline,35400.53704256803
baseline,35850.54386938034
baseline,35450.537801102735
baseline,34890.52930551409
baseline,35250.53476696393
baseline,34890.52930551409
baseline,34980.53067087655
baseline,34980.53067087655
baseline,34920.529760634905
baseline,34910.529608927965
baseline,34990.53082258349
baseline,35020.53127770431
baseline,34980.53067087655
baseline,34930.529912341844
baseline,34850.52869868633
baseline,34910.529608927965
baseline,34950.53021575573
baseline,34480.523085529545
baseline,34660.52581625446
baseline,34780.527636737745
baseline,34650.525664547524
baseline,34580.52460259894
baseline,34450.52263040872
baseline,34710.52657478917
baseline,33820.513072871494
baseline,33860.51367969925
baseline,33900.51428652702
baseline,33810.512921164554
baseline,33850.51352799231
baseline,33920.514589940896
baseline,33890.51413482008
baseline,33930.514741647836
baseline,33970.515348475594
baseline,33960.515196768654
baseline,34030.51625871724
baseline,34100.517320665815
baseline,34280.52005139074
baseline,34230.519292856035
baseline,33870.51383140619
baseline,33580.50943190493
baseline,33530.508673370234
baseline,33820.513072871494
baseline,34010.51595530336
baseline,34120.5176240797
baseline,38840.58922975544
baseline,33470.50776312859
baseline,33500.50821824941
baseline,33470.50776312859
baseline,33520.50852166329
baseline,33550.50897678411
baseline,33500.50821824941
baseline,33490.50806654247
baseline,33450.50745971471
baseline,33460.50761142165
baseline,34410.52202358096
baseline,34530.52384406424
baseline,34010.51595530336
baseline,34470.522933822605
baseline,34680.52611966834
baseline,34760.527333323866
baseline,34330.52080992544
baseline,34490.523237236484
baseline,34390.52172016708
baseline,34420.5221752879
baseline,34480.523085529545
baseline,34310.52050651156
baseline,34160.51823090746
baseline,34220.519141149096
baseline,34190.51868602828
baseline,35000.53097429043
baseline,35030.53142941125
baseline,34730.52687820305
baseline,35020.53127770431
baseline,34870.52900210021
baseline,34900.529457221026
baseline,34960.53036746267
baseline,36520.55403374533
baseline,35990.5459932775
baseline,35850.54386938034
baseline,34940.530064048784
baseline,34960.53036746267
baseline,37430.56783907688
baseline,36040.5467518122
baseline,36320.55099960652
baseline,36040.5467518122
baseline,35850.54386938034
baseline,35750.542352310935
baseline,35750.542352310935
baseline,35830.54356596646
baseline,36350.55145472734
baseline,36580.554943986965
baseline,36190.5490274163
baseline,36190.5490274163
baseline,36170.54872400242
baseline,35880.544324501156
baseline,36080.54735863996
baseline,36300.550696192644
baseline,36970.560860557634
baseline,37360.5667771283
baseline,36540.55433715921
baseline,37340.56647371442
baseline,36640.55585422861
baseline,39960.60622093273
baseline,36810.55843324659
baseline,37090.562681040916
baseline,37300.56586688666
baseline,41690.63246623337
baseline,36520.55403374533
baseline,36620.55555081473
baseline,36380.55190984817
baseline,36430.552668382865
baseline,37530.569356146276
baseline,36930.56025372987
baseline,36990.56116397151
baseline,37210.5645015242
baseline,42200.640203287316
baseline,37030.56177079927
baseline,36990.56116397151
baseline,37040.56192250621
baseline,37010.56146738539
baseline,36940.56040543681
baseline,37020.56161909233
baseline,36960.560708850695
baseline,36840.55888836741
baseline,36960.560708850695
baseline,36940.56040543681
baseline,36260.550089364886
baseline,36300.550696192644
baseline,36210.54933083018
baseline,41060.62290869614
baseline,36210.54933083018
baseline,36140.548268881605
baseline,36180.54887570936
baseline,36160.54857229548
baseline,36140.548268881605
baseline,36160.54857229548
baseline,36080.54735863996
baseline,36140.548268881605
baseline,36030.54660010526
baseline,35950.54538644974
baseline,36130.548117174665
baseline,35830.54356596646
baseline,35310.535677205575
baseline,35270.53507037781
baseline,35250.53476696393
baseline,35290.53537379169
baseline,35290.53537379169
baseline,35220.53431184311
baseline,35190.53385672229
baseline,35200.53400842923
baseline,35210.53416013617
baseline,35250.53476696393
baseline,35340.53613232639
baseline,35300.535525498635
baseline,35330.535980619454
baseline,35250.53476696393
baseline,35220.53431184311
baseline,35070.53203623901
baseline,34540.52399577118
baseline,34590.52475430589
baseline,34540.52399577118
baseline,34480.523085529545
baseline,38870.58968487626
baseline,34450.52263040872
baseline,34500.523388943424
baseline,34430.52232699484
baseline,34510.52354065036
baseline,34430.52232699484
baseline,34340.52096163238
baseline,34430.52232699484
baseline,33690.51110068127
baseline,33750.51201092291
baseline,33670.510797267394
baseline,33650.510493853515
baseline,33740.51185921597
baseline,33720.51155580209
baseline,33760.51216262985
baseline,33710.51140409515
baseline,33770.5123143368
baseline,33780.512466043736
baseline,33640.51034214657
baseline,33710.51140409515
baseline,33510.50836995635
baseline,33310.50533581755
baseline,33340.50579093837
baseline,33260.504577282845
baseline,33320.50548752449
baseline,37770.572997112846
baseline,33290.505032403664
baseline,33240.504273868966
baseline,33330.50563923143
baseline,33310.50533581755
baseline,33260.504577282845
baseline,33210.50381874815
baseline,33210.50381874815
baseline,33280.504880696724
baseline,33310.50533581755
baseline,33350.50594264531
baseline,33430.50715630083
baseline,33480.50791483553
baseline,33510.50836995635
baseline,33920.514589940896
baseline,33740.51185921597
baseline,33420.50700459389
baseline,33950.515045061715
baseline,34500.523388943424
baseline,34370.5214167532
baseline,33520.50852166329
baseline,33440.50730800777
baseline,33570.50928019799
baseline,33370.50624605919
baseline,33590.50958361187
baseline,33510.50836995635
baseline,33390.506549473066
baseline,33430.50715630083
baseline,33550.50897678411
baseline,34280.52005139074
baseline,33500.50821824941
baseline,33430.50715630083
baseline,33460.50761142165
baseline,33440.50730800777
baseline,33560.50912849105
baseline,34090.517168958875
baseline,34420.5221752879
baseline,34110.517472372754
baseline,35490.53840793049
baseline,35550.53931817214
baseline,35260.53491867087
baseline,34390.52172016708
baseline,39320.59651168856
baseline,34040.51641042418
baseline,34400.52187187402
baseline,34420.5221752879
baseline,35290.53537379169
baseline,35310.535677205575
baseline,35120.53279477371
baseline,34700.52642308222
baseline,35280.53522208475
baseline,34900.529457221026
baseline,34890.52930551409
baseline,35150.53324989453
baseline,35390.53689086109
baseline,34890.52930551409
baseline,34920.529760634905
baseline,34800.52794015162
baseline,39190.59453949834
baseline,34830.52839527245
baseline,34800.52794015162
baseline,34790.527788444684
baseline,34840.52854697939
baseline,34790.527788444684
baseline,34880.52915380715
baseline,34950.53021575573
baseline,34890.52930551409
baseline,34840.52854697939
baseline,34830.52839527245
baseline,34850.52869868633
baseline,34810.52809185856
baseline,34890.52930551409
baseline,34880.52915380715
baseline,34860.52885039327
baseline,34830.52839527245
baseline,39830.60424874251
baseline,34870.52900210021
baseline,34820.5282435655
baseline,34790.527788444684
baseline,34800.52794015162
baseline,34860.52885039327
baseline,34810.52809185856
baseline,34850.52869868633
baseline,34650.525664547524
baseline,34070.516865544996
baseline,37690.57178345732
baseline,34120.5176240797
baseline,34090.517168958875
baseline,34100.517320665815
baseline,34040.51641042418
baseline,34130.51777578664
baseline,34110.517472372754
baseline,34110.517472372754
baseline,34080.517017251936
baseline,34110.517472372754
baseline,34060.51671383806
baseline,33900.51428652702
baseline,33950.515045061715
baseline,33490.50806654247
baseline,33340.50579093837
baseline,33350.50594264531
baseline,33330.50563923143
baseline,33350.50594264531
baseline,33440.50730800777
baseline,38110.5781551488
baseline,33380.50639776613
baseline,33360.50609435225
baseline,33420.50700459389
baseline,33420.50700459389
baseline,33360.50609435225
baseline,33430.50715630083
baseline,33500.50821824941
baseline,33250.504425575906
baseline,33320.50548752449
baseline,33260.504577282845
baseline,33360.50609435225
baseline,33280.504880696724
baseline,33310.50533581755
baseline,38030.57694149329
baseline,33330.50563923143
baseline,33340.50579093837
baseline,33300.50518411061
baseline,33210.50381874815
baseline,33290.505032403664
baseline,33350.50594264531
baseline,34180.51853432134
baseline,34380.52156846014
baseline,34500.523388943424
baseline,34150.51807920052
baseline,33910.51443823396
baseline,33660.510645560455
baseline,33370.50624605919
baseline,33390.506549473066
baseline,33330.50563923143
baseline,37890.57481759613
baseline,33340.50579093837
baseline,33310.50533581755
baseline,33320.50548752449
baseline,33340.50579093837
baseline,33350.50594264531
baseline,33370.50624605919
baseline,33460.50761142165
baseline,33640.51034214657
baseline,33650.510493853515
baseline,33650.510493853515
baseline,35350.53628403333
baseline,33610.50988702575
baseline,33640.51034214657
baseline,33590.50958361187
baseline,33620.51003873269
baseline,33530.508673370234
baseline,33550.50897678411
baseline,33370.50624605919
baseline,33390.506549473066
baseline,33360.50609435225
baseline,33300.50518411061
baseline,33300.50518411061
baseline,33330.50563923143
baseline,33290.505032403664
baseline,33290.505032403664
baseline,33280.504880696724
baseline,33300.50518411061
baseline,33220.50397045509
baseline,33280.504880696724
baseline,33210.50381874815
baseline,33290.505032403664
baseline,33240.504273868966
baseline,33210.50381874815
baseline,33260.504577282845
baseline,33220.50397045509
baseline,33270.504728989785
baseline,33220.50397045509
baseline,33230.50412216203
baseline,38030.57694149329
baseline,33360.50609435225
baseline,33460.50761142165
baseline,33500.50821824941
baseline,33410.50685288695
baseline,33550.50897678411
baseline,33560.50912849105
baseline,33490.50806654247
baseline,33530.508673370234
baseline,33540.50882507717
baseline,33480.50791483553
baseline,33430.50715630083
baseline,33530.508673370234
baseline,33550.50897678411
baseline,33480.50791483553
baseline,33460.50761142165
baseline,33510.50836995635
baseline,33410.50685288695
baseline,33450.50745971471
baseline,33420.50700459389
baseline,38940.59074682483
baseline,33500.50821824941
baseline,33400.506701180006
baseline,33460.50761142165
baseline,33390.506549473066
baseline,33370.50624605919
baseline,33370.50624605919
baseline,33400.506701180006
baseline,33470.50776312859
baseline,33340.50579093837
baseline,33490.50806654247
baseline,35360.53643574027
baseline,33410.50685288695
baseline,33350.50594264531
baseline,33380.50639776613
baseline,38230.579975632085
baseline,33520.50852166329
baseline,33580.50943190493
baseline,33360.50609435225
baseline,33390.506549473066
baseline,33450.50745971471
baseline,33410.50685288695
baseline,33450.50745971471
baseline,33400.506701180006
baseline,33370.50624605919
baseline,33320.50548752449
baseline,33550.50897678411
baseline,33390.506549473066
baseline,33400.506701180006
baseline,33320.50548752449
baseline,33300.50518411061
baseline,33290.505032403664
baseline,37610.5705698018
baseline,33300.50518411061
baseline,33300.50518411061
baseline,33400.506701180006
baseline,33360.50609435225
baseline,33480.50791483553
baseline,33540.50882507717
baseline,33480.50791483553
baseline,33660.510645560455
baseline,34080.517017251936
baseline,34330.52080992544
baseline,34200.51883773522
baseline,33370.50624605919
baseline,33390.506549473066
baseline,34080.517017251936
baseline,33580.50943190493
baseline,33650.510493853515
baseline,38140.57861026963
baseline,33630.51019043963
baseline,33670.510797267394
baseline,33520.50852166329
baseline,33520.50852166329
baseline,33660.510645560455
baseline,33670.510797267394
baseline,34360.52126504626
baseline,33660.510645560455
baseline,33600.50973531881
baseline,33650.510493853515
baseline,33950.515045061715
baseline,33980.51550018253
baseline,33920.514589940896
baseline,34080.517017251936
baseline,34030.51625871724
baseline,38210.579672218206
baseline,33930.514741647836
baseline,34180.51853432134
baseline,34980.53067087655
baseline,35790.5429591387
baseline,34600.524906012826
baseline,34100.517320665815
baseline,34050.51656213112
baseline,34330.52080992544
baseline,34540.52399577118
baseline,34480.523085529545
baseline,34200.51883773522
baseline,34340.52096163238
baseline,34750.527181616926
baseline,35480.53825622355
baseline,36160.54857229548
baseline,34500.523388943424
baseline,34510.52354065036
baseline,35090.53233965289
baseline,40130.608799950714
baseline,34760.527333323866
baseline,34680.52611966834
baseline,35200.53400842923
baseline,35060.53188453207
baseline,34530.52384406424
baseline,34700.52642308222
baseline,35180.533705015354
baseline,34990.53082258349
baseline,35160.53340160147
baseline,35250.53476696393
baseline,34900.529457221026
baseline,34970.53051916961
baseline,34880.52915380715
baseline,34860.52885039327
baseline,35390.53689086109
baseline,35200.53400842923
baseline,34860.52885039327
baseline,34770.527485030805
baseline,34810.52809185856
baseline,34750.527181616926
baseline,34830.52839527245
baseline,34920.529760634905
baseline,34780.527636737745
baseline,34790.527788444684
baseline,34770.527485030805
baseline,34620.525209426705
baseline,34910.529608927965
baseline,34210.51898944216
baseline,34060.51671383806
baseline,34120.5176240797
baseline,34120.5176240797
baseline,38790.58847122073
baseline,34150.51807920052
baseline,34060.51671383806
baseline,34030.51625871724
baseline,33990.51565188947
baseline,33880.51398311313
baseline,33890.51413482008
baseline,34030.51625871724
baseline,33420.50700459389
baseline,33260.504577282845
baseline,33330.50563923143
baseline,33240.504273868966
baseline,33210.50381874815
baseline,33170.50321192038
baseline,37530.569356146276
baseline,33270.504728989785
baseline,33260.504577282845
baseline,33190.50351533427
baseline,33270.504728989785
baseline,33270.504728989785
baseline,33290.505032403664
baseline,33240.504273868966
baseline,33220.50397045509
baseline,33280.504880696724
baseline,33220.50397045509
baseline,35000.53097429043
baseline,33260.504577282845
baseline,33260.504577282845
baseline,33270.504728989785
baseline,33250.504425575906
baseline,37510.5690527324
baseline,33210.50381874815
baseline,33260.504577282845
baseline,33310.50533581755
baseline,33290.505032403664
baseline,33230.50412216203
baseline,33190.50351533427
baseline,33240.504273868966
baseline,33250.504425575906
baseline,33260.504577282845
baseline,33290.505032403664
baseline,33290.505032403664
baseline,33260.504577282845
baseline,33320.50548752449
baseline,33240.504273868966
baseline,33220.50397045509
baseline,33200.50366704121
baseline,39240.59529803304
baseline,33260.504577282845
baseline,33360.50609435225
baseline,33360.50609435225
baseline,33280.504880696724
baseline,33320.50548752449
baseline,33260.504577282845
baseline,33300.50518411061
baseline,33280.504880696724
baseline,33320.50548752449
baseline,33270.504728989785
baseline,33320.50548752449
baseline,33320.50548752449
baseline,33360.50609435225
baseline,33320.50548752449
baseline,37700.57193516426
baseline,33310.50533581755
baseline,33260.504577282845
baseline,33320.50548752449
baseline,33330.50563923143
baseline,33380.50639776613
baseline,33310.50533581755
baseline,33330.50563923143
baseline,33350.50594264531
baseline,33360.50609435225
baseline,33330.50563923143
baseline,33320.50548752449
baseline,33400.506701180006
baseline,33370.50624605919
baseline,33370.50624605919
baseline,33240.504273868966
baseline,33320.50548752449
baseline,33330.50563923143
baseline,33330.50563923143
baseline,37550.56965956016
baseline,33330.50563923143
baseline,33340.50579093837
baseline,33310.50533581755
baseline,33330.50563923143
baseline,33290.505032403664
baseline,33320.50548752449
baseline,33340.50579093837
baseline,33310.50533581755
baseline,33260.504577282845
baseline,34990.53082258349
baseline,33330.50563923143
baseline,33330.50563923143
baseline,33240.504273868966
baseline,33270.504728989785
baseline,33360.50609435225
baseline,33310.50533581755
baseline,33290.505032403664
baseline,33330.50563923143
baseline,33300.50518411061
baseline,33290.505032403664
baseline,33510.50836995635
baseline,33330.50563923143
baseline,33290.505032403664
baseline,33280.504880696724
baseline,33310.50533581755
baseline,33290.505032403664
baseline,33280.504880696724
baseline,33350.50594264531
baseline,33400.506701180006
baseline,33340.50579093837
baseline,33260.504577282845
baseline,33300.50518411061
baseline,33320.50548752449
baseline,33230.50412216203
baseline,33310.50533581755
baseline,33280.504880696724
baseline,33280.504880696724
baseline,33260.504577282845
baseline,33270.504728989785
baseline,33310.50533581755
baseline,33260.504577282845
baseline,33360.50609435225
baseline,37800.573452233664
baseline,33450.50745971471
baseline,33340.50579093837
baseline,33300.50518411061
baseline,33290.505032403664
baseline,33310.50533581755
baseline,33400.506701180006
baseline,33420.50700459389
baseline,33350.50594264531
baseline,33290.505032403664
baseline,33340.50579093837
baseline,33330.50563923143
baseline,33290.505032403664
baseline,33290.505032403664
baseline,38150.57876197657
baseline,33420.50700459389
baseline,33430.50715630083
baseline,33320.50548752449
baseline,33340.50579093837
baseline,33320.50548752449
baseline,33350.50594264531
baseline,33330.50563923143
baseline,33430.50715630083
baseline,33410.50685288695
baseline,33300.50518411061
baseline,33350.50594264531
baseline,33340.50579093837
baseline,37910.575121010006
baseline,33340.50579093837
baseline,33380.50639776613
baseline,33370.50624605919
baseline,33320.50548752449
baseline,33400.506701180006
baseline,33290.505032403664
baseline,33370.50624605919
baseline,33330.50563923143
baseline,33310.50533581755
baseline,33300.50518411061
baseline,33440.50730800777
baseline,33380.50639776613
baseline,33370.50624605919
baseline,33330.50563923143
baseline,33340.50579093837
baseline,33310.50533581755
baseline,33280.504880696724
baseline,33320.50548752449
baseline,33260.504577282845
baseline,33340.50579093837
baseline,33320.50548752449
baseline,33270.504728989785
baseline,33240.504273868966
baseline,33290.505032403664
baseline,33280.504880696724
baseline,37700.57193516426
baseline,33300.50518411061
baseline,33320.50548752449
baseline,33240.504273868966
baseline,33250.504425575906
baseline,33240.504273868966
baseline,33210.50381874815
baseline,33220.50397045509
baseline,33240.504273868966
baseline,33260.504577282845
baseline,33250.504425575906
baseline,33240.504273868966
baseline,33210.50381874815
baseline,33250.504425575906
baseline,33250.504425575906
baseline,37500.56890102546
baseline,33280.504880696724
baseline,33250.504425575906
baseline,33270.504728989785
baseline,33260.504577282845
baseline,33320.50548752449
baseline,33220.50397045509
baseline,33260.504577282845
baseline,33220.50397045509
baseline,33250.504425575906
baseline,33290.505032403664
baseline,33220.50397045509
baseline,33290.505032403664
baseline,33320.50548752449
baseline,33250.504425575906
baseline,33290.505032403664
baseline,33280.504880696724
baseline,33370.50624605919
baseline,33280.504880696724
baseline,33260.504577282845
baseline,33270.504728989785
baseline,33240.504273868966
baseline,33300.50518411061
baseline,37660.571328336504
baseline,33330.50563923143
baseline,33390.506549473066
baseline,33410.50685288695
baseline,33300.50518411061
baseline,33330.50563923143
baseline,33390.506549473066
baseline,33300.50518411061
baseline,33310.50533581755
baseline,33300.50518411061
baseline,33290.505032403664
baseline,33330.50563923143
baseline,33330.50563923143
baseline,33310.50533581755
baseline,33320.50548752449
baseline,33320.50548752449
baseline,33310.50533581755
baseline,33350.50594264531
baseline,33360.50609435225
baseline,33340.50579093837
baseline,33380.50639776613
baseline,33310.50533581755
baseline,33330.50563923143
baseline,33340.50579093837
baseline,33390.506549473066
baseline,33420.50700459389
baseline,33350.50594264531
baseline,33340.50579093837
baseline,33390.506549473066
baseline,33290.505032403664
baseline,37610.5705698018
baseline,33270.504728989785
baseline,33310.50533581755
baseline,33390.506549473066
baseline,33280.504880696724
baseline,33320.50548752449
baseline,33310.50533581755
baseline,33330.50563923143
baseline,33340.50579093837
baseline,33320.50548752449
baseline,33290.505032403664
baseline,33320.50548752449
baseline,33270.504728989785
baseline,33300.50518411061
baseline,35040.531581118186
baseline,33370.50624605919
baseline,33360.50609435225
baseline,38220.579823925145
baseline,33410.50685288695
baseline,33380.50639776613
baseline,33280.504880696724
baseline,33350.50594264531
baseline,33290.505032403664
baseline,33340.50579093837
baseline,33330.50563923143
baseline,33420.50700459389
baseline,33300.50518411061
baseline,33390.506549473066
baseline,33360.50609435225
baseline,33310.50533581755
baseline,38550.58483025417
baseline,33320.50548752449
baseline,33380.50639776613
baseline,33330.50563923143
baseline,33330.50563923143
baseline,33320.50548752449
baseline,33310.50533581755
baseline,33290.505032403664
baseline,33290.505032403664
baseline,33340.50579093837
baseline,33320.50548752449
baseline,33330.50563923143
baseline,33310.50533581755
baseline,33330.50563923143
baseline,33360.50609435225
baseline,37700.57193516426
baseline,33330.50563923143
baseline,33350.50594264531
baseline,33290.505032403664
baseline,33340.50579093837
baseline,33310.50533581755
baseline,33290.505032403664
baseline,33300.50518411061
baseline,33250.504425575906
baseline,33330.50563923143
baseline,33330.50563923143
baseline,33360.50609435225
baseline,37650.57117662956
baseline,33260.504577282845
baseline,33360.50609435225
baseline,33420.50700459389
baseline,33350.50594264531
baseline,33260.504577282845
baseline,33330.50563923143
baseline,33290.505032403664
baseline,33340.50579093837
baseline,33370.50624605919
baseline,33350.50594264531
baseline,33340.50579093837
baseline,33320.50548752449
baseline,33360.50609435225
baseline,33370.50624605919
baseline,35150.53324989453
baseline,33350.50594264531
baseline,38370.58209952925
baseline,33300.50518411061
baseline,33300.50518411061
baseline,33300.50518411061
baseline,33300.50518411061
baseline,33320.50548752449
baseline,33300.50518411061
baseline,33340.50579093837
baseline,33300.50518411061
baseline,33300.50518411061
baseline,33310.50533581755
baseline,33290.505032403664
baseline,33330.50563923143
baseline,33320.50548752449
baseline,33350.50594264531
baseline,33420.50700459389
baseline,33320.50548752449
baseline,33290.505032403664
baseline,33300.50518411061
baseline,33310.50533581755
baseline,33290.505032403664
baseline,33360.50609435225
baseline,33340.50579093837
baseline,33280.504880696724
baseline,33330.50563923143
baseline,33370.50624605919
baseline,33380.50639776613
baseline,33340.50579093837
baseline,33380.50639776613
baseline,33260.504577282845
baseline,33320.50548752449
baseline,33350.50594264531
baseline,33350.50594264531
baseline,33360.50609435225
baseline,33350.50594264531
baseline,33370.50624605919
baseline,33400.506701180006
baseline,33290.505032403664
baseline,33310.50533581755
baseline,33290.505032403664
baseline,33220.50397045509
baseline,33260.504577282845
baseline,33290.505032403664
baseline,33330.50563923143
baseline,33360.50609435225
baseline,33370.50624605919
baseline,33290.505032403664
baseline,33290.505032403664
baseline,33320.50548752449
baseline,33310.50533581755
baseline,33340.50579093837
baseline,33360.50609435225
baseline,33280.504880696724
baseline,33310.50533581755
baseline,33390.506549473066
baseline,33370.50624605919
baseline,33330.50563923143
baseline,35120.53279477371
baseline,33430.50715630083
baseline,33380.50639776613
baseline,37940.575576130825
baseline,33350.50594264531
baseline,33340.50579093837
baseline,33380.50639776613
baseline,33370.50624605919
baseline,33380.50639776613
baseline,33380.50639776613
baseline,33550.50897678411
baseline,33470.50776312859
baseline,33380.50639776613
baseline,33380.50639776613
baseline,33410.50685288695
baseline,33400.506701180006
baseline,33350.50594264531
baseline,33310.50533581755
baseline,33360.50609435225
baseline,33410.50685288695
baseline,33320.50548752449
baseline,33350.50594264531
baseline,38010.57663807941
baseline,33360.50609435225
baseline,33390.506549473066
baseline,33340.50579093837
baseline,33360.50609435225
baseline,33250.504425575906
baseline,33380.50639776613
baseline,33330.50563923143
baseline,33450.50745971471
baseline,33350.50594264531
baseline,33320.50548752449
baseline,33290.505032403664
baseline,33290.505032403664
baseline,33260.504577282845
baseline,33270.504728989785
baseline,33300.50518411061
baseline,38150.57876197657
baseline,33280.504880696724
baseline,33300.50518411061
baseline,33390.506549473066
baseline,33410.50685288695
baseline,33350.50594264531
baseline,33320.50548752449
baseline,33290.505032403664
baseline,33360.50609435225
baseline,33280.504880696724
baseline,33380.50639776613
baseline,33330.50563923143
baseline,33290.505032403664
baseline,33330.50563923143
baseline,33270.504728989785
baseline,33320.50548752449
baseline,33280.504880696724
baseline,33230.50412216203
baseline,33260.504577282845
baseline,33200.50366704121
baseline,33270.504728989785
baseline,40260.610772140935
baseline,33300.50518411061
baseline,33310.50533581755
baseline,33390.506549473066
baseline,33360.50609435225
baseline,33390.506549473066
baseline,33310.50533581755
baseline,33440.50730800777
baseline,33410.50685288695
baseline,33410.50685288695
baseline,33460.50761142165
baseline,33330.50563923143
baseline,33320.50548752449
baseline,33330.50563923143
baseline,33380.50639776613
baseline,33830.51322457843
baseline,39480.5989389996
baseline,34330.52080992544
baseline,33750.51201092291
baseline,33530.508673370234
baseline,33340.50579093837
baseline,33370.50624605919
baseline,33350.50594264531
baseline,33380.50639776613
baseline,33300.50518411061
baseline,33360.50609435225
baseline,33340.50579093837
baseline,33330.50563923143
baseline,33380.50639776613
baseline,33300.50518411061
baseline,33380.50639776613
baseline,33330.50563923143
baseline,33380.50639776613
baseline,33370.50624605919
baseline,33290.505032403664
baseline,33330.50563923143
baseline,33300.50518411061
baseline,33320.50548752449
baseline,33310.50533581755
baseline,33370.50624605919
baseline,33340.50579093837
baseline,33360.50609435225
baseline,33300.50518411061
baseline,33300.50518411061
baseline,33310.50533581755
baseline,33390.506549473066
baseline,33340.50579093837
baseline,33370.50624605919
baseline,33320.50548752449
baseline,33400.506701180006
baseline,33410.50685288695
baseline,33400.506701180006
baseline,33410.50685288695
baseline,33370.50624605919
baseline,33360.50609435225
baseline,33390.506549473066
baseline,33380.50639776613
baseline,33370.50624605919
baseline,33360.50609435225
baseline,33300.50518411061
baseline,33380.50639776613
baseline,33330.50563923143
baseline,33290.505032403664
baseline,33290.505032403664
baseline,33310.50533581755
baseline,33320.50548752449
baseline,33340.50579093837
baseline,33290.505032403664
baseline,33360.50609435225
baseline,33380.50639776613
baseline,33320.50548752449
baseline,33370.50624605919
baseline,33330.50563923143
baseline,33320.50548752449
baseline,33360.50609435225
baseline,33490.50806654247
baseline,35890.5444762081
baseline,33370.50624605919
baseline,33400.506701180006
baseline,33440.50730800777
baseline,33440.50730800777
baseline,33650.510493853515
baseline,33510.50836995635
baseline,33400.506701180006
baseline,33380.50639776613
baseline,33360.50609435225
baseline,33400.506701180006
baseline,33440.50730800777
baseline,33340.50579093837
baseline,33430.50715630083
baseline,33430.50715630083
baseline,33290.505032403664
baseline,33420.50700459389
baseline,33330.50563923143
baseline,33340.50579093837
baseline,33440.50730800777
baseline,33640.51034214657
baseline,33560.50912849105
baseline,33460.50761142165
baseline,34140.51792749358
baseline,33420.50700459389
baseline,38270.58058245985
baseline,33450.50745971471
baseline,33410.50685288695
baseline,33480.50791483553
baseline,33370.50624605919
baseline,34090.517168958875
baseline,33680.51094897433
baseline,33680.51094897433
baseline,33530.508673370234
baseline,33640.51034214657
baseline,33500.50821824941
baseline,33380.50639776613
baseline,33340.50579093837
baseline,33360.50609435225
baseline,33390.506549473066
baseline,33450.50745971471
baseline,34120.5176240797
baseline,39590.600607775945
baseline,33670.510797267394
baseline,33590.50958361187
baseline,33560.50912849105
baseline,33550.50897678411
baseline,33380.50639776613
baseline,33330.50563923143
baseline,33290.505032403664
baseline,33610.50988702575
baseline,33740.51185921597
baseline,33720.51155580209
baseline,33730.51170750903
baseline,33680.51094897433
baseline,38050.57724490717
baseline,33800.512769457615
baseline,33870.51383140619
baseline,33830.51322457843
baseline,33830.51322457843
baseline,34160.51823090746
baseline,33740.51185921597
baseline,33840.51337628537
baseline,33630.51019043963
baseline,33640.51034214657
baseline,33510.50836995635
baseline,33500.50821824941
baseline,33450.50745971471
baseline,33420.50700459389
baseline,33440.50730800777
baseline,33390.506549473066
baseline,33390.506549473066
baseline,33410.50685288695
baseline,33430.50715630083
baseline,33480.50791483553
baseline,33520.50852166329
baseline,33780.512466043736
baseline,33620.51003873269
baseline,33460.50761142165
baseline,33540.50882507717
baseline,33540.50882507717
baseline,33500.50821824941
baseline,33560.50912849105
baseline,33420.50700459389
baseline,38220.579823925145
baseline,33430.50715630083
baseline,33410.50685288695
baseline,33420.50700459389
baseline,33360.50609435225
baseline,33450.50745971471
baseline,33390.506549473066
baseline,33360.50609435225
baseline,33360.50609435225
baseline,33270.504728989785
baseline,33310.50533581755
baseline,37700.57193516426
baseline,33360.50609435225
baseline,33360.50609435225
baseline,33290.505032403664
baseline,33290.505032403664
baseline,33280.504880696724
baseline,33350.50594264531
baseline,33370.50624605919
baseline,33320.50548752449
baseline,33300.50518411061
baseline,33320.50548752449
baseline,33370.50624605919
baseline,33360.50609435225
baseline,33300.50518411061
baseline,33310.50533581755
baseline,33320.50548752449
baseline,33290.505032403664
baseline,33250.504425575906
baseline,33280.504880696724
baseline,33290.505032403664
baseline,33310.50533581755
baseline,33310.50533581755
baseline,33350.50594264531
baseline,33280.504880696724
baseline,33330.50563923143
baseline,33300.50518411061
baseline,33320.50548752449
baseline,37750.57269369896
baseline,33320.50548752449
baseline,33390.506549473066
baseline,33370.50624605919
baseline,33360.50609435225
baseline,33330.50563923143
baseline,33360.50609435225
baseline,33300.50518411061
baseline,33340.50579093837
baseline,33310.50533581755
baseline,33330.50563923143
baseline,33370.50624605919
baseline,33360.50609435225
baseline,33280.504880696724
baseline,33310.50533581755
baseline,33300.50518411061
baseline,33280.504880696724
baseline,33250.504425575906
baseline,37570.56996297404
baseline,33360.50609435225
baseline,33270.504728989785
baseline,33320.50548752449
baseline,33350.50594264531
baseline,33290.505032403664
baseline,33300.50518411061
baseline,33290.505032403664
baseline,33250.504425575906
baseline,33280.504880696724
baseline,33320.50548752449
baseline,33320.50548752449
baseline,33330.50563923143
baseline,33310.50533581755
baseline,33310.50533581755
baseline,33320.50548752449
baseline,33290.505032403664
baseline,33340.50579093837
baseline,33350.50594264531
baseline,33340.50579093837
baseline,37690.57178345732
baseline,33400.506701180006
baseline,33430.50715630083
baseline,33360.50609435225
baseline,33350.50594264531
baseline,33350.50594264531
baseline,33360.50609435225
baseline,33340.50579093837
baseline,33360.50609435225
baseline,33290.505032403664
baseline,33400.506701180006
baseline,33340.50579093837
baseline,33340.50579093837
baseline,33350.50594264531
baseline,33370.50624605919
baseline,33390.506549473066
baseline,33390.506549473066
baseline,33410.50685288695
baseline,33380.50639776613
baseline,33320.50548752449
baseline,33340.50579093837
baseline,33370.50624605919
baseline,33350.50594264531
baseline,33400.506701180006
baseline,33450.50745971471
baseline,33360.50609435225
baseline,33380.50639776613
baseline,33340.50579093837
baseline,33340.50579093837
baseline,33360.50609435225
baseline,33360.50609435225
baseline,33250.504425575906
baseline,33380.50639776613
baseline,33340.50579093837
baseline,33300.50518411061
baseline,33330.50563923143
baseline,33330.50563923143
baseline,33320.50548752449
baseline,33280.504880696724
baseline,33330.50563923143
baseline,33360.50609435225
baseline,33400.506701180006
baseline,33280.504880696724
baseline,33320.50548752449
baseline,33330.50563923143
baseline,33240.504273868966
baseline,33330.50563923143
baseline,33330.50563923143
baseline,33400.506701180006
baseline,33270.504728989785
baseline,33280.504880696724
baseline,33390.506549473066
baseline,33320.50548752449
baseline,33340.50579093837
baseline,33380.50639776613
baseline,33300.50518411061
baseline,33250.504425575906
baseline,33270.504728989785
baseline,33310.50533581755
baseline,33310.50533581755
baseline,37710.5720868712
baseline,33320.50548752449
baseline,33350.50594264531
baseline,33280.504880696724
baseline,33340.50579093837
baseline,33310.50533581755
baseline,33290.505032403664
baseline,33260.504577282845
baseline,33310.50533581755
baseline,33270.504728989785
baseline,33490.50806654247
baseline,33450.50745971471
baseline,33440.50730800777
baseline,33390.506549473066
baseline,33330.50563923143
baseline,37730.57239028508
baseline,33490.50806654247
baseline,33430.50715630083
baseline,33450.50745971471
baseline,33470.50776312859
baseline,33440.50730800777
baseline,33670.510797267394
baseline,33810.512921164554
baseline,33670.510797267394
baseline,33520.50852166329
baseline,34110.517472372754
baseline,34470.522933822605
baseline,34300.52035480462
baseline,39230.5951463261
baseline,34310.52050651156
baseline,33520.50852166329
baseline,33440.50730800777
baseline,33440.50730800777
baseline,33390.506549473066
baseline,33390.506549473066
baseline,33410.50685288695
baseline,34130.51777578664
baseline,33920.514589940896
baseline,34110.517472372754
baseline,34110.517472372754
baseline,34090.517168958875
baseline,34160.51823090746
baseline,34060.51671383806
baseline,34100.517320665815
baseline,38520.58437513335
baseline,34090.517168958875
baseline,34040.51641042418
baseline,34060.51671383806
baseline,34090.517168958875
baseline,34060.51671383806
baseline,34070.516865544996
baseline,34100.517320665815
baseline,34090.517168958875
baseline,34110.517472372754
baseline,33920.514589940896
baseline,33860.51367969925
baseline,34020.5161070103
baseline,34120.5176240797
baseline,33440.50730800777
baseline,33390.506549473066
baseline,33400.506701180006
baseline,33390.506549473066
baseline,33420.50700459389
baseline,33340.50579093837
baseline,33300.50518411061
baseline,33320.50548752449
baseline,33360.50609435225
baseline,33280.504880696724
baseline,33320.50548752449
baseline,33350.50594264531
baseline,33330.50563923143
baseline,33280.504880696724
baseline,33310.50533581755
baseline,33270.504728989785
baseline,33280.504880696724
baseline,33340.50579093837
baseline,33320.50548752449
baseline,33310.50533581755
baseline,33350.50594264531
baseline,33310.50533581755
baseline,33300.50518411061
baseline,33450.50745971471
baseline,33410.50685288695
baseline,33400.506701180006
baseline,33380.50639776613
baseline,33420.50700459389
baseline,33430.50715630083
baseline,33450.50745971471
baseline,33540.50882507717
baseline,38470.58361659865
baseline,33490.50806654247
baseline,33480.50791483553
baseline,33460.50761142165
baseline,33450.50745971471
baseline,33350.50594264531
baseline,33390.506549473066
baseline,33400.506701180006
baseline,33360.50609435225
baseline,33430.50715630083
baseline,33460.50761142165
baseline,33350.50594264531
baseline,33340.50579093837
baseline,33250.504425575906
baseline,38020.57678978635
baseline,33490.50806654247
baseline,33480.50791483553
baseline,33440.50730800777
baseline,33400.506701180006
baseline,33420.50700459389
baseline,33540.50882507717
baseline,33540.50882507717
baseline,33520.50852166329
baseline,33460.50761142165
baseline,33390.506549473066
baseline,33420.50700459389
baseline,33430.50715630083
baseline,35100.53249135983
baseline,33500.50821824941
baseline,33460.50761142165
baseline,33670.510797267394
baseline,38660.58649903051
baseline,33620.51003873269
baseline,33540.50882507717
baseline,33610.50988702575
baseline,33580.50943190493
baseline,33520.50852166329
baseline,33450.50745971471
baseline,33380.50639776613
baseline,33410.50685288695
baseline,33490.50806654247
baseline,33430.50715630083
baseline,33580.50943190493
baseline,34080.517017251936
baseline,33430.50715630083
baseline,33490.50806654247
baseline,33620.51003873269
baseline,33520.50852166329
baseline,33790.512617750675
baseline,33630.51019043963
baseline,34050.51656213112
baseline,34200.51883773522
baseline,33960.515196768654
baseline,33920.514589940896
baseline,34340.52096163238
baseline,34220.519141149096
baseline,34630.525361133645
baseline,34280.52005139074
baseline,34990.53082258349
baseline,34100.517320665815
baseline,34060.51671383806
baseline,34090.517168958875
baseline,34070.516865544996
baseline,34210.51898944216
baseline,34270.5198996838
baseline,34820.5282435655
baseline,35380.53673915415
baseline,34800.52794015162
baseline,34980.53067087655
baseline,36110.54781376078
baseline,39260.59560144692
baseline,34720.52672649611
baseline,34870.52900210021
baseline,34890.52930551409
baseline,34900.529457221026
baseline,34860.52885039327
baseline,34840.52854697939
baseline,35630.54053182765
baseline,35650.54083524154
baseline,35970.54568986362
baseline,35830.54356596646
baseline,35480.53825622355
baseline,35620.540380120714
baseline,35410.53719427497
baseline,35470.538104516614
baseline,35470.538104516614
baseline,35820.54341425952
baseline,36310.55084789958
baseline,36420.552516675925
baseline,36240.54978595101
baseline,36340.5513030204
baseline,36360.55160643429
baseline,37200.56434981726
baseline,36370.55175814123
baseline,36290.550544485704
baseline,36250.54993765795
baseline,41280.62624624882
baseline,36510.55388203839
baseline,37010.56146738539
baseline,36410.552364968986
baseline,36330.55115131346
baseline,36360.55160643429
baseline,36160.54857229548
baseline,35510.53871134437
baseline,35420.53734598192
baseline,35500.53855963743
baseline,35480.53825622355
baseline,35960.54553815668
baseline,35700.54159377624
baseline,35530.53901475825
baseline,35710.54174548318
baseline,35770.54265572482
baseline,35760.542504017874
baseline,35520.53886305131
baseline,36060.54705522608
baseline,35400.53704256803
baseline,35410.53719427497
baseline,34940.530064048784
baseline,34700.52642308222
baseline,34650.525664547524
baseline,34700.52642308222
baseline,34730.52687820305
baseline,34700.52642308222
baseline,34700.52642308222
baseline,39170.59423608446
baseline,34680.52611966834
baseline,34730.52687820305
baseline,34660.52581625446
baseline,34690.52627137528
baseline,34710.52657478917
baseline,34760.527333323866
baseline,35030.53142941125
baseline,34550.52414747812
baseline,34650.525664547524
baseline,34760.527333323866
baseline,34000.51580359642
baseline,34070.516865544996
baseline,35620.540380120714
baseline,34020.5161070103
baseline,33910.51443823396
baseline,33880.51398311313
baseline,33910.51443823396
baseline,33900.51428652702
baseline,33880.51398311313
baseline,33900.51428652702
baseline,33830.51322457843
baseline,33640.51034214657
baseline,33270.504728989785
baseline,33290.505032403664
baseline,33300.50518411061
baseline,33250.504425575906
baseline,33220.50397045509
baseline,33340.50579093837
baseline,33290.505032403664
baseline,33300.50518411061
baseline,33290.505032403664
baseline,33270.504728989785
baseline,33330.50563923143
baseline,33250.504425575906
baseline,33240.504273868966
baseline,33290.505032403664
baseline,33280.504880696724
baseline,33320.50548752449
baseline,33300.50518411061
baseline,33280.504880696724
baseline,33290.505032403664
baseline,37580.57011468098
baseline,33270.504728989785
baseline,33340.50579093837
baseline,33240.504273868966
baseline,33300.50518411061
baseline,33320.50548752449
baseline,33340.50579093837
baseline,33390.506549473066
baseline,33360.50609435225
baseline,33320.50548752449
baseline,33340.50579093837
baseline,33450.50745971471
baseline,33370.50624605919
baseline,33300.50518411061
baseline,33340.50579093837
baseline,33370.50624605919
baseline,33370.50624605919
baseline,33340.50579093837
baseline,33290.505032403664
baseline,37550.56965956016
baseline,33380.50639776613
baseline,33340.50579093837
baseline,33370.50624605919
baseline,33320.50548752449
baseline,33330.50563923143
baseline,33280.504880696724
baseline,33350.50594264531
baseline,33330.50563923143
baseline,33510.50836995635
baseline,33340.50579093837
baseline,33430.50715630083
baseline,33460.50761142165
baseline,33320.50548752449
baseline,36090.5475103469
baseline,33410.50685288695
baseline,33340.50579093837
baseline,33360.50609435225
baseline,38160.57891368351
baseline,33410.50685288695
baseline,33460.50761142165
baseline,33350.50594264531
baseline,33350.50594264531
baseline,33340.50579093837
baseline,33430.50715630083
baseline,33330.50563923143
baseline,33440.50730800777
baseline,33660.510645560455
baseline,33470.50776312859
baseline,33510.50836995635
baseline,33400.506701180006
baseline,33340.50579093837
baseline,33480.50791483553
baseline,34020.5161070103
baseline,34280.52005139074
baseline,34060.51671383806
baseline,33450.50745971471
baseline,33290.505032403664
baseline,33320.50548752449
baseline,33390.506549473066
baseline,33430.50715630083
baseline,33510.50836995635
baseline,37920.575272716946
baseline,33770.5123143368
baseline,33840.51337628537
baseline,33380.50639776613
baseline,33340.50579093837
baseline,33260.504577282845
baseline,33250.504425575906
baseline,33990.51565188947
baseline,34000.51580359642
baseline,33870.51383140619
baseline,34120.5176240797
baseline,34060.51671383806
baseline,33870.51383140619
baseline,34570.524450892
baseline,34980.53067087655
baseline,34110.517472372754
baseline,33920.514589940896
baseline,33930.514741647836
baseline,34050.51656213112
baseline,33880.51398311313
baseline,33920.514589940896
baseline,33820.513072871494
baseline,33850.51352799231
baseline,33800.512769457615
baseline,33800.512769457615
baseline,33910.51443823396
baseline,35130.53294648065
baseline,35570.53962158602
baseline,35110.53264306677
baseline,34210.51898944216
baseline,33780.512466043736
baseline,33650.510493853515
baseline,33670.510797267394
baseline,33990.51565188947
baseline,33470.50776312859
baseline,33460.50761142165
baseline,33470.50776312859
baseline,33410.50685288695
baseline,33490.50806654247
baseline,33420.50700459389
baseline,38380.58225123619
baseline,33370.50624605919
baseline,33520.50852166329
baseline,34090.517168958875
baseline,33550.50897678411
baseline,33550.50897678411
baseline,33470.50776312859
baseline,34380.52156846014
baseline,33780.512466043736
baseline,33530.508673370234
baseline,33620.51003873269
baseline,38150.57876197657
baseline,33830.51322457843
baseline,33670.510797267394
baseline,33540.50882507717
baseline,33560.50912849105
baseline,33550.50897678411
baseline,33540.50882507717
baseline,33590.50958361187
baseline,33530.508673370234
baseline,33420.50700459389
baseline,33350.50594264531
baseline,33360.50609435225
baseline,33340.50579093837
baseline,33330.50563923143
baseline,33390.506549473066
baseline,33480.50791483553
baseline,33520.50852166329
baseline,33580.50943190493
baseline,33520.50852166329
baseline,33340.50579093837
baseline,33330.50563923143
baseline,33300.50518411061
baseline,33360.50609435225
baseline,33430.50715630083
baseline,33410.50685288695
baseline,33380.50639776613
baseline,33290.505032403664
baseline,33300.50518411061
baseline,33340.50579093837
baseline,33460.50761142165
baseline,33400.506701180006
baseline,33310.50533581755
baseline,38730.5875609791
baseline,33350.50594264531
baseline,33310.50533581755
baseline,33300.50518411061
baseline,33300.50518411061
baseline,33310.50533581755
baseline,33380.50639776613
baseline,33490.50806654247
baseline,33250.504425575906
baseline,33260.504577282845
baseline,33320.50548752449
baseline,33330.50563923143
baseline,33340.50579093837
baseline,33300.50518411061
baseline,33320.50548752449
baseline,33350.50594264531
baseline,33270.504728989785
baseline,33370.50624605919
baseline,33310.50533581755
baseline,33330.50563923143
baseline,33300.50518411061
baseline,38360.58194782231
baseline,33510.50836995635
baseline,33340.50579093837
baseline,33820.513072871494
baseline,34030.51625871724
baseline,33690.51110068127
baseline,33350.50594264531
baseline,34500.523388943424
baseline,33440.50730800777
baseline,33420.50700459389
baseline,33490.50806654247
baseline,33480.50791483553
baseline,33430.50715630083
baseline,33610.50988702575
baseline,33400.506701180006
baseline,33550.50897678411
baseline,33370.50624605919
baseline,33510.50836995635
baseline,33900.51428652702
baseline,33850.51352799231
baseline,34610.525057719766
baseline,33570.50928019799
baseline,33650.510493853515
baseline,33920.514589940896
baseline,34000.51580359642
baseline,33620.51003873269
baseline,33860.51367969925
baseline,33920.514589940896
baseline,33770.5123143368
baseline,33710.51140409515
baseline,33840.51337628537
baseline,33960.515196768654
baseline,34040.51641042418
baseline,35250.53476696393
baseline,35460.537952809675
baseline,34250.51959626992
baseline,33860.51367969925
baseline,33730.51170750903
baseline,33950.515045061715
baseline,33740.51185921597
baseline,34130.51777578664
baseline,35120.53279477371
baseline,34400.52187187402
baseline,34690.52627137528
baseline,34590.52475430589
baseline,34480.523085529545
baseline,38520.58437513335
baseline,34630.525361133645
baseline,34770.527485030805
baseline,34550.52414747812
baseline,39630.6012146037
baseline,34790.527788444684
baseline,34400.52187187402
baseline,34440.52247870178
baseline,34400.52187187402
baseline,34330.52080992544
baseline,34400.52187187402
baseline,34700.52642308222
baseline,34850.52869868633
baseline,34740.52702990999
baseline,34940.530064048784
baseline,34890.52930551409
baseline,34830.52839527245
baseline,34860.52885039327
baseline,34770.527485030805
baseline,39530.5996975343
baseline,34920.529760634905
baseline,34920.529760634905
baseline,34890.52930551409
baseline,34770.527485030805
baseline,34760.527333323866
baseline,34780.527636737745
baseline,34670.5259679614
baseline,34470.522933822605
baseline,34070.516865544996
baseline,33910.51443823396
baseline,33910.51443823396
baseline,33900.51428652702
baseline,33910.51443823396
baseline,33890.51413482008
baseline,33870.51383140619
baseline,33890.51413482008
baseline,33880.51398311313
baseline,33870.51383140619
baseline,33900.51428652702
baseline,33740.51185921597
baseline,33870.51383140619
baseline,33170.50321192038
baseline,33200.50366704121
baseline,33220.50397045509
baseline,33240.504273868966
baseline,33230.50412216203
baseline,33260.504577282845
baseline,33240.504273868966
baseline,33270.504728989785
baseline,33230.50412216203
baseline,33270.504728989785
baseline,33200.50366704121
baseline,33210.50381874815
baseline,33190.50351533427
baseline,33170.50321192038
baseline,33240.504273868966
baseline,33200.50366704121
baseline,33300.50518411061
baseline,33260.504577282845
baseline,33270.504728989785
baseline,33280.504880696724
baseline,33320.50548752449
baseline,33220.50397045509
baseline,33330.50563923143
baseline,33260.504577282845
baseline,33400.506701180006
baseline,33280.504880696724
baseline,33300.50518411061
baseline,33330.50563923143
baseline,33280.504880696724
baseline,33260.504577282845
baseline,33290.505032403664
baseline,33230.50412216203
baseline,33360.50609435225
baseline,33270.504728989785
baseline,33270.504728989785
baseline,33280.504880696724
baseline,33260.504577282845
baseline,33220.50397045509
baseline,33300.50518411061
baseline,33260.504577282845
baseline,33240.504273868966
baseline,33350.50594264531
baseline,33300.50518411061
baseline,33250.504425575906
baseline,33290.505032403664
baseline,33320.50548752449
baseline,33330.50563923143
baseline,33320.50548752449
baseline,33310.50533581755
baseline,33300.50518411061
baseline,33330.50563923143
baseline,33270.504728989785
baseline,33320.50548752449
baseline,33350.50594264531
baseline,33360.50609435225
baseline,33300.50518411061
baseline,33290.505032403664
baseline,3040146.1204268667
baseline,33370.50624605919
baseline,33260.504577282845
baseline,33330.50563923143
baseline,33270.504728989785
baseline,33260.504577282845
baseline,33230.50412216203
baseline,33310.50533581755
baseline,33280.504880696724
baseline,33300.50518411061
baseline,33320.50548752449
baseline,33300.50518411061
baseline,33260.504577282845
baseline,33280.504880696724
baseline,33370.50624605919
baseline,33350.50594264531
baseline,33340.50579093837
baseline,33320.50548752449
baseline,33340.50579093837
baseline,33300.50518411061
baseline,33340.50579093837
baseline,33290.505032403664
baseline,33290.505032403664
baseline,33370.50624605919
baseline,33350.50594264531
baseline,33280.504880696724
baseline,33340.50579093837
baseline,33330.50563923143
baseline,33330.50563923143
baseline,33310.50533581755
baseline,33320.50548752449
baseline,33280.504880696724
baseline,33310.50533581755
baseline,33320.50548752449
baseline,33260.504577282845
baseline,33290.505032403664
baseline,33320.50548752449
baseline,33360.50609435225
baseline,33260.504577282845
baseline,33320.50548752449
baseline,33300.50518411061
baseline,33320.50548752449
baseline,33310.50533581755
baseline,33320.50548752449
baseline,33310.50533581755
baseline,33320.50548752449
baseline,33290.505032403664
baseline,33330.50563923143
baseline,33270.504728989785
baseline,33340.50579093837
baseline,33270.504728989785
baseline,33270.504728989785
baseline,33320.50548752449
baseline,33340.50579093837
baseline,33270.504728989785
baseline,33280.504880696724
baseline,33250.504425575906
baseline,33290.505032403664
baseline,33350.50594264531
baseline,33320.50548752449
baseline,33250.504425575906
baseline,33340.50579093837
baseline,33280.504880696724
baseline,33330.50563923143
baseline,33270.504728989785
baseline,33310.50533581755
baseline,33320.50548752449
baseline,33280.504880696724
baseline,33280.504880696724
baseline,33370.50624605919
baseline,33310.50533581755
baseline,33330.50563923143
baseline,33270.504728989785
baseline,33240.504273868966
baseline,33330.50563923143
baseline,33270.504728989785
baseline,33270.504728989785
baseline,33250.504425575906
baseline,33340.50579093837
baseline,3038456.094788394
baseline,33320.50548752449
baseline,33360.50609435225
baseline,33250.504425575906
baseline,33320.50548752449
baseline,33300.50518411061
baseline,33330.50563923143
baseline,33340.50579093837
baseline,33340.50579093837
baseline,33280.504880696724
baseline,33260.504577282845
baseline,33210.50381874815
baseline,33260.504577282845
baseline,33290.505032403664
baseline,33330.50563923143
baseline,33290.505032403664
baseline,33290.505032403664
baseline,38720.58740927216
baseline,33320.50548752449
baseline,33330.50563923143
baseline,33280.504880696724
baseline,33330.50563923143
baseline,33380.50639776613
baseline,33260.504577282845
baseline,33320.50548752449
baseline,33360.50609435225
baseline,33400.506701180006
baseline,33360.50609435225
baseline,33260.504577282845
baseline,35370.53658744721
baseline,33380.50639776613
baseline,33360.50609435225
baseline,38180.57921709739
baseline,33420.50700459389
baseline,33440.50730800777
baseline,33380.50639776613
baseline,33350.50594264531
baseline,33380.50639776613
baseline,33360.50609435225
baseline,33330.50563923143
baseline,33400.506701180006
baseline,33490.50806654247
baseline,33530.508673370234
baseline,33390.506549473066
baseline,33380.50639776613
baseline,33370.50624605919
baseline,33350.50594264531
baseline,33360.50609435225
baseline,33330.50563923143
baseline,33350.50594264531
baseline,33250.504425575906
baseline,33390.506549473066
baseline,33370.50624605919
baseline,33350.50594264531
baseline,33390.506549473066
baseline,33380.50639776613
baseline,33320.50548752449
baseline,33320.50548752449
baseline,33310.50533581755
baseline,33310.50533581755
baseline,33350.50594264531
baseline,33350.50594264531
baseline,33310.50533581755
baseline,34450.52263040872
baseline,34610.525057719766
baseline,34300.52035480462
baseline,34070.516865544996
baseline,33770.5123143368
baseline,33420.50700459389
baseline,33400.506701180006
baseline,33350.50594264531
baseline,33440.50730800777
baseline,33430.50715630083
baseline,33400.506701180006
baseline,33450.50745971471
baseline,33440.50730800777
baseline,33470.50776312859
baseline,33440.50730800777
baseline,33410.50685288695
baseline,33410.50685288695
baseline,38230.579975632085
baseline,33460.50761142165
baseline,33480.50791483553
baseline,33470.50776312859
baseline,33430.50715630083
baseline,33430.50715630083
baseline,33420.50700459389
baseline,33440.50730800777
baseline,33470.50776312859
baseline,33540.50882507717
baseline,33440.50730800777
baseline,33400.506701180006
baseline,33440.50730800777
baseline,3038456.094788394
baseline,33400.506701180006
baseline,33280.504880696724
baseline,33310.50533581755
baseline,33440.50730800777
baseline,34190.51868602828
baseline,34200.51883773522
baseline,34100.517320665815
baseline,33450.50745971471
baseline,33390.506549473066
baseline,33370.50624605919
baseline,33400.506701180006
baseline,33450.50745971471
baseline,33620.51003873269
baseline,33500.50821824941
baseline,33450.50745971471
baseline,38220.579823925145
baseline,33560.50912849105
baseline,33450.50745971471
baseline,33630.51019043963
baseline,33490.50806654247
baseline,33390.506549473066
baseline,33710.51140409515
baseline,34010.51595530336
baseline,34170.5183826144
baseline,34320.5206582185
baseline,34050.51656213112
baseline,34460.52278211566
baseline,34220.519141149096
baseline,33990.51565188947
baseline,34800.52794015162
baseline,34700.52642308222
baseline,34480.523085529545
baseline,34270.5198996838
baseline,34060.51671383806
baseline,41020.62230186838
baseline,34050.51656213112
baseline,34300.52035480462
baseline,33990.51565188947
baseline,34030.51625871724
baseline,34050.51656213112
baseline,34190.51868602828
baseline,34360.52126504626
baseline,34140.51792749358
baseline,34090.517168958875
baseline,34110.517472372754
baseline,3041236.136962923
baseline,34150.51807920052
baseline,34220.519141149096
baseline,34080.517017251936
baseline,34150.51807920052
baseline,34250.51959626992
baseline,34180.51853432134
baseline,34150.51807920052
baseline,34290.52020309768
baseline,34370.5214167532
baseline,34320.5206582185
baseline,34390.52172016708
baseline,34430.52232699484
baseline,34480.523085529545
baseline,34340.52096163238
baseline,34390.52172016708
baseline,34380.52156846014
baseline,34410.52202358096
baseline,39790.60364191475
baseline,34490.523237236484
baseline,34430.52232699484
baseline,34390.52172016708
baseline,34500.523388943424
baseline,34440.52247870178
baseline,34410.52202358096
baseline,34590.52475430589
baseline,34470.522933822605
baseline,34460.52278211566
baseline,34130.51777578664
baseline,33730.51170750903
baseline,33580.50943190493
baseline,33580.50943190493
baseline,33520.50852166329
baseline,33530.508673370234
baseline,33460.50761142165
baseline,33510.50836995635
baseline,33500.50821824941
baseline,33540.50882507717
baseline,33650.510493853515
baseline,33680.51094897433
baseline,34260.51974797686
baseline,34070.516865544996
baseline,33540.50882507717
baseline,33570.50928019799
baseline,34390.52172016708
baseline,34420.5221752879
baseline,33480.50791483553
baseline,33550.50897678411
baseline,34180.51853432134
baseline,33950.515045061715
baseline,33710.51140409515
baseline,33700.51125238821
baseline,34100.517320665815
baseline,34080.517017251936
baseline,33630.51019043963
baseline,33770.5123143368
baseline,34020.5161070103
baseline,35050.531732825126
baseline,34830.52839527245
baseline,34130.51777578664
baseline,34360.52126504626
baseline,34880.52915380715
baseline,34320.5206582185
baseline,34270.5198996838
baseline,34410.52202358096
baseline,41200.62503259331
baseline,34430.52232699484
baseline,34460.52278211566
baseline,34220.519141149096
baseline,34920.529760634905
baseline,36490.55357862451
baseline,35770.54265572482
baseline,34930.529912341844
baseline,34900.529457221026
baseline,34820.5282435655
baseline,34940.530064048784
baseline,34980.53067087655
baseline,34940.530064048784
baseline,34870.52900210021
baseline,34900.529457221026
baseline,35120.53279477371
baseline,34770.527485030805
baseline,34650.525664547524
baseline,34840.52854697939
baseline,34790.527788444684
baseline,34610.525057719766
baseline,34730.52687820305
baseline,35450.537801102735
baseline,34820.5282435655
baseline,33290.505032403664
baseline,33290.505032403664
baseline,33360.50609435225
baseline,33270.504728989785
baseline,33300.50518411061
baseline,33320.50548752449
baseline,33270.504728989785
baseline,33260.504577282845
baseline,33290.505032403664
baseline,33270.504728989785
baseline,33300.50518411061
baseline,33250.504425575906
baseline,33290.505032403664
baseline,33240.504273868966
baseline,33240.504273868966
baseline,33260.504577282845
baseline,33230.50412216203
baseline,38330.58149270149
baseline,33320.50548752449
baseline,33300.50518411061
baseline,33310.50533581755
baseline,33290.505032403664
baseline,33290.505032403664
baseline,33290.505032403664
baseline,33290.505032403664
baseline,33280.504880696724
baseline,33270.504728989785
baseline,33230.50412216203
baseline,33250.504425575906
baseline,33230.50412216203
baseline,33240.504273868966
baseline,38510.58422342641
baseline,33270.504728989785
baseline,33300.50518411061
baseline,33300.50518411061
baseline,33250.504425575906
baseline,33270.504728989785
baseline,33280.504880696724
baseline,33330.50563923143
baseline,33490.50806654247
baseline,33290.505032403664
baseline,33300.50518411061
baseline,33300.50518411061
baseline,3039616.112386399
baseline,34510.52354065036
baseline,33740.51185921597
baseline,33540.50882507717
baseline,33390.506549473066
baseline,33370.50624605919
baseline,33310.50533581755
baseline,33380.50639776613
baseline,33420.50700459389
baseline,33430.50715630083
baseline,33370.50624605919
baseline,33300.50518411061
baseline,33390.506549473066
baseline,33350.50594264531
baseline,38230.579975632085
baseline,33370.50624605919
baseline,33330.50563923143
baseline,33410.50685288695
baseline,33410.50685288695
baseline,33470.50776312859
baseline,33430.50715630083
baseline,33390.506549473066
baseline,33400.506701180006
baseline,33430.50715630083
baseline,33430.50715630083
baseline,33420.50700459389
baseline,36520.55403374533
baseline,33380.50639776613
baseline,38090.577851734924
baseline,33320.50548752449
baseline,33340.50579093837
baseline,33310.50533581755
baseline,33390.506549473066
baseline,33360.50609435225
baseline,33310.50533581755
baseline,33270.504728989785
baseline,33300.50518411061
baseline,33290.505032403664
baseline,33300.50518411061
baseline,33320.50548752449
baseline,33330.50563923143
baseline,33270.504728989785
baseline,3039996.1181512624
baseline,33330.50563923143
baseline,33260.504577282845
baseline,33250.504425575906
baseline,33220.50397045509
baseline,33220.50397045509
baseline,33230.50412216203
baseline,33310.50533581755
baseline,33300.50518411061
baseline,33490.50806654247
baseline,33290.505032403664
baseline,33400.506701180006
baseline,33450.50745971471
baseline,34060.51671383806
baseline,39470.59878729266
baseline,33520.50852166329
baseline,33760.51216262985
baseline,33680.51094897433
baseline,33520.50852166329
baseline,33490.50806654247
baseline,33530.508673370234
baseline,33410.50685288695
baseline,33580.50943190493
baseline,33600.50973531881
baseline,34400.52187187402
baseline,33580.50943190493
baseline,33430.50715630083
baseline,34420.5221752879
baseline,33550.50897678411
baseline,33550.50897678411
baseline,33490.50806654247
baseline,33500.50821824941
baseline,33580.50943190493
baseline,33540.50882507717
baseline,33420.50700459389
baseline,34100.517320665815
baseline,34540.52399577118
baseline,33820.513072871494
baseline,34090.517168958875
baseline,34710.52657478917
baseline,35950.54538644974
baseline,35910.54477962198
baseline,33230.50412216203
baseline,33280.504880696724
baseline,33250.504425575906
baseline,33270.504728989785
baseline,33240.504273868966
baseline,33230.50412216203
baseline,33300.50518411061
baseline,33230.50412216203
baseline,33300.50518411061
baseline,33330.50563923143
baseline,33280.504880696724
baseline,33290.505032403664
baseline,33280.504880696724
baseline,33250.504425575906
baseline,33310.50533581755
baseline,33270.504728989785
baseline,33300.50518411061
baseline,33350.50594264531
baseline,33300.50518411061
baseline,33330.50563923143
baseline,33300.50518411061
baseline,33330.50563923143
baseline,33290.505032403664
baseline,33330.50563923143
baseline,33380.50639776613
baseline,33330.50563923143
baseline,33270.504728989785
baseline,33330.50563923143
baseline,33270.504728989785
baseline,36080.54735863996
baseline,33280.504880696724
baseline,37890.57481759613
baseline,33330.50563923143
baseline,33370.50624605919
baseline,33370.50624605919
baseline,33280.504880696724
baseline,33300.50518411061
baseline,33370.50624605919
baseline,33280.504880696724
baseline,33320.50548752449
baseline,33280.504880696724
baseline,33300.50518411061
baseline,33280.504880696724
baseline,33330.50563923143
baseline,33320.50548752449
baseline,33310.50533581755
baseline,33290.505032403664
baseline,33330.50563923143
baseline,33310.50533581755
baseline,3040256.122095643
baseline,33290.505032403664
baseline,33290.505032403664
baseline,33270.504728989785
baseline,33310.50533581755
baseline,33280.504880696724
baseline,33250.504425575906
baseline,33270.504728989785
baseline,33330.50563923143
baseline,33310.50533581755
baseline,33280.504880696724
baseline,33280.504880696724
baseline,33290.505032403664
baseline,33240.504273868966
baseline,33360.50609435225
baseline,33240.504273868966
baseline,33250.504425575906
baseline,33320.50548752449
baseline,33330.50563923143
baseline,33270.504728989785
baseline,33260.504577282845
baseline,33230.50412216203
baseline,33310.50533581755
baseline,33250.504425575906
baseline,33290.505032403664
baseline,33260.504577282845
baseline,33330.50563923143
baseline,33290.505032403664
baseline,38090.577851734924
baseline,33290.505032403664
baseline,33280.504880696724
baseline,33230.50412216203
baseline,33230.50412216203
baseline,33320.50548752449
baseline,33300.50518411061
baseline,33330.50563923143
baseline,33330.50563923143
baseline,33300.50518411061
baseline,33280.504880696724
baseline,33330.50563923143
baseline,33330.50563923143
baseline,33360.50609435225
baseline,33430.50715630083
baseline,33400.506701180006
baseline,33360.50609435225
baseline,33350.50594264531
baseline,33330.50563923143
baseline,33290.505032403664
baseline,33340.50579093837
baseline,33270.504728989785
baseline,33330.50563923143
baseline,33360.50609435225
baseline,33360.50609435225
baseline,33330.50563923143
baseline,33280.504880696724
baseline,33310.50533581755
baseline,33290.505032403664
baseline,33320.50548752449
baseline,33360.50609435225
baseline,33360.50609435225
baseline,33310.50533581755
baseline,33320.50548752449
baseline,33390.506549473066
baseline,33340.50579093837
baseline,33330.50563923143
baseline,33370.50624605919
baseline,33380.50639776613
baseline,33370.50624605919
baseline,33340.50579093837
baseline,33420.50700459389
baseline,33400.506701180006
baseline,33350.50594264531
baseline,33360.50609435225
baseline,33320.50548752449
baseline,33340.50579093837
baseline,33290.505032403664
baseline,33340.50579093837
baseline,33320.50548752449
baseline,33290.505032403664
baseline,33400.506701180006
baseline,33310.50533581755
baseline,33400.506701180006
baseline,33380.50639776613
baseline,33350.50594264531
baseline,33350.50594264531
baseline,33350.50594264531
baseline,33350.50594264531
baseline,33390.506549473066
baseline,33330.50563923143
baseline,33360.50609435225
baseline,33370.50624605919
baseline,33350.50594264531
baseline,33380.50639776613
baseline,33300.50518411061
baseline,33290.505032403664
baseline,33300.50518411061
baseline,33300.50518411061
baseline,33320.50548752449
baseline,33310.50533581755
baseline,33380.50639776613
baseline,33400.506701180006
baseline,33320.50548752449
baseline,33300.50518411061
baseline,33280.504880696724
baseline,33300.50518411061
baseline,33320.50548752449
baseline,33330.50563923143
baseline,33340.50579093837
baseline,33300.50518411061
baseline,33430.50715630083
baseline,33350.50594264531
baseline,33350.50594264531
baseline,33290.505032403664
baseline,33240.504273868966
baseline,33350.50594264531
baseline,33310.50533581755
baseline,33290.505032403664
baseline,33320.50548752449
baseline,33330.50563923143
baseline,33370.50624605919
baseline,33280.504880696724
baseline,33290.505032403664
baseline,33280.504880696724
baseline,33300.50518411061
baseline,33260.504577282845
baseline,33290.505032403664
baseline,33260.504577282845
baseline,33300.50518411061
baseline,35060.53188453207
baseline,33320.50548752449
baseline,38270.58058245985
baseline,33380.50639776613
baseline,33310.50533581755
baseline,33270.504728989785
baseline,33330.50563923143
baseline,33320.50548752449
baseline,33310.50533581755
baseline,33330.50563923143
baseline,33270.504728989785
baseline,33310.50533581755
baseline,33280.504880696724
baseline,33260.504577282845
baseline,33310.50533581755
baseline,33340.50579093837
baseline,33350.50594264531
baseline,33380.50639776613
baseline,33320.50548752449
baseline,33360.50609435225
baseline,33350.50594264531
baseline,33400.506701180006
baseline,33310.50533581755
baseline,33320.50548752449
baseline,33280.504880696724
baseline,33270.504728989785
baseline,33280.504880696724
baseline,33360.50609435225
baseline,33320.50548752449
baseline,33290.505032403664
baseline,33340.50579093837
baseline,33300.50518411061
baseline,33380.50639776613
baseline,33310.50533581755
baseline,33320.50548752449
baseline,33390.506549473066
baseline,33320.50548752449
baseline,33290.505032403664
baseline,33340.50579093837
baseline,33320.50548752449
baseline,33340.50579093837
baseline,33320.50548752449
baseline,33340.50579093837
baseline,33310.50533581755
baseline,33290.505032403664
baseline,33330.50563923143
baseline,33330.50563923143
baseline,33380.50639776613
baseline,33320.50548752449
baseline,33380.50639776613
baseline,33350.50594264531
baseline,33360.50609435225
baseline,33380.50639776613
baseline,33390.506549473066
baseline,33370.50624605919
baseline,33300.50518411061
baseline,33260.504577282845
baseline,33290.505032403664
baseline,33290.505032403664
baseline,33260.504577282845
baseline,33320.50548752449
baseline,33310.50533581755
baseline,33320.50548752449
baseline,33300.50518411061
baseline,33310.50533581755
baseline,33300.50518411061
baseline,33280.504880696724
baseline,33350.50594264531
baseline,33250.504425575906
baseline,37840.57405906142
baseline,33340.50579093837
baseline,33320.50548752449
baseline,33300.50518411061
baseline,33280.504880696724
baseline,33270.504728989785
baseline,33280.504880696724
baseline,33280.504880696724
baseline,33290.505032403664
baseline,33300.50518411061
baseline,33320.50548752449
baseline,33310.50533581755
baseline,33290.505032403664
baseline,33290.505032403664
baseline,33280.504880696724
baseline,33320.50548752449
baseline,33420.50700459389
baseline,33270.504728989785
baseline,33340.50579093837
baseline,33360.50609435225
baseline,33300.50518411061
baseline,33320.50548752449
baseline,33280.504880696724
baseline,33330.50563923143
baseline,33310.50533581755
baseline,33330.50563923143
baseline,33390.506549473066
baseline,33400.506701180006
baseline,33340.50579093837
baseline,33340.50579093837
baseline,33310.50533581755
baseline,33310.50533581755
baseline,33390.506549473066
baseline,33360.50609435225
baseline,33280.504880696724
baseline,33310.50533581755
baseline,33340.50579093837
baseline,34950.53021575573
baseline,33420.50700459389
baseline,33370.50624605919
baseline,37960.575879544704
baseline,33440.50730800777
baseline,33460.50761142165
baseline,33320.50548752449
baseline,33380.50639776613
baseline,33410.50685288695
baseline,33320.50548752449
baseline,33410.50685288695
baseline,33410.50685288695
baseline,33370.50624605919
baseline,33400.506701180006
baseline,33430.50715630083
baseline,33390.506549473066
baseline,33370.50624605919
baseline,33390.506549473066
baseline,33390.506549473066
baseline,33410.50685288695
baseline,33380.50639776613
baseline,33370.50624605919
baseline,33400.506701180006
baseline,33400.506701180006
baseline,33440.50730800777
baseline,33440.50730800777
baseline,33370.50624605919
baseline,33390.506549473066
baseline,33380.50639776613
baseline,33410.50685288695
baseline,33340.50579093837
baseline,33360.50609435225
baseline,33300.50518411061
baseline,33370.50624605919
baseline,33330.50563923143
baseline,33270.504728989785
baseline,33390.506549473066
baseline,33390.506549473066
baseline,33390.506549473066
baseline,33300.50518411061
baseline,33340.50579093837
baseline,33320.50548752449
baseline,33400.506701180006
baseline,33360.50609435225
baseline,33320.50548752449
baseline,33290.505032403664
baseline,33320.50548752449
baseline,33300.50518411061
baseline,33350.50594264531
baseline,37650.57117662956
baseline,33300.50518411061
baseline,33330.50563923143
baseline,33370.50624605919
baseline,33360.50609435225
baseline,33360.50609435225
baseline,33400.506701180006
baseline,33360.50609435225
baseline,33380.50639776613
baseline,33350.50594264531
baseline,33340.50579093837
baseline,33360.50609435225
baseline,33310.50533581755
baseline,33230.50412216203
baseline,33400.506701180006
baseline,33320.50548752449
baseline,33290.505032403664
baseline,33280.504880696724
baseline,37780.573148819785
baseline,33970.515348475594
baseline,34290.52020309768
baseline,34340.52096163238
baseline,34520.5236923573
baseline,33410.50685288695
baseline,33410.50685288695
baseline,33390.506549473066
baseline,33410.50685288695
baseline,33390.506549473066
baseline,33400.506701180006
baseline,33420.50700459389
baseline,37710.5720868712
baseline,33410.50685288695
baseline,33410.50685288695
baseline,33460.50761142165
baseline,33500.50821824941
baseline,33550.50897678411
baseline,33550.50897678411
baseline,33530.508673370234
baseline,33980.51550018253
baseline,34150.51807920052
baseline,33710.51140409515
baseline,33870.51383140619
baseline,33950.515045061715
baseline,33870.51383140619
baseline,33900.51428652702
baseline,33930.514741647836
baseline,38400.58255465007
baseline,34680.52611966834
baseline,34810.52809185856
baseline,34810.52809185856
baseline,33930.514741647836
baseline,33930.514741647836
baseline,33730.51170750903
baseline,33880.51398311313
baseline,33970.515348475594
baseline,33470.50776312859
baseline,33390.506549473066
baseline,33460.50761142165
baseline,33430.50715630083
baseline,33390.506549473066
baseline,37680.57163175038
baseline,33420.50700459389
baseline,33440.50730800777
baseline,33470.50776312859
baseline,33450.50745971471
baseline,33460.50761142165
baseline,33470.50776312859
baseline,33450.50745971471
baseline,33460.50761142165
baseline,33460.50761142165
baseline,33470.50776312859
baseline,33420.50700459389
baseline,33350.50594264531
baseline,33410.50685288695
baseline,33430.50715630083
baseline,33510.50836995635
baseline,33510.50836995635
baseline,33450.50745971471
baseline,33560.50912849105
baseline,33450.50745971471
baseline,33430.50715630083
baseline,33450.50745971471
baseline,33500.50821824941
baseline,33460.50761142165
baseline,33550.50897678411
baseline,33500.50821824941
baseline,33530.508673370234
baseline,33550.50897678411
baseline,33410.50685288695
baseline,33490.50806654247
baseline,33490.50806654247
baseline,37750.57269369896
baseline,33510.50836995635
baseline,33450.50745971471
baseline,33480.50791483553
baseline,33380.50639776613
baseline,33410.50685288695
baseline,33450.50745971471
baseline,33420.50700459389
baseline,33420.50700459389
baseline,33370.50624605919
baseline,33480.50791483553
baseline,33410.50685288695
baseline,33470.50776312859
baseline,33430.50715630083
baseline,33500.50821824941
baseline,33500.50821824941
baseline,33480.50791483553
baseline,33490.50806654247
baseline,33440.50730800777
baseline,33670.510797267394
baseline,33510.50836995635
baseline,33470.50776312859
baseline,33580.50943190493
baseline,33510.50836995635
baseline,33550.50897678411
baseline,33500.50821824941
baseline,33470.50776312859
baseline,33580.50943190493
baseline,33570.50928019799
baseline,33580.50943190493
baseline,37700.57193516426
baseline,33390.506549473066
baseline,33380.50639776613
baseline,33480.50791483553
baseline,33340.50579093837
baseline,33470.50776312859
baseline,33460.50761142165
baseline,33510.50836995635
baseline,33580.50943190493
baseline,33500.50821824941
baseline,33790.512617750675
baseline,34170.5183826144
baseline,33480.50791483553
baseline,33600.50973531881
baseline,34440.52247870178
baseline,33580.50943190493
baseline,33570.50928019799
baseline,33560.50912849105
baseline,33610.50988702575
baseline,33610.50988702575
baseline,33680.51094897433
baseline,33510.50836995635
baseline,33580.50943190493
baseline,33930.514741647836
baseline,34330.52080992544
baseline,33860.51367969925
baseline,33560.50912849105
baseline,33570.50928019799
baseline,34110.517472372754
baseline,33740.51185921597
baseline,33480.50791483553
baseline,33520.50852166329
baseline,33670.510797267394
baseline,33890.51413482008
baseline,33590.50958361187
baseline,34230.519292856035
baseline,34580.52460259894
baseline,35090.53233965289
baseline,35060.53188453207
baseline,34240.51944456298
baseline,34240.51944456298
baseline,34270.5198996838
baseline,34810.52809185856
baseline,40630.61638529772
baseline,35660.54098694848
baseline,35510.53871134437
baseline,34390.52172016708
baseline,34440.52247870178
baseline,34250.51959626992
baseline,34290.52020309768
baseline,34300.52035480462
baseline,34960.53036746267
baseline,34930.529912341844
baseline,34640.525512840584
baseline,35080.53218794595
baseline,35460.537952809675
baseline,34740.52702990999
baseline,35040.531581118186
baseline,35740.542200603995
baseline,34740.52702990999
baseline,34880.52915380715
baseline,34830.52839527245
baseline,35120.53279477371
baseline,35620.540380120714
baseline,34950.53021575573
baseline,34840.52854697939
baseline,34910.529608927965
baseline,34840.52854697939
baseline,34760.527333323866
baseline,35100.53249135983
baseline,36030.54660010526
baseline,40690.617295539356
baseline,36310.55084789958
baseline,36300.550696192644
baseline,36310.55084789958
baseline,35290.53537379169
baseline,35320.535828912514
baseline,35230.53446355005
baseline,35260.53491867087
baseline,35400.53704256803
baseline,35370.53658744721
baseline,35570.53962158602
baseline,35790.5429591387
baseline,35780.54280743176
baseline,35950.54538644974
baseline,35860.54402108728
baseline,40940.62108821286
baseline,35320.535828912514
baseline,35360.53643574027
baseline,35370.53658744721
baseline,35940.5452347428
baseline,35910.54477962198
baseline,35470.538104516614
baseline,35420.53734598192
baseline,35880.544324501156
baseline,36080.54735863996
baseline,35900.54462791504
baseline,35870.544172794216
baseline,40800.6189643157
baseline,35880.544324501156
baseline,35870.544172794216
baseline,35900.54462791504
baseline,35800.54311084564
baseline,35860.54402108728
baseline,35830.54356596646
baseline,35740.542200603995
baseline,35690.5414420693
baseline,34990.53082258349
baseline,34990.53082258349
baseline,35000.53097429043
baseline,34980.53067087655
baseline,35050.531732825126
baseline,39480.5989389996
baseline,34990.53082258349
baseline,35010.53112599737
baseline,34940.530064048784
baseline,34970.53051916961
baseline,34940.530064048784
baseline,34850.52869868633
baseline,34970.53051916961
baseline,35070.53203623901
baseline,34670.5259679614
baseline,34220.519141149096
baseline,34210.51898944216
baseline,38890.589988290136
baseline,34280.52005139074
baseline,34280.52005139074
baseline,34240.51944456298
baseline,34200.51883773522
baseline,34230.519292856035
baseline,34060.51671383806
baseline,34060.51671383806
baseline,34290.52020309768
baseline,33780.512466043736
baseline,33590.50958361187
baseline,33520.50852166329
baseline,33530.508673370234
baseline,33520.50852166329
baseline,33520.50852166329
baseline,33510.50836995635
baseline,33590.50958361187
baseline,33520.50852166329
baseline,33600.50973531881
baseline,33480.50791483553
baseline,33550.50897678411
baseline,33580.50943190493
baseline,33470.50776312859
baseline,33340.50579093837
baseline,33410.50685288695
baseline,33360.50609435225
baseline,37960.575879544704
baseline,33350.50594264531
baseline,33370.50624605919
baseline,33280.504880696724
baseline,33320.50548752449
baseline,33360.50609435225
baseline,33300.50518411061
baseline,33300.50518411061
baseline,33440.50730800777
baseline,33410.50685288695
baseline,33370.50624605919
baseline,33300.50518411061
baseline,33300.50518411061
baseline,33400.506701180006
baseline,33590.50958361187
baseline,33490.50806654247
baseline,33580.50943190493
baseline,33320.50548752449
baseline,33590.50958361187
baseline,34030.51625871724
baseline,34290.52020309768
baseline,34300.52035480462
baseline,33440.50730800777
baseline,33350.50594264531
baseline,34080.517017251936
baseline,34530.52384406424
baseline,34340.52096163238
baseline,33370.50624605919
baseline,33950.515045061715
baseline,33950.515045061715
baseline,34350.52111333932
baseline,34120.5176240797
baseline,34240.51944456298
baseline,34810.52809185856
baseline,34610.525057719766
baseline,38970.59120194566
baseline,34200.51883773522
baseline,35550.53931817214
baseline,34920.529760634905
baseline,34130.51777578664
baseline,34300.52035480462
baseline,34240.51944456298
baseline,34250.51959626992
baseline,34390.52172016708
baseline,34240.51944456298
baseline,34700.52642308222
baseline,35100.53249135983
baseline,35070.53203623901
baseline,35450.537801102735
baseline,34870.52900210021
baseline,34730.52687820305
baseline,35030.53142941125
baseline,36320.55099960652
baseline,35220.53431184311
baseline,34870.52900210021
baseline,34850.52869868633
baseline,35600.540076706835
baseline,34860.52885039327
baseline,34820.5282435655
baseline,34820.5282435655
baseline,35330.535980619454
baseline,36420.552516675925
baseline,35590.539924999895
baseline,35760.542504017874
baseline,36250.54993765795
baseline,35830.54356596646
baseline,35760.542504017874
baseline,35690.5414420693
baseline,36020.54644839832
baseline,36110.54781376078
baseline,35670.54113865542
baseline,35690.5414420693
baseline,35640.54068353459
baseline,35830.54356596646
baseline,35660.54098694848
baseline,35650.54083524154
baseline,35590.539924999895
baseline,35620.540380120714
baseline,35530.53901475825
baseline,35540.5391664652
baseline,35150.53324989453
baseline,35150.53324989453
baseline,35180.533705015354
baseline,35160.53340160147
baseline,35170.53355330841
baseline,35240.53461525699
baseline,35270.53507037781
baseline,35310.535677205575
baseline,35270.53507037781
baseline,35210.53416013617
baseline,35280.53522208475
baseline,35280.53522208475
baseline,35240.53461525699
baseline,34990.53082258349
baseline,34460.52278211566
baseline,34430.52232699484
baseline,34420.5221752879
baseline,34470.522933822605
baseline,34440.52247870178
baseline,34420.5221752879
baseline,34440.52247870178
baseline,34430.52232699484
baseline,34410.52202358096
baseline,34410.52202358096
baseline,34420.5221752879
baseline,34420.5221752879
baseline,34400.52187187402
baseline,34390.52172016708
baseline,34370.5214167532
baseline,34310.52050651156
baseline,34230.519292856035
baseline,33680.51094897433
baseline,33660.510645560455
baseline,33700.51125238821
baseline,33610.50988702575
baseline,33630.51019043963
baseline,33730.51170750903
baseline,33670.510797267394
baseline,33760.51216262985
baseline,33680.51094897433
baseline,33680.51094897433
baseline,33760.51216262985
baseline,33770.5123143368
baseline,33690.51110068127
baseline,33570.50928019799
baseline,33620.51003873269
baseline,33360.50609435225
baseline,33420.50700459389
baseline,33340.50579093837
baseline,33340.50579093837
baseline,33310.50533581755
baseline,33310.50533581755
baseline,37740.57254199202
baseline,33370.50624605919
baseline,33340.50579093837
baseline,33350.50594264531
baseline,33330.50563923143
baseline,33330.50563923143
baseline,33350.50594264531
baseline,33290.505032403664
baseline,33320.50548752449
baseline,33350.50594264531
baseline,33510.50836995635
baseline,33420.50700459389
baseline,35490.53840793049
baseline,33940.514893354775
baseline,33270.504728989785
baseline,33290.505032403664
baseline,33830.51322457843
baseline,34280.52005139074
baseline,33380.50639776613
baseline,33430.50715630083
baseline,33570.50928019799
baseline,33390.506549473066
baseline,33470.50776312859
baseline,33330.50563923143
baseline,33410.50685288695
baseline,33490.50806654247
baseline,33610.50988702575
baseline,33460.50761142165
baseline,33590.50958361187
baseline,33940.514893354775
baseline,34210.51898944216
baseline,33400.506701180006
baseline,33490.50806654247
baseline,33480.50791483553
baseline,33440.50730800777
baseline,33330.50563923143
baseline,33370.50624605919
baseline,34390.52172016708
baseline,33940.514893354775
baseline,35730.542048897056
baseline,34210.51898944216
baseline,34060.51671383806
baseline,34230.519292856035
baseline,38620.585892202755
baseline,34150.51807920052
baseline,34000.51580359642
baseline,34090.517168958875
baseline,34000.51580359642
baseline,34100.517320665815
baseline,34140.51792749358
baseline,34130.51777578664
baseline,34170.5183826144
baseline,34880.52915380715
baseline,34300.52035480462
baseline,34270.5198996838
baseline,34200.51883773522
baseline,34190.51868602828
baseline,38660.58649903051
baseline,34240.51944456298
baseline,34220.519141149096
baseline,34240.51944456298
baseline,35030.53142941125
baseline,34440.52247870178
baseline,33650.510493853515
baseline,33600.50973531881
baseline,33520.50852166329
baseline,38750.587864392975
baseline,33570.50928019799
baseline,33530.508673370234
baseline,33530.508673370234
baseline,33480.50791483553
baseline,33570.50928019799
baseline,33700.51125238821
baseline,33500.50821824941
baseline,33470.50776312859
baseline,33460.50761142165
baseline,33520.50852166329
baseline,33510.50836995635
baseline,33550.50897678411
baseline,33430.50715630083
baseline,33410.50685288695
baseline,33420.50700459389
baseline,33410.50685288695
baseline,33400.506701180006
baseline,33380.50639776613
baseline,33320.50548752449
baseline,33340.50579093837
baseline,33360.50609435225
baseline,33330.50563923143
baseline,33320.50548752449
baseline,33360.50609435225
baseline,33260.504577282845
baseline,33280.504880696724
baseline,33290.505032403664
baseline,33290.505032403664
baseline,33320.50548752449
baseline,37700.57193516426
baseline,33260.504577282845
baseline,33350.50594264531
baseline,33320.50548752449
baseline,33370.50624605919
baseline,33310.50533581755
baseline,33280.504880696724
baseline,33290.505032403664
baseline,33340.50579093837
baseline,33290.505032403664
baseline,33250.504425575906
baseline,33310.50533581755
baseline,33340.50579093837
baseline,33480.50791483553
baseline,33350.50594264531
baseline,33300.50518411061
baseline,33280.504880696724
baseline,33290.505032403664
baseline,33280.504880696724
baseline,33260.504577282845
baseline,33280.504880696724
baseline,33340.50579093837
baseline,33320.50548752449
baseline,33320.50548752449
baseline,33260.504577282845
baseline,33290.505032403664
baseline,33340.50579093837
baseline,33340.50579093837
baseline,33400.506701180006
baseline,33280.504880696724
baseline,33360.50609435225
baseline,33400.506701180006
baseline,35060.53188453207
baseline,33340.50579093837
baseline,33270.504728989785
baseline,38440.58316147783
baseline,33330.50563923143
baseline,33400.506701180006
baseline,33360.50609435225
baseline,33420.50700459389
baseline,34360.52126504626
baseline,33630.51019043963
baseline,33450.50745971471
baseline,33410.50685288695
baseline,33410.50685288695
baseline,33380.50639776613
baseline,33340.50579093837
baseline,33370.50624605919
baseline,33330.50563923143
baseline,33370.50624605919
baseline,33440.50730800777
baseline,33440.50730800777
baseline,33400.506701180006
baseline,33430.50715630083
baseline,33430.50715630083
baseline,33390.506549473066
baseline,33380.50639776613
baseline,33390.506549473066
baseline,33390.506549473066
baseline,33370.50624605919
baseline,33370.50624605919
baseline,33340.50579093837
baseline,33340.50579093837
baseline,33400.506701180006
baseline,33290.505032403664
baseline,33370.50624605919
baseline,33320.50548752449
baseline,33380.50639776613
baseline,33360.50609435225
baseline,33420.50700459389
baseline,33390.506549473066
baseline,33390.506549473066
baseline,33420.50700459389
baseline,33450.50745971471
baseline,33410.50685288695
baseline,33440.50730800777
baseline,33400.506701180006
baseline,33370.50624605919
baseline,33400.506701180006
baseline,38130.57845856269
baseline,33370.50624605919
baseline,33370.50624605919
baseline,33290.505032403664
baseline,33280.504880696724
baseline,33350.50594264531
baseline,33400.506701180006
baseline,33290.505032403664
baseline,33310.50533581755
baseline,33320.50548752449
baseline,33380.50639776613
baseline,33360.50609435225
baseline,33300.50518411061
baseline,33370.50624605919
baseline,33220.50397045509
baseline,35440.537649395796
baseline,33440.50730800777
baseline,33470.50776312859
baseline,33440.50730800777
baseline,33370.50624605919
baseline,33440.50730800777
baseline,33390.506549473066
baseline,33370.50624605919
baseline,33350.50594264531
baseline,33390.506549473066
baseline,33350.50594264531
baseline,33320.50548752449
baseline,33320.50548752449
baseline,33390.506549473066
baseline,33370.50624605919
baseline,33340.50579093837
baseline,33350.50594264531
baseline,33440.50730800777
baseline,38190.57936880433
baseline,33420.50700459389
baseline,33340.50579093837
baseline,33340.50579093837
baseline,33350.50594264531
baseline,33290.505032403664
baseline,33310.50533581755
baseline,33270.504728989785
baseline,33270.504728989785
baseline,33570.50928019799
baseline,33390.506549473066
baseline,33370.50624605919
baseline,33360.50609435225
baseline,33530.508673370234
baseline,33420.50700459389
baseline,33380.50639776613
baseline,33550.50897678411
baseline,33590.50958361187
baseline,33390.506549473066
baseline,33370.50624605919
baseline,33330.50563923143
baseline,33320.50548752449
baseline,33330.50563923143
baseline,33280.504880696724
baseline,37650.57117662956
baseline,33270.504728989785
baseline,33270.504728989785
baseline,33490.50806654247
baseline,33490.50806654247
baseline,33380.50639776613
baseline,33380.50639776613
baseline,33510.50836995635
baseline,33470.50776312859
baseline,34220.519141149096
baseline,33440.50730800777
baseline,33380.50639776613
baseline,33680.51094897433
baseline,34450.52263040872
baseline,33980.51550018253
baseline,38110.5781551488
baseline,33570.50928019799
baseline,33710.51140409515
baseline,33460.50761142165
baseline,33520.50852166329
baseline,33640.51034214657
baseline,33770.5123143368
baseline,34090.517168958875
baseline,33520.50852166329
baseline,33870.51383140619
baseline,34610.525057719766
baseline,33660.510645560455
baseline,33720.51155580209
baseline,33580.50943190493
baseline,38230.579975632085
baseline,33320.50548752449
baseline,34220.519141149096
baseline,34140.51792749358
baseline,34310.52050651156
baseline,34210.51898944216
baseline,34540.52399577118
baseline,34170.5183826144
baseline,34330.52080992544
baseline,34120.5176240797
baseline,38500.58407171947
baseline,34190.51868602828
baseline,34160.51823090746
baseline,34070.516865544996
baseline,34160.51823090746
baseline,34090.517168958875
baseline,34200.51883773522
baseline,34150.51807920052
baseline,34110.517472372754
baseline,34270.5198996838
baseline,34310.52050651156
baseline,34650.525664547524
baseline,34630.525361133645
baseline,35440.537649395796
baseline,35110.53264306677
baseline,34640.525512840584
baseline,34580.52460259894
baseline,34590.52475430589
baseline,34560.52429918506
baseline,34580.52460259894
baseline,34630.525361133645
baseline,34730.52687820305
baseline,34590.52475430589
baseline,34390.52172016708
baseline,34430.52232699484
baseline,34000.51580359642
baseline,33750.51201092291
baseline,33810.512921164554
baseline,33880.51398311313
baseline,38780.588319513794
baseline,33910.51443823396
baseline,34050.51656213112
baseline,34130.51777578664
baseline,34170.5183826144
baseline,33880.51398311313
baseline,33870.51383140619
baseline,33900.51428652702
baseline,33980.51550018253
baseline,33850.51352799231
baseline,33500.50821824941
baseline,33460.50761142165
baseline,33350.50594264531
baseline,33370.50624605919
baseline,33380.50639776613
baseline,33410.50685288695
baseline,33360.50609435225
baseline,33350.50594264531
baseline,33360.50609435225
baseline,33390.506549473066
baseline,33370.50624605919
baseline,33330.50563923143
baseline,33400.506701180006
baseline,33330.50563923143
baseline,33290.505032403664
baseline,33350.50594264531
baseline,33290.505032403664
baseline,37690.57178345732
baseline,33330.50563923143
baseline,33360.50609435225
baseline,33330.50563923143
baseline,33340.50579093837
baseline,33310.50533581755
baseline,33360.50609435225
baseline,33310.50533581755
baseline,33380.50639776613
baseline,33380.50639776613
baseline,33310.50533581755
baseline,33380.50639776613
baseline,33380.50639776613
baseline,33350.50594264531
baseline,33340.50579093837
baseline,33330.50563923143
baseline,33380.50639776613
baseline,33290.505032403664
baseline,37490.56874931852
baseline,33360.50609435225
baseline,33400.506701180006
baseline,33370.50624605919
baseline,33300.50518411061
baseline,33330.50563923143
baseline,33350.50594264531
baseline,33360.50609435225
baseline,33270.504728989785
baseline,33350.50594264531
baseline,33320.50548752449
baseline,33390.506549473066
baseline,33290.505032403664
baseline,33270.504728989785
baseline,33340.50579093837
baseline,33350.50594264531
baseline,33310.50533581755
baseline,33320.50548752449
baseline,33280.504880696724
baseline,33290.505032403664
baseline,33340.50579093837
baseline,33310.50533581755
baseline,33250.504425575906
baseline,33280.504880696724
baseline,33280.504880696724
baseline,33300.50518411061
baseline,33240.504273868966
baseline,33280.504880696724
baseline,33330.50563923143
baseline,33300.50518411061
baseline,33340.50579093837
baseline,33290.505032403664
baseline,33320.50548752449
baseline,33290.505032403664
baseline,33320.50548752449
baseline,33240.504273868966
baseline,33280.504880696724
baseline,33290.505032403664
baseline,33300.50518411061
baseline,33360.50609435225
baseline,33310.50533581755
baseline,33350.50594264531
baseline,33250.504425575906
baseline,33300.50518411061
baseline,33300.50518411061
baseline,33360.50609435225
baseline,33270.504728989785
baseline,33570.50928019799
baseline,33330.50563923143
baseline,33320.50548752449
baseline,33290.505032403664
baseline,33360.50609435225
baseline,33330.50563923143
baseline,33320.50548752449
baseline,33270.504728989785
baseline,33320.50548752449
baseline,33310.50533581755
baseline,33290.505032403664
baseline,33370.50624605919
baseline,33340.50579093837
baseline,33410.50685288695
baseline,33400.506701180006
baseline,33340.50579093837
baseline,33360.50609435225
baseline,33400.506701180006
baseline,33330.50563923143
baseline,33360.50609435225
baseline,33310.50533581755
baseline,35330.535980619454
baseline,33290.505032403664
baseline,33350.50594264531
baseline,33380.50639776613
baseline,33300.50518411061
baseline,33340.50579093837
baseline,33340.50579093837
baseline,33340.50579093837
baseline,33290.505032403664
baseline,33290.505032403664
baseline,33400.506701180006
baseline,33380.50639776613
baseline,33320.50548752449
baseline,33330.50563923143
baseline,33360.50609435225
baseline,33360.50609435225
baseline,33310.50533581755
baseline,37930.575424423885
baseline,33320.50548752449
baseline,33390.506549473066
baseline,33430.50715630083
baseline,33340.50579093837
baseline,33350.50594264531
baseline,33310.50533581755
baseline,33350.50594264531
baseline,33340.50579093837
baseline,33300.50518411061
baseline,37610.5705698018
baseline,33290.505032403664
baseline,33380.50639776613
baseline,33340.50579093837
baseline,33260.504577282845
baseline,33300.50518411061
baseline,33270.504728989785
baseline,33310.50533581755
baseline,33330.50563923143
baseline,33380.50639776613
baseline,33320.50548752449
baseline,33290.505032403664
baseline,33270.504728989785
baseline,33250.504425575906
baseline,33290.505032403664
baseline,37540.56950785322
baseline,33300.50518411061
baseline,33270.504728989785
baseline,33280.504880696724
baseline,33300.50518411061
baseline,33310.50533581755
baseline,33270.504728989785
baseline,33260.504577282845
baseline,33350.50594264531
baseline,33330.50563923143
baseline,33330.50563923143
baseline,33380.50639776613
baseline,33380.50639776613
baseline,33400.506701180006
baseline,36410.552364968986
baseline,33410.50685288695
baseline,33350.50594264531
baseline,33300.50518411061
baseline,38660.58649903051
baseline,33360.50609435225
baseline,33460.50761142165
baseline,33350.50594264531
baseline,33310.50533581755
baseline,33370.50624605919
baseline,33320.50548752449
baseline,33300.50518411061
baseline,33290.505032403664
baseline,33310.50533581755
baseline,33330.50563923143
baseline,33310.50533581755
baseline,33330.50563923143
baseline,33300.50518411061
baseline,33300.50518411061
baseline,33320.50548752449
baseline,33370.50624605919
baseline,33320.50548752449
baseline,33450.50745971471
baseline,33380.50639776613
baseline,33320.50548752449
baseline,33320.50548752449
baseline,33400.506701180006
baseline,33360.50609435225
baseline,33310.50533581755
baseline,33360.50609435225
baseline,33350.50594264531
baseline,33300.50518411061
baseline,33380.50639776613
baseline,33390.506549473066
baseline,33390.506549473066
baseline,33310.50533581755
baseline,33360.50609435225
baseline,33390.506549473066
baseline,37750.57269369896
baseline,33440.50730800777
baseline,33390.506549473066
baseline,33310.50533581755
baseline,33370.50624605919
baseline,33380.50639776613
baseline,33340.50579093837
baseline,33310.50533581755
baseline,33310.50533581755
baseline,33360.50609435225
baseline,33440.50730800777
baseline,33360.50609435225
baseline,33420.50700459389
baseline,33360.50609435225
baseline,33400.506701180006
baseline,38280.58073416679
baseline,33340.50579093837
baseline,33410.50685288695
baseline,33360.50609435225
baseline,33380.50639776613
baseline,33360.50609435225
baseline,33350.50594264531
baseline,33390.506549473066
baseline,33360.50609435225
baseline,33350.50594264531
baseline,33310.50533581755
baseline,33340.50579093837
baseline,33350.50594264531
baseline,33330.50563923143
baseline,33440.50730800777
baseline,33300.50518411061
baseline,33390.506549473066
baseline,33360.50609435225
baseline,33280.504880696724
baseline,33310.50533581755
baseline,33310.50533581755
baseline,33320.50548752449
baseline,33330.50563923143
baseline,33330.50563923143
baseline,33300.50518411061
baseline,33280.504880696724
baseline,33280.504880696724
baseline,33240.504273868966
baseline,33290.505032403664
baseline,37930.575424423885
baseline,33300.50518411061
baseline,33280.504880696724
baseline,33300.50518411061
baseline,33340.50579093837
baseline,33290.505032403664
baseline,33300.50518411061
baseline,33270.504728989785
baseline,33290.505032403664
baseline,33320.50548752449
baseline,33250.504425575906
baseline,33300.50518411061
baseline,33300.50518411061
baseline,33310.50533581755
baseline,33340.50579093837
baseline,33330.50563923143
baseline,33320.50548752449
baseline,33390.506549473066
baseline,33330.50563923143
baseline,37770.572997112846
baseline,33370.50624605919
baseline,33400.506701180006
baseline,33420.50700459389
baseline,33450.50745971471
baseline,33360.50609435225
baseline,33390.506549473066
baseline,33440.50730800777
baseline,33340.50579093837
baseline,33360.50609435225
baseline,33330.50563923143
baseline,33310.50533581755
baseline,33370.50624605919
baseline,33380.50639776613
baseline,33360.50609435225
baseline,33360.50609435225
baseline,33360.50609435225
baseline,38080.577700027985
baseline,33400.506701180006
baseline,33330.50563923143
baseline,33340.50579093837
baseline,33380.50639776613
baseline,33330.50563923143
baseline,33300.50518411061
baseline,33390.506549473066
baseline,33430.50715630083
baseline,33460.50761142165
baseline,33400.506701180006
baseline,35420.53734598192
baseline,33450.50745971471
baseline,33370.50624605919
baseline,33440.50730800777
baseline,33380.50639776613
baseline,33380.50639776613
baseline,33400.506701180006
baseline,33440.50730800777
baseline,33360.50609435225
baseline,33450.50745971471
baseline,33910.51443823396
baseline,34640.525512840584
baseline,34740.52702990999
baseline,34830.52839527245
baseline,34480.523085529545
baseline,33520.50852166329
baseline,33510.50836995635
baseline,33490.50806654247
baseline,33500.50821824941
baseline,33430.50715630083
baseline,33490.50806654247
baseline,33490.50806654247
baseline,33430.50715630083
baseline,33660.510645560455
baseline,33800.512769457615
baseline,33980.51550018253
baseline,33620.51003873269
baseline,33630.51019043963
baseline,33700.51125238821
baseline,33700.51125238821
baseline,33660.510645560455
baseline,33690.51110068127
baseline,33710.51140409515
baseline,33680.51094897433
baseline,33690.51110068127
baseline,33680.51094897433
baseline,33730.51170750903
baseline,33570.50928019799
baseline,33390.506549473066
baseline,33390.506549473066
baseline,33400.506701180006
baseline,33450.50745971471
baseline,33400.506701180006
baseline,33380.50639776613
baseline,37830.57390735448
baseline,33380.50639776613
baseline,33380.50639776613
baseline,33380.50639776613
baseline,33390.506549473066
baseline,33350.50594264531
baseline,33360.50609435225
baseline,33250.504425575906
baseline,33280.504880696724
baseline,33300.50518411061
baseline,33330.50563923143
baseline,33360.50609435225
baseline,33350.50594264531
baseline,33380.50639776613
baseline,33340.50579093837
baseline,33440.50730800777
baseline,33450.50745971471
baseline,33400.506701180006
baseline,33390.506549473066
baseline,33370.50624605919
baseline,33420.50700459389
baseline,33480.50791483553
baseline,33440.50730800777
baseline,33380.50639776613
baseline,33400.506701180006
baseline,37850.57421076836
baseline,33440.50730800777
baseline,33420.50700459389
baseline,33410.50685288695
baseline,33340.50579093837
baseline,33300.50518411061
baseline,33290.505032403664
baseline,33330.50563923143
baseline,33270.504728989785
baseline,33370.50624605919
baseline,33340.50579093837
baseline,33380.50639776613
baseline,33420.50700459389
baseline,37680.57163175038
baseline,33410.50685288695
baseline,33380.50639776613
baseline,33520.50852166329
baseline,33560.50912849105
baseline,33450.50745971471
baseline,33470.50776312859
baseline,33470.50776312859
baseline,33500.50821824941
baseline,33540.50882507717
baseline,33630.51019043963
baseline,33680.51094897433
baseline,33700.51125238821
baseline,33370.50624605919
baseline,33450.50745971471
baseline,33420.50700459389
baseline,33410.50685288695
baseline,37670.57148004344
baseline,33390.506549473066
baseline,33420.50700459389
baseline,33510.50836995635
baseline,33500.50821824941
baseline,33540.50882507717
baseline,33470.50776312859
baseline,34100.517320665815
baseline,34340.52096163238
baseline,34230.519292856035
baseline,33350.50594264531
baseline,34660.52581625446
baseline,33470.50776312859
baseline,33730.51170750903
baseline,33560.50912849105
baseline,33520.50852166329
baseline,33760.51216262985
baseline,38690.58695415133
baseline,33680.51094897433
baseline,33540.50882507717
baseline,33660.510645560455
baseline,33750.51201092291
baseline,33570.50928019799
baseline,34550.52414747812
baseline,34820.5282435655
baseline,34360.52126504626
baseline,33990.51565188947
baseline,34180.51853432134
baseline,34420.5221752879
baseline,34350.52111333932
baseline,34360.52126504626
baseline,34190.51868602828
baseline,34050.51656213112
baseline,34080.517017251936
baseline,34180.51853432134
baseline,34200.51883773522
baseline,34160.51823090746
baseline,34780.527636737745
baseline,35520.53886305131
baseline,35830.54356596646
baseline,35690.5414420693
baseline,34560.52429918506
baseline,34580.52460259894
baseline,34580.52460259894
baseline,34800.52794015162
baseline,35560.53946987908
baseline,35530.53901475825
baseline,35210.53416013617
baseline,34830.52839527245
baseline,34880.52915380715
baseline,34540.52399577118
baseline,34510.52354065036
baseline,34880.52915380715
baseline,35410.53719427497
baseline,35380.53673915415
baseline,35850.54386938034
baseline,35090.53233965289
baseline,35110.53264306677
baseline,35170.53355330841
baseline,35100.53249135983
baseline,35050.531732825126
baseline,35110.53264306677
baseline,35530.53901475825
baseline,35260.53491867087
baseline,41220.625336007186
baseline,35320.535828912514
baseline,35600.540076706835
baseline,35920.54493132892
baseline,35380.53673915415
baseline,35250.53476696393
baseline,35220.53431184311
baseline,35190.53385672229
baseline,35190.53385672229
baseline,35120.53279477371
baseline,34610.525057719766
baseline,34450.52263040872
baseline,34410.52202358096
baseline,34370.5214167532
baseline,34400.52187187402
baseline,34340.52096163238
baseline,34370.5214167532
baseline,34370.5214167532
baseline,40080.60804141601
baseline,34450.52263040872
baseline,34550.52414747812
baseline,34600.524906012826
baseline,34530.52384406424
baseline,34470.522933822605
baseline,34480.523085529545
baseline,34570.524450892
baseline,34250.51959626992
baseline,34580.52460259894
baseline,34200.51883773522
baseline,33860.51367969925
baseline,33900.51428652702
baseline,33770.5123143368
baseline,33610.50988702575
baseline,33620.51003873269
baseline,38250.58027904597
baseline,33710.51140409515
baseline,33680.51094897433
baseline,33660.510645560455
baseline,33620.51003873269
baseline,33730.51170750903
baseline,33740.51185921597
baseline,33690.51110068127
baseline,33630.51019043963
baseline,33680.51094897433
baseline,33470.50776312859
baseline,33480.50791483553
baseline,33570.50928019799
baseline,33430.50715630083
baseline,33330.50563923143
baseline,33330.50563923143
baseline,33340.50579093837
baseline,33390.506549473066
baseline,33350.50594264531
baseline,37760.5728454059
baseline,33430.50715630083
baseline,33430.50715630083
baseline,33440.50730800777
baseline,33410.50685288695
baseline,33430.50715630083
baseline,33360.50609435225
baseline,33410.50685288695
baseline,33430.50715630083
baseline,33420.50700459389
baseline,33430.50715630083
baseline,33550.50897678411
baseline,33460.50761142165
baseline,33500.50821824941
baseline,33510.50836995635
baseline,33400.506701180006
baseline,33410.50685288695
baseline,33430.50715630083
baseline,33380.50639776613
baseline,33440.50730800777
baseline,33450.50745971471
baseline,33520.50852166329
baseline,33460.50761142165
baseline,33460.50761142165
baseline,33470.50776312859
baseline,33680.51094897433
baseline,38000.57648637246
baseline,33490.50806654247
baseline,33590.50958361187
baseline,33840.51337628537
baseline,34160.51823090746
baseline,34420.5221752879
baseline,34250.51959626992
baseline,33640.51034214657
baseline,33460.50761142165
baseline,33600.50973531881
baseline,33500.50821824941
baseline,33650.510493853515
baseline,33980.51550018253
baseline,34230.519292856035
baseline,34570.524450892
baseline,33550.50897678411
baseline,33440.50730800777
baseline,35520.53886305131
baseline,34320.5206582185
baseline,34350.52111333932
baseline,34330.52080992544
baseline,34380.52156846014
baseline,34220.519141149096
baseline,38720.58740927216
baseline,34350.52111333932
baseline,34550.52414747812
baseline,34790.527788444684
baseline,34870.52900210021
baseline,34630.525361133645
baseline,34260.51974797686
baseline,35600.540076706835
baseline,34490.523237236484
baseline,34620.525209426705
baseline,34900.529457221026
baseline,35040.531581118186
baseline,34640.525512840584
baseline,34570.524450892
baseline,34750.527181616926
baseline,34590.52475430589
baseline,34510.52354065036
baseline,36290.550544485704
baseline,41020.62230186838
baseline,36170.54872400242
baseline,36190.5490274163
baseline,34650.525664547524
baseline,34650.525664547524
baseline,35520.53886305131
baseline,34800.52794015162
baseline,34980.53067087655
baseline,35140.53309818759
baseline,35570.53962158602
baseline,35780.54280743176
baseline,35030.53142941125
baseline,35310.535677205575
baseline,35880.544324501156
baseline,35020.53127770431
baseline,35040.531581118186
baseline,35040.531581118186
baseline,34970.53051916961
baseline,35090.53233965289
baseline,34990.53082258349
baseline,35100.53249135983
baseline,35220.53431184311
baseline,35030.53142941125
baseline,34950.53021575573
baseline,34910.529608927965
baseline,34920.529760634905
baseline,35010.53112599737
baseline,35020.53127770431
baseline,39610.600911189824
baseline,35040.531581118186
baseline,35040.531581118186
baseline,34920.529760634905
baseline,34880.52915380715
baseline,34910.529608927965
baseline,34900.529457221026
baseline,34940.530064048784
baseline,35000.53097429043
baseline,34760.527333323866
baseline,34890.52930551409
baseline,34960.53036746267
baseline,34160.51823090746
baseline,34140.51792749358
baseline,34070.516865544996
baseline,34110.517472372754
baseline,34180.51853432134
baseline,34130.51777578664
baseline,34100.517320665815
baseline,34130.51777578664
baseline,34070.516865544996
baseline,34060.51671383806
baseline,33960.515196768654
baseline,33440.50730800777
baseline,33420.50700459389
baseline,33430.50715630083
baseline,33510.50836995635
baseline,38250.58027904597
baseline,33540.50882507717
baseline,33510.50836995635
baseline,33480.50791483553
baseline,33760.51216262985
baseline,33730.51170750903
baseline,33610.50988702575
baseline,33560.50912849105
baseline,33590.50958361187
baseline,33430.50715630083
baseline,33430.50715630083
baseline,33490.50806654247
baseline,33590.50958361187
baseline,33660.510645560455
baseline,34140.51792749358
baseline,38880.589836583196
baseline,34550.52414747812
baseline,33470.50776312859
baseline,33590.50958361187
baseline,33740.51185921597
baseline,33520.50852166329
baseline,33640.51034214657
baseline,33580.50943190493
baseline,33780.512466043736
baseline,34080.517017251936
baseline,34330.52080992544
baseline,33840.51337628537
baseline,33520.50852166329
baseline,33600.50973531881
baseline,33700.51125238821
baseline,33560.50912849105
baseline,33660.510645560455
baseline,33780.512466043736
baseline,33570.50928019799
baseline,33730.51170750903
baseline,33490.50806654247
baseline,33540.50882507717
baseline,35150.53324989453
baseline,34750.527181616926
baseline,35550.53931817214
baseline,34160.51823090746
baseline,34560.52429918506
baseline,34210.51898944216
baseline,34170.5183826144
baseline,34090.517168958875
baseline,34620.525209426705
baseline,34530.52384406424
baseline,34350.52111333932
baseline,34830.52839527245
baseline,35350.53628403333
baseline,34780.527636737745
baseline,34810.52809185856
baseline,34830.52839527245
baseline,34780.527636737745
baseline,34800.52794015162
baseline,34870.52900210021
baseline,34830.52839527245
baseline,35560.53946987908
baseline,35780.54280743176
baseline,40710.617598953235
baseline,35230.53446355005
baseline,34990.53082258349
baseline,35340.53613232639
baseline,34870.52900210021
baseline,35140.53309818759
baseline,34890.52930551409
baseline,34920.529760634905
baseline,34810.52809185856
baseline,34950.53021575573
baseline,34860.52885039327
baseline,34950.53021575573
baseline,34960.53036746267
baseline,36710.55691617719
baseline,34930.529912341844
baseline,34940.530064048784
baseline,34910.529608927965
baseline,35060.53188453207
baseline,35080.53218794595
baseline,34910.529608927965
baseline,34940.530064048784
baseline,34730.52687820305
baseline,34530.52384406424
baseline,34220.519141149096
baseline,34200.51883773522
baseline,34240.51944456298
baseline,34100.517320665815
baseline,38580.58528537499
baseline,34120.5176240797
baseline,34140.51792749358
baseline,34170.5183826144
baseline,34240.51944456298
baseline,34140.51792749358
baseline,34160.51823090746
baseline,34120.5176240797
baseline,34160.51823090746
baseline,34090.517168958875
baseline,33980.51550018253
baseline,34010.51595530336
baseline,34220.519141149096
baseline,33660.510645560455
baseline,33370.50624605919
baseline,33350.50594264531
baseline,33360.50609435225
baseline,33370.50624605919
baseline,33450.50745971471
baseline,33440.50730800777
baseline,37990.57633466552
baseline,33440.50730800777
baseline,33480.50791483553
baseline,33410.50685288695
baseline,33410.50685288695
baseline,33420.50700459389
baseline,33410.50685288695
baseline,33400.506701180006
baseline,33420.50700459389
baseline,33300.50518411061
baseline,33280.504880696724
baseline,33280.504880696724
baseline,33350.50594264531
baseline,33370.50624605919
baseline,33430.50715630083
baseline,33360.50609435225
baseline,33410.50685288695
baseline,33400.506701180006
baseline,33370.50624605919
baseline,33350.50594264531
baseline,33340.50579093837
baseline,33370.50624605919
baseline,33340.50579093837
baseline,33340.50579093837
baseline,33360.50609435225
baseline,33360.50609435225
baseline,35220.53431184311
baseline,33330.50563923143
baseline,33390.506549473066
baseline,38790.58847122073
baseline,33410.50685288695
baseline,33390.506549473066
baseline,33280.504880696724
baseline,33300.50518411061
baseline,33260.504577282845
baseline,33290.505032403664
baseline,33280.504880696724
baseline,33290.505032403664
baseline,33260.504577282845
baseline,33300.50518411061
baseline,33200.50366704121
baseline,33280.504880696724
baseline,33240.504273868966
baseline,33160.50306021344
baseline,33210.50381874815
baseline,33190.50351533427
baseline,33270.504728989785
baseline,33230.50412216203
baseline,33260.504577282845
baseline,33230.50412216203
baseline,33280.504880696724
baseline,33330.50563923143
baseline,33290.505032403664
baseline,33230.50412216203
baseline,33270.504728989785
baseline,33290.505032403664
baseline,33290.505032403664
baseline,33280.504880696724
baseline,33280.504880696724
baseline,33270.504728989785
baseline,33320.50548752449
baseline,33300.50518411061
baseline,33310.50533581755
baseline,33280.504880696724
baseline,33270.504728989785
baseline,33300.50518411061
baseline,33260.504577282845
baseline,33340.50579093837
baseline,33360.50609435225
baseline,33300.50518411061
baseline,33310.50533581755
baseline,33340.50579093837
baseline,33310.50533581755
baseline,33290.505032403664
baseline,33320.50548752449
baseline,33310.50533581755
baseline,33310.50533581755
baseline,33310.50533581755
baseline,33350.50594264531
baseline,37790.573300526725
baseline,33320.50548752449
baseline,33320.50548752449
baseline,33310.50533581755
baseline,33260.504577282845
baseline,33330.50563923143
baseline,33320.50548752449
baseline,33350.50594264531
baseline,33350.50594264531
baseline,33280.504880696724
baseline,33290.505032403664
baseline,33250.504425575906
baseline,33310.50533581755
baseline,39060.592567308115
baseline,33250.504425575906
baseline,33300.50518411061
baseline,33290.505032403664
baseline,33270.504728989785
baseline,33330.50563923143
baseline,33340.50579093837
baseline,33250.504425575906
baseline,33270.504728989785
baseline,33330.50563923143
baseline,33280.504880696724
baseline,33280.504880696724
baseline,33330.50563923143
baseline,33300.50518411061
baseline,33310.50533581755
baseline,33300.50518411061
baseline,33280.504880696724
baseline,33310.50533581755
baseline,33270.504728989785
baseline,33280.504880696724
baseline,33270.504728989785
baseline,33210.50381874815
baseline,33280.504880696724
baseline,33290.505032403664
baseline,33380.50639776613
baseline,33280.504880696724
baseline,33260.504577282845
baseline,33360.50609435225
baseline,33310.50533581755
baseline,33250.504425575906
baseline,33260.504577282845
baseline,33330.50563923143
baseline,33350.50594264531
baseline,33300.50518411061
baseline,33310.50533581755
baseline,33330.50563923143
baseline,33340.50579093837
baseline,33370.50624605919
baseline,33350.50594264531
baseline,33280.504880696724
baseline,33280.504880696724
baseline,33330.50563923143
baseline,33310.50533581755
baseline,33310.50533581755
baseline,37930.575424423885
baseline,33290.505032403664
baseline,33370.50624605919
baseline,33360.50609435225
baseline,33330.50563923143
baseline,33330.50563923143
baseline,33340.50579093837
baseline,33340.50579093837
baseline,33310.50533581755
baseline,33360.50609435225
baseline,33340.50579093837
baseline,33280.504880696724
baseline,33300.50518411061
baseline,33270.504728989785
baseline,33360.50609435225
baseline,33370.50624605919
baseline,33340.50579093837
baseline,33350.50594264531
baseline,38210.579672218206
baseline,33330.50563923143
baseline,33370.50624605919
baseline,33320.50548752449
baseline,33290.505032403664
baseline,33250.504425575906
baseline,33290.505032403664
baseline,33290.505032403664
baseline,33310.50533581755
baseline,33320.50548752449
baseline,33300.50518411061
baseline,33310.50533581755
baseline,33330.50563923143
baseline,33320.50548752449
baseline,33310.50533581755
baseline,33300.50518411061
baseline,33300.50518411061
baseline,33340.50579093837
baseline,33380.50639776613
baseline,33320.50548752449
baseline,33280.504880696724
baseline,33300.50518411061
baseline,33250.504425575906
baseline,33300.50518411061
baseline,33290.505032403664
baseline,33300.50518411061
baseline,33320.50548752449
baseline,33290.505032403664
baseline,33320.50548752449
baseline,33280.504880696724
baseline,33270.504728989785
baseline,33250.504425575906
baseline,33300.50518411061
baseline,33290.505032403664
baseline,33290.505032403664
baseline,33220.50397045509
baseline,33310.50533581755
baseline,33310.50533581755
baseline,33240.504273868966
baseline,33290.505032403664
baseline,33260.504577282845
baseline,33250.504425575906
baseline,33320.50548752449
baseline,33340.50579093837
baseline,33270.504728989785
baseline,33250.504425575906
baseline,33210.50381874815
baseline,33270.504728989785
baseline,33320.50548752449
baseline,33290.505032403664
baseline,37700.57193516426
baseline,33250.504425575906
baseline,33320.50548752449
baseline,33430.50715630083
baseline,33340.50579093837
baseline,33380.50639776613
baseline,33350.50594264531
baseline,33360.50609435225
baseline,33370.50624605919
baseline,33370.50624605919
baseline,33330.50563923143
baseline,33380.50639776613
baseline,33320.50548752449
baseline,34920.529760634905
baseline,33390.506549473066
baseline,33350.50594264531
baseline,33380.50639776613
baseline,38440.58316147783
baseline,33330.50563923143
baseline,33390.506549473066
baseline,33340.50579093837
baseline,33280.504880696724
baseline,33330.50563923143
baseline,33320.50548752449
baseline,37730.57239028508
baseline,33310.50533581755
baseline,33330.50563923143
baseline,33250.504425575906
baseline,33320.50548752449
baseline,33300.50518411061
baseline,33330.50563923143
baseline,33280.504880696724
baseline,33310.50533581755
baseline,33310.50533581755
baseline,33260.504577282845
baseline,33260.504577282845
baseline,33270.504728989785
baseline,33290.505032403664
baseline,33300.50518411061
baseline,33240.504273868966
baseline,33320.50548752449
baseline,33350.50594264531
baseline,33330.50563923143
baseline,33330.50563923143
baseline,33320.50548752449
baseline,33290.505032403664
baseline,33260.504577282845
baseline,33270.504728989785
baseline,33300.50518411061
baseline,33270.504728989785
baseline,33280.504880696724
baseline,33320.50548752449
baseline,33400.506701180006
baseline,33370.50624605919
baseline,33290.505032403664
baseline,33320.50548752449
baseline,33310.50533581755
baseline,33340.50579093837
baseline,33250.504425575906
baseline,33240.504273868966
baseline,33310.50533581755
baseline,33300.50518411061
baseline,33300.50518411061
baseline,33260.504577282845
baseline,35050.531732825126
baseline,33350.50594264531
baseline,33290.505032403664
baseline,33320.50548752449
baseline,33280.504880696724
baseline,33290.505032403664
baseline,33310.50533581755
baseline,33310.50533581755
baseline,33280.504880696724
baseline,33310.50533581755
baseline,33290.505032403664
baseline,33300.50518411061
baseline,33300.50518411061
baseline,33330.50563923143
baseline,33310.50533581755
baseline,33300.50518411061
baseline,33320.50548752449
baseline,33340.50579093837
baseline,33350.50594264531
baseline,33300.50518411061
baseline,33350.50594264531
baseline,33360.50609435225
baseline,33280.504880696724
baseline,33290.505032403664
baseline,33340.50579093837
baseline,33330.50563923143
baseline,33320.50548752449
baseline,33300.50518411061
baseline,33290.505032403664
baseline,33330.50563923143
baseline,33320.50548752449
baseline,33300.50518411061
baseline,33330.50563923143
baseline,33310.50533581755
baseline,37780.573148819785
baseline,33280.504880696724
baseline,33320.50548752449
baseline,33330.50563923143
baseline,33360.50609435225
baseline,33340.50579093837
baseline,33260.504577282845
baseline,33360.50609435225
baseline,33330.50563923143
baseline,33290.505032403664
baseline,33280.504880696724
baseline,33350.50594264531
baseline,33330.50563923143
baseline,33310.50533581755
baseline,33340.50579093837
baseline,33330.50563923143
baseline,33310.50533581755
baseline,33350.50594264531
baseline,33280.504880696724
baseline,33310.50533581755
baseline,33310.50533581755
baseline,33300.50518411061
baseline,33310.50533581755
baseline,33330.50563923143
baseline,33310.50533581755
baseline,33310.50533581755
baseline,34960.53036746267
baseline,33280.504880696724
baseline,33420.50700459389
baseline,33320.50548752449
baseline,33330.50563923143
baseline,33310.50533581755
baseline,33300.50518411061
baseline,33290.505032403664
baseline,33380.50639776613
baseline,33330.50563923143
baseline,33300.50518411061
baseline,33320.50548752449
baseline,33360.50609435225
baseline,33360.50609435225
baseline,33350.50594264531
baseline,33380.50639776613
baseline,33360.50609435225
baseline,33270.504728989785
baseline,33330.50563923143
baseline,33350.50594264531
baseline,33340.50579093837
baseline,33330.50563923143
baseline,33300.50518411061
baseline,33340.50579093837
baseline,33360.50609435225
baseline,33310.50533581755
baseline,33330.50563923143
baseline,33310.50533581755
baseline,33340.50579093837
baseline,33270.504728989785
baseline,33290.505032403664
baseline,33310.50533581755
baseline,33290.505032403664
baseline,33270.504728989785
baseline,33290.505032403664
baseline,33330.50563923143
baseline,33290.505032403664
baseline,33310.50533581755
baseline,33260.504577282845
baseline,33290.505032403664
baseline,33310.50533581755
baseline,33300.50518411061
baseline,33310.50533581755
baseline,33320.50548752449
baseline,37520.569204439336
baseline,33210.50381874815
baseline,33340.50579093837
baseline,33320.50548752449
baseline,33310.50533581755
baseline,33300.50518411061
baseline,33300.50518411061
baseline,33240.504273868966
baseline,33310.50533581755
baseline,33230.50412216203
baseline,33240.504273868966
baseline,33250.504425575906
baseline,33290.505032403664
baseline,33290.505032403664
baseline,33280.504880696724
baseline,33210.50381874815
baseline,33280.504880696724
baseline,33240.504273868966
baseline,33260.504577282845
baseline,33370.50624605919
baseline,33300.50518411061
baseline,33260.504577282845
baseline,33330.50563923143
baseline,33270.504728989785
baseline,33240.504273868966
baseline,33300.50518411061
baseline,33270.504728989785
baseline,33300.50518411061
baseline,33340.50579093837
baseline,37850.57421076836
baseline,33310.50533581755
baseline,33340.50579093837
baseline,33260.504577282845
baseline,33300.50518411061
baseline,33260.504577282845
baseline,33330.50563923143
baseline,33260.504577282845
baseline,33270.504728989785
baseline,33300.50518411061
baseline,33260.504577282845
baseline,33300.50518411061
baseline,33270.504728989785
baseline,33310.50533581755
baseline,33290.505032403664
baseline,33340.50579093837
baseline,33300.50518411061
baseline,33250.504425575906
baseline,33300.50518411061
baseline,33230.50412216203
baseline,33280.504880696724
baseline,33270.504728989785
baseline,33320.50548752449
baseline,33280.504880696724
baseline,33310.50533581755
baseline,33310.50533581755
baseline,33270.504728989785
baseline,33290.505032403664
baseline,33300.50518411061
baseline,33260.504577282845
baseline,33260.504577282845
baseline,33360.50609435225
baseline,33280.504880696724
baseline,33280.504880696724
baseline,33250.504425575906
baseline,33340.50579093837
baseline,33300.50518411061
baseline,33330.50563923143
baseline,33270.504728989785
baseline,33260.504577282845
baseline,33260.504577282845
baseline,37580.57011468098
baseline,33330.50563923143
baseline,33330.50563923143
baseline,33370.50624605919
baseline,33350.50594264531
baseline,33290.505032403664
baseline,33340.50579093837
baseline,33300.50518411061
baseline,33310.50533581755
baseline,33320.50548752449
baseline,33300.50518411061
baseline,33400.506701180006
baseline,33360.50609435225
baseline,38000.57648637246
baseline,33390.506549473066
baseline,33320.50548752449
baseline,33340.50579093837
baseline,33350.50594264531
baseline,33320.50548752449
baseline,33300.50518411061
baseline,33370.50624605919
baseline,33280.504880696724
baseline,33280.504880696724
baseline,33330.50563923143
baseline,33300.50518411061
baseline,33300.50518411061
baseline,33290.505032403664
baseline,33400.506701180006
baseline,33310.50533581755
baseline,33310.50533581755
baseline,33320.50548752449
baseline,33350.50594264531
baseline,33250.504425575906
baseline,33280.504880696724
baseline,33300.50518411061
baseline,33330.50563923143
baseline,33340.50579093837
baseline,33280.504880696724
baseline,33310.50533581755
baseline,33360.50609435225
baseline,33370.50624605919
baseline,37930.575424423885
baseline,33320.50548752449
baseline,33350.50594264531
baseline,33340.50579093837
baseline,33400.506701180006
baseline,33350.50594264531
baseline,33310.50533581755
baseline,33350.50594264531
baseline,33290.505032403664
baseline,33310.50533581755
baseline,33350.50594264531
baseline,33330.50563923143
baseline,33490.50806654247
baseline,33340.50579093837
baseline,33350.50594264531
baseline,38370.58209952925
baseline,33370.50624605919
baseline,33430.50715630083
baseline,33290.505032403664
baseline,33320.50548752449
baseline,33320.50548752449
baseline,33290.505032403664
baseline,33290.505032403664
baseline,33290.505032403664
baseline,33350.50594264531
baseline,33340.50579093837
baseline,33360.50609435225
baseline,33320.50548752449
baseline,37890.57481759613
baseline,33330.50563923143
baseline,33360.50609435225
baseline,33290.505032403664
baseline,33330.50563923143
baseline,33290.505032403664
baseline,33330.50563923143
baseline,33270.504728989785
baseline,33290.505032403664
baseline,33320.50548752449
baseline,33250.504425575906
baseline,33300.50518411061
baseline,33320.50548752449
baseline,33300.50518411061
baseline,33310.50533581755
baseline,33300.50518411061
baseline,33250.504425575906
baseline,33300.50518411061
baseline,33240.504273868966
baseline,33240.504273868966
baseline,33270.504728989785
baseline,33220.50397045509
baseline,33260.504577282845
baseline,33240.504273868966
baseline,33250.504425575906
baseline,33240.504273868966
baseline,33240.504273868966
baseline,33320.50548752449
baseline,33310.50533581755
baseline,33280.504880696724
baseline,33270.504728989785
baseline,33230.50412216203
baseline,33260.504577282845
baseline,33270.504728989785
baseline,33320.50548752449
baseline,33280.504880696724
baseline,33250.504425575906
baseline,33270.504728989785
baseline,33290.505032403664
baseline,33360.50609435225
baseline,33270.504728989785
baseline,33310.50533581755
baseline,33310.50533581755
baseline,33230.50412216203
baseline,33310.50533581755
baseline,35080.53218794595
baseline,33290.505032403664
baseline,33350.50594264531
baseline,33240.504273868966
baseline,33280.504880696724
baseline,38240.580127339024
baseline,33290.505032403664
baseline,33250.504425575906
baseline,33290.505032403664
baseline,33300.50518411061
baseline,33290.505032403664
baseline,33290.505032403664
baseline,33260.504577282845
baseline,33340.50579093837
baseline,33400.506701180006
baseline,33420.50700459389
baseline,33350.50594264531
baseline,33360.50609435225
baseline,33360.50609435225
baseline,33280.504880696724
baseline,33300.50518411061
baseline,33340.50579093837
baseline,33410.50685288695
baseline,34360.52126504626
baseline,34510.52354065036
baseline,39130.5936292567
baseline,33700.51125238821
baseline,33420.50700459389
baseline,33420.50700459389
baseline,33400.506701180006
baseline,33380.50639776613
baseline,33340.50579093837
baseline,33400.506701180006
baseline,33510.50836995635
baseline,33430.50715630083
baseline,33400.506701180006
baseline,33410.50685288695
baseline,33430.50715630083
baseline,33400.506701180006
baseline,33410.50685288695
baseline,33500.50821824941
baseline,33440.50730800777
baseline,33390.506549473066
baseline,33390.506549473066
baseline,33380.50639776613
baseline,33380.50639776613
baseline,33390.506549473066
baseline,33380.50639776613
baseline,33370.50624605919
baseline,33450.50745971471
baseline,33370.50624605919
baseline,33360.50609435225
baseline,33410.50685288695
baseline,33320.50548752449
baseline,33270.504728989785
baseline,33310.50533581755
baseline,33320.50548752449
baseline,33360.50609435225
baseline,33320.50548752449
baseline,33290.505032403664
baseline,33440.50730800777
baseline,33360.50609435225
baseline,33320.50548752449
baseline,33290.505032403664
baseline,33340.50579093837
baseline,33340.50579093837
baseline,33280.504880696724
baseline,33320.50548752449
baseline,33300.50518411061
baseline,33320.50548752449
baseline,33270.504728989785
baseline,33310.50533581755
baseline,33310.50533581755
baseline,33360.50609435225
baseline,33300.50518411061
baseline,33330.50563923143
baseline,33320.50548752449
baseline,33280.504880696724
baseline,33350.50594264531
baseline,33330.50563923143
baseline,33360.50609435225
baseline,33330.50563923143
baseline,33390.506549473066
baseline,33300.50518411061
baseline,33300.50518411061
baseline,33320.50548752449
baseline,33310.50533581755
baseline,33380.50639776613
baseline,33470.50776312859
baseline,33460.50761142165
baseline,33470.50776312859
baseline,33500.50821824941
baseline,33540.50882507717
baseline,33440.50730800777
baseline,33450.50745971471
baseline,38300.58103758067
baseline,33480.50791483553
baseline,33380.50639776613
baseline,33430.50715630083
baseline,33480.50791483553
baseline,33410.50685288695
baseline,33340.50579093837
baseline,33420.50700459389
baseline,33300.50518411061
baseline,33360.50609435225
baseline,33370.50624605919
baseline,33400.506701180006
baseline,33340.50579093837
baseline,33320.50548752449
baseline,33360.50609435225
baseline,33370.50624605919
baseline,33400.506701180006
baseline,33370.50624605919
baseline,33400.506701180006
baseline,33330.50563923143
baseline,33330.50563923143
baseline,33510.50836995635
baseline,33460.50761142165
baseline,33560.50912849105
baseline,33660.510645560455
baseline,33630.51019043963
baseline,33650.510493853515
baseline,33850.51352799231
baseline,38620.585892202755
baseline,33710.51140409515
baseline,33580.50943190493
baseline,33550.50897678411
baseline,33590.50958361187
baseline,33620.51003873269
baseline,33470.50776312859
baseline,33510.50836995635
baseline,33540.50882507717
baseline,34070.516865544996
baseline,34180.51853432134
baseline,33630.51019043963
baseline,34460.52278211566
baseline,34560.52429918506
baseline,34380.52156846014
baseline,34390.52172016708
baseline,34450.52263040872
baseline,34190.51868602828
baseline,34000.51580359642
baseline,33890.51413482008
baseline,33740.51185921597
baseline,33870.51383140619
baseline,33760.51216262985
baseline,33810.512921164554
baseline,33850.51352799231
baseline,34020.5161070103
baseline,34110.517472372754
baseline,34470.522933822605
baseline,39390.59757363714
baseline,34320.5206582185
baseline,34650.525664547524
baseline,33860.51367969925
baseline,33930.514741647836
baseline,33900.51428652702
baseline,34010.51595530336
baseline,33850.51352799231
baseline,34490.523237236484
baseline,34680.52611966834
baseline,35050.531732825126
baseline,34380.52156846014
baseline,34330.52080992544
baseline,35560.53946987908
baseline,35780.54280743176
baseline,35880.544324501156
baseline,35260.53491867087
baseline,34600.524906012826
baseline,34510.52354065036
baseline,39050.592415601175
baseline,34580.52460259894
baseline,34550.52414747812
baseline,34530.52384406424
baseline,34640.525512840584
baseline,34460.52278211566
baseline,34570.524450892
baseline,34530.52384406424
baseline,34530.52384406424
baseline,34620.525209426705
baseline,35360.53643574027
baseline,35710.54174548318
baseline,35360.53643574027
baseline,35350.53628403333
baseline,35410.53719427497
baseline,35470.538104516614
baseline,36010.546296691384
baseline,35340.53613232639
baseline,35510.53871134437
baseline,35230.53446355005
baseline,35930.54508303586
baseline,35440.537649395796
baseline,35400.53704256803
baseline,35310.535677205575
baseline,35260.53491867087
baseline,35140.53309818759
baseline,34890.52930551409
baseline,35290.53537379169
baseline,35390.53689086109
baseline,34960.53036746267
baseline,34990.53082258349
baseline,34960.53036746267
baseline,34920.529760634905
baseline,34930.529912341844
baseline,39710.602428259226
baseline,34940.530064048784
baseline,34940.530064048784
baseline,34980.53067087655
baseline,34910.529608927965
baseline,34910.529608927965
baseline,35010.53112599737
baseline,35040.531581118186
baseline,35070.53203623901
baseline,35020.53127770431
baseline,34780.527636737745
baseline,35170.53355330841
baseline,34320.5206582185
baseline,34330.52080992544
baseline,34290.52020309768
baseline,34310.52050651156
baseline,34330.52080992544
baseline,34330.52080992544
baseline,34300.52035480462
baseline,34220.519141149096
baseline,34200.51883773522
baseline,34020.5161070103
baseline,34200.51883773522
baseline,33630.51019043963
baseline,33520.50852166329
baseline,33400.506701180006
baseline,33440.50730800777
baseline,33360.50609435225
baseline,33370.50624605919
baseline,33450.50745971471
baseline,33400.506701180006
baseline,33400.506701180006
baseline,33420.50700459389
baseline,33540.50882507717
baseline,33650.510493853515
baseline,33360.50609435225
baseline,33430.50715630083
baseline,33420.50700459389
baseline,35090.53233965289
baseline,33310.50533581755
baseline,33460.50761142165
baseline,33320.50548752449
baseline,33280.504880696724
baseline,33320.50548752449
baseline,33290.505032403664
baseline,33260.504577282845
baseline,33330.50563923143
baseline,33340.50579093837
baseline,33350.50594264531
baseline,33310.50533581755
baseline,33330.50563923143
baseline,33380.50639776613
baseline,33330.50563923143
baseline,37730.57239028508
baseline,33410.50685288695
baseline,33460.50761142165
baseline,33500.50821824941
baseline,33500.50821824941
baseline,33480.50791483553
baseline,33700.51125238821
baseline,33710.51140409515
baseline,34040.51641042418
baseline,33680.51094897433
baseline,33870.51383140619
baseline,33740.51185921597
baseline,33540.50882507717
baseline,33790.512617750675
baseline,33520.50852166329
baseline,33590.50958361187
baseline,33560.50912849105
baseline,33470.50776312859
baseline,33530.508673370234
baseline,33620.51003873269
baseline,33870.51383140619
baseline,33780.512466043736
baseline,33440.50730800777
baseline,34090.517168958875
baseline,34510.52354065036
baseline,34680.52611966834
baseline,34430.52232699484
baseline,34420.5221752879
baseline,34410.52202358096
baseline,34150.51807920052
baseline,34200.51883773522
baseline,34220.519141149096
baseline,34080.517017251936
baseline,34040.51641042418
baseline,34120.5176240797
baseline,35040.531581118186
baseline,35910.54477962198
baseline,35230.53446355005
baseline,34260.51974797686
baseline,34480.523085529545
baseline,34540.52399577118
baseline,34650.525664547524
baseline,34510.52354065036
baseline,34340.52096163238
baseline,34470.522933822605
baseline,34880.52915380715
baseline,34670.5259679614
baseline,34470.522933822605
baseline,34580.52460259894
baseline,40110.60849653683
baseline,34840.52854697939
baseline,35540.5391664652
baseline,35420.53734598192
baseline,34700.52642308222
baseline,34520.5236923573
baseline,34470.522933822605
baseline,34650.525664547524
baseline,33940.514893354775
baseline,33930.514741647836
baseline,33930.514741647836
baseline,34230.519292856035
baseline,34150.51807920052
baseline,33980.51550018253
baseline,34000.51580359642
baseline,33980.51550018253
baseline,34060.51671383806
baseline,34090.517168958875
baseline,34030.51625871724
baseline,33860.51367969925
baseline,34030.51625871724
baseline,33750.51201092291
baseline,33770.5123143368
baseline,33740.51185921597
baseline,33720.51155580209
baseline,33700.51125238821
baseline,33640.51034214657
baseline,38650.58634732357
baseline,33670.510797267394
baseline,33620.51003873269
baseline,33700.51125238821
baseline,33750.51201092291
baseline,33720.51155580209
baseline,33710.51140409515
baseline,33590.50958361187
baseline,33700.51125238821
baseline,33350.50594264531
baseline,33320.50548752449
baseline,33270.504728989785
baseline,33270.504728989785
baseline,33270.504728989785
baseline,37850.57421076836
baseline,33340.50579093837
baseline,33320.50548752449
baseline,33310.50533581755
baseline,33320.50548752449
baseline,33290.505032403664
baseline,33310.50533581755
baseline,33260.504577282845
baseline,33280.504880696724
baseline,33350.50594264531
baseline,33350.50594264531
baseline,33310.50533581755
baseline,38680.58680244439
baseline,33270.504728989785
baseline,33320.50548752449
baseline,33370.50624605919
baseline,33290.505032403664
baseline,33410.50685288695
baseline,33410.50685288695
baseline,33300.50518411061
baseline,33370.50624605919
baseline,33310.50533581755
baseline,33310.50533581755
baseline,33280.504880696724
baseline,33320.50548752449
baseline,33280.504880696724
baseline,33330.50563923143
baseline,33350.50594264531
baseline,33330.50563923143
baseline,33250.504425575906
baseline,33260.504577282845
baseline,33370.50624605919
baseline,33320.50548752449
baseline,33350.50594264531
baseline,33300.50518411061
baseline,33390.506549473066
baseline,33390.506549473066
baseline,33300.50518411061
baseline,33310.50533581755
baseline,33360.50609435225
baseline,33280.504880696724
baseline,33300.50518411061
baseline,37970.57603125164
baseline,33290.505032403664
baseline,33320.50548752449
baseline,33270.504728989785
baseline,33320.50548752449
baseline,33320.50548752449
baseline,33280.504880696724
baseline,33300.50518411061
baseline,33240.504273868966
baseline,33300.50518411061
baseline,33310.50533581755
baseline,33330.50563923143
baseline,33350.50594264531
baseline,33270.504728989785
baseline,33310.50533581755
baseline,33300.50518411061
baseline,33300.50518411061
baseline,33280.504880696724
baseline,33280.504880696724
baseline,33390.506549473066
baseline,33310.50533581755
baseline,33270.504728989785
baseline,33290.505032403664
baseline,33350.50594264531
baseline,33330.50563923143
baseline,33300.50518411061
baseline,33340.50579093837
baseline,33310.50533581755
baseline,33370.50624605919
baseline,33340.50579093837
baseline,33310.50533581755
baseline,35080.53218794595
baseline,33320.50548752449
baseline,33320.50548752449
baseline,33310.50533581755
baseline,33360.50609435225
baseline,33330.50563923143
baseline,33320.50548752449
baseline,33320.50548752449
baseline,33310.50533581755
baseline,33340.50579093837
baseline,33300.50518411061
baseline,33270.504728989785
baseline,33290.505032403664
baseline,33280.504880696724
baseline,33330.50563923143
baseline,37840.57405906142
baseline,33310.50533581755
baseline,33380.50639776613
baseline,33280.504880696724
baseline,33300.50518411061
baseline,33270.504728989785
baseline,33310.50533581755
baseline,33310.50533581755
baseline,33350.50594264531
baseline,33320.50548752449
baseline,37870.57451418224
baseline,33260.504577282845
baseline,33370.50624605919
baseline,33340.50579093837
baseline,33300.50518411061
baseline,33290.505032403664
baseline,33300.50518411061
baseline,33260.504577282845
baseline,33280.504880696724
baseline,33280.504880696724
baseline,33290.505032403664
baseline,33310.50533581755
baseline,33280.504880696724
baseline,33250.504425575906
baseline,33280.504880696724
baseline,37900.57496930307
baseline,33320.50548752449
baseline,33440.50730800777
baseline,33330.50563923143
baseline,33310.50533581755
baseline,33320.50548752449
baseline,33270.504728989785
baseline,33300.50518411061
baseline,33320.50548752449
baseline,33240.504273868966
baseline,33300.50518411061
baseline,35240.53461525699
baseline,33260.504577282845
baseline,33260.504577282845
baseline,33360.50609435225
baseline,33300.50518411061
baseline,33310.50533581755
baseline,33260.504577282845
baseline,33290.505032403664
baseline,33270.504728989785
baseline,33240.504273868966
baseline,33240.504273868966
baseline,33290.505032403664
baseline,33340.50579093837
baseline,33310.50533581755
baseline,33270.504728989785
baseline,33310.50533581755
baseline,33280.504880696724
baseline,33310.50533581755
baseline,33330.50563923143
baseline,33290.505032403664
baseline,33300.50518411061
baseline,33260.504577282845
baseline,33290.505032403664
baseline,33300.50518411061
baseline,33260.504577282845
baseline,33240.504273868966
baseline,33250.504425575906
baseline,33210.50381874815
baseline,33260.504577282845
baseline,33270.504728989785
baseline,33360.50609435225
baseline,37810.573603940604
baseline,33320.50548752449
baseline,33280.504880696724
baseline,33320.50548752449
baseline,33260.504577282845
baseline,33270.504728989785
baseline,33240.504273868966
baseline,33320.50548752449
baseline,33250.504425575906
baseline,33230.50412216203
baseline,33280.504880696724
baseline,33310.50533581755
baseline,33320.50548752449
baseline,37860.5743624753
baseline,33310.50533581755
baseline,33360.50609435225
baseline,33320.50548752449
baseline,33310.50533581755
baseline,33270.504728989785
baseline,33280.504880696724
baseline,33280.504880696724
baseline,33300.50518411061
baseline,33270.504728989785
baseline,33280.504880696724
baseline,33370.50624605919
baseline,33310.50533581755
baseline,33300.50518411061
baseline,33340.50579093837
baseline,35460.537952809675
baseline,33320.50548752449
baseline,33330.50563923143
baseline,33260.504577282845
baseline,33340.50579093837
baseline,33290.505032403664
baseline,33330.50563923143
baseline,33330.50563923143
baseline,33300.50518411061
baseline,33330.50563923143
baseline,33310.50533581755
baseline,33250.504425575906
baseline,33250.504425575906
baseline,33280.504880696724
baseline,33330.50563923143
baseline,33340.50579093837
baseline,33300.50518411061
baseline,33300.50518411061
baseline,33320.50548752449
baseline,33290.505032403664
baseline,33320.50548752449
baseline,33360.50609435225
baseline,33320.50548752449
baseline,33330.50563923143
baseline,33300.50518411061
baseline,33350.50594264531
baseline,33280.504880696724
baseline,33400.506701180006
baseline,33330.50563923143
baseline,33300.50518411061
baseline,33390.506549473066
baseline,33270.504728989785
baseline,33360.50609435225
baseline,33320.50548752449
baseline,33300.50518411061
baseline,33320.50548752449
baseline,33390.506549473066
baseline,33320.50548752449
baseline,33370.50624605919
baseline,33440.50730800777
baseline,33420.50700459389
baseline,33370.50624605919
baseline,33340.50579093837
baseline,33280.504880696724
baseline,33330.50563923143
baseline,33300.50518411061
baseline,33290.505032403664
baseline,33250.504425575906
baseline,33430.50715630083
baseline,34000.51580359642
baseline,34350.52111333932
baseline,34540.52399577118
baseline,34500.523388943424
baseline,33990.51565188947
baseline,33660.510645560455
baseline,33420.50700459389
baseline,37760.5728454059
baseline,33390.506549473066
baseline,33380.50639776613
baseline,33400.506701180006
baseline,33720.51155580209
baseline,33800.512769457615
baseline,33830.51322457843
baseline,33850.51352799231
baseline,33690.51110068127
baseline,33800.512769457615
baseline,33810.512921164554
baseline,33780.512466043736
baseline,33690.51110068127
baseline,33710.51140409515
baseline,38540.58467854723
baseline,33750.51201092291
baseline,33690.51110068127
baseline,33700.51125238821
baseline,33760.51216262985
baseline,33740.51185921597
baseline,33710.51140409515
baseline,33750.51201092291
baseline,33740.51185921597
baseline,33710.51140409515
baseline,33600.50973531881
baseline,33510.50836995635
baseline,33750.51201092291
baseline,33380.50639776613
baseline,33390.506549473066
baseline,33360.50609435225
baseline,33370.50624605919
baseline,33370.50624605919
baseline,38110.5781551488
baseline,33360.50609435225
baseline,33360.50609435225
baseline,33320.50548752449
baseline,33370.50624605919
baseline,33350.50594264531
baseline,33390.506549473066
baseline,33330.50563923143
baseline,33280.504880696724
baseline,33320.50548752449
baseline,33360.50609435225
baseline,33380.50639776613
baseline,33330.50563923143
baseline,33320.50548752449
baseline,33270.504728989785
baseline,33410.50685288695
baseline,33520.50852166329
baseline,33560.50912849105
baseline,33490.50806654247
baseline,33570.50928019799
baseline,33580.50943190493
baseline,33530.508673370234
baseline,33530.508673370234
baseline,33610.50988702575
baseline,33560.50912849105
baseline,33510.50836995635
baseline,33450.50745971471
baseline,33560.50912849105
baseline,33470.50776312859
baseline,33530.508673370234
baseline,38090.577851734924
baseline,33360.50609435225
baseline,34480.523085529545
baseline,34500.523388943424
baseline,34550.52414747812
baseline,34370.5214167532
baseline,34290.52020309768
baseline,33530.508673370234
baseline,33400.506701180006
baseline,33410.50685288695
baseline,33450.50745971471
baseline,33380.50639776613
baseline,33400.506701180006
baseline,33390.506549473066
baseline,33440.50730800777
baseline,38610.585740495815
baseline,33410.50685288695
baseline,33460.50761142165
baseline,33410.50685288695
baseline,33400.506701180006
baseline,33450.50745971471
baseline,33440.50730800777
baseline,33490.50806654247
baseline,33670.510797267394
baseline,33870.51383140619
baseline,34000.51580359642
baseline,34030.51625871724
baseline,34110.517472372754
baseline,33960.515196768654
baseline,34010.51595530336
baseline,34040.51641042418
baseline,34020.5161070103
baseline,38810.58877463461
baseline,34100.517320665815
baseline,34010.51595530336
baseline,34060.51671383806
baseline,34020.5161070103
baseline,33970.515348475594
baseline,33940.514893354775
baseline,33780.512466043736
baseline,33440.50730800777
baseline,33920.514589940896
baseline,34120.5176240797
baseline,33450.50745971471
baseline,33330.50563923143
baseline,33340.50579093837
baseline,33870.51383140619
baseline,34140.51792749358
baseline,33550.50897678411
baseline,33640.51034214657
baseline,33470.50776312859
baseline,33710.51140409515
baseline,33560.50912849105
baseline,33380.50639776613
baseline,34360.52126504626
baseline,33520.50852166329
baseline,38320.58134099455
baseline,33530.508673370234
baseline,33780.512466043736
baseline,33620.51003873269
baseline,33630.51019043963
baseline,33640.51034214657
baseline,33600.50973531881
baseline,33490.50806654247
baseline,33520.50852166329
baseline,33550.50897678411
baseline,34260.51974797686
baseline,34790.527788444684
baseline,34160.51823090746
baseline,34350.52111333932
baseline,35640.54068353459
baseline,35390.53689086109
baseline,36370.55175814123
baseline,34360.52126504626
baseline,39600.600759482884
baseline,34290.52020309768
baseline,34420.5221752879
baseline,34320.5206582185
baseline,34560.52429918506
baseline,34330.52080992544
baseline,34390.52172016708
baseline,34230.519292856035
baseline,34150.51807920052
baseline,34250.51959626992
baseline,34240.51944456298
baseline,35950.54538644974
baseline,35280.53522208475
baseline,34720.52672649611
baseline,34910.529608927965
baseline,35040.531581118186
baseline,35350.53628403333
baseline,35590.539924999895
baseline,35180.533705015354
baseline,35000.53097429043
baseline,41490.62943209457
baseline,34970.53051916961
baseline,34900.529457221026
baseline,34990.53082258349
baseline,34990.53082258349
baseline,35360.53643574027
baseline,35440.537649395796
baseline,35140.53309818759
baseline,35420.53734598192
baseline,35320.535828912514
baseline,35480.53825622355
baseline,35570.53962158602
baseline,35400.53704256803
baseline,35330.535980619454
baseline,35290.53537379169
baseline,35290.53537379169
baseline,35250.53476696393
baseline,35230.53446355005
baseline,35360.53643574027
baseline,35210.53416013617
baseline,35120.53279477371
baseline,35270.53507037781
baseline,34460.52278211566
baseline,34460.52278211566
baseline,34440.52247870178
baseline,34420.5221752879
baseline,34490.523237236484
baseline,34420.5221752879
baseline,34430.52232699484
baseline,34430.52232699484
baseline,34490.523237236484
baseline,34480.523085529545
baseline,34440.52247870178
baseline,34490.523237236484
baseline,34490.523237236484
baseline,34360.52126504626
baseline,34230.519292856035
baseline,34250.51959626992
baseline,34190.51868602828
baseline,33740.51185921597
baseline,33790.512617750675
baseline,33810.512921164554
baseline,34490.523237236484
baseline,33770.5123143368
baseline,33700.51125238821
baseline,33670.510797267394
baseline,33900.51428652702
baseline,34060.51671383806
baseline,34990.53082258349
baseline,33730.51170750903
baseline,33820.513072871494
baseline,33990.51565188947
baseline,33740.51185921597
baseline,33730.51170750903
baseline,33920.514589940896
baseline,33720.51155580209
baseline,33530.508673370234
baseline,33630.51019043963
baseline,34030.51625871724
baseline,34130.51777578664
baseline,33420.50700459389
baseline,34280.52005139074
baseline,33870.51383140619
baseline,33440.50730800777
baseline,33590.50958361187
baseline,33540.50882507717
baseline,34060.51671383806
baseline,34320.5206582185
baseline,34130.51777578664
baseline,34130.51777578664
baseline,35440.537649395796
baseline,35550.53931817214
baseline,34950.53021575573
baseline,40870.62002626428
baseline,34220.519141149096
baseline,34170.5183826144
baseline,34190.51868602828
baseline,34320.5206582185
baseline,34630.525361133645
baseline,34110.517472372754
baseline,34200.51883773522
baseline,34090.517168958875
baseline,34160.51823090746
baseline,35770.54265572482
baseline,35290.53537379169
baseline,35730.542048897056
baseline,35310.535677205575
baseline,35120.53279477371
baseline,40030.60728288131
baseline,34890.52930551409
baseline,34880.52915380715
baseline,34840.52854697939
baseline,34840.52854697939
baseline,34850.52869868633
baseline,34940.530064048784
baseline,34980.53067087655
baseline,35200.53400842923
baseline,35120.53279477371
baseline,35110.53264306677
baseline,35000.53097429043
baseline,35160.53340160147
baseline,35080.53218794595
baseline,35190.53385672229
baseline,35100.53249135983
baseline,35110.53264306677
baseline,35080.53218794595
baseline,35190.53385672229
baseline,40480.61410969362
baseline,35120.53279477371
baseline,35100.53249135983
baseline,35060.53188453207
baseline,34990.53082258349
baseline,35020.53127770431
baseline,35020.53127770431
baseline,34980.53067087655
baseline,35040.531581118186
baseline,34860.52885039327
baseline,34920.529760634905
baseline,34290.52020309768
baseline,34250.51959626992
baseline,34310.52050651156
baseline,34280.52005139074
baseline,34280.52005139074
baseline,34280.52005139074
baseline,34270.5198996838
baseline,34210.51898944216
baseline,34290.52020309768
baseline,34270.5198996838
baseline,34240.51944456298
test,38030.57694149329
test,33440.50730800777
test,33380.50639776613
test,33400.506701180006
test,33440.50730800777
test,33480.50791483553
test,33510.50836995635
test,33530.508673370234
test,33430.50715630083
test,33510.50836995635
test,33330.50563923143
test,33370.50624605919
test,33340.50579093837
test,33360.50609435225
test,33360.50609435225
test,33350.50594264531
test,33480.50791483553
test,33420.50700459389
test,33340.50579093837
test,33340.50579093837
test,33410.50685288695
test,33330.50563923143
test,33380.50639776613
test,33570.50928019799
test,33320.50548752449
test,33310.50533581755
test,33430.50715630083
test,33400.506701180006
test,33340.50579093837
test,33300.50518411061
test,33330.50563923143
test,33540.50882507717
test,33300.50518411061
test,33280.504880696724
test,33320.50548752449
test,33350.50594264531
test,33310.50533581755
test,33280.504880696724
test,33230.50412216203
test,33300.50518411061
test,33290.505032403664
test,33260.504577282845
test,33240.504273868966
test,33290.505032403664
test,33270.504728989785
test,33250.504425575906
test,33250.504425575906
test,33300.50518411061
test,33350.50594264531
test,33220.50397045509
test,33360.50609435225
test,33350.50594264531
test,38260.58043075291
test,33410.50685288695
test,33350.50594264531
test,33290.505032403664
test,33300.50518411061
test,33330.50563923143
test,33260.504577282845
test,33300.50518411061
test,33270.504728989785
test,33280.504880696724
test,33310.50533581755
test,33330.50563923143
test,33260.504577282845
test,33310.50533581755
test,37770.572997112846
test,33260.504577282845
test,33380.50639776613
test,33510.50836995635
test,33330.50563923143
test,33310.50533581755
test,33400.506701180006
test,33350.50594264531
test,33310.50533581755
test,33320.50548752449
test,33350.50594264531
test,33420.50700459389
test,33300.50518411061
test,33400.506701180006
test,33380.50639776613
test,6040851.642521561
test,33470.50776312859
test,33380.50639776613
test,33370.50624605919
test,33440.50730800777
test,33470.50776312859
test,33430.50715630083
test,33370.50624605919
test,33430.50715630083
test,33350.50594264531
test,33320.50548752449
test,33340.50579093837
test,33370.50624605919
test,38470.58361659865
test,33390.506549473066
test,33400.506701180006
test,33440.50730800777
test,33480.50791483553
test,33520.50852166329
test,33590.50958361187
test,33600.50973531881
test,33560.50912849105
test,33510.50836995635
test,33560.50912849105
test,33600.50973531881
test,33490.50806654247
test,33460.50761142165
test,33350.50594264531
test,33450.50745971471
test,33490.50806654247
test,33470.50776312859
test,33530.508673370234
test,34460.52278211566
test,34680.52611966834
test,34350.52111333932
test,33930.514741647836
test,33480.50791483553
test,33480.50791483553
test,33440.50730800777
test,33440.50730800777
test,33420.50700459389
test,36370.55175814123
test,33400.506701180006
test,33410.50685288695
test,33540.50882507717
test,33350.50594264531
test,33440.50730800777
test,33670.510797267394
test,34060.51671383806
test,34110.517472372754
test,34160.51823090746
test,33440.50730800777
test,33410.50685288695
test,33650.510493853515
test,34230.519292856035
test,34260.51974797686
test,33600.50973531881
test,33420.50700459389
test,33510.50836995635
test,33530.508673370234
test,33530.508673370234
test,33610.50988702575
test,33430.50715630083
test,33570.50928019799
test,34000.51580359642
test,34090.517168958875
test,34250.51959626992
test,35180.533705015354
test,33530.508673370234
test,33580.50943190493
test,33550.50897678411
test,33660.510645560455
test,33560.50912849105
test,33630.51019043963
test,33480.50791483553
test,33760.51216262985
test,33370.50624605919
test,33260.504577282845
test,33400.506701180006
test,33280.504880696724
test,33260.504577282845
test,33340.50579093837
test,33310.50533581755
test,33360.50609435225
test,33310.50533581755
test,33260.504577282845
test,33290.505032403664
test,6048251.754784697
test,33680.51094897433
test,33300.50518411061
test,33290.505032403664
test,33280.504880696724
test,33460.50761142165
test,33340.50579093837
test,33310.50533581755
test,33340.50579093837
test,33360.50609435225
test,33340.50579093837
test,33280.504880696724
test,33350.50594264531
test,33360.50609435225
test,33320.50548752449
test,33370.50624605919
test,33310.50533581755
test,38810.58877463461
test,33340.50579093837
test,33370.50624605919
test,33420.50700459389
test,33380.50639776613
test,33380.50639776613
test,33400.506701180006
test,33340.50579093837
test,33330.50563923143
test,33370.50624605919
test,33380.50639776613
test,33370.50624605919
test,33390.506549473066
test,37770.572997112846
test,33360.50609435225
test,33470.50776312859
test,33430.50715630083
test,33370.50624605919
test,33340.50579093837
test,33340.50579093837
test,33410.50685288695
test,33450.50745971471
test,33470.50776312859
test,33450.50745971471
test,33420.50700459389
test,36120.547965467726
test,33490.50806654247
test,33470.50776312859
test,33400.506701180006
test,9047477.254426764
test,33570.50928019799
test,33300.50518411061
test,33260.504577282845
test,33340.50579093837
test,33360.50609435225
test,33280.504880696724
test,33310.50533581755
test,33240.504273868966
test,33250.504425575906
test,33240.504273868966
test,33330.50563923143
test,33290.505032403664
test,38130.57845856269
test,33320.50548752449
test,33330.50563923143
test,33260.504577282845
test,33340.50579093837
test,33330.50563923143
test,33310.50533581755
test,33360.50609435225
test,33310.50533581755
test,33270.504728989785
test,33270.504728989785
test,33370.50624605919
test,33310.50533581755
test,33390.506549473066
test,33390.506549473066
test,33360.50609435225
test,33310.50533581755
test,33300.50518411061
test,33380.50639776613
test,33370.50624605919
test,33330.50563923143
test,33290.505032403664
test,33310.50533581755
test,33360.50609435225
test,33310.50533581755
test,33300.50518411061
test,33330.50563923143
test,33340.50579093837
test,33400.506701180006
test,33320.50548752449
test,9048417.268687217
test,34280.52005139074
test,33550.50897678411
test,33530.508673370234
test,33480.50791483553
test,33300.50518411061
test,33380.50639776613
test,33570.50928019799
test,33970.515348475594
test,35300.535525498635
test,34830.52839527245
test,34260.51974797686
test,34540.52399577118
test,34240.51944456298
test,34320.5206582185
test,34120.5176240797
test,34090.517168958875
test,34110.517472372754
test,35050.531732825126
test,34200.51883773522
test,35000.53097429043
test,34560.52429918506
test,34600.524906012826
test,35030.53142941125
test,35120.53279477371
test,34880.52915380715
test,34610.525057719766
test,34470.522933822605
test,34490.523237236484
test,34380.52156846014
test,38980.5913536526
test,34400.52187187402
test,34450.52263040872
test,34760.527333323866
test,34390.52172016708
test,34380.52156846014
test,34460.52278211566
test,34500.523388943424
test,34330.52080992544
test,33890.51413482008
test,34000.51580359642
test,33930.514741647836
test,33940.514893354775
test,33930.514741647836
test,33890.51413482008
test,9051987.322846595
test,33560.50912849105
test,33330.50563923143
test,33270.504728989785
test,33250.504425575906
test,33220.50397045509
test,33300.50518411061
test,33350.50594264531
test,33300.50518411061
test,33340.50579093837
test,33300.50518411061
test,33250.504425575906
test,33280.504880696724
test,33270.504728989785
test,33470.50776312859
test,33930.514741647836
test,34260.51974797686
test,34530.52384406424
test,34020.5161070103
test,33740.51185921597
test,33430.50715630083
test,33390.506549473066
test,33400.506701180006
test,33380.50639776613
test,33380.50639776613
test,33440.50730800777
test,33430.50715630083
test,33410.50685288695
test,33440.50730800777
test,33460.50761142165
test,33420.50700459389
test,33530.508673370234
test,33410.50685288695
test,33520.50852166329
test,33510.50836995635
test,33460.50761142165
test,38190.57936880433
test,33490.50806654247
test,33540.50882507717
test,33450.50745971471
test,33440.50730800777
test,33470.50776312859
test,33430.50715630083
test,33480.50791483553
test,33510.50836995635
test,33520.50852166329
test,33460.50761142165
test,33370.50624605919
test,33380.50639776613
test,33400.506701180006
test,33390.506549473066
test,6048971.765707597
test,33930.514741647836
test,34080.517017251936
test,34340.52096163238
test,34220.519141149096
test,33690.51110068127
test,34200.51883773522
test,34440.52247870178
test,35180.533705015354
test,34600.524906012826
test,34380.52156846014
test,34390.52172016708
test,34310.52050651156
test,34320.5206582185
test,34190.51868602828
test,34160.51823090746
test,34110.517472372754
test,34130.51777578664
test,35510.53871134437
test,35810.54326255258
test,35080.53218794595
test,34820.5282435655
test,34780.527636737745
test,34790.527788444684
test,34800.52794015162
test,35070.53203623901
test,34730.52687820305
test,41170.62457747248
test,35450.537801102735
test,34970.53051916961
test,35510.53871134437
test,34610.525057719766
test,34840.52854697939
test,34530.52384406424
test,35190.53385672229
test,34260.51974797686
test,34230.519292856035
test,34120.5176240797
test,34190.51868602828
test,6049111.767831494
test,34590.52475430589
test,33690.51110068127
test,33510.50836995635
test,33490.50806654247
test,33640.51034214657
test,33430.50715630083
test,33420.50700459389
test,33510.50836995635
test,33500.50821824941
test,33460.50761142165
test,33480.50791483553
test,36670.55630934943
test,33490.50806654247
test,38680.58680244439
test,33460.50761142165
test,33460.50761142165
test,33450.50745971471
test,33450.50745971471
test,33500.50821824941
test,33430.50715630083
test,33400.506701180006
test,33410.50685288695
test,33410.50685288695
test,33370.50624605919
test,33440.50730800777
test,33490.50806654247
test,33480.50791483553
test,33500.50821824941
test,33560.50912849105
test,33480.50791483553
test,33430.50715630083
test,33380.50639776613
test,33460.50761142165
test,33530.508673370234
test,33600.50973531881
test,33510.50836995635
test,33540.50882507717
test,33600.50973531881
test,33530.508673370234
test,33560.50912849105
test,33600.50973531881
test,33580.50943190493
test,33490.50806654247
test,33410.50685288695
test,6047611.745075453
test,34530.52384406424
test,33620.51003873269
test,33560.50912849105
test,33540.50882507717
test,33560.50912849105
test,33560.50912849105
test,33500.50821824941
test,33550.50897678411
test,33400.506701180006
test,33450.50745971471
test,33380.50639776613
test,33410.50685288695
test,33690.51110068127
test,33570.50928019799
test,33460.50761142165
test,33420.50700459389
test,33410.50685288695
test,33470.50776312859
test,33480.50791483553
test,33310.50533581755
test,33430.50715630083
test,33420.50700459389
test,33410.50685288695
test,33350.50594264531
test,33360.50609435225
test,33380.50639776613
test,33330.50563923143
test,33310.50533581755
test,33380.50639776613
test,33330.50563923143
test,33350.50594264531
test,37860.5743624753
test,33270.504728989785
test,33420.50700459389
test,33260.504577282845
test,33330.50563923143
test,33280.504880696724
test,33260.504577282845
test,33330.50563923143
test,33310.50533581755
test,33460.50761142165
test,33340.50579093837
test,33340.50579093837
test,33290.505032403664
test,33310.50533581755
test,33300.50518411061
test,33290.505032403664
test,33540.50882507717
test,33300.50518411061
test,33360.50609435225
test,33290.505032403664
test,33300.50518411061
test,33270.504728989785
test,33320.50548752449
test,33360.50609435225
test,33310.50533581755
test,33290.505032403664
test,33280.504880696724
test,33320.50548752449
test,33340.50579093837
test,33300.50518411061
test,33330.50563923143
test,33350.50594264531
test,33370.50624605919
test,33320.50548752449
test,33360.50609435225
test,33330.50563923143
test,33360.50609435225
test,33400.506701180006
test,33340.50579093837
test,33350.50594264531
test,33370.50624605919
test,33430.50715630083
test,33380.50639776613
test,33390.506549473066
test,33390.506549473066
test,33400.506701180006
test,33490.50806654247
test,33390.506549473066
test,33400.506701180006
test,33450.50745971471
test,33380.50639776613
test,33400.506701180006
test,33370.50624605919
test,33390.506549473066
test,33470.50776312859
test,33500.50821824941
test,33380.50639776613
test,33340.50579093837
test,9047997.262315525
test,33510.50836995635
test,33250.504425575906
test,33300.50518411061
test,33340.50579093837
test,33310.50533581755
test,33260.504577282845
test,33240.504273868966
test,33310.50533581755
test,33260.504577282845
test,33270.504728989785
test,40460.61380627973
test,33290.505032403664
test,33350.50594264531
test,33300.50518411061
test,33340.50579093837
test,33380.50639776613
test,33330.50563923143
test,33360.50609435225
test,33370.50624605919
test,33290.505032403664
test,33450.50745971471
test,33320.50548752449
test,33330.50563923143
test,33270.504728989785
test,33240.504273868966
test,33330.50563923143
test,37980.57618295858
test,33330.50563923143
test,33310.50533581755
test,33340.50579093837
test,33380.50639776613
test,33420.50700459389
test,33390.506549473066
test,33310.50533581755
test,33280.504880696724
test,33840.51337628537
test,34390.52172016708
test,11226790.315616813
test,35860.54402108728
test,35540.5391664652
test,35470.538104516614
test,35690.5414420693
test,35510.53871134437
test,39850.60455215639
test,35720.541897190116
test,35620.540380120714
test,35520.53886305131
test,35620.540380120714
test,35530.53901475825
test,35600.540076706835
test,35540.5391664652
test,35480.53825622355
test,35420.53734598192
test,35270.53507037781
test,34740.52702990999
test,34970.53051916961
test,34800.52794015162
test,34750.527181616926
test,34770.527485030805
test,34830.52839527245
test,40650.6166887116
test,34760.527333323866
test,34790.527788444684
test,34670.5259679614
test,34580.52460259894
test,34650.525664547524
test,33950.515045061715
test,33850.51352799231
test,33850.51352799231
test,33860.51367969925
test,33840.51337628537
test,33640.51034214657
test,33330.50563923143
test,33320.50548752449
test,33320.50548752449
test,33350.50594264531
test,33400.506701180006
test,33330.50563923143
test,33350.50594264531
test,33410.50685288695
test,33400.506701180006
test,36450.552971796744
test,33340.50579093837
test,33310.50533581755
test,33390.506549473066
test,33350.50594264531
test,33310.50533581755
test,33270.504728989785
test,33310.50533581755
test,33320.50548752449
test,33410.50685288695
test,33400.506701180006
test,33360.50609435225
test,33340.50579093837
test,33350.50594264531
test,33400.506701180006
test,33310.50533581755
test,33410.50685288695
test,33370.50624605919
test,33320.50548752449
test,33310.50533581755
test,33270.504728989785
test,33340.50579093837
test,33250.504425575906
test,33320.50548752449
test,33290.505032403664
test,33320.50548752449
test,33350.50594264531
test,33320.50548752449
test,33310.50533581755
test,33360.50609435225
test,33320.50548752449
test,33680.51094897433
test,33330.50563923143
test,33410.50685288695
test,33570.50928019799
test,33390.506549473066
test,33340.50579093837
test,33310.50533581755
test,33550.50897678411
test,33350.50594264531
test,33320.50548752449
test,36740.55737129801
test,33460.50761142165
test,33390.506549473066
test,33360.50609435225
test,33340.50579093837
test,33370.50624605919
test,33400.506701180006
test,33300.50518411061
test,33340.50579093837
test,33330.50563923143
test,33320.50548752449
test,33340.50579093837
test,33310.50533581755
test,33330.50563923143
test,33330.50563923143
test,33350.50594264531
test,33360.50609435225
test,33360.50609435225
test,33350.50594264531
test,33310.50533581755
test,33370.50624605919
test,33330.50563923143
test,33340.50579093837
test,37780.573148819785
test,33260.504577282845
test,33370.50624605919
test,33300.50518411061
test,33210.50381874815
test,33240.504273868966
test,33280.504880696724
test,33250.504425575906
test,33270.504728989785
test,33310.50533581755
test,33290.505032403664
test,33340.50579093837
test,33360.50609435225
test,33280.504880696724
test,33420.50700459389
test,33400.506701180006
test,34410.52202358096
test,34240.51944456298
test,33680.51094897433
test,33620.51003873269
test,34280.52005139074
test,34440.52247870178
test,33810.512921164554
test,34040.51641042418
test,34310.52050651156
test,34210.51898944216
test,37210.5645015242
test,34190.51868602828
test,39870.604855570265
test,34340.52096163238
test,34990.53082258349
test,35570.53962158602
test,35730.542048897056
test,35230.53446355005
test,34460.52278211566
test,34310.52050651156
test,34320.5206582185
test,34630.525361133645
test,34690.52627137528
test,34530.52384406424
test,34370.5214167532
test,34420.5221752879
test,34590.52475430589
test,35260.53491867087
test,34560.52429918506
test,34580.52460259894
test,34600.524906012826
test,34480.523085529545
test,34650.525664547524
test,34630.525361133645
test,34610.525057719766
test,34630.525361133645
test,34650.525664547524
test,34500.523388943424
test,34560.52429918506
test,34400.52187187402
test,35230.53446355005
test,35310.535677205575
test,34740.52702990999
test,34470.522933822605
test,34690.52627137528
test,33390.506549473066
test,33440.50730800777
test,33390.506549473066
test,33330.50563923143
test,33360.50609435225
test,33360.50609435225
test,33370.50624605919
test,33340.50579093837
test,33320.50548752449
test,33340.50579093837
test,33320.50548752449
test,33400.506701180006
test,38970.59120194566
test,33360.50609435225
test,33410.50685288695
test,33300.50518411061
test,33380.50639776613
test,33340.50579093837
test,33420.50700459389
test,33350.50594264531
test,33430.50715630083
test,33430.50715630083
test,33370.50624605919
test,33420.50700459389
test,33350.50594264531
test,33450.50745971471
test,33340.50579093837
test,33380.50639776613
test,33310.50533581755
test,37700.57193516426
test,33380.50639776613
test,33410.50685288695
test,33290.505032403664
test,33310.50533581755
test,33310.50533581755
test,33260.504577282845
test,33290.505032403664
test,33300.50518411061
test,33330.50563923143
test,33340.50579093837
test,33430.50715630083
test,33370.50624605919
test,33310.50533581755
test,33330.50563923143
test,33350.50594264531
test,9046747.243352158
test,33570.50928019799
test,33360.50609435225
test,33290.505032403664
test,33360.50609435225
test,33300.50518411061
test,33350.50594264531
test,36520.55403374533
test,33380.50639776613
test,33310.50533581755
test,33270.504728989785
test,39300.59620827468
test,33430.50715630083
test,33370.50624605919
test,33360.50609435225
test,33340.50579093837
test,33300.50518411061
test,33340.50579093837
test,33320.50548752449
test,33340.50579093837
test,33300.50518411061
test,33310.50533581755
test,33350.50594264531
test,33320.50548752449
test,33360.50609435225
test,33410.50685288695
test,33400.506701180006
test,33370.50624605919
test,33410.50685288695
test,33370.50624605919
test,33350.50594264531
test,33340.50579093837
test,33270.504728989785
test,33320.50548752449
test,33410.50685288695
test,33340.50579093837
test,33370.50624605919
test,33330.50563923143
test,33350.50594264531
test,33320.50548752449
test,33400.506701180006
test,33320.50548752449
test,9048177.26504625
test,33910.51443823396
test,33650.510493853515
test,33630.51019043963
test,33690.51110068127
test,33560.50912849105
test,33470.50776312859
test,33530.508673370234
test,33640.51034214657
test,33670.510797267394
test,33530.508673370234
test,33590.50958361187
test,33560.50912849105
test,33510.50836995635
test,33450.50745971471
test,33650.510493853515
test,33480.50791483553
test,33450.50745971471
test,33600.50973531881
test,33630.51019043963
test,34150.51807920052
test,34050.51656213112
test,33510.50836995635
test,33470.50776312859
test,33580.50943190493
test,33810.512921164554
test,33850.51352799231
test,33850.51352799231
test,33680.51094897433
test,33850.51352799231
test,33610.50988702575
test,33780.512466043736
test,40010.60697946743
test,33730.51170750903
test,33970.515348475594
test,33950.515045061715
test,34030.51625871724
test,33670.510797267394
test,33520.50852166329
test,33740.51185921597
test,34050.51656213112
test,33720.51155580209
test,33800.512769457615
test,33860.51367969925
test,33660.510645560455
test,33580.50943190493
test,33480.50791483553
test,34350.52111333932
test,33990.51565188947
test,8850154.260945423
test,33670.510797267394
test,33360.50609435225
test,33390.506549473066
test,33450.50745971471
test,33420.50700459389
test,33350.50594264531
test,33310.50533581755
test,33380.50639776613
test,33320.50548752449
test,33330.50563923143
test,33450.50745971471
test,33350.50594264531
test,33300.50518411061
test,33390.506549473066
test,33420.50700459389
test,33390.506549473066
test,33410.50685288695
test,33420.50700459389
test,33370.50624605919
test,36640.55585422861
test,33310.50533581755
test,33350.50594264531
test,33360.50609435225
test,33430.50715630083
test,33350.50594264531
test,33380.50639776613
test,33420.50700459389
test,33430.50715630083
test,33320.50548752449
test,33360.50609435225
test,33520.50852166329
test,34160.51823090746
test,34510.52354065036
test,34320.5206582185
test,33990.51565188947
test,33620.51003873269
test,33360.50609435225
test,33380.50639776613
test,33510.50836995635
test,33380.50639776613
test,33370.50624605919
test,33380.50639776613
test,33400.506701180006
test,33410.50685288695
test,33400.506701180006
test,33420.50700459389
test,33400.506701180006
test,33330.50563923143
test,33340.50579093837
test,33610.50988702575
test,33520.50852166329
test,33520.50852166329
test,33640.51034214657
test,33570.50928019799
test,33720.51155580209
test,33680.51094897433
test,33690.51110068127
test,33690.51110068127
test,33620.51003873269
test,33610.50988702575
test,33640.51034214657
test,33600.50973531881
test,33620.51003873269
test,33540.50882507717
test,33520.50852166329
test,33710.51140409515
test,33540.50882507717
test,33750.51201092291
test,33490.50806654247
test,33500.50821824941
test,38550.58483025417
test,33520.50852166329
test,33390.506549473066
test,33400.506701180006
test,33520.50852166329
test,33590.50958361187
test,33590.50958361187
test,34520.5236923573
test,34180.51853432134
test,38740.587712686036
test,33490.50806654247
test,33540.50882507717
test,33590.50958361187
test,33550.50897678411
test,33490.50806654247
test,33500.50821824941
test,33440.50730800777
test,33460.50761142165
test,33910.51443823396
test,33900.51428652702
test,33870.51383140619
test,33670.510797267394
test,33780.512466043736
test,33700.51125238821
test,36410.552364968986
test,33780.512466043736
test,39140.59378096364
test,33920.514589940896
test,34220.519141149096
test,34300.52035480462
test,34380.52156846014
test,34280.52005139074
test,34510.52354065036
test,34790.527788444684
test,34340.52096163238
test,33760.51216262985
test,33830.51322457843
test,33980.51550018253
test,33710.51140409515
test,33710.51140409515
test,33610.50988702575
test,33650.510493853515
test,33560.50912849105
test,34420.5221752879
test,38740.587712686036
test,34420.5221752879
test,34670.5259679614
test,34650.525664547524
test,34300.52035480462
test,34670.5259679614
test,34000.51580359642
test,34160.51823090746
test,34130.51777578664
test,34270.5198996838
test,34560.52429918506
test,34900.529457221026
test,34870.52900210021
test,34540.52399577118
test,34840.52854697939
test,34540.52399577118
test,34170.5183826144
test,35080.53218794595
test,35530.53901475825
test,34860.52885039327
test,34850.52869868633
test,35580.539773292956
test,34960.53036746267
test,34970.53051916961
test,35020.53127770431
test,35530.53901475825
test,35110.53264306677
test,35140.53309818759
test,34790.527788444684
test,34850.52869868633
test,34890.52930551409
test,35140.53309818759
test,34950.53021575573
test,35160.53340160147
test,35370.53658744721
test,35430.537497688856
test,35410.53719427497
test,35410.53719427497
test,35430.537497688856
test,37430.56783907688
test,35480.53825622355
test,35500.53855963743
test,35510.53871134437
test,35600.540076706835
test,35580.539773292956
test,35460.537952809675
test,35370.53658744721
test,35480.53825622355
test,35440.537649395796
test,35130.53294648065
test,35470.538104516614
test,34890.52930551409
test,34880.52915380715
test,34740.52702990999
test,34670.5259679614
test,34530.52384406424
test,34530.52384406424
test,34550.52414747812
test,34450.52263040872
test,34510.52354065036
test,34290.52020309768
test,34680.52611966834
test,34320.5206582185
test,33740.51185921597
test,33750.51201092291
test,33770.5123143368
test,33820.513072871494
test,33870.51383140619
test,33880.51398311313
test,33700.51125238821
test,33720.51155580209
test,33790.512617750675
test,33580.50943190493
test,33640.51034214657
test,33820.513072871494
test,33780.512466043736
test,33420.50700459389
test,33430.50715630083
test,33400.506701180006
test,33460.50761142165
test,33430.50715630083
test,33400.506701180006
test,33420.50700459389
test,37810.573603940604
test,33750.51201092291
test,34220.519141149096
test,34350.52111333932
test,34040.51641042418
test,33470.50776312859
test,33370.50624605919
test,33340.50579093837
test,33860.51367969925
test,34270.5198996838
test,33550.50897678411
test,33690.51110068127
test,33870.51383140619
test,33940.514893354775
test,35720.541897190116
test,33650.510493853515
test,33590.50958361187
test,38800.58862292767
test,34060.51671383806
test,34420.5221752879
test,34060.51671383806
test,34290.52020309768
test,34330.52080992544
test,33790.512617750675
test,34600.524906012826
test,34280.52005139074
test,34530.52384406424
test,34140.51792749358
test,33930.514741647836
test,34430.52232699484
test,34390.52172016708
test,34630.525361133645
test,34400.52187187402
test,34390.52172016708
test,34240.51944456298
test,34190.51868602828
test,38680.58680244439
test,34170.5183826144
test,34220.519141149096
test,34290.52020309768
test,34380.52156846014
test,34360.52126504626
test,34440.52247870178
test,34780.527636737745
test,35890.5444762081
test,35200.53400842923
test,35580.539773292956
test,36120.547965467726
test,35330.535980619454
test,34890.52930551409
test,35120.53279477371
test,35000.53097429043
test,35080.53218794595
test,35350.53628403333
test,35170.53355330841
test,35470.538104516614
test,35050.531732825126
test,35220.53431184311
test,35460.537952809675
test,34970.53051916961
test,34860.52885039327
test,34770.527485030805
test,35200.53400842923
test,34910.529608927965
test,34820.5282435655
test,34760.527333323866
test,34650.525664547524
test,39880.605007277205
test,35010.53112599737
test,35150.53324989453
test,35030.53142941125
test,34700.52642308222
test,35100.53249135983
test,35160.53340160147
test,35770.54265572482
test,34560.52429918506
test,34790.527788444684
test,34670.5259679614
test,34740.52702990999
test,34710.52657478917
test,34760.527333323866
test,34760.527333323866
test,40290.611227261754
test,34910.529608927965
test,34970.53051916961
test,34850.52869868633
test,34770.527485030805
test,34780.527636737745
test,35460.537952809675
test,34320.5206582185
test,34160.51823090746
test,34170.5183826144
test,34880.52915380715
test,34150.51807920052
test,34250.51959626992
test,34040.51641042418
test,34140.51792749358
test,34480.523085529545
test,34210.51898944216
test,34320.5206582185
test,34490.523237236484
test,34670.5259679614
test,34890.52930551409
test,34520.5236923573
test,34160.51823090746
test,33850.51352799231
test,33750.51201092291
test,33650.510493853515
test,38100.578003441864
test,33740.51185921597
test,33620.51003873269
test,33670.510797267394
test,33780.512466043736
test,33880.51398311313
test,33950.515045061715
test,34110.517472372754
test,34340.52096163238
test,34230.519292856035
test,34060.51671383806
test,34050.51656213112
test,34080.517017251936
test,34150.51807920052
test,34070.516865544996
test,34020.5161070103
test,34060.51671383806
test,33960.515196768654
test,33900.51428652702
test,33910.51443823396
test,33730.51170750903
test,33690.51110068127
test,33860.51367969925
test,33400.506701180006
test,33360.50609435225
test,33250.504425575906
test,35230.53446355005
test,38120.57830685574
test,33260.504577282845
test,33390.506549473066
test,33360.50609435225
test,33250.504425575906
test,33190.50351533427
test,33250.504425575906
test,33340.50579093837
test,33290.505032403664
test,33290.505032403664
test,33260.504577282845
test,33320.50548752449
test,33320.50548752449
test,33310.50533581755
test,33280.504880696724
test,33310.50533581755
test,33350.50594264531
test,33290.505032403664
test,33280.504880696724
test,33300.50518411061
test,33290.505032403664
test,33320.50548752449
test,33290.505032403664
test,33270.504728989785
test,33290.505032403664
test,33380.50639776613
test,33400.506701180006
test,33420.50700459389
test,33360.50609435225
test,33350.50594264531
test,33330.50563923143
test,33360.50609435225
test,33340.50579093837
test,33390.506549473066
test,33350.50594264531
test,33320.50548752449
test,33410.50685288695
test,33300.50518411061
test,33290.505032403664
test,33300.50518411061
test,33280.504880696724
test,33360.50609435225
test,33330.50563923143
test,33320.50548752449
test,33410.50685288695
test,33330.50563923143
test,33290.505032403664
test,33430.50715630083
test,33380.50639776613
test,33330.50563923143
test,33340.50579093837
test,33370.50624605919
test,33370.50624605919
test,33300.50518411061
test,33350.50594264531
test,33340.50579093837
test,33350.50594264531
test,33270.504728989785
test,33320.50548752449
test,37560.5698112671
test,33350.50594264531
test,33360.50609435225
test,33360.50609435225
test,33390.506549473066
test,33360.50609435225
test,33340.50579093837
test,33370.50624605919
test,33370.50624605919
test,33330.50563923143
test,33340.50579093837
test,33300.50518411061
test,33360.50609435225
test,33330.50563923143
test,33390.506549473066
test,33280.504880696724
test,33320.50548752449
test,33360.50609435225
test,33340.50579093837
test,33330.50563923143
test,33310.50533581755
test,33300.50518411061
test,33300.50518411061
test,33310.50533581755
test,33330.50563923143
test,33340.50579093837
test,33280.504880696724
test,33340.50579093837
test,33330.50563923143
test,33300.50518411061
test,33260.504577282845
test,33310.50533581755
test,33240.504273868966
test,33240.504273868966
test,33290.505032403664
test,33330.50563923143
test,33290.505032403664
test,34970.53051916961
test,33340.50579093837
test,38100.578003441864
test,33320.50548752449
test,33390.506549473066
test,33370.50624605919
test,33340.50579093837
test,33390.506549473066
test,33350.50594264531
test,33350.50594264531
test,33330.50563923143
test,33340.50579093837
test,33340.50579093837
test,33400.506701180006
test,33570.50928019799
test,33410.50685288695
test,33350.50594264531
test,33340.50579093837
test,33320.50548752449
test,33330.50563923143
test,33340.50579093837
test,33340.50579093837
test,37870.57451418224
test,33270.504728989785
test,33410.50685288695
test,33340.50579093837
test,33300.50518411061
test,33340.50579093837
test,33280.504880696724
test,33290.505032403664
test,33310.50533581755
test,33310.50533581755
test,33300.50518411061
test,33350.50594264531
test,33310.50533581755
test,33380.50639776613
test,33420.50700459389
test,33340.50579093837
test,33300.50518411061
test,33350.50594264531
test,33360.50609435225
test,33340.50579093837
test,33320.50548752449
test,33410.50685288695
test,33350.50594264531
test,33360.50609435225
test,33370.50624605919
test,33380.50639776613
test,33350.50594264531
test,33280.504880696724
test,33340.50579093837
test,33290.505032403664
test,33300.50518411061
test,33330.50563923143
test,33340.50579093837
test,33330.50563923143
test,33250.504425575906
test,33330.50563923143
test,33360.50609435225
test,33350.50594264531
test,33290.505032403664
test,33290.505032403664
test,33310.50533581755
test,39000.59165706648
test,33360.50609435225
test,33410.50685288695
test,33310.50533581755
test,33370.50624605919
test,33370.50624605919
test,33370.50624605919
test,33330.50563923143
test,33320.50548752449
test,33320.50548752449
test,33340.50579093837
test,33300.50518411061
test,33310.50533581755
test,33310.50533581755
test,33320.50548752449
test,33340.50579093837
test,37780.573148819785
test,33330.50563923143
test,33290.505032403664
test,33430.50715630083
test,33340.50579093837
test,33390.506549473066
test,33290.505032403664
test,33410.50685288695
test,33340.50579093837
test,33350.50594264531
test,33240.504273868966
test,33370.50624605919
test,33320.50548752449
test,33310.50533581755
test,33360.50609435225
test,33370.50624605919
test,33330.50563923143
test,33370.50624605919
test,33300.50518411061
test,33420.50700459389
test,33400.506701180006
test,33310.50533581755
test,33330.50563923143
test,33410.50685288695
test,33400.506701180006
test,33430.50715630083
test,33370.50624605919
test,33390.506549473066
test,33360.50609435225
test,33350.50594264531
test,37600.57041809486
test,33350.50594264531
test,33350.50594264531
test,33290.505032403664
test,33340.50579093837
test,33370.50624605919
test,33330.50563923143
test,33350.50594264531
test,33330.50563923143
test,33330.50563923143
test,33330.50563923143
test,33330.50563923143
test,33290.505032403664
test,37760.5728454059
test,33340.50579093837
test,33360.50609435225
test,33310.50533581755
test,33350.50594264531
test,33330.50563923143
test,33340.50579093837
test,33370.50624605919
test,33270.504728989785
test,33330.50563923143
test,33300.50518411061
test,33320.50548752449
test,33310.50533581755
test,33340.50579093837
test,38360.58194782231
test,33340.50579093837
test,33340.50579093837
test,33400.506701180006
test,33340.50579093837
test,33320.50548752449
test,33390.506549473066
test,33340.50579093837
test,33340.50579093837
test,33380.50639776613
test,33340.50579093837
test,33360.50609435225
test,33400.506701180006
test,33370.50624605919
test,33410.50685288695
test,33320.50548752449
test,33310.50533581755
test,33390.506549473066
test,33360.50609435225
test,33350.50594264531
test,33380.50639776613
test,33400.506701180006
test,33380.50639776613
test,33460.50761142165
test,33370.50624605919
test,33360.50609435225
test,33350.50594264531
test,33400.506701180006
test,33580.50943190493
test,33420.50700459389
test,33380.50639776613
test,33420.50700459389
test,33460.50761142165
test,33410.50685288695
test,33420.50700459389
test,33420.50700459389
test,33340.50579093837
test,33400.506701180006
test,33390.506549473066
test,33350.50594264531
test,33350.50594264531
test,33370.50624605919
test,33420.50700459389
test,33400.506701180006
test,33380.50639776613
test,33330.50563923143
test,33390.506549473066
test,33320.50548752449
test,33370.50624605919
test,33370.50624605919
test,33350.50594264531
test,33420.50700459389
test,35000.53097429043
test,33320.50548752449
test,37940.575576130825
test,33410.50685288695
test,33310.50533581755
test,33390.506549473066
test,33350.50594264531
test,33350.50594264531
test,33340.50579093837
test,33340.50579093837
test,33330.50563923143
test,33340.50579093837
test,33320.50548752449
test,33280.504880696724
test,33330.50563923143
test,33390.506549473066
test,33410.50685288695
test,33310.50533581755
test,33340.50579093837
test,33370.50624605919
test,33310.50533581755
test,33290.505032403664
test,33320.50548752449
test,33270.504728989785
test,33300.50518411061
test,33310.50533581755
test,33310.50533581755
test,33320.50548752449
test,33300.50518411061
test,37610.5705698018
test,33420.50700459389
test,33450.50745971471
test,33360.50609435225
test,33320.50548752449
test,33380.50639776613
test,33330.50563923143
test,33370.50624605919
test,33360.50609435225
test,33400.506701180006
test,33380.50639776613
test,33350.50594264531
test,33340.50579093837
test,33360.50609435225
test,33330.50563923143
test,33410.50685288695
test,33370.50624605919
test,33370.50624605919
test,33410.50685288695
test,33380.50639776613
test,33380.50639776613
test,33300.50518411061
test,33350.50594264531
test,33370.50624605919
test,33320.50548752449
test,33340.50579093837
test,33390.506549473066
test,33240.504273868966
test,33340.50579093837
test,34930.529912341844
test,33320.50548752449
test,33320.50548752449
test,33350.50594264531
test,37700.57193516426
test,33350.50594264531
test,33310.50533581755
test,33400.506701180006
test,33380.50639776613
test,33320.50548752449
test,33290.505032403664
test,33310.50533581755
test,33340.50579093837
test,33360.50609435225
test,33300.50518411061
test,33280.504880696724
test,33330.50563923143
test,33360.50609435225
test,33290.505032403664
test,33300.50518411061
test,33300.50518411061
test,33330.50563923143
test,33320.50548752449
test,33330.50563923143
test,33310.50533581755
test,33330.50563923143
test,33400.506701180006
test,33260.504577282845
test,33280.504880696724
test,33250.504425575906
test,33300.50518411061
test,33260.504577282845
test,37680.57163175038
test,33280.504880696724
test,33310.50533581755
test,33350.50594264531
test,33330.50563923143
test,33250.504425575906
test,33350.50594264531
test,33330.50563923143
test,33330.50563923143
test,33320.50548752449
test,33320.50548752449
test,33340.50579093837
test,37540.56950785322
test,33300.50518411061
test,33380.50639776613
test,33380.50639776613
test,33310.50533581755
test,33240.504273868966
test,33260.504577282845
test,33310.50533581755
test,33260.504577282845
test,33350.50594264531
test,33300.50518411061
test,33340.50579093837
test,33350.50594264531
test,33330.50563923143
test,35000.53097429043
test,33440.50730800777
test,33330.50563923143
test,33410.50685288695
test,33420.50700459389
test,33390.506549473066
test,33370.50624605919
test,33410.50685288695
test,33400.506701180006
test,33440.50730800777
test,33380.50639776613
test,33410.50685288695
test,33490.50806654247
test,33440.50730800777
test,33390.506549473066
test,33360.50609435225
test,33380.50639776613
test,33390.506549473066
test,33350.50594264531
test,33340.50579093837
test,33380.50639776613
test,37600.57041809486
test,33320.50548752449
test,33260.504577282845
test,33370.50624605919
test,33390.506549473066
test,33320.50548752449
test,33350.50594264531
test,33310.50533581755
test,33380.50639776613
test,33290.505032403664
test,33290.505032403664
test,33290.505032403664
test,33320.50548752449
test,33340.50579093837
test,33300.50518411061
test,33290.505032403664
test,33310.50533581755
test,33270.504728989785
test,33310.50533581755
test,33400.506701180006
test,33310.50533581755
test,33330.50563923143
test,33320.50548752449
test,33320.50548752449
test,33350.50594264531
test,33380.50639776613
test,33360.50609435225
test,33290.505032403664
test,33330.50563923143
test,33260.504577282845
test,33320.50548752449
test,33330.50563923143
test,33320.50548752449
test,37720.57223857814
test,33290.505032403664
test,33370.50624605919
test,33320.50548752449
test,33350.50594264531
test,33330.50563923143
test,33340.50579093837
test,33290.505032403664
test,33280.504880696724
test,33310.50533581755
test,33280.504880696724
test,33280.504880696724
test,33280.504880696724
test,33290.505032403664
test,33330.50563923143
test,35040.531581118186
test,33270.504728989785
test,33300.50518411061
test,33430.50715630083
test,33350.50594264531
test,33320.50548752449
test,33310.50533581755
test,33360.50609435225
test,33350.50594264531
test,33430.50715630083
test,33340.50579093837
test,33320.50548752449
test,33300.50518411061
test,33350.50594264531
test,33360.50609435225
test,33350.50594264531
test,33350.50594264531
test,33380.50639776613
test,33350.50594264531
test,33390.506549473066
test,33360.50609435225
test,33320.50548752449
test,33330.50563923143
test,33330.50563923143
test,33280.504880696724
test,33310.50533581755
test,33310.50533581755
test,33310.50533581755
test,33290.505032403664
test,33290.505032403664
test,33290.505032403664
test,33300.50518411061
test,33280.504880696724
test,37830.57390735448
test,33420.50700459389
test,33300.50518411061
test,33390.506549473066
test,33310.50533581755
test,33360.50609435225
test,33310.50533581755
test,33280.504880696724
test,33310.50533581755
test,33360.50609435225
test,33340.50579093837
test,33330.50563923143
test,33320.50548752449
test,33380.50639776613
test,33340.50579093837
test,33390.506549473066
test,33400.506701180006
test,33360.50609435225
test,33390.506549473066
test,33340.50579093837
test,33350.50594264531
test,33380.50639776613
test,33320.50548752449
test,33320.50548752449
test,33500.50821824941
test,33410.50685288695
test,33330.50563923143
test,33340.50579093837
test,33400.506701180006
test,33360.50609435225
test,33280.504880696724
test,33310.50533581755
test,33290.505032403664
test,33280.504880696724
test,33380.50639776613
test,33330.50563923143
test,33360.50609435225
test,33380.50639776613
test,33370.50624605919
test,33370.50624605919
test,33350.50594264531
test,33320.50548752449
test,33340.50579093837
test,33300.50518411061
test,33380.50639776613
test,33420.50700459389
test,33320.50548752449
test,33330.50563923143
test,33290.505032403664
test,33380.50639776613
test,33290.505032403664
test,33320.50548752449
test,33300.50518411061
test,33300.50518411061
test,33270.504728989785
test,33320.50548752449
test,33330.50563923143
test,33310.50533581755
test,33280.504880696724
test,33310.50533581755
test,33300.50518411061
test,33300.50518411061
test,33300.50518411061
test,33250.504425575906
test,33310.50533581755
test,33340.50579093837
test,33310.50533581755
test,33350.50594264531
test,33310.50533581755
test,33290.505032403664
test,33330.50563923143
test,37510.5690527324
test,33270.504728989785
test,33230.50412216203
test,33250.504425575906
test,33290.505032403664
test,33230.50412216203
test,33230.50412216203
test,33240.504273868966
test,33300.50518411061
test,33280.504880696724
test,33250.504425575906
test,33330.50563923143
test,35070.53203623901
test,38610.585740495815
test,33280.504880696724
test,33280.504880696724
test,33300.50518411061
test,33280.504880696724
test,33340.50579093837
test,33320.50548752449
test,33340.50579093837
test,33340.50579093837
test,33340.50579093837
test,33290.505032403664
test,33330.50563923143
test,33340.50579093837
test,33280.504880696724
test,33280.504880696724
test,33370.50624605919
test,33310.50533581755
test,33310.50533581755
test,33310.50533581755
test,33360.50609435225
test,33310.50533581755
test,33340.50579093837
test,33300.50518411061
test,33310.50533581755
test,33350.50594264531
test,33290.505032403664
test,33380.50639776613
test,33310.50533581755
test,33310.50533581755
test,33260.504577282845
test,33270.504728989785
test,33330.50563923143
test,33370.50624605919
test,33320.50548752449
test,33380.50639776613
test,33340.50579093837
test,33290.505032403664
test,33340.50579093837
test,33330.50563923143
test,33320.50548752449
test,33370.50624605919
test,33310.50533581755
test,33310.50533581755
test,33330.50563923143
test,37520.569204439336
test,33390.506549473066
test,33350.50594264531
test,33310.50533581755
test,33310.50533581755
test,33280.504880696724
test,33330.50563923143
test,33320.50548752449
test,33350.50594264531
test,33310.50533581755
test,33390.506549473066
test,33330.50563923143
test,33350.50594264531
test,33370.50624605919
test,33320.50548752449
test,33300.50518411061
test,33310.50533581755
test,33340.50579093837
test,33300.50518411061
test,33300.50518411061
test,33370.50624605919
test,33280.504880696724
test,33340.50579093837
test,33350.50594264531
test,33350.50594264531
test,33310.50533581755
test,33290.505032403664
test,33320.50548752449
test,33370.50624605919
test,33340.50579093837
test,33330.50563923143
test,33290.505032403664
test,33280.504880696724
test,33330.50563923143
test,33290.505032403664
test,33220.50397045509
test,33320.50548752449
test,33300.50518411061
test,33340.50579093837
test,33270.504728989785
test,33280.504880696724
test,33300.50518411061
test,33250.504425575906
test,33320.50548752449
test,33300.50518411061
test,37960.575879544704
test,33310.50533581755
test,33370.50624605919
test,33320.50548752449
test,33400.506701180006
test,33380.50639776613
test,33300.50518411061
test,33380.50639776613
test,33410.50685288695
test,33350.50594264531
test,33390.506549473066
test,33320.50548752449
test,33350.50594264531
test,33380.50639776613
test,33410.50685288695
test,33360.50609435225
test,33370.50624605919
test,33370.50624605919
test,33360.50609435225
test,33390.506549473066
test,35360.53643574027
test,33330.50563923143
test,33320.50548752449
test,38020.57678978635
test,33340.50579093837
test,33290.505032403664
test,33340.50579093837
test,33360.50609435225
test,33290.505032403664
test,33360.50609435225
test,33350.50594264531
test,33310.50533581755
test,33550.50897678411
test,33400.506701180006
test,33370.50624605919
test,33310.50533581755
test,33350.50594264531
test,33340.50579093837
test,33350.50594264531
test,33350.50594264531
test,33390.506549473066
test,33360.50609435225
test,33320.50548752449
test,33400.506701180006
test,33300.50518411061
test,33350.50594264531
test,33310.50533581755
test,33300.50518411061
test,33360.50609435225
test,33290.505032403664
test,33270.504728989785
test,33260.504577282845
test,33300.50518411061
test,33400.506701180006
test,33280.504880696724
test,33420.50700459389
test,33380.50639776613
test,37610.5705698018
test,33290.505032403664
test,33330.50563923143
test,33300.50518411061
test,33300.50518411061
test,33330.50563923143
test,33300.50518411061
test,33330.50563923143
test,33410.50685288695
test,34470.522933822605
test,34440.52247870178
test,34670.5259679614
test,34620.525209426705
test,33610.50988702575
test,33430.50715630083
test,33360.50609435225
test,33360.50609435225
test,33410.50685288695
test,33340.50579093837
test,33390.506549473066
test,33380.50639776613
test,33410.50685288695
test,33390.506549473066
test,33520.50852166329
test,33520.50852166329
test,33560.50912849105
test,33450.50745971471
test,33500.50821824941
test,33530.508673370234
test,35260.53491867087
test,33570.50928019799
test,33630.51019043963
test,33550.50897678411
test,33610.50988702575
test,33560.50912849105
test,38650.58634732357
test,33610.50988702575
test,33630.51019043963
test,33630.51019043963
test,33630.51019043963
test,33620.51003873269
test,33570.50928019799
test,33670.510797267394
test,33660.510645560455
test,33590.50958361187
test,33610.50988702575
test,33590.50958361187
test,33620.51003873269
test,33440.50730800777
test,33470.50776312859
test,33420.50700459389
test,33360.50609435225
test,33460.50761142165
test,33460.50761142165
test,33380.50639776613
test,33470.50776312859
test,33430.50715630083
test,33410.50685288695
test,37680.57163175038
test,33430.50715630083
test,33430.50715630083
test,33410.50685288695
test,33400.506701180006
test,33440.50730800777
test,33330.50563923143
test,33470.50776312859
test,33400.506701180006
test,33390.506549473066
test,33420.50700459389
test,33380.50639776613
test,33460.50761142165
test,33460.50761142165
test,33440.50730800777
test,33470.50776312859
test,33330.50563923143
test,33330.50563923143
test,37700.57193516426
test,33480.50791483553
test,33500.50821824941
test,33480.50791483553
test,33470.50776312859
test,33490.50806654247
test,33510.50836995635
test,33490.50806654247
test,33490.50806654247
test,33540.50882507717
test,33500.50821824941
test,33520.50852166329
test,33490.50806654247
test,33450.50745971471
test,33540.50882507717
test,38190.57936880433
test,33370.50624605919
test,33440.50730800777
test,33340.50579093837
test,33350.50594264531
test,33360.50609435225
test,33380.50639776613
test,33380.50639776613
test,33370.50624605919
test,33350.50594264531
test,33450.50745971471
test,33370.50624605919
test,33350.50594264531
test,33300.50518411061
test,33310.50533581755
test,33420.50700459389
test,33540.50882507717
test,33510.50836995635
test,33340.50579093837
test,33430.50715630083
test,33540.50882507717
test,33570.50928019799
test,33590.50958361187
test,33630.51019043963
test,33410.50685288695
test,33390.506549473066
test,33350.50594264531
test,33300.50518411061
test,33280.504880696724
test,33310.50533581755
test,33290.505032403664
test,33380.50639776613
test,33290.505032403664
test,33390.506549473066
test,33300.50518411061
test,33320.50548752449
test,33390.506549473066
test,33480.50791483553
test,33660.510645560455
test,33900.51428652702
test,33980.51550018253
test,33310.50533581755
test,33450.50745971471
test,33840.51337628537
test,33940.514893354775
test,33490.50806654247
test,33630.51019043963
test,33550.50897678411
test,33610.50988702575
test,33620.51003873269
test,33890.51413482008
test,34360.52126504626
test,33530.508673370234
test,33500.50821824941
test,33630.51019043963
test,33610.50988702575
test,33510.50836995635
test,33820.513072871494
test,37820.57375564754
test,33590.50958361187
test,33440.50730800777
test,33340.50579093837
test,33480.50791483553
test,33600.50973531881
test,35650.54083524154
test,35630.54053182765
test,34410.52202358096
test,34210.51898944216
test,34310.52050651156
test,35930.54508303586
test,34330.52080992544
test,34070.516865544996
test,34120.5176240797
test,39100.59317413588
test,34110.517472372754
test,34080.517017251936
test,34190.51868602828
test,34210.51898944216
test,34250.51959626992
test,34210.51898944216
test,35240.53461525699
test,35150.53324989453
test,34680.52611966834
test,34540.52399577118
test,34290.52020309768
test,34370.5214167532
test,34330.52080992544
test,34280.52005139074
test,38710.58725756521
test,34320.5206582185
test,34520.5236923573
test,35070.53203623901
test,34440.52247870178
test,34410.52202358096
test,34270.5198996838
test,35090.53233965289
test,34890.52930551409
test,34480.523085529545
test,34030.51625871724
test,34200.51883773522
test,33460.50761142165
test,33480.50791483553
test,33480.50791483553
test,33460.50761142165
test,33440.50730800777
test,37770.572997112846
test,33460.50761142165
test,33540.50882507717
test,33570.50928019799
test,33600.50973531881
test,33490.50806654247
test,33540.50882507717
test,33610.50988702575
test,33510.50836995635
test,33800.512769457615
test,33900.51428652702
test,33790.512617750675
test,33470.50776312859
test,33450.50745971471
test,33600.50973531881
test,33580.50943190493
test,37670.57148004344
test,33570.50928019799
test,33650.510493853515
test,33560.50912849105
test,33450.50745971471
test,33400.506701180006
test,33330.50563923143
test,33400.506701180006
test,33410.50685288695
test,33460.50761142165
test,33390.506549473066
test,33370.50624605919
test,35300.535525498635
test,33360.50609435225
test,33380.50639776613
test,37800.573452233664
test,33410.50685288695
test,33520.50852166329
test,33390.506549473066
test,33420.50700459389
test,33410.50685288695
test,33400.506701180006
test,33470.50776312859
test,33460.50761142165
test,33440.50730800777
test,33410.50685288695
test,33410.50685288695
test,33410.50685288695
test,33390.506549473066
test,33390.506549473066
test,39020.59196048036
test,33400.506701180006
test,33500.50821824941
test,33420.50700459389
test,33390.506549473066
test,33400.506701180006
test,33320.50548752449
test,33340.50579093837
test,33360.50609435225
test,33410.50685288695
test,33340.50579093837
test,33370.50624605919
test,33410.50685288695
test,33370.50624605919
test,37830.57390735448
test,33390.506549473066
test,33430.50715630083
test,33380.50639776613
test,33400.506701180006
test,33400.506701180006
test,33340.50579093837
test,33400.506701180006
test,33370.50624605919
test,33370.50624605919
test,33420.50700459389
test,33380.50639776613
test,33380.50639776613
test,33390.506549473066
test,33360.50609435225
test,33350.50594264531
test,33390.506549473066
test,33320.50548752449
test,33290.505032403664
test,33340.50579093837
test,33360.50609435225
test,33370.50624605919
test,33340.50579093837
test,33300.50518411061
test,33350.50594264531
test,33350.50594264531
test,33390.506549473066
test,33370.50624605919
test,33380.50639776613
test,33360.50609435225
test,33330.50563923143
test,33390.506549473066
test,33380.50639776613
test,33290.505032403664
test,35150.53324989453
test,38030.57694149329
test,33400.506701180006
test,33350.50594264531
test,33310.50533581755
test,33310.50533581755
test,33280.504880696724
test,33320.50548752449
test,33320.50548752449
test,33360.50609435225
test,33470.50776312859
test,33350.50594264531
test,33340.50579093837
test,33360.50609435225
test,33360.50609435225
test,33340.50579093837
test,33340.50579093837
test,33330.50563923143
test,33340.50579093837
test,33300.50518411061
test,33340.50579093837
test,33340.50579093837
test,33350.50594264531
test,33400.506701180006
test,33420.50700459389
test,33300.50518411061
test,33340.50579093837
test,33340.50579093837
test,33310.50533581755
test,33370.50624605919
test,33370.50624605919
test,33360.50609435225
test,33350.50594264531
test,33330.50563923143
test,33400.506701180006
test,33300.50518411061
test,33350.50594264531
test,33330.50563923143
test,33370.50624605919
test,33330.50563923143
test,33370.50624605919
test,33360.50609435225
test,33370.50624605919
test,33290.505032403664
test,33410.50685288695
test,33420.50700459389
test,33380.50639776613
test,37710.5720868712
test,33330.50563923143
test,33420.50700459389
test,33400.506701180006
test,33380.50639776613
test,33460.50761142165
test,33470.50776312859
test,33470.50776312859
test,33410.50685288695
test,33430.50715630083
test,33410.50685288695
test,33400.506701180006
test,33420.50700459389
test,33390.506549473066
test,33430.50715630083
test,33410.50685288695
test,38000.57648637246
test,33510.50836995635
test,33450.50745971471
test,33450.50745971471
test,33470.50776312859
test,33460.50761142165
test,33480.50791483553
test,33460.50761142165
test,33450.50745971471
test,33400.506701180006
test,33460.50761142165
test,33460.50761142165
test,33530.508673370234
test,33470.50776312859
test,33500.50821824941
test,33510.50836995635
test,33520.50852166329
test,33490.50806654247
test,33480.50791483553
test,33520.50852166329
test,33410.50685288695
test,33430.50715630083
test,33430.50715630083
test,33390.506549473066
test,33410.50685288695
test,33370.50624605919
test,33370.50624605919
test,33420.50700459389
test,33400.506701180006
test,33420.50700459389
test,33440.50730800777
test,33450.50745971471
test,33460.50761142165
test,33440.50730800777
test,33370.50624605919
test,33450.50745971471
test,33420.50700459389
test,33380.50639776613
test,33370.50624605919
test,33370.50624605919
test,33360.50609435225
test,33390.506549473066
test,33390.506549473066
test,33360.50609435225
test,33320.50548752449
test,33360.50609435225
test,33360.50609435225
test,33320.50548752449
test,33330.50563923143
test,33280.504880696724
test,33310.50533581755
test,33290.505032403664
test,33340.50579093837
test,33360.50609435225
test,33320.50548752449
test,33290.505032403664
test,33320.50548752449
test,33280.504880696724
test,33280.504880696724
test,33320.50548752449
test,33300.50518411061
test,33310.50533581755
test,33350.50594264531
test,34970.53051916961
test,33490.50806654247
test,33350.50594264531
test,33330.50563923143
test,37900.57496930307
test,33360.50609435225
test,33420.50700459389
test,33370.50624605919
test,33360.50609435225
test,33370.50624605919
test,33360.50609435225
test,33340.50579093837
test,33310.50533581755
test,33420.50700459389
test,33310.50533581755
test,33340.50579093837
test,33310.50533581755
test,33310.50533581755
test,33330.50563923143
test,33390.506549473066
test,33490.50806654247
test,33430.50715630083
test,33360.50609435225
test,33400.506701180006
test,33430.50715630083
test,33430.50715630083
test,33390.506549473066
test,33410.50685288695
test,33480.50791483553
test,33390.506549473066
test,33420.50700459389
test,33360.50609435225
test,33340.50579093837
test,33360.50609435225
test,33410.50685288695
test,33360.50609435225
test,33360.50609435225
test,33440.50730800777
test,33380.50639776613
test,33410.50685288695
test,33370.50624605919
test,33340.50579093837
test,33450.50745971471
test,33450.50745971471
test,33410.50685288695
test,33480.50791483553
test,33410.50685288695
test,37980.57618295858
test,33410.50685288695
test,33440.50730800777
test,33380.50639776613
test,33390.506549473066
test,33390.506549473066
test,33430.50715630083
test,33370.50624605919
test,33380.50639776613
test,33360.50609435225
test,33390.506549473066
test,33370.50624605919
test,33330.50563923143
test,33360.50609435225
test,35400.53704256803
test,33410.50685288695
test,33320.50548752449
test,33410.50685288695
test,33330.50563923143
test,33310.50533581755
test,33320.50548752449
test,33350.50594264531
test,33360.50609435225
test,33360.50609435225
test,33400.506701180006
test,33380.50639776613
test,33370.50624605919
test,33410.50685288695
test,33400.506701180006
test,33390.506549473066
test,37730.57239028508
test,33390.506549473066
test,33440.50730800777
test,33360.50609435225
test,33350.50594264531
test,33270.504728989785
test,33330.50563923143
test,33310.50533581755
test,33310.50533581755
test,33350.50594264531
test,33290.505032403664
test,33500.50821824941
test,33870.51383140619
test,34250.51959626992
test,38820.58892634155
test,34610.525057719766
test,33580.50943190493
test,33430.50715630083
test,33440.50730800777
test,33450.50745971471
test,33460.50761142165
test,33440.50730800777
test,33470.50776312859
test,33460.50761142165
test,33440.50730800777
test,33400.506701180006
test,33440.50730800777
test,33440.50730800777
test,33430.50715630083
test,33450.50745971471
test,33420.50700459389
test,33480.50791483553
test,33420.50700459389
test,33380.50639776613
test,33470.50776312859
test,33450.50745971471
test,33490.50806654247
test,33490.50806654247
test,33470.50776312859
test,33530.508673370234
test,33490.50806654247
test,33470.50776312859
test,33450.50745971471
test,39140.59378096364
test,33600.50973531881
test,33500.50821824941
test,33460.50761142165
test,33470.50776312859
test,33490.50806654247
test,33480.50791483553
test,33550.50897678411
test,33510.50836995635
test,33500.50821824941
test,37970.57603125164
test,33480.50791483553
test,33470.50776312859
test,33450.50745971471
test,33600.50973531881
test,33600.50973531881
test,33540.50882507717
test,33580.50943190493
test,33570.50928019799
test,33530.508673370234
test,33500.50821824941
test,33530.508673370234
test,33530.508673370234
test,33550.50897678411
test,33580.50943190493
test,33570.50928019799
test,33560.50912849105
test,33560.50912849105
test,33560.50912849105
test,37860.5743624753
test,33520.50852166329
test,33480.50791483553
test,33470.50776312859
test,33450.50745971471
test,33480.50791483553
test,33490.50806654247
test,33570.50928019799
test,33470.50776312859
test,33490.50806654247
test,33450.50745971471
test,33490.50806654247
test,33440.50730800777
test,33560.50912849105
test,37690.57178345732
test,33470.50776312859
test,33460.50761142165
test,33420.50700459389
test,33420.50700459389
test,33740.51185921597
test,33550.50897678411
test,33500.50821824941
test,33490.50806654247
test,33530.508673370234
test,33550.50897678411
test,33640.51034214657
test,33530.508673370234
test,37460.5682941977
test,39140.59378096364
test,34560.52429918506
test,33610.50988702575
test,33540.50882507717
test,33470.50776312859
test,33700.51125238821
test,33790.512617750675
test,33920.514589940896
test,33610.50988702575
test,33770.5123143368
test,33790.512617750675
test,33910.51443823396
test,34460.52278211566
test,34410.52202358096
test,33710.51140409515
test,33730.51170750903
test,34620.525209426705
test,34090.517168958875
test,34060.51671383806
test,33930.514741647836
test,34000.51580359642
test,34070.516865544996
test,34250.51959626992
test,34260.51974797686
test,34590.52475430589
test,33980.51550018253
test,34290.52020309768
test,34760.527333323866
test,38730.5875609791
test,34070.516865544996
test,33980.51550018253
test,34110.517472372754
test,33830.51322457843
test,33790.512617750675
test,34290.52020309768
test,34610.525057719766
test,35440.537649395796
test,35950.54538644974
test,36080.54735863996
test,34520.5236923573
test,34710.52657478917
test,34630.525361133645
test,34640.525512840584
test,34630.525361133645
test,34660.52581625446
test,35990.5459932775
test,36000.54614498444
test,35280.53522208475
test,35290.53537379169
test,35670.54113865542
test,38370.58209952925
test,35480.53825622355
test,34890.52930551409
test,34700.52642308222
test,34800.52794015162
test,34910.529608927965
test,34810.52809185856
test,34860.52885039327
test,34810.52809185856
test,34710.52657478917
test,34750.527181616926
test,34740.52702990999
test,34710.52657478917
test,34840.52854697939
test,39860.604703863326
test,34750.527181616926
test,34770.527485030805
test,34730.52687820305
test,34830.52839527245
test,34820.5282435655
test,34770.527485030805
test,34740.52702990999
test,34620.525209426705
test,34520.5236923573
test,33940.514893354775
test,33880.51398311313
test,33920.514589940896
test,33840.51337628537
test,38960.59105023872
test,34020.5161070103
test,34020.5161070103
test,34000.51580359642
test,33970.515348475594
test,33910.51443823396
test,33960.515196768654
test,33910.51443823396
test,33820.513072871494
test,33990.51565188947
test,33640.51034214657
test,33650.510493853515
test,33400.506701180006
test,33510.50836995635
test,33460.50761142165
test,33740.51185921597
test,33420.50700459389
test,33680.51094897433
test,33600.50973531881
test,33650.510493853515
test,33400.506701180006
test,33350.50594264531
test,33290.505032403664
test,33420.50700459389
test,33410.50685288695
test,33360.50609435225
test,33420.50700459389
test,33380.50639776613
test,38090.577851734924
test,33400.506701180006
test,33370.50624605919
test,33510.50836995635
test,33480.50791483553
test,33520.50852166329
test,33490.50806654247
test,33450.50745971471
test,33500.50821824941
test,33750.51201092291
test,33880.51398311313
test,34300.52035480462
test,34230.519292856035
test,33660.510645560455
test,33340.50579093837
test,33330.50563923143
test,33390.506549473066
test,33990.51565188947
test,33730.51170750903
test,33510.50836995635
test,33620.51003873269
test,33410.50685288695
test,33530.508673370234
test,33670.510797267394
test,34420.5221752879
test,33780.512466043736
test,34860.52885039327
test,34260.51974797686
test,33920.514589940896
test,33940.514893354775
test,33970.515348475594
test,33880.51398311313
test,33950.515045061715
test,33810.512921164554
test,33780.512466043736
test,33750.51201092291
test,33740.51185921597
test,33700.51125238821
test,35610.540228413774
test,34700.52642308222
test,35200.53400842923
test,34890.52930551409
test,34640.525512840584
test,34580.52460259894
test,34730.52687820305
test,34720.52672649611
test,34690.52627137528
test,34680.52611966834
test,35280.53522208475
test,35050.531732825126
test,34690.52627137528
test,35680.54129036236
test,35620.540380120714
test,35030.53142941125
test,34830.52839527245
test,34660.52581625446
test,34860.52885039327
test,34840.52854697939
test,34780.527636737745
test,34570.524450892
test,40280.611075554814
test,34610.525057719766
test,34520.5236923573
test,34460.52278211566
test,34570.524450892
test,34540.52399577118
test,34590.52475430589
test,34710.52657478917
test,34960.53036746267
test,35380.53673915415
test,35700.54159377624
test,35640.54068353459
test,35800.54311084564
test,35850.54386938034
test,35940.5452347428
test,35550.53931817214
test,35170.53355330841
test,39700.60227655229
test,34770.527485030805
test,34750.527181616926
test,34780.527636737745
test,34730.52687820305
test,34670.5259679614
test,34690.52627137528
test,34670.5259679614
test,34640.525512840584
test,34090.517168958875
test,34100.517320665815
test,34120.5176240797
test,34110.517472372754
test,39050.592415601175
test,34140.51792749358
test,34060.51671383806
test,34070.516865544996
test,34130.51777578664
test,34080.517017251936
test,34050.51656213112
test,34050.51656213112
test,34050.51656213112
test,33880.51398311313
test,34080.517017251936
test,33460.50761142165
test,33420.50700459389
test,33420.50700459389
test,33360.50609435225
test,33360.50609435225
test,33340.50579093837
test,33350.50594264531
test,33370.50624605919
test,33410.50685288695
test,33480.50791483553
test,33430.50715630083
test,33310.50533581755
test,35220.53431184311
test,33390.506549473066
test,33390.506549473066
test,33370.50624605919
test,33370.50624605919
test,33410.50685288695
test,33460.50761142165
test,33470.50776312859
test,33550.50897678411
test,33480.50791483553
test,33500.50821824941
test,33470.50776312859
test,33450.50745971471
test,33450.50745971471
test,33530.508673370234
test,33440.50730800777
test,37900.57496930307
test,33520.50852166329
test,33480.50791483553
test,33390.506549473066
test,33540.50882507717
test,33390.506549473066
test,33440.50730800777
test,33330.50563923143
test,33400.506701180006
test,33480.50791483553
test,33520.50852166329
test,33490.50806654247
test,33490.50806654247
test,33740.51185921597
test,33620.51003873269
test,33570.50928019799
test,33450.50745971471
test,33420.50700459389
test,33510.50836995635
test,33470.50776312859
test,33660.510645560455
test,33740.51185921597
test,33430.50715630083
test,33490.50806654247
test,33370.50624605919
test,33430.50715630083
test,33440.50730800777
test,33430.50715630083
test,33360.50609435225
test,37740.57254199202
test,33400.506701180006
test,33560.50912849105
test,33520.50852166329
test,33580.50943190493
test,34230.519292856035
test,33580.50943190493
test,33440.50730800777
test,33410.50685288695
test,33490.50806654247
test,34250.51959626992
test,34210.51898944216
test,33500.50821824941
test,38530.58452684029
test,33590.50958361187
test,33690.51110068127
test,33720.51155580209
test,33540.50882507717
test,33660.510645560455
test,33650.510493853515
test,34200.51883773522
test,34150.51807920052
test,33690.51110068127
test,33730.51170750903
test,34470.522933822605
test,34520.5236923573
test,33590.50958361187
test,33620.51003873269
test,33640.51034214657
test,33550.50897678411
test,39160.59408437752
test,33590.50958361187
test,33680.51094897433
test,34030.51625871724
test,34740.52702990999
test,34610.525057719766
test,34400.52187187402
test,34180.51853432134
test,34650.525664547524
test,34270.5198996838
test,34290.52020309768
test,34510.52354065036
test,34390.52172016708
test,34350.52111333932
test,35000.53097429043
test,34620.525209426705
test,35270.53507037781
test,35350.53628403333
test,34870.52900210021
test,35450.537801102735
test,34740.52702990999
test,34660.52581625446
test,34730.52687820305
test,34660.52581625446
test,34650.525664547524
test,34650.525664547524
test,34760.527333323866
test,34770.527485030805
test,34390.52172016708
test,34350.52111333932
test,34370.5214167532
test,34450.52263040872
test,34340.52096163238
test,38890.589988290136
test,34370.5214167532
test,34320.5206582185
test,34270.5198996838
test,34320.5206582185
test,34330.52080992544
test,34340.52096163238
test,34100.517320665815
test,34100.517320665815
test,33520.50852166329
test,33550.50897678411
test,33590.50958361187
test,33550.50897678411
test,33590.50958361187
test,37840.57405906142
test,33570.50928019799
test,33570.50928019799
test,33560.50912849105
test,33520.50852166329
test,33520.50852166329
test,33550.50897678411
test,33560.50912849105
test,33540.50882507717
test,33330.50563923143
test,33390.506549473066
test,33400.506701180006
test,33370.50624605919
test,33430.50715630083
test,33370.50624605919
test,33430.50715630083
test,33460.50761142165
test,33440.50730800777
test,33390.506549473066
test,33440.50730800777
test,33410.50685288695
test,33440.50730800777
test,33430.50715630083
test,33350.50594264531
test,33470.50776312859
test,33440.50730800777
test,33460.50761142165
test,33360.50609435225
test,33380.50639776613
test,33350.50594264531
test,33350.50594264531
test,33350.50594264531
test,33410.50685288695
test,35010.53112599737
test,33380.50639776613
test,33370.50624605919
test,33380.50639776613
test,33410.50685288695
test,33370.50624605919
test,33340.50579093837
test,33350.50594264531
test,33390.506549473066
test,33400.506701180006
test,33360.50609435225
test,33330.50563923143
test,33310.50533581755
test,33290.505032403664
test,33380.50639776613
test,33330.50563923143
test,33340.50579093837
test,33370.50624605919
test,33330.50563923143
test,33380.50639776613
test,33370.50624605919
test,33360.50609435225
test,33280.504880696724
test,33340.50579093837
test,33340.50579093837
test,33450.50745971471
test,33340.50579093837
test,33390.506549473066
test,33330.50563923143
test,33340.50579093837
test,33420.50700459389
test,33330.50563923143
test,33350.50594264531
test,33350.50594264531
test,33420.50700459389
test,33350.50594264531
test,33330.50563923143
test,33380.50639776613
test,33340.50579093837
test,33380.50639776613
test,33380.50639776613
test,37650.57117662956
test,33360.50609435225
test,33410.50685288695
test,33350.50594264531
test,33380.50639776613
test,33370.50624605919
test,33360.50609435225
test,33410.50685288695
test,33430.50715630083
test,33440.50730800777
test,35120.53279477371
test,33590.50958361187
test,33350.50594264531
test,33430.50715630083
test,33360.50609435225
test,37790.573300526725
test,33500.50821824941
test,33400.506701180006
test,33470.50776312859
test,33480.50791483553
test,33380.50639776613
test,33400.506701180006
test,33510.50836995635
test,33420.50700459389
test,33370.50624605919
test,33410.50685288695
test,33370.50624605919
test,38450.58331318477
test,33440.50730800777
test,33430.50715630083
test,33400.506701180006
test,33460.50761142165
test,33470.50776312859
test,33450.50745971471
test,33420.50700459389
test,33390.506549473066
test,33420.50700459389
test,33420.50700459389
test,33370.50624605919
test,33380.50639776613
test,33370.50624605919
test,33380.50639776613
test,37700.57193516426
test,33460.50761142165
test,33500.50821824941
test,33370.50624605919
test,33480.50791483553
test,33470.50776312859
test,33430.50715630083
test,33360.50609435225
test,33420.50700459389
test,33390.506549473066
test,33390.506549473066
test,33430.50715630083
test,33380.50639776613
test,33350.50594264531
test,37690.57178345732
test,33380.50639776613
test,33490.50806654247
test,33460.50761142165
test,33400.506701180006
test,33380.50639776613
test,33420.50700459389
test,33390.506549473066
test,33370.50624605919
test,33350.50594264531
test,33370.50624605919
test,33370.50624605919
test,33330.50563923143
test,33350.50594264531
test,33330.50563923143
test,33360.50609435225
test,35050.531732825126
test,33470.50776312859
test,33430.50715630083
test,37720.57223857814
test,33390.506549473066
test,33370.50624605919
test,33370.50624605919
test,33320.50548752449
test,33340.50579093837
test,33360.50609435225
test,33390.506549473066
test,33380.50639776613
test,33440.50730800777
test,33360.50609435225
test,33340.50579093837
test,33420.50700459389
test,33340.50579093837
test,33340.50579093837
test,33330.50563923143
test,37610.5705698018
test,33370.50624605919
test,33400.506701180006
test,33300.50518411061
test,33320.50548752449
test,33360.50609435225
test,33390.506549473066
test,33350.50594264531
test,33330.50563923143
test,33390.506549473066
test,33370.50624605919
test,33350.50594264531
test,33290.505032403664
test,33380.50639776613
test,33380.50639776613
test,33420.50700459389
test,37620.57072150874
test,33350.50594264531
test,33400.506701180006
test,33410.50685288695
test,33440.50730800777
test,33430.50715630083
test,33410.50685288695
test,33390.506549473066
test,33350.50594264531
test,33430.50715630083
test,33420.50700459389
test,33430.50715630083
test,33440.50730800777
test,33400.506701180006
test,33380.50639776613
test,33370.50624605919
test,33440.50730800777
test,33380.50639776613
test,37820.57375564754
test,33450.50745971471
test,33430.50715630083
test,33420.50700459389
test,33440.50730800777
test,33430.50715630083
test,33420.50700459389
test,33420.50700459389
test,33360.50609435225
test,33410.50685288695
test,33350.50594264531
test,33360.50609435225
test,33380.50639776613
test,33410.50685288695
test,33420.50700459389
test,33530.508673370234
test,33430.50715630083
test,33440.50730800777
test,33380.50639776613
test,33440.50730800777
test,33430.50715630083
test,33390.506549473066
test,33410.50685288695
test,33380.50639776613
test,33400.506701180006
test,33450.50745971471
test,33380.50639776613
test,33380.50639776613
test,37670.57148004344
test,33460.50761142165
test,33430.50715630083
test,33340.50579093837
test,33320.50548752449
test,33380.50639776613
test,33380.50639776613
test,33340.50579093837
test,33380.50639776613
test,33310.50533581755
test,33340.50579093837
test,33340.50579093837
test,33280.504880696724
test,33320.50548752449
test,33300.50518411061
test,33400.506701180006
test,33370.50624605919
test,33390.506549473066
test,37790.573300526725
test,33350.50594264531
test,33440.50730800777
test,33360.50609435225
test,33330.50563923143
test,33310.50533581755
test,33380.50639776613
test,33380.50639776613
test,33320.50548752449
test,33370.50624605919
test,33350.50594264531
test,33390.506549473066
test,33410.50685288695
test,33400.506701180006
test,33400.506701180006
test,33380.50639776613
test,33410.50685288695
test,33370.50624605919
test,33350.50594264531
test,33350.50594264531
test,33360.50609435225
test,33350.50594264531
test,33400.506701180006
test,33390.506549473066
test,33350.50594264531
test,34950.53021575573
test,33360.50609435225
test,33380.50639776613
test,37990.57633466552
test,33450.50745971471
test,33550.50897678411
test,33440.50730800777
test,33470.50776312859
test,33460.50761142165
test,33450.50745971471
test,33490.50806654247
test,33410.50685288695
test,33430.50715630083
test,33440.50730800777
test,33410.50685288695
test,33390.506549473066
test,33450.50745971471
test,33430.50715630083
test,33420.50700459389
test,33460.50761142165
test,33390.506549473066
test,33380.50639776613
test,33400.506701180006
test,33350.50594264531
test,33390.506549473066
test,33370.50624605919
test,33350.50594264531
test,33370.50624605919
test,33380.50639776613
test,33390.506549473066
test,33440.50730800777
test,33380.50639776613
test,33360.50609435225
test,33380.50639776613
test,33380.50639776613
test,33360.50609435225
test,33370.50624605919
test,33380.50639776613
test,33370.50624605919
test,33380.50639776613
test,33460.50761142165
test,33400.506701180006
test,33370.50624605919
test,33380.50639776613
test,33400.506701180006
test,33390.506549473066
test,33360.50609435225
test,33370.50624605919
test,33340.50579093837
test,33360.50609435225
test,33450.50745971471
test,33360.50609435225
test,33380.50639776613
test,33310.50533581755
test,33430.50715630083
test,33360.50609435225
test,38010.57663807941
test,33460.50761142165
test,33370.50624605919
test,33330.50563923143
test,33330.50563923143
test,33330.50563923143
test,33340.50579093837
test,33320.50548752449
test,33380.50639776613
test,33370.50624605919
test,33370.50624605919
test,33360.50609435225
test,33420.50700459389
test,33400.506701180006
test,34970.53051916961
test,33440.50730800777
test,33450.50745971471
test,33500.50821824941
test,33420.50700459389
test,33350.50594264531
test,33480.50791483553
test,33400.506701180006
test,33390.506549473066
test,33360.50609435225
test,33390.506549473066
test,33390.506549473066
test,33420.50700459389
test,33400.506701180006
test,33400.506701180006
test,33410.50685288695
test,33450.50745971471
test,33470.50776312859
test,33480.50791483553
test,33430.50715630083
test,33390.506549473066
test,33350.50594264531
test,33420.50700459389
test,33370.50624605919
test,33430.50715630083
test,33470.50776312859
test,33420.50700459389
test,33500.50821824941
test,33490.50806654247
test,33440.50730800777
test,33440.50730800777
test,37780.573148819785
test,33440.50730800777
test,33490.50806654247
test,33510.50836995635
test,33370.50624605919
test,33450.50745971471
test,33440.50730800777
test,33430.50715630083
test,33490.50806654247
test,33430.50715630083
test,33420.50700459389
test,33380.50639776613
test,33410.50685288695
test,33360.50609435225
test,33570.50928019799
test,33510.50836995635
test,33450.50745971471
test,33400.506701180006
test,33430.50715630083
test,33380.50639776613
test,33370.50624605919
test,33410.50685288695
test,33370.50624605919
test,33360.50609435225
test,33380.50639776613
test,33400.506701180006
test,33390.506549473066
test,33400.506701180006
test,33340.50579093837
test,33370.50624605919
test,33370.50624605919
test,33330.50563923143
test,33380.50639776613
test,33380.50639776613
test,33410.50685288695
test,37770.572997112846
test,33550.50897678411
test,33400.506701180006
test,33470.50776312859
test,33430.50715630083
test,33410.50685288695
test,33380.50639776613
test,33400.506701180006
test,33390.506549473066
test,33390.506549473066
test,33370.50624605919
test,33440.50730800777
test,33360.50609435225
test,33400.506701180006
test,33390.506549473066
test,33360.50609435225
test,33260.504577282845
test,33310.50533581755
test,33400.506701180006
test,33350.50594264531
test,33380.50639776613
test,33360.50609435225
test,33360.50609435225
test,33340.50579093837
test,33400.506701180006
test,33300.50518411061
test,33360.50609435225
test,33350.50594264531
test,33350.50594264531
test,33440.50730800777
test,33380.50639776613
test,33500.50821824941
test,33420.50700459389
test,33420.50700459389
test,33420.50700459389
test,33400.506701180006
test,33390.506549473066
test,33420.50700459389
test,33340.50579093837
test,33380.50639776613
test,33390.506549473066
test,33470.50776312859
test,37710.5720868712
test,33400.506701180006
test,33440.50730800777
test,33570.50928019799
test,33450.50745971471
test,33410.50685288695
test,33370.50624605919
test,33420.50700459389
test,33420.50700459389
test,33420.50700459389
test,33390.506549473066
test,33420.50700459389
test,33440.50730800777
test,33430.50715630083
test,35030.53142941125
test,33520.50852166329
test,33390.506549473066
test,33370.50624605919
test,37930.575424423885
test,33430.50715630083
test,33430.50715630083
test,33500.50821824941
test,33380.50639776613
test,33470.50776312859
test,33410.50685288695
test,33410.50685288695
test,33370.50624605919
test,33380.50639776613
test,33380.50639776613
test,33410.50685288695
test,33470.50776312859
test,37810.573603940604
test,33440.50730800777
test,33420.50700459389
test,33380.50639776613
test,33400.506701180006
test,33360.50609435225
test,33350.50594264531
test,33390.506549473066
test,33360.50609435225
test,33450.50745971471
test,33390.506549473066
test,33420.50700459389
test,33320.50548752449
test,33350.50594264531
test,33370.50624605919
test,33410.50685288695
test,33410.50685288695
test,33370.50624605919
test,33370.50624605919
test,33430.50715630083
test,33360.50609435225
test,33400.506701180006
test,33410.50685288695
test,33430.50715630083
test,33330.50563923143
test,33380.50639776613
test,33420.50700459389
test,33370.50624605919
test,33360.50609435225
test,33330.50563923143
test,33360.50609435225
test,33430.50715630083
test,33360.50609435225
test,33360.50609435225
test,33400.506701180006
test,33400.506701180006
test,33350.50594264531
test,33330.50563923143
test,37640.57102492262
test,33460.50761142165
test,33430.50715630083
test,33420.50700459389
test,33370.50624605919
test,33380.50639776613
test,33400.506701180006
test,33360.50609435225
test,33410.50685288695
test,33330.50563923143
test,33320.50548752449
test,33350.50594264531
test,35000.53097429043
test,33390.506549473066
test,33360.50609435225
test,33330.50563923143
test,33350.50594264531
test,33330.50563923143
test,37760.5728454059
test,33460.50761142165
test,33420.50700459389
test,33450.50745971471
test,33380.50639776613
test,33390.506549473066
test,33370.50624605919
test,33380.50639776613
test,33490.50806654247
test,33580.50943190493
test,33470.50776312859
test,33370.50624605919
test,33420.50700459389
test,33410.50685288695
test,33390.506549473066
test,33410.50685288695
test,33360.50609435225
test,33390.506549473066
test,33380.50639776613
test,33370.50624605919
test,33390.506549473066
test,33530.508673370234
test,33490.50806654247
test,33450.50745971471
test,33370.50624605919
test,33360.50609435225
test,37820.57375564754
test,33380.50639776613
test,33420.50700459389
test,33360.50609435225
test,33350.50594264531
test,33370.50624605919
test,33340.50579093837
test,33370.50624605919
test,33350.50594264531
test,33460.50761142165
test,33310.50533581755
test,33390.506549473066
test,33320.50548752449
test,33400.506701180006
test,33430.50715630083
test,33340.50579093837
test,38070.577548321045
test,33340.50579093837
test,33360.50609435225
test,33350.50594264531
test,33370.50624605919
test,33380.50639776613
test,33360.50609435225
test,33310.50533581755
test,33360.50609435225
test,33290.505032403664
test,33310.50533581755
test,33340.50579093837
test,33370.50624605919
test,34990.53082258349
test,33330.50563923143
test,33350.50594264531
test,33310.50533581755
test,37570.56996297404
test,33320.50548752449
test,33320.50548752449
test,33370.50624605919
test,33310.50533581755
test,33280.504880696724
test,33340.50579093837
test,33330.50563923143
test,33330.50563923143
test,33360.50609435225
test,33320.50548752449
test,33350.50594264531
test,33370.50624605919
test,33330.50563923143
test,33310.50533581755
test,33210.50381874815
test,33250.504425575906
test,33270.504728989785
test,33330.50563923143
test,33300.50518411061
test,33240.504273868966
test,33260.504577282845
test,33220.50397045509
test,33290.505032403664
test,33240.504273868966
test,33300.50518411061
test,33260.504577282845
test,33280.504880696724
test,33220.50397045509
test,37690.57178345732
test,33350.50594264531
test,33340.50579093837
test,33390.506549473066
test,33360.50609435225
test,33370.50624605919
test,33370.50624605919
test,33400.506701180006
test,33370.50624605919
test,33350.50594264531
test,33380.50639776613
test,33390.506549473066
test,33380.50639776613
test,33420.50700459389
test,33370.50624605919
test,33360.50609435225
test,33370.50624605919
test,38350.581796115366
test,33410.50685288695
test,33380.50639776613
test,33370.50624605919
test,33360.50609435225
test,33330.50563923143
test,33340.50579093837
test,33320.50548752449
test,33350.50594264531
test,33330.50563923143
test,33360.50609435225
test,33380.50639776613
test,33360.50609435225
test,35220.53431184311
test,33420.50700459389
test,33320.50548752449
test,33370.50624605919
test,33410.50685288695
test,33350.50594264531
test,33370.50624605919
test,33390.506549473066
test,33350.50594264531
test,33410.50685288695
test,33340.50579093837
test,33370.50624605919
test,33400.506701180006
test,33320.50548752449
test,33390.506549473066
test,33380.50639776613
test,33350.50594264531
test,33360.50609435225
test,33320.50548752449
test,33380.50639776613
test,37780.573148819785
test,33290.505032403664
test,33290.505032403664
test,33330.50563923143
test,33330.50563923143
test,33330.50563923143
test,33300.50518411061
test,33320.50548752449
test,33330.50563923143
test,33340.50579093837
test,33280.504880696724
test,33270.504728989785
test,33290.505032403664
test,33350.50594264531
test,33300.50518411061
test,33380.50639776613
test,33340.50579093837
test,33360.50609435225
test,33370.50624605919
test,33380.50639776613
test,33460.50761142165
test,33340.50579093837
test,33280.504880696724
test,33260.504577282845
test,33250.504425575906
test,33330.50563923143
test,33260.504577282845
test,37830.57390735448
test,33270.504728989785
test,33310.50533581755
test,33290.505032403664
test,33300.50518411061
test,33300.50518411061
test,33300.50518411061
test,33350.50594264531
test,33360.50609435225
test,33350.50594264531
test,33360.50609435225
test,33310.50533581755
test,33430.50715630083
test,33420.50700459389
test,37780.573148819785
test,33370.50624605919
test,33370.50624605919
test,33360.50609435225
test,33350.50594264531
test,33330.50563923143
test,33370.50624605919
test,33420.50700459389
test,33390.506549473066
test,33410.50685288695
test,33330.50563923143
test,33390.506549473066
test,33390.506549473066
test,33440.50730800777
test,33360.50609435225
test,33360.50609435225
test,33360.50609435225
test,33380.50639776613
test,33370.50624605919
test,33420.50700459389
test,33410.50685288695
test,33380.50639776613
test,33370.50624605919
test,33350.50594264531
test,33320.50548752449
test,33340.50579093837
test,33450.50745971471
test,33400.506701180006
test,33370.50624605919
test,33390.506549473066
test,33370.50624605919
test,33430.50715630083
test,33610.50988702575
test,33410.50685288695
test,33350.50594264531
test,33370.50624605919
test,33340.50579093837
test,33350.50594264531
test,33360.50609435225
test,37660.571328336504
test,33380.50639776613
test,33350.50594264531
test,33430.50715630083
test,33410.50685288695
test,33380.50639776613
test,33380.50639776613
test,33420.50700459389
test,33410.50685288695
test,33360.50609435225
test,33380.50639776613
test,33410.50685288695
test,33370.50624605919
test,33360.50609435225
test,33310.50533581755
test,33320.50548752449
test,33450.50745971471
test,33420.50700459389
test,37810.573603940604
test,33330.50563923143
test,33320.50548752449
test,33380.50639776613
test,33330.50563923143
test,33290.505032403664
test,33300.50518411061
test,33280.504880696724
test,33300.50518411061
test,33300.50518411061
test,33350.50594264531
test,33300.50518411061
test,38590.58543708193
test,33380.50639776613
test,33370.50624605919
test,33390.506549473066
test,33400.506701180006
test,33310.50533581755
test,33360.50609435225
test,33340.50579093837
test,33340.50579093837
test,33350.50594264531
test,33340.50579093837
test,33300.50518411061
test,33280.504880696724
test,33330.50563923143
test,33300.50518411061
test,33240.504273868966
test,38040.57709320023
test,33350.50594264531
test,33410.50685288695
test,33330.50563923143
test,33320.50548752449
test,33370.50624605919
test,33440.50730800777
test,33410.50685288695
test,33450.50745971471
test,33510.50836995635
test,33570.50928019799
test,33540.50882507717
test,33560.50912849105
test,33660.510645560455
test,33590.50958361187
test,33570.50928019799
test,37800.573452233664
test,33510.50836995635
test,33500.50821824941
test,33530.508673370234
test,33500.50821824941
test,33510.50836995635
test,33490.50806654247
test,33570.50928019799
test,34520.5236923573
test,34760.527333323866
test,34800.52794015162
test,34840.52854697939
test,34870.52900210021
test,34850.52869868633
test,36380.55190984817
test,34450.52263040872
test,34120.5176240797
test,33560.50912849105
test,33560.50912849105
test,33670.510797267394
test,33510.50836995635
test,33560.50912849105
test,33540.50882507717
test,33560.50912849105
test,33610.50988702575
test,34540.52399577118
test,34090.517168958875
test,34120.5176240797
test,34130.51777578664
test,34150.51807920052
test,34130.51777578664
test,34100.517320665815
test,34090.517168958875
test,34130.51777578664
test,34130.51777578664
test,34110.517472372754
test,34140.51792749358
test,34090.517168958875
test,34100.517320665815
test,34160.51823090746
test,34090.517168958875
test,33870.51383140619
test,33700.51125238821
test,33690.51110068127
test,33690.51110068127
test,33660.510645560455
test,33570.50928019799
test,38370.58209952925
test,33590.50958361187
test,33560.50912849105
test,33600.50973531881
test,33570.50928019799
test,33670.510797267394
test,34040.51641042418
test,34470.522933822605
test,34670.5259679614
test,34620.525209426705
test,33940.514893354775
test,33760.51216262985
test,33740.51185921597
test,33430.50715630083
test,33400.506701180006
test,33450.50745971471
test,33480.50791483553
test,33560.50912849105
test,33490.50806654247
test,33490.50806654247
test,33550.50897678411
test,33500.50821824941
test,33520.50852166329
test,33540.50882507717
test,33460.50761142165
test,33410.50685288695
test,33520.50852166329
test,33870.51383140619
test,33870.51383140619
test,33920.514589940896
test,33880.51398311313
test,33890.51413482008
test,35600.540076706835
test,33890.51413482008
test,33810.512921164554
test,33770.5123143368
test,33730.51170750903
test,33540.50882507717
test,33570.50928019799
test,33680.51094897433
test,33690.51110068127
test,33260.504577282845
test,33340.50579093837
test,33340.50579093837
test,33630.51019043963
test,33490.50806654247
test,33490.50806654247
test,33450.50745971471
test,33530.508673370234
test,33550.50897678411
test,33570.50928019799
test,33640.51034214657
test,33550.50897678411
test,33730.51170750903
test,34060.51671383806
test,34060.51671383806
test,33740.51185921597
test,40010.60697946743
test,33690.51110068127
test,33480.50791483553
test,33510.50836995635
test,33580.50943190493
test,34420.5221752879
test,33710.51140409515
test,33800.512769457615
test,33800.512769457615
test,33940.514893354775
test,33800.512769457615
test,33800.512769457615
test,33780.512466043736
test,33690.51110068127
test,33800.512769457615
test,34130.51777578664
test,34160.51823090746
test,40640.61653700466
test,34160.51823090746
test,34190.51868602828
test,34120.5176240797
test,34180.51853432134
test,34230.519292856035
test,34430.52232699484
test,34620.525209426705
test,34950.53021575573
test,34290.52020309768
test,34640.525512840584
test,34490.523237236484
test,34440.52247870178
test,36120.547965467726
test,34510.52354065036
test,34430.52232699484
test,34760.527333323866
test,35420.53734598192
test,35400.53704256803
test,35630.54053182765
test,36130.548117174665
test,35560.53946987908
test,34880.52915380715
test,35220.53431184311
test,35290.53537379169
test,35260.53491867087
test,35450.537801102735
test,35410.53719427497
test,35660.54098694848
test,35240.53461525699
test,35270.53507037781
test,35130.53294648065
test,35210.53416013617
test,35790.5429591387
test,36140.548268881605
test,36530.55418545227
test,37490.56874931852
test,37720.57223857814
test,36100.54766205384
test,35950.54538644974
test,36110.54781376078
test,36120.547965467726
test,35950.54538644974
test,35900.54462791504
test,35950.54538644974
test,36050.54690351914
test,35870.544172794216
test,36610.55539910779
test,36320.55099960652
test,36080.54735863996
test,36310.55084789958
test,36280.550392778765
test,36530.55418545227
test,36570.554792280025
test,36640.55585422861
test,36590.555095693904
test,41500.62958380151
test,36500.55373033145
test,36460.55312350368
test,36470.55327521062
test,36210.54933083018
test,35830.54356596646
test,35850.54386938034
test,35890.5444762081
test,36050.54690351914
test,36000.54614498444
test,35980.54584157056
test,35110.53264306677
test,35110.53264306677
test,35070.53203623901
test,39990.60667605355
test,35320.535828912514
test,35370.53658744721
test,35060.53188453207
test,35430.537497688856
test,35670.54113865542
test,35170.53355330841
test,35170.53355330841
test,35240.53461525699
test,35130.53294648065
test,35120.53279477371
test,35090.53233965289
test,35220.53431184311
test,35050.531732825126
test,35130.53294648065
test,34990.53082258349
test,34950.53021575573
test,35060.53188453207
test,35080.53218794595
test,35240.53461525699
test,36530.55418545227
test,36480.55342691757
test,36080.54735863996
test,35160.53340160147
test,35000.53097429043
test,34920.529760634905
test,34980.53067087655
test,34820.5282435655
test,34900.529457221026
test,34840.52854697939
test,34870.52900210021
test,34810.52809185856
test,34830.52839527245
test,34820.5282435655
test,34800.52794015162
test,34830.52839527245
test,34840.52854697939
test,34850.52869868633
test,35370.53658744721
test,34840.52854697939
test,34950.53021575573
test,34830.52839527245
test,34810.52809185856
test,34850.52869868633
test,34800.52794015162
test,34850.52869868633
test,34930.529912341844
test,34840.52854697939
test,35690.5414420693
test,34180.51853432134
test,34170.5183826144
test,34640.525512840584
test,34530.52384406424
test,34080.517017251936
test,39070.59271901506
test,34160.51823090746
test,34170.5183826144
test,34190.51868602828
test,34150.51807920052
test,34130.51777578664
test,34110.517472372754
test,34090.517168958875
test,34100.517320665815
test,34120.5176240797
test,34200.51883773522
test,33430.50715630083
test,33420.50700459389
test,33470.50776312859
test,33700.51125238821
test,33480.50791483553
test,37730.57239028508
test,33450.50745971471
test,33380.50639776613
test,33400.506701180006
test,33460.50761142165
test,33460.50761142165
test,33660.510645560455
test,33510.50836995635
test,33450.50745971471
test,33440.50730800777
test,33420.50700459389
test,33610.50988702575
test,33430.50715630083
test,33600.50973531881
test,33570.50928019799
test,33400.506701180006
test,33410.50685288695
test,33380.50639776613
test,33360.50609435225
test,33340.50579093837
test,33360.50609435225
test,33460.50761142165
test,33430.50715630083
test,33450.50745971471
test,33430.50715630083
test,33530.508673370234
test,33470.50776312859
test,37780.573148819785
test,33470.50776312859
test,33560.50912849105
test,33540.50882507717
test,33510.50836995635
test,33500.50821824941
test,33490.50806654247
test,33500.50821824941
test,33500.50821824941
test,33580.50943190493
test,33550.50897678411
test,33590.50958361187
test,34080.517017251936
test,36160.54857229548
test,34530.52384406424
test,34380.52156846014
test,33530.508673370234
test,33460.50761142165
test,33430.50715630083
test,33420.50700459389
test,33560.50912849105
test,33930.514741647836
test,34260.51974797686
test,34250.51959626992
test,34510.52354065036
test,34040.51641042418
test,34080.517017251936
test,34080.517017251936
test,34110.517472372754
test,34420.5221752879
test,34270.5198996838
test,34730.52687820305
test,33990.51565188947
test,34040.51641042418
test,34050.51656213112
test,34040.51641042418
test,33940.514893354775
test,33970.515348475594
test,33930.514741647836
test,34000.51580359642
test,33950.515045061715
test,34160.51823090746
test,38770.588167806854
test,34080.517017251936
test,34110.517472372754
test,33940.514893354775
test,33930.514741647836
test,34130.51777578664
test,34680.52611966834
test,35000.53097429043
test,34900.529457221026
test,34750.527181616926
test,34340.52096163238
test,34230.519292856035
test,33630.51019043963
test,33730.51170750903
test,33910.51443823396
test,34900.529457221026
test,35520.53886305131
test,35130.53294648065
test,33690.51110068127
test,33880.51398311313
test,33750.51201092291
test,33640.51034214657
test,33650.510493853515
test,33630.51019043963
test,33590.50958361187
test,33760.51216262985
test,34330.52080992544
test,34400.52187187402
test,34690.52627137528
test,34180.51853432134
test,34430.52232699484
test,36210.54933083018
test,34370.5214167532
test,34460.52278211566
test,35030.53142941125
test,34460.52278211566
test,34600.524906012826
test,34600.524906012826
test,34960.53036746267
test,35370.53658744721
test,34650.525664547524
test,34200.51883773522
test,34380.52156846014
test,33880.51398311313
test,33720.51155580209
test,33780.512466043736
test,33790.512617750675
test,34030.51625871724
test,34410.52202358096
test,38670.58665073745
test,33910.51443823396
test,33900.51428652702
test,33890.51413482008
test,33700.51125238821
test,33820.513072871494
test,34180.51853432134
test,34240.51944456298
test,34110.517472372754
test,34020.5161070103
test,34040.51641042418
test,34160.51823090746
test,34110.517472372754
test,34190.51868602828
test,34190.51868602828
test,34150.51807920052
test,34150.51807920052
test,34140.51792749358
test,34180.51853432134
test,34150.51807920052
test,33930.514741647836
test,34120.5176240797
test,33600.50973531881
test,33570.50928019799
test,33640.51034214657
test,33490.50806654247
test,33530.508673370234
test,33560.50912849105
test,33520.50852166329
test,33590.50958361187
test,33540.50882507717
test,33440.50730800777
test,33450.50745971471
test,33320.50548752449
test,33420.50700459389
test,33410.50685288695
test,33320.50548752449
test,33400.506701180006
test,33410.50685288695
test,33380.50639776613
test,33420.50700459389
test,33330.50563923143
test,33520.50852166329
test,33750.51201092291
test,33760.51216262985
test,34030.51625871724
test,33470.50776312859
test,33440.50730800777
test,33760.51216262985
test,33580.50943190493
test,33530.508673370234
test,37900.57496930307
test,33570.50928019799
test,33520.50852166329
test,33620.51003873269
test,33820.513072871494
test,33720.51155580209
test,33980.51550018253
test,33950.515045061715
test,33940.514893354775
test,33990.51565188947
test,34510.52354065036
test,34070.516865544996
test,34730.52687820305
test,35580.539773292956
test,35490.53840793049
test,35740.542200603995
test,34950.53021575573
test,34320.5206582185
test,34420.5221752879
test,34900.529457221026
test,34860.52885039327
test,34310.52050651156
test,34410.52202358096
test,39790.60364191475
test,34620.525209426705
test,34540.52399577118
test,34450.52263040872
test,34410.52202358096
test,34420.5221752879
test,34540.52399577118
test,35030.53142941125
test,34370.5214167532
test,34370.5214167532
test,34410.52202358096
test,35490.53840793049
test,37150.56359128255
test,35450.537801102735
test,35300.535525498635
test,35340.53613232639
test,35460.537952809675
test,35000.53097429043
test,35270.53507037781
test,35380.53673915415
test,35260.53491867087
test,35510.53871134437
test,35410.53719427497
test,35890.5444762081
test,36650.55600593555
test,36280.550392778765
test,35450.537801102735
test,35450.537801102735
test,35620.540380120714
test,35480.53825622355
test,35430.537497688856
test,35420.53734598192
test,36300.550696192644
test,35330.535980619454
test,34870.52900210021
test,34790.527788444684
test,34780.527636737745
test,34710.52657478917
test,34890.52930551409
test,34810.52809185856
test,34670.5259679614
test,34710.52657478917
test,34670.5259679614
test,34640.525512840584
test,34560.52429918506
test,34750.527181616926
test,34100.517320665815
test,34570.524450892
test,34530.52384406424
test,36330.55115131346
test,34650.525664547524
test,34270.5198996838
test,34170.5183826144
test,33920.514589940896
test,33930.514741647836
test,33940.514893354775
test,33960.515196768654
test,33970.515348475594
test,33870.51383140619
test,33730.51170750903
test,33870.51383140619
test,33300.50518411061
test,33340.50579093837
test,33340.50579093837
test,33330.50563923143
test,33350.50594264531
test,33370.50624605919
test,33350.50594264531
test,33410.50685288695
test,33400.506701180006
test,33320.50548752449
test,33320.50548752449
test,33470.50776312859
test,33370.50624605919
test,33320.50548752449
test,33370.50624605919
test,33380.50639776613
test,33370.50624605919
test,33370.50624605919
test,33320.50548752449
test,33340.50579093837
test,33330.50563923143
test,33340.50579093837
test,33340.50579093837
test,38070.577548321045
test,33310.50533581755
test,33320.50548752449
test,33340.50579093837
test,33290.505032403664
test,33330.50563923143
test,33450.50745971471
test,33370.50624605919
test,33380.50639776613
test,33460.50761142165
test,33400.506701180006
test,33620.51003873269
test,33510.50836995635
test,33480.50791483553
test,33420.50700459389
test,33420.50700459389
test,33530.508673370234
test,33520.50852166329
test,33570.50928019799
test,33420.50700459389
test,33380.50639776613
test,33400.506701180006
test,33360.50609435225
test,33380.50639776613
test,33440.50730800777
test,33430.50715630083
test,33440.50730800777
test,33480.50791483553
test,33520.50852166329
test,33520.50852166329
test,33480.50791483553
test,36110.54781376078
test,33670.510797267394
test,38220.579823925145
test,33680.51094897433
test,34250.51959626992
test,34360.52126504626
test,33670.510797267394
test,33580.50943190493
test,33620.51003873269
test,33660.510645560455
test,33910.51443823396
test,33760.51216262985
test,33780.512466043736
test,33950.515045061715
test,33960.515196768654
test,33770.5123143368
test,33780.512466043736
test,34010.51595530336
test,33780.512466043736
test,33790.512617750675
test,33720.51155580209
test,34370.5214167532
test,34200.51883773522
test,35710.54174548318
test,34930.529912341844
test,34560.52429918506
test,34540.52399577118
test,34430.52232699484
test,34550.52414747812
test,34350.52111333932
test,34410.52202358096
test,34350.52111333932
test,34340.52096163238
test,34790.527788444684
test,34710.52657478917
test,34700.52642308222
test,35000.53097429043
test,35050.531732825126
test,34920.529760634905
test,35030.53142941125
test,40310.61153067563
test,35220.53431184311
test,34930.529912341844
test,34940.530064048784
test,35010.53112599737
test,35090.53233965289
test,34560.52429918506
test,34300.52035480462
test,34260.51974797686
test,34250.51959626992
test,34370.5214167532
test,34350.52111333932
test,34240.51944456298
test,34230.519292856035
test,34310.52050651156
test,34140.51792749358
test,34020.5161070103
test,34260.51974797686
test,34180.51853432134
test,33970.515348475594
test,33900.51428652702
test,34210.51898944216
test,34420.5221752879
test,34390.52172016708
test,34040.51641042418
test,34510.52354065036
test,33930.514741647836
test,33890.51413482008
test,33860.51367969925
test,34010.51595530336
test,33960.515196768654
test,34050.51656213112
test,34040.51641042418
test,34150.51807920052
test,34020.5161070103
test,33770.5123143368
test,33890.51413482008
test,33900.51428652702
test,33940.514893354775
test,33990.51565188947
test,34210.51898944216
test,35260.53491867087
test,35440.537649395796
test,39940.60591751885
test,33930.514741647836
test,33910.51443823396
test,33880.51398311313
test,33890.51413482008
test,33860.51367969925
test,34970.53051916961
test,35350.53628403333
test,34420.5221752879
test,34530.52384406424
test,34610.525057719766
test,34760.527333323866
test,35320.535828912514
test,35580.539773292956
test,41030.62245357532
test,34980.53067087655
test,34900.529457221026
test,34990.53082258349
test,35140.53309818759
test,34820.5282435655
test,34820.5282435655
test,34770.527485030805
test,34770.527485030805
test,34690.52627137528
test,34700.52642308222
test,34600.524906012826
test,34560.52429918506
test,34680.52611966834
test,34460.52278211566
test,34420.5221752879
test,36060.54705522608
test,34530.52384406424
test,34610.525057719766
test,34590.52475430589
test,34400.52187187402
test,34440.52247870178
test,34410.52202358096
test,34860.52885039327
test,35080.53218794595
test,35060.53188453207
test,34380.52156846014
test,35180.533705015354
test,33920.514589940896
test,33660.510645560455
test,33650.510493853515
test,33660.510645560455
test,37900.57496930307
test,33630.51019043963
test,33650.510493853515
test,33630.51019043963
test,33580.50943190493
test,33600.50973531881
test,34200.51883773522
test,34470.522933822605
test,34200.51883773522
test,34220.519141149096
test,38680.58680244439
test,34220.519141149096
test,34220.519141149096
test,34300.52035480462
test,34190.51868602828
test,34050.51656213112
test,34170.5183826144
test,34340.52096163238
test,33540.50882507717
test,33530.508673370234
test,33580.50943190493
test,33470.50776312859
test,33520.50852166329
test,33530.508673370234
test,33620.51003873269
test,33570.50928019799
test,33480.50791483553
test,33530.508673370234
test,33450.50745971471
test,33400.506701180006
test,33510.50836995635
test,33390.506549473066
test,36490.55357862451
test,33570.50928019799
test,37810.573603940604
test,33420.50700459389
test,33460.50761142165
test,33490.50806654247
test,33520.50852166329
test,33550.50897678411
test,33560.50912849105
test,33530.508673370234
test,33500.50821824941
test,33590.50958361187
test,33520.50852166329
test,33560.50912849105
test,33510.50836995635
test,33500.50821824941
test,33400.506701180006
test,37840.57405906142
test,33520.50852166329
test,33570.50928019799
test,34060.51671383806
test,33780.512466043736
test,33690.51110068127
test,34390.52172016708
test,34530.52384406424
test,34450.52263040872
test,34300.52035480462
test,33980.51550018253
test,37860.5743624753
test,33610.50988702575
test,33570.50928019799
test,33520.50852166329
test,33530.508673370234
test,33600.50973531881
test,33720.51155580209
test,33640.51034214657
test,33530.508673370234
test,33790.512617750675
test,34390.52172016708
test,34370.5214167532
test,34520.5236923573
test,34240.51944456298
test,34170.5183826144
test,34240.51944456298
test,34360.52126504626
test,40510.61456481444
test,34280.52005139074
test,34680.52611966834
test,34220.519141149096
test,34200.51883773522
test,34020.5161070103
test,33880.51398311313
test,33970.515348475594
test,33830.51322457843
test,33960.515196768654
test,34040.51641042418
test,34010.51595530336
test,34340.52096163238
test,34190.51868602828
test,34060.51671383806
test,34010.51595530336
test,33980.51550018253
test,34290.52020309768
test,34470.522933822605
test,34410.52202358096
test,34140.51792749358
test,34410.52202358096
test,34490.523237236484
test,34790.527788444684
test,34650.525664547524
test,34590.52475430589
test,34340.52096163238
test,34420.5221752879
test,34510.52354065036
test,34570.524450892
test,34750.527181616926
test,34530.52384406424
test,34360.52126504626
test,34500.523388943424
test,34920.529760634905
test,35180.533705015354
test,34860.52885039327
test,34830.52839527245
test,34850.52869868633
test,40200.60986189929
test,34730.52687820305
test,34770.527485030805
test,34850.52869868633
test,35920.54493132892
test,35960.54553815668
test,34890.52930551409
test,34590.52475430589
test,34750.527181616926
test,34690.52627137528
test,34600.524906012826
test,34600.524906012826
test,35010.53112599737
test,34740.52702990999
test,34670.5259679614
test,34660.52581625446
test,34690.52627137528
test,34690.52627137528
test,36090.5475103469
test,36120.547965467726
test,35980.54584157056
test,35870.544172794216
test,35390.53689086109
test,38830.58907804849
test,35410.53719427497
test,35500.53855963743
test,35510.53871134437
test,35460.537952809675
test,35370.53658744721
test,35410.53719427497
test,35470.538104516614
test,35360.53643574027
test,35470.538104516614
test,36000.54614498444
test,35520.53886305131
test,35140.53309818759
test,35320.535828912514
test,34980.53067087655
test,34870.52900210021
test,35140.53309818759
test,35040.531581118186
test,40480.61410969362
test,34920.529760634905
test,34910.529608927965
test,34930.529912341844
test,34920.529760634905
test,34950.53021575573
test,34660.52581625446
test,34550.52414747812
test,34530.52384406424
test,34950.53021575573
test,35380.53673915415
test,34710.52657478917
test,34520.5236923573
test,34530.52384406424
test,34780.527636737745
test,39410.59787705102
test,34580.52460259894
test,34600.524906012826
test,34560.52429918506
test,34520.5236923573
test,34520.5236923573
test,34560.52429918506
test,34490.523237236484
test,34550.52414747812
test,34560.52429918506
test,34460.52278211566
test,34340.52096163238
test,34500.523388943424
test,34260.51974797686
test,33850.51352799231
test,33790.512617750675
test,33770.5123143368
test,33910.51443823396
test,33830.51322457843
test,33790.512617750675
test,38810.58877463461
test,34080.517017251936
test,33920.514589940896
test,33890.51413482008
test,33910.51443823396
test,33840.51337628537
test,33970.515348475594
test,34470.522933822605
test,33530.508673370234
test,33490.50806654247
test,33440.50730800777
test,35080.53218794595
test,33670.510797267394
test,33740.51185921597
test,33520.50852166329
test,33500.50821824941
test,33500.50821824941
test,33610.50988702575
test,34970.53051916961
test,34470.522933822605
test,33860.51367969925
test,34330.52080992544
test,34780.527636737745
test,34530.52384406424
test,34850.52869868633
test,40130.608799950714
test,34410.52202358096
test,34660.52581625446
test,34960.53036746267
test,34330.52080992544
test,35200.53400842923
test,35150.53324989453
test,35460.537952809675
test,35250.53476696393
test,35220.53431184311
test,35730.542048897056
test,34990.53082258349
test,34850.52869868633
test,35360.53643574027
test,41520.629887215386
test,36560.554640573086
test,35140.53309818759
test,35010.53112599737
test,35020.53127770431
test,34900.529457221026
test,34910.529608927965
test,34920.529760634905
test,34880.52915380715
test,36040.5467518122
test,37010.56146738539
test,36690.55661276331
test,35740.542200603995
test,36470.55327521062
test,41240.625639421065
test,36000.54614498444
test,35750.542352310935
test,35890.5444762081
test,35850.54386938034
test,36110.54781376078
test,37260.565260058895
test,37400.567383956055
test,36920.56010202293
test,37310.5660185936
test,36690.55661276331
test,37020.56161909233
test,36450.552971796744
test,36460.55312350368
test,36410.552364968986
test,36470.55327521062
test,36430.552668382865
test,36500.55373033145
test,36410.552364968986
test,36650.55600593555
test,36980.561012264574
test,37000.56131567845
test,36870.55934348823
test,37020.56161909233
test,37050.56207421315
test,37120.563136161734
test,37360.5667771283
test,37180.56404640337
test,37010.56146738539
test,37010.56146738539
test,37050.56207421315
test,36980.561012264574
test,37010.56146738539
test,37010.56146738539
test,36920.56010202293
test,36280.550392778765
test,36190.5490274163
test,36160.54857229548
test,36230.54963424406
test,36170.54872400242
test,36170.54872400242
test,36180.54887570936
test,36160.54857229548
test,36240.54978595101
test,36120.547965467726
test,36100.54766205384
test,36150.548420588544
test,35330.535980619454
test,35280.53522208475
test,35240.53461525699
test,35260.53491867087
test,35270.53507037781
test,35260.53491867087
test,35230.53446355005
test,39830.60424874251
test,35250.53476696393
test,35290.53537379169
test,35200.53400842923
test,35330.535980619454
test,34470.522933822605
test,34490.523237236484
test,34510.52354065036
test,34510.52354065036
test,36230.54963424406
test,34560.52429918506
test,34520.5236923573
test,34530.52384406424
test,34520.5236923573
test,34540.52399577118
test,34440.52247870178
test,34420.5221752879
test,34430.52232699484
test,34460.52278211566
test,34420.5221752879
test,34270.5198996838
test,34440.52247870178
test,33680.51094897433
test,33630.51019043963
test,33650.510493853515
test,33690.51110068127
test,33660.510645560455
test,33700.51125238821
test,33760.51216262985
test,38140.57861026963
test,33690.51110068127
test,33760.51216262985
test,33740.51185921597
test,33700.51125238821
test,33720.51155580209
test,33860.51367969925
test,33760.51216262985
test,33560.50912849105
test,33710.51140409515
test,33330.50563923143
test,33340.50579093837
test,33350.50594264531
test,33450.50745971471
test,33420.50700459389
test,33460.50761142165
test,33270.504728989785
test,33260.504577282845
test,33200.50366704121
test,33220.50397045509
test,33290.505032403664
test,33220.50397045509
test,33260.504577282845
test,33270.504728989785
test,33290.505032403664
test,33310.50533581755
test,33360.50609435225
test,33430.50715630083
test,33400.506701180006
test,33490.50806654247
test,33670.510797267394
test,38860.58953316932
test,33460.50761142165
test,33560.50912849105
test,33510.50836995635
test,33620.51003873269
test,33340.50579093837
test,33560.50912849105
test,33550.50897678411
test,33450.50745971471
test,33580.50943190493
test,35540.5391664652
test,34260.51974797686
test,34040.51641042418
test,33490.50806654247
test,33580.50943190493
test,33910.51443823396
test,39350.59696680938
test,33410.50685288695
test,33380.50639776613
test,33520.50852166329
test,33540.50882507717
test,33470.50776312859
test,33510.50836995635
test,33480.50791483553
test,34170.5183826144
test,34420.5221752879
test,35050.531732825126
test,34110.517472372754
test,34080.517017251936
test,34100.517320665815
test,34180.51853432134
test,34100.517320665815
test,34130.51777578664
test,34790.527788444684
test,34090.517168958875
test,34120.5176240797
test,34070.516865544996
test,34040.51641042418
test,34040.51641042418
test,35280.53522208475
test,35110.53264306677
test,35250.53476696393
test,35120.53279477371
test,34970.53051916961
test,34810.52809185856
test,34800.52794015162
test,34810.52809185856
test,34800.52794015162
test,35010.53112599737
test,34970.53051916961
test,34900.529457221026
test,34790.527788444684
test,34890.52930551409
test,34900.529457221026
test,34910.529608927965
test,34900.529457221026
test,34870.52900210021
test,34840.52854697939
test,34780.527636737745
test,34910.529608927965
test,34860.52885039327
test,34740.52702990999
test,34630.525361133645
test,34870.52900210021
test,34800.52794015162
test,34090.517168958875
test,34070.516865544996
test,34120.5176240797
test,34060.51671383806
test,34050.51656213112
test,38950.59089853178
test,34080.517017251936
test,34170.5183826144
test,34120.5176240797
test,34120.5176240797
test,34200.51883773522
test,34100.517320665815
test,34040.51641042418
test,34060.51671383806
test,34180.51853432134
test,33370.50624605919
test,33380.50639776613
test,33390.506549473066
test,33380.50639776613
test,33370.50624605919
test,33360.50609435225
test,33440.50730800777
test,33430.50715630083
test,33380.50639776613
test,33430.50715630083
test,33450.50745971471
test,33430.50715630083
test,33360.50609435225
test,33420.50700459389
test,33360.50609435225
test,33340.50579093837
test,33350.50594264531
test,33400.506701180006
test,33300.50518411061
test,33350.50594264531
test,33340.50579093837
test,33310.50533581755
test,33260.504577282845
test,33290.505032403664
test,33310.50533581755
test,33310.50533581755
test,33320.50548752449
test,33430.50715630083
test,33350.50594264531
test,33340.50579093837
test,33560.50912849105
test,33960.515196768654
test,34300.52035480462
test,33380.50639776613
test,33380.50639776613
test,33310.50533581755
test,33320.50548752449
test,33310.50533581755
test,33320.50548752449
test,33320.50548752449
test,33310.50533581755
test,33440.50730800777
test,33500.50821824941
test,33660.510645560455
test,33670.510797267394
test,33680.51094897433
test,33690.51110068127
test,33640.51034214657
test,33690.51110068127
test,33640.51034214657
test,33680.51094897433
test,33720.51155580209
test,38370.58209952925
test,33610.50988702575
test,33690.51110068127
test,33650.510493853515
test,33650.510493853515
test,33630.51019043963
test,33590.50958361187
test,33650.510493853515
test,33610.50988702575
test,33660.510645560455
test,33530.508673370234
test,33480.50791483553
test,33440.50730800777
test,33370.50624605919
test,33340.50579093837
test,33310.50533581755
test,33340.50579093837
test,37640.57102492262
test,33400.506701180006
test,33300.50518411061
test,33350.50594264531
test,33330.50563923143
test,33300.50518411061
test,33300.50518411061
test,33300.50518411061
test,33260.504577282845
test,33230.50412216203
test,33230.50412216203
test,33300.50518411061
test,33360.50609435225
test,33210.50381874815
test,33230.50412216203
test,33220.50397045509
test,33420.50700459389
test,33430.50715630083
test,33470.50776312859
test,33450.50745971471
test,33480.50791483553
test,33520.50852166329
test,33540.50882507717
test,33560.50912849105
test,33500.50821824941
test,33500.50821824941
test,33460.50761142165
test,33530.508673370234
test,33440.50730800777
test,33450.50745971471
test,33410.50685288695
test,33390.506549473066
test,33450.50745971471
test,33390.506549473066
test,33340.50579093837
test,33350.50594264531
test,33490.50806654247
test,33380.50639776613
test,33420.50700459389
test,33280.504880696724
test,33450.50745971471
test,33470.50776312859
test,33360.50609435225
test,33360.50609435225
test,33580.50943190493
test,33630.51019043963
test,33500.50821824941
test,33340.50579093837
test,33370.50624605919
test,33260.504577282845
test,33360.50609435225
test,33360.50609435225
test,33330.50563923143
test,33380.50639776613
test,33490.50806654247
test,33560.50912849105
test,33490.50806654247
test,33680.51094897433
test,33470.50776312859
test,33420.50700459389
test,33710.51140409515
test,34540.52399577118
test,34630.525361133645
test,33550.50897678411
test,33670.510797267394
test,33780.512466043736
test,33680.51094897433
test,33710.51140409515
test,33960.515196768654
test,34580.52460259894
test,34360.52126504626
test,34870.52900210021
test,35050.531732825126
test,34200.51883773522
test,33990.51565188947
test,34010.51595530336
test,34300.52035480462
test,34100.517320665815
test,33860.51367969925
test,34120.5176240797
test,35890.5444762081
test,35580.539773292956
test,35640.54068353459
test,34000.51580359642
test,34620.525209426705
test,34820.5282435655
test,34460.52278211566
test,34800.52794015162
test,34520.5236923573
test,34720.52672649611
test,34520.5236923573
test,34510.52354065036
test,34520.5236923573
test,35110.53264306677
test,35170.53355330841
test,34750.527181616926
test,34910.529608927965
test,34850.52869868633
test,34930.529912341844
test,39680.60197313841
test,34750.527181616926
test,34790.527788444684
test,34780.527636737745
test,34830.52839527245
test,34780.527636737745
test,34650.525664547524
test,34840.52854697939
test,34230.519292856035
test,34270.5198996838
test,34400.52187187402
test,34220.519141149096
test,34150.51807920052
test,34110.517472372754
test,34120.5176240797
test,34160.51823090746
test,34190.51868602828
test,34150.51807920052
test,34180.51853432134
test,34120.5176240797
test,34030.51625871724
test,34030.51625871724
test,33970.515348475594
test,34060.51671383806
test,33880.51398311313
test,33200.50366704121
test,33270.504728989785
test,33310.50533581755
test,33200.50366704121
test,33230.50412216203
test,33240.504273868966
test,33330.50563923143
test,33290.505032403664
test,33240.504273868966
test,33230.50412216203
test,33320.50548752449
test,33250.504425575906
test,33340.50579093837
test,33190.50351533427
test,33280.504880696724
test,33210.50381874815
test,33200.50366704121
test,33220.50397045509
test,33170.50321192038
test,33230.50412216203
test,33190.50351533427
test,33190.50351533427
test,33190.50351533427
test,33210.50381874815
test,33140.502756799564
test,33250.504425575906
test,33230.50412216203
test,33310.50533581755
test,33240.504273868966
test,33350.50594264531
test,33340.50579093837
test,33230.50412216203
test,33280.504880696724
test,33350.50594264531
test,33330.50563923143
test,33330.50563923143
test,33350.50594264531
test,33280.504880696724
test,33350.50594264531
test,33310.50533581755
test,33290.505032403664
test,33280.504880696724
test,33390.506549473066
test,33360.50609435225
test,33380.50639776613
test,33340.50579093837
test,33320.50548752449
test,33280.504880696724
test,33380.50639776613
test,33280.504880696724
test,33360.50609435225
test,33350.50594264531
test,33300.50518411061
test,33350.50594264531
test,33360.50609435225
test,33260.504577282845
test,33290.505032403664
test,33360.50609435225
test,33340.50579093837
test,33290.505032403664
test,33350.50594264531
test,33280.504880696724
test,33270.504728989785
test,33290.505032403664
test,33250.504425575906
test,33320.50548752449
test,33300.50518411061
test,33330.50563923143
test,33270.504728989785
test,33250.504425575906
test,33330.50563923143
test,33250.504425575906
test,33340.50579093837
test,33280.504880696724
test,33350.50594264531
test,37670.57148004344
test,33280.504880696724
test,33260.504577282845
test,33250.504425575906
test,33330.50563923143
test,33320.50548752449
test,33240.504273868966
test,33330.50563923143
test,33280.504880696724
test,33250.504425575906
test,33230.50412216203
test,33430.50715630083
test,33360.50609435225
test,37810.573603940604
test,33250.504425575906
test,33360.50609435225
test,33340.50579093837
test,33290.505032403664
test,33300.50518411061
test,33240.504273868966
test,33250.504425575906
test,33280.504880696724
test,33360.50609435225
test,33290.505032403664
test,33380.50639776613
test,33410.50685288695
test,33310.50533581755
test,33340.50579093837
test,33360.50609435225
test,33400.506701180006
test,33330.50563923143
test,33340.50579093837
test,33340.50579093837
test,33270.504728989785
test,33310.50533581755
test,33350.50594264531
test,33330.50563923143
test,33370.50624605919
test,33360.50609435225
test,33310.50533581755
test,33370.50624605919
test,33350.50594264531
test,33340.50579093837
test,33310.50533581755
test,33300.50518411061
test,33330.50563923143
test,33400.506701180006
test,33330.50563923143
test,33350.50594264531
test,33320.50548752449
test,33310.50533581755
test,33320.50548752449
test,33390.506549473066
test,33370.50624605919
test,33390.506549473066
test,33380.50639776613
test,33370.50624605919
test,33410.50685288695
test,33400.506701180006
test,33390.506549473066
test,34910.529608927965
test,33400.506701180006
test,33330.50563923143
test,33420.50700459389
test,33320.50548752449
test,33350.50594264531
test,33330.50563923143
test,33360.50609435225
test,33350.50594264531
test,33340.50579093837
test,33290.505032403664
test,33340.50579093837
test,33350.50594264531
test,33300.50518411061
test,33320.50548752449
test,33320.50548752449
test,33420.50700459389
test,33340.50579093837
test,37850.57421076836
test,33250.504425575906
test,33360.50609435225
test,33270.504728989785
test,33360.50609435225
test,33310.50533581755
test,33300.50518411061
test,33310.50533581755
test,33240.504273868966
test,33220.50397045509
test,33300.50518411061
test,33300.50518411061
test,33330.50563923143
test,33310.50533581755
test,33260.504577282845
test,33310.50533581755
test,33300.50518411061
test,33300.50518411061
test,33250.504425575906
test,33310.50533581755
test,33260.504577282845
test,33330.50563923143
test,33250.504425575906
test,33280.504880696724
test,33300.50518411061
test,33230.50412216203
test,33210.50381874815
test,33250.504425575906
test,33240.504273868966
test,33300.50518411061
test,33260.504577282845
test,33280.504880696724
test,33240.504273868966
test,33240.504273868966
test,33310.50533581755
test,33270.504728989785
test,33290.505032403664
test,33310.50533581755
test,33330.50563923143
test,33290.505032403664
test,33230.50412216203
test,33260.504577282845
test,33320.50548752449
test,33290.505032403664
test,33200.50366704121
test,33240.504273868966
test,33230.50412216203
test,33250.504425575906
test,33210.50381874815
test,34970.53051916961
test,33250.504425575906
test,37930.575424423885
test,33270.504728989785
test,33280.504880696724
test,33290.505032403664
test,33280.504880696724
test,33340.50579093837
test,33280.504880696724
test,33230.50412216203
test,33320.50548752449
test,33250.504425575906
test,33230.50412216203
test,33270.504728989785
test,33240.504273868966
test,33300.50518411061
test,33290.505032403664
test,33260.504577282845
test,33270.504728989785
test,33250.504425575906
test,33300.50518411061
test,33320.50548752449
test,33290.505032403664
test,33290.505032403664
test,33490.50806654247
test,33320.50548752449
test,33370.50624605919
test,33300.50518411061
test,33290.505032403664
test,33330.50563923143
test,33310.50533581755
test,33380.50639776613
test,37630.57087321568
test,33380.50639776613
test,33430.50715630083
test,33330.50563923143
test,33360.50609435225
test,33280.504880696724
test,33310.50533581755
test,33370.50624605919
test,33440.50730800777
test,33290.505032403664
test,33510.50836995635
test,33360.50609435225
test,33460.50761142165
test,33360.50609435225
test,33370.50624605919
test,33370.50624605919
test,33320.50548752449
test,33320.50548752449
test,33390.506549473066
test,33290.505032403664
test,33310.50533581755
test,33330.50563923143
test,33290.505032403664
test,33320.50548752449
test,33250.504425575906
test,33350.50594264531
test,33300.50518411061
test,33290.505032403664
test,33450.50745971471
test,33370.50624605919
test,33290.505032403664
test,33330.50563923143
test,33360.50609435225
test,33350.50594264531
test,33270.504728989785
test,33340.50579093837
test,33250.504425575906
test,33360.50609435225
test,33340.50579093837
test,33380.50639776613
test,33400.506701180006
test,33450.50745971471
test,33410.50685288695
test,33370.50624605919
test,33370.50624605919
test,33380.50639776613
test,33340.50579093837
test,33240.504273868966
test,33290.505032403664
test,33320.50548752449
test,33400.506701180006
test,33350.50594264531
test,33350.50594264531
test,33360.50609435225
test,33310.50533581755
test,33350.50594264531
test,33320.50548752449
test,33250.504425575906
test,33340.50579093837
test,33340.50579093837
test,33340.50579093837
test,33310.50533581755
test,33330.50563923143
test,33400.506701180006
test,33390.506549473066
test,33280.504880696724
test,33330.50563923143
test,33330.50563923143
test,33310.50533581755
test,33320.50548752449
test,33270.504728989785
test,33310.50533581755
test,33440.50730800777
test,33310.50533581755
test,33330.50563923143
test,33250.504425575906
test,33300.50518411061
test,33310.50533581755
test,33290.505032403664
test,33340.50579093837
test,33290.505032403664
test,33340.50579093837
test,33320.50548752449
test,33290.505032403664
test,33320.50548752449
test,33380.50639776613
test,33330.50563923143
test,33430.50715630083
test,33360.50609435225
test,33430.50715630083
test,33350.50594264531
test,33290.505032403664
test,33310.50533581755
test,33340.50579093837
test,33310.50533581755
test,33390.506549473066
test,33400.506701180006
test,33300.50518411061
test,33300.50518411061
test,33270.504728989785
test,33340.50579093837
test,33310.50533581755
test,33330.50563923143
test,33300.50518411061
test,33300.50518411061
test,33280.504880696724
test,33340.50579093837
test,33350.50594264531
test,33340.50579093837
test,37920.575272716946
test,33380.50639776613
test,33390.506549473066
test,33360.50609435225
test,33290.505032403664
test,33330.50563923143
test,33330.50563923143
test,33320.50548752449
test,33300.50518411061
test,33310.50533581755
test,33320.50548752449
test,33340.50579093837
test,33370.50624605919
test,33310.50533581755
test,33360.50609435225
test,37620.57072150874
test,33290.505032403664
test,33380.50639776613
test,33290.505032403664
test,33330.50563923143
test,33420.50700459389
test,33360.50609435225
test,33280.504880696724
test,33250.504425575906
test,33280.504880696724
test,33290.505032403664
test,33270.504728989785
test,33290.505032403664
test,37590.57026638792
test,33280.504880696724
test,33330.50563923143
test,33260.504577282845
test,33270.504728989785
test,33300.50518411061
test,33270.504728989785
test,33350.50594264531
test,33330.50563923143
test,33250.504425575906
test,33280.504880696724
test,33260.504577282845
test,33390.506549473066
test,33320.50548752449
test,33340.50579093837
test,33500.50821824941
test,33400.506701180006
test,33370.50624605919
test,33330.50563923143
test,33440.50730800777
test,33370.50624605919
test,33420.50700459389
test,33360.50609435225
test,33480.50791483553
test,33360.50609435225
test,33390.506549473066
test,33410.50685288695
test,33290.505032403664
test,33380.50639776613
test,33380.50639776613
test,33340.50579093837
test,33420.50700459389
test,33390.506549473066
test,33260.504577282845
test,33250.504425575906
test,33310.50533581755
test,33290.505032403664
test,33270.504728989785
test,33270.504728989785
test,33290.505032403664
test,33350.50594264531
test,33230.50412216203
test,33340.50579093837
test,33420.50700459389
test,33290.505032403664
test,33270.504728989785
test,33260.504577282845
test,33280.504880696724
test,33250.504425575906
test,33290.505032403664
test,33320.50548752449
test,33290.505032403664
test,33290.505032403664
test,33360.50609435225
test,33390.506549473066
test,33350.50594264531
test,33340.50579093837
test,33340.50579093837
test,33300.50518411061
test,35060.53188453207
test,33330.50563923143
test,33380.50639776613
test,33690.51110068127
test,33900.51428652702
test,33500.50821824941
test,33360.50609435225
test,33410.50685288695
test,33330.50563923143
test,33400.506701180006
test,33330.50563923143
test,33330.50563923143
test,33350.50594264531
test,33370.50624605919
test,33320.50548752449
test,38310.58118928761
test,33340.50579093837
test,33280.504880696724
test,33280.504880696724
test,33360.50609435225
test,33290.505032403664
test,33340.50579093837
test,33290.505032403664
test,33340.50579093837
test,33300.50518411061
test,33300.50518411061
test,33310.50533581755
test,33280.504880696724
test,33300.50518411061
test,33330.50563923143
test,33300.50518411061
test,33330.50563923143
test,33390.506549473066
test,38140.57861026963
test,33320.50548752449
test,33340.50579093837
test,33370.50624605919
test,33350.50594264531
test,33380.50639776613
test,33380.50639776613
test,33390.506549473066
test,33370.50624605919
test,33260.504577282845
test,33360.50609435225
test,33400.506701180006
test,33380.50639776613
test,33290.505032403664
test,33290.505032403664
test,37750.57269369896
test,33310.50533581755
test,33400.506701180006
test,33330.50563923143
test,33290.505032403664
test,33430.50715630083
test,33330.50563923143
test,33300.50518411061
test,33440.50730800777
test,33460.50761142165
test,33450.50745971471
test,33390.506549473066
test,37950.575727837764
test,33490.50806654247
test,33610.50988702575
test,33530.508673370234
test,33410.50685288695
test,33370.50624605919
test,33310.50533581755
test,33400.506701180006
test,33350.50594264531
test,33330.50563923143
test,33340.50579093837
test,33330.50563923143
test,33340.50579093837
test,33310.50533581755
test,33360.50609435225
test,33320.50548752449
test,33310.50533581755
test,38310.58118928761
test,33360.50609435225
test,33380.50639776613
test,33330.50563923143
test,33400.506701180006
test,33390.506549473066
test,33410.50685288695
test,33420.50700459389
test,33460.50761142165
test,33510.50836995635
test,33700.51125238821
test,33400.506701180006
test,33380.50639776613
test,33350.50594264531
test,33450.50745971471
test,33640.51034214657
test,33660.510645560455
test,33360.50609435225
test,33470.50776312859
test,33510.50836995635
test,33360.50609435225
test,33520.50852166329
test,33810.512921164554
test,33760.51216262985
test,33820.513072871494
test,33600.50973531881
test,33530.508673370234
test,33520.50852166329
test,33360.50609435225
test,33430.50715630083
test,33310.50533581755
test,33530.508673370234
test,34930.529912341844
test,33430.50715630083
test,33450.50745971471
test,33400.506701180006
test,33400.506701180006
test,33370.50624605919
test,33380.50639776613
test,33660.510645560455
test,33770.5123143368
test,33790.512617750675
test,33900.51428652702
test,33620.51003873269
test,33690.51110068127
test,33720.51155580209
test,33750.51201092291
test,35450.537801102735
test,33670.510797267394
test,33670.510797267394
test,33830.51322457843
test,33810.512921164554
test,33820.513072871494
test,33870.51383140619
test,33860.51367969925
test,33800.512769457615
test,33770.5123143368
test,33620.51003873269
test,33600.50973531881
test,33990.51565188947
test,33560.50912849105
test,33460.50761142165
test,33480.50791483553
test,33500.50821824941
test,33310.50533581755
test,33350.50594264531
test,33420.50700459389
test,38070.577548321045
test,33630.51019043963
test,33670.510797267394
test,33460.50761142165
test,33400.506701180006
test,33390.506549473066
test,33380.50639776613
test,33450.50745971471
test,33450.50745971471
test,33470.50776312859
test,33540.50882507717
test,33530.508673370234
test,33560.50912849105
test,33400.506701180006
test,33380.50639776613
test,33370.50624605919
test,33310.50533581755
test,33440.50730800777
test,33390.506549473066
test,33290.505032403664
test,33440.50730800777
test,33430.50715630083
test,33370.50624605919
test,33290.505032403664
test,33290.505032403664
test,33280.504880696724
test,33250.504425575906
test,33290.505032403664
test,33300.50518411061
test,33270.504728989785
test,33340.50579093837
test,33300.50518411061
test,33300.50518411061
test,33310.50533581755
test,33270.504728989785
test,33310.50533581755
test,33400.506701180006
test,33350.50594264531
test,33320.50548752449
test,33360.50609435225
test,33360.50609435225
test,33330.50563923143
test,33320.50548752449
test,33300.50518411061
test,33340.50579093837
test,35000.53097429043
test,33400.506701180006
test,33370.50624605919
test,37880.57466588918
test,33290.505032403664
test,33350.50594264531
test,33330.50563923143
test,33270.504728989785
test,33330.50563923143
test,33330.50563923143
test,33380.50639776613
test,33320.50548752449
test,33350.50594264531
test,33290.505032403664
test,33370.50624605919
test,33350.50594264531
test,33320.50548752449
test,33310.50533581755
test,33290.505032403664
test,33260.504577282845
test,33300.50518411061
test,33320.50548752449
test,33330.50563923143
test,33330.50563923143
test,33430.50715630083
test,33320.50548752449
test,33350.50594264531
test,33320.50548752449
test,33300.50518411061
test,33390.506549473066
test,33360.50609435225
test,33250.504425575906
test,33320.50548752449
test,33350.50594264531
test,33330.50563923143
test,33260.504577282845
test,33340.50579093837
test,33320.50548752449
test,33250.504425575906
test,33280.504880696724
test,33280.504880696724
test,33270.504728989785
test,33250.504425575906
test,33320.50548752449
test,33220.50397045509
test,33350.50594264531
test,33270.504728989785
test,33290.505032403664
test,33270.504728989785
test,37710.5720868712
test,33330.50563923143
test,33320.50548752449
test,33410.50685288695
test,33400.506701180006
test,33350.50594264531
test,33410.50685288695
test,33330.50563923143
test,33300.50518411061
test,33320.50548752449
test,33360.50609435225
test,33320.50548752449
test,33350.50594264531
test,33340.50579093837
test,33340.50579093837
test,33300.50518411061
test,33380.50639776613
test,35150.53324989453
test,33370.50624605919
test,33380.50639776613
test,33390.506549473066
test,33390.506549473066
test,33430.50715630083
test,33390.506549473066
test,33340.50579093837
test,33340.50579093837
test,33320.50548752449
test,33480.50791483553
test,33350.50594264531
test,33400.506701180006
test,33340.50579093837
test,33320.50548752449
test,33380.50639776613
test,33270.504728989785
test,33330.50563923143
test,33340.50579093837
test,33370.50624605919
test,37760.5728454059
test,33330.50563923143
test,33430.50715630083
test,33370.50624605919
test,33320.50548752449
test,33370.50624605919
test,33360.50609435225
test,33380.50639776613
test,33400.506701180006
test,33420.50700459389
test,33420.50700459389
test,33360.50609435225
test,33360.50609435225
test,33360.50609435225
test,33380.50639776613
test,37710.5720868712
test,33390.506549473066
test,33440.50730800777
test,33310.50533581755
test,33340.50579093837
test,33330.50563923143
test,33240.504273868966
test,33280.504880696724
test,33320.50548752449
test,33300.50518411061
test,33340.50579093837
test,33350.50594264531
test,37640.57102492262
test,33320.50548752449
test,33360.50609435225
test,33360.50609435225
test,33330.50563923143
test,33300.50518411061
test,33310.50533581755
test,33270.504728989785
test,33330.50563923143
test,33410.50685288695
test,33300.50518411061
test,33350.50594264531
test,34940.530064048784
test,33370.50624605919
test,33310.50533581755
test,33290.505032403664
test,33340.50579093837
test,33320.50548752449
test,33320.50548752449
test,33350.50594264531
test,33280.504880696724
test,33290.505032403664
test,33270.504728989785
test,33290.505032403664
test,33370.50624605919
test,33480.50791483553
test,33440.50730800777
test,33360.50609435225
test,33480.50791483553
test,33430.50715630083
test,33420.50700459389
test,33380.50639776613
test,33380.50639776613
test,33430.50715630083
test,33520.50852166329
test,33540.50882507717
test,33480.50791483553
test,33470.50776312859
test,33770.5123143368
test,33880.51398311313
test,33510.50836995635
test,33930.514741647836
test,34620.525209426705
test,34250.51959626992
test,34140.51792749358
test,34250.51959626992
test,34580.52460259894
test,34620.525209426705
test,34670.5259679614
test,34080.517017251936
test,33450.50745971471
test,33410.50685288695
test,33430.50715630083
test,33390.506549473066
test,34010.51595530336
test,34090.517168958875
test,34640.525512840584
test,33920.514589940896
test,34140.51792749358
test,34060.51671383806
test,34080.517017251936
test,34100.517320665815
test,34050.51656213112
test,34030.51625871724
test,34040.51641042418
test,34060.51671383806
test,33510.50836995635
test,33420.50700459389
test,33380.50639776613
test,35050.531732825126
test,33370.50624605919
test,33370.50624605919
test,37680.57163175038
test,33420.50700459389
test,33290.505032403664
test,33310.50533581755
test,33310.50533581755
test,33260.504577282845
test,33280.504880696724
test,33290.505032403664
test,33330.50563923143
test,33290.505032403664
test,33330.50563923143
test,33320.50548752449
test,33330.50563923143
test,33320.50548752449
test,33300.50518411061
test,37760.5728454059
test,33330.50563923143
test,33320.50548752449
test,33280.504880696724
test,33230.50412216203
test,33290.505032403664
test,33430.50715630083
test,33440.50730800777
test,33430.50715630083
test,33520.50852166329
test,33390.506549473066
test,33430.50715630083
test,33390.506549473066
test,33360.50609435225
test,33380.50639776613
test,33470.50776312859
test,33440.50730800777
test,33370.50624605919
test,33460.50761142165
test,33520.50852166329
test,33520.50852166329
test,33480.50791483553
test,33350.50594264531
test,33350.50594264531
test,33380.50639776613
test,33320.50548752449
test,33360.50609435225
test,33410.50685288695
test,33380.50639776613
test,33400.506701180006
test,33360.50609435225
test,33390.506549473066
test,33390.506549473066
test,33380.50639776613
test,33460.50761142165
test,33470.50776312859
test,33470.50776312859
test,33480.50791483553
test,33480.50791483553
test,33420.50700459389
test,33380.50639776613
test,33560.50912849105
test,33630.51019043963
test,33490.50806654247
test,33610.50988702575
test,33490.50806654247
test,33510.50836995635
test,33430.50715630083
test,33540.50882507717
test,33490.50806654247
test,33540.50882507717
test,33540.50882507717
test,33530.508673370234
test,33590.50958361187
test,33870.51383140619
test,34140.51792749358
test,34250.51959626992
test,33460.50761142165
test,33610.50988702575
test,33910.51443823396
test,34490.523237236484
test,34440.52247870178
test,37760.5728454059
test,33700.51125238821
test,33640.51034214657
test,33790.512617750675
test,33620.51003873269
test,33830.51322457843
test,34190.51868602828
test,34660.52581625446
test,34250.51959626992
test,34090.517168958875
test,34500.523388943424
test,34420.5221752879
test,34450.52263040872
test,34100.517320665815
test,34220.519141149096
test,34640.525512840584
test,40130.608799950714
test,34080.517017251936
test,33950.515045061715
test,34080.517017251936
test,34100.517320665815
test,34370.5214167532
test,34340.52096163238
test,34800.52794015162
test,34830.52839527245
test,34760.527333323866
test,35320.535828912514
test,35250.53476696393
test,35720.541897190116
test,36120.547965467726
test,35980.54584157056
test,35520.53886305131
test,34950.53021575573
test,34890.52930551409
test,35020.53127770431
test,34830.52839527245
test,34840.52854697939
test,34760.527333323866
test,35070.53203623901
test,35930.54508303586
test,36170.54872400242
test,36870.55934348823
test,36330.55115131346
test,35720.541897190116
test,36630.55570252167
test,36360.55160643429
test,35790.5429591387
test,35440.537649395796
test,37690.57178345732
test,36170.54872400242
test,36210.54933083018
test,36480.55342691757
test,36060.54705522608
test,40270.610923847875
test,35660.54098694848
test,35730.542048897056
test,36080.54735863996
test,35510.53871134437
test,36350.55145472734
test,36890.55964690211
test,36410.552364968986
test,36290.550544485704
test,36310.55084789958
test,36540.55433715921
test,36760.55767471189
test,37160.56374298949
test,37020.56161909233
test,36410.552364968986
test,36420.552516675925
test,36550.554488866146
test,36170.54872400242
test,36380.55190984817
test,36040.5467518122
test,35510.53871134437
test,35440.537649395796
test,35500.53855963743
test,36070.54720693302
test,36060.54705522608
test,40370.61244091728
test,35560.53946987908
test,35560.53946987908
test,35490.53840793049
test,35520.53886305131
test,35820.54341425952
test,35760.542504017874
test,36310.55084789958
test,36260.550089364886
test,35520.53886305131
test,35430.537497688856
test,34820.5282435655
test,34710.52657478917
test,34680.52611966834
test,34650.525664547524
test,34750.527181616926
test,34790.527788444684
test,34870.52900210021
test,34840.52854697939
test,34290.52020309768
test,33970.515348475594
test,33970.515348475594
test,34040.51641042418
test,34060.51671383806
test,33990.51565188947
test,34040.51641042418
test,39330.5966633955
test,33910.51443823396
test,33910.51443823396
test,33900.51428652702
test,33870.51383140619
test,33920.514589940896
test,33930.514741647836
test,33740.51185921597
test,33870.51383140619
test,33930.514741647836
test,33660.510645560455
test,33310.50533581755
test,33250.504425575906
test,33270.504728989785
test,33240.504273868966
test,33240.504273868966
test,33220.50397045509
test,37760.5728454059
test,33320.50548752449
test,33270.504728989785
test,33330.50563923143
test,33270.504728989785
test,33260.504577282845
test,33230.50412216203
test,33240.504273868966
test,33290.505032403664
test,33280.504880696724
test,33290.505032403664
test,33300.50518411061
test,33290.505032403664
test,33330.50563923143
test,33270.504728989785
test,33280.504880696724
test,33310.50533581755
test,33250.504425575906
test,33220.50397045509
test,33200.50366704121
test,33360.50609435225
test,33330.50563923143
test,33320.50548752449
test,33320.50548752449
test,33360.50609435225
test,33330.50563923143
test,33320.50548752449
test,33370.50624605919
test,33390.506549473066
test,33300.50518411061
test,33350.50594264531
test,33320.50548752449
test,33420.50700459389
test,33360.50609435225
test,33370.50624605919
test,33440.50730800777
test,33380.50639776613
test,33360.50609435225
test,33460.50761142165
test,33450.50745971471
test,33350.50594264531
test,33290.505032403664
test,33360.50609435225
test,33470.50776312859
test,33470.50776312859
test,33370.50624605919
test,33460.50761142165
test,33460.50761142165
test,33350.50594264531
test,33400.506701180006
test,33380.50639776613
test,33310.50533581755
test,33550.50897678411
test,38610.585740495815
test,33480.50791483553
test,33390.506549473066
test,33420.50700459389
test,33600.50973531881
test,34240.51944456298
test,34150.51807920052
test,34440.52247870178
test,34450.52263040872
test,34180.51853432134
test,33690.51110068127
test,33390.506549473066
test,33370.50624605919
test,33420.50700459389
test,33340.50579093837
test,33370.50624605919
test,33400.506701180006
test,33310.50533581755
test,33490.50806654247
test,33520.50852166329
test,33390.506549473066
test,34160.51823090746
test,34140.51792749358
test,33300.50518411061
test,33490.50806654247
test,34640.525512840584
test,34620.525209426705
test,34200.51883773522
test,33950.515045061715
test,33680.51094897433
test,34080.517017251936
test,33930.514741647836
test,33990.51565188947
test,33970.515348475594
test,33810.512921164554
test,33910.51443823396
test,34080.517017251936
test,41060.62290869614
test,34270.5198996838
test,33990.51565188947
test,33850.51352799231
test,34190.51868602828
test,34770.527485030805
test,33970.515348475594
test,33910.51443823396
test,34040.51641042418
test,33910.51443823396
test,33960.515196768654
test,33830.51322457843
test,37970.57603125164
test,33800.512769457615
test,33820.513072871494
test,34000.51580359642
test,39340.59681510244
test,35220.53431184311
test,34990.53082258349
test,33840.51337628537
test,33900.51428652702
test,34040.51641042418
test,33980.51550018253
test,33870.51383140619
test,33970.515348475594
test,33670.510797267394
test,33690.51110068127
test,33320.50548752449
test,33440.50730800777
test,33950.515045061715
test,33430.50715630083
test,33460.50761142165
test,33580.50943190493
test,33460.50761142165
test,33580.50943190493
test,33460.50761142165
test,33450.50745971471
test,33510.50836995635
test,34210.51898944216
test,33600.50973531881
test,33440.50730800777
test,33980.51550018253
test,34070.516865544996
test,33930.514741647836
test,33770.5123143368
test,33590.50958361187
test,33530.508673370234
test,34050.51656213112
test,34460.52278211566
test,34440.52247870178
test,33610.50988702575
test,33500.50821824941
test,33550.50897678411
test,33500.50821824941
test,33480.50791483553
test,33570.50928019799
test,33630.51019043963
test,33430.50715630083
test,33560.50912849105
test,33440.50730800777
test,33400.506701180006
test,33370.50624605919
test,33350.50594264531
test,33400.506701180006
test,37710.5720868712
test,33350.50594264531
test,33310.50533581755
test,33350.50594264531
test,33460.50761142165
test,33450.50745971471
test,33370.50624605919
test,33360.50609435225
test,33290.505032403664
test,33290.505032403664
test,36220.54948253712
test,33480.50791483553
test,33470.50776312859
test,33350.50594264531
test,33310.50533581755
test,33230.50412216203
test,33420.50700459389
test,33250.504425575906
test,33320.50548752449
test,33300.50518411061
test,33380.50639776613
test,33290.505032403664
test,33520.50852166329
test,33450.50745971471
test,33380.50639776613
test,33460.50761142165
test,33850.51352799231
test,34160.51823090746
test,33570.50928019799
test,33780.512466043736
test,34350.52111333932
test,33550.50897678411
test,33470.50776312859
test,33550.50897678411
test,33410.50685288695
test,38520.58437513335
test,34140.51792749358
test,34540.52399577118
test,33770.5123143368
test,33440.50730800777
test,34610.525057719766
test,33610.50988702575
test,33410.50685288695
test,33920.514589940896
test,33900.51428652702
test,33840.51337628537
test,40350.61213750339
test,35080.53218794595
test,33720.51155580209
test,33920.514589940896
test,33770.5123143368
test,33860.51367969925
test,34520.5236923573
test,33860.51367969925
test,34530.52384406424
test,34590.52475430589
test,35190.53385672229
test,35110.53264306677
test,35610.540228413774
test,34490.523237236484
test,34640.525512840584
test,34620.525209426705
test,34430.52232699484
test,34410.52202358096
test,34330.52080992544
test,34360.52126504626
test,34370.5214167532
test,34510.52354065036
test,34710.52657478917
test,34730.52687820305
test,34840.52854697939
test,34800.52794015162
test,34830.52839527245
test,34930.529912341844
test,34760.527333323866
test,34790.527788444684
test,34740.52702990999
test,34690.52627137528
test,34680.52611966834
test,34570.524450892
test,34560.52429918506
test,34740.52702990999
test,34000.51580359642
test,33890.51413482008
test,33900.51428652702
test,33910.51443823396
test,33920.514589940896
test,33880.51398311313
test,33910.51443823396
test,33900.51428652702
test,38860.58953316932
test,33870.51383140619
test,33870.51383140619
test,33860.51367969925
test,33860.51367969925
test,33900.51428652702
test,33790.512617750675
test,33750.51201092291
test,33660.510645560455
test,33230.50412216203
test,33240.504273868966
test,33240.504273868966
test,33230.50412216203
test,33220.50397045509
test,37950.575727837764
test,33260.504577282845
test,33240.504273868966
test,33240.504273868966
test,33300.50518411061
test,33190.50351533427
test,33160.50306021344
test,33220.50397045509
test,33270.504728989785
test,33220.50397045509
test,33260.504577282845
test,33260.504577282845
test,33280.504880696724
test,33270.504728989785
test,35120.53279477371
test,33190.50351533427
test,33230.50412216203
test,33310.50533581755
test,37820.57375564754
test,33260.504577282845
test,33340.50579093837
test,33250.504425575906
test,33270.504728989785
test,33240.504273868966
test,33330.50563923143
test,33230.50412216203
test,33290.505032403664
test,33320.50548752449
test,33290.505032403664
test,33280.504880696724
test,33320.50548752449
test,33330.50563923143
test,33250.504425575906
test,33250.504425575906
test,37550.56965956016
test,33370.50624605919
test,33290.505032403664
test,33290.505032403664
test,33310.50533581755
test,33280.504880696724
test,33300.50518411061
test,33290.505032403664
test,33340.50579093837
test,33250.504425575906
test,33260.504577282845
test,33290.505032403664
test,33310.50533581755
test,33310.50533581755
test,33250.504425575906
test,33290.505032403664
test,33270.504728989785
test,33260.504577282845
test,33280.504880696724
test,33280.504880696724
test,40610.61608188384
test,33300.50518411061
test,33290.505032403664
test,33360.50609435225
test,33290.505032403664
test,33340.50579093837
test,33320.50548752449
test,33310.50533581755
test,33290.505032403664
test,33340.50579093837
test,33300.50518411061
test,33340.50579093837
test,33300.50518411061
test,33340.50579093837
test,33330.50563923143
test,33420.50700459389
test,33300.50518411061
test,33260.504577282845
test,33280.504880696724
test,33350.50594264531
test,33350.50594264531
test,33280.504880696724
test,33230.50412216203
test,33300.50518411061
test,33280.504880696724
test,33320.50548752449
test,33260.504577282845
test,33280.504880696724
test,33270.504728989785
test,33270.504728989785
test,38400.58255465007
test,33320.50548752449
test,33330.50563923143
test,33330.50563923143
test,33300.50518411061
test,33290.505032403664
test,33280.504880696724
test,33400.506701180006
test,33320.50548752449
test,33340.50579093837
test,33280.504880696724
test,33320.50548752449
test,33310.50533581755
test,33370.50624605919
test,35380.53673915415
test,33440.50730800777
test,33410.50685288695
test,33350.50594264531
test,37980.57618295858
test,33350.50594264531
test,33370.50624605919
test,33410.50685288695
test,33320.50548752449
test,33290.505032403664
test,33320.50548752449
test,33260.504577282845
test,33250.504425575906
test,33240.504273868966
test,33280.504880696724
test,33260.504577282845
test,33230.50412216203
test,33270.504728989785
test,33350.50594264531
test,33310.50533581755
test,33260.504577282845
test,33330.50563923143
test,3038706.0985810673
test,33280.504880696724
test,33280.504880696724
test,33250.504425575906
test,33320.50548752449
test,33230.50412216203
test,33260.504577282845
test,33230.50412216203
test,33360.50609435225
test,33230.50412216203
test,33260.504577282845
test,33320.50548752449
test,33370.50624605919
test,33320.50548752449
test,33320.50548752449
test,33250.504425575906
test,33240.504273868966
test,33320.50548752449
test,33400.506701180006
test,33270.504728989785
test,33310.50533581755
test,33280.504880696724
test,33280.504880696724
test,33300.50518411061
test,33360.50609435225
test,33300.50518411061
test,33250.504425575906
test,33260.504577282845
test,33300.50518411061
test,37770.572997112846
test,33260.504577282845
test,33370.50624605919
test,33260.504577282845
test,33260.504577282845
test,33320.50548752449
test,33310.50533581755
test,33370.50624605919
test,33310.50533581755
test,33390.506549473066
test,33290.505032403664
test,33270.504728989785
test,33340.50579093837
test,33320.50548752449
test,33240.504273868966
test,33300.50518411061
test,33270.504728989785
test,33330.50563923143
test,33270.504728989785
test,33340.50579093837
test,33390.506549473066
test,33300.50518411061
test,33320.50548752449
test,33350.50594264531
test,33320.50548752449
test,33320.50548752449
test,33260.504577282845
test,33260.504577282845
test,33210.50381874815
test,33260.504577282845
test,33330.50563923143
test,33310.50533581755
test,33330.50563923143
test,33330.50563923143
test,33260.504577282845
test,33310.50533581755
test,33290.505032403664
test,33340.50579093837
test,33320.50548752449
test,33300.50518411061
test,33360.50609435225
test,33290.505032403664
test,33320.50548752449
test,33350.50594264531
test,33360.50609435225
test,33340.50579093837
test,33350.50594264531
test,33360.50609435225
test,33340.50579093837
test,33350.50594264531
test,33340.50579093837
test,33470.50776312859
test,33360.50609435225
test,33500.50821824941
test,33430.50715630083
test,33370.50624605919
test,33350.50594264531
test,33340.50579093837
test,33300.50518411061
test,3038756.099339602
test,33350.50594264531
test,33330.50563923143
test,33340.50579093837
test,33400.506701180006
test,33350.50594264531
test,33370.50624605919
test,33380.50639776613
test,33330.50563923143
test,33280.504880696724
test,33300.50518411061
test,33330.50563923143
test,33330.50563923143
test,33430.50715630083
test,33520.50852166329
test,33750.51201092291
test,38910.590291704015
test,34390.52172016708
test,33530.508673370234
test,33420.50700459389
test,33410.50685288695
test,33400.506701180006
test,33410.50685288695
test,33370.50624605919
test,33430.50715630083
test,33390.506549473066
test,33430.50715630083
test,33400.506701180006
test,33360.50609435225
test,33390.506549473066
test,33430.50715630083
test,33390.506549473066
test,33450.50745971471
test,33420.50700459389
test,33430.50715630083
test,33520.50852166329
test,33460.50761142165
test,33440.50730800777
test,33420.50700459389
test,33410.50685288695
test,33420.50700459389
test,33410.50685288695
test,33380.50639776613
test,33380.50639776613
test,33430.50715630083
test,33390.506549473066
test,33410.50685288695
test,33320.50548752449
test,33840.51337628537
test,33980.51550018253
test,34370.5214167532
test,34180.51853432134
test,33710.51140409515
test,33660.510645560455
test,33540.50882507717
test,33490.50806654247
test,33520.50852166329
test,33480.50791483553
test,33470.50776312859
test,33520.50852166329
test,33490.50806654247
test,33450.50745971471
test,33590.50958361187
test,33550.50897678411
test,33380.50639776613
test,33370.50624605919
test,33390.506549473066
test,34510.52354065036
test,34040.51641042418
test,36860.55919178129
test,33990.51565188947
test,34110.517472372754
test,34440.52247870178
test,34780.527636737745
test,34830.52839527245
test,33920.514589940896
test,33930.514741647836
test,33940.514893354775
test,33860.51367969925
test,33980.51550018253
test,34010.51595530336
test,34010.51595530336
test,34670.5259679614
test,35120.53279477371
test,34390.52172016708
test,34060.51671383806
test,34310.52050651156
test,34390.52172016708
test,34210.51898944216
test,34150.51807920052
test,34240.51944456298
test,34320.5206582185
test,34270.5198996838
test,34390.52172016708
test,34460.52278211566
test,34420.5221752879
test,34410.52202358096
test,34370.5214167532
test,34410.52202358096
test,34510.52354065036
test,34410.52202358096
test,34340.52096163238
test,34350.52111333932
test,34140.51792749358
test,34480.523085529545
test,34360.52126504626
test,33520.50852166329
test,33530.508673370234
test,33460.50761142165
test,33520.50852166329
test,33480.50791483553
test,38400.58255465007
test,33490.50806654247
test,33570.50928019799
test,33700.51125238821
test,33680.51094897433
test,33700.51125238821
test,33630.51019043963
test,33750.51201092291
test,34010.51595530336
test,33680.51094897433
test,33550.50897678411
test,33430.50715630083
test,33840.51337628537
test,33640.51034214657
test,33650.510493853515
test,33660.510645560455
test,3039926.117089314
test,34240.51944456298
test,33730.51170750903
test,33660.510645560455
test,33830.51322457843
test,34660.52581625446
test,34420.5221752879
test,35010.53112599737
test,34260.51974797686
test,34310.52050651156
test,34420.5221752879
test,34230.519292856035
test,34440.52247870178
test,34370.5214167532
test,34320.5206582185
test,34380.52156846014
test,34380.52156846014
test,34190.51868602828
test,34200.51883773522
test,34180.51853432134
test,34200.51883773522
test,34390.52172016708
test,35740.542200603995
test,35540.5391664652
test,36280.550392778765
test,35110.53264306677
test,34900.529457221026
test,34930.529912341844
test,37280.565563472774
test,35080.53218794595
test,34820.5282435655
test,41280.62624624882
test,34860.52885039327
test,34860.52885039327
test,34900.529457221026
test,34820.5282435655
test,34870.52900210021
test,34930.529912341844
test,34600.524906012826
test,34600.524906012826
test,35770.54265572482
test,34920.529760634905
test,34780.527636737745
test,34640.525512840584
test,34550.52414747812
test,3039916.116937607
test,33330.50563923143
test,33250.504425575906
test,33320.50548752449
test,33240.504273868966
test,33220.50397045509
test,33240.504273868966
test,33280.504880696724
test,33270.504728989785
test,33260.504577282845
test,33260.504577282845
test,33290.505032403664
test,33280.504880696724
test,33310.50533581755
test,33220.50397045509
test,33260.504577282845
test,33200.50366704121
test,33240.504273868966
test,33310.50533581755
test,33230.50412216203
test,33250.504425575906
test,33260.504577282845
test,33270.504728989785
test,33230.50412216203
test,33270.504728989785
test,33290.505032403664
test,33220.50397045509
test,33310.50533581755
test,33260.504577282845
test,33270.504728989785
test,33280.504880696724
test,33280.504880696724
test,33240.504273868966
test,33290.505032403664
test,33290.505032403664
test,33290.505032403664
test,33310.50533581755
test,33350.50594264531
test,33300.50518411061
test,33290.505032403664
test,33290.505032403664
test,33270.504728989785
test,33310.50533581755
test,33240.504273868966
test,33320.50548752449
test,33300.50518411061
test,33300.50518411061
test,34160.51823090746
test,33380.50639776613
test,33350.50594264531
test,33330.50563923143
test,33380.50639776613
test,33400.506701180006
test,33410.50685288695
test,33400.506701180006
test,33350.50594264531
test,33380.50639776613
test,33430.50715630083
test,33450.50745971471
test,33390.506549473066
test,33350.50594264531
test,33380.50639776613
test,33430.50715630083
test,33370.50624605919
test,33400.506701180006
test,33370.50624605919
test,33400.506701180006
test,33380.50639776613
test,33390.506549473066
test,33370.50624605919
test,33460.50761142165
test,33310.50533581755
test,33380.50639776613
test,33370.50624605919
test,33590.50958361187
test,33410.50685288695
test,33400.506701180006
test,33390.506549473066
test,33330.50563923143
test,33360.50609435225
test,33360.50609435225
test,33350.50594264531
test,33390.506549473066
test,33310.50533581755
test,33330.50563923143
test,33330.50563923143
test,33390.506549473066
test,33330.50563923143
test,33320.50548752449
test,33370.50624605919
test,33370.50624605919
test,33310.50533581755
test,33310.50533581755
test,33280.504880696724
test,33340.50579093837
test,33320.50548752449
test,33310.50533581755
test,33350.50594264531
test,33320.50548752449
test,33300.50518411061
test,33250.504425575906
test,33300.50518411061
test,33210.50381874815
test,33350.50594264531
test,33400.506701180006
test,33380.50639776613
test,33470.50776312859
test,33460.50761142165
test,33640.51034214657
test,34070.516865544996
test,33440.50730800777
test,33340.50579093837
test,34040.51641042418
test,34650.525664547524
test,33370.50624605919
test,33460.50761142165
test,33400.506701180006
test,33640.51034214657
test,33540.50882507717
test,33590.50958361187
test,33400.506701180006
test,33460.50761142165
test,33460.50761142165
test,34040.51641042418
test,33980.51550018253
test,33770.5123143368
test,40370.61244091728
test,33470.50776312859
test,33420.50700459389
test,33730.51170750903
test,33660.510645560455
test,33510.50836995635
test,33970.515348475594
test,34070.516865544996
test,33860.51367969925
test,34190.51868602828
test,34360.52126504626
test,35720.541897190116
test,35750.542352310935
test,34890.52930551409
test,3039176.1057112934
test,33220.50397045509
test,33300.50518411061
test,33210.50381874815
test,33240.504273868966
test,33240.504273868966
test,33250.504425575906
test,33260.504577282845
test,33260.504577282845
test,33290.505032403664
test,33380.50639776613
test,33350.50594264531
test,33270.504728989785
test,33350.50594264531
test,38630.586043909694
test,33340.50579093837
test,33410.50685288695
test,33300.50518411061
test,33260.504577282845
test,33300.50518411061
test,33270.504728989785
test,33470.50776312859
test,33300.50518411061
test,33320.50548752449
test,33260.504577282845
test,33340.50579093837
test,33270.504728989785
test,33270.504728989785
test,33290.505032403664
test,33340.50579093837
test,33320.50548752449
test,33310.50533581755
test,33360.50609435225
test,33320.50548752449
test,33290.505032403664
test,33300.50518411061
test,33260.504577282845
test,33310.50533581755
test,33250.504425575906
test,33270.504728989785
test,33320.50548752449
test,33430.50715630083
test,33390.506549473066
test,33320.50548752449
test,33270.504728989785
test,33300.50518411061
test,33220.50397045509
test,33260.504577282845
test,33280.504880696724
test,33350.50594264531
test,33230.50412216203
test,33340.50579093837
test,33280.504880696724
test,33230.50412216203
test,33340.50579093837
test,33230.50412216203
test,33270.504728989785
test,38060.577396614106
test,33280.504880696724
test,33340.50579093837
test,33330.50563923143
test,33250.504425575906
test,33330.50563923143
test,33320.50548752449
test,33300.50518411061
test,33270.504728989785
test,33340.50579093837
test,33310.50533581755
test,33280.504880696724
test,33310.50533581755
test,33340.50579093837
test,33270.504728989785
test,33270.504728989785
test,33390.506549473066
test,33290.505032403664
test,33310.50533581755
test,33290.505032403664
test,33250.504425575906
test,33290.505032403664
test,33400.506701180006
test,33240.504273868966
test,33310.50533581755
test,33320.50548752449
test,33280.504880696724
test,33310.50533581755
test,33290.505032403664
test,33330.50563923143
test,33350.50594264531
test,3038976.102677155
test,33430.50715630083
test,33360.50609435225
test,33320.50548752449
test,33330.50563923143
test,33340.50579093837
test,33320.50548752449
test,33310.50533581755
test,33350.50594264531
test,33400.506701180006
test,33340.50579093837
test,33320.50548752449
test,33320.50548752449
test,33290.505032403664
test,38370.58209952925
test,33360.50609435225
test,33380.50639776613
test,33370.50624605919
test,33350.50594264531
test,33370.50624605919
test,33380.50639776613
test,33300.50518411061
test,33350.50594264531
test,33290.505032403664
test,33300.50518411061
test,33300.50518411061
test,33320.50548752449
test,35590.539924999895
test,33390.506549473066
test,33350.50594264531
test,33350.50594264531
test,40580.615626763014
test,33390.506549473066
test,33440.50730800777
test,33340.50579093837
test,33360.50609435225
test,33320.50548752449
test,33320.50548752449
test,33410.50685288695
test,33360.50609435225
test,33340.50579093837
test,33370.50624605919
test,33390.506549473066
test,33310.50533581755
test,33380.50639776613
test,38660.58649903051
test,33360.50609435225
test,33420.50700459389
test,33420.50700459389
test,33380.50639776613
test,33340.50579093837
test,33350.50594264531
test,33320.50548752449
test,33330.50563923143
test,33290.505032403664
test,33310.50533581755
test,33340.50579093837
test,33320.50548752449
test,33330.50563923143
test,33270.504728989785
test,33250.504425575906
test,33330.50563923143
test,37870.57451418224
test,33330.50563923143
test,33410.50685288695
test,33300.50518411061
test,33320.50548752449
test,33400.506701180006
test,33320.50548752449
test,33300.50518411061
test,33290.505032403664
test,33290.505032403664
test,33300.50518411061
test,33350.50594264531
test,37900.57496930307
test,33400.506701180006
test,33330.50563923143
test,33310.50533581755
test,33260.504577282845
test,33390.506549473066
test,33250.504425575906
test,33310.50533581755
test,33310.50533581755
test,33280.504880696724
test,33280.504880696724
test,33230.50412216203
test,33250.504425575906
test,33360.50609435225
test,33290.505032403664
test,33340.50579093837
test,33300.50518411061
test,33340.50579093837
test,33320.50548752449
test,33400.506701180006
test,33380.50639776613
test,33310.50533581755
test,33280.504880696724
test,33300.50518411061
test,33290.505032403664
test,33270.504728989785
test,33330.50563923143
test,33260.504577282845
test,33290.505032403664
test,33240.504273868966
test,33270.504728989785
test,33220.50397045509
test,33270.504728989785
test,33250.504425575906
test,37920.575272716946
test,33380.50639776613
test,33360.50609435225
test,33290.505032403664
test,33310.50533581755
test,33380.50639776613
test,33360.50609435225
test,33350.50594264531
test,33390.506549473066
test,33320.50548752449
test,33320.50548752449
test,33350.50594264531
test,33330.50563923143
test,33280.504880696724
test,38120.57830685574
test,33350.50594264531
test,33350.50594264531
test,33300.50518411061
test,33300.50518411061
test,33300.50518411061
test,33310.50533581755
test,33360.50609435225
test,33380.50639776613
test,33360.50609435225
test,33250.504425575906
test,33320.50548752449
test,33370.50624605919
test,33300.50518411061
test,33290.505032403664
test,33280.504880696724
test,33370.50624605919
test,33350.50594264531
test,33310.50533581755
test,33310.50533581755
test,33290.505032403664
test,38100.578003441864
test,33380.50639776613
test,33300.50518411061
test,33280.504880696724
test,33310.50533581755
test,33320.50548752449
test,33320.50548752449
test,33250.504425575906
test,33290.505032403664
test,35280.53522208475
test,33410.50685288695
test,33350.50594264531
test,33290.505032403664
test,37630.57087321568
test,33270.504728989785
test,33250.504425575906
test,33310.50533581755
test,33290.505032403664
test,33290.505032403664
test,33260.504577282845
test,33240.504273868966
test,33280.504880696724
test,33310.50533581755
test,33300.50518411061
test,33280.504880696724
test,33310.50533581755
test,33280.504880696724
test,33300.50518411061
test,33300.50518411061
test,33300.50518411061
test,33320.50548752449
test,33240.504273868966
test,33330.50563923143
test,33280.504880696724
test,33270.504728989785
test,33320.50548752449
test,33300.50518411061
test,33290.505032403664
test,33260.504577282845
test,33250.504425575906
test,33290.505032403664
test,33300.50518411061
test,33290.505032403664
test,33260.504577282845
test,33330.50563923143
test,33290.505032403664
test,33260.504577282845
test,33320.50548752449
test,33270.504728989785
test,33280.504880696724
test,37590.57026638792
test,33300.50518411061
test,33270.504728989785
test,33320.50548752449
test,33260.504577282845
test,33270.504728989785
test,33230.50412216203
test,33230.50412216203
test,33250.504425575906
test,33300.50518411061
test,33360.50609435225
test,33360.50609435225
test,33270.504728989785
test,33400.506701180006
test,33330.50563923143
test,37570.56996297404
test,33370.50624605919
test,33370.50624605919
test,33440.50730800777
test,33320.50548752449
test,33330.50563923143
test,33360.50609435225
test,33420.50700459389
test,33340.50579093837
test,33370.50624605919
test,33350.50594264531
test,33370.50624605919
test,33430.50715630083
test,33390.506549473066
test,33440.50730800777
test,33420.50700459389
test,33400.506701180006
test,33440.50730800777
test,33380.50639776613
test,33430.50715630083
test,33380.50639776613
test,33340.50579093837
test,33360.50609435225
test,33330.50563923143
test,33350.50594264531
test,33330.50563923143
test,33320.50548752449
test,33420.50700459389
test,33410.50685288695
test,33400.506701180006
test,33370.50624605919
test,38130.57845856269
test,33390.506549473066
test,33470.50776312859
test,33340.50579093837
test,33410.50685288695
test,33390.506549473066
test,33430.50715630083
test,33410.50685288695
test,33360.50609435225
test,33390.506549473066
test,33370.50624605919
test,33360.50609435225
test,33390.506549473066
test,33390.506549473066
test,33400.506701180006
test,33300.50518411061
test,33390.506549473066
test,38170.57906539045
test,33350.50594264531
test,33360.50609435225
test,33360.50609435225
test,33290.505032403664
test,33260.504577282845
test,33310.50533581755
test,33340.50579093837
test,33350.50594264531
test,33300.50518411061
test,33320.50548752449
test,33380.50639776613
test,33360.50609435225
test,33350.50594264531
test,33420.50700459389
test,33370.50624605919
test,33370.50624605919
test,33330.50563923143
test,33270.504728989785
test,33350.50594264531
test,35100.53249135983
test,33360.50609435225
test,33460.50761142165
test,33570.50928019799
test,34470.522933822605
test,34520.5236923573
test,34070.516865544996
test,34090.517168958875
test,33620.51003873269
test,33400.506701180006
test,33400.506701180006
test,33410.50685288695
test,33430.50715630083
test,33400.506701180006
test,33420.50700459389
test,33460.50761142165
test,33490.50806654247
test,33420.50700459389
test,33340.50579093837
test,33370.50624605919
test,33420.50700459389
test,33450.50745971471
test,33420.50700459389
test,33540.50882507717
test,33510.50836995635
test,33650.510493853515
test,33960.515196768654
test,34050.51656213112
test,33930.514741647836
test,33920.514589940896
test,33940.514893354775
test,33960.515196768654
test,33960.515196768654
test,34390.52172016708
test,34960.53036746267
test,35030.53142941125
test,35050.531732825126
test,34140.51792749358
test,33910.51443823396
test,33940.514893354775
test,33940.514893354775
test,33740.51185921597
test,33480.50791483553
test,33420.50700459389
test,33390.506549473066
test,33390.506549473066
test,33440.50730800777
test,33440.50730800777
test,33420.50700459389
test,33430.50715630083
test,33420.50700459389
test,33420.50700459389
test,33450.50745971471
test,33400.506701180006
test,33420.50700459389
test,33440.50730800777
test,33480.50791483553
test,35420.53734598192
test,33490.50806654247
test,33440.50730800777
test,37930.575424423885
test,33540.50882507717
test,33560.50912849105
test,33410.50685288695
test,33400.506701180006
test,33430.50715630083
test,33470.50776312859
test,33470.50776312859
test,33480.50791483553
test,33550.50897678411
test,33660.510645560455
test,33470.50776312859
test,33480.50791483553
test,33450.50745971471
test,33410.50685288695
test,33470.50776312859
test,33400.506701180006
test,33590.50958361187
test,33440.50730800777
test,33480.50791483553
test,33430.50715630083
test,33410.50685288695
test,33490.50806654247
test,33430.50715630083
test,33500.50821824941
test,33480.50791483553
test,33440.50730800777
test,33410.50685288695
test,33470.50776312859
test,33550.50897678411
test,38030.57694149329
test,33560.50912849105
test,33500.50821824941
test,33540.50882507717
test,33520.50852166329
test,33500.50821824941
test,33500.50821824941
test,33470.50776312859
test,33470.50776312859
test,33430.50715630083
test,33550.50897678411
test,33470.50776312859
test,33430.50715630083
test,33390.506549473066
test,33490.50806654247
test,33420.50700459389
test,33460.50761142165
test,33440.50730800777
test,33520.50852166329
test,33420.50700459389
test,33460.50761142165
test,33470.50776312859
test,33460.50761142165
test,33550.50897678411
test,34090.517168958875
test,33930.514741647836
test,33590.50958361187
test,35670.54113865542
test,33460.50761142165
test,33490.50806654247
test,33610.50988702575
test,33860.51367969925
test,39540.59984924125
test,34210.51898944216
test,33730.51170750903
test,33540.50882507717
test,33600.50973531881
test,33920.514589940896
test,33500.50821824941
test,33480.50791483553
test,33760.51216262985
test,33750.51201092291
test,33640.51034214657
test,34050.51656213112
test,33730.51170750903
test,34400.52187187402
test,39820.60409703557
test,33560.50912849105
test,33730.51170750903
test,33730.51170750903
test,33570.50928019799
test,33720.51155580209
test,33700.51125238821
test,33690.51110068127
test,34260.51974797686
test,34040.51641042418
test,34190.51868602828
test,34430.52232699484
test,35200.53400842923
test,35540.5391664652
test,34400.52187187402
test,35170.53355330841
test,35720.541897190116
test,35310.535677205575
test,34740.52702990999
test,34500.523388943424
test,34420.5221752879
test,34860.52885039327
test,34940.530064048784
test,35440.537649395796
test,34810.52809185856
test,35310.535677205575
test,35340.53613232639
test,40290.611227261754
test,34740.52702990999
test,34830.52839527245
test,34680.52611966834
test,35020.53127770431
test,35240.53461525699
test,35350.53628403333
test,35570.53962158602
test,35290.53537379169
test,36640.55585422861
test,36480.55342691757
test,36760.55767471189
test,35380.53673915415
test,40070.60788970907
test,35310.535677205575
test,35510.53871134437
test,35670.54113865542
test,35340.53613232639
test,35990.5459932775
test,35710.54174548318
test,35470.538104516614
test,35210.53416013617
test,35340.53613232639
test,35260.53491867087
test,35910.54477962198
test,36030.54660010526
test,35730.542048897056
test,35800.54311084564
test,35920.54493132892
test,36020.54644839832
test,35590.539924999895
test,35380.53673915415
test,35410.53719427497
test,35530.53901475825
test,35410.53719427497
test,35920.54493132892
test,36080.54735863996
test,35710.54174548318
test,35880.544324501156
test,35920.54493132892
test,35860.54402108728
test,35850.54386938034
test,35850.54386938034
test,35810.54326255258
test,35950.54538644974
test,35860.54402108728
test,35880.544324501156
test,35830.54356596646
test,35950.54538644974
test,35880.544324501156
test,35830.54356596646
test,35830.54356596646
test,35850.54386938034
test,35620.540380120714
test,34980.53067087655
test,35010.53112599737
test,34990.53082258349
test,35010.53112599737
test,34960.53036746267
test,34990.53082258349
test,35010.53112599737
test,34990.53082258349
test,35000.53097429043
test,34970.53051916961
test,34980.53067087655
test,34970.53051916961
test,34960.53036746267
test,34950.53021575573
test,34270.5198996838
test,34220.519141149096
test,35900.54462791504
test,34260.51974797686
test,34180.51853432134
test,34250.51959626992
test,34250.51959626992
test,34230.519292856035
test,34320.5206582185
test,34290.52020309768
test,34240.51944456298
test,34300.52035480462
test,34200.51883773522
test,34220.519141149096
test,34210.51898944216
test,34240.51944456298
test,34090.517168958875
test,33440.50730800777
test,33470.50776312859
test,33490.50806654247
test,33510.50836995635
test,33510.50836995635
test,33600.50973531881
test,38010.57663807941
test,33570.50928019799
test,33520.50852166329
test,33560.50912849105
test,33540.50882507717
test,33520.50852166329
test,33550.50897678411
test,33570.50928019799
test,33500.50821824941
test,33460.50761142165
test,33390.506549473066
test,33370.50624605919
test,33420.50700459389
test,33390.506549473066
test,33360.50609435225
test,33310.50533581755
test,33340.50579093837
test,33370.50624605919
test,33270.504728989785
test,33290.505032403664
test,33290.505032403664
test,33300.50518411061
test,33350.50594264531
test,33330.50563923143
test,33320.50548752449
test,33320.50548752449
test,33270.504728989785
test,33390.506549473066
test,33340.50579093837
test,33380.50639776613
test,33370.50624605919
test,33350.50594264531
test,33430.50715630083
test,33360.50609435225
test,37810.573603940604
test,33570.50928019799
test,33480.50791483553
test,33510.50836995635
test,33550.50897678411
test,33360.50609435225
test,33360.50609435225
test,33350.50594264531
test,33310.50533581755
test,33340.50579093837
test,33320.50548752449
test,33370.50624605919
test,33340.50579093837
test,33360.50609435225
test,34450.52263040872
test,34340.52096163238
test,36310.55084789958
test,34030.51625871724
test,33820.513072871494
test,38340.58164440843
test,33430.50715630083
test,33690.51110068127
test,33930.514741647836
test,34280.52005139074
test,33530.508673370234
test,33360.50609435225
test,33450.50745971471
test,33870.51383140619
test,33420.50700459389
test,34380.52156846014
test,34220.519141149096
test,34690.52627137528
test,34250.51959626992
test,34210.51898944216
test,34300.52035480462
test,34370.5214167532
test,34480.523085529545
test,35060.53188453207
test,34760.527333323866
test,34540.52399577118
test,34260.51974797686
test,35490.53840793049
test,36560.554640573086
test,36510.55388203839
test,36340.5513030204
test,34820.5282435655
test,34870.52900210021
test,39960.60622093273
test,34880.52915380715
test,34860.52885039327
test,34830.52839527245
test,34910.529608927965
test,34930.529912341844
test,35990.5459932775
test,36500.55373033145
test,36350.55145472734
test,35810.54326255258
test,36040.5467518122
test,41420.62837014598
test,35660.54098694848
test,35640.54068353459
test,35640.54068353459
test,35640.54068353459
test,35590.539924999895
test,35630.54053182765
test,35580.539773292956
test,35130.53294648065
test,35250.53476696393
test,37070.56237762704
test,35260.53491867087
test,35170.53355330841
test,35160.53340160147
test,40920.62078479898
test,35180.533705015354
test,35380.53673915415
test,35290.53537379169
test,35270.53507037781
test,35290.53537379169
test,35060.53188453207
test,35330.535980619454
test,35080.53218794595
test,34410.52202358096
test,34410.52202358096
test,34490.523237236484
test,34450.52263040872
test,39140.59378096364
test,34560.52429918506
test,34470.522933822605
test,34490.523237236484
test,34410.52202358096
test,34470.522933822605
test,34300.52035480462
test,34360.52126504626
test,33720.51155580209
test,33670.510797267394
test,33590.50958361187
test,33640.51034214657
test,33620.51003873269
test,33610.50988702575
test,38310.58118928761
test,33660.510645560455
test,33780.512466043736
test,33730.51170750903
test,33720.51155580209
test,33880.51398311313
test,33900.51428652702
test,33910.51443823396
test,33320.50548752449
test,33420.50700459389
test,33300.50518411061
test,33310.50533581755
test,33330.50563923143
test,33360.50609435225
test,33350.50594264531
test,33380.50639776613
test,33320.50548752449
test,33340.50579093837
test,33320.50548752449
test,33430.50715630083
test,33330.50563923143
test,33350.50594264531
test,33290.505032403664
test,33460.50761142165
test,33450.50745971471
test,33760.51216262985
test,34160.51823090746
test,33980.51550018253
test,33470.50776312859
test,38530.58452684029
test,33390.506549473066
test,33530.508673370234
test,34040.51641042418
test,33420.50700459389
test,33410.50685288695
test,33490.50806654247
test,33340.50579093837
test,33450.50745971471
test,33340.50579093837
test,33830.51322457843
test,34100.517320665815
test,33700.51125238821
test,38520.58437513335
test,33380.50639776613
test,33660.510645560455
test,33380.50639776613
test,33510.50836995635
test,33310.50533581755
test,33260.504577282845
test,33510.50836995635
test,34010.51595530336
test,34070.516865544996
test,34390.52172016708
test,34700.52642308222
test,35970.54568986362
test,35640.54068353459
test,35210.53416013617
test,34160.51823090746
test,34260.51974797686
test,34100.517320665815
test,34100.517320665815
test,34030.51625871724
test,34440.52247870178
test,34790.527788444684
test,34220.519141149096
test,34180.51853432134
test,34220.519141149096
test,34350.52111333932
test,34500.523388943424
test,34340.52096163238
test,34240.51944456298
test,34490.523237236484
test,34800.52794015162
test,34170.5183826144
test,34200.51883773522
test,34270.5198996838
test,34220.519141149096
test,34230.519292856035
test,34510.52354065036
test,34290.52020309768
test,34350.52111333932
test,34290.52020309768
test,34400.52187187402
test,34070.516865544996
test,34320.5206582185
test,34500.523388943424
test,33670.510797267394
test,33680.51094897433
test,33630.51019043963
test,33700.51125238821
test,33620.51003873269
test,35180.533705015354
test,33660.510645560455
test,33570.50928019799
test,33460.50761142165
test,33430.50715630083
test,33530.508673370234
test,33780.512466043736
test,33780.512466043736
test,33690.51110068127
test,33450.50745971471
test,33480.50791483553
test,33490.50806654247
test,33460.50761142165
test,33450.50745971471
test,33510.50836995635
test,33350.50594264531
test,39740.602883380045
test,33380.50639776613
test,33370.50624605919
test,33320.50548752449
test,33370.50624605919
test,33310.50533581755
test,33360.50609435225
test,33350.50594264531
test,33360.50609435225
test,33320.50548752449
test,33240.504273868966
test,33270.504728989785
test,33240.504273868966
test,33290.505032403664
test,33320.50548752449
test,33320.50548752449
test,33260.504577282845
test,33250.504425575906
test,33290.505032403664
test,33250.504425575906
test,33290.505032403664
test,33300.50518411061
test,33280.504880696724
test,33280.504880696724
test,33230.50412216203
test,33300.50518411061
test,37640.57102492262
test,33370.50624605919
test,33330.50563923143
test,33340.50579093837
test,33260.504577282845
test,33280.504880696724
test,33330.50563923143
test,33360.50609435225
test,33370.50624605919
test,33400.506701180006
test,33330.50563923143
test,33490.50806654247
test,33360.50609435225
test,33370.50624605919
test,33280.504880696724
test,33390.506549473066
test,33300.50518411061
test,33350.50594264531
test,33790.512617750675
test,34240.51944456298
test,34360.52126504626
test,34580.52460259894
test,34260.51974797686
test,34010.51595530336
test,33420.50700459389
test,33410.50685288695
test,33380.50639776613
test,33380.50639776613
test,33370.50624605919
test,33350.50594264531
test,38510.58422342641
test,33460.50761142165
test,33480.50791483553
test,33450.50745971471
test,33480.50791483553
test,33420.50700459389
test,33370.50624605919
test,33390.506549473066
test,33420.50700459389
test,33440.50730800777
test,33410.50685288695
test,33460.50761142165
test,33390.506549473066
test,33380.50639776613
test,33330.50563923143
test,33390.506549473066
test,33310.50533581755
test,37880.57466588918
test,33390.506549473066
test,33320.50548752449
test,33380.50639776613
test,33340.50579093837
test,33420.50700459389
test,33390.506549473066
test,33390.506549473066
test,33350.50594264531
test,33350.50594264531
test,33380.50639776613
test,33350.50594264531
test,33320.50548752449
test,33380.50639776613
test,33370.50624605919
test,33360.50609435225
test,33370.50624605919
test,33390.506549473066
test,33250.504425575906
test,33320.50548752449
test,33280.504880696724
test,33330.50563923143
test,33390.506549473066
test,33380.50639776613
test,33400.506701180006
test,38810.58877463461
test,33400.506701180006
test,33390.506549473066
test,33360.50609435225
test,33380.50639776613
test,33430.50715630083
test,33450.50745971471
test,33490.50806654247
test,33440.50730800777
test,33440.50730800777
test,33410.50685288695
test,33440.50730800777
test,33390.506549473066
test,33330.50563923143
test,33390.506549473066
test,33360.50609435225
test,33360.50609435225
test,33300.50518411061
test,33330.50563923143
test,33310.50533581755
test,33320.50548752449
test,33290.505032403664
test,33280.504880696724
test,33390.506549473066
test,33370.50624605919
test,33390.506549473066
test,33280.504880696724
test,33310.50533581755
test,33370.50624605919
test,33350.50594264531
test,33360.50609435225
test,33330.50563923143
test,37730.57239028508
test,33440.50730800777
test,33410.50685288695
test,33360.50609435225
test,33450.50745971471
test,33580.50943190493
test,33470.50776312859
test,33390.506549473066
test,33420.50700459389
test,33480.50791483553
test,33380.50639776613
test,33290.505032403664
test,33280.504880696724
test,33300.50518411061
test,33250.504425575906
test,33360.50609435225
test,33310.50533581755
test,33300.50518411061
test,33230.50412216203
test,33250.504425575906
test,33320.50548752449
test,33370.50624605919
test,33340.50579093837
test,33300.50518411061
test,33290.505032403664
test,33410.50685288695
test,33840.51337628537
test,34250.51959626992
test,33410.50685288695
test,33280.504880696724
test,35090.53233965289
test,33520.50852166329
test,33960.515196768654
test,33430.50715630083
test,33520.50852166329
test,33530.508673370234
test,33480.50791483553
test,33580.50943190493
test,33410.50685288695
test,33510.50836995635
test,34010.51595530336
test,34220.519141149096
test,33520.50852166329
test,34090.517168958875
test,33820.513072871494
test,33510.50836995635
test,33620.51003873269
test,33610.50988702575
test,33620.51003873269
test,33560.50912849105
test,33420.50700459389
test,33430.50715630083
test,33400.506701180006
test,33300.50518411061
test,33430.50715630083
test,33410.50685288695
test,33500.50821824941
test,33560.50912849105
test,33730.51170750903
test,34650.525664547524
test,35660.54098694848
test,35780.54280743176
test,35860.54402108728
test,35050.531732825126
test,33910.51443823396
test,34180.51853432134
test,34230.519292856035
test,34860.52885039327
test,34120.5176240797
test,34190.51868602828
test,34150.51807920052
test,34620.525209426705
test,34700.52642308222
test,34420.5221752879
test,34670.5259679614
test,34670.5259679614
test,34770.527485030805
test,35870.544172794216
test,34910.529608927965
test,34780.527636737745
test,34660.52581625446
test,39100.59317413588
test,34620.525209426705
test,34600.524906012826
test,34870.52900210021
test,35520.53886305131
test,34810.52809185856
test,34500.523388943424
test,34790.527788444684
test,35200.53400842923
test,33830.51322457843
test,33850.51352799231
test,36340.5513030204
test,33860.51367969925
test,33910.51443823396
test,33850.51352799231
test,33860.51367969925
test,33920.514589940896
test,33910.51443823396
test,33930.514741647836
test,34040.51641042418
test,33920.514589940896
test,33900.51428652702
test,33770.5123143368
test,33850.51352799231
test,33470.50776312859
test,33410.50685288695
test,33440.50730800777
test,33410.50685288695
test,33390.506549473066
test,33390.506549473066
test,33440.50730800777
test,37980.57618295858
test,33340.50579093837
test,33410.50685288695
test,33400.506701180006
test,33380.50639776613
test,33320.50548752449
test,33330.50563923143
test,33360.50609435225
test,33440.50730800777
test,33340.50579093837
test,33390.506549473066
test,33350.50594264531
test,33320.50548752449
test,33370.50624605919
test,33320.50548752449
test,33330.50563923143
test,33290.505032403664
test,33390.506549473066
test,33410.50685288695
test,33320.50548752449
test,33300.50518411061
test,33350.50594264531
test,33390.506549473066
test,33410.50685288695
test,33310.50533581755
test,33350.50594264531
test,33280.504880696724
test,33350.50594264531
test,33350.50594264531
test,33300.50518411061
test,33290.505032403664
test,33290.505032403664
test,33350.50594264531
test,33300.50518411061
test,33380.50639776613
test,33360.50609435225
test,33300.50518411061
test,33300.50518411061
test,33320.50548752449
test,33360.50609435225
test,33330.50563923143
test,33330.50563923143
test,35030.53142941125
test,33280.504880696724
test,33320.50548752449
test,38770.588167806854
test,33330.50563923143
test,33330.50563923143
test,33340.50579093837
test,33340.50579093837
test,33310.50533581755
test,33270.504728989785
test,33360.50609435225
test,33270.504728989785
test,33330.50563923143
test,33240.504273868966
test,33310.50533581755
test,33330.50563923143
test,33260.504577282845
test,33320.50548752449
test,33260.504577282845
test,33290.505032403664
test,37660.571328336504
test,33400.506701180006
test,33370.50624605919
test,33310.50533581755
test,33310.50533581755
test,33330.50563923143
test,33270.504728989785
test,33300.50518411061
test,33300.50518411061
test,33280.504880696724
test,33290.505032403664
test,33270.504728989785
test,33250.504425575906
test,33290.505032403664
test,33270.504728989785
test,33310.50533581755
test,37850.57421076836
test,33340.50579093837
test,33370.50624605919
test,33270.504728989785
test,33300.50518411061
test,33290.505032403664
test,33260.504577282845
test,33340.50579093837
test,33250.504425575906
test,33310.50533581755
test,33250.504425575906
test,33320.50548752449
test,37630.57087321568
test,33370.50624605919
test,33330.50563923143
test,33370.50624605919
test,33390.506549473066
test,33350.50594264531
test,33330.50563923143
test,33370.50624605919
test,33360.50609435225
test,33260.504577282845
test,33280.504880696724
test,33290.505032403664
test,33320.50548752449
test,33280.504880696724
test,33330.50563923143
test,33310.50533581755
test,33290.505032403664
test,33340.50579093837
test,38440.58316147783
test,33350.50594264531
test,33440.50730800777
test,33370.50624605919
test,33350.50594264531
test,33340.50579093837
test,33320.50548752449
test,33270.504728989785
test,33330.50563923143
test,33300.50518411061
test,33340.50579093837
test,33300.50518411061
test,33400.506701180006
test,33320.50548752449
test,33330.50563923143
test,33420.50700459389
test,33390.506549473066
test,33320.50548752449
test,33340.50579093837
test,33300.50518411061
test,33360.50609435225
test,33370.50624605919
test,33380.50639776613
test,33330.50563923143
test,33340.50579093837
test,33310.50533581755
test,33400.506701180006
test,33360.50609435225
test,33380.50639776613
test,33300.50518411061
test,33420.50700459389
test,33390.506549473066
test,33300.50518411061
test,33390.506549473066
test,33350.50594264531
test,33380.50639776613
test,33370.50624605919
test,33330.50563923143
test,33320.50548752449
test,33350.50594264531
test,33280.504880696724
test,33270.504728989785
test,33330.50563923143
test,33290.505032403664
test,33320.50548752449
test,33350.50594264531
test,33290.505032403664
test,33340.50579093837
test,33330.50563923143
test,33290.505032403664
test,33320.50548752449
test,33360.50609435225
test,33320.50548752449
test,33270.504728989785
test,33300.50518411061
test,33270.504728989785
test,33320.50548752449
test,33360.50609435225
test,33300.50518411061
test,33330.50563923143
test,33370.50624605919
test,33330.50563923143
test,33360.50609435225
test,33370.50624605919
test,33400.506701180006
test,33290.505032403664
test,33380.50639776613
test,33340.50579093837
test,33350.50594264531
test,33340.50579093837
test,33270.504728989785
test,33310.50533581755
test,33310.50533581755
test,33360.50609435225
test,37840.57405906142
test,33340.50579093837
test,33320.50548752449
test,33310.50533581755
test,33350.50594264531
test,33360.50609435225
test,33400.506701180006
test,33390.506549473066
test,33400.506701180006
test,33350.50594264531
test,33330.50563923143
test,33380.50639776613
test,33350.50594264531
test,33400.506701180006
test,33440.50730800777
test,33380.50639776613
test,33510.50836995635
test,33300.50518411061
test,33400.506701180006
test,33380.50639776613
test,33390.506549473066
test,33380.50639776613
test,33380.50639776613
test,33390.506549473066
test,33390.506549473066
test,33330.50563923143
test,33410.50685288695
test,33350.50594264531
test,33410.50685288695
test,33370.50624605919
test,33360.50609435225
test,33400.506701180006
test,33350.50594264531
test,33330.50563923143
test,33300.50518411061
test,33350.50594264531
test,33390.506549473066
test,35020.53127770431
test,33430.50715630083
test,33370.50624605919
test,33380.50639776613
test,33370.50624605919
test,38180.57921709739
test,33290.505032403664
test,33330.50563923143
test,33300.50518411061
test,33300.50518411061
test,33280.504880696724
test,33300.50518411061
test,33280.504880696724
test,33500.50821824941
test,33350.50594264531
test,33330.50563923143
test,33290.505032403664
test,33340.50579093837
test,33260.504577282845
test,33350.50594264531
test,33310.50533581755
test,33270.504728989785
test,33320.50548752449
test,33260.504577282845
test,33310.50533581755
test,33400.506701180006
test,33340.50579093837
test,33370.50624605919
test,33320.50548752449
test,33350.50594264531
test,33360.50609435225
test,33360.50609435225
test,33380.50639776613
test,33350.50594264531
test,33330.50563923143
test,33360.50609435225
test,33400.506701180006
test,33440.50730800777
test,33350.50594264531
test,33390.506549473066
test,33350.50594264531
test,33380.50639776613
test,33380.50639776613
test,33350.50594264531
test,33330.50563923143
test,33410.50685288695
test,33370.50624605919
test,33380.50639776613
test,33280.504880696724
test,33360.50609435225
test,33390.506549473066
test,33330.50563923143
test,33270.504728989785
test,33340.50579093837
test,33380.50639776613
test,33420.50700459389
test,33370.50624605919
test,33410.50685288695
test,33410.50685288695
test,38940.59074682483
test,33460.50761142165
test,33430.50715630083
test,33420.50700459389
test,33470.50776312859
test,33460.50761142165
test,33380.50639776613
test,33430.50715630083
test,33590.50958361187
test,34220.519141149096
test,34680.52611966834
test,34210.51898944216
test,33930.514741647836
test,33630.51019043963
test,33510.50836995635
test,33510.50836995635
test,38230.579975632085
test,33460.50761142165
test,33480.50791483553
test,33480.50791483553
test,33440.50730800777
test,33460.50761142165
test,33410.50685288695
test,33460.50761142165
test,33410.50685288695
test,33850.51352799231
test,33810.512921164554
test,33800.512769457615
test,33760.51216262985
test,33780.512466043736
test,33760.51216262985
test,33630.51019043963
test,38050.57724490717
test,33680.51094897433
test,33690.51110068127
test,33720.51155580209
test,33640.51034214657
test,33690.51110068127
test,33740.51185921597
test,33690.51110068127
test,33660.510645560455
test,33500.50821824941
test,33670.510797267394
test,33560.50912849105
test,33410.50685288695
test,33370.50624605919
test,33390.506549473066
test,33340.50579093837
test,33410.50685288695
test,33450.50745971471
test,33420.50700459389
test,33400.506701180006
test,33390.506549473066
test,33290.505032403664
test,33360.50609435225
test,33320.50548752449
test,33330.50563923143
test,33400.506701180006
test,33350.50594264531
test,33290.505032403664
test,33330.50563923143
test,33270.504728989785
test,33280.504880696724
test,33350.50594264531
test,35120.53279477371
test,33400.506701180006
test,33340.50579093837
test,38310.58118928761
test,33380.50639776613
test,33420.50700459389
test,33350.50594264531
test,33290.505032403664
test,33450.50745971471
test,33420.50700459389
test,33440.50730800777
test,33380.50639776613
test,33390.506549473066
test,33420.50700459389
test,33440.50730800777
test,33470.50776312859
test,33380.50639776613
test,33430.50715630083
test,33430.50715630083
test,33420.50700459389
test,33440.50730800777
test,33460.50761142165
test,33380.50639776613
test,33410.50685288695
test,33370.50624605919
test,33430.50715630083
test,33340.50579093837
test,33340.50579093837
test,33390.506549473066
test,33280.504880696724
test,33330.50563923143
test,33360.50609435225
test,33410.50685288695
test,33390.506549473066
test,33400.506701180006
test,33370.50624605919
test,33490.50806654247
test,33390.506549473066
test,33440.50730800777
test,33480.50791483553
test,33550.50897678411
test,33510.50836995635
test,33560.50912849105
test,33580.50943190493
test,33590.50958361187
test,33520.50852166329
test,33520.50852166329
test,33490.50806654247
test,33410.50685288695
test,33530.508673370234
test,33530.508673370234
test,33730.51170750903
test,33490.50806654247
test,33410.50685288695
test,33440.50730800777
test,33450.50745971471
test,33430.50715630083
test,33760.51216262985
test,34400.52187187402
test,33990.51565188947
test,35470.538104516614
test,33780.512466043736
test,33590.50958361187
test,33520.50852166329
test,33450.50745971471
test,34060.51671383806
test,34150.51807920052
test,33950.515045061715
test,33520.50852166329
test,35580.539773292956
test,34530.52384406424
test,34210.51898944216
test,34390.52172016708
test,34280.52005139074
test,34270.5198996838
test,34180.51853432134
test,38780.588319513794
test,34240.51944456298
test,34410.52202358096
test,35880.544324501156
test,36030.54660010526
test,35010.53112599737
test,34610.525057719766
test,34700.52642308222
test,34490.523237236484
test,34790.527788444684
test,34620.525209426705
test,35320.535828912514
test,35460.537952809675
test,40560.615323349135
test,35090.53233965289
test,35550.53931817214
test,34540.52399577118
test,34660.52581625446
test,34560.52429918506
test,34860.52885039327
test,35600.540076706835
test,35260.53491867087
test,35090.53233965289
test,35700.54159377624
test,35210.53416013617
test,35550.53931817214
test,35410.53719427497
test,35800.54311084564
test,35380.53673915415
test,35010.53112599737
test,35120.53279477371
test,35280.53522208475
test,34440.52247870178
test,36090.5475103469
test,34440.52247870178
test,34560.52429918506
test,34530.52384406424
test,34510.52354065036
test,34530.52384406424
test,34490.523237236484
test,34530.52384406424
test,34430.52232699484
test,34310.52050651156
test,33870.51383140619
test,33710.51140409515
test,33580.50943190493
test,33600.50973531881
test,33640.51034214657
test,33730.51170750903
test,33770.5123143368
test,33600.50973531881
test,33630.51019043963
test,33640.51034214657
test,33310.50533581755
test,33370.50624605919
test,33370.50624605919
test,33360.50609435225
test,33390.506549473066
test,33340.50579093837
test,33490.50806654247
test,33490.50806654247
test,33490.50806654247
test,33390.506549473066
test,33390.506549473066
test,33450.50745971471
test,33440.50730800777
test,33400.506701180006
test,33450.50745971471
test,33400.506701180006
test,33410.50685288695
test,33460.50761142165
test,33440.50730800777
test,33380.50639776613
test,33340.50579093837
test,33480.50791483553
test,37940.575576130825
test,33430.50715630083
test,33580.50943190493
test,33460.50761142165
test,33550.50897678411
test,33480.50791483553
test,33410.50685288695
test,33490.50806654247
test,33520.50852166329
test,33510.50836995635
test,33510.50836995635
test,33550.50897678411
test,33480.50791483553
test,33500.50821824941
test,34930.529912341844
test,33500.50821824941
test,33540.50882507717
test,33460.50761142165
test,33510.50836995635
test,33540.50882507717
test,34340.52096163238
test,34450.52263040872
test,34590.52475430589
test,34050.51656213112
test,33880.51398311313
test,33700.51125238821
test,33590.50958361187
test,33490.50806654247
test,33430.50715630083
test,33430.50715630083
test,33420.50700459389
test,33390.506549473066
test,33410.50685288695
test,33440.50730800777
test,33480.50791483553
test,33390.506549473066
test,33440.50730800777
test,33450.50745971471
test,38360.58194782231
test,33570.50928019799
test,33560.50912849105
test,33430.50715630083
test,33900.51428652702
test,33950.515045061715
test,34890.52930551409
test,35050.531732825126
test,34380.52156846014
test,33990.51565188947
test,34360.52126504626
test,34300.52035480462
test,34380.52156846014
test,34330.52080992544
test,34330.52080992544
test,34400.52187187402
test,34870.52900210021
test,34490.523237236484
test,34180.51853432134
test,34300.52035480462
test,34650.525664547524
test,34540.52399577118
test,34680.52611966834
test,34850.52869868633
test,35370.53658744721
test,34930.529912341844
test,34630.525361133645
test,34720.52672649611
test,34720.52672649611
test,34740.52702990999
test,34650.525664547524
test,34500.523388943424
test,34880.52915380715
test,35180.533705015354
test,34860.52885039327
test,35980.54584157056
test,35280.53522208475
test,36830.558736660474
test,35830.54356596646
test,35190.53385672229
test,39910.60546239803
test,35200.53400842923
test,35020.53127770431
test,35000.53097429043
test,35030.53142941125
test,35040.531581118186
test,34960.53036746267
test,34890.52930551409
test,34950.53021575573
test,35170.53355330841
test,34960.53036746267
test,34910.529608927965
test,35130.53294648065
test,35080.53218794595
test,34910.529608927965
test,34950.53021575573
test,34980.53067087655
test,34990.53082258349
test,34990.53082258349
test,34760.527333323866
test,34290.52020309768
test,34180.51853432134
test,34240.51944456298
test,34170.5183826144
test,38600.585588788876
test,34110.517472372754
test,34170.5183826144
test,34090.517168958875
test,34100.517320665815
test,34090.517168958875
test,34100.517320665815
test,34070.516865544996
test,34140.51792749358
test,34080.517017251936
test,34140.51792749358
test,34040.51641042418
test,34110.517472372754
test,34210.51898944216
test,33660.510645560455
test,33440.50730800777
test,33360.50609435225
test,33550.50897678411
test,33540.50882507717
test,33670.510797267394
test,33520.50852166329
test,33580.50943190493
test,33550.50897678411
test,33520.50852166329
test,33500.50821824941
test,33470.50776312859
test,33640.51034214657
test,33600.50973531881
test,33570.50928019799
test,33600.50973531881
test,33450.50745971471
test,33460.50761142165
test,33530.508673370234
test,35010.53112599737
test,33910.51443823396
test,34010.51595530336
test,33440.50730800777
test,33670.510797267394
test,34150.51807920052
test,34440.52247870178
test,33450.50745971471
test,33490.50806654247
test,33620.51003873269
test,33520.50852166329
test,33540.50882507717
test,33660.510645560455
test,33470.50776312859
test,33670.510797267394
test,34360.52126504626
test,33660.510645560455
test,33510.50836995635
test,34540.52399577118
test,34890.52930551409
test,38940.59074682483
test,33510.50836995635
test,33640.51034214657
test,33690.51110068127
test,34120.5176240797
test,34500.523388943424
test,34650.525664547524
test,34610.525057719766
test,35730.542048897056
test,34680.52611966834
test,34240.51944456298
test,34270.5198996838
test,34180.51853432134
test,34140.51792749358
test,34150.51807920052
test,38950.59089853178
test,34080.517017251936
test,34820.5282435655
test,34150.51807920052
test,34140.51792749358
test,34150.51807920052
test,34090.517168958875
test,34990.53082258349
test,35200.53400842923
test,34660.52581625446
test,34830.52839527245
test,35070.53203623901
test,35330.535980619454
test,35360.53643574027
test,34830.52839527245
test,34900.529457221026
test,34930.529912341844
test,34880.52915380715
test,34850.52869868633
test,34930.529912341844
test,34970.53051916961
test,34890.52930551409
test,34900.529457221026
test,40110.60849653683
test,34870.52900210021
test,34900.529457221026
test,34930.529912341844
test,34980.53067087655
test,34960.53036746267
test,34970.53051916961
test,34900.529457221026
test,34920.529760634905
test,34810.52809185856
test,34910.529608927965
test,35090.53233965289
test,34260.51974797686
test,34170.5183826144
test,34220.519141149096
test,34190.51868602828
test,34060.51671383806
test,34110.517472372754
test,34150.51807920052
test,34170.5183826144
test,34150.51807920052
test,34120.5176240797
test,34040.51641042418
test,33410.50685288695
test,33410.50685288695
test,33420.50700459389
test,33510.50836995635
test,33410.50685288695
test,33490.50806654247
test,33430.50715630083
test,33430.50715630083
test,33380.50639776613
test,33350.50594264531
test,33450.50745971471
test,33490.50806654247
test,33370.50624605919
test,33390.506549473066
test,33280.504880696724
test,33310.50533581755
test,33290.505032403664
test,33320.50548752449
test,38140.57861026963
test,33410.50685288695
test,33340.50579093837
test,33430.50715630083
test,33350.50594264531
test,33390.506549473066
test,33380.50639776613
test,33370.50624605919
test,33380.50639776613
test,33410.50685288695
test,33290.505032403664
test,33320.50548752449
test,33350.50594264531
test,33330.50563923143
test,33470.50776312859
test,33340.50579093837
test,33410.50685288695
test,33310.50533581755
test,33330.50563923143
test,33240.504273868966
test,33280.504880696724
test,33300.50518411061
test,33310.50533581755
test,33240.504273868966
test,33270.504728989785
test,33260.504577282845
test,37840.57405906142
test,33280.504880696724
test,33280.504880696724
test,33260.504577282845
test,33290.505032403664
test,33290.505032403664
test,33330.50563923143
test,33220.50397045509
test,33340.50579093837
test,33280.504880696724
test,33260.504577282845
test,33330.50563923143
test,33290.505032403664
test,33330.50563923143
test,37740.57254199202
test,33300.50518411061
test,33270.504728989785
test,33270.504728989785
test,33250.504425575906
test,33320.50548752449
test,33260.504577282845
test,33370.50624605919
test,33300.50518411061
test,33290.505032403664
test,33320.50548752449
test,33250.504425575906
test,33270.504728989785
test,33290.505032403664
test,33310.50533581755
test,33330.50563923143
test,33350.50594264531
test,33320.50548752449
test,33390.506549473066
test,33370.50624605919
test,33330.50563923143
test,33330.50563923143
test,33260.504577282845
test,33280.504880696724
test,33380.50639776613
test,33320.50548752449
test,33310.50533581755
test,33280.504880696724
test,33320.50548752449
test,33320.50548752449
test,33300.50518411061
test,35400.53704256803
test,33300.50518411061
test,33300.50518411061
test,33270.504728989785
test,33280.504880696724
test,33240.504273868966
test,33240.504273868966
test,33300.50518411061
test,33230.50412216203
test,33250.504425575906
test,33320.50548752449
test,33310.50533581755
test,33470.50776312859
test,33300.50518411061
test,33260.504577282845
test,33230.50412216203
test,33380.50639776613
test,33290.505032403664
test,33290.505032403664
test,37620.57072150874
test,33380.50639776613
test,33330.50563923143
test,33250.504425575906
test,33300.50518411061
test,33270.504728989785
test,33340.50579093837
test,33370.50624605919
test,33310.50533581755
test,33310.50533581755
test,33280.504880696724
test,33250.504425575906
test,33230.50412216203
test,33230.50412216203
test,33360.50609435225
test,33320.50548752449
test,37740.57254199202
test,33370.50624605919
test,33350.50594264531
test,33290.505032403664
test,33260.504577282845
test,33410.50685288695
test,33320.50548752449
test,33330.50563923143
test,33340.50579093837
test,33340.50579093837
test,33330.50563923143
test,33300.50518411061
test,33290.505032403664
test,33300.50518411061
test,33330.50563923143
test,33360.50609435225
test,33300.50518411061
test,33360.50609435225
test,33360.50609435225
test,33320.50548752449
test,33270.504728989785
test,33290.505032403664
test,33280.504880696724
test,35290.53537379169
test,33300.50518411061
test,33340.50579093837
test,33320.50548752449
test,33270.504728989785
test,33300.50518411061
test,33290.505032403664
test,33310.50533581755
test,33300.50518411061
test,33380.50639776613
test,33330.50563923143
test,33310.50533581755
test,33300.50518411061
test,33300.50518411061
test,33320.50548752449
test,37610.5705698018
test,33270.504728989785
test,33300.50518411061
test,33250.504425575906
test,33330.50563923143
test,33280.504880696724
test,33290.505032403664
test,33320.50548752449
test,33280.504880696724
test,33250.504425575906
test,37640.57102492262
test,33330.50563923143
test,33340.50579093837
test,33240.504273868966
test,33280.504880696724
test,33220.50397045509
test,33340.50579093837
test,33290.505032403664
test,33320.50548752449
test,33290.505032403664
test,33330.50563923143
test,33310.50533581755
test,33250.504425575906
test,33240.504273868966
test,33290.505032403664
test,33280.504880696724
test,33350.50594264531
test,33390.506549473066
test,33290.505032403664
test,33320.50548752449
test,33360.50609435225
test,33300.50518411061
test,33360.50609435225
test,33330.50563923143
test,33380.50639776613
test,33360.50609435225
test,33440.50730800777
test,33460.50761142165
test,33400.506701180006
test,33350.50594264531
test,33370.50624605919
test,33450.50745971471
test,33460.50761142165
test,33350.50594264531
test,33360.50609435225
test,33320.50548752449
test,33360.50609435225
test,33370.50624605919
test,33360.50609435225
test,33340.50579093837
test,33440.50730800777
test,33370.50624605919
test,33310.50533581755
test,33310.50533581755
test,33290.505032403664
test,33330.50563923143
test,33350.50594264531
test,33370.50624605919
test,33360.50609435225
test,33360.50609435225
test,33320.50548752449
test,33370.50624605919
test,33300.50518411061
test,33380.50639776613
test,33240.504273868966
test,33310.50533581755
test,33260.504577282845
test,33320.50548752449
test,33310.50533581755
test,33320.50548752449
test,33310.50533581755
test,33280.504880696724
test,33360.50609435225
test,33250.504425575906
test,33230.50412216203
test,33300.50518411061
test,37880.57466588918
test,33290.505032403664
test,33310.50533581755
test,33350.50594264531
test,33370.50624605919
test,33390.506549473066
test,33380.50639776613
test,33300.50518411061
test,33370.50624605919
test,33270.504728989785
test,33420.50700459389
test,33420.50700459389
test,33350.50594264531
test,33290.505032403664
test,33280.504880696724
test,33320.50548752449
test,33310.50533581755
test,33250.504425575906
test,33320.50548752449
test,37830.57390735448
test,33320.50548752449
test,33310.50533581755
test,33330.50563923143
test,33310.50533581755
test,33240.504273868966
test,33310.50533581755
test,33250.504425575906
test,33280.504880696724
test,33270.504728989785
test,33260.504577282845
test,33300.50518411061
test,33300.50518411061
test,33270.504728989785
test,38250.58027904597
test,33310.50533581755
test,33320.50548752449
test,33300.50518411061
test,33260.504577282845
test,33340.50579093837
test,33300.50518411061
test,33340.50579093837
test,33290.505032403664
test,33310.50533581755
test,33310.50533581755
test,33300.50518411061
test,33300.50518411061
test,33360.50609435225
test,37670.57148004344
test,33330.50563923143
test,33280.504880696724
test,33350.50594264531
test,33290.505032403664
test,33270.504728989785
test,33290.505032403664
test,33290.505032403664
test,33310.50533581755
test,33270.504728989785
test,33320.50548752449
test,33340.50579093837
test,33350.50594264531
test,33270.504728989785
test,33300.50518411061
test,33280.504880696724
test,33330.50563923143
test,33260.504577282845
test,33370.50624605919
test,33250.504425575906
test,33310.50533581755
test,33290.505032403664
test,33310.50533581755
test,33250.504425575906
test,33320.50548752449
test,33290.505032403664
test,33280.504880696724
test,37790.573300526725
test,33280.504880696724
test,33280.504880696724
test,33310.50533581755
test,33340.50579093837
test,33310.50533581755
test,33310.50533581755
test,33310.50533581755
test,33300.50518411061
test,33330.50563923143
test,33330.50563923143
test,33290.505032403664
test,33310.50533581755
test,33330.50563923143
test,33320.50548752449
test,33410.50685288695
test,33350.50594264531
test,33300.50518411061
test,33310.50533581755
test,38510.58422342641
test,33310.50533581755
test,33380.50639776613
test,33340.50579093837
test,33300.50518411061
test,33310.50533581755
test,33340.50579093837
test,33310.50533581755
test,33340.50579093837
test,33310.50533581755
test,33340.50579093837
test,33390.506549473066
test,33400.506701180006
test,37710.5720868712
test,33350.50594264531
test,33350.50594264531
test,33280.504880696724
test,33310.50533581755
test,33300.50518411061
test,33380.50639776613
test,33390.506549473066
test,33280.504880696724
test,33320.50548752449
test,33320.50548752449
test,33310.50533581755
test,33300.50518411061
test,33290.505032403664
test,33270.504728989785
test,37840.57405906142
test,33280.504880696724
test,33260.504577282845
test,33240.504273868966
test,33280.504880696724
test,33270.504728989785
test,33260.504577282845
test,33360.50609435225
test,33290.505032403664
test,33260.504577282845
test,33340.50579093837
test,33290.505032403664
test,33320.50548752449
test,33340.50579093837
test,33310.50533581755
test,33310.50533581755
test,33280.504880696724
test,33250.504425575906
test,33270.504728989785
test,33250.504425575906
test,33330.50563923143
test,33300.50518411061
test,33300.50518411061
test,33250.504425575906
test,33250.504425575906
test,33250.504425575906
test,33240.504273868966
test,33230.50412216203
test,33200.50366704121
test,33290.505032403664
test,33260.504577282845
test,35110.53264306677
test,33240.504273868966
test,33290.505032403664
test,39020.59196048036
test,33230.50412216203
test,33300.50518411061
test,33240.504273868966
test,33240.504273868966
test,33270.504728989785
test,33250.504425575906
test,33300.50518411061
test,33290.505032403664
test,33290.505032403664
test,33350.50594264531
test,33270.504728989785
test,33270.504728989785
test,33280.504880696724
test,33260.504577282845
test,33320.50548752449
test,33280.504880696724
test,33310.50533581755
test,33290.505032403664
test,33280.504880696724
test,33280.504880696724
test,33250.504425575906
test,33250.504425575906
test,33270.504728989785
test,33330.50563923143
test,33260.504577282845
test,33230.50412216203
test,33250.504425575906
test,33220.50397045509
test,33340.50579093837
test,33230.50412216203
test,37920.575272716946
test,33320.50548752449
test,33340.50579093837
test,33230.50412216203
test,33240.504273868966
test,33290.505032403664
test,33300.50518411061
test,33310.50533581755
test,33290.505032403664
test,33290.505032403664
test,33350.50594264531
test,33300.50518411061
test,33200.50366704121
test,33230.50412216203
test,37720.57223857814
test,33260.504577282845
test,33250.504425575906
test,33330.50563923143
test,33310.50533581755
test,33340.50579093837
test,33330.50563923143
test,33330.50563923143
test,33340.50579093837
test,33260.504577282845
test,33300.50518411061
test,33280.504880696724
test,33290.505032403664
test,33300.50518411061
test,33290.505032403664
test,33260.504577282845
test,35040.531581118186
test,33340.50579093837
test,33310.50533581755
test,33310.50533581755
test,33340.50579093837
test,33310.50533581755
test,33380.50639776613
test,33310.50533581755
test,33300.50518411061
test,33360.50609435225
test,33330.50563923143
test,33370.50624605919
test,33390.506549473066
test,33370.50624605919
test,33310.50533581755
test,33320.50548752449
test,33310.50533581755
test,33280.504880696724
test,33290.505032403664
test,33320.50548752449
test,33310.50533581755
test,33330.50563923143
test,33360.50609435225
test,33310.50533581755
test,33370.50624605919
test,33270.504728989785
test,33320.50548752449
test,33300.50518411061
test,33260.504577282845
test,33290.505032403664
test,33330.50563923143
test,33300.50518411061
test,33320.50548752449
test,37740.57254199202
test,33290.505032403664
test,33300.50518411061
test,33360.50609435225
test,33270.504728989785
test,33330.50563923143
test,33340.50579093837
test,33260.504577282845
test,33260.504577282845
test,33360.50609435225
test,33360.50609435225
test,33350.50594264531
test,33330.50563923143
test,33360.50609435225
test,33330.50563923143
test,33330.50563923143
test,33360.50609435225
test,33400.506701180006
test,33400.506701180006
test,33420.50700459389
test,33350.50594264531
test,33350.50594264531
test,33390.506549473066
test,33420.50700459389
test,33340.50579093837
test,33390.506549473066
test,33280.504880696724
test,33320.50548752449
test,33350.50594264531
test,33290.505032403664
test,33320.50548752449
test,34920.529760634905
test,33340.50579093837
test,33280.504880696724
test,33340.50579093837
test,33290.505032403664
test,33320.50548752449
test,33320.50548752449
test,33290.505032403664
test,33310.50533581755
test,33290.505032403664
test,33340.50579093837
test,33360.50609435225
test,33390.506549473066
test,33340.50579093837
test,33380.50639776613
test,33380.50639776613
test,33360.50609435225
test,33400.506701180006
test,33290.505032403664
test,33300.50518411061
test,33310.50533581755
test,33360.50609435225
test,33330.50563923143
test,33370.50624605919
test,33340.50579093837
test,33290.505032403664
test,33360.50609435225
test,33290.505032403664
test,33300.50518411061
test,33320.50548752449
test,33300.50518411061
test,33230.50412216203
test,33280.504880696724
test,33320.50548752449
test,37970.57603125164
test,33270.504728989785
test,33250.504425575906
test,33230.50412216203
test,33260.504577282845
test,33350.50594264531
test,33260.504577282845
test,33270.504728989785
test,33270.504728989785
test,33300.50518411061
test,33220.50397045509
test,33290.505032403664
test,37660.571328336504
test,33280.504880696724
test,33250.504425575906
test,33280.504880696724
test,33260.504577282845
test,33230.50412216203
test,33270.504728989785
test,33270.504728989785
test,33370.50624605919
test,33300.50518411061
test,33330.50563923143
test,33330.50563923143
test,33330.50563923143
test,33370.50624605919
test,33300.50518411061
test,33260.504577282845
test,33270.504728989785
test,33270.504728989785
test,33280.504880696724
test,33270.504728989785
test,33280.504880696724
test,33230.50412216203
test,33250.504425575906
test,33310.50533581755
test,33270.504728989785
test,33260.504577282845
test,33260.504577282845
test,33320.50548752449
test,33350.50594264531
test,33280.504880696724
test,33240.504273868966
test,33240.504273868966
test,33350.50594264531
test,33350.50594264531
test,37820.57375564754
test,33350.50594264531
test,33420.50700459389
test,33360.50609435225
test,33370.50624605919
test,33290.505032403664
test,33270.504728989785
test,33290.505032403664
test,33340.50579093837
test,33360.50609435225
test,33380.50639776613
test,33380.50639776613
test,33330.50563923143
test,33360.50609435225
test,33340.50579093837
test,33420.50700459389
test,33660.510645560455
test,34220.519141149096
test,34370.5214167532
test,33770.5123143368
test,33500.50821824941
test,33420.50700459389
test,33380.50639776613
test,33350.50594264531
test,33350.50594264531
test,33530.508673370234
test,33480.50791483553
test,33440.50730800777
test,33410.50685288695
test,33410.50685288695
test,33430.50715630083
test,37930.575424423885
test,33410.50685288695
test,33380.50639776613
test,33330.50563923143
test,33400.506701180006
test,33420.50700459389
test,33360.50609435225
test,33450.50745971471
test,33320.50548752449
test,33290.505032403664
test,33330.50563923143
test,35390.53689086109
test,33320.50548752449
test,33280.504880696724
test,38570.58513366805
test,33270.504728989785
test,33280.504880696724
test,33320.50548752449
test,33330.50563923143
test,33350.50594264531
test,33290.505032403664
test,33350.50594264531
test,33350.50594264531
test,33270.504728989785
test,33350.50594264531
test,37810.573603940604
test,33330.50563923143
test,33340.50579093837
test,33370.50624605919
test,33330.50563923143
test,33340.50579093837
test,33540.50882507717
test,33530.508673370234
test,33500.50821824941
test,33390.506549473066
test,33430.50715630083
test,33420.50700459389
test,33490.50806654247
test,33430.50715630083
test,33480.50791483553
test,33510.50836995635
test,33480.50791483553
test,33400.506701180006
test,33540.50882507717
test,33470.50776312859
test,33410.50685288695
test,33460.50761142165
test,33490.50806654247
test,33340.50579093837
test,33330.50563923143
test,33340.50579093837
test,33360.50609435225
test,33340.50579093837
test,37840.57405906142
test,33430.50715630083
test,33380.50639776613
test,33340.50579093837
test,33350.50594264531
test,33350.50594264531
test,33390.506549473066
test,33370.50624605919
test,33460.50761142165
test,33540.50882507717
test,33520.50852166329
test,33460.50761142165
test,33500.50821824941
test,33540.50882507717
test,35370.53658744721
test,33790.512617750675
test,33620.51003873269
test,33700.51125238821
test,33610.50988702575
test,33640.51034214657
test,33550.50897678411
test,33560.50912849105
test,33600.50973531881
test,33580.50943190493
test,33550.50897678411
test,33560.50912849105
test,33420.50700459389
test,33440.50730800777
test,33500.50821824941
test,33550.50897678411
test,33500.50821824941
test,33610.50988702575
test,33920.514589940896
test,33730.51170750903
test,38010.57663807941
test,34290.52020309768
test,34060.51671383806
test,34340.52096163238
test,34480.523085529545
test,34300.52035480462
test,33560.50912849105
test,34040.51641042418
test,34040.51641042418
test,33840.51337628537
test,34480.523085529545
test,34360.52126504626
test,33850.51352799231
test,34610.525057719766
test,34100.517320665815
test,33880.51398311313
test,34080.517017251936
test,33910.51443823396
test,34570.524450892
test,34770.527485030805
test,36020.54644839832
test,34510.52354065036
test,34890.52930551409
test,35120.53279477371
test,34560.52429918506
test,34600.524906012826
test,35400.53704256803
test,35720.541897190116
test,35110.53264306677
test,35270.53507037781
test,35240.53461525699
test,35260.53491867087
test,35210.53416013617
test,37320.56617030054
test,40860.61987455734
test,35410.53719427497
test,35570.53962158602
test,35410.53719427497
test,35440.537649395796
test,35190.53385672229
test,35250.53476696393
test,35030.53142941125
test,35210.53416013617
test,34900.529457221026
test,34990.53082258349
test,34960.53036746267
test,34960.53036746267
test,35060.53188453207
test,35050.531732825126
test,34920.529760634905
test,34820.5282435655
test,34350.52111333932
test,34380.52156846014
test,34300.52035480462
test,34430.52232699484
test,34280.52005139074
test,34280.52005139074
test,34470.522933822605
test,39210.59484291222
test,34350.52111333932
test,34410.52202358096
test,34210.51898944216
test,34230.519292856035
test,34250.51959626992
test,34200.51883773522
test,34190.51868602828
test,34280.52005139074
test,34050.51656213112
test,34170.5183826144
test,33520.50852166329
test,33490.50806654247
test,33410.50685288695
test,33440.50730800777
test,33480.50791483553
test,33480.50791483553
test,33480.50791483553
test,38180.57921709739
test,33380.50639776613
test,33420.50700459389
test,33480.50791483553
test,33490.50806654247
test,33450.50745971471
test,33400.506701180006
test,33350.50594264531
test,33380.50639776613
test,33430.50715630083
test,33540.50882507717
test,33370.50624605919
test,33490.50806654247
test,33370.50624605919
test,33330.50563923143
test,33330.50563923143
test,38690.58695415133
test,33440.50730800777
test,33490.50806654247
test,33290.505032403664
test,33360.50609435225
test,33250.504425575906
test,33270.504728989785
test,33290.505032403664
test,33320.50548752449
test,33270.504728989785
test,33310.50533581755
test,33290.505032403664
test,33320.50548752449
test,33330.50563923143
test,33310.50533581755
test,33330.50563923143
test,33350.50594264531
test,33380.50639776613
test,33310.50533581755
test,33930.514741647836
test,33820.513072871494
test,33490.50806654247
test,33350.50594264531
test,33380.50639776613
test,34100.517320665815
test,34490.523237236484
test,33480.50791483553
test,33650.510493853515
test,33650.510493853515
test,33400.506701180006
test,38210.579672218206
test,33490.50806654247
test,33730.51170750903
test,34240.51944456298
test,34160.51823090746
test,34550.52414747812
test,33890.51413482008
test,34050.51656213112
test,34470.522933822605
test,34230.519292856035
test,34110.517472372754
test,38980.5913536526
test,34470.522933822605
test,35920.54493132892
test,35730.542048897056
test,34530.52384406424
test,34170.5183826144
test,34290.52020309768
test,34120.5176240797
test,34130.51777578664
test,34480.523085529545
test,34470.522933822605
test,34510.52354065036
test,34620.525209426705
test,37280.565563472774
test,34580.52460259894
test,35630.54053182765
test,34950.53021575573
test,34730.52687820305
test,35220.53431184311
test,35170.53355330841
test,34730.52687820305
test,35150.53324989453
test,34760.527333323866
test,34410.52202358096
test,34160.51823090746
test,34040.51641042418
test,34030.51625871724
test,33910.51443823396
test,33980.51550018253
test,33940.514893354775
test,33990.51565188947
test,34000.51580359642
test,39800.60379362169
test,33930.514741647836
test,33990.51565188947
test,33960.515196768654
test,34030.51625871724
test,33990.51565188947
test,33870.51383140619
test,33970.515348475594
test,33730.51170750903
test,33730.51170750903
test,33660.510645560455
test,33680.51094897433
test,33750.51201092291
test,33700.51125238821
test,33730.51170750903
test,33740.51185921597
test,33700.51125238821
test,33780.512466043736
test,33650.510493853515
test,33640.51034214657
test,33710.51140409515
test,33580.50943190493
test,33710.51140409515
test,33340.50579093837
test,33390.506549473066
test,33310.50533581755
test,33290.505032403664
test,33290.505032403664
test,33340.50579093837
test,33380.50639776613
test,33370.50624605919
test,33280.504880696724
test,33310.50533581755
test,33320.50548752449
test,33310.50533581755
test,33270.504728989785
test,33320.50548752449
test,33300.50518411061
test,33300.50518411061
test,33310.50533581755
test,33320.50548752449
test,33310.50533581755
test,35520.53886305131
test,33420.50700459389
test,33350.50594264531
test,33350.50594264531
test,33340.50579093837
test,33340.50579093837
test,33460.50761142165
test,33410.50685288695
test,33330.50563923143
test,33320.50548752449
test,33330.50563923143
test,33330.50563923143
test,33310.50533581755
test,33340.50579093837
test,33300.50518411061
test,33350.50594264531
test,33300.50518411061
test,33340.50579093837
test,33400.506701180006
test,33330.50563923143
test,33310.50533581755
test,38960.59105023872
test,33270.504728989785
test,33300.50518411061
test,33320.50548752449
test,33300.50518411061
test,33340.50579093837
test,33310.50533581755
test,33330.50563923143
test,33320.50548752449
test,33340.50579093837
test,33270.504728989785
test,33300.50518411061
test,33270.504728989785
test,33250.504425575906
test,33330.50563923143
test,33350.50594264531
test,33290.505032403664
test,33310.50533581755
test,33330.50563923143
test,33310.50533581755
test,33270.504728989785
test,33290.505032403664
test,33330.50563923143
test,33280.504880696724
test,33310.50533581755
test,33270.504728989785
test,37660.571328336504
test,33300.50518411061
test,33280.504880696724
test,33250.504425575906
test,33330.50563923143
test,33290.505032403664
test,33370.50624605919
test,33310.50533581755
test,33290.505032403664
test,33360.50609435225
test,33310.50533581755
test,33310.50533581755
test,33290.505032403664
test,38650.58634732357
test,33300.50518411061
test,33390.506549473066
test,33290.505032403664
test,33280.504880696724
test,33300.50518411061
test,33330.50563923143
test,33310.50533581755
test,33480.50791483553
test,33260.504577282845
test,33480.50791483553
test,33310.50533581755
test,33280.504880696724
test,33320.50548752449
test,33320.50548752449
test,33330.50563923143
test,33300.50518411061
test,33300.50518411061
test,33310.50533581755
test,33400.506701180006
test,33320.50548752449
test,33350.50594264531
test,33310.50533581755
test,33270.504728989785
test,33290.505032403664
test,33310.50533581755
test,33230.50412216203
test,33360.50609435225
test,33370.50624605919
test,33280.504880696724
test,33290.505032403664
test,33300.50518411061
test,33290.505032403664
test,33230.50412216203
test,33300.50518411061
test,33270.504728989785
test,33360.50609435225
test,33300.50518411061
test,33280.504880696724
test,33220.50397045509
test,33310.50533581755
test,33240.504273868966
test,33260.504577282845
test,33320.50548752449
test,33310.50533581755
test,33260.504577282845
test,33300.50518411061
test,33300.50518411061
test,33260.504577282845
test,33280.504880696724
test,33290.505032403664
test,33270.504728989785
test,33310.50533581755
test,33310.50533581755
test,33350.50594264531
test,33290.505032403664
test,33300.50518411061
test,33230.50412216203
test,33380.50639776613
test,33340.50579093837
test,33270.504728989785
test,33220.50397045509
test,33290.505032403664
test,33300.50518411061
test,33260.504577282845
test,33300.50518411061
test,33360.50609435225
test,33250.504425575906
test,33260.504577282845
test,33300.50518411061
test,38050.57724490717
test,33230.50412216203
test,33320.50548752449
test,33290.505032403664
test,33280.504880696724
test,33260.504577282845
test,33270.504728989785
test,33240.504273868966
test,33300.50518411061
test,33220.50397045509
test,33280.504880696724
test,33280.504880696724
test,33300.50518411061
test,33330.50563923143
test,33330.50563923143
test,33300.50518411061
test,38160.57891368351
test,33400.506701180006
test,33320.50548752449
test,33350.50594264531
test,33330.50563923143
test,33250.504425575906
test,33260.504577282845
test,33270.504728989785
test,33330.50563923143
test,33260.504577282845
test,33330.50563923143
test,33340.50579093837
test,33240.504273868966
test,33340.50579093837
test,33240.504273868966
test,33280.504880696724
test,33280.504880696724
test,33250.504425575906
test,33260.504577282845
test,33260.504577282845
test,33310.50533581755
test,33280.504880696724
test,33320.50548752449
test,33310.50533581755
test,33300.50518411061
test,33320.50548752449
test,33340.50579093837
test,33270.504728989785
test,33300.50518411061
test,33350.50594264531
test,33350.50594264531
test,33350.50594264531
test,33380.50639776613
test,33280.504880696724
test,33310.50533581755
test,33320.50548752449
test,33310.50533581755
test,33280.504880696724
test,33300.50518411061
test,33320.50548752449
test,33290.505032403664
test,38640.58619561663
test,33320.50548752449
test,33330.50563923143
test,33350.50594264531
test,33330.50563923143
test,33360.50609435225
test,33430.50715630083
test,33290.505032403664
test,33350.50594264531
test,33290.505032403664
test,33320.50548752449
test,37970.57603125164
test,33290.505032403664
test,33440.50730800777
test,33370.50624605919
test,33460.50761142165
test,33310.50533581755
test,33340.50579093837
test,33320.50548752449
test,33280.504880696724
test,33460.50761142165
test,33400.506701180006
test,33300.50518411061
test,33320.50548752449
test,37830.57390735448
test,33370.50624605919
test,33340.50579093837
test,33220.50397045509
test,33270.504728989785
test,33310.50533581755
test,33440.50730800777
test,33680.51094897433
test,34420.5221752879
test,33830.51322457843
test,33440.50730800777
test,33450.50745971471
test,33440.50730800777
test,33450.50745971471
test,33380.50639776613
test,33370.50624605919
test,33370.50624605919
test,33370.50624605919
test,33430.50715630083
test,33320.50548752449
test,33380.50639776613
test,33410.50685288695
test,33390.506549473066
test,33370.50624605919
test,33450.50745971471
test,33560.50912849105
test,33740.51185921597
test,33740.51185921597
test,35270.53507037781
test,33740.51185921597
test,33760.51216262985
test,33730.51170750903
test,33730.51170750903
test,33720.51155580209
test,33630.51019043963
test,33480.50791483553
test,33360.50609435225
test,33370.50624605919
test,33370.50624605919
test,33390.506549473066
test,33390.506549473066
test,33410.50685288695
test,33390.506549473066
test,33380.50639776613
test,33400.506701180006
test,33320.50548752449
test,33350.50594264531
test,33360.50609435225
test,33380.50639776613
test,33300.50518411061
test,33340.50579093837
test,33280.504880696724
test,33280.504880696724
test,33310.50533581755
test,33360.50609435225
test,33330.50563923143
test,33390.506549473066
test,33340.50579093837
test,37840.57405906142
test,33350.50594264531
test,33350.50594264531
test,33410.50685288695
test,33500.50821824941
test,33430.50715630083
test,33490.50806654247
test,33520.50852166329
test,33520.50852166329
test,33550.50897678411
test,33540.50882507717
test,33480.50791483553
test,33490.50806654247
test,33580.50943190493
test,33800.512769457615
test,34180.51853432134
test,34570.524450892
test,33970.515348475594
test,33440.50730800777
test,33440.50730800777
test,33410.50685288695
test,33480.50791483553
test,33410.50685288695
test,33470.50776312859
test,35490.53840793049
test,33420.50700459389
test,33500.50821824941
test,33590.50958361187
test,33560.50912849105
test,33470.50776312859
test,33460.50761142165
test,33430.50715630083
test,33450.50745971471
test,34180.51853432134
test,34260.51974797686
test,34220.519141149096
test,34370.5214167532
test,33760.51216262985
test,34000.51580359642
test,34000.51580359642
test,34090.517168958875
test,34010.51595530336
test,34020.5161070103
test,34070.516865544996
test,34020.5161070103
test,33950.515045061715
test,33960.515196768654
test,33960.515196768654
test,33910.51443823396
test,34170.5183826144
test,33800.512769457615
test,33610.50988702575
test,34130.51777578664
test,33460.50761142165
test,33410.50685288695
test,33310.50533581755
test,38240.580127339024
test,34330.52080992544
test,33660.510645560455
test,33560.50912849105
test,33450.50745971471
test,33520.50852166329
test,33520.50852166329
test,33540.50882507717
test,33540.50882507717
test,33480.50791483553
test,33420.50700459389
test,33440.50730800777
test,33860.51367969925
test,34050.51656213112
test,33940.514893354775
test,33780.512466043736
test,33580.50943190493
test,34100.517320665815
test,34340.52096163238
test,33570.50928019799
test,33670.510797267394
test,33510.50836995635
test,33500.50821824941
test,34010.51595530336
test,34360.52126504626
test,35680.54129036236
test,35480.53825622355
test,34260.51974797686
test,34210.51898944216
test,34230.519292856035
test,34360.52126504626
test,35010.53112599737
test,34880.52915380715
test,35760.542504017874
test,35790.5429591387
test,35420.53734598192
test,35490.53840793049
test,35240.53461525699
test,35110.53264306677
test,35050.531732825126
test,35030.53142941125
test,34960.53036746267
test,34970.53051916961
test,35000.53097429043
test,34940.530064048784
test,34860.52885039327
test,34910.529608927965
test,35410.53719427497
test,35460.537952809675
test,35370.53658744721
test,35280.53522208475
test,35360.53643574027
test,35590.539924999895
test,35480.53825622355
test,40830.619419436516
test,35350.53628403333
test,35280.53522208475
test,35280.53522208475
test,35230.53446355005
test,35400.53704256803
test,35430.537497688856
test,35060.53188453207
test,35020.53127770431
test,34440.52247870178
test,34420.5221752879
test,34470.522933822605
test,34480.523085529545
test,39670.60182143147
test,34440.52247870178
test,34440.52247870178
test,34510.52354065036
test,34460.52278211566
test,34450.52263040872
test,34440.52247870178
test,34450.52263040872
test,33840.51337628537
test,33790.512617750675
test,35970.54568986362
test,34060.51671383806
test,34390.52172016708
test,34270.5198996838
test,38580.58528537499
test,33780.512466043736
test,34450.52263040872
test,34230.519292856035
test,33790.512617750675
test,33720.51155580209
test,33390.506549473066
test,33420.50700459389
test,33580.50943190493
test,33930.514741647836
test,33620.51003873269
test,33690.51110068127
test,38780.588319513794
test,33460.50761142165
test,33500.50821824941
test,33480.50791483553
test,33590.50958361187
test,33420.50700459389
test,33540.50882507717
test,33570.50928019799
test,33630.51019043963
test,34160.51823090746
test,34310.52050651156
test,33840.51337628537
test,34010.51595530336
test,34200.51883773522
test,34610.525057719766
test,35070.53203623901
test,35790.5429591387
test,34180.51853432134
test,34150.51807920052
test,34790.527788444684
test,34880.52915380715
test,36110.54781376078
test,36070.54720693302
test,34980.53067087655
test,34800.52794015162
test,34930.529912341844
test,35800.54311084564
test,35140.53309818759
test,34950.53021575573
test,34900.529457221026
test,34860.52885039327
test,34880.52915380715
test,34830.52839527245
test,34850.52869868633
test,34860.52885039327
test,35110.53264306677
test,35010.53112599737
test,35160.53340160147
test,37320.56617030054
test,35080.53218794595
test,35160.53340160147
test,35000.53097429043
test,35060.53188453207
test,35010.53112599737
test,34990.53082258349
test,35090.53233965289
test,34630.525361133645
test,34290.52020309768
test,34250.51959626992
test,34220.519141149096
test,34300.52035480462
test,34260.51974797686
test,34340.52096163238
test,39060.592567308115
test,34360.52126504626
test,34280.52005139074
test,34300.52035480462
