class,timing_ns
baseline,33433.994992246604
baseline,34304.09896003765
baseline,33854.045183594004
baseline,33954.057133914815
baseline,33754.0332332732
baseline,33393.99021211828
baseline,33854.045183594004
baseline,33914.052353786494
baseline,33954.057133914815
baseline,33624.01769785614
baseline,33594.0141127599
baseline,33894.04996372233
baseline,33964.0583289469
baseline,34344.10374016597
baseline,33964.0583289469
baseline,33524.00574753533
baseline,33534.006942567416
baseline,34804.1587116417
baseline,34894.16946693043
baseline,34004.06310907522
baseline,34344.10374016597
baseline,34144.079839524355
baseline,34274.095374941404
baseline,34364.10613023013
baseline,34354.104935198055
baseline,39214.68572078939
baseline,35644.25909433649
baseline,35614.255509240254
baseline,35334.22204834199
baseline,35854.28419001019
baseline,35574.25072911193
baseline,34904.170661962504
baseline,35074.19097750788
baseline,35134.198147700365
baseline,34744.15154144921
baseline,34964.177832154994
baseline,34754.152736481294
baseline,35624.25670427233
baseline,34984.180222219155
baseline,34804.1587116417
baseline,34694.145566288804
baseline,34744.15154144921
baseline,34694.145566288804
baseline,34674.14317622464
baseline,34504.122860679265
baseline,34014.0643041073
baseline,33914.052353786494
baseline,33884.04876869025
baseline,33844.04398856193
baseline,33874.047573658165
baseline,33864.04637862609
baseline,33884.04876869025
baseline,33854.045183594004
baseline,33954.057133914815
baseline,33884.04876869025
baseline,33904.05115875441
baseline,33844.04398856193
baseline,33303.979456829555
baseline,33333.9830419258
baseline,33323.981846893716
baseline,33273.97587173331
baseline,33353.98543198996
baseline,33383.9890170862
baseline,33363.98662702204
baseline,37804.51722126598
baseline,33403.991407150366
baseline,33473.99977237493
baseline,33473.99977237493
baseline,33343.98423695788
baseline,33303.979456829555
baseline,33343.98423695788
baseline,33343.98423695788
baseline,33303.979456829555
baseline,33353.98543198996
baseline,33323.981846893716
baseline,33283.977066765394
baseline,33343.98423695788
baseline,35884.28777510644
baseline,33443.99618727869
baseline,33393.99021211828
baseline,33283.977066765394
baseline,33333.9830419258
baseline,33333.9830419258
baseline,33333.9830419258
baseline,33253.97348166915
baseline,33253.97348166915
baseline,33263.97467670123
baseline,33313.98065186163
baseline,33293.97826179747
baseline,33243.972286637065
baseline,33293.97826179747
baseline,33313.98065186163
baseline,33293.97826179747
baseline,33363.98662702204
baseline,33263.97467670123
baseline,38654.61879899286
baseline,33303.979456829555
baseline,33263.97467670123
baseline,33383.9890170862
baseline,33323.981846893716
baseline,33293.97826179747
baseline,33313.98065186163
baseline,33313.98065186163
baseline,33423.99379721453
baseline,33313.98065186163
baseline,33333.9830419258
baseline,33313.98065186163
baseline,33363.98662702204
baseline,33323.981846893716
baseline,33283.977066765394
baseline,33313.98065186163
baseline,33343.98423695788
baseline,33373.98782205412
baseline,33383.9890170862
baseline,33313.98065186163
baseline,33383.9890170862
baseline,33383.9890170862
baseline,33263.97467670123
baseline,33343.98423695788
baseline,33313.98065186163
baseline,33313.98065186163
baseline,33283.977066765394
baseline,33303.979456829555
baseline,33363.98662702204
baseline,33273.97587173331
baseline,33303.979456829555
baseline,33233.97109160499
baseline,3039193.1499338546
baseline,33413.99260218244
baseline,33303.979456829555
baseline,33293.97826179747
baseline,33303.979456829555
baseline,33293.97826179747
baseline,33323.981846893716
baseline,33363.98662702204
baseline,33263.97467670123
baseline,33273.97587173331
baseline,33333.9830419258
baseline,33343.98423695788
baseline,33293.97826179747
baseline,33273.97587173331
baseline,33323.981846893716
baseline,33303.979456829555
baseline,33323.981846893716
baseline,33323.981846893716
baseline,33353.98543198996
baseline,33343.98423695788
baseline,33333.9830419258
baseline,33363.98662702204
baseline,33353.98543198996
baseline,33373.98782205412
baseline,33363.98662702204
baseline,33403.991407150366
baseline,33363.98662702204
baseline,33323.981846893716
baseline,33383.9890170862
baseline,33383.9890170862
baseline,33343.98423695788
baseline,33373.98782205412
baseline,33343.98423695788
baseline,33303.979456829555
baseline,37904.52917158679
baseline,33333.9830419258
baseline,33353.98543198996
baseline,33383.9890170862
baseline,33383.9890170862
baseline,33373.98782205412
baseline,33273.97587173331
baseline,33323.981846893716
baseline,33333.9830419258
baseline,33293.97826179747
baseline,33303.979456829555
baseline,34994.18141725123
baseline,33283.977066765394
baseline,33293.97826179747
baseline,3039183.1487388224
baseline,33353.98543198996
baseline,33343.98423695788
baseline,33323.981846893716
baseline,33293.97826179747
baseline,33323.981846893716
baseline,33303.979456829555
baseline,33253.97348166915
baseline,33313.98065186163
baseline,33293.97826179747
baseline,35184.20412286077
baseline,33383.9890170862
baseline,33283.977066765394
baseline,33353.98543198996
baseline,38254.57099770962
baseline,33363.98662702204
baseline,33363.98662702204
baseline,33263.97467670123
baseline,33353.98543198996
baseline,33363.98662702204
baseline,33293.97826179747
baseline,33313.98065186163
baseline,33293.97826179747
baseline,33273.97587173331
baseline,33313.98065186163
baseline,33313.98065186163
baseline,33343.98423695788
baseline,33313.98065186163
baseline,33283.977066765394
baseline,33273.97587173331
baseline,38324.579362934186
baseline,33363.98662702204
baseline,33343.98423695788
baseline,33283.977066765394
baseline,33303.979456829555
baseline,33273.97587173331
baseline,33323.981846893716
baseline,33343.98423695788
baseline,33263.97467670123
baseline,33303.979456829555
baseline,33273.97587173331
baseline,33343.98423695788
baseline,33343.98423695788
baseline,33323.981846893716
baseline,3039023.129618309
baseline,33373.98782205412
baseline,33283.977066765394
baseline,33313.98065186163
baseline,33343.98423695788
baseline,33313.98065186163
baseline,33273.97587173331
baseline,33293.97826179747
baseline,33353.98543198996
baseline,33353.98543198996
baseline,33323.981846893716
baseline,33243.972286637065
baseline,33273.97587173331
baseline,33273.97587173331
baseline,33293.97826179747
baseline,33303.979456829555
baseline,33263.97467670123
baseline,33253.97348166915
baseline,33273.97587173331
baseline,33283.977066765394
baseline,33293.97826179747
baseline,33263.97467670123
baseline,33283.977066765394
baseline,33463.99857734285
baseline,33343.98423695788
baseline,33313.98065186163
baseline,33303.979456829555
baseline,33263.97467670123
baseline,33293.97826179747
baseline,33353.98543198996
baseline,33363.98662702204
baseline,33313.98065186163
baseline,33303.979456829555
baseline,38324.579362934186
baseline,33343.98423695788
baseline,33333.9830419258
baseline,33313.98065186163
baseline,33283.977066765394
baseline,33323.981846893716
baseline,33333.9830419258
baseline,33373.98782205412
baseline,33343.98423695788
baseline,33323.981846893716
baseline,33233.97109160499
baseline,33263.97467670123
baseline,33403.991407150366
baseline,34964.177832154994
baseline,33253.97348166915
baseline,33253.97348166915
baseline,33333.9830419258
baseline,33443.99618727869
baseline,33333.9830419258
baseline,33343.98423695788
baseline,33363.98662702204
baseline,33323.981846893716
baseline,33323.981846893716
baseline,33373.98782205412
baseline,33303.979456829555
baseline,33363.98662702204
baseline,33333.9830419258
baseline,33293.97826179747
baseline,33333.9830419258
baseline,33283.977066765394
baseline,33353.98543198996
baseline,33343.98423695788
baseline,35124.19695266829
baseline,33263.97467670123
baseline,33333.9830419258
baseline,33473.99977237493
baseline,33393.99021211828
baseline,33353.98543198996
baseline,33363.98662702204
baseline,33323.981846893716
baseline,33363.98662702204
baseline,33363.98662702204
baseline,33353.98543198996
baseline,33423.99379721453
baseline,33383.9890170862
baseline,33343.98423695788
baseline,33353.98543198996
baseline,33373.98782205412
baseline,33383.9890170862
baseline,33343.98423695788
baseline,33353.98543198996
baseline,33373.98782205412
baseline,33373.98782205412
baseline,33393.99021211828
baseline,33383.9890170862
baseline,33293.97826179747
baseline,33303.979456829555
baseline,33373.98782205412
baseline,33373.98782205412
baseline,33353.98543198996
baseline,33353.98543198996
baseline,33343.98423695788
baseline,33413.99260218244
baseline,33383.9890170862
baseline,33403.991407150366
baseline,33323.981846893716
baseline,33373.98782205412
baseline,33303.979456829555
baseline,33363.98662702204
baseline,33273.97587173331
baseline,33333.9830419258
baseline,33273.97587173331
baseline,33363.98662702204
baseline,33303.979456829555
baseline,33323.981846893716
baseline,33313.98065186163
baseline,33253.97348166915
baseline,33293.97826179747
baseline,33323.981846893716
baseline,33293.97826179747
baseline,33303.979456829555
baseline,33343.98423695788
baseline,33313.98065186163
baseline,33243.972286637065
baseline,33283.977066765394
baseline,33263.97467670123
baseline,33263.97467670123
baseline,33243.972286637065
baseline,33253.97348166915
baseline,33313.98065186163
baseline,33203.96750650874
baseline,33203.96750650874
baseline,33213.96870154083
baseline,33303.979456829555
baseline,33183.96511644458
baseline,33243.972286637065
baseline,33193.966311476666
baseline,33253.97348166915
baseline,33223.969896572904
baseline,33203.96750650874
baseline,33173.9639214125
baseline,33233.97109160499
baseline,33283.977066765394
baseline,33283.977066765394
baseline,33273.97587173331
baseline,33333.9830419258
baseline,33263.97467670123
baseline,3039873.231196036
baseline,33253.97348166915
baseline,33263.97467670123
baseline,33253.97348166915
baseline,33273.97587173331
baseline,33313.98065186163
baseline,33343.98423695788
baseline,33263.97467670123
baseline,33273.97587173331
baseline,33323.981846893716
baseline,33263.97467670123
baseline,33283.977066765394
baseline,33283.977066765394
baseline,35574.25072911193
baseline,37774.51363616974
baseline,33243.972286637065
baseline,33283.977066765394
baseline,33243.972286637065
baseline,33293.97826179747
baseline,33273.97587173331
baseline,33323.981846893716
baseline,33233.97109160499
baseline,33343.98423695788
baseline,33333.9830419258
baseline,33293.97826179747
baseline,33313.98065186163
baseline,33433.994992246604
baseline,33293.97826179747
baseline,33303.979456829555
baseline,33293.97826179747
baseline,37664.50049081685
baseline,33323.981846893716
baseline,33283.977066765394
baseline,33303.979456829555
baseline,33283.977066765394
baseline,33353.98543198996
baseline,33293.97826179747
baseline,33313.98065186163
baseline,33273.97587173331
baseline,33263.97467670123
baseline,33333.9830419258
baseline,33243.972286637065
baseline,33273.97587173331
baseline,33323.981846893716
baseline,3039023.129618309
baseline,33614.016502824066
baseline,33704.027258112794
baseline,33624.01769785614
baseline,33574.01172269574
baseline,33614.016502824066
baseline,33604.01530779198
baseline,33584.01291772782
baseline,33604.01530779198
baseline,33604.01530779198
baseline,33564.01052766366
baseline,33594.0141127599
baseline,33323.981846893716
baseline,33313.98065186163
baseline,33333.9830419258
baseline,33323.981846893716
baseline,33323.981846893716
baseline,33343.98423695788
baseline,33323.981846893716
baseline,33333.9830419258
baseline,33323.981846893716
baseline,33363.98662702204
baseline,33333.9830419258
baseline,33293.97826179747
baseline,33323.981846893716
baseline,33323.981846893716
baseline,33283.977066765394
baseline,33333.9830419258
baseline,33333.9830419258
baseline,33293.97826179747
baseline,33353.98543198996
baseline,33323.981846893716
baseline,33353.98543198996
baseline,37574.48973552812
baseline,33413.99260218244
baseline,33393.99021211828
baseline,33453.997382310765
baseline,33453.997382310765
baseline,33473.99977237493
baseline,33453.997382310765
baseline,33443.99618727869
baseline,33423.99379721453
baseline,33484.00096740701
baseline,33393.99021211828
baseline,33524.00574753533
baseline,33494.002162439094
baseline,33383.9890170862
baseline,33694.02606308071
baseline,33524.00574753533
baseline,33844.04398856193
baseline,34134.07864449227
baseline,34404.11091035846
baseline,35054.18858744372
baseline,35204.20651292493
baseline,33974.059523978976
baseline,34164.082229588515
baseline,34314.10015506973
baseline,34324.10135010181
baseline,34304.09896003765
baseline,34274.095374941404
baseline,34364.10613023013
baseline,34224.089399781
baseline,39034.66421021194
baseline,34214.08820474892
baseline,34474.11927558303
baseline,35204.20651292493
baseline,36134.31765090846
baseline,35394.22921853447
baseline,34264.09417990933
baseline,34974.17902718707
baseline,35374.22682847031
baseline,35034.18619737956
baseline,34974.17902718707
baseline,36184.323626068865
baseline,41254.92950733391
baseline,35054.18858744372
baseline,35254.21248808534
baseline,35824.280604913954
baseline,35194.205317892855
baseline,34904.170661962504
baseline,34984.180222219155
baseline,36094.31287078014
baseline,35864.285385042276
baseline,35554.248339047765
baseline,35584.25192414401
baseline,35204.20651292493
baseline,35134.198147700365
baseline,35144.19934273245
baseline,35124.19695266829
baseline,35084.192172539966
baseline,35244.21129305326
baseline,3040193.2694370626
baseline,33463.99857734285
baseline,33323.981846893716
baseline,33313.98065186163
baseline,33293.97826179747
baseline,33293.97826179747
baseline,33373.98782205412
baseline,33273.97587173331
baseline,33343.98423695788
baseline,33373.98782205412
baseline,33253.97348166915
baseline,33293.97826179747
baseline,33293.97826179747
baseline,33323.981846893716
baseline,37894.52797655471
baseline,33303.979456829555
baseline,33353.98543198996
baseline,33303.979456829555
baseline,33303.979456829555
baseline,33293.97826179747
baseline,33323.981846893716
baseline,33283.977066765394
baseline,33283.977066765394
baseline,33313.98065186163
baseline,33303.979456829555
baseline,33273.97587173331
baseline,33293.97826179747
baseline,33343.98423695788
baseline,33313.98065186163
baseline,33313.98065186163
baseline,33293.97826179747
baseline,33243.972286637065
baseline,33253.97348166915
baseline,33333.9830419258
baseline,33253.97348166915
baseline,33363.98662702204
baseline,33273.97587173331
baseline,33293.97826179747
baseline,33283.977066765394
baseline,33343.98423695788
baseline,33433.994992246604
baseline,33353.98543198996
baseline,33313.98065186163
baseline,33313.98065186163
baseline,33323.981846893716
baseline,33293.97826179747
baseline,33413.99260218244
baseline,33353.98543198996
baseline,33333.9830419258
baseline,33343.98423695788
baseline,33303.979456829555
baseline,33333.9830419258
baseline,33273.97587173331
baseline,33303.979456829555
baseline,35134.198147700365
baseline,33273.97587173331
baseline,38094.551877196325
baseline,33283.977066765394
baseline,33333.9830419258
baseline,33263.97467670123
baseline,33253.97348166915
baseline,33233.97109160499
baseline,33283.977066765394
baseline,33203.96750650874
baseline,33373.98782205412
baseline,33373.98782205412
baseline,33343.98423695788
baseline,33343.98423695788
baseline,33353.98543198996
baseline,33293.97826179747
baseline,33253.97348166915
baseline,33403.991407150366
baseline,33323.981846893716
baseline,33383.9890170862
baseline,33323.981846893716
baseline,33323.981846893716
baseline,33333.9830419258
baseline,33353.98543198996
baseline,33333.9830419258
baseline,33333.9830419258
baseline,33363.98662702204
baseline,33353.98543198996
baseline,33373.98782205412
baseline,33403.991407150366
baseline,33353.98543198996
baseline,33333.9830419258
baseline,33283.977066765394
baseline,33383.9890170862
baseline,3039203.1511288867
baseline,33343.98423695788
baseline,33283.977066765394
baseline,33313.98065186163
baseline,33343.98423695788
baseline,33303.979456829555
baseline,33263.97467670123
baseline,33373.98782205412
baseline,33313.98065186163
baseline,33273.97587173331
baseline,33303.979456829555
baseline,33403.991407150366
baseline,33263.97467670123
baseline,33273.97587173331
baseline,33263.97467670123
baseline,33293.97826179747
baseline,33293.97826179747
baseline,37874.52558649055
baseline,33353.98543198996
baseline,33333.9830419258
baseline,33333.9830419258
baseline,33333.9830419258
baseline,33253.97348166915
baseline,33313.98065186163
baseline,33333.9830419258
baseline,33323.981846893716
baseline,33293.97826179747
baseline,33383.9890170862
baseline,33303.979456829555
baseline,33383.9890170862
baseline,33313.98065186163
baseline,37724.50766100933
baseline,33363.98662702204
baseline,33393.99021211828
baseline,33473.99977237493
baseline,33403.991407150366
baseline,33393.99021211828
baseline,33373.98782205412
baseline,33293.97826179747
baseline,35534.245948983604
baseline,33353.98543198996
baseline,33363.98662702204
baseline,33343.98423695788
baseline,33423.99379721453
baseline,33353.98543198996
baseline,33323.981846893716
baseline,33313.98065186163
baseline,33373.98782205412
baseline,33373.98782205412
baseline,33423.99379721453
baseline,33473.99977237493
baseline,33463.99857734285
baseline,33473.99977237493
baseline,33453.997382310765
baseline,33333.9830419258
baseline,33353.98543198996
baseline,33373.98782205412
baseline,33403.991407150366
baseline,33333.9830419258
baseline,33343.98423695788
baseline,39354.702451238525
baseline,34784.15632157753
baseline,34704.14676132089
baseline,34744.15154144921
baseline,33504.00335747117
baseline,33373.98782205412
baseline,33383.9890170862
baseline,33433.994992246604
baseline,33373.98782205412
baseline,33373.98782205412
baseline,33363.98662702204
baseline,33393.99021211828
baseline,33313.98065186163
baseline,33383.9890170862
baseline,33343.98423695788
baseline,37814.51841629806
baseline,33423.99379721453
baseline,33353.98543198996
baseline,33363.98662702204
baseline,33413.99260218244
baseline,33884.04876869025
baseline,34524.12525074343
baseline,34114.07625442811
baseline,33834.04279352984
baseline,34154.08103455643
baseline,34124.077449460194
baseline,34144.079839524355
baseline,34124.077449460194
baseline,3039533.1905649453
baseline,33323.981846893716
baseline,33413.99260218244
baseline,33484.00096740701
baseline,33463.99857734285
baseline,33423.99379721453
baseline,33403.991407150366
baseline,33343.98423695788
baseline,33303.979456829555
baseline,33313.98065186163
baseline,33313.98065186163
baseline,33443.99618727869
baseline,33504.00335747117
baseline,33624.01769785614
baseline,33574.01172269574
baseline,33694.02606308071
baseline,33484.00096740701
baseline,33484.00096740701
baseline,33634.01889288823
baseline,33554.00933263158
baseline,33494.002162439094
baseline,33473.99977237493
baseline,33644.020087920304
baseline,33624.01769785614
baseline,33403.991407150366
baseline,33544.0081375995
baseline,33473.99977237493
baseline,33443.99618727869
baseline,33373.98782205412
baseline,33363.98662702204
baseline,33313.98065186163
baseline,33333.9830419258
baseline,33514.004552503255
baseline,39084.67018537234
baseline,33654.02128295239
baseline,34314.10015506973
baseline,33614.016502824066
baseline,33714.02845314487
baseline,34374.107325262215
baseline,33914.052353786494
baseline,33504.00335747117
baseline,34004.06310907522
baseline,34404.11091035846
baseline,36024.30450555557
baseline,36444.35469690297
baseline,36204.326016133025
baseline,36184.323626068865
baseline,36524.36425715962
baseline,36394.348721742565
baseline,37094.43237398823
baseline,36524.36425715962
baseline,36424.35230683881
baseline,36544.36664722378
baseline,36554.36784225586
baseline,36624.376207480425
baseline,38754.63074931367
baseline,36554.36784225586
baseline,36624.376207480425
baseline,36474.358281999215
baseline,36494.360672063376
baseline,36464.35708696713
baseline,36504.36186709546
baseline,36604.373817416265
baseline,36554.36784225586
baseline,37064.42878889199
baseline,36714.38696276916
baseline,36134.31765090846
baseline,35674.26267943274
baseline,35854.28419001019
baseline,35784.275824785625
baseline,40764.87095076194
baseline,35724.26865459314
baseline,35684.26387446482
baseline,35694.2650694969
baseline,35734.26984962523
baseline,35714.26745956106
baseline,35664.26148440066
baseline,35744.271044657304
baseline,35634.257899304415
baseline,35504.242363887366
baseline,35634.257899304415
baseline,35734.26984962523
baseline,34904.170661962504
baseline,34934.17424705875
baseline,34864.16588183418
baseline,34854.1646868021
baseline,34844.16349177002
baseline,34854.1646868021
baseline,3042193.508443479
baseline,33504.00335747117
baseline,33514.004552503255
baseline,33544.0081375995
baseline,33564.01052766366
baseline,33403.991407150366
baseline,33413.99260218244
baseline,34194.08581468476
baseline,33834.04279352984
baseline,34114.07625442811
baseline,34084.072669331865
baseline,34154.08103455643
baseline,34264.09417990933
baseline,39454.71440155934
baseline,34124.077449460194
baseline,34194.08581468476
baseline,34164.082229588515
baseline,34114.07625442811
baseline,34144.079839524355
baseline,34234.09059481308
baseline,33844.04398856193
baseline,33654.02128295239
baseline,33403.991407150366
baseline,33453.997382310765
baseline,33423.99379721453
baseline,33423.99379721453
baseline,33423.99379721453
baseline,37994.53992687552
baseline,33574.01172269574
baseline,33484.00096740701
baseline,33544.0081375995
baseline,33453.997382310765
baseline,33644.020087920304
baseline,33694.02606308071
baseline,33574.01172269574
baseline,34774.155126545455
baseline,34794.157516609615
baseline,34774.155126545455
baseline,34924.173052026665
baseline,34774.155126545455
baseline,34744.15154144921
baseline,34604.134811000076
baseline,34744.15154144921
baseline,34754.152736481294
baseline,34784.15632157753
baseline,34684.14437125673
baseline,34614.13600603216
baseline,34594.133615968
baseline,34614.13600603216
baseline,39644.737107168876
baseline,34694.145566288804
baseline,34754.152736481294
baseline,34764.15393151337
baseline,34774.155126545455
baseline,34634.13839609632
baseline,35154.20053776453
baseline,35354.22443840615
baseline,34654.14078616048
baseline,34284.09656997349
baseline,34434.1144954547
baseline,34804.1587116417
baseline,34564.130030871755
baseline,33724.029648176955
baseline,33824.041598497766
baseline,33934.054743850655
baseline,33744.032038241116
baseline,33874.047573658165
baseline,38784.634334409915
baseline,33904.05115875441
baseline,33774.03562333736
baseline,33764.03442830528
baseline,34284.09656997349
baseline,34424.11330042262
baseline,34244.091789845166
baseline,33894.04996372233
baseline,33964.0583289469
baseline,34164.082229588515
baseline,34574.13122590383
baseline,33433.994992246604
baseline,33694.02606308071
baseline,33564.01052766366
baseline,33694.02606308071
baseline,33564.01052766366
baseline,33584.01291772782
baseline,33443.99618727869
baseline,3039993.245536421
baseline,33473.99977237493
baseline,33504.00335747117
baseline,33433.994992246604
baseline,33373.98782205412
baseline,33473.99977237493
baseline,33544.0081375995
baseline,33494.002162439094
baseline,33544.0081375995
baseline,34124.077449460194
baseline,34414.11210539054
baseline,34264.09417990933
baseline,34544.127640807594
baseline,34284.09656997349
baseline,33373.98782205412
baseline,33453.997382310765
baseline,33463.99857734285
baseline,33463.99857734285
baseline,33413.99260218244
baseline,38664.61999402494
baseline,33403.991407150366
baseline,33383.9890170862
baseline,33413.99260218244
baseline,33423.99379721453
baseline,33333.9830419258
baseline,33494.002162439094
baseline,33383.9890170862
baseline,37814.51841629806
baseline,33433.994992246604
baseline,33373.98782205412
baseline,33514.004552503255
baseline,33373.98782205412
baseline,33343.98423695788
baseline,33383.9890170862
baseline,33353.98543198996
baseline,33393.99021211828
baseline,33323.981846893716
baseline,33313.98065186163
baseline,33313.98065186163
baseline,33313.98065186163
baseline,33313.98065186163
baseline,35244.21129305326
baseline,33413.99260218244
baseline,33524.00574753533
baseline,33453.997382310765
baseline,33534.006942567416
baseline,33704.027258112794
baseline,33754.0332332732
baseline,33473.99977237493
baseline,33403.991407150366
baseline,33403.991407150366
baseline,33373.98782205412
baseline,33333.9830419258
baseline,33353.98543198996
baseline,33383.9890170862
baseline,33353.98543198996
baseline,33373.98782205412
baseline,33363.98662702204
baseline,33403.991407150366
baseline,33313.98065186163
baseline,33353.98543198996
baseline,33343.98423695788
baseline,33353.98543198996
baseline,33333.9830419258
baseline,33343.98423695788
baseline,33463.99857734285
baseline,33504.00335747117
baseline,33403.991407150366
baseline,33473.99977237493
baseline,34114.07625442811
baseline,34064.070279267704
baseline,33614.016502824066
baseline,33423.99379721453
baseline,34474.11927558303
baseline,34504.122860679265
baseline,38084.55068216425
baseline,33544.0081375995
baseline,33473.99977237493
baseline,33473.99977237493
baseline,33614.016502824066
baseline,33423.99379721453
baseline,33463.99857734285
baseline,33564.01052766366
baseline,33824.041598497766
baseline,34034.066694171466
baseline,34044.06788920354
baseline,34554.12883583967
baseline,33594.0141127599
baseline,33614.016502824066
baseline,34044.06788920354
baseline,33994.06191404314
baseline,34144.079839524355
baseline,34204.08700971684
baseline,34114.07625442811
baseline,33844.04398856193
baseline,34214.08820474892
baseline,33564.01052766366
baseline,33514.004552503255
baseline,33564.01052766366
baseline,33564.01052766366
baseline,33534.006942567416
baseline,33433.994992246604
baseline,38394.58772815875
baseline,33383.9890170862
baseline,33343.98423695788
baseline,33293.97826179747
baseline,33263.97467670123
baseline,33363.98662702204
baseline,33313.98065186163
baseline,33343.98423695788
baseline,33303.979456829555
baseline,33343.98423695788
baseline,33323.981846893716
baseline,33323.981846893716
baseline,33273.97587173331
baseline,37654.499295784764
baseline,33343.98423695788
baseline,33293.97826179747
baseline,33303.979456829555
baseline,33303.979456829555
baseline,33303.979456829555
baseline,33303.979456829555
baseline,33253.97348166915
baseline,33303.979456829555
baseline,33233.97109160499
baseline,33273.97587173331
baseline,35074.19097750788
baseline,33293.97826179747
baseline,33243.972286637065
baseline,3038673.087792186
baseline,33233.97109160499
baseline,33353.98543198996
baseline,33283.977066765394
baseline,33313.98065186163
baseline,33333.9830419258
baseline,33373.98782205412
baseline,33323.981846893716
baseline,33333.9830419258
baseline,33313.98065186163
baseline,33343.98423695788
baseline,33333.9830419258
baseline,33333.9830419258
baseline,33303.979456829555
baseline,35094.19336757204
baseline,33393.99021211828
baseline,33303.979456829555
baseline,33403.991407150366
baseline,33323.981846893716
baseline,33313.98065186163
baseline,33333.9830419258
baseline,33343.98423695788
baseline,33323.981846893716
baseline,33303.979456829555
baseline,33363.98662702204
baseline,33373.98782205412
baseline,33383.9890170862
baseline,33333.9830419258
baseline,33393.99021211828
baseline,33323.981846893716
baseline,33353.98543198996
baseline,33333.9830419258
baseline,33283.977066765394
baseline,33283.977066765394
baseline,33333.9830419258
baseline,33353.98543198996
baseline,33393.99021211828
baseline,33323.981846893716
baseline,33383.9890170862
baseline,33263.97467670123
baseline,33333.9830419258
baseline,33323.981846893716
baseline,33363.98662702204
baseline,33313.98065186163
baseline,33293.97826179747
baseline,33313.98065186163
baseline,33383.9890170862
baseline,33373.98782205412
baseline,33303.979456829555
baseline,33343.98423695788
baseline,33373.98782205412
baseline,33383.9890170862
baseline,33263.97467670123
baseline,33323.981846893716
baseline,33333.9830419258
baseline,33333.9830419258
baseline,33343.98423695788
baseline,33313.98065186163
baseline,33313.98065186163
baseline,33313.98065186163
baseline,33413.99260218244
baseline,33363.98662702204
baseline,33353.98543198996
baseline,33373.98782205412
baseline,33373.98782205412
baseline,33484.00096740701
baseline,33403.991407150366
baseline,33323.981846893716
baseline,33343.98423695788
baseline,33353.98543198996
baseline,39154.67855059691
baseline,33383.9890170862
baseline,33403.991407150366
baseline,33363.98662702204
baseline,33363.98662702204
baseline,33323.981846893716
baseline,33423.99379721453
baseline,33343.98423695788
baseline,33393.99021211828
baseline,33343.98423695788
baseline,33373.98782205412
baseline,33413.99260218244
baseline,33383.9890170862
baseline,33343.98423695788
baseline,33313.98065186163
baseline,33343.98423695788
baseline,33353.98543198996
baseline,33303.979456829555
baseline,33273.97587173331
baseline,33273.97587173331
baseline,33343.98423695788
baseline,33293.97826179747
baseline,33293.97826179747
baseline,33323.981846893716
baseline,33333.9830419258
baseline,35094.19336757204
baseline,33313.98065186163
baseline,33303.979456829555
baseline,3038613.0806219936
baseline,33333.9830419258
baseline,33373.98782205412
baseline,33353.98543198996
baseline,33283.977066765394
baseline,33313.98065186163
baseline,33333.9830419258
baseline,33333.9830419258
baseline,33373.98782205412
baseline,33423.99379721453
baseline,33313.98065186163
baseline,33293.97826179747
baseline,33363.98662702204
baseline,38024.54351197176
baseline,33323.981846893716
baseline,33283.977066765394
baseline,33263.97467670123
baseline,33233.97109160499
baseline,33303.979456829555
baseline,33223.969896572904
baseline,33223.969896572904
baseline,33243.972286637065
baseline,33273.97587173331
baseline,33283.977066765394
baseline,33273.97587173331
baseline,37594.49212559228
baseline,33333.9830419258
baseline,33263.97467670123
baseline,33313.98065186163
baseline,33303.979456829555
baseline,33273.97587173331
baseline,33273.97587173331
baseline,33273.97587173331
baseline,33203.96750650874
baseline,33253.97348166915
baseline,33373.98782205412
baseline,33303.979456829555
baseline,33363.98662702204
baseline,33363.98662702204
baseline,33303.979456829555
baseline,33333.9830419258
baseline,33323.981846893716
baseline,33473.99977237493
baseline,33373.98782205412
baseline,33353.98543198996
baseline,33313.98065186163
baseline,33313.98065186163
baseline,33293.97826179747
baseline,33363.98662702204
baseline,33333.9830419258
baseline,33373.98782205412
baseline,33373.98782205412
baseline,33393.99021211828
baseline,33413.99260218244
baseline,33363.98662702204
baseline,33363.98662702204
baseline,33353.98543198996
baseline,33373.98782205412
baseline,33323.981846893716
baseline,33323.981846893716
baseline,33343.98423695788
baseline,33313.98065186163
baseline,33373.98782205412
baseline,33333.9830419258
baseline,33323.981846893716
baseline,33393.99021211828
baseline,33323.981846893716
baseline,33453.997382310765
baseline,33333.9830419258
baseline,33363.98662702204
baseline,33333.9830419258
baseline,33333.9830419258
baseline,33363.98662702204
baseline,33353.98543198996
baseline,33433.994992246604
baseline,33443.99618727869
baseline,33413.99260218244
baseline,33413.99260218244
baseline,33433.994992246604
baseline,33443.99618727869
baseline,33413.99260218244
baseline,33494.002162439094
baseline,33353.98543198996
baseline,33393.99021211828
baseline,33443.99618727869
baseline,33363.98662702204
baseline,35094.19336757204
baseline,33373.98782205412
baseline,33343.98423695788
baseline,33323.981846893716
baseline,33413.99260218244
baseline,33473.99977237493
baseline,33403.991407150366
baseline,33423.99379721453
baseline,33373.98782205412
baseline,33383.9890170862
baseline,33413.99260218244
baseline,33373.98782205412
baseline,33363.98662702204
baseline,35324.220853309904
baseline,33323.981846893716
baseline,33333.9830419258
baseline,33323.981846893716
baseline,38084.55068216425
baseline,33403.991407150366
baseline,33443.99618727869
baseline,33413.99260218244
baseline,33413.99260218244
baseline,33373.98782205412
baseline,33383.9890170862
baseline,33403.991407150366
baseline,33453.997382310765
baseline,33463.99857734285
baseline,33463.99857734285
baseline,33614.016502824066
baseline,33473.99977237493
baseline,33423.99379721453
baseline,33403.991407150366
baseline,33463.99857734285
baseline,33554.00933263158
baseline,33654.02128295239
baseline,33453.997382310765
baseline,38724.627164217425
baseline,33393.99021211828
baseline,33363.98662702204
baseline,33363.98662702204
baseline,33393.99021211828
baseline,33383.9890170862
baseline,33323.981846893716
baseline,33383.9890170862
baseline,33333.9830419258
baseline,33303.979456829555
baseline,33463.99857734285
baseline,33343.98423695788
baseline,33393.99021211828
baseline,33363.98662702204
baseline,33514.004552503255
baseline,3039813.2240258437
baseline,34524.12525074343
baseline,35214.207707957015
baseline,34314.10015506973
baseline,34204.08700971684
baseline,35004.182612283315
baseline,34294.097765005565
baseline,33363.98662702204
baseline,33383.9890170862
baseline,33303.979456829555
baseline,33343.98423695788
baseline,33393.99021211828
baseline,33413.99260218244
baseline,38164.56024242089
baseline,33323.981846893716
baseline,33353.98543198996
baseline,33403.991407150366
baseline,33544.0081375995
baseline,33624.01769785614
baseline,33443.99618727869
baseline,33433.994992246604
baseline,33403.991407150366
baseline,33504.00335747117
baseline,33473.99977237493
baseline,33373.98782205412
baseline,33544.0081375995
baseline,33524.00574753533
baseline,33413.99260218244
baseline,33473.99977237493
baseline,33473.99977237493
baseline,33393.99021211828
baseline,33413.99260218244
baseline,33353.98543198996
baseline,33333.9830419258
baseline,37894.52797655471
baseline,33373.98782205412
baseline,33383.9890170862
baseline,33313.98065186163
baseline,33303.979456829555
baseline,33343.98423695788
baseline,33363.98662702204
baseline,33303.979456829555
baseline,33333.9830419258
baseline,33333.9830419258
baseline,33353.98543198996
baseline,33283.977066765394
baseline,33383.9890170862
baseline,33323.981846893716
baseline,33273.97587173331
baseline,33373.98782205412
baseline,33333.9830419258
baseline,33313.98065186163
baseline,33323.981846893716
baseline,33273.97587173331
baseline,33303.979456829555
baseline,33273.97587173331
baseline,33303.979456829555
baseline,33303.979456829555
baseline,33323.981846893716
baseline,33283.977066765394
baseline,33323.981846893716
baseline,33313.98065186163
baseline,33293.97826179747
baseline,33333.9830419258
baseline,33243.972286637065
baseline,33343.98423695788
baseline,33323.981846893716
baseline,33313.98065186163
baseline,33273.97587173331
baseline,33293.97826179747
baseline,33313.98065186163
baseline,33313.98065186163
baseline,33313.98065186163
baseline,33313.98065186163
baseline,33263.97467670123
baseline,33263.97467670123
baseline,33273.97587173331
baseline,38544.60565363997
baseline,33403.991407150366
baseline,33283.977066765394
baseline,33353.98543198996
baseline,33303.979456829555
baseline,33303.979456829555
baseline,33263.97467670123
baseline,33223.969896572904
baseline,33313.98065186163
baseline,33263.97467670123
baseline,33293.97826179747
baseline,33283.977066765394
baseline,33303.979456829555
baseline,33343.98423695788
baseline,33283.977066765394
baseline,33343.98423695788
baseline,33373.98782205412
baseline,33333.9830419258
baseline,33343.98423695788
baseline,3039453.1810046886
baseline,33343.98423695788
baseline,33343.98423695788
baseline,33303.979456829555
baseline,33303.979456829555
baseline,33283.977066765394
baseline,33303.979456829555
baseline,33263.97467670123
baseline,33293.97826179747
baseline,33323.981846893716
baseline,33283.977066765394
baseline,38024.54351197176
baseline,33323.981846893716
baseline,33313.98065186163
baseline,33243.972286637065
baseline,33263.97467670123
baseline,33303.979456829555
baseline,33273.97587173331
baseline,33273.97587173331
baseline,33233.97109160499
baseline,33263.97467670123
baseline,33293.97826179747
baseline,33283.977066765394
baseline,33253.97348166915
baseline,33343.98423695788
baseline,33333.9830419258
baseline,33303.979456829555
baseline,33303.979456829555
baseline,37874.52558649055
baseline,33283.977066765394
baseline,33293.97826179747
baseline,33303.979456829555
baseline,33303.979456829555
baseline,33283.977066765394
baseline,33313.98065186163
baseline,33263.97467670123
baseline,33343.98423695788
baseline,33293.97826179747
baseline,33323.981846893716
baseline,33283.977066765394
baseline,33303.979456829555
baseline,33323.981846893716
baseline,33323.981846893716
baseline,33303.979456829555
baseline,35034.18619737956
baseline,3038793.1021325714
baseline,33353.98543198996
baseline,33373.98782205412
baseline,33373.98782205412
baseline,33333.9830419258
baseline,33453.997382310765
baseline,33393.99021211828
baseline,33403.991407150366
baseline,33353.98543198996
baseline,33373.98782205412
baseline,33353.98543198996
baseline,33383.9890170862
baseline,35284.21607318158
baseline,33373.98782205412
baseline,33293.97826179747
baseline,33413.99260218244
baseline,38214.5662175813
baseline,33403.991407150366
baseline,33293.97826179747
baseline,33323.981846893716
baseline,33343.98423695788
baseline,33373.98782205412
baseline,33333.9830419258
baseline,33373.98782205412
baseline,33423.99379721453
baseline,33353.98543198996
baseline,33363.98662702204
baseline,33373.98782205412
baseline,33323.981846893716
baseline,33303.979456829555
baseline,33303.979456829555
baseline,33303.979456829555
baseline,37854.52319642639
baseline,33373.98782205412
baseline,33323.981846893716
baseline,33333.9830419258
baseline,33333.9830419258
baseline,33403.991407150366
baseline,33353.98543198996
baseline,33333.9830419258
baseline,33353.98543198996
baseline,33333.9830419258
baseline,33383.9890170862
baseline,33313.98065186163
baseline,33323.981846893716
baseline,33323.981846893716
baseline,33343.98423695788
baseline,3039493.1857848167
baseline,33524.00574753533
baseline,33574.01172269574
baseline,33584.01291772782
baseline,33604.01530779198
baseline,33644.020087920304
baseline,33544.0081375995
baseline,33524.00574753533
baseline,33484.00096740701
baseline,33433.994992246604
baseline,33423.99379721453
baseline,33433.994992246604
baseline,33443.99618727869
baseline,33453.997382310765
baseline,33453.997382310765
baseline,33413.99260218244
baseline,33343.98423695788
baseline,33313.98065186163
baseline,33333.9830419258
baseline,33343.98423695788
baseline,33373.98782205412
baseline,33313.98065186163
baseline,33303.979456829555
baseline,33383.9890170862
baseline,33313.98065186163
baseline,33353.98543198996
baseline,33323.981846893716
baseline,33333.9830419258
baseline,33233.97109160499
baseline,33403.991407150366
baseline,33403.991407150366
baseline,33373.98782205412
baseline,33443.99618727869
baseline,33463.99857734285
baseline,33323.981846893716
baseline,33323.981846893716
baseline,33333.9830419258
baseline,33313.98065186163
baseline,33333.9830419258
baseline,33303.979456829555
baseline,33343.98423695788
baseline,34294.097765005565
baseline,33824.041598497766
baseline,34324.10135010181
baseline,34614.13600603216
baseline,34044.06788920354
baseline,35344.223243374065
baseline,34984.180222219155
baseline,34304.09896003765
baseline,34264.09417990933
baseline,34324.10135010181
baseline,34314.10015506973
baseline,34224.089399781
baseline,39424.71081646309
baseline,34264.09417990933
baseline,35424.232803630715
baseline,35544.24714401569
baseline,34694.145566288804
baseline,34214.08820474892
baseline,34164.082229588515
baseline,34344.10374016597
baseline,35074.19097750788
baseline,35414.23160859863
baseline,34904.170661962504
baseline,34984.180222219155
baseline,34924.173052026665
baseline,35074.19097750788
baseline,40884.885291146915
baseline,35214.207707957015
baseline,35124.19695266829
baseline,35474.23877879112
baseline,35584.25192414401
baseline,35314.21965827783
baseline,35654.260289368576
baseline,35264.21368311742
baseline,35064.1897824758
baseline,35754.27223968939
baseline,35684.26387446482
baseline,35784.275824785625
baseline,3040173.2670469983
baseline,33343.98423695788
baseline,33383.9890170862
baseline,33584.01291772782
baseline,33383.9890170862
baseline,33343.98423695788
baseline,33524.00574753533
baseline,33473.99977237493
baseline,33463.99857734285
baseline,33353.98543198996
baseline,33383.9890170862
baseline,33333.9830419258
baseline,33393.99021211828
baseline,33313.98065186163
baseline,33363.98662702204
baseline,33303.979456829555
baseline,33293.97826179747
baseline,33343.98423695788
baseline,33343.98423695788
baseline,33323.981846893716
baseline,33393.99021211828
baseline,33453.997382310765
baseline,33473.99977237493
baseline,33584.01291772782
baseline,33814.04040346568
baseline,34204.08700971684
baseline,33714.02845314487
baseline,33403.991407150366
baseline,33323.981846893716
baseline,33524.00574753533
baseline,34054.06908423563
baseline,34494.12166564719
baseline,34094.07386436395
baseline,33554.00933263158
baseline,33403.991407150366
baseline,33574.01172269574
baseline,33694.02606308071
baseline,33574.01172269574
baseline,33534.006942567416
baseline,33584.01291772782
baseline,33413.99260218244
baseline,33403.991407150366
baseline,33504.00335747117
baseline,33624.01769785614
baseline,33994.06191404314
baseline,33924.05354881857
baseline,34124.077449460194
baseline,34084.072669331865
baseline,34614.13600603216
baseline,33874.047573658165
baseline,34094.07386436395
baseline,34124.077449460194
baseline,33904.05115875441
baseline,33994.06191404314
baseline,34114.07625442811
baseline,33974.059523978976
baseline,34004.06310907522
baseline,34024.06549913938
baseline,34074.07147429979
baseline,34024.06549913938
baseline,33994.06191404314
baseline,34034.066694171466
baseline,34064.070279267704
baseline,33974.059523978976
baseline,34084.072669331865
baseline,33954.057133914815
baseline,33363.98662702204
baseline,33323.981846893716
baseline,33283.977066765394
baseline,33313.98065186163
baseline,33343.98423695788
baseline,33413.99260218244
baseline,33413.99260218244
baseline,33373.98782205412
baseline,33353.98543198996
baseline,33333.9830419258
baseline,33303.979456829555
baseline,33373.98782205412
baseline,33353.98543198996
baseline,33373.98782205412
baseline,33413.99260218244
baseline,33413.99260218244
baseline,33353.98543198996
baseline,33343.98423695788
baseline,33393.99021211828
baseline,33343.98423695788
baseline,33363.98662702204
baseline,33323.981846893716
baseline,33383.9890170862
baseline,33363.98662702204
baseline,33383.9890170862
baseline,38034.54470700384
baseline,33383.9890170862
baseline,33403.991407150366
baseline,33363.98662702204
baseline,33433.994992246604
baseline,33343.98423695788
baseline,33353.98543198996
baseline,33353.98543198996
baseline,33353.98543198996
baseline,33343.98423695788
baseline,33363.98662702204
baseline,33353.98543198996
baseline,33343.98423695788
baseline,33333.9830419258
baseline,33393.99021211828
baseline,33343.98423695788
baseline,33383.9890170862
baseline,33323.981846893716
baseline,33383.9890170862
baseline,33393.99021211828
baseline,33343.98423695788
baseline,33343.98423695788
baseline,33423.99379721453
baseline,33403.991407150366
baseline,33453.997382310765
baseline,33363.98662702204
baseline,33393.99021211828
baseline,33373.98782205412
baseline,33313.98065186163
baseline,33323.981846893716
baseline,33303.979456829555
baseline,33333.9830419258
baseline,33343.98423695788
baseline,33363.98662702204
baseline,33293.97826179747
baseline,33343.98423695788
baseline,33333.9830419258
baseline,33313.98065186163
baseline,33323.981846893716
baseline,33484.00096740701
baseline,33363.98662702204
baseline,33363.98662702204
baseline,33343.98423695788
baseline,33443.99618727869
baseline,33353.98543198996
baseline,33353.98543198996
baseline,33323.981846893716
baseline,33313.98065186163
baseline,33273.97587173331
baseline,33303.979456829555
baseline,33373.98782205412
baseline,33333.9830419258
baseline,33403.991407150366
baseline,33303.979456829555
baseline,33353.98543198996
baseline,33323.981846893716
baseline,33343.98423695788
baseline,33293.97826179747
baseline,33333.9830419258
baseline,33343.98423695788
baseline,33514.004552503255
baseline,33564.01052766366
baseline,33604.01530779198
baseline,33554.00933263158
baseline,33584.01291772782
baseline,33614.016502824066
baseline,35504.242363887366
baseline,33674.02367301655
baseline,33594.0141127599
baseline,38714.62596918535
baseline,33624.01769785614
baseline,33564.01052766366
baseline,33654.02128295239
baseline,33634.01889288823
baseline,33624.01769785614
baseline,33634.01889288823
baseline,33644.020087920304
baseline,33453.997382310765
baseline,33403.991407150366
baseline,33554.00933263158
baseline,33403.991407150366
baseline,33433.994992246604
baseline,33383.9890170862
baseline,33403.991407150366
baseline,33383.9890170862
baseline,38234.56860764546
baseline,33383.9890170862
baseline,33423.99379721453
baseline,33363.98662702204
baseline,33353.98543198996
baseline,33433.994992246604
baseline,33363.98662702204
baseline,33343.98423695788
baseline,33373.98782205412
baseline,33614.016502824066
baseline,34314.10015506973
baseline,33814.04040346568
baseline,3038983.124838181
baseline,33904.05115875441
baseline,34364.10613023013
baseline,34444.11569048678
baseline,34494.12166564719
baseline,33774.03562333736
baseline,33724.029648176955
baseline,33884.04876869025
baseline,34234.09059481308
baseline,34284.09656997349
baseline,34054.06908423563
baseline,33644.020087920304
baseline,33824.041598497766
baseline,33624.01769785614
baseline,38644.61760396078
baseline,33453.997382310765
baseline,33363.98662702204
baseline,33463.99857734285
baseline,33724.029648176955
baseline,34054.06908423563
baseline,33954.057133914815
baseline,34524.12525074343
baseline,34324.10135010181
baseline,34114.07625442811
baseline,34604.134811000076
baseline,34654.14078616048
baseline,34284.09656997349
baseline,34304.09896003765
baseline,34304.09896003765
baseline,34304.09896003765
baseline,34194.08581468476
baseline,34294.097765005565
baseline,34644.1395911284
baseline,35414.23160859863
baseline,35244.21129305326
baseline,35584.25192414401
baseline,35364.22563343823
baseline,36964.41683857118
baseline,35174.202927828694
baseline,34994.18141725123
baseline,35024.185002347476
baseline,3041423.4164260086
baseline,35064.1897824758
baseline,35434.2339986628
baseline,35684.26387446482
baseline,35104.19456260413
baseline,35334.22204834199
baseline,34664.141981192566
baseline,34774.155126545455
baseline,34754.152736481294
baseline,37074.42998392407
baseline,35284.21607318158
baseline,35054.18858744372
baseline,34864.16588183418
baseline,34714.147956352965
baseline,39334.700061174364
baseline,34714.147956352965
baseline,34984.180222219155
baseline,35354.22443840615
baseline,34854.1646868021
baseline,34604.134811000076
baseline,34694.145566288804
baseline,34754.152736481294
baseline,34984.180222219155
baseline,35344.223243374065
baseline,35344.223243374065
baseline,35094.19336757204
baseline,35204.20651292493
baseline,36654.37979257667
baseline,36944.41444850702
baseline,35204.20651292493
baseline,35224.2089029891
baseline,35374.22682847031
baseline,36144.31884594054
baseline,36694.38457270499
baseline,36554.36784225586
baseline,36614.37501244835
baseline,35884.28777510644
baseline,35244.21129305326
baseline,35044.18739241164
baseline,35094.19336757204
baseline,34984.180222219155
baseline,35574.25072911193
baseline,35864.285385042276
baseline,35314.21965827783
baseline,34954.17663712291
baseline,34834.16229673794
baseline,34824.16110170586
baseline,35334.22204834199
baseline,3040563.3136532498
baseline,34374.107325262215
baseline,34324.10135010181
baseline,34394.109715326376
baseline,34404.11091035846
baseline,34474.11927558303
baseline,34434.1144954547
baseline,34254.09298487724
baseline,34104.07505939603
baseline,34394.109715326376
baseline,34354.104935198055
baseline,33684.02486804863
baseline,33504.00335747117
baseline,33514.004552503255
baseline,33514.004552503255
baseline,33484.00096740701
baseline,33443.99618727869
baseline,33403.991407150366
baseline,38654.61879899286
baseline,33433.994992246604
baseline,33584.01291772782
baseline,34214.08820474892
baseline,34004.06310907522
baseline,33764.03442830528
baseline,33293.97826179747
baseline,33453.997382310765
baseline,33383.9890170862
baseline,33944.05593888273
baseline,33754.0332332732
baseline,33433.994992246604
baseline,33443.99618727869
baseline,34204.08700971684
baseline,34414.11210539054
baseline,34614.13600603216
baseline,34524.12525074343
baseline,34124.077449460194
baseline,36084.31167574806
baseline,34134.07864449227
baseline,3041443.418816073
baseline,33413.99260218244
baseline,33383.9890170862
baseline,33443.99618727869
baseline,33463.99857734285
baseline,33343.98423695788
baseline,33363.98662702204
baseline,33253.97348166915
baseline,33263.97467670123
baseline,33293.97826179747
baseline,36654.37979257667
baseline,33243.972286637065
baseline,33273.97587173331
baseline,33303.979456829555
baseline,33263.97467670123
baseline,33203.96750650874
baseline,33293.97826179747
baseline,33233.97109160499
baseline,33323.981846893716
baseline,33413.99260218244
baseline,33273.97587173331
baseline,33253.97348166915
baseline,33233.97109160499
baseline,33263.97467670123
baseline,33243.972286637065
baseline,33203.96750650874
baseline,33233.97109160499
baseline,37674.501685848925
baseline,33203.96750650874
baseline,33223.969896572904
baseline,33183.96511644458
baseline,33223.969896572904
baseline,33263.97467670123
baseline,33263.97467670123
baseline,33263.97467670123
baseline,33303.979456829555
baseline,33243.972286637065
baseline,33283.977066765394
baseline,33283.977066765394
baseline,33283.977066765394
baseline,33263.97467670123
baseline,33333.9830419258
baseline,33263.97467670123
baseline,33303.979456829555
baseline,33293.97826179747
baseline,33313.98065186163
baseline,33273.97587173331
baseline,33293.97826179747
baseline,33263.97467670123
baseline,33323.981846893716
baseline,33303.979456829555
baseline,33333.9830419258
baseline,33283.977066765394
baseline,33293.97826179747
baseline,33293.97826179747
baseline,33273.97587173331
baseline,33273.97587173331
baseline,33353.98543198996
baseline,33293.97826179747
baseline,33313.98065186163
baseline,33273.97587173331
baseline,33323.981846893716
baseline,33313.98065186163
baseline,33343.98423695788
baseline,33333.9830419258
baseline,33333.9830419258
baseline,33353.98543198996
baseline,33323.981846893716
baseline,33293.97826179747
baseline,33343.98423695788
baseline,33323.981846893716
baseline,33283.977066765394
baseline,33343.98423695788
baseline,33343.98423695788
baseline,33323.981846893716
baseline,33343.98423695788
baseline,33313.98065186163
baseline,33293.97826179747
baseline,33363.98662702204
baseline,33343.98423695788
baseline,33303.979456829555
baseline,33313.98065186163
baseline,35374.22682847031
baseline,33443.99618727869
baseline,33323.981846893716
baseline,3038423.057916384
baseline,33403.991407150366
baseline,33363.98662702204
baseline,33413.99260218244
baseline,33333.9830419258
baseline,33373.98782205412
baseline,33373.98782205412
baseline,33373.98782205412
baseline,33313.98065186163
baseline,33363.98662702204
baseline,33313.98065186163
baseline,33313.98065186163
baseline,33343.98423695788
baseline,33353.98543198996
baseline,33383.9890170862
baseline,33363.98662702204
baseline,33363.98662702204
baseline,33413.99260218244
baseline,33453.997382310765
baseline,33323.981846893716
baseline,33383.9890170862
baseline,33373.98782205412
baseline,33413.99260218244
baseline,33413.99260218244
baseline,33393.99021211828
baseline,33383.9890170862
baseline,33393.99021211828
baseline,33353.98543198996
baseline,33494.002162439094
baseline,33484.00096740701
baseline,33494.002162439094
baseline,33463.99857734285
baseline,33403.991407150366
baseline,38494.599678479564
baseline,33323.981846893716
baseline,33383.9890170862
baseline,33333.9830419258
baseline,33423.99379721453
baseline,33353.98543198996
baseline,33353.98543198996
baseline,33403.991407150366
baseline,33604.01530779198
baseline,34564.130030871755
baseline,34704.14676132089
baseline,34384.1085202943
baseline,34244.091789845166
baseline,33714.02845314487
baseline,33554.00933263158
baseline,33514.004552503255
baseline,33544.0081375995
baseline,33484.00096740701
baseline,3039033.130813341
baseline,33323.981846893716
baseline,33333.9830419258
baseline,33313.98065186163
baseline,33363.98662702204
baseline,33303.979456829555
baseline,33393.99021211828
baseline,33413.99260218244
baseline,33453.997382310765
baseline,33443.99618727869
baseline,33383.9890170862
baseline,33443.99618727869
baseline,33544.0081375995
baseline,33504.00335747117
baseline,38294.57577783795
baseline,33504.00335747117
baseline,33393.99021211828
baseline,33403.991407150366
baseline,33443.99618727869
baseline,33393.99021211828
baseline,33353.98543198996
baseline,33403.991407150366
baseline,33403.991407150366
baseline,33423.99379721453
baseline,33393.99021211828
baseline,33363.98662702204
baseline,38154.559047388815
baseline,33443.99618727869
baseline,33403.991407150366
baseline,33273.97587173331
baseline,33343.98423695788
baseline,33584.01291772782
baseline,33383.9890170862
baseline,33403.991407150366
baseline,33403.991407150366
baseline,33453.997382310765
baseline,33484.00096740701
baseline,33584.01291772782
baseline,33393.99021211828
baseline,35104.19456260413
baseline,33594.0141127599
baseline,33393.99021211828
baseline,34844.16349177002
baseline,34854.1646868021
baseline,34754.152736481294
baseline,35264.21368311742
baseline,35464.23758375904
baseline,35104.19456260413
baseline,35704.26626452898
baseline,35934.29375026684
baseline,35724.26865459314
baseline,36144.31884594054
baseline,35544.24714401569
baseline,35374.22682847031
baseline,35424.232803630715
baseline,35474.23877879112
baseline,36284.335576389676
baseline,35594.25311917609
baseline,35714.26745956106
baseline,35454.23638872696
baseline,35554.248339047765
baseline,35384.22802350239
baseline,35244.21129305326
baseline,35414.23160859863
baseline,35074.19097750788
baseline,35074.19097750788
baseline,34784.15632157753
baseline,34614.13600603216
baseline,39574.72874194431
baseline,34724.14915138505
baseline,34804.1587116417
baseline,34704.14676132089
baseline,34754.152736481294
baseline,34774.155126545455
baseline,34814.159906673776
baseline,34564.130030871755
baseline,34814.159906673776
baseline,34174.0834246206
baseline,34034.066694171466
baseline,34034.066694171466
baseline,34014.0643041073
baseline,33994.06191404314
baseline,33924.05354881857
baseline,33954.057133914815
baseline,34574.13122590383
baseline,33363.98662702204
baseline,33433.994992246604
baseline,33504.00335747117
baseline,33383.9890170862
baseline,33453.997382310765
baseline,33724.029648176955
baseline,33423.99379721453
baseline,33564.01052766366
baseline,34254.09298487724
baseline,34314.10015506973
baseline,34554.12883583967
baseline,33854.045183594004
baseline,34354.104935198055
baseline,34934.17424705875
baseline,35844.282994978115
baseline,35734.26984962523
baseline,35444.235193694876
baseline,34234.09059481308
baseline,34974.17902718707
baseline,34334.102545133894
baseline,34134.07864449227
baseline,35574.25072911193
baseline,35204.20651292493
baseline,35394.22921853447
baseline,34644.1395911284
baseline,35564.24953407985
baseline,34864.16588183418
baseline,34944.17544209083
baseline,34954.17663712291
baseline,40394.82673457495
baseline,34774.155126545455
baseline,34764.15393151337
baseline,34774.155126545455
baseline,34734.15034641713
baseline,34774.155126545455
baseline,34784.15632157753
baseline,35414.23160859863
baseline,35504.242363887366
baseline,35664.26148440066
baseline,35654.260289368576
baseline,35584.25192414401
baseline,37334.461054758176
baseline,35444.235193694876
baseline,35414.23160859863
baseline,33333.9830419258
baseline,33283.977066765394
baseline,33343.98423695788
baseline,33333.9830419258
baseline,33433.994992246604
baseline,33373.98782205412
baseline,33343.98423695788
baseline,33363.98662702204
baseline,38424.591313255
baseline,33453.997382310765
baseline,33363.98662702204
baseline,33383.9890170862
baseline,33363.98662702204
baseline,33323.981846893716
baseline,33293.97826179747
baseline,33373.98782205412
baseline,33313.98065186163
baseline,33333.9830419258
baseline,33353.98543198996
baseline,33333.9830419258
baseline,33383.9890170862
baseline,33363.98662702204
baseline,33403.991407150366
baseline,33373.98782205412
baseline,33333.9830419258
baseline,33363.98662702204
baseline,33303.979456829555
baseline,33313.98065186163
baseline,33323.981846893716
baseline,33313.98065186163
baseline,33373.98782205412
baseline,33433.994992246604
baseline,33363.98662702204
baseline,33363.98662702204
baseline,33323.981846893716
baseline,33333.9830419258
baseline,33313.98065186163
baseline,33423.99379721453
baseline,33363.98662702204
baseline,33323.981846893716
baseline,33353.98543198996
baseline,33303.979456829555
baseline,33403.991407150366
baseline,33413.99260218244
baseline,33323.981846893716
baseline,33403.991407150366
baseline,33333.9830419258
baseline,33333.9830419258
baseline,33283.977066765394
baseline,33343.98423695788
baseline,33323.981846893716
baseline,33303.979456829555
baseline,33283.977066765394
baseline,33283.977066765394
baseline,33273.97587173331
baseline,33303.979456829555
baseline,33303.979456829555
baseline,33343.98423695788
baseline,33303.979456829555
baseline,33243.972286637065
baseline,33273.97587173331
baseline,38104.55307222841
baseline,33323.981846893716
baseline,33223.969896572904
baseline,33283.977066765394
baseline,33383.9890170862
baseline,33293.97826179747
baseline,33303.979456829555
baseline,33343.98423695788
baseline,33413.99260218244
baseline,33383.9890170862
baseline,33343.98423695788
baseline,33263.97467670123
baseline,33273.97587173331
baseline,33283.977066765394
baseline,33253.97348166915
baseline,33323.981846893716
baseline,33313.98065186163
baseline,33243.972286637065
baseline,33273.97587173331
baseline,33293.97826179747
baseline,33353.98543198996
baseline,33323.981846893716
baseline,33273.97587173331
baseline,33263.97467670123
baseline,33253.97348166915
baseline,33283.977066765394
baseline,33273.97587173331
baseline,33283.977066765394
baseline,33283.977066765394
baseline,33313.98065186163
baseline,33283.977066765394
baseline,33253.97348166915
baseline,33253.97348166915
baseline,33313.98065186163
baseline,33273.97587173331
baseline,33273.97587173331
baseline,33233.97109160499
baseline,33233.97109160499
baseline,33243.972286637065
baseline,33263.97467670123
baseline,33313.98065186163
baseline,33303.979456829555
baseline,33333.9830419258
baseline,33303.979456829555
baseline,33283.977066765394
baseline,38314.57816790211
baseline,33323.981846893716
baseline,33303.979456829555
baseline,33253.97348166915
baseline,33293.97826179747
baseline,33243.972286637065
baseline,33243.972286637065
baseline,33263.97467670123
baseline,33223.969896572904
baseline,33283.977066765394
baseline,33333.9830419258
baseline,33293.97826179747
baseline,33303.979456829555
baseline,33313.98065186163
baseline,33343.98423695788
baseline,33263.97467670123
baseline,33343.98423695788
baseline,33233.97109160499
baseline,33283.977066765394
baseline,33193.966311476666
baseline,33433.994992246604
baseline,33353.98543198996
baseline,33313.98065186163
baseline,33293.97826179747
baseline,33383.9890170862
baseline,33323.981846893716
baseline,33313.98065186163
baseline,33323.981846893716
baseline,33223.969896572904
baseline,33243.972286637065
baseline,33283.977066765394
baseline,33313.98065186163
baseline,33233.97109160499
baseline,33243.972286637065
baseline,33273.97587173331
baseline,33233.97109160499
baseline,33233.97109160499
baseline,33283.977066765394
baseline,33273.97587173331
baseline,38264.5721927417
baseline,33423.99379721453
baseline,33403.991407150366
baseline,33403.991407150366
baseline,33323.981846893716
baseline,33343.98423695788
baseline,33343.98423695788
baseline,33293.97826179747
baseline,33363.98662702204
baseline,33283.977066765394
baseline,33463.99857734285
baseline,33323.981846893716
baseline,33383.9890170862
baseline,33343.98423695788
baseline,33303.979456829555
baseline,33313.98065186163
baseline,33273.97587173331
baseline,33363.98662702204
baseline,33333.9830419258
baseline,33343.98423695788
baseline,33333.9830419258
baseline,38094.551877196325
baseline,33343.98423695788
baseline,33423.99379721453
baseline,33353.98543198996
baseline,33363.98662702204
baseline,33413.99260218244
baseline,33373.98782205412
baseline,33353.98543198996
baseline,33303.979456829555
baseline,33313.98065186163
baseline,33323.981846893716
baseline,33293.97826179747
baseline,33303.979456829555
baseline,33373.98782205412
baseline,33343.98423695788
baseline,33303.979456829555
baseline,33333.9830419258
baseline,33413.99260218244
baseline,33393.99021211828
baseline,33293.97826179747
baseline,33323.981846893716
baseline,33293.97826179747
baseline,33293.97826179747
baseline,33313.98065186163
baseline,33303.979456829555
baseline,33353.98543198996
baseline,33253.97348166915
baseline,33363.98662702204
baseline,33283.977066765394
baseline,33383.9890170862
baseline,33313.98065186163
baseline,33293.97826179747
baseline,33383.9890170862
baseline,33283.977066765394
baseline,33313.98065186163
baseline,33343.98423695788
baseline,33333.9830419258
baseline,33303.979456829555
baseline,33403.991407150366
baseline,33343.98423695788
baseline,33323.981846893716
baseline,33293.97826179747
baseline,33343.98423695788
baseline,33233.97109160499
baseline,33263.97467670123
baseline,38034.54470700384
baseline,33373.98782205412
baseline,33363.98662702204
baseline,33323.981846893716
baseline,33273.97587173331
baseline,33293.97826179747
baseline,33293.97826179747
baseline,33293.97826179747
baseline,33293.97826179747
baseline,33323.981846893716
baseline,33323.981846893716
baseline,33323.981846893716
baseline,33303.979456829555
baseline,3039753.2168556512
baseline,33524.00574753533
baseline,33423.99379721453
baseline,33303.979456829555
baseline,33343.98423695788
baseline,33273.97587173331
baseline,33353.98543198996
baseline,33333.9830419258
baseline,33363.98662702204
baseline,33303.979456829555
baseline,33363.98662702204
baseline,33403.991407150366
baseline,33353.98543198996
baseline,33293.97826179747
baseline,33303.979456829555
baseline,33333.9830419258
baseline,33353.98543198996
baseline,33303.979456829555
baseline,33343.98423695788
baseline,33423.99379721453
baseline,33473.99977237493
baseline,33333.9830419258
baseline,33353.98543198996
baseline,33323.981846893716
baseline,33393.99021211828
baseline,33413.99260218244
baseline,33283.977066765394
baseline,33363.98662702204
baseline,33343.98423695788
baseline,33343.98423695788
baseline,33303.979456829555
baseline,33323.981846893716
baseline,33303.979456829555
baseline,33313.98065186163
baseline,33313.98065186163
baseline,33333.9830419258
baseline,33343.98423695788
baseline,33473.99977237493
baseline,33363.98662702204
baseline,33373.98782205412
baseline,33253.97348166915
baseline,33373.98782205412
baseline,33433.994992246604
baseline,33534.006942567416
baseline,33443.99618727869
baseline,33413.99260218244
baseline,33403.991407150366
baseline,33413.99260218244
baseline,33413.99260218244
baseline,33453.997382310765
baseline,33433.994992246604
baseline,33393.99021211828
baseline,3039643.203710298
baseline,33383.9890170862
baseline,33293.97826179747
baseline,33343.98423695788
baseline,33293.97826179747
baseline,33363.98662702204
baseline,33333.9830419258
baseline,33273.97587173331
baseline,33323.981846893716
baseline,33273.97587173331
baseline,33293.97826179747
baseline,33253.97348166915
baseline,33293.97826179747
baseline,33213.96870154083
baseline,33283.977066765394
baseline,33333.9830419258
baseline,33263.97467670123
baseline,38164.56024242089
baseline,33313.98065186163
baseline,33313.98065186163
baseline,33253.97348166915
baseline,33233.97109160499
baseline,33273.97587173331
baseline,33333.9830419258
baseline,33383.9890170862
baseline,33343.98423695788
baseline,33323.981846893716
baseline,33283.977066765394
baseline,33253.97348166915
baseline,33313.98065186163
baseline,33343.98423695788
baseline,37794.5160262339
baseline,33283.977066765394
baseline,33333.9830419258
baseline,33263.97467670123
baseline,33273.97587173331
baseline,33273.97587173331
baseline,33293.97826179747
baseline,33213.96870154083
baseline,33243.972286637065
baseline,33263.97467670123
baseline,33253.97348166915
baseline,33303.979456829555
baseline,33313.98065186163
baseline,33303.979456829555
baseline,33313.98065186163
baseline,33283.977066765394
baseline,33333.9830419258
baseline,33383.9890170862
baseline,33343.98423695788
baseline,33333.9830419258
baseline,33423.99379721453
baseline,33363.98662702204
baseline,33313.98065186163
baseline,33353.98543198996
baseline,33343.98423695788
baseline,33353.98543198996
baseline,33393.99021211828
baseline,33413.99260218244
baseline,33363.98662702204
baseline,33333.9830419258
baseline,33403.991407150366
baseline,33413.99260218244
baseline,33413.99260218244
baseline,33383.9890170862
baseline,33343.98423695788
baseline,33333.9830419258
baseline,33353.98543198996
baseline,33413.99260218244
baseline,33353.98543198996
baseline,33363.98662702204
baseline,33413.99260218244
baseline,33363.98662702204
baseline,33383.9890170862
baseline,33333.9830419258
baseline,33313.98065186163
baseline,33353.98543198996
baseline,33353.98543198996
baseline,33363.98662702204
baseline,33423.99379721453
baseline,37714.506465977254
baseline,33494.002162439094
baseline,34554.12883583967
baseline,34764.15393151337
baseline,34834.16229673794
baseline,34894.16946693043
baseline,34254.09298487724
baseline,33814.04040346568
baseline,33463.99857734285
baseline,33433.994992246604
baseline,33544.0081375995
baseline,33463.99857734285
baseline,33373.98782205412
baseline,33413.99260218244
baseline,33403.991407150366
baseline,35384.22802350239
baseline,33484.00096740701
baseline,3038803.1033276035
baseline,33313.98065186163
baseline,33343.98423695788
baseline,33363.98662702204
baseline,33343.98423695788
baseline,33293.97826179747
baseline,33333.9830419258
baseline,33283.977066765394
baseline,33333.9830419258
baseline,33263.97467670123
baseline,33303.979456829555
baseline,33343.98423695788
baseline,33433.994992246604
baseline,33343.98423695788
baseline,33313.98065186163
baseline,33303.979456829555
baseline,33333.9830419258
baseline,33413.99260218244
baseline,33544.0081375995
baseline,33463.99857734285
baseline,33383.9890170862
baseline,33373.98782205412
baseline,33453.997382310765
baseline,33383.9890170862
baseline,33353.98543198996
baseline,33403.991407150366
baseline,33644.020087920304
baseline,33433.994992246604
baseline,33383.9890170862
baseline,33433.994992246604
baseline,39724.74666742552
baseline,33514.004552503255
baseline,33484.00096740701
baseline,34004.06310907522
baseline,34194.08581468476
baseline,33373.98782205412
baseline,34194.08581468476
baseline,33393.99021211828
baseline,33484.00096740701
baseline,33373.98782205412
baseline,33594.0141127599
baseline,33403.991407150366
baseline,33514.004552503255
baseline,33584.01291772782
baseline,33333.9830419258
baseline,3039313.1642742394
baseline,35474.23877879112
baseline,35384.22802350239
baseline,35354.22443840615
baseline,35414.23160859863
baseline,35404.230413566554
baseline,35304.21846324574
baseline,35124.19695266829
baseline,35084.192172539966
baseline,35344.223243374065
baseline,35284.21607318158
baseline,34584.132420935915
baseline,34544.127640807594
baseline,34644.1395911284
baseline,34524.12525074343
baseline,39344.70125620645
baseline,34624.13720106424
baseline,34484.120470615104
baseline,34474.11927558303
baseline,34454.116885518866
baseline,34484.120470615104
baseline,33684.02486804863
baseline,33684.02486804863
baseline,33714.02845314487
baseline,33734.03084320903
baseline,33634.01889288823
baseline,33704.027258112794
baseline,33714.02845314487
baseline,33684.02486804863
baseline,33734.03084320903
baseline,33514.004552503255
baseline,33353.98543198996
baseline,33343.98423695788
baseline,33293.97826179747
baseline,33323.981846893716
baseline,33313.98065186163
baseline,33343.98423695788
baseline,33333.9830419258
baseline,33333.9830419258
baseline,3039683.2084904267
baseline,33413.99260218244
baseline,33333.9830419258
baseline,33283.977066765394
baseline,33283.977066765394
baseline,33313.98065186163
baseline,33253.97348166915
baseline,33303.979456829555
baseline,33323.981846893716
baseline,33293.97826179747
baseline,33293.97826179747
baseline,33333.9830419258
baseline,33313.98065186163
baseline,33283.977066765394
baseline,33363.98662702204
baseline,33333.9830419258
baseline,33494.002162439094
baseline,33333.9830419258
baseline,33303.979456829555
baseline,38064.54829210009
baseline,33373.98782205412
baseline,33323.981846893716
baseline,33283.977066765394
baseline,33273.97587173331
baseline,33263.97467670123
baseline,33333.9830419258
baseline,33303.979456829555
baseline,33263.97467670123
baseline,33283.977066765394
baseline,33243.972286637065
baseline,33303.979456829555
baseline,33273.97587173331
baseline,37644.49810075269
baseline,33363.98662702204
baseline,33333.9830419258
baseline,33363.98662702204
baseline,33343.98423695788
baseline,33453.997382310765
baseline,33313.98065186163
baseline,33323.981846893716
baseline,33333.9830419258
baseline,33333.9830419258
baseline,33343.98423695788
baseline,33353.98543198996
baseline,33323.981846893716
baseline,33333.9830419258
baseline,33283.977066765394
baseline,33453.997382310765
baseline,33544.0081375995
baseline,33363.98662702204
baseline,33393.99021211828
baseline,33403.991407150366
baseline,33423.99379721453
baseline,33353.98543198996
baseline,34384.1085202943
baseline,33413.99260218244
baseline,33484.00096740701
baseline,33433.994992246604
baseline,33494.002162439094
baseline,33494.002162439094
baseline,33564.01052766366
baseline,33534.006942567416
baseline,33534.006942567416
baseline,33484.00096740701
baseline,33544.0081375995
baseline,33504.00335747117
baseline,33514.004552503255
baseline,33734.03084320903
baseline,33784.03681836944
baseline,33734.03084320903
baseline,33744.032038241116
baseline,33784.03681836944
baseline,33784.03681836944
baseline,33714.02845314487
baseline,33674.02367301655
baseline,33724.029648176955
baseline,33704.027258112794
baseline,33674.02367301655
baseline,33754.0332332732
baseline,33754.0332332732
baseline,33724.029648176955
baseline,33704.027258112794
baseline,33744.032038241116
baseline,33754.0332332732
baseline,33724.029648176955
baseline,33634.01889288823
baseline,33794.03801340152
baseline,33684.02486804863
baseline,33433.994992246604
baseline,33494.002162439094
baseline,33463.99857734285
baseline,33393.99021211828
baseline,33443.99618727869
baseline,33373.98782205412
baseline,33554.00933263158
baseline,33514.004552503255
baseline,33363.98662702204
baseline,33353.98543198996
baseline,33313.98065186163
baseline,33283.977066765394
baseline,33293.97826179747
baseline,33303.979456829555
baseline,33333.9830419258
baseline,33433.994992246604
baseline,33333.9830419258
baseline,33373.98782205412
baseline,33333.9830419258
baseline,38534.604458607886
baseline,34234.09059481308
baseline,34524.12525074343
baseline,34654.14078616048
baseline,33664.022477984465
baseline,33594.0141127599
baseline,33534.006942567416
baseline,33403.991407150366
baseline,33524.00574753533
baseline,33804.0392084336
baseline,34294.097765005565
baseline,34164.082229588515
baseline,33724.029648176955
baseline,33413.99260218244
baseline,33433.994992246604
baseline,33363.98662702204
baseline,33433.994992246604
baseline,33694.02606308071
baseline,38404.58892319084
baseline,33473.99977237493
baseline,33584.01291772782
baseline,33634.01889288823
baseline,33584.01291772782
baseline,33574.01172269574
baseline,33413.99260218244
baseline,33494.002162439094
baseline,33964.0583289469
baseline,34704.14676132089
baseline,35364.22563343823
baseline,34354.104935198055
baseline,34144.079839524355
baseline,34724.14915138505
baseline,34694.145566288804
baseline,34674.14317622464
baseline,34704.14676132089
baseline,34754.152736481294
baseline,34844.16349177002
baseline,34854.1646868021
baseline,34834.16229673794
baseline,34644.1395911284
baseline,34354.104935198055
baseline,34994.18141725123
baseline,34714.147956352965
baseline,34804.1587116417
baseline,34854.1646868021
baseline,34934.17424705875
baseline,34134.07864449227
baseline,34074.07147429979
baseline,33934.054743850655
baseline,34034.066694171466
baseline,33784.03681836944
baseline,33764.03442830528
baseline,33784.03681836944
baseline,33784.03681836944
baseline,33754.0332332732
baseline,33754.0332332732
baseline,33814.04040346568
baseline,33744.032038241116
baseline,33744.032038241116
baseline,34084.072669331865
baseline,34424.11330042262
baseline,34094.07386436395
baseline,34204.08700971684
baseline,34244.091789845166
baseline,34434.1144954547
baseline,34234.09059481308
baseline,34234.09059481308
baseline,34314.10015506973
baseline,34404.11091035846
baseline,34244.091789845166
baseline,34184.084619652676
baseline,34274.095374941404
baseline,34224.089399781
baseline,34274.095374941404
baseline,34204.08700971684
baseline,34374.107325262215
baseline,33453.997382310765
baseline,33504.00335747117
baseline,33473.99977237493
baseline,35504.242363887366
baseline,33514.004552503255
baseline,33504.00335747117
baseline,33504.00335747117
baseline,33534.006942567416
baseline,33514.004552503255
baseline,3041873.470202452
baseline,35054.18858744372
baseline,34424.11330042262
baseline,34184.084619652676
baseline,34294.097765005565
baseline,34274.095374941404
baseline,34744.15154144921
baseline,34754.152736481294
baseline,34814.159906673776
baseline,35384.22802350239
baseline,35624.25670427233
baseline,35464.23758375904
baseline,34724.14915138505
baseline,35064.1897824758
baseline,34884.16827189834
baseline,34844.16349177002
baseline,34904.170661962504
baseline,34864.16588183418
baseline,39854.762202842576
baseline,34764.15393151337
baseline,34774.155126545455
baseline,35014.1838073154
baseline,34984.180222219155
baseline,35044.18739241164
baseline,34984.180222219155
baseline,35324.220853309904
baseline,35074.19097750788
baseline,35384.22802350239
baseline,40054.78610348419
baseline,35074.19097750788
baseline,35134.198147700365
baseline,35184.20412286077
baseline,35054.18858744372
baseline,35184.20412286077
baseline,35634.257899304415
baseline,35024.185002347476
baseline,34874.167076866266
baseline,34864.16588183418
baseline,35124.19695266829
baseline,34964.177832154994
baseline,34434.1144954547
baseline,34404.11091035846
baseline,34394.109715326376
baseline,34204.08700971684
baseline,3040373.29094764
baseline,34274.095374941404
baseline,34094.07386436395
baseline,34124.077449460194
baseline,34104.07505939603
baseline,34194.08581468476
baseline,34924.173052026665
baseline,35194.205317892855
baseline,35754.27223968939
baseline,36274.33438135759
baseline,34914.17185699459
baseline,34834.16229673794
baseline,34924.173052026665
baseline,35054.18858744372
baseline,36004.30211549141
baseline,35334.22204834199
baseline,35594.25311917609
baseline,35524.24475395153
baseline,36024.30450555557
baseline,36014.30331052349
baseline,35444.235193694876
baseline,35234.210098021176
baseline,35204.20651292493
baseline,35284.21607318158
baseline,35364.22563343823
baseline,35594.25311917609
baseline,35134.198147700365
baseline,35424.232803630715
baseline,37094.43237398823
baseline,35184.20412286077
baseline,35104.19456260413
baseline,35214.207707957015
baseline,35394.22921853447
baseline,33904.05115875441
baseline,33784.03681836944
baseline,34554.12883583967
baseline,34144.079839524355
baseline,33974.059523978976
baseline,35294.217268213666
baseline,35034.18619737956
baseline,34544.127640807594
baseline,35524.24475395153
baseline,34984.180222219155
baseline,37694.50407591309
baseline,34694.145566288804
baseline,39754.750252521764
baseline,35414.23160859863
baseline,34654.14078616048
baseline,34434.1144954547
baseline,34464.11808055094
baseline,34454.116885518866
baseline,34474.11927558303
baseline,34424.11330042262
baseline,34434.1144954547
baseline,34824.16110170586
baseline,34774.155126545455
baseline,34974.17902718707
baseline,34704.14676132089
baseline,34754.152736481294
baseline,34984.180222219155
baseline,34814.159906673776
baseline,34704.14676132089
baseline,34724.14915138505
baseline,39914.76937303506
baseline,34784.15632157753
baseline,34794.157516609615
baseline,34904.170661962504
baseline,34784.15632157753
baseline,34984.180222219155
baseline,35284.21607318158
baseline,34484.120470615104
baseline,34504.122860679265
baseline,35274.2148781495
baseline,34974.17902718707
baseline,34894.16946693043
baseline,34054.06908423563
baseline,34064.070279267704
baseline,34164.082229588515
baseline,34154.08103455643
baseline,34294.097765005565
baseline,34124.077449460194
baseline,34444.11569048678
baseline,34324.10135010181
baseline,34264.09417990933
baseline,34334.102545133894
baseline,34154.08103455643
baseline,34174.0834246206
baseline,34284.09656997349
baseline,33784.03681836944
baseline,33794.03801340152
baseline,33624.01769785614
baseline,33644.020087920304
baseline,33634.01889288823
baseline,33644.020087920304
baseline,33674.02367301655
baseline,33594.0141127599
baseline,33614.016502824066
baseline,33634.01889288823
baseline,33584.01291772782
baseline,33353.98543198996
baseline,33494.002162439094
baseline,33574.01172269574
baseline,33584.01291772782
baseline,33664.022477984465
baseline,33544.0081375995
baseline,33574.01172269574
baseline,33504.00335747117
baseline,33504.00335747117
baseline,33544.0081375995
baseline,33694.02606308071
baseline,33684.02486804863
baseline,33654.02128295239
baseline,33624.01769785614
baseline,33544.0081375995
baseline,33544.0081375995
baseline,33534.006942567416
baseline,33584.01291772782
baseline,33534.006942567416
baseline,33554.00933263158
baseline,33494.002162439094
baseline,33453.997382310765
baseline,33473.99977237493
baseline,33484.00096740701
baseline,33413.99260218244
baseline,33423.99379721453
baseline,33413.99260218244
baseline,33594.0141127599
baseline,33964.0583289469
baseline,34244.091789845166
baseline,33443.99618727869
baseline,33524.00574753533
baseline,33634.01889288823
baseline,33854.045183594004
baseline,33423.99379721453
baseline,33854.045183594004
baseline,33854.045183594004
baseline,33824.041598497766
baseline,33584.01291772782
baseline,33604.01530779198
baseline,33714.02845314487
baseline,33594.0141127599
baseline,33834.04279352984
baseline,37064.42878889199
baseline,35514.24355891944
baseline,39884.76578793882
baseline,33934.054743850655
baseline,33804.0392084336
baseline,33914.052353786494
baseline,33774.03562333736
baseline,33704.027258112794
baseline,33684.02486804863
baseline,33724.029648176955
baseline,34624.13720106424
baseline,34674.14317622464
baseline,34804.1587116417
baseline,34414.11210539054
baseline,34424.11330042262
baseline,34554.12883583967
baseline,34894.16946693043
baseline,34524.12525074343
baseline,34574.13122590383
baseline,38994.659430083615
baseline,34704.14676132089
baseline,35364.22563343823
baseline,35354.22443840615
baseline,35254.21248808534
baseline,35314.21965827783
baseline,35344.223243374065
baseline,34614.13600603216
baseline,34534.12644577551
baseline,34624.13720106424
baseline,34454.116885518866
baseline,34834.16229673794
baseline,34554.12883583967
baseline,34464.11808055094
baseline,3040363.289752608
baseline,33664.022477984465
baseline,34024.06549913938
baseline,34364.10613023013
baseline,34174.0834246206
baseline,33734.03084320903
baseline,34084.072669331865
baseline,34054.06908423563
baseline,34004.06310907522
baseline,33584.01291772782
baseline,33754.0332332732
baseline,33494.002162439094
baseline,33594.0141127599
baseline,33664.022477984465
baseline,33564.01052766366
baseline,33554.00933263158
baseline,33564.01052766366
baseline,38504.60087351165
baseline,33694.02606308071
baseline,34744.15154144921
baseline,34924.173052026665
baseline,34564.130030871755
baseline,33574.01172269574
baseline,33504.00335747117
baseline,33463.99857734285
baseline,34034.066694171466
baseline,34314.10015506973
baseline,34674.14317622464
baseline,33964.0583289469
baseline,33914.052353786494
baseline,34234.09059481308
baseline,34134.07864449227
baseline,34234.09059481308
baseline,34314.10015506973
baseline,34294.097765005565
baseline,34304.09896003765
baseline,39934.77176309922
baseline,34424.11330042262
baseline,34374.107325262215
baseline,34364.10613023013
baseline,34364.10613023013
baseline,34804.1587116417
baseline,34504.122860679265
baseline,34534.12644577551
baseline,35524.24475395153
baseline,35434.2339986628
baseline,34914.17185699459
baseline,36684.383377672915
baseline,35574.25072911193
baseline,35084.192172539966
baseline,34864.16588183418
baseline,3040933.3578694365
baseline,34314.10015506973
baseline,33614.016502824066
baseline,33564.01052766366
baseline,33574.01172269574
baseline,33544.0081375995
baseline,33574.01172269574
baseline,33904.05115875441
baseline,34264.09417990933
baseline,33924.05354881857
baseline,34154.08103455643
baseline,34264.09417990933
baseline,36124.31645587638
baseline,35814.27940988187
baseline,35574.25072911193
baseline,39594.73113200847
baseline,34204.08700971684
baseline,34094.07386436395
baseline,34184.084619652676
baseline,34084.072669331865
baseline,34234.09059481308
baseline,35034.18619737956
baseline,35634.257899304415
baseline,35664.26148440066
baseline,35154.20053776453
baseline,35754.27223968939
baseline,35784.275824785625
baseline,35094.19336757204
baseline,34924.173052026665
baseline,34954.17663712291
baseline,34844.16349177002
baseline,34884.16827189834
baseline,34924.173052026665
baseline,34974.17902718707
baseline,35214.207707957015
baseline,36014.30331052349
baseline,36344.34274658216
baseline,35734.26984962523
baseline,33433.994992246604
baseline,33413.99260218244
baseline,33484.00096740701
baseline,33423.99379721453
baseline,33423.99379721453
baseline,33453.997382310765
baseline,33473.99977237493
baseline,33504.00335747117
baseline,33363.98662702204
baseline,33514.004552503255
baseline,33514.004552503255
baseline,33463.99857734285
baseline,33514.004552503255
baseline,33484.00096740701
baseline,33494.002162439094
baseline,33534.006942567416
baseline,33514.004552503255
baseline,33584.01291772782
baseline,37954.53514674719
baseline,33484.00096740701
baseline,33514.004552503255
baseline,33554.00933263158
baseline,33624.01769785614
baseline,33864.04637862609
baseline,33704.027258112794
baseline,33654.02128295239
baseline,33654.02128295239
baseline,33714.02845314487
baseline,33664.022477984465
baseline,33524.00574753533
baseline,38104.55307222841
baseline,33544.0081375995
baseline,33594.0141127599
baseline,33574.01172269574
baseline,33584.01291772782
baseline,33463.99857734285
baseline,33393.99021211828
baseline,33473.99977237493
baseline,33514.004552503255
baseline,33544.0081375995
baseline,33463.99857734285
baseline,33604.01530779198
baseline,33744.032038241116
baseline,36254.33199129343
baseline,33574.01172269574
baseline,35054.18858744372
baseline,35104.19456260413
baseline,35394.22921853447
baseline,34934.17424705875
baseline,34974.17902718707
baseline,35234.210098021176
baseline,35524.24475395153
baseline,35764.273434721465
baseline,35814.27940988187
baseline,35824.280604913954
baseline,35484.2399738232
baseline,35284.21607318158
baseline,40254.810004125815
baseline,35444.235193694876
baseline,35344.223243374065
baseline,35074.19097750788
baseline,35134.198147700365
baseline,35224.2089029891
baseline,35334.22204834199
baseline,36614.37501244835
baseline,35504.242363887366
baseline,35744.271044657304
baseline,35874.28658007436
baseline,35384.22802350239
baseline,35284.21607318158
baseline,35214.207707957015
baseline,35644.25909433649
baseline,35134.198147700365
baseline,35234.210098021176
baseline,34934.17424705875
baseline,35204.20651292493
baseline,34834.16229673794
baseline,34814.159906673776
baseline,2053265.3424762825
baseline,34244.091789845166
baseline,34034.066694171466
baseline,33994.06191404314
baseline,33964.0583289469
baseline,33934.054743850655
baseline,33974.059523978976
baseline,33864.04637862609
baseline,33834.04279352984
baseline,33974.059523978976
baseline,33484.00096740701
baseline,33323.981846893716
baseline,33263.97467670123
baseline,33263.97467670123
baseline,33283.977066765394
baseline,33253.97348166915
baseline,33303.979456829555
baseline,33303.979456829555
baseline,39914.76937303506
baseline,33313.98065186163
baseline,33484.00096740701
baseline,33453.997382310765
baseline,33423.99379721453
baseline,33484.00096740701
baseline,33293.97826179747
baseline,33413.99260218244
baseline,33353.98543198996
baseline,33403.991407150366
baseline,33343.98423695788
baseline,33363.98662702204
baseline,33323.981846893716
baseline,33333.9830419258
baseline,33353.98543198996
baseline,33343.98423695788
baseline,33333.9830419258
baseline,33273.97587173331
baseline,33313.98065186163
baseline,33283.977066765394
baseline,33243.972286637065
baseline,33263.97467670123
baseline,33283.977066765394
baseline,33303.979456829555
baseline,33273.97587173331
baseline,33273.97587173331
baseline,33283.977066765394
baseline,33313.98065186163
baseline,33333.9830419258
baseline,33343.98423695788
baseline,33293.97826179747
baseline,33393.99021211828
baseline,33353.98543198996
baseline,33263.97467670123
baseline,33323.981846893716
baseline,5059124.509368211
baseline,34604.134811000076
baseline,34624.13720106424
baseline,34724.14915138505
baseline,34894.16946693043
baseline,35474.23877879112
baseline,35484.2399738232
baseline,35264.21368311742
baseline,34624.13720106424
baseline,34424.11330042262
baseline,34414.11210539054
baseline,34444.11569048678
baseline,34494.12166564719
baseline,34384.1085202943
baseline,40304.81597928622
baseline,34354.104935198055
baseline,34394.109715326376
baseline,34324.10135010181
baseline,34414.11210539054
baseline,34434.1144954547
baseline,34484.120470615104
baseline,34524.12525074343
baseline,34494.12166564719
baseline,34454.116885518866
baseline,34574.13122590383
baseline,34594.133615968
baseline,34494.12166564719
baseline,34444.11569048678
baseline,34484.120470615104
baseline,34424.11330042262
baseline,39624.734717104715
baseline,34424.11330042262
baseline,34414.11210539054
baseline,34454.116885518866
baseline,34394.109715326376
baseline,33754.0332332732
baseline,33974.059523978976
baseline,33774.03562333736
baseline,33824.041598497766
baseline,33794.03801340152
baseline,34394.109715326376
baseline,35144.19934273245
baseline,34964.177832154994
baseline,34254.09298487724
baseline,34984.180222219155
baseline,35034.18619737956
baseline,35294.217268213666
baseline,34634.13839609632
baseline,34784.15632157753
baseline,34924.173052026665
baseline,34884.16827189834
baseline,34874.167076866266
baseline,34954.17663712291
baseline,35024.185002347476
baseline,35464.23758375904
baseline,36004.30211549141
baseline,36224.32840619719
baseline,35834.28179994603
baseline,35984.29972542725
baseline,35864.285385042276
baseline,36624.376207480425
baseline,35844.282994978115
baseline,37664.50049081685
baseline,35654.260289368576
baseline,35684.26387446482
baseline,36234.32960122927
baseline,35724.26865459314
baseline,35694.2650694969
baseline,35884.28777510644
baseline,36604.373817416265
baseline,36344.34274658216
baseline,36844.40249818621
baseline,36854.40369321829
baseline,37454.47539514315
baseline,36484.35947703129
baseline,37004.4216186995
baseline,36774.39413296164
baseline,36714.38696276916
baseline,36664.380987608754
baseline,36654.37979257667
baseline,36834.401303154125
baseline,37124.435959084476
baseline,35324.220853309904
baseline,36124.31645587638
baseline,35354.22443840615
baseline,35664.26148440066
baseline,35974.298530395165
baseline,36144.31884594054
baseline,36024.30450555557
baseline,35954.296140331004
baseline,35814.27940988187
baseline,35964.29733536309
baseline,36024.30450555557
baseline,35944.29494529893
baseline,35924.29255523476
baseline,42305.05498570241
baseline,35904.2901651706
baseline,35834.28179994603
baseline,35824.280604913954
baseline,35994.300920459325
baseline,35924.29255523476
baseline,35724.26865459314
baseline,35814.27940988187
baseline,35664.26148440066
baseline,35694.2650694969
baseline,35744.271044657304
baseline,35754.27223968939
baseline,35744.271044657304
baseline,35614.255509240254
baseline,35584.25192414401
baseline,35644.25909433649
baseline,35954.296140331004
baseline,35524.24475395153
baseline,35704.26626452898
baseline,34984.180222219155
baseline,34824.16110170586
baseline,34854.1646868021
baseline,34734.15034641713
baseline,34754.152736481294
baseline,35324.220853309904
baseline,35554.248339047765
baseline,35194.205317892855
baseline,35384.22802350239
baseline,35484.2399738232
baseline,35534.245948983604
baseline,35334.22204834199
baseline,35564.24953407985
baseline,35434.2339986628
baseline,42285.05259563825
baseline,35694.2650694969
baseline,35384.22802350239
baseline,35474.23877879112
baseline,35414.23160859863
baseline,35644.25909433649
baseline,35474.23877879112
baseline,35354.22443840615
baseline,35664.26148440066
baseline,35514.24355891944
baseline,35564.24953407985
baseline,35474.23877879112
baseline,35294.217268213666
baseline,34924.173052026665
baseline,34854.1646868021
baseline,40574.8482451524
baseline,34744.15154144921
baseline,34844.16349177002
baseline,34834.16229673794
baseline,34814.159906673776
baseline,34814.159906673776
baseline,35084.192172539966
baseline,35894.28897013852
baseline,35774.27462975355
baseline,35434.2339986628
baseline,35244.21129305326
baseline,35684.26387446482
baseline,35314.21965827783
baseline,35204.20651292493
baseline,35354.22443840615
baseline,35524.24475395153
baseline,35204.20651292493
baseline,34914.17185699459
baseline,34234.09059481308
baseline,34244.091789845166
baseline,34674.14317622464
baseline,34874.167076866266
baseline,35474.23877879112
baseline,34744.15154144921
baseline,34954.17663712291
baseline,35024.185002347476
baseline,35014.1838073154
baseline,34964.177832154994
baseline,34954.17663712291
baseline,35104.19456260413
baseline,35134.198147700365
baseline,35074.19097750788
baseline,35034.18619737956
baseline,35034.18619737956
baseline,34994.18141725123
baseline,34834.16229673794
baseline,34814.159906673776
baseline,34954.17663712291
baseline,34604.134811000076
baseline,34664.141981192566
baseline,34574.13122590383
baseline,34494.12166564719
baseline,34454.116885518866
baseline,34454.116885518866
baseline,34464.11808055094
baseline,34504.122860679265
baseline,34464.11808055094
baseline,34504.122860679265
baseline,34454.116885518866
baseline,34414.11210539054
baseline,34374.107325262215
baseline,33794.03801340152
baseline,33874.047573658165
baseline,33814.04040346568
baseline,33904.05115875441
baseline,33804.0392084336
baseline,3040663.3256035703
baseline,34194.08581468476
baseline,34364.10613023013
baseline,34854.1646868021
baseline,35504.242363887366
baseline,35604.25431420817
baseline,35304.21846324574
baseline,34544.127640807594
baseline,34024.06549913938
baseline,34094.07386436395
baseline,34564.130030871755
baseline,34834.16229673794
baseline,34524.12525074343
baseline,34604.134811000076
baseline,35274.2148781495
baseline,35084.192172539966
baseline,34684.14437125673
baseline,34634.13839609632
baseline,35344.223243374065
baseline,34624.13720106424
baseline,34754.152736481294
baseline,34464.11808055094
baseline,35804.27821484979
baseline,35694.2650694969
baseline,34984.180222219155
baseline,35044.18739241164
baseline,35044.18739241164
baseline,35064.1897824758
baseline,35094.19336757204
baseline,34994.18141725123
baseline,35064.1897824758
baseline,35054.18858744372
baseline,35084.192172539966
baseline,35084.192172539966
baseline,35194.205317892855
baseline,35324.220853309904
baseline,34974.17902718707
baseline,34314.10015506973
baseline,34324.10135010181
baseline,34364.10613023013
baseline,34344.10374016597
baseline,34284.09656997349
baseline,3040303.2825824153
baseline,33463.99857734285
baseline,33413.99260218244
baseline,33373.98782205412
baseline,33373.98782205412
baseline,33373.98782205412
baseline,33383.9890170862
baseline,33363.98662702204
baseline,33373.98782205412
baseline,33343.98423695788
baseline,33383.9890170862
baseline,33313.98065186163
baseline,33473.99977237493
baseline,34314.10015506973
baseline,34584.132420935915
baseline,34254.09298487724
baseline,33804.0392084336
baseline,33423.99379721453
baseline,33383.9890170862
baseline,33403.991407150366
baseline,33373.98782205412
baseline,33363.98662702204
baseline,33383.9890170862
baseline,33383.9890170862
baseline,33664.022477984465
baseline,33984.06071901106
baseline,33994.06191404314
baseline,33754.0332332732
baseline,33994.06191404314
baseline,33954.057133914815
baseline,34004.06310907522
baseline,33974.059523978976
baseline,33944.05593888273
baseline,33924.05354881857
baseline,33974.059523978976
baseline,33894.04996372233
baseline,33914.052353786494
baseline,33904.05115875441
baseline,33904.05115875441
baseline,33884.04876869025
baseline,33904.05115875441
baseline,33554.00933263158
baseline,33353.98543198996
baseline,33343.98423695788
baseline,33363.98662702204
baseline,33373.98782205412
baseline,33393.99021211828
baseline,33363.98662702204
baseline,33333.9830419258
baseline,33363.98662702204
baseline,33443.99618727869
baseline,33514.004552503255
baseline,33554.00933263158
baseline,33554.00933263158
baseline,33754.0332332732
baseline,33544.0081375995
baseline,33534.006942567416
baseline,33644.020087920304
baseline,33504.00335747117
baseline,33584.01291772782
baseline,33534.006942567416
baseline,33423.99379721453
baseline,33524.00574753533
baseline,33494.002162439094
baseline,33534.006942567416
baseline,33744.032038241116
baseline,34454.116885518866
baseline,34124.077449460194
baseline,33554.00933263158
baseline,34494.12166564719
baseline,36624.376207480425
baseline,33664.022477984465
baseline,33654.02128295239
baseline,33584.01291772782
baseline,38754.63074931367
baseline,33674.02367301655
baseline,33604.01530779198
baseline,33664.022477984465
baseline,33463.99857734285
baseline,33604.01530779198
baseline,34604.134811000076
baseline,34324.10135010181
baseline,34114.07625442811
baseline,34074.07147429979
baseline,34954.17663712291
baseline,34854.1646868021
baseline,34114.07625442811
baseline,34044.06788920354
baseline,34024.06549913938
baseline,34244.091789845166
baseline,33954.057133914815
baseline,3041843.466617356
baseline,34704.14676132089
baseline,34574.13122590383
baseline,34544.127640807594
baseline,34524.12525074343
baseline,34544.127640807594
baseline,34544.127640807594
baseline,34524.12525074343
baseline,34474.11927558303
baseline,34494.12166564719
baseline,33774.03562333736
baseline,33774.03562333736
baseline,33714.02845314487
baseline,33614.016502824066
baseline,33664.022477984465
baseline,33604.01530779198
baseline,38904.64867479489
baseline,33664.022477984465
baseline,33674.02367301655
baseline,33714.02845314487
baseline,33684.02486804863
baseline,33884.04876869025
baseline,34114.07625442811
baseline,34674.14317622464
baseline,34034.066694171466
baseline,33944.05593888273
baseline,33574.01172269574
baseline,33433.994992246604
baseline,33413.99260218244
baseline,33423.99379721453
baseline,33423.99379721453
baseline,33463.99857734285
baseline,33473.99977237493
baseline,33514.004552503255
baseline,33514.004552503255
baseline,33494.002162439094
baseline,33453.997382310765
baseline,33473.99977237493
baseline,33433.994992246604
baseline,33453.997382310765
baseline,33433.994992246604
baseline,33494.002162439094
baseline,33443.99618727869
baseline,33403.991407150366
baseline,33524.00574753533
baseline,33534.006942567416
baseline,33554.00933263158
baseline,33564.01052766366
baseline,33554.00933263158
baseline,33484.00096740701
baseline,33413.99260218244
baseline,33514.004552503255
baseline,33413.99260218244
baseline,33514.004552503255
baseline,33524.00574753533
baseline,33534.006942567416
baseline,33504.00335747117
baseline,33644.020087920304
baseline,33544.0081375995
baseline,33473.99977237493
baseline,33484.00096740701
baseline,33684.02486804863
baseline,33664.022477984465
baseline,33584.01291772782
baseline,35104.19456260413
baseline,33463.99857734285
baseline,38634.6164089287
baseline,33443.99618727869
baseline,33393.99021211828
baseline,33343.98423695788
baseline,33383.9890170862
baseline,33423.99379721453
baseline,33413.99260218244
baseline,33433.994992246604
baseline,33564.01052766366
baseline,33694.02606308071
baseline,33624.01769785614
baseline,34344.10374016597
baseline,34384.1085202943
baseline,34124.077449460194
baseline,34174.0834246206
baseline,34214.08820474892
baseline,34224.089399781
baseline,34284.09656997349
baseline,34964.177832154994
baseline,35244.21129305326
baseline,34864.16588183418
baseline,35234.210098021176
baseline,35304.21846324574
baseline,35084.192172539966
baseline,35124.19695266829
baseline,34914.17185699459
baseline,40314.8171743183
baseline,34894.16946693043
baseline,34864.16588183418
baseline,34884.16827189834
baseline,35054.18858744372
baseline,34844.16349177002
baseline,34814.159906673776
baseline,34834.16229673794
baseline,34694.145566288804
baseline,34834.16229673794
baseline,34834.16229673794
baseline,34484.120470615104
baseline,34504.122860679265
baseline,34494.12166564719
baseline,34604.134811000076
baseline,34634.13839609632
baseline,34454.116885518866
baseline,34504.122860679265
baseline,34464.11808055094
baseline,34504.122860679265
baseline,34484.120470615104
baseline,34404.11091035846
baseline,34364.10613023013
baseline,33684.02486804863
baseline,33694.02606308071
baseline,33684.02486804863
baseline,33704.027258112794
baseline,3040573.3148482814
baseline,33423.99379721453
baseline,33514.004552503255
baseline,33494.002162439094
baseline,33423.99379721453
baseline,33423.99379721453
baseline,33443.99618727869
baseline,33423.99379721453
baseline,33443.99618727869
baseline,33383.9890170862
baseline,33393.99021211828
baseline,33393.99021211828
baseline,33443.99618727869
baseline,33534.006942567416
baseline,33664.022477984465
baseline,33604.01530779198
baseline,33473.99977237493
baseline,38974.657040019454
baseline,34284.09656997349
baseline,34294.097765005565
baseline,33484.00096740701
baseline,33393.99021211828
baseline,33714.02845314487
baseline,34524.12525074343
baseline,34404.11091035846
baseline,33624.01769785614
baseline,33824.041598497766
baseline,33443.99618727869
baseline,35544.24714401569
baseline,34064.070279267704
baseline,33704.027258112794
baseline,34234.09059481308
baseline,33924.05354881857
baseline,33904.05115875441
baseline,33984.06071901106
baseline,33854.045183594004
baseline,33784.03681836944
baseline,33914.052353786494
baseline,33924.05354881857
baseline,33664.022477984465
baseline,33634.01889288823
baseline,33704.027258112794
baseline,33594.0141127599
baseline,33694.02606308071
baseline,33724.029648176955
baseline,33684.02486804863
baseline,33524.00574753533
baseline,33724.029648176955
baseline,33584.01291772782
baseline,33463.99857734285
baseline,33393.99021211828
baseline,33393.99021211828
baseline,33343.98423695788
baseline,33323.981846893716
baseline,33303.979456829555
baseline,33393.99021211828
baseline,33353.98543198996
baseline,33504.00335747117
baseline,33484.00096740701
baseline,33453.997382310765
baseline,33413.99260218244
baseline,33353.98543198996
baseline,40984.89724146772
baseline,33453.997382310765
baseline,33403.991407150366
baseline,33333.9830419258
baseline,33313.98065186163
baseline,33363.98662702204
baseline,34184.084619652676
baseline,34094.07386436395
baseline,33524.00574753533
baseline,34304.09896003765
baseline,33994.06191404314
baseline,33363.98662702204
baseline,33363.98662702204
baseline,33353.98543198996
baseline,33333.9830419258
baseline,33373.98782205412
baseline,33393.99021211828
baseline,3039163.146348758
baseline,33484.00096740701
baseline,33484.00096740701
baseline,33423.99379721453
baseline,33443.99618727869
baseline,33393.99021211828
baseline,33343.98423695788
baseline,33363.98662702204
baseline,33383.9890170862
baseline,33403.991407150366
baseline,33443.99618727869
baseline,33534.006942567416
baseline,38474.5972884154
baseline,33373.98782205412
baseline,33393.99021211828
baseline,33333.9830419258
baseline,33333.9830419258
baseline,33343.98423695788
baseline,33383.9890170862
baseline,33353.98543198996
baseline,33373.98782205412
baseline,33554.00933263158
baseline,33704.027258112794
baseline,33514.004552503255
baseline,33473.99977237493
baseline,33594.0141127599
baseline,33584.01291772782
baseline,33634.01889288823
baseline,33614.016502824066
baseline,33674.02367301655
baseline,33473.99977237493
baseline,33433.994992246604
baseline,33453.997382310765
baseline,33433.994992246604
baseline,33604.01530779198
baseline,33473.99977237493
baseline,33724.029648176955
baseline,33433.994992246604
baseline,3040953.360259501
baseline,35364.22563343823
baseline,35124.19695266829
baseline,35194.205317892855
baseline,35184.20412286077
baseline,35174.202927828694
baseline,35514.24355891944
baseline,35384.22802350239
baseline,34974.17902718707
baseline,34944.17544209083
baseline,35054.18858744372
baseline,35174.202927828694
baseline,35154.20053776453
baseline,35254.21248808534
baseline,35084.192172539966
baseline,34974.17902718707
baseline,34974.17902718707
baseline,35014.1838073154
baseline,35084.192172539966
baseline,35134.198147700365
baseline,34774.155126545455
baseline,35094.19336757204
baseline,34374.107325262215
baseline,34374.107325262215
baseline,34204.08700971684
baseline,34174.0834246206
baseline,34234.09059481308
baseline,34214.08820474892
baseline,34164.082229588515
baseline,34224.089399781
baseline,34224.089399781
baseline,34224.089399781
baseline,34174.0834246206
baseline,34224.089399781
baseline,34194.08581468476
baseline,33974.059523978976
baseline,34104.07505939603
baseline,33383.9890170862
baseline,33453.997382310765
baseline,33393.99021211828
baseline,33413.99260218244
baseline,33393.99021211828
baseline,33423.99379721453
baseline,3039063.1343984376
baseline,33403.991407150366
baseline,33353.98543198996
baseline,33373.98782205412
baseline,33273.97587173331
baseline,33323.981846893716
baseline,33383.9890170862
baseline,33293.97826179747
baseline,33293.97826179747
baseline,33554.00933263158
baseline,33363.98662702204
baseline,33373.98782205412
baseline,33313.98065186163
baseline,33333.9830419258
baseline,33303.979456829555
baseline,33333.9830419258
baseline,33303.979456829555
baseline,38114.554267260486
baseline,33363.98662702204
baseline,33283.977066765394
baseline,33303.979456829555
baseline,33323.981846893716
baseline,33303.979456829555
baseline,33323.981846893716
baseline,33313.98065186163
baseline,33323.981846893716
baseline,33303.979456829555
baseline,33313.98065186163
baseline,33323.981846893716
baseline,33353.98543198996
baseline,33343.98423695788
baseline,33293.97826179747
baseline,33313.98065186163
baseline,33403.991407150366
baseline,33293.97826179747
baseline,33323.981846893716
baseline,33313.98065186163
baseline,33313.98065186163
baseline,33253.97348166915
baseline,33313.98065186163
baseline,33303.979456829555
baseline,33283.977066765394
baseline,33293.97826179747
baseline,33283.977066765394
baseline,33333.9830419258
baseline,33283.977066765394
baseline,33343.98423695788
baseline,33403.991407150366
baseline,33443.99618727869
baseline,33383.9890170862
baseline,33333.9830419258
baseline,33333.9830419258
baseline,33323.981846893716
baseline,33343.98423695788
baseline,33343.98423695788
baseline,33293.97826179747
baseline,33403.991407150366
baseline,33343.98423695788
baseline,33373.98782205412
baseline,33373.98782205412
baseline,33323.981846893716
baseline,33313.98065186163
baseline,33413.99260218244
baseline,33363.98662702204
baseline,33323.981846893716
baseline,33373.98782205412
baseline,33343.98423695788
baseline,33323.981846893716
baseline,33313.98065186163
baseline,33343.98423695788
baseline,33323.981846893716
baseline,33353.98543198996
baseline,33343.98423695788
baseline,33383.9890170862
baseline,33383.9890170862
baseline,33343.98423695788
baseline,33313.98065186163
baseline,33313.98065186163
baseline,33283.977066765394
baseline,37834.52080636223
baseline,33383.9890170862
baseline,33283.977066765394
baseline,33373.98782205412
baseline,33293.97826179747
baseline,33303.979456829555
baseline,33283.977066765394
baseline,33263.97467670123
baseline,33223.969896572904
baseline,33243.972286637065
baseline,33293.97826179747
baseline,33273.97587173331
baseline,33293.97826179747
baseline,33263.97467670123
baseline,33313.98065186163
baseline,33353.98543198996
baseline,33383.9890170862
baseline,33353.98543198996
baseline,33303.979456829555
baseline,33323.981846893716
baseline,33323.981846893716
baseline,33313.98065186163
baseline,33363.98662702204
baseline,33353.98543198996
baseline,33383.9890170862
baseline,33343.98423695788
baseline,33303.979456829555
baseline,33303.979456829555
baseline,33373.98782205412
baseline,33343.98423695788
baseline,33363.98662702204
baseline,33373.98782205412
baseline,33333.9830419258
baseline,35224.2089029891
baseline,33393.99021211828
baseline,33413.99260218244
baseline,33343.98423695788
baseline,33413.99260218244
baseline,33383.9890170862
baseline,33323.981846893716
baseline,33323.981846893716
baseline,33313.98065186163
baseline,33383.9890170862
baseline,33323.981846893716
baseline,33343.98423695788
baseline,33283.977066765394
baseline,33303.979456829555
baseline,33293.97826179747
baseline,33323.981846893716
baseline,33333.9830419258
baseline,33293.97826179747
baseline,33273.97587173331
baseline,33303.979456829555
baseline,33333.9830419258
baseline,33303.979456829555
baseline,33373.98782205412
baseline,33373.98782205412
baseline,33353.98543198996
baseline,33343.98423695788
baseline,33273.97587173331
baseline,33253.97348166915
baseline,33243.972286637065
baseline,33313.98065186163
baseline,33313.98065186163
baseline,33383.9890170862
baseline,33393.99021211828
baseline,33393.99021211828
baseline,33363.98662702204
baseline,33293.97826179747
baseline,33393.99021211828
baseline,33413.99260218244
baseline,33443.99618727869
baseline,33343.98423695788
baseline,33343.98423695788
baseline,33343.98423695788
baseline,33343.98423695788
baseline,33373.98782205412
baseline,33373.98782205412
baseline,33333.9830419258
baseline,33363.98662702204
baseline,33353.98543198996
baseline,33453.997382310765
baseline,33383.9890170862
baseline,33343.98423695788
baseline,33313.98065186163
baseline,33343.98423695788
baseline,33303.979456829555
baseline,33323.981846893716
baseline,33303.979456829555
baseline,33293.97826179747
baseline,33283.977066765394
baseline,33333.9830419258
baseline,33283.977066765394
baseline,33263.97467670123
baseline,33283.977066765394
baseline,3038933.1188630206
baseline,33333.9830419258
baseline,33363.98662702204
baseline,33283.977066765394
baseline,33343.98423695788
baseline,33353.98543198996
baseline,33283.977066765394
baseline,33323.981846893716
baseline,33283.977066765394
baseline,33263.97467670123
baseline,33363.98662702204
baseline,33363.98662702204
baseline,33303.979456829555
baseline,33313.98065186163
baseline,33333.9830419258
baseline,33373.98782205412
baseline,33403.991407150366
baseline,33343.98423695788
baseline,33323.981846893716
baseline,33363.98662702204
baseline,33343.98423695788
baseline,33463.99857734285
baseline,33383.9890170862
baseline,33443.99618727869
baseline,33413.99260218244
baseline,33443.99618727869
baseline,35994.300920459325
baseline,33423.99379721453
baseline,33353.98543198996
baseline,33353.98543198996
baseline,38024.54351197176
baseline,33373.98782205412
baseline,33413.99260218244
baseline,33433.994992246604
baseline,33343.98423695788
baseline,33293.97826179747
baseline,33313.98065186163
baseline,33323.981846893716
baseline,33343.98423695788
baseline,33383.9890170862
baseline,33393.99021211828
baseline,33363.98662702204
baseline,33403.991407150366
baseline,33393.99021211828
baseline,33403.991407150366
baseline,33403.991407150366
baseline,33343.98423695788
baseline,33443.99618727869
baseline,33383.9890170862
baseline,33373.98782205412
baseline,33313.98065186163
baseline,33313.98065186163
baseline,33373.98782205412
baseline,33383.9890170862
baseline,33433.994992246604
baseline,33393.99021211828
baseline,33293.97826179747
baseline,33323.981846893716
baseline,33323.981846893716
baseline,33303.979456829555
baseline,33323.981846893716
baseline,33343.98423695788
baseline,33253.97348166915
baseline,33273.97587173331
baseline,33283.977066765394
baseline,33303.979456829555
baseline,33343.98423695788
baseline,33273.97587173331
baseline,37844.5220013943
baseline,33403.991407150366
baseline,33504.00335747117
baseline,33313.98065186163
baseline,33373.98782205412
baseline,33333.9830419258
baseline,33363.98662702204
baseline,33323.981846893716
baseline,33293.97826179747
baseline,33293.97826179747
baseline,33313.98065186163
baseline,33243.972286637065
baseline,33233.97109160499
baseline,33253.97348166915
baseline,33333.9830419258
baseline,3038933.1188630206
baseline,33303.979456829555
baseline,33273.97587173331
baseline,33303.979456829555
baseline,33313.98065186163
baseline,33293.97826179747
baseline,33333.9830419258
baseline,33443.99618727869
baseline,33323.981846893716
baseline,33323.981846893716
baseline,33283.977066765394
baseline,33263.97467670123
baseline,33343.98423695788
baseline,33343.98423695788
baseline,33303.979456829555
baseline,33293.97826179747
baseline,33333.9830419258
baseline,33333.9830419258
baseline,33343.98423695788
baseline,33353.98543198996
baseline,33303.979456829555
baseline,33283.977066765394
baseline,33303.979456829555
baseline,33343.98423695788
baseline,33263.97467670123
baseline,33303.979456829555
baseline,33253.97348166915
baseline,33283.977066765394
baseline,33253.97348166915
baseline,35114.195757636204
baseline,33263.97467670123
baseline,33273.97587173331
baseline,37774.51363616974
baseline,33273.97587173331
baseline,33303.979456829555
baseline,33263.97467670123
baseline,33213.96870154083
baseline,33273.97587173331
baseline,33263.97467670123
baseline,33333.9830419258
baseline,33323.981846893716
baseline,33273.97587173331
baseline,33303.979456829555
baseline,33333.9830419258
baseline,33283.977066765394
baseline,33263.97467670123
baseline,33253.97348166915
baseline,33273.97587173331
baseline,3039263.158299079
baseline,33413.99260218244
baseline,33363.98662702204
baseline,33313.98065186163
baseline,33323.981846893716
baseline,33313.98065186163
baseline,33323.981846893716
baseline,33333.9830419258
baseline,33323.981846893716
baseline,33313.98065186163
baseline,33383.9890170862
baseline,33333.9830419258
baseline,33393.99021211828
baseline,33403.991407150366
baseline,33323.981846893716
baseline,33473.99977237493
baseline,33393.99021211828
baseline,33343.98423695788
baseline,33313.98065186163
baseline,33343.98423695788
baseline,33213.96870154083
baseline,33363.98662702204
baseline,33343.98423695788
baseline,33333.9830419258
baseline,33333.9830419258
baseline,33333.9830419258
baseline,33363.98662702204
baseline,33323.981846893716
baseline,33323.981846893716
baseline,33323.981846893716
baseline,33383.9890170862
baseline,33333.9830419258
baseline,37644.49810075269
baseline,33323.981846893716
baseline,33303.979456829555
baseline,33263.97467670123
baseline,33263.97467670123
baseline,33273.97587173331
baseline,33303.979456829555
baseline,33243.972286637065
baseline,33253.97348166915
baseline,33293.97826179747
baseline,33373.98782205412
baseline,33253.97348166915
baseline,33273.97587173331
baseline,33233.97109160499
baseline,33263.97467670123
baseline,33273.97587173331
baseline,33343.98423695788
baseline,33283.977066765394
baseline,33353.98543198996
baseline,33614.016502824066
baseline,33393.99021211828
baseline,33363.98662702204
baseline,33333.9830419258
baseline,33383.9890170862
baseline,33353.98543198996
baseline,33383.9890170862
baseline,33343.98423695788
baseline,33373.98782205412
baseline,33443.99618727869
baseline,33423.99379721453
baseline,33473.99977237493
baseline,33383.9890170862
baseline,33313.98065186163
baseline,33363.98662702204
baseline,33373.98782205412
baseline,33373.98782205412
baseline,33383.9890170862
baseline,33383.9890170862
baseline,33373.98782205412
baseline,33363.98662702204
baseline,33343.98423695788
baseline,33313.98065186163
baseline,33313.98065186163
baseline,33433.994992246604
baseline,33283.977066765394
baseline,33363.98662702204
baseline,33393.99021211828
baseline,33323.981846893716
baseline,33343.98423695788
baseline,33293.97826179747
baseline,33333.9830419258
baseline,33353.98543198996
baseline,33564.01052766366
baseline,33403.991407150366
baseline,33473.99977237493
baseline,33433.994992246604
baseline,33363.98662702204
baseline,33393.99021211828
baseline,33443.99618727869
baseline,33413.99260218244
baseline,3039643.203710298
baseline,33363.98662702204
baseline,33343.98423695788
baseline,33333.9830419258
baseline,33223.969896572904
baseline,33243.972286637065
baseline,33393.99021211828
baseline,33313.98065186163
baseline,33293.97826179747
baseline,33313.98065186163
baseline,33273.97587173331
baseline,33293.97826179747
baseline,33243.972286637065
baseline,33243.972286637065
baseline,33223.969896572904
baseline,33243.972286637065
baseline,33243.972286637065
baseline,33273.97587173331
baseline,33283.977066765394
baseline,33293.97826179747
baseline,33253.97348166915
baseline,33263.97467670123
baseline,33213.96870154083
baseline,33263.97467670123
baseline,33313.98065186163
baseline,33243.972286637065
baseline,33263.97467670123
baseline,33243.972286637065
baseline,33263.97467670123
baseline,33263.97467670123
baseline,33273.97587173331
baseline,33233.97109160499
baseline,33243.972286637065
baseline,37684.50288088101
baseline,33303.979456829555
baseline,33293.97826179747
baseline,33313.98065186163
baseline,33263.97467670123
baseline,33303.979456829555
baseline,33353.98543198996
baseline,33343.98423695788
baseline,33373.98782205412
baseline,33383.9890170862
baseline,33403.991407150366
baseline,33353.98543198996
baseline,33423.99379721453
baseline,33453.997382310765
baseline,33473.99977237493
baseline,33463.99857734285
baseline,33443.99618727869
baseline,33463.99857734285
baseline,33473.99977237493
baseline,33594.0141127599
baseline,33654.02128295239
baseline,33724.029648176955
baseline,33624.01769785614
baseline,33604.01530779198
baseline,33634.01889288823
baseline,33664.022477984465
baseline,33614.016502824066
baseline,33624.01769785614
baseline,33624.01769785614
baseline,38534.604458607886
baseline,33624.01769785614
baseline,33644.020087920304
baseline,33544.0081375995
baseline,33614.016502824066
baseline,33534.006942567416
baseline,33634.01889288823
baseline,33564.01052766366
baseline,33453.997382310765
baseline,33554.00933263158
baseline,33544.0081375995
baseline,33343.98423695788
baseline,33433.994992246604
baseline,35054.18858744372
baseline,33463.99857734285
baseline,33363.98662702204
baseline,33453.997382310765
baseline,33403.991407150366
baseline,33393.99021211828
baseline,33463.99857734285
baseline,33524.00574753533
baseline,33504.00335747117
baseline,33534.006942567416
baseline,33554.00933263158
baseline,33494.002162439094
baseline,33453.997382310765
baseline,33443.99618727869
baseline,33534.006942567416
baseline,33484.00096740701
baseline,3041153.3841601424
baseline,33624.01769785614
baseline,33724.029648176955
baseline,34214.08820474892
baseline,34344.10374016597
baseline,34194.08581468476
baseline,33544.0081375995
baseline,33564.01052766366
baseline,33564.01052766366
baseline,34364.10613023013
baseline,33684.02486804863
baseline,33774.03562333736
baseline,33664.022477984465
baseline,33774.03562333736
baseline,39764.75144755385
baseline,33614.016502824066
baseline,33804.0392084336
baseline,34114.07625442811
baseline,34184.084619652676
baseline,34404.11091035846
baseline,34424.11330042262
baseline,34664.141981192566
baseline,34604.134811000076
baseline,34614.13600603216
baseline,34674.14317622464
baseline,35254.21248808534
baseline,34604.134811000076
baseline,34234.09059481308
baseline,34174.0834246206
baseline,34324.10135010181
baseline,34374.107325262215
baseline,34274.095374941404
baseline,34444.11569048678
baseline,34284.09656997349
baseline,34244.091789845166
baseline,34224.089399781
baseline,34224.089399781
baseline,34234.09059481308
baseline,34184.084619652676
baseline,35044.18739241164
baseline,34954.17663712291
baseline,35364.22563343823
baseline,35254.21248808534
baseline,35604.25431420817
baseline,36354.34394161424
baseline,36174.32243103679
baseline,33614.016502824066
baseline,33724.029648176955
baseline,33644.020087920304
baseline,33634.01889288823
baseline,33554.00933263158
baseline,33504.00335747117
baseline,33554.00933263158
baseline,33514.004552503255
baseline,33534.006942567416
baseline,33484.00096740701
baseline,33484.00096740701
baseline,33453.997382310765
baseline,33514.004552503255
baseline,33534.006942567416
baseline,33403.991407150366
baseline,40834.87931598651
baseline,33794.03801340152
baseline,33914.052353786494
baseline,33884.04876869025
baseline,34374.107325262215
baseline,34154.08103455643
baseline,33554.00933263158
baseline,33634.01889288823
baseline,33764.03442830528
baseline,33844.04398856193
baseline,33594.0141127599
baseline,35424.232803630715
baseline,33514.004552503255
baseline,33534.006942567416
baseline,33584.01291772782
baseline,33554.00933263158
baseline,33614.016502824066
baseline,33544.0081375995
baseline,34254.09298487724
baseline,34344.10374016597
baseline,34724.14915138505
baseline,34814.159906673776
baseline,34794.157516609615
baseline,34254.09298487724
baseline,34304.09896003765
baseline,34754.152736481294
baseline,35434.2339986628
baseline,34924.173052026665
baseline,34864.16588183418
baseline,34974.17902718707
baseline,34864.16588183418
baseline,34824.16110170586
baseline,34794.157516609615
baseline,34964.177832154994
baseline,35074.19097750788
baseline,35014.1838073154
baseline,34924.173052026665
baseline,34914.17185699459
baseline,34864.16588183418
baseline,34894.16946693043
baseline,34884.16827189834
baseline,34974.17902718707
baseline,34924.173052026665
baseline,34974.17902718707
baseline,34984.180222219155
baseline,34824.16110170586
baseline,34694.145566288804
baseline,34474.11927558303
baseline,34334.102545133894
baseline,34284.09656997349
baseline,34264.09417990933
baseline,34254.09298487724
baseline,39074.66899034026
baseline,34254.09298487724
baseline,34394.109715326376
baseline,34154.08103455643
baseline,34164.082229588515
baseline,34074.07147429979
baseline,33894.04996372233
baseline,33924.05354881857
baseline,34164.082229588515
baseline,33484.00096740701
baseline,33423.99379721453
baseline,33473.99977237493
baseline,34604.134811000076
baseline,35014.1838073154
baseline,34694.145566288804
baseline,35934.29375026684
baseline,34804.1587116417
baseline,35474.23877879112
baseline,34874.167076866266
baseline,34844.16349177002
baseline,34794.157516609615
baseline,34734.15034641713
baseline,34764.15393151337
baseline,34684.14437125673
baseline,34724.14915138505
baseline,39644.737107168876
baseline,34764.15393151337
baseline,34954.17663712291
baseline,34954.17663712291
baseline,34834.16229673794
baseline,34724.14915138505
baseline,34584.132420935915
baseline,34814.159906673776
baseline,34184.084619652676
baseline,34164.082229588515
baseline,34134.07864449227
baseline,36154.32004097263
baseline,34234.09059481308
baseline,34104.07505939603
baseline,34094.07386436395
baseline,34154.08103455643
baseline,34184.084619652676
baseline,34054.06908423563
baseline,34104.07505939603
baseline,34074.07147429979
baseline,34134.07864449227
baseline,33564.01052766366
baseline,33373.98782205412
baseline,33383.9890170862
baseline,33403.991407150366
baseline,33363.98662702204
baseline,33413.99260218244
baseline,33373.98782205412
baseline,33484.00096740701
baseline,33534.006942567416
baseline,33494.002162439094
baseline,33423.99379721453
baseline,33393.99021211828
baseline,33363.98662702204
baseline,33393.99021211828
baseline,33393.99021211828
baseline,33514.004552503255
baseline,33463.99857734285
baseline,33684.02486804863
baseline,33473.99977237493
baseline,33433.994992246604
baseline,33443.99618727869
baseline,33413.99260218244
baseline,33403.991407150366
baseline,33403.991407150366
baseline,33383.9890170862
baseline,33473.99977237493
baseline,33413.99260218244
baseline,33353.98543198996
baseline,33504.00335747117
baseline,33393.99021211828
baseline,33413.99260218244
baseline,33484.00096740701
baseline,33473.99977237493
baseline,33433.994992246604
baseline,33473.99977237493
baseline,33484.00096740701
baseline,33494.002162439094
baseline,33443.99618727869
baseline,33534.006942567416
baseline,33443.99618727869
baseline,37914.53036661887
baseline,33463.99857734285
baseline,33353.98543198996
baseline,33393.99021211828
baseline,33363.98662702204
baseline,33413.99260218244
baseline,33363.98662702204
baseline,33514.004552503255
baseline,33463.99857734285
baseline,33403.991407150366
baseline,33373.98782205412
baseline,33373.98782205412
baseline,33363.98662702204
baseline,33343.98423695788
baseline,33303.979456829555
baseline,33333.9830419258
baseline,33303.979456829555
baseline,33313.98065186163
baseline,33263.97467670123
baseline,33333.9830419258
baseline,33313.98065186163
baseline,33373.98782205412
baseline,37874.52558649055
baseline,33343.98423695788
baseline,33403.991407150366
baseline,33373.98782205412
baseline,33343.98423695788
baseline,33293.97826179747
baseline,33383.9890170862
baseline,33343.98423695788
baseline,33383.9890170862
baseline,33373.98782205412
baseline,33353.98543198996
baseline,33333.9830419258
baseline,33373.98782205412
baseline,33383.9890170862
baseline,33323.981846893716
baseline,35284.21607318158
baseline,33373.98782205412
baseline,38404.58892319084
baseline,33453.997382310765
baseline,33534.006942567416
baseline,33443.99618727869
baseline,33453.997382310765
baseline,33453.997382310765
baseline,33393.99021211828
baseline,33494.002162439094
baseline,33484.00096740701
baseline,33463.99857734285
baseline,33453.997382310765
baseline,33514.004552503255
baseline,33473.99977237493
baseline,33413.99260218244
baseline,33494.002162439094
baseline,33403.991407150366
baseline,33433.994992246604
baseline,33453.997382310765
baseline,33423.99379721453
baseline,33383.9890170862
baseline,33373.98782205412
baseline,33423.99379721453
baseline,33393.99021211828
baseline,33463.99857734285
baseline,33383.9890170862
baseline,33373.98782205412
baseline,33403.991407150366
baseline,33383.9890170862
baseline,33373.98782205412
baseline,37874.52558649055
baseline,33453.997382310765
baseline,33524.00574753533
baseline,33433.994992246604
baseline,33423.99379721453
baseline,33423.99379721453
baseline,33433.994992246604
baseline,33423.99379721453
baseline,33383.9890170862
baseline,33403.991407150366
baseline,33463.99857734285
baseline,33433.994992246604
baseline,33453.997382310765
baseline,38014.54231693968
baseline,33443.99618727869
baseline,33524.00574753533
baseline,33514.004552503255
baseline,33383.9890170862
baseline,33403.991407150366
baseline,33403.991407150366
baseline,33403.991407150366
baseline,33373.98782205412
baseline,33423.99379721453
baseline,33453.997382310765
baseline,33453.997382310765
baseline,33383.9890170862
baseline,33383.9890170862
baseline,33403.991407150366
baseline,33433.994992246604
baseline,33393.99021211828
baseline,33443.99618727869
baseline,33433.994992246604
baseline,33373.98782205412
baseline,33484.00096740701
baseline,33433.994992246604
baseline,33473.99977237493
baseline,33473.99977237493
baseline,33473.99977237493
baseline,33443.99618727869
baseline,33484.00096740701
baseline,33413.99260218244
baseline,33393.99021211828
baseline,33353.98543198996
baseline,33433.994992246604
baseline,33494.002162439094
baseline,33433.994992246604
baseline,33433.994992246604
baseline,37854.52319642639
baseline,33453.997382310765
baseline,33323.981846893716
baseline,33313.98065186163
baseline,33393.99021211828
baseline,33373.98782205412
baseline,33353.98543198996
baseline,33443.99618727869
baseline,33433.994992246604
baseline,33443.99618727869
baseline,33373.98782205412
baseline,33383.9890170862
baseline,33333.9830419258
baseline,33293.97826179747
baseline,33343.98423695788
baseline,33423.99379721453
baseline,33564.01052766366
baseline,33524.00574753533
baseline,33634.01889288823
baseline,33494.002162439094
baseline,33574.01172269574
baseline,33494.002162439094
baseline,33584.01291772782
baseline,33534.006942567416
baseline,33504.00335747117
baseline,33433.994992246604
baseline,33484.00096740701
baseline,33484.00096740701
baseline,33463.99857734285
baseline,33554.00933263158
baseline,38424.591313255
baseline,34694.145566288804
baseline,34764.15393151337
baseline,34864.16588183418
baseline,34434.1144954547
baseline,33604.01530779198
baseline,33614.016502824066
baseline,33564.01052766366
baseline,33584.01291772782
baseline,33594.0141127599
baseline,33624.01769785614
baseline,33504.00335747117
baseline,33544.0081375995
baseline,33584.01291772782
baseline,33423.99379721453
baseline,33433.994992246604
baseline,33514.004552503255
baseline,33524.00574753533
baseline,33504.00335747117
baseline,33494.002162439094
baseline,34084.072669331865
baseline,33804.0392084336
baseline,33423.99379721453
baseline,33403.991407150366
baseline,33383.9890170862
baseline,33433.994992246604
baseline,33443.99618727869
baseline,33423.99379721453
baseline,33393.99021211828
baseline,33534.006942567416
baseline,33413.99260218244
baseline,33794.03801340152
baseline,33554.00933263158
baseline,33584.01291772782
baseline,33504.00335747117
baseline,33554.00933263158
baseline,33664.022477984465
baseline,33714.02845314487
baseline,33574.01172269574
baseline,33413.99260218244
baseline,33413.99260218244
baseline,33453.997382310765
baseline,33383.9890170862
baseline,33443.99618727869
baseline,33473.99977237493
baseline,33574.01172269574
baseline,33914.052353786494
baseline,34384.1085202943
baseline,34604.134811000076
baseline,34634.13839609632
baseline,34694.145566288804
baseline,36514.36306212754
baseline,33584.01291772782
baseline,33594.0141127599
baseline,33544.0081375995
baseline,33654.02128295239
baseline,33804.0392084336
baseline,33413.99260218244
baseline,33463.99857734285
baseline,33674.02367301655
baseline,34304.09896003765
baseline,34974.17902718707
baseline,34404.11091035846
baseline,34204.08700971684
baseline,33814.04040346568
baseline,34024.06549913938
baseline,34424.11330042262
baseline,34234.09059481308
baseline,34134.07864449227
baseline,34264.09417990933
baseline,3040523.308873121
baseline,35174.202927828694
baseline,35164.20173279661
baseline,35154.20053776453
baseline,35174.202927828694
baseline,35194.205317892855
baseline,35204.20651292493
baseline,35214.207707957015
baseline,35154.20053776453
baseline,35214.207707957015
baseline,35014.1838073154
baseline,34804.1587116417
baseline,34464.11808055094
baseline,34444.11569048678
baseline,34424.11330042262
baseline,34444.11569048678
baseline,34414.11210539054
baseline,34404.11091035846
baseline,34464.11808055094
baseline,34484.120470615104
baseline,34404.11091035846
baseline,34364.10613023013
baseline,34354.104935198055
baseline,34354.104935198055
baseline,34364.10613023013
baseline,34144.079839524355
baseline,34524.12525074343
baseline,34224.089399781
baseline,33764.03442830528
baseline,33654.02128295239
baseline,33684.02486804863
baseline,33704.027258112794
baseline,33874.047573658165
baseline,33734.03084320903
baseline,33864.04637862609
baseline,33834.04279352984
baseline,33884.04876869025
baseline,33594.0141127599
baseline,33694.02606308071
baseline,33423.99379721453
baseline,33443.99618727869
baseline,33373.98782205412
baseline,33403.991407150366
baseline,33323.981846893716
baseline,33393.99021211828
baseline,3039023.129618309
baseline,34344.10374016597
baseline,34374.107325262215
baseline,34354.104935198055
baseline,35004.182612283315
baseline,35194.205317892855
baseline,34454.116885518866
baseline,34554.12883583967
baseline,35444.235193694876
baseline,35544.24714401569
baseline,34874.167076866266
baseline,35064.1897824758
baseline,35904.2901651706
baseline,34974.17902718707
baseline,39514.72157175182
baseline,34984.180222219155
baseline,35014.1838073154
baseline,34854.1646868021
baseline,34914.17185699459
baseline,34974.17902718707
baseline,34804.1587116417
baseline,35054.18858744372
baseline,34664.141981192566
baseline,34354.104935198055
baseline,34354.104935198055
baseline,34434.1144954547
baseline,36254.33199129343
baseline,34494.12166564719
baseline,34394.109715326376
baseline,34334.102545133894
baseline,34374.107325262215
baseline,34364.10613023013
baseline,34314.10015506973
baseline,34194.08581468476
baseline,34234.09059481308
baseline,34194.08581468476
baseline,34224.089399781
baseline,34194.08581468476
baseline,34184.084619652676
baseline,34074.07147429979
baseline,33463.99857734285
baseline,33644.020087920304
baseline,33413.99260218244
baseline,33463.99857734285
baseline,33373.98782205412
baseline,33373.98782205412
baseline,33363.98662702204
baseline,33413.99260218244
baseline,33323.981846893716
baseline,33393.99021211828
baseline,33313.98065186163
baseline,33333.9830419258
baseline,33373.98782205412
baseline,33373.98782205412
baseline,33393.99021211828
baseline,33363.98662702204
baseline,33343.98423695788
baseline,33323.981846893716
baseline,39594.73113200847
baseline,33353.98543198996
baseline,33443.99618727869
baseline,33353.98543198996
baseline,33333.9830419258
baseline,33343.98423695788
baseline,33373.98782205412
baseline,33363.98662702204
baseline,33303.979456829555
baseline,33353.98543198996
baseline,33353.98543198996
baseline,33323.981846893716
baseline,33423.99379721453
baseline,33413.99260218244
baseline,33353.98543198996
baseline,33333.9830419258
baseline,33333.9830419258
baseline,33504.00335747117
baseline,33363.98662702204
baseline,33363.98662702204
baseline,33413.99260218244
baseline,33423.99379721453
baseline,33473.99977237493
baseline,33413.99260218244
baseline,33413.99260218244
baseline,33383.9890170862
baseline,33353.98543198996
baseline,33373.98782205412
baseline,33373.98782205412
baseline,33393.99021211828
baseline,33383.9890170862
baseline,33413.99260218244
baseline,33423.99379721453
baseline,33373.98782205412
baseline,33403.991407150366
baseline,33393.99021211828
baseline,33423.99379721453
baseline,33393.99021211828
baseline,33343.98423695788
baseline,37864.524391458464
baseline,33363.98662702204
baseline,33433.994992246604
baseline,33353.98543198996
baseline,33363.98662702204
baseline,33353.98543198996
baseline,33343.98423695788
baseline,33383.9890170862
baseline,33393.99021211828
baseline,33423.99379721453
baseline,33373.98782205412
baseline,35424.232803630715
baseline,33463.99857734285
baseline,33433.994992246604
baseline,37874.52558649055
baseline,33443.99618727869
baseline,33413.99260218244
baseline,33413.99260218244
baseline,33443.99618727869
baseline,33423.99379721453
baseline,33363.98662702204
baseline,33403.991407150366
baseline,33423.99379721453
baseline,33423.99379721453
baseline,33393.99021211828
baseline,33443.99618727869
baseline,33504.00335747117
baseline,33564.01052766366
baseline,33403.991407150366
baseline,3040673.3267986025
baseline,33433.994992246604
baseline,33413.99260218244
baseline,33443.99618727869
baseline,33544.0081375995
baseline,33473.99977237493
baseline,33453.997382310765
baseline,33484.00096740701
baseline,33413.99260218244
baseline,33554.00933263158
baseline,33794.03801340152
baseline,33644.020087920304
baseline,33504.00335747117
baseline,33634.01889288823
baseline,33654.02128295239
baseline,33614.016502824066
baseline,33514.004552503255
baseline,33794.03801340152
baseline,33724.029648176955
baseline,33684.02486804863
baseline,33614.016502824066
baseline,38034.54470700384
baseline,33514.004552503255
baseline,33524.00574753533
baseline,33514.004552503255
baseline,33484.00096740701
baseline,33514.004552503255
baseline,33644.020087920304
baseline,33744.032038241116
baseline,33574.01172269574
baseline,33504.00335747117
baseline,33453.997382310765
baseline,33554.00933263158
baseline,33514.004552503255
baseline,33433.994992246604
baseline,33453.997382310765
baseline,33554.00933263158
baseline,33544.0081375995
baseline,3039953.240756293
baseline,33423.99379721453
baseline,33383.9890170862
baseline,33393.99021211828
baseline,33343.98423695788
baseline,33323.981846893716
baseline,33383.9890170862
baseline,33343.98423695788
baseline,33383.9890170862
baseline,33273.97587173331
baseline,33423.99379721453
baseline,33413.99260218244
baseline,33443.99618727869
baseline,37964.536341779276
baseline,33373.98782205412
baseline,33423.99379721453
baseline,33383.9890170862
baseline,33373.98782205412
baseline,33323.981846893716
baseline,33393.99021211828
baseline,33383.9890170862
baseline,33353.98543198996
baseline,33393.99021211828
baseline,33383.9890170862
baseline,33363.98662702204
baseline,33433.994992246604
baseline,33353.98543198996
baseline,33353.98543198996
baseline,33333.9830419258
baseline,37874.52558649055
baseline,33433.994992246604
baseline,33373.98782205412
baseline,33333.9830419258
baseline,33433.994992246604
baseline,33453.997382310765
baseline,33393.99021211828
baseline,33413.99260218244
baseline,33403.991407150366
baseline,33393.99021211828
baseline,33403.991407150366
baseline,33383.9890170862
baseline,33423.99379721453
baseline,33433.994992246604
baseline,33363.98662702204
baseline,33403.991407150366
baseline,33403.991407150366
baseline,33403.991407150366
baseline,33363.98662702204
baseline,33584.01291772782
baseline,33594.0141127599
baseline,33413.99260218244
baseline,33494.002162439094
baseline,33574.01172269574
baseline,33494.002162439094
baseline,33484.00096740701
baseline,33473.99977237493
baseline,33484.00096740701
baseline,33494.002162439094
baseline,33504.00335747117
baseline,33524.00574753533
baseline,33554.00933263158
baseline,33504.00335747117
baseline,33463.99857734285
baseline,33453.997382310765
baseline,33484.00096740701
baseline,33373.98782205412
baseline,33343.98423695788
baseline,33403.991407150366
baseline,33433.994992246604
baseline,33363.98662702204
baseline,33403.991407150366
baseline,33363.98662702204
baseline,33393.99021211828
baseline,33393.99021211828
baseline,33373.98782205412
baseline,33353.98543198996
baseline,33574.01172269574
baseline,33453.997382310765
baseline,37984.53873184344
baseline,33433.994992246604
baseline,33343.98423695788
baseline,33433.994992246604
baseline,33373.98782205412
baseline,33383.9890170862
baseline,33433.994992246604
baseline,33524.00574753533
baseline,34664.141981192566
baseline,34724.14915138505
baseline,3039683.2084904267
baseline,33333.9830419258
baseline,33403.991407150366
baseline,33554.00933263158
baseline,33554.00933263158
baseline,33494.002162439094
baseline,33494.002162439094
baseline,33514.004552503255
baseline,33423.99379721453
baseline,33473.99977237493
baseline,33514.004552503255
baseline,33524.00574753533
baseline,33514.004552503255
baseline,33594.0141127599
baseline,33393.99021211828
baseline,33484.00096740701
baseline,33413.99260218244
baseline,38724.627164217425
baseline,33604.01530779198
baseline,33443.99618727869
baseline,33504.00335747117
baseline,33574.01172269574
baseline,33524.00574753533
baseline,33504.00335747117
baseline,33544.0081375995
baseline,33544.0081375995
baseline,33524.00574753533
baseline,33564.01052766366
baseline,33554.00933263158
baseline,33463.99857734285
baseline,33504.00335747117
baseline,33544.0081375995
baseline,33604.01530779198
baseline,33644.020087920304
baseline,33634.01889288823
baseline,33544.0081375995
baseline,33484.00096740701
baseline,33604.01530779198
baseline,33694.02606308071
baseline,33494.002162439094
baseline,33654.02128295239
baseline,33484.00096740701
baseline,33534.006942567416
baseline,33393.99021211828
baseline,33393.99021211828
baseline,33473.99977237493
baseline,33494.002162439094
baseline,33654.02128295239
baseline,3040073.2550966777
baseline,34724.14915138505
baseline,34874.167076866266
baseline,34584.132420935915
baseline,35164.20173279661
baseline,35394.22921853447
baseline,34924.173052026665
baseline,35144.19934273245
baseline,35324.220853309904
baseline,35174.202927828694
baseline,35154.20053776453
baseline,35064.1897824758
baseline,35124.19695266829
baseline,35124.19695266829
baseline,35054.18858744372
baseline,34994.18141725123
baseline,34904.170661962504
baseline,34794.157516609615
baseline,34934.17424705875
baseline,35054.18858744372
baseline,34464.11808055094
baseline,34224.089399781
baseline,34244.091789845166
baseline,34274.095374941404
baseline,34264.09417990933
baseline,39264.6916959498
baseline,34214.08820474892
baseline,34344.10374016597
baseline,34364.10613023013
baseline,34274.095374941404
baseline,34254.09298487724
baseline,34284.09656997349
baseline,34274.095374941404
baseline,34044.06788920354
baseline,34314.10015506973
baseline,33504.00335747117
baseline,33443.99618727869
baseline,33494.002162439094
baseline,33473.99977237493
baseline,33534.006942567416
baseline,33473.99977237493
baseline,33463.99857734285
baseline,33463.99857734285
baseline,33463.99857734285
baseline,33463.99857734285
baseline,33413.99260218244
baseline,33423.99379721453
baseline,33393.99021211828
baseline,33373.98782205412
baseline,33393.99021211828
baseline,33403.991407150366
baseline,33393.99021211828
baseline,33584.01291772782
baseline,33473.99977237493
baseline,33423.99379721453
baseline,33393.99021211828
baseline,33443.99618727869
baseline,33423.99379721453
baseline,33423.99379721453
baseline,33403.991407150366
baseline,33473.99977237493
baseline,33373.98782205412
baseline,33373.98782205412
baseline,33403.991407150366
baseline,33504.00335747117
baseline,33363.98662702204
baseline,33343.98423695788
baseline,33383.9890170862
baseline,33383.9890170862
baseline,35264.21368311742
baseline,33383.9890170862
baseline,33363.98662702204
baseline,33403.991407150366
baseline,37974.53753681136
baseline,33433.994992246604
baseline,33413.99260218244
baseline,33353.98543198996
baseline,33393.99021211828
baseline,33333.9830419258
baseline,33413.99260218244
baseline,33353.98543198996
baseline,33363.98662702204
baseline,33383.9890170862
baseline,33313.98065186163
baseline,33353.98543198996
baseline,33413.99260218244
baseline,33363.98662702204
baseline,33413.99260218244
baseline,33413.99260218244
baseline,33323.981846893716
baseline,33363.98662702204
baseline,33313.98065186163
baseline,33353.98543198996
baseline,33393.99021211828
baseline,33494.002162439094
baseline,33504.00335747117
baseline,33433.994992246604
baseline,33423.99379721453
baseline,33494.002162439094
baseline,33453.997382310765
baseline,33403.991407150366
baseline,33393.99021211828
baseline,33473.99977237493
baseline,33423.99379721453
baseline,33413.99260218244
baseline,33433.994992246604
baseline,33383.9890170862
baseline,37744.51005107349
baseline,33494.002162439094
baseline,33463.99857734285
baseline,33393.99021211828
baseline,33373.98782205412
baseline,33433.994992246604
baseline,33383.9890170862
baseline,33373.98782205412
baseline,33363.98662702204
baseline,33453.997382310765
baseline,33433.994992246604
baseline,33383.9890170862
baseline,33383.9890170862
baseline,33373.98782205412
baseline,33343.98423695788
baseline,33393.99021211828
baseline,33413.99260218244
baseline,33433.994992246604
baseline,33433.994992246604
baseline,33353.98543198996
baseline,33423.99379721453
baseline,33413.99260218244
baseline,33443.99618727869
baseline,33524.00574753533
baseline,33453.997382310765
baseline,33433.994992246604
baseline,33423.99379721453
baseline,33373.98782205412
baseline,33413.99260218244
baseline,33604.01530779198
baseline,33554.00933263158
baseline,33554.00933263158
baseline,33544.0081375995
baseline,34224.089399781
baseline,34784.15632157753
baseline,35174.202927828694
baseline,34894.16946693043
baseline,34884.16827189834
baseline,35234.210098021176
baseline,35004.182612283315
baseline,34054.06908423563
baseline,34004.06310907522
baseline,34074.07147429979
baseline,34054.06908423563
baseline,34014.0643041073
baseline,38864.64389466656
baseline,33994.06191404314
baseline,34024.06549913938
baseline,33974.059523978976
baseline,34004.06310907522
baseline,33994.06191404314
baseline,33974.059523978976
baseline,34074.07147429979
baseline,34024.06549913938
baseline,34104.07505939603
baseline,34184.084619652676
baseline,34114.07625442811
baseline,34134.07864449227
baseline,34154.08103455643
baseline,34094.07386436395
baseline,38784.634334409915
baseline,34114.07625442811
baseline,34044.06788920354
baseline,34084.072669331865
baseline,33764.03442830528
baseline,33784.03681836944
baseline,34084.072669331865
baseline,33834.04279352984
baseline,33443.99618727869
baseline,33484.00096740701
baseline,33443.99618727869
baseline,33494.002162439094
baseline,33463.99857734285
baseline,33484.00096740701
baseline,33624.01769785614
baseline,34494.12166564719
baseline,34804.1587116417
baseline,34614.13600603216
baseline,34824.16110170586
baseline,34264.09417990933
baseline,33724.029648176955
baseline,33634.01889288823
baseline,33674.02367301655
baseline,33704.027258112794
baseline,33664.022477984465
baseline,41134.91516694894
baseline,33704.027258112794
baseline,33654.02128295239
baseline,33904.05115875441
baseline,34194.08581468476
baseline,33994.06191404314
baseline,33914.052353786494
baseline,33684.02486804863
baseline,34004.06310907522
baseline,34084.072669331865
baseline,34914.17185699459
baseline,34814.159906673776
baseline,34684.14437125673
baseline,34794.157516609615
baseline,34674.14317622464
baseline,34304.09896003765
baseline,34434.1144954547
baseline,34874.167076866266
baseline,34434.1144954547
baseline,34374.107325262215
baseline,34254.09298487724
baseline,34314.10015506973
baseline,34264.09417990933
baseline,34384.1085202943
baseline,34314.10015506973
baseline,34294.097765005565
baseline,34844.16349177002
baseline,34974.17902718707
baseline,35134.198147700365
baseline,34794.157516609615
baseline,36634.37740251251
baseline,41074.90799675645
baseline,36534.3654521917
baseline,36664.380987608754
baseline,36154.32004097263
baseline,34054.06908423563
baseline,33914.052353786494
baseline,34064.070279267704
baseline,33994.06191404314
baseline,33914.052353786494
baseline,33964.0583289469
baseline,34084.072669331865
baseline,34044.06788920354
baseline,34084.072669331865
baseline,34324.10135010181
baseline,34734.15034641713
baseline,34034.066694171466
baseline,39324.69886614229
baseline,34064.070279267704
baseline,34084.072669331865
baseline,34134.07864449227
baseline,34174.0834246206
baseline,35184.20412286077
baseline,34614.13600603216
baseline,33804.0392084336
baseline,33674.02367301655
baseline,33353.98543198996
baseline,33494.002162439094
baseline,33544.0081375995
baseline,33754.0332332732
baseline,34044.06788920354
baseline,33484.00096740701
baseline,33534.006942567416
baseline,33433.994992246604
baseline,33473.99977237493
baseline,33303.979456829555
baseline,33223.969896572904
baseline,33243.972286637065
baseline,33353.98543198996
baseline,33283.977066765394
baseline,33263.97467670123
baseline,33303.979456829555
baseline,33373.98782205412
baseline,33293.97826179747
baseline,33303.979456829555
baseline,33313.98065186163
baseline,33343.98423695788
baseline,33514.004552503255
baseline,33624.01769785614
baseline,9048831.23515104
baseline,33724.029648176955
baseline,33484.00096740701
baseline,33614.016502824066
baseline,33604.01530779198
baseline,33554.00933263158
baseline,33544.0081375995
baseline,33463.99857734285
baseline,34134.07864449227
baseline,34274.095374941404
baseline,33814.04040346568
baseline,34014.0643041073
baseline,34694.145566288804
baseline,34304.09896003765
baseline,34054.06908423563
baseline,40674.860195473215
baseline,34284.09656997349
baseline,34264.09417990933
baseline,34534.12644577551
baseline,34214.08820474892
baseline,34254.09298487724
baseline,34294.097765005565
baseline,34384.1085202943
baseline,34364.10613023013
baseline,34294.097765005565
baseline,34144.079839524355
baseline,34104.07505939603
baseline,34314.10015506973
baseline,34574.13122590383
baseline,34894.16946693043
baseline,35694.2650694969
baseline,35194.205317892855
baseline,39634.73591213679
baseline,34454.116885518866
baseline,34204.08700971684
baseline,34214.08820474892
baseline,34224.089399781
baseline,34334.102545133894
baseline,34244.091789845166
baseline,34474.11927558303
baseline,35224.2089029891
baseline,35394.22921853447
baseline,35164.20173279661
baseline,34744.15154144921
baseline,35344.223243374065
baseline,35354.22443840615
baseline,35094.19336757204
baseline,34904.170661962504
baseline,9050831.474157454
baseline,34754.152736481294
baseline,35104.19456260413
baseline,35114.195757636204
baseline,35224.2089029891
baseline,34844.16349177002
baseline,34714.147956352965
baseline,34754.152736481294
baseline,34584.132420935915
baseline,34554.12883583967
baseline,34764.15393151337
baseline,34774.155126545455
baseline,40614.853025280725
baseline,34664.141981192566
baseline,34644.1395911284
baseline,34544.127640807594
baseline,34654.14078616048
baseline,34724.14915138505
baseline,34654.14078616048
baseline,34754.152736481294
baseline,35014.1838073154
baseline,34814.159906673776
baseline,34744.15154144921
baseline,34754.152736481294
baseline,34644.1395911284
baseline,34564.130030871755
baseline,39434.712011495176
baseline,34584.132420935915
baseline,34484.120470615104
baseline,34564.130030871755
baseline,35594.25311917609
baseline,35444.235193694876
baseline,35034.18619737956
baseline,34624.13720106424
baseline,34174.0834246206
baseline,34194.08581468476
baseline,34384.1085202943
baseline,34274.095374941404
baseline,34234.09059481308
baseline,10049530.807670994
baseline,33844.04398856193
baseline,33754.0332332732
baseline,33674.02367301655
baseline,33634.01889288823
baseline,33644.020087920304
baseline,33524.00574753533
baseline,33514.004552503255
baseline,33754.0332332732
baseline,33303.979456829555
baseline,33333.9830419258
baseline,33333.9830419258
baseline,33313.98065186163
baseline,33373.98782205412
baseline,33283.977066765394
baseline,33243.972286637065
baseline,33293.97826179747
baseline,33283.977066765394
baseline,33233.97109160499
baseline,33333.9830419258
baseline,33223.969896572904
baseline,33233.97109160499
baseline,33223.969896572904
baseline,33253.97348166915
baseline,33253.97348166915
baseline,33283.977066765394
baseline,33223.969896572904
baseline,33223.969896572904
baseline,33253.97348166915
baseline,33303.979456829555
baseline,33203.96750650874
baseline,33253.97348166915
baseline,33273.97587173331
baseline,33213.96870154083
baseline,33243.972286637065
baseline,33323.981846893716
baseline,33313.98065186163
baseline,33373.98782205412
baseline,33323.981846893716
baseline,33343.98423695788
baseline,33844.04398856193
baseline,33844.04398856193
baseline,33784.03681836944
baseline,33704.027258112794
baseline,33904.05115875441
baseline,33914.052353786494
baseline,33253.97348166915
baseline,33263.97467670123
baseline,33253.97348166915
baseline,33273.97587173331
baseline,33313.98065186163
baseline,33363.98662702204
baseline,33293.97826179747
baseline,33283.977066765394
baseline,33263.97467670123
baseline,33303.979456829555
baseline,33293.97826179747
baseline,33293.97826179747
baseline,33333.9830419258
baseline,33363.98662702204
baseline,33293.97826179747
baseline,33313.98065186163
baseline,33343.98423695788
baseline,33363.98662702204
baseline,33353.98543198996
baseline,38294.57577783795
baseline,33443.99618727869
baseline,33303.979456829555
baseline,33333.9830419258
baseline,33353.98543198996
baseline,33303.979456829555
baseline,33263.97467670123
baseline,33323.981846893716
baseline,33303.979456829555
baseline,33293.97826179747
baseline,33293.97826179747
baseline,33263.97467670123
baseline,33343.98423695788
baseline,33273.97587173331
baseline,33283.977066765394
baseline,33333.9830419258
baseline,33333.9830419258
baseline,33283.977066765394
baseline,33343.98423695788
baseline,33243.972286637065
baseline,33253.97348166915
baseline,33554.00933263158
baseline,33744.032038241116
baseline,33473.99977237493
baseline,33453.997382310765
baseline,33423.99379721453
baseline,33443.99618727869
baseline,33423.99379721453
baseline,33423.99379721453
baseline,33413.99260218244
baseline,33423.99379721453
baseline,33393.99021211828
baseline,33453.997382310765
baseline,33423.99379721453
baseline,33484.00096740701
baseline,36934.41325347494
baseline,33403.991407150366
baseline,33544.0081375995
baseline,33393.99021211828
baseline,33403.991407150366
baseline,33383.9890170862
baseline,33393.99021211828
baseline,33403.991407150366
baseline,33353.98543198996
baseline,33343.98423695788
baseline,33383.9890170862
baseline,33413.99260218244
baseline,33313.98065186163
baseline,33413.99260218244
baseline,33393.99021211828
baseline,33403.991407150366
baseline,33403.991407150366
baseline,33443.99618727869
baseline,33433.994992246604
baseline,33433.994992246604
baseline,33484.00096740701
baseline,33353.98543198996
baseline,33383.9890170862
baseline,33373.98782205412
baseline,33413.99260218244
baseline,33373.98782205412
baseline,33343.98423695788
baseline,33524.00574753533
baseline,33393.99021211828
baseline,33413.99260218244
baseline,33393.99021211828
baseline,33403.991407150366
baseline,33453.997382310765
baseline,33564.01052766366
baseline,33544.0081375995
baseline,33343.98423695788
baseline,33403.991407150366
baseline,33333.9830419258
baseline,33333.9830419258
baseline,33413.99260218244
baseline,33343.98423695788
baseline,33333.9830419258
baseline,33383.9890170862
baseline,33413.99260218244
baseline,33343.98423695788
baseline,33363.98662702204
baseline,33423.99379721453
baseline,33433.994992246604
baseline,33343.98423695788
baseline,33363.98662702204
baseline,33383.9890170862
baseline,33383.9890170862
baseline,33433.994992246604
baseline,33393.99021211828
baseline,33343.98423695788
baseline,33443.99618727869
baseline,33423.99379721453
baseline,33353.98543198996
baseline,33363.98662702204
baseline,33373.98782205412
baseline,33393.99021211828
baseline,38374.58533809459
baseline,33393.99021211828
baseline,33463.99857734285
baseline,33373.98782205412
baseline,33423.99379721453
baseline,33403.991407150366
baseline,33353.98543198996
baseline,33343.98423695788
baseline,33363.98662702204
baseline,33333.9830419258
baseline,33293.97826179747
baseline,33303.979456829555
baseline,33323.981846893716
baseline,33664.022477984465
baseline,33433.994992246604
baseline,33343.98423695788
baseline,33453.997382310765
baseline,33413.99260218244
baseline,33413.99260218244
baseline,33393.99021211828
baseline,33403.991407150366
baseline,33373.98782205412
baseline,33363.98662702204
baseline,33363.98662702204
baseline,33373.98782205412
baseline,33353.98543198996
baseline,33343.98423695788
baseline,33423.99379721453
baseline,33393.99021211828
baseline,33373.98782205412
baseline,33413.99260218244
baseline,33423.99379721453
baseline,33383.9890170862
baseline,33433.994992246604
baseline,33373.98782205412
baseline,33514.004552503255
baseline,33453.997382310765
baseline,33413.99260218244
baseline,33393.99021211828
baseline,33433.994992246604
baseline,33413.99260218244
baseline,33373.98782205412
baseline,33333.9830419258
baseline,33383.9890170862
baseline,33403.991407150366
baseline,37954.53514674719
baseline,33373.98782205412
baseline,33423.99379721453
baseline,33393.99021211828
baseline,33313.98065186163
baseline,33363.98662702204
baseline,33333.9830419258
baseline,33393.99021211828
baseline,33403.991407150366
baseline,33333.9830419258
baseline,33363.98662702204
baseline,33343.98423695788
baseline,33373.98782205412
baseline,33333.9830419258
baseline,33333.9830419258
baseline,33363.98662702204
baseline,33313.98065186163
baseline,33564.01052766366
baseline,33544.0081375995
baseline,33433.994992246604
baseline,33423.99379721453
baseline,33383.9890170862
baseline,33343.98423695788
baseline,33363.98662702204
baseline,33403.991407150366
baseline,33403.991407150366
baseline,33494.002162439094
baseline,33403.991407150366
baseline,33413.99260218244
baseline,33363.98662702204
baseline,33393.99021211828
baseline,33333.9830419258
baseline,33383.9890170862
baseline,33383.9890170862
baseline,33433.994992246604
baseline,38424.591313255
baseline,33353.98543198996
baseline,33423.99379721453
baseline,33413.99260218244
baseline,33373.98782205412
baseline,33333.9830419258
baseline,33323.981846893716
baseline,33343.98423695788
baseline,33413.99260218244
baseline,33393.99021211828
baseline,33363.98662702204
baseline,33393.99021211828
baseline,33373.98782205412
baseline,33353.98543198996
baseline,33353.98543198996
baseline,33343.98423695788
baseline,33383.9890170862
baseline,33353.98543198996
baseline,33373.98782205412
baseline,33373.98782205412
baseline,38274.57338777379
baseline,33453.997382310765
baseline,33353.98543198996
baseline,33393.99021211828
baseline,33383.9890170862
baseline,33403.991407150366
baseline,33443.99618727869
baseline,33363.98662702204
baseline,33303.979456829555
baseline,33353.98543198996
baseline,33313.98065186163
baseline,33433.994992246604
baseline,33313.98065186163
baseline,33333.9830419258
baseline,33333.9830419258
baseline,33403.991407150366
baseline,33383.9890170862
baseline,33373.98782205412
baseline,33363.98662702204
baseline,33363.98662702204
baseline,33383.9890170862
baseline,33453.997382310765
baseline,33323.981846893716
baseline,33303.979456829555
baseline,33313.98065186163
baseline,33343.98423695788
baseline,33303.979456829555
baseline,33253.97348166915
baseline,33393.99021211828
baseline,33323.981846893716
baseline,33383.9890170862
baseline,33373.98782205412
baseline,33323.981846893716
baseline,33293.97826179747
baseline,33383.9890170862
baseline,33363.98662702204
baseline,33373.98782205412
baseline,33363.98662702204
baseline,33373.98782205412
baseline,33323.981846893716
baseline,33323.981846893716
baseline,33323.981846893716
baseline,33313.98065186163
baseline,33343.98423695788
baseline,33383.9890170862
baseline,33383.9890170862
baseline,33323.981846893716
baseline,33383.9890170862
baseline,33323.981846893716
baseline,33363.98662702204
baseline,33333.9830419258
baseline,33313.98065186163
baseline,33363.98662702204
baseline,33373.98782205412
baseline,33463.99857734285
baseline,33413.99260218244
baseline,33383.9890170862
baseline,33323.981846893716
baseline,33283.977066765394
baseline,33333.9830419258
baseline,33363.98662702204
baseline,36244.330796261354
baseline,33423.99379721453
baseline,33373.98782205412
baseline,3049264.35333116
baseline,33624.01769785614
baseline,33393.99021211828
baseline,33373.98782205412
baseline,33383.9890170862
baseline,33383.9890170862
baseline,33363.98662702204
baseline,33403.991407150366
baseline,33393.99021211828
baseline,33353.98543198996
baseline,33343.98423695788
baseline,33393.99021211828
baseline,33393.99021211828
baseline,33433.994992246604
baseline,33393.99021211828
baseline,33423.99379721453
baseline,33433.994992246604
baseline,33383.9890170862
baseline,33413.99260218244
baseline,33353.98543198996
baseline,33363.98662702204
baseline,33373.98782205412
baseline,33313.98065186163
baseline,33303.979456829555
baseline,33333.9830419258
baseline,33323.981846893716
baseline,33283.977066765394
baseline,33383.9890170862
baseline,33343.98423695788
baseline,33303.979456829555
baseline,33323.981846893716
baseline,33333.9830419258
baseline,33313.98065186163
baseline,33333.9830419258
baseline,33333.9830419258
baseline,33333.9830419258
baseline,33303.979456829555
baseline,33293.97826179747
baseline,33373.98782205412
baseline,33343.98423695788
baseline,33423.99379721453
baseline,33423.99379721453
baseline,33313.98065186163
baseline,33423.99379721453
baseline,33363.98662702204
baseline,33363.98662702204
baseline,3047624.157345899
baseline,33473.99977237493
baseline,33353.98543198996
baseline,33433.994992246604
baseline,33393.99021211828
baseline,33363.98662702204
baseline,33363.98662702204
baseline,33363.98662702204
baseline,33333.9830419258
baseline,33273.97587173331
baseline,33363.98662702204
baseline,33343.98423695788
baseline,33293.97826179747
baseline,33353.98543198996
baseline,33363.98662702204
baseline,38454.59489835124
baseline,33313.98065186163
baseline,33373.98782205412
baseline,33453.997382310765
baseline,33514.004552503255
baseline,33463.99857734285
baseline,33433.994992246604
baseline,33494.002162439094
baseline,33514.004552503255
baseline,33403.991407150366
baseline,33413.99260218244
baseline,33423.99379721453
baseline,33494.002162439094
baseline,33433.994992246604
baseline,33463.99857734285
baseline,33514.004552503255
baseline,33433.994992246604
baseline,33514.004552503255
baseline,33403.991407150366
baseline,33413.99260218244
baseline,33413.99260218244
baseline,33423.99379721453
baseline,33433.994992246604
baseline,33484.00096740701
baseline,33413.99260218244
baseline,33413.99260218244
baseline,33383.9890170862
baseline,33343.98423695788
baseline,33423.99379721453
baseline,3049954.4357883735
baseline,34214.08820474892
baseline,35154.20053776453
baseline,35514.24355891944
baseline,34934.17424705875
baseline,35134.198147700365
baseline,35184.20412286077
baseline,34624.13720106424
baseline,37944.533951715115
baseline,34854.1646868021
baseline,35354.22443840615
baseline,35184.20412286077
baseline,35004.182612283315
baseline,35444.235193694876
baseline,34834.16229673794
baseline,35824.280604913954
baseline,35794.27701981771
baseline,34824.16110170586
baseline,34844.16349177002
baseline,34884.16827189834
baseline,34864.16588183418
baseline,34904.170661962504
baseline,34914.17185699459
baseline,34884.16827189834
baseline,34864.16588183418
baseline,34904.170661962504
baseline,35044.18739241164
baseline,34954.17663712291
baseline,34974.17902718707
baseline,35154.20053776453
baseline,34944.17544209083
baseline,34734.15034641713
baseline,34944.17544209083
baseline,34244.091789845166
baseline,34324.10135010181
baseline,34304.09896003765
baseline,34214.08820474892
baseline,34204.08700971684
baseline,34324.10135010181
baseline,1763170.6793757426
baseline,33524.00574753533
baseline,33373.98782205412
baseline,33433.994992246604
baseline,33413.99260218244
baseline,40394.82673457495
baseline,33383.9890170862
baseline,33323.981846893716
baseline,33433.994992246604
baseline,33323.981846893716
baseline,33584.01291772782
baseline,33373.98782205412
baseline,33353.98543198996
baseline,33303.979456829555
baseline,33323.981846893716
baseline,33313.98065186163
baseline,38784.634334409915
baseline,33373.98782205412
baseline,33363.98662702204
baseline,33333.9830419258
baseline,33393.99021211828
baseline,33283.977066765394
baseline,33383.9890170862
baseline,33433.994992246604
baseline,33423.99379721453
baseline,33514.004552503255
baseline,33393.99021211828
baseline,33373.98782205412
baseline,33373.98782205412
baseline,33383.9890170862
baseline,38104.55307222841
baseline,33423.99379721453
baseline,33423.99379721453
baseline,33393.99021211828
baseline,33363.98662702204
baseline,33423.99379721453
baseline,33524.00574753533
baseline,33473.99977237493
baseline,33413.99260218244
baseline,33393.99021211828
baseline,33463.99857734285
baseline,33393.99021211828
baseline,33473.99977237493
baseline,33453.997382310765
baseline,33453.997382310765
baseline,37654.499295784764
baseline,33383.9890170862
baseline,33443.99618727869
baseline,33453.997382310765
baseline,33504.00335747117
baseline,33494.002162439094
baseline,33453.997382310765
baseline,33473.99977237493
baseline,33453.997382310765
baseline,33473.99977237493
baseline,33433.994992246604
baseline,33463.99857734285
baseline,33604.01530779198
baseline,33463.99857734285
baseline,35234.210098021176
baseline,33463.99857734285
baseline,33463.99857734285
baseline,37844.5220013943
baseline,33403.991407150366
baseline,33373.98782205412
baseline,33393.99021211828
baseline,33423.99379721453
baseline,33473.99977237493
baseline,33443.99618727869
baseline,33433.994992246604
baseline,33413.99260218244
baseline,33373.98782205412
baseline,33393.99021211828
baseline,33363.98662702204
baseline,33383.9890170862
baseline,33373.98782205412
baseline,33403.991407150366
baseline,33353.98543198996
baseline,33373.98782205412
baseline,33393.99021211828
baseline,33363.98662702204
baseline,33403.991407150366
baseline,33494.002162439094
baseline,33514.004552503255
baseline,33393.99021211828
baseline,33393.99021211828
baseline,33333.9830419258
baseline,33413.99260218244
baseline,33443.99618727869
baseline,33453.997382310765
baseline,33413.99260218244
baseline,33393.99021211828
baseline,33504.00335747117
baseline,33473.99977237493
baseline,33433.994992246604
baseline,33504.00335747117
baseline,38404.58892319084
baseline,33534.006942567416
baseline,33403.991407150366
baseline,33423.99379721453
baseline,33423.99379721453
baseline,33453.997382310765
baseline,33413.99260218244
baseline,33453.997382310765
baseline,33373.98782205412
baseline,33463.99857734285
baseline,33423.99379721453
baseline,33463.99857734285
baseline,33433.994992246604
baseline,37594.49212559228
baseline,33504.00335747117
baseline,33433.994992246604
baseline,33413.99260218244
baseline,33443.99618727869
baseline,33463.99857734285
baseline,33463.99857734285
baseline,33433.994992246604
baseline,33524.00574753533
baseline,33494.002162439094
baseline,33453.997382310765
baseline,33473.99977237493
baseline,33473.99977237493
baseline,33484.00096740701
baseline,33554.00933263158
baseline,33514.004552503255
baseline,33544.0081375995
baseline,33534.006942567416
baseline,33463.99857734285
baseline,33504.00335747117
baseline,33514.004552503255
baseline,33484.00096740701
baseline,33433.994992246604
baseline,33453.997382310765
baseline,33463.99857734285
baseline,33463.99857734285
baseline,33453.997382310765
baseline,33413.99260218244
baseline,33443.99618727869
baseline,33403.991407150366
baseline,33453.997382310765
baseline,33504.00335747117
baseline,33453.997382310765
baseline,33353.98543198996
baseline,33423.99379721453
baseline,33363.98662702204
baseline,33413.99260218244
baseline,33433.994992246604
baseline,33423.99379721453
baseline,33473.99977237493
baseline,33423.99379721453
baseline,33413.99260218244
baseline,33383.9890170862
baseline,33403.991407150366
baseline,33413.99260218244
baseline,33393.99021211828
baseline,33403.991407150366
baseline,33453.997382310765
baseline,33433.994992246604
baseline,33443.99618727869
baseline,33453.997382310765
baseline,33443.99618727869
baseline,33433.994992246604
baseline,33413.99260218244
baseline,33413.99260218244
baseline,33423.99379721453
baseline,33504.00335747117
baseline,33393.99021211828
baseline,33453.997382310765
baseline,33393.99021211828
baseline,33353.98543198996
baseline,33413.99260218244
baseline,33443.99618727869
baseline,33403.991407150366
baseline,33423.99379721453
baseline,33413.99260218244
baseline,33393.99021211828
baseline,33413.99260218244
baseline,33463.99857734285
baseline,33433.994992246604
baseline,33473.99977237493
baseline,33484.00096740701
baseline,33463.99857734285
baseline,33574.01172269574
baseline,33534.006942567416
baseline,33494.002162439094
baseline,38204.56502254922
baseline,33604.01530779198
baseline,33584.01291772782
baseline,33604.01530779198
baseline,33524.00574753533
baseline,33584.01291772782
baseline,33544.0081375995
baseline,33554.00933263158
baseline,33674.02367301655
baseline,33574.01172269574
baseline,33443.99618727869
baseline,33453.997382310765
baseline,33463.99857734285
baseline,33473.99977237493
baseline,33484.00096740701
baseline,33494.002162439094
baseline,33634.01889288823
baseline,34584.132420935915
baseline,34584.132420935915
baseline,34614.13600603216
baseline,34334.102545133894
baseline,33514.004552503255
baseline,34064.070279267704
baseline,34014.0643041073
baseline,33894.04996372233
baseline,33944.05593888273
baseline,33964.0583289469
baseline,33934.054743850655
baseline,34034.066694171466
baseline,34014.0643041073
baseline,34054.06908423563
baseline,38614.61401886454
baseline,34004.06310907522
baseline,34064.070279267704
baseline,34034.066694171466
baseline,33994.06191404314
baseline,34024.06549913938
baseline,34024.06549913938
baseline,34014.0643041073
baseline,34254.09298487724
baseline,34314.10015506973
baseline,34204.08700971684
baseline,34234.09059481308
baseline,34274.095374941404
baseline,34174.0834246206
baseline,34204.08700971684
baseline,34204.08700971684
baseline,34224.089399781
baseline,34214.08820474892
baseline,34304.09896003765
baseline,34254.09298487724
baseline,34214.08820474892
baseline,34214.08820474892
baseline,34124.077449460194
baseline,34164.082229588515
baseline,34114.07625442811
baseline,33584.01291772782
baseline,33574.01172269574
baseline,33514.004552503255
baseline,33544.0081375995
baseline,33634.01889288823
baseline,33624.01769785614
baseline,33654.02128295239
baseline,33524.00574753533
baseline,33504.00335747117
baseline,33514.004552503255
baseline,33544.0081375995
baseline,33764.03442830528
baseline,34124.077449460194
baseline,34604.134811000076
baseline,34694.145566288804
baseline,33614.016502824066
baseline,33574.01172269574
baseline,33554.00933263158
baseline,33574.01172269574
baseline,33664.022477984465
baseline,33744.032038241116
baseline,33664.022477984465
baseline,33674.02367301655
baseline,38734.62835924951
baseline,49835.95484485936
baseline,33694.02606308071
baseline,33614.016502824066
baseline,33604.01530779198
baseline,33574.01172269574
baseline,34284.09656997349
baseline,34424.11330042262
baseline,34014.0643041073
baseline,34104.07505939603
baseline,34094.07386436395
baseline,34114.07625442811
baseline,34124.077449460194
baseline,34044.06788920354
baseline,38834.64030957032
baseline,34074.07147429979
baseline,34064.070279267704
baseline,34114.07625442811
baseline,34044.06788920354
baseline,34104.07505939603
baseline,34064.070279267704
baseline,33844.04398856193
baseline,34154.08103455643
baseline,33774.03562333736
baseline,33514.004552503255
baseline,33654.02128295239
baseline,33744.032038241116
baseline,34284.09656997349
baseline,34444.11569048678
baseline,34564.130030871755
baseline,39744.74905748969
baseline,34004.06310907522
baseline,33934.054743850655
baseline,34494.12166564719
baseline,34094.07386436395
baseline,33784.03681836944
baseline,33834.04279352984
baseline,33684.02486804863
baseline,33734.03084320903
baseline,33714.02845314487
baseline,33744.032038241116
baseline,33624.01769785614
baseline,33804.0392084336
baseline,33924.05354881857
baseline,33764.03442830528
baseline,33764.03442830528
baseline,34334.102545133894
baseline,34054.06908423563
baseline,33954.057133914815
baseline,34804.1587116417
baseline,34294.097765005565
baseline,34734.15034641713
baseline,35164.20173279661
baseline,35024.185002347476
baseline,39474.7167916235
baseline,34754.152736481294
baseline,34134.07864449227
baseline,34204.08700971684
baseline,34284.09656997349
baseline,34544.127640807594
baseline,35244.21129305326
baseline,35404.230413566554
baseline,34914.17185699459
baseline,35184.20412286077
baseline,34784.15632157753
baseline,35314.21965827783
baseline,34784.15632157753
baseline,34644.1395911284
baseline,34754.152736481294
baseline,34704.14676132089
baseline,39114.67377046859
baseline,34624.13720106424
baseline,34624.13720106424
baseline,34854.1646868021
baseline,35584.25192414401
baseline,35374.22682847031
baseline,35554.248339047765
baseline,35274.2148781495
baseline,35564.24953407985
baseline,35394.22921853447
baseline,35894.28897013852
baseline,35354.22443840615
baseline,35424.232803630715
baseline,35484.2399738232
baseline,40554.84585508824
baseline,35514.24355891944
baseline,35774.27462975355
baseline,35804.27821484979
baseline,35574.25072911193
baseline,35654.260289368576
baseline,36124.31645587638
baseline,35504.242363887366
baseline,35534.245948983604
baseline,35554.248339047765
baseline,35504.242363887366
baseline,37474.47778520731
baseline,35944.29494529893
baseline,35964.29733536309
baseline,40534.84346502408
baseline,35584.25192414401
baseline,36064.30928568389
baseline,35404.230413566554
baseline,35414.23160859863
baseline,34874.167076866266
baseline,34784.15632157753
baseline,35004.182612283315
baseline,34824.16110170586
baseline,34854.1646868021
baseline,34964.177832154994
baseline,34844.16349177002
baseline,34774.155126545455
baseline,34924.173052026665
baseline,35174.202927828694
baseline,36024.30450555557
baseline,35724.26865459314
baseline,34914.17185699459
baseline,34734.15034641713
baseline,34774.155126545455
baseline,34654.14078616048
baseline,34804.1587116417
baseline,35014.1838073154
baseline,34764.15393151337
baseline,34744.15154144921
baseline,40464.835099799515
baseline,34804.1587116417
baseline,34714.147956352965
baseline,34744.15154144921
baseline,34844.16349177002
baseline,34884.16827189834
baseline,35374.22682847031
baseline,34974.17902718707
baseline,34854.1646868021
baseline,34854.1646868021
baseline,34814.159906673776
baseline,34734.15034641713
baseline,34734.15034641713
baseline,34794.157516609615
baseline,34704.14676132089
baseline,34784.15632157753
baseline,41544.96416326425
baseline,34774.155126545455
baseline,34684.14437125673
baseline,34684.14437125673
baseline,34704.14676132089
baseline,34624.13720106424
baseline,34724.14915138505
baseline,34814.159906673776
baseline,34494.12166564719
baseline,34544.127640807594
baseline,34634.13839609632
baseline,34674.14317622464
baseline,34564.130030871755
baseline,34504.122860679265
baseline,39534.72396181599
baseline,34664.141981192566
baseline,34644.1395911284
baseline,34534.12644577551
baseline,34544.127640807594
baseline,34604.134811000076
baseline,34644.1395911284
baseline,34574.13122590383
baseline,34204.08700971684
baseline,34554.12883583967
baseline,33964.0583289469
baseline,33924.05354881857
baseline,33914.052353786494
baseline,33814.04040346568
baseline,33974.059523978976
baseline,34114.07625442811
baseline,34284.09656997349
baseline,33924.05354881857
baseline,38084.55068216425
baseline,33934.054743850655
baseline,33974.059523978976
baseline,33764.03442830528
baseline,33794.03801340152
baseline,34334.102545133894
baseline,33724.029648176955
baseline,33874.047573658165
baseline,33994.06191404314
baseline,33393.99021211828
baseline,33944.05593888273
baseline,38904.64867479489
baseline,33984.06071901106
baseline,33534.006942567416
baseline,33764.03442830528
baseline,34064.070279267704
baseline,33894.04996372233
baseline,34184.084619652676
baseline,34794.157516609615
baseline,34484.120470615104
baseline,34184.084619652676
baseline,34864.16588183418
baseline,34854.1646868021
baseline,34254.09298487724
baseline,34224.089399781
baseline,34234.09059481308
baseline,34144.079839524355
baseline,34044.06788920354
baseline,34154.08103455643
baseline,34224.089399781
baseline,34254.09298487724
baseline,34244.091789845166
baseline,35774.27462975355
baseline,35964.29733536309
baseline,35704.26626452898
baseline,35074.19097750788
baseline,35764.273434721465
baseline,36504.36186709546
baseline,36044.30689561973
baseline,35004.182612283315
baseline,35024.185002347476
baseline,35614.255509240254
baseline,40474.83629483159
baseline,35084.192172539966
baseline,35894.28897013852
baseline,35134.198147700365
baseline,35054.18858744372
baseline,35024.185002347476
baseline,35794.27701981771
baseline,36214.32721116511
baseline,36184.323626068865
baseline,35684.26387446482
baseline,36094.31287078014
baseline,35994.300920459325
baseline,36714.38696276916
baseline,36114.3152608443
baseline,35874.28658007436
baseline,36014.30331052349
baseline,36394.348721742565
baseline,35944.29494529893
baseline,40974.89604643564
baseline,35794.27701981771
baseline,35884.28777510644
baseline,35664.26148440066
baseline,35604.25431420817
baseline,35574.25072911193
baseline,35624.25670427233
baseline,35714.26745956106
baseline,35634.257899304415
baseline,35504.242363887366
baseline,35404.230413566554
baseline,35384.22802350239
baseline,35384.22802350239
baseline,40104.7920786446
baseline,35394.22921853447
baseline,35424.232803630715
baseline,35664.26148440066
baseline,35644.25909433649
baseline,35464.23758375904
baseline,35424.232803630715
baseline,35354.22443840615
baseline,35204.20651292493
baseline,35404.230413566554
baseline,34654.14078616048
baseline,34694.145566288804
baseline,34604.134811000076
baseline,34624.13720106424
baseline,34634.13839609632
baseline,34624.13720106424
baseline,34654.14078616048
baseline,34624.13720106424
baseline,34624.13720106424
baseline,34614.13600603216
baseline,34614.13600603216
baseline,34604.134811000076
baseline,34614.13600603216
baseline,34634.13839609632
baseline,34514.12405571135
baseline,34604.134811000076
baseline,33864.04637862609
baseline,33834.04279352984
baseline,33934.054743850655
baseline,35574.25072911193
baseline,33864.04637862609
baseline,33934.054743850655
baseline,38824.63911453824
baseline,33884.04876869025
baseline,33814.04040346568
baseline,33914.052353786494
baseline,33814.04040346568
baseline,33864.04637862609
baseline,33864.04637862609
baseline,33854.045183594004
baseline,33844.04398856193
baseline,33724.029648176955
baseline,33604.01530779198
baseline,33894.04996372233
baseline,33363.98662702204
baseline,33413.99260218244
baseline,33373.98782205412
baseline,33373.98782205412
baseline,33353.98543198996
baseline,33353.98543198996
baseline,37624.49571068853
baseline,33323.981846893716
baseline,33393.99021211828
baseline,33353.98543198996
baseline,33313.98065186163
baseline,33293.97826179747
baseline,33373.98782205412
baseline,33333.9830419258
baseline,33353.98543198996
baseline,33343.98423695788
baseline,33333.9830419258
baseline,33363.98662702204
baseline,33373.98782205412
baseline,33363.98662702204
baseline,33443.99618727869
baseline,38264.5721927417
baseline,33484.00096740701
baseline,33403.991407150366
baseline,33413.99260218244
baseline,33413.99260218244
baseline,33463.99857734285
baseline,33383.9890170862
baseline,33403.991407150366
baseline,33423.99379721453
baseline,33403.991407150366
baseline,33453.997382310765
baseline,33443.99618727869
baseline,33383.9890170862
baseline,33413.99260218244
baseline,33403.991407150366
baseline,37934.53275668303
baseline,33383.9890170862
baseline,33403.991407150366
baseline,33383.9890170862
baseline,33353.98543198996
baseline,33353.98543198996
baseline,33373.98782205412
baseline,33393.99021211828
baseline,33323.981846893716
baseline,33403.991407150366
baseline,33363.98662702204
baseline,33373.98782205412
baseline,33333.9830419258
baseline,33313.98065186163
baseline,33323.981846893716
baseline,33373.98782205412
baseline,33544.0081375995
baseline,33343.98423695788
baseline,33333.9830419258
baseline,33343.98423695788
baseline,33323.981846893716
baseline,33323.981846893716
baseline,33353.98543198996
baseline,33363.98662702204
baseline,33353.98543198996
baseline,38044.54590203593
baseline,33443.99618727869
baseline,33343.98423695788
baseline,33373.98782205412
baseline,33363.98662702204
baseline,33383.9890170862
baseline,33433.994992246604
baseline,33463.99857734285
baseline,33413.99260218244
baseline,37904.52917158679
baseline,33413.99260218244
baseline,33544.0081375995
baseline,33504.00335747117
baseline,33463.99857734285
baseline,33463.99857734285
baseline,33463.99857734285
baseline,33453.997382310765
baseline,33494.002162439094
baseline,33463.99857734285
baseline,33473.99977237493
baseline,33564.01052766366
baseline,33504.00335747117
baseline,33484.00096740701
baseline,33484.00096740701
baseline,33423.99379721453
baseline,33453.997382310765
baseline,33393.99021211828
baseline,33433.994992246604
baseline,37974.53753681136
baseline,33584.01291772782
baseline,33544.0081375995
baseline,33453.997382310765
baseline,33494.002162439094
baseline,33484.00096740701
baseline,33574.01172269574
baseline,33443.99618727869
baseline,33433.994992246604
baseline,35314.21965827783
baseline,33453.997382310765
baseline,38834.64030957032
baseline,33484.00096740701
baseline,33504.00335747117
baseline,33433.994992246604
baseline,33514.004552503255
baseline,33484.00096740701
baseline,33473.99977237493
baseline,33514.004552503255
baseline,33484.00096740701
baseline,33524.00574753533
baseline,33463.99857734285
baseline,33473.99977237493
baseline,33473.99977237493
baseline,33534.006942567416
baseline,33534.006942567416
baseline,33453.997382310765
baseline,33494.002162439094
baseline,33564.01052766366
baseline,33554.00933263158
baseline,33443.99618727869
baseline,33433.994992246604
baseline,33433.994992246604
baseline,33443.99618727869
baseline,33383.9890170862
baseline,33433.994992246604
baseline,33494.002162439094
baseline,33514.004552503255
baseline,33524.00574753533
baseline,38384.586533126676
baseline,33403.991407150366
baseline,33423.99379721453
baseline,33403.991407150366
baseline,33393.99021211828
baseline,33393.99021211828
baseline,33403.991407150366
baseline,33293.97826179747
baseline,33373.98782205412
baseline,33383.9890170862
baseline,33393.99021211828
baseline,33403.991407150366
baseline,33504.00335747117
baseline,33484.00096740701
baseline,33463.99857734285
baseline,33423.99379721453
baseline,33453.997382310765
baseline,33463.99857734285
baseline,33403.991407150366
baseline,33494.002162439094
baseline,33473.99977237493
baseline,33494.002162439094
baseline,33494.002162439094
baseline,33423.99379721453
baseline,33423.99379721453
baseline,33443.99618727869
baseline,33463.99857734285
baseline,33423.99379721453
baseline,33473.99977237493
baseline,33494.002162439094
baseline,33433.994992246604
baseline,33423.99379721453
baseline,33433.994992246604
baseline,33423.99379721453
baseline,33363.98662702204
baseline,33403.991407150366
baseline,33423.99379721453
baseline,33413.99260218244
baseline,33443.99618727869
baseline,33403.991407150366
baseline,33403.991407150366
baseline,33423.99379721453
baseline,33403.991407150366
baseline,33433.994992246604
baseline,33423.99379721453
baseline,37814.51841629806
baseline,33423.99379721453
baseline,33453.997382310765
baseline,33453.997382310765
baseline,33463.99857734285
baseline,33423.99379721453
baseline,33383.9890170862
baseline,33423.99379721453
baseline,33504.00335747117
baseline,33433.994992246604
baseline,33453.997382310765
baseline,33383.9890170862
baseline,33423.99379721453
baseline,37844.5220013943
baseline,33524.00574753533
baseline,33443.99618727869
baseline,33453.997382310765
baseline,33443.99618727869
baseline,33473.99977237493
baseline,33534.006942567416
baseline,33393.99021211828
baseline,33574.01172269574
baseline,33574.01172269574
baseline,33504.00335747117
baseline,33453.997382310765
baseline,33494.002162439094
baseline,33514.004552503255
baseline,34284.09656997349
baseline,34424.11330042262
baseline,34584.132420935915
baseline,34524.12525074343
baseline,33854.045183594004
baseline,33584.01291772782
baseline,33534.006942567416
baseline,33514.004552503255
baseline,33534.006942567416
baseline,33504.00335747117
baseline,33554.00933263158
baseline,33544.0081375995
baseline,33604.01530779198
baseline,35424.232803630715
baseline,33724.029648176955
baseline,33624.01769785614
baseline,33604.01530779198
baseline,38454.59489835124
baseline,33554.00933263158
baseline,33574.01172269574
baseline,33594.0141127599
baseline,33654.02128295239
baseline,33784.03681836944
baseline,33654.02128295239
baseline,33694.02606308071
baseline,33664.022477984465
baseline,33634.01889288823
baseline,33574.01172269574
baseline,33614.016502824066
baseline,33574.01172269574
baseline,38154.559047388815
baseline,33614.016502824066
baseline,33664.022477984465
baseline,33664.022477984465
baseline,33704.027258112794
baseline,33654.02128295239
baseline,33724.029648176955
baseline,33624.01769785614
baseline,33644.020087920304
baseline,33544.0081375995
baseline,33554.00933263158
baseline,33604.01530779198
baseline,33574.01172269574
baseline,33774.03562333736
baseline,33614.016502824066
baseline,33554.00933263158
baseline,33564.01052766366
baseline,33584.01291772782
baseline,33514.004552503255
baseline,33594.0141127599
baseline,33534.006942567416
baseline,33473.99977237493
baseline,33494.002162439094
baseline,33764.03442830528
baseline,33714.02845314487
baseline,33684.02486804863
baseline,33704.027258112794
baseline,33864.04637862609
baseline,33824.041598497766
baseline,33824.041598497766
baseline,33924.05354881857
baseline,33714.02845314487
baseline,33594.0141127599
baseline,33884.04876869025
baseline,33694.02606308071
baseline,33524.00574753533
baseline,33624.01769785614
baseline,33544.0081375995
baseline,33534.006942567416
baseline,35174.202927828694
baseline,33624.01769785614
baseline,33534.006942567416
baseline,33624.01769785614
baseline,33524.00574753533
baseline,33564.01052766366
baseline,33724.029648176955
baseline,33644.020087920304
baseline,33574.01172269574
baseline,33534.006942567416
baseline,33584.01291772782
baseline,33584.01291772782
baseline,33684.02486804863
baseline,33724.029648176955
baseline,33764.03442830528
baseline,33544.0081375995
baseline,33514.004552503255
baseline,33453.997382310765
baseline,33484.00096740701
baseline,38724.627164217425
baseline,33504.00335747117
baseline,33363.98662702204
baseline,33413.99260218244
baseline,33443.99618727869
baseline,33494.002162439094
baseline,33413.99260218244
baseline,33403.991407150366
baseline,33594.0141127599
baseline,33644.020087920304
baseline,34264.09417990933
baseline,33664.022477984465
baseline,33514.004552503255
baseline,33654.02128295239
baseline,34344.10374016597
baseline,34704.14676132089
baseline,33904.05115875441
baseline,33704.027258112794
baseline,33744.032038241116
baseline,33914.052353786494
baseline,33584.01291772782
baseline,33594.0141127599
baseline,34114.07625442811
baseline,34374.107325262215
baseline,34554.12883583967
baseline,34504.122860679265
baseline,33794.03801340152
baseline,33734.03084320903
baseline,33664.022477984465
baseline,33634.01889288823
baseline,34014.0643041073
baseline,33564.01052766366
baseline,33674.02367301655
baseline,34264.09417990933
baseline,33954.057133914815
baseline,34624.13720106424
baseline,35164.20173279661
baseline,36094.31287078014
baseline,35864.285385042276
baseline,39554.72635188015
baseline,34404.11091035846
baseline,34334.102545133894
baseline,34394.109715326376
baseline,34174.0834246206
baseline,34234.09059481308
baseline,35064.1897824758
baseline,35104.19456260413
baseline,35824.280604913954
baseline,36074.310480715976
baseline,35744.271044657304
baseline,34934.17424705875
baseline,39764.75144755385
baseline,35134.198147700365
baseline,35354.22443840615
baseline,35044.18739241164
baseline,35024.185002347476
baseline,34994.18141725123
baseline,34964.177832154994
baseline,34964.177832154994
baseline,34424.11330042262
baseline,34444.11569048678
baseline,34464.11808055094
baseline,34584.132420935915
baseline,34384.1085202943
baseline,34364.10613023013
baseline,34404.11091035846
baseline,34394.109715326376
baseline,34364.10613023013
baseline,34374.107325262215
baseline,34344.10374016597
baseline,34324.10135010181
baseline,34324.10135010181
baseline,34414.11210539054
baseline,34344.10374016597
baseline,34564.130030871755
baseline,34324.10135010181
baseline,34204.08700971684
baseline,34094.07386436395
baseline,33584.01291772782
baseline,33574.01172269574
baseline,33664.022477984465
baseline,33634.01889288823
baseline,33614.016502824066
baseline,33604.01530779198
baseline,33624.01769785614
baseline,33534.006942567416
baseline,33534.006942567416
baseline,33594.0141127599
baseline,33584.01291772782
baseline,33494.002162439094
baseline,33453.997382310765
baseline,33554.00933263158
baseline,33353.98543198996
baseline,33393.99021211828
baseline,33393.99021211828
baseline,33313.98065186163
baseline,33353.98543198996
baseline,33313.98065186163
baseline,33323.981846893716
baseline,33363.98662702204
baseline,33443.99618727869
baseline,33443.99618727869
baseline,33634.01889288823
baseline,33524.00574753533
baseline,33584.01291772782
baseline,33574.01172269574
baseline,33704.027258112794
baseline,33654.02128295239
baseline,33584.01291772782
baseline,33624.01769785614
baseline,33554.00933263158
baseline,33534.006942567416
baseline,37664.50049081685
baseline,33514.004552503255
baseline,33494.002162439094
baseline,33463.99857734285
baseline,33574.01172269574
baseline,33413.99260218244
baseline,33403.991407150366
baseline,33403.991407150366
baseline,33413.99260218244
baseline,33463.99857734285
baseline,33463.99857734285
baseline,33494.002162439094
baseline,33544.0081375995
baseline,38084.55068216425
baseline,33574.01172269574
baseline,33624.01769785614
baseline,33744.032038241116
baseline,33784.03681836944
baseline,33754.0332332732
baseline,33594.0141127599
baseline,33634.01889288823
baseline,33674.02367301655
baseline,33604.01530779198
baseline,33654.02128295239
baseline,33804.0392084336
baseline,33694.02606308071
baseline,34444.11569048678
baseline,34594.133615968
baseline,33684.02486804863
baseline,33734.03084320903
baseline,33584.01291772782
baseline,33724.029648176955
baseline,33884.04876869025
baseline,33594.0141127599
baseline,33724.029648176955
baseline,33724.029648176955
baseline,33754.0332332732
baseline,33564.01052766366
baseline,34604.134811000076
baseline,34214.08820474892
baseline,38684.6223840891
baseline,34674.14317622464
baseline,34554.12883583967
baseline,33654.02128295239
baseline,33584.01291772782
baseline,33744.032038241116
baseline,33834.04279352984
baseline,33624.01769785614
baseline,34244.091789845166
baseline,34484.120470615104
baseline,34324.10135010181
baseline,34214.08820474892
baseline,34344.10374016597
baseline,34694.145566288804
baseline,35764.273434721465
baseline,35674.26267943274
baseline,34464.11808055094
baseline,38514.602068543725
baseline,34344.10374016597
baseline,34434.1144954547
baseline,34194.08581468476
baseline,34334.102545133894
baseline,34364.10613023013
baseline,34614.13600603216
baseline,34244.091789845166
baseline,35064.1897824758
baseline,35074.19097750788
baseline,35274.2148781495
baseline,36024.30450555557
baseline,35524.24475395153
baseline,35244.21129305326
baseline,35294.217268213666
baseline,35784.275824785625
baseline,35724.26865459314
baseline,35444.235193694876
baseline,39404.70842639893
baseline,34984.180222219155
baseline,34874.167076866266
baseline,34894.16946693043
baseline,34914.17185699459
baseline,34914.17185699459
baseline,35374.22682847031
baseline,35064.1897824758
baseline,35354.22443840615
baseline,35154.20053776453
baseline,35044.18739241164
baseline,35134.198147700365
baseline,39474.7167916235
baseline,35224.2089029891
baseline,35344.223243374065
baseline,35134.198147700365
baseline,35144.19934273245
baseline,35234.210098021176
baseline,35244.21129305326
baseline,35034.18619737956
baseline,34944.17544209083
baseline,35104.19456260413
baseline,35244.21129305326
baseline,34484.120470615104
baseline,34444.11569048678
baseline,34334.102545133894
baseline,34304.09896003765
baseline,34244.091789845166
baseline,34304.09896003765
baseline,34334.102545133894
baseline,34264.09417990933
baseline,34274.095374941404
baseline,34264.09417990933
baseline,34254.09298487724
baseline,34154.08103455643
baseline,34044.06788920354
baseline,34144.079839524355
baseline,34314.10015506973
baseline,33484.00096740701
baseline,33554.00933263158
baseline,33534.006942567416
baseline,33514.004552503255
baseline,33524.00574753533
baseline,33564.01052766366
baseline,33544.0081375995
baseline,33594.0141127599
baseline,33564.01052766366
baseline,33644.020087920304
baseline,33614.016502824066
baseline,33544.0081375995
baseline,33524.00574753533
baseline,33504.00335747117
baseline,33554.00933263158
baseline,33644.020087920304
baseline,33373.98782205412
baseline,33383.9890170862
baseline,33463.99857734285
baseline,33433.994992246604
baseline,33423.99379721453
baseline,33433.994992246604
baseline,33403.991407150366
baseline,33463.99857734285
baseline,33393.99021211828
baseline,33514.004552503255
baseline,33494.002162439094
baseline,33423.99379721453
baseline,33524.00574753533
baseline,33433.994992246604
baseline,33473.99977237493
baseline,33423.99379721453
baseline,33363.98662702204
baseline,33484.00096740701
baseline,33443.99618727869
baseline,33413.99260218244
baseline,33343.98423695788
baseline,33373.98782205412
baseline,33393.99021211828
baseline,33403.991407150366
baseline,33423.99379721453
baseline,33453.997382310765
baseline,33413.99260218244
baseline,33343.98423695788
baseline,33403.991407150366
baseline,33413.99260218244
baseline,33373.98782205412
baseline,33383.9890170862
baseline,33353.98543198996
baseline,33383.9890170862
baseline,33373.98782205412
baseline,33383.9890170862
baseline,33413.99260218244
baseline,33343.98423695788
baseline,33463.99857734285
baseline,33373.98782205412
baseline,33393.99021211828
baseline,33443.99618727869
baseline,33403.991407150366
baseline,33383.9890170862
baseline,33393.99021211828
baseline,33403.991407150366
baseline,33383.9890170862
baseline,33363.98662702204
baseline,33363.98662702204
baseline,33473.99977237493
baseline,33363.98662702204
baseline,37744.51005107349
baseline,33383.9890170862
baseline,33453.997382310765
baseline,33383.9890170862
baseline,33393.99021211828
baseline,33423.99379721453
baseline,33413.99260218244
baseline,33544.0081375995
baseline,33504.00335747117
baseline,33463.99857734285
baseline,33504.00335747117
baseline,33473.99977237493
baseline,33453.997382310765
baseline,33463.99857734285
baseline,37894.52797655471
baseline,33453.997382310765
baseline,33453.997382310765
baseline,33514.004552503255
baseline,33393.99021211828
baseline,33413.99260218244
baseline,33443.99618727869
baseline,33453.997382310765
baseline,33353.98543198996
baseline,33443.99618727869
baseline,33453.997382310765
baseline,33463.99857734285
baseline,33494.002162439094
baseline,33403.991407150366
baseline,33494.002162439094
baseline,33484.00096740701
baseline,33554.00933263158
baseline,33393.99021211828
baseline,33484.00096740701
baseline,33564.01052766366
baseline,33544.0081375995
baseline,33514.004552503255
baseline,33504.00335747117
baseline,33453.997382310765
baseline,33433.994992246604
baseline,33504.00335747117
baseline,35324.220853309904
baseline,33463.99857734285
baseline,39184.682135693154
baseline,33484.00096740701
baseline,33614.016502824066
baseline,33674.02367301655
baseline,33594.0141127599
baseline,33554.00933263158
baseline,33534.006942567416
baseline,33524.00574753533
baseline,33554.00933263158
baseline,33654.02128295239
baseline,33544.0081375995
baseline,33453.997382310765
baseline,33494.002162439094
baseline,33514.004552503255
baseline,33453.997382310765
baseline,33463.99857734285
baseline,33564.01052766366
baseline,34454.116885518866
baseline,35014.1838073154
baseline,34864.16588183418
baseline,34934.17424705875
baseline,34454.116885518866
baseline,33864.04637862609
baseline,33634.01889288823
baseline,33634.01889288823
baseline,33574.01172269574
baseline,33664.022477984465
baseline,33574.01172269574
baseline,33604.01530779198
baseline,33534.006942567416
baseline,33564.01052766366
baseline,33564.01052766366
baseline,33574.01172269574
baseline,33494.002162439094
baseline,33644.020087920304
baseline,33614.016502824066
baseline,33694.02606308071
baseline,33674.02367301655
baseline,33684.02486804863
baseline,33634.01889288823
baseline,33634.01889288823
baseline,33614.016502824066
baseline,33604.01530779198
baseline,33904.05115875441
baseline,34024.06549913938
baseline,34114.07625442811
baseline,34344.10374016597
baseline,34774.155126545455
baseline,35194.205317892855
baseline,34824.16110170586
baseline,33984.06071901106
baseline,33894.04996372233
baseline,33924.05354881857
baseline,33844.04398856193
baseline,33904.05115875441
baseline,33944.05593888273
baseline,33934.054743850655
baseline,33914.052353786494
baseline,33904.05115875441
baseline,33944.05593888273
baseline,33904.05115875441
baseline,33954.057133914815
baseline,33794.03801340152
baseline,33994.06191404314
baseline,33744.032038241116
baseline,33674.02367301655
baseline,33654.02128295239
baseline,35244.21129305326
baseline,33664.022477984465
baseline,33614.016502824066
baseline,33634.01889288823
baseline,33604.01530779198
baseline,33664.022477984465
baseline,33614.016502824066
baseline,33594.0141127599
baseline,33644.020087920304
baseline,33704.027258112794
baseline,33854.045183594004
baseline,33784.03681836944
baseline,33694.02606308071
baseline,33614.016502824066
baseline,33684.02486804863
baseline,33684.02486804863
baseline,33634.01889288823
baseline,33774.03562333736
baseline,33754.0332332732
baseline,33674.02367301655
baseline,33624.01769785614
baseline,33714.02845314487
baseline,33624.01769785614
baseline,33604.01530779198
baseline,33574.01172269574
baseline,33504.00335747117
baseline,33514.004552503255
baseline,33604.01530779198
baseline,33634.01889288823
baseline,33594.0141127599
baseline,33554.00933263158
baseline,33574.01172269574
baseline,33614.016502824066
baseline,33604.01530779198
baseline,33634.01889288823
baseline,33614.016502824066
baseline,33594.0141127599
baseline,33524.00574753533
baseline,33554.00933263158
baseline,33524.00574753533
baseline,33654.02128295239
baseline,33634.01889288823
baseline,33674.02367301655
baseline,33594.0141127599
baseline,33624.01769785614
baseline,33654.02128295239
baseline,38124.55546229257
baseline,33654.02128295239
baseline,33674.02367301655
baseline,33534.006942567416
baseline,33554.00933263158
baseline,33594.0141127599
baseline,33594.0141127599
baseline,33604.01530779198
baseline,33784.03681836944
baseline,34084.072669331865
baseline,33574.01172269574
baseline,33844.04398856193
baseline,33924.05354881857
baseline,33854.045183594004
baseline,33754.0332332732
baseline,34344.10374016597
baseline,34804.1587116417
baseline,34154.08103455643
baseline,33664.022477984465
baseline,34614.13600603216
baseline,34994.18141725123
baseline,34084.072669331865
baseline,34014.0643041073
baseline,34054.06908423563
baseline,34064.070279267704
baseline,33804.0392084336
baseline,33754.0332332732
baseline,33694.02606308071
baseline,33724.029648176955
baseline,34274.095374941404
baseline,34574.13122590383
baseline,34574.13122590383
baseline,34484.120470615104
baseline,34984.180222219155
baseline,35354.22443840615
baseline,36114.3152608443
baseline,36174.32243103679
baseline,35824.280604913954
baseline,36184.323626068865
baseline,35774.27462975355
baseline,39454.71440155934
baseline,34734.15034641713
baseline,34634.13839609632
baseline,34714.147956352965
baseline,35054.18858744372
baseline,34934.17424705875
baseline,35144.19934273245
baseline,35714.26745956106
baseline,34934.17424705875
baseline,35054.18858744372
baseline,34894.16946693043
baseline,35024.185002347476
baseline,35644.25909433649
baseline,35064.1897824758
baseline,35024.185002347476
baseline,35724.26865459314
baseline,36274.33438135759
baseline,36374.346331678404
baseline,35454.23638872696
baseline,35224.2089029891
baseline,35194.205317892855
baseline,35054.18858744372
baseline,35154.20053776453
baseline,35054.18858744372
baseline,35004.182612283315
baseline,35064.1897824758
baseline,35084.192172539966
baseline,35794.27701981771
baseline,35344.223243374065
baseline,35314.21965827783
baseline,35184.20412286077
baseline,35244.21129305326
baseline,35184.20412286077
baseline,35004.182612283315
baseline,34864.16588183418
baseline,35114.195757636204
baseline,35474.23877879112
baseline,34754.152736481294
baseline,34404.11091035846
baseline,34324.10135010181
baseline,34244.091789845166
baseline,34434.1144954547
baseline,34464.11808055094
baseline,38804.636724474076
baseline,34194.08581468476
baseline,34194.08581468476
baseline,34824.16110170586
baseline,34164.082229588515
baseline,33604.01530779198
baseline,33594.0141127599
baseline,33584.01291772782
baseline,33594.0141127599
baseline,33774.03562333736
baseline,33644.020087920304
baseline,33614.016502824066
baseline,33564.01052766366
baseline,33704.027258112794
baseline,33654.02128295239
baseline,33584.01291772782
baseline,33584.01291772782
baseline,33504.00335747117
baseline,33494.002162439094
baseline,33363.98662702204
baseline,33333.9830419258
baseline,33363.98662702204
baseline,33333.9830419258
baseline,33313.98065186163
baseline,33393.99021211828
baseline,33393.99021211828
baseline,33373.98782205412
baseline,33383.9890170862
baseline,33343.98423695788
baseline,33373.98782205412
baseline,33353.98543198996
baseline,33313.98065186163
baseline,33343.98423695788
baseline,33313.98065186163
baseline,33353.98543198996
baseline,33293.97826179747
baseline,33313.98065186163
baseline,33293.97826179747
baseline,33333.9830419258
baseline,33383.9890170862
baseline,33283.977066765394
baseline,34984.180222219155
baseline,33373.98782205412
baseline,33383.9890170862
baseline,33303.979456829555
baseline,33393.99021211828
baseline,33313.98065186163
baseline,33293.97826179747
baseline,33353.98543198996
baseline,33313.98065186163
baseline,33373.98782205412
baseline,33323.981846893716
baseline,33413.99260218244
baseline,33353.98543198996
baseline,33343.98423695788
baseline,33343.98423695788
baseline,33303.979456829555
baseline,37984.53873184344
baseline,33403.991407150366
baseline,33423.99379721453
baseline,33403.991407150366
baseline,33323.981846893716
baseline,33393.99021211828
baseline,33323.981846893716
baseline,33313.98065186163
baseline,33323.981846893716
baseline,33343.98423695788
baseline,33273.97587173331
baseline,33333.9830419258
baseline,33273.97587173331
baseline,33383.9890170862
baseline,33283.977066765394
baseline,33323.981846893716
baseline,33303.979456829555
baseline,33273.97587173331
baseline,33273.97587173331
baseline,33343.98423695788
baseline,33373.98782205412
baseline,33353.98543198996
baseline,33323.981846893716
baseline,33383.9890170862
baseline,33323.981846893716
baseline,33323.981846893716
baseline,33383.9890170862
baseline,33333.9830419258
baseline,33283.977066765394
baseline,33403.991407150366
baseline,33353.98543198996
baseline,33333.9830419258
baseline,33363.98662702204
baseline,33333.9830419258
baseline,33303.979456829555
baseline,33353.98543198996
baseline,33323.981846893716
baseline,33303.979456829555
baseline,38794.63552944199
baseline,33373.98782205412
baseline,33333.9830419258
baseline,33323.981846893716
baseline,33353.98543198996
baseline,33333.9830419258
baseline,33413.99260218244
baseline,33343.98423695788
baseline,33333.9830419258
baseline,33403.991407150366
baseline,33413.99260218244
baseline,33413.99260218244
baseline,33413.99260218244
baseline,33393.99021211828
baseline,33333.9830419258
baseline,38034.54470700384
baseline,33393.99021211828
baseline,33333.9830419258
baseline,33353.98543198996
baseline,33353.98543198996
baseline,33333.9830419258
baseline,33343.98423695788
baseline,33353.98543198996
baseline,33333.9830419258
baseline,33403.991407150366
baseline,33353.98543198996
baseline,33544.0081375995
baseline,33333.9830419258
baseline,33373.98782205412
baseline,33363.98662702204
baseline,33313.98065186163
baseline,33403.991407150366
baseline,33423.99379721453
baseline,33373.98782205412
baseline,33363.98662702204
baseline,33393.99021211828
baseline,33423.99379721453
baseline,33443.99618727869
baseline,33433.994992246604
baseline,33494.002162439094
baseline,33363.98662702204
baseline,33403.991407150366
baseline,33413.99260218244
baseline,33413.99260218244
baseline,33413.99260218244
baseline,33343.98423695788
baseline,33473.99977237493
baseline,33413.99260218244
baseline,33433.994992246604
baseline,33393.99021211828
baseline,33403.991407150366
baseline,33363.98662702204
baseline,33363.98662702204
baseline,33413.99260218244
baseline,33473.99977237493
baseline,33413.99260218244
baseline,33323.981846893716
baseline,33393.99021211828
baseline,33433.994992246604
baseline,37844.5220013943
baseline,33423.99379721453
baseline,33413.99260218244
baseline,33433.994992246604
baseline,33403.991407150366
baseline,33443.99618727869
baseline,33343.98423695788
baseline,33403.991407150366
baseline,33343.98423695788
baseline,33363.98662702204
baseline,33403.991407150366
baseline,33413.99260218244
baseline,33393.99021211828
baseline,33363.98662702204
baseline,33413.99260218244
baseline,33433.994992246604
baseline,37984.53873184344
baseline,33323.981846893716
baseline,33413.99260218244
baseline,33363.98662702204
baseline,33373.98782205412
baseline,33383.9890170862
baseline,33484.00096740701
baseline,33473.99977237493
baseline,33393.99021211828
baseline,33363.98662702204
baseline,33393.99021211828
baseline,33484.00096740701
baseline,33383.9890170862
baseline,33373.98782205412
baseline,33443.99618727869
baseline,33393.99021211828
baseline,33343.98423695788
baseline,37734.508856041415
baseline,33363.98662702204
baseline,33383.9890170862
baseline,33353.98543198996
baseline,33383.9890170862
baseline,33423.99379721453
baseline,33353.98543198996
baseline,33363.98662702204
baseline,33363.98662702204
baseline,33303.979456829555
baseline,33544.0081375995
baseline,33373.98782205412
baseline,37814.51841629806
baseline,33343.98423695788
baseline,33403.991407150366
baseline,33353.98543198996
baseline,33463.99857734285
baseline,33413.99260218244
baseline,33343.98423695788
baseline,33323.981846893716
baseline,33333.9830419258
baseline,33403.991407150366
baseline,33343.98423695788
baseline,33363.98662702204
baseline,33373.98782205412
baseline,33353.98543198996
baseline,37584.4909305602
baseline,33433.994992246604
baseline,33383.9890170862
baseline,33333.9830419258
baseline,33333.9830419258
baseline,33393.99021211828
baseline,33373.98782205412
baseline,33363.98662702204
baseline,33443.99618727869
baseline,33343.98423695788
baseline,33463.99857734285
baseline,33473.99977237493
baseline,33393.99021211828
baseline,33403.991407150366
baseline,33463.99857734285
baseline,33473.99977237493
baseline,33423.99379721453
baseline,33383.9890170862
baseline,33393.99021211828
baseline,33373.98782205412
baseline,33443.99618727869
baseline,33353.98543198996
baseline,33413.99260218244
baseline,33393.99021211828
baseline,33383.9890170862
baseline,33383.9890170862
baseline,33303.979456829555
baseline,33363.98662702204
baseline,33363.98662702204
baseline,33353.98543198996
baseline,37854.52319642639
baseline,33413.99260218244
baseline,33443.99618727869
baseline,33413.99260218244
baseline,33353.98543198996
baseline,33353.98543198996
baseline,33343.98423695788
baseline,33393.99021211828
baseline,33443.99618727869
baseline,33293.97826179747
baseline,33393.99021211828
baseline,33373.98782205412
baseline,33363.98662702204
baseline,33363.98662702204
baseline,33363.98662702204
baseline,37704.50527094517
baseline,33403.991407150366
baseline,33383.9890170862
baseline,33343.98423695788
baseline,33393.99021211828
baseline,33423.99379721453
baseline,33363.98662702204
baseline,33363.98662702204
baseline,33403.991407150366
baseline,33544.0081375995
baseline,33534.006942567416
baseline,33453.997382310765
baseline,33443.99618727869
baseline,33453.997382310765
baseline,33443.99618727869
baseline,33433.994992246604
baseline,33393.99021211828
baseline,33373.98782205412
baseline,33383.9890170862
baseline,33403.991407150366
baseline,33403.991407150366
baseline,33353.98543198996
baseline,33383.9890170862
baseline,33453.997382310765
baseline,33363.98662702204
baseline,33403.991407150366
baseline,33363.98662702204
baseline,33353.98543198996
baseline,33433.994992246604
baseline,33413.99260218244
baseline,33393.99021211828
baseline,33473.99977237493
baseline,33584.01291772782
baseline,33433.994992246604
baseline,33504.00335747117
baseline,33453.997382310765
baseline,33473.99977237493
baseline,33463.99857734285
baseline,33463.99857734285
baseline,33403.991407150366
baseline,33443.99618727869
baseline,33463.99857734285
baseline,33433.994992246604
baseline,33443.99618727869
baseline,33574.01172269574
baseline,33453.997382310765
baseline,33504.00335747117
baseline,33494.002162439094
baseline,33443.99618727869
baseline,33524.00574753533
baseline,33413.99260218244
baseline,33463.99857734285
baseline,33524.00574753533
baseline,37764.51244113766
baseline,33504.00335747117
baseline,33554.00933263158
baseline,33494.002162439094
baseline,33443.99618727869
baseline,33473.99977237493
baseline,33504.00335747117
baseline,33403.991407150366
baseline,33423.99379721453
baseline,33433.994992246604
baseline,33423.99379721453
baseline,33393.99021211828
baseline,33353.98543198996
baseline,33433.994992246604
baseline,33403.991407150366
baseline,33473.99977237493
baseline,34794.157516609615
baseline,33834.04279352984
baseline,33584.01291772782
baseline,33584.01291772782
baseline,33473.99977237493
baseline,33544.0081375995
baseline,33484.00096740701
baseline,33494.002162439094
baseline,33443.99618727869
baseline,33504.00335747117
baseline,33484.00096740701
baseline,33514.004552503255
baseline,33423.99379721453
baseline,37684.50288088101
baseline,33514.004552503255
baseline,33494.002162439094
baseline,33514.004552503255
baseline,33484.00096740701
baseline,33463.99857734285
baseline,33473.99977237493
baseline,33534.006942567416
baseline,33484.00096740701
baseline,33544.0081375995
baseline,33524.00574753533
baseline,33564.01052766366
baseline,33584.01291772782
baseline,33614.016502824066
baseline,35244.21129305326
baseline,33544.0081375995
baseline,33514.004552503255
baseline,33544.0081375995
baseline,39184.682135693154
baseline,33634.01889288823
baseline,33584.01291772782
baseline,33594.0141127599
baseline,33584.01291772782
baseline,33554.00933263158
baseline,33514.004552503255
baseline,33463.99857734285
baseline,33514.004552503255
baseline,33504.00335747117
baseline,33494.002162439094
baseline,33463.99857734285
baseline,33494.002162439094
baseline,33494.002162439094
baseline,33473.99977237493
baseline,33524.00574753533
baseline,33504.00335747117
baseline,33504.00335747117
baseline,33544.0081375995
baseline,33473.99977237493
baseline,33453.997382310765
baseline,33463.99857734285
baseline,33453.997382310765
baseline,33494.002162439094
baseline,33504.00335747117
baseline,33694.02606308071
baseline,33634.01889288823
baseline,33644.020087920304
baseline,33644.020087920304
baseline,33714.02845314487
baseline,33634.01889288823
baseline,33594.0141127599
baseline,33524.00574753533
baseline,33654.02128295239
baseline,33423.99379721453
baseline,33554.00933263158
baseline,33494.002162439094
baseline,33473.99977237493
baseline,33453.997382310765
baseline,33684.02486804863
baseline,33644.020087920304
baseline,33473.99977237493
baseline,33433.994992246604
baseline,33484.00096740701
baseline,33494.002162439094
baseline,33554.00933263158
baseline,33584.01291772782
baseline,33443.99618727869
baseline,33674.02367301655
baseline,33514.004552503255
baseline,33473.99977237493
baseline,33724.029648176955
baseline,33574.01172269574
baseline,33594.0141127599
baseline,33614.016502824066
baseline,33774.03562333736
baseline,33604.01530779198
baseline,35194.205317892855
baseline,33484.00096740701
baseline,33433.994992246604
baseline,33413.99260218244
baseline,38644.61760396078
baseline,33494.002162439094
baseline,33654.02128295239
baseline,33594.0141127599
baseline,33634.01889288823
baseline,33784.03681836944
baseline,34024.06549913938
baseline,34394.109715326376
baseline,33604.01530779198
baseline,33744.032038241116
baseline,33574.01172269574
baseline,34104.07505939603
baseline,34234.09059481308
baseline,34564.130030871755
baseline,34494.12166564719
baseline,33684.02486804863
baseline,33714.02845314487
baseline,33624.01769785614
baseline,33824.041598497766
baseline,33744.032038241116
baseline,33604.01530779198
baseline,33524.00574753533
baseline,33604.01530779198
baseline,33734.03084320903
baseline,34034.066694171466
baseline,34244.091789845166
baseline,34034.066694171466
baseline,34854.1646868021
baseline,34604.134811000076
baseline,34124.077449460194
baseline,34164.082229588515
baseline,34194.08581468476
baseline,34194.08581468476
baseline,34144.079839524355
baseline,34604.134811000076
baseline,34234.09059481308
baseline,34154.08103455643
baseline,34024.06549913938
baseline,35294.217268213666
baseline,35164.20173279661
baseline,34794.157516609615
baseline,34564.130030871755
baseline,34584.132420935915
baseline,34824.16110170586
baseline,35024.185002347476
baseline,34794.157516609615
baseline,35414.23160859863
baseline,39324.69886614229
baseline,34714.147956352965
baseline,35304.21846324574
baseline,35084.192172539966
baseline,34744.15154144921
baseline,34444.11569048678
baseline,34444.11569048678
baseline,35634.257899304415
baseline,35024.185002347476
baseline,35054.18858744372
baseline,35104.19456260413
baseline,35214.207707957015
baseline,35164.20173279661
baseline,35204.20651292493
baseline,35174.202927828694
baseline,35184.20412286077
baseline,35324.220853309904
baseline,40454.83390476743
baseline,35184.20412286077
baseline,35194.205317892855
baseline,35204.20651292493
baseline,35274.2148781495
baseline,35364.22563343823
baseline,35304.21846324574
baseline,35134.198147700365
baseline,34414.11210539054
baseline,34384.1085202943
baseline,34384.1085202943
baseline,34424.11330042262
baseline,39034.66421021194
baseline,34374.107325262215
baseline,34404.11091035846
baseline,34404.11091035846
baseline,34424.11330042262
baseline,34474.11927558303
baseline,34384.1085202943
baseline,34204.08700971684
baseline,34194.08581468476
baseline,33654.02128295239
baseline,33614.016502824066
baseline,33644.020087920304
baseline,33684.02486804863
baseline,33664.022477984465
baseline,33704.027258112794
baseline,33694.02606308071
baseline,33674.02367301655
baseline,33674.02367301655
baseline,33644.020087920304
baseline,33684.02486804863
baseline,33654.02128295239
baseline,33634.01889288823
baseline,33684.02486804863
baseline,33494.002162439094
baseline,33413.99260218244
baseline,33574.01172269574
baseline,33353.98543198996
baseline,33323.981846893716
baseline,33353.98543198996
baseline,33343.98423695788
baseline,33333.9830419258
baseline,33333.9830419258
baseline,33433.994992246604
baseline,33423.99379721453
baseline,33323.981846893716
baseline,33303.979456829555
baseline,33343.98423695788
baseline,33263.97467670123
baseline,33283.977066765394
baseline,33283.977066765394
baseline,33343.98423695788
baseline,33353.98543198996
baseline,33433.994992246604
baseline,33433.994992246604
baseline,33494.002162439094
baseline,33393.99021211828
baseline,33453.997382310765
baseline,33413.99260218244
baseline,33393.99021211828
baseline,33383.9890170862
baseline,33393.99021211828
baseline,33343.98423695788
baseline,33343.98423695788
baseline,33363.98662702204
baseline,33393.99021211828
baseline,33403.991407150366
baseline,33433.994992246604
baseline,33383.9890170862
baseline,33413.99260218244
baseline,33383.9890170862
baseline,33423.99379721453
baseline,33494.002162439094
baseline,33433.994992246604
baseline,33373.98782205412
baseline,33413.99260218244
baseline,33403.991407150366
baseline,33453.997382310765
baseline,33423.99379721453
baseline,33413.99260218244
baseline,33393.99021211828
baseline,33403.991407150366
baseline,33463.99857734285
baseline,33463.99857734285
baseline,33393.99021211828
baseline,33393.99021211828
baseline,33413.99260218244
baseline,33343.98423695788
baseline,33664.022477984465
baseline,33443.99618727869
baseline,33393.99021211828
baseline,33403.991407150366
baseline,33433.994992246604
baseline,33393.99021211828
baseline,33403.991407150366
baseline,33383.9890170862
baseline,33443.99618727869
baseline,33403.991407150366
baseline,33403.991407150366
baseline,33363.98662702204
baseline,33373.98782205412
baseline,33443.99618727869
baseline,33353.98543198996
baseline,33383.9890170862
baseline,33373.98782205412
baseline,33373.98782205412
baseline,33453.997382310765
baseline,33433.994992246604
baseline,33514.004552503255
baseline,33443.99618727869
baseline,33383.9890170862
baseline,33323.981846893716
baseline,33383.9890170862
baseline,33343.98423695788
baseline,33343.98423695788
baseline,33403.991407150366
baseline,33363.98662702204
baseline,33363.98662702204
baseline,33393.99021211828
baseline,33443.99618727869
baseline,33413.99260218244
baseline,33373.98782205412
baseline,33363.98662702204
baseline,33403.991407150366
baseline,33413.99260218244
baseline,33373.98782205412
baseline,33443.99618727869
baseline,33453.997382310765
baseline,33363.98662702204
baseline,33393.99021211828
baseline,33383.9890170862
baseline,33473.99977237493
baseline,33403.991407150366
baseline,33373.98782205412
baseline,33373.98782205412
baseline,33373.98782205412
baseline,33403.991407150366
baseline,33353.98543198996
baseline,33383.9890170862
baseline,33373.98782205412
baseline,33363.98662702204
baseline,33373.98782205412
baseline,33473.99977237493
baseline,33453.997382310765
baseline,33323.981846893716
baseline,33333.9830419258
baseline,33293.97826179747
baseline,33333.9830419258
baseline,33313.98065186163
baseline,33313.98065186163
baseline,33303.979456829555
baseline,33333.9830419258
baseline,33343.98423695788
baseline,33283.977066765394
baseline,33303.979456829555
baseline,33323.981846893716
baseline,33293.97826179747
baseline,33303.979456829555
baseline,33313.98065186163
baseline,33323.981846893716
baseline,33383.9890170862
baseline,33323.981846893716
baseline,33403.991407150366
baseline,33353.98543198996
baseline,33403.991407150366
baseline,33393.99021211828
baseline,38224.56741261338
baseline,33383.9890170862
baseline,33343.98423695788
baseline,33403.991407150366
baseline,33413.99260218244
baseline,33323.981846893716
baseline,33413.99260218244
baseline,33353.98543198996
baseline,33383.9890170862
baseline,33373.98782205412
baseline,33333.9830419258
baseline,33383.9890170862
baseline,33443.99618727869
baseline,33443.99618727869
baseline,33494.002162439094
baseline,33413.99260218244
baseline,33453.997382310765
baseline,33463.99857734285
baseline,33433.994992246604
baseline,33423.99379721453
baseline,33383.9890170862
baseline,33383.9890170862
baseline,33413.99260218244
baseline,33383.9890170862
baseline,33393.99021211828
baseline,37734.508856041415
baseline,33413.99260218244
baseline,33453.997382310765
baseline,33413.99260218244
baseline,33403.991407150366
baseline,33393.99021211828
baseline,33393.99021211828
baseline,33363.98662702204
baseline,33403.991407150366
baseline,33403.991407150366
baseline,33453.997382310765
baseline,33453.997382310765
baseline,33423.99379721453
baseline,37684.50288088101
baseline,33403.991407150366
baseline,33433.994992246604
baseline,33363.98662702204
baseline,33443.99618727869
baseline,33363.98662702204
baseline,33363.98662702204
baseline,33373.98782205412
baseline,33373.98782205412
baseline,33353.98543198996
baseline,33363.98662702204
baseline,33373.98782205412
baseline,33353.98543198996
baseline,33373.98782205412
baseline,33413.99260218244
baseline,33383.9890170862
baseline,38324.579362934186
baseline,33363.98662702204
baseline,33463.99857734285
baseline,33403.991407150366
baseline,33413.99260218244
baseline,33383.9890170862
baseline,33353.98543198996
baseline,33484.00096740701
baseline,33383.9890170862
baseline,33373.98782205412
baseline,33494.002162439094
baseline,33363.98662702204
baseline,33333.9830419258
baseline,33363.98662702204
baseline,33383.9890170862
baseline,33293.97826179747
baseline,33403.991407150366
baseline,33343.98423695788
baseline,33423.99379721453
baseline,33343.98423695788
baseline,33373.98782205412
baseline,33333.9830419258
baseline,33343.98423695788
baseline,33313.98065186163
baseline,33433.994992246604
baseline,33303.979456829555
baseline,33323.981846893716
baseline,33393.99021211828
baseline,33413.99260218244
baseline,33484.00096740701
baseline,33423.99379721453
baseline,33373.98782205412
baseline,33373.98782205412
baseline,33443.99618727869
baseline,33413.99260218244
baseline,33343.98423695788
baseline,33313.98065186163
baseline,33403.991407150366
baseline,33373.98782205412
baseline,33353.98543198996
baseline,33323.981846893716
baseline,33303.979456829555
baseline,33373.98782205412
baseline,41644.976113585064
baseline,33393.99021211828
baseline,33393.99021211828
baseline,33363.98662702204
baseline,33373.98782205412
baseline,33373.98782205412
baseline,33423.99379721453
baseline,33453.997382310765
baseline,33463.99857734285
baseline,33413.99260218244
baseline,33333.9830419258
baseline,33413.99260218244
baseline,33343.98423695788
baseline,33443.99618727869
baseline,35274.2148781495
baseline,33383.9890170862
baseline,33393.99021211828
baseline,38664.61999402494
baseline,33423.99379721453
baseline,33494.002162439094
baseline,33463.99857734285
baseline,33423.99379721453
baseline,33343.98423695788
baseline,33313.98065186163
baseline,33303.979456829555
baseline,33303.979456829555
baseline,33313.98065186163
baseline,33343.98423695788
baseline,33413.99260218244
baseline,33373.98782205412
baseline,33433.994992246604
baseline,33303.979456829555
baseline,37924.531561650954
baseline,33453.997382310765
baseline,33343.98423695788
baseline,33373.98782205412
baseline,33473.99977237493
baseline,33473.99977237493
baseline,33403.991407150366
baseline,33373.98782205412
baseline,33423.99379721453
baseline,33343.98423695788
baseline,33413.99260218244
baseline,33423.99379721453
baseline,33353.98543198996
baseline,33403.991407150366
baseline,33343.98423695788
baseline,33383.9890170862
baseline,33353.98543198996
baseline,33303.979456829555
baseline,33353.98543198996
baseline,33343.98423695788
baseline,33373.98782205412
baseline,33333.9830419258
baseline,33393.99021211828
baseline,33363.98662702204
baseline,33343.98423695788
baseline,33393.99021211828
baseline,33323.981846893716
baseline,33363.98662702204
baseline,33333.9830419258
baseline,33383.9890170862
baseline,33373.98782205412
baseline,33313.98065186163
baseline,33333.9830419258
baseline,33343.98423695788
baseline,33413.99260218244
baseline,33413.99260218244
baseline,33453.997382310765
baseline,33413.99260218244
baseline,33373.98782205412
baseline,33353.98543198996
baseline,33373.98782205412
baseline,33363.98662702204
baseline,33393.99021211828
baseline,33363.98662702204
baseline,33393.99021211828
baseline,33323.981846893716
baseline,33353.98543198996
baseline,33373.98782205412
baseline,33313.98065186163
baseline,33423.99379721453
baseline,33363.98662702204
baseline,33383.9890170862
baseline,33363.98662702204
baseline,33313.98065186163
baseline,33343.98423695788
baseline,33383.9890170862
baseline,33293.97826179747
baseline,33313.98065186163
baseline,33343.98423695788
baseline,33413.99260218244
baseline,33393.99021211828
baseline,33363.98662702204
baseline,33383.9890170862
baseline,33393.99021211828
baseline,33353.98543198996
baseline,33343.98423695788
baseline,33433.994992246604
baseline,33373.98782205412
baseline,33393.99021211828
baseline,33343.98423695788
baseline,33323.981846893716
baseline,33353.98543198996
baseline,33413.99260218244
baseline,33473.99977237493
baseline,33413.99260218244
baseline,33393.99021211828
baseline,33494.002162439094
baseline,33413.99260218244
baseline,33413.99260218244
baseline,33373.98782205412
baseline,33433.994992246604
baseline,33433.994992246604
baseline,33353.98543198996
baseline,33433.994992246604
baseline,33333.9830419258
baseline,33373.98782205412
baseline,33373.98782205412
baseline,33373.98782205412
baseline,33494.002162439094
baseline,33393.99021211828
baseline,33333.9830419258
baseline,33443.99618727869
baseline,33504.00335747117
baseline,33433.994992246604
baseline,33393.99021211828
baseline,33433.994992246604
baseline,33403.991407150366
baseline,33443.99618727869
baseline,33504.00335747117
baseline,35174.202927828694
baseline,33494.002162439094
baseline,33473.99977237493
baseline,33463.99857734285
baseline,33433.994992246604
baseline,33473.99977237493
baseline,33554.00933263158
baseline,33463.99857734285
baseline,33423.99379721453
baseline,33423.99379721453
baseline,33353.98543198996
baseline,33484.00096740701
baseline,33403.991407150366
baseline,33484.00096740701
baseline,33413.99260218244
baseline,33413.99260218244
baseline,33453.997382310765
baseline,33393.99021211828
baseline,33433.994992246604
baseline,33473.99977237493
baseline,37934.53275668303
baseline,33433.994992246604
baseline,33393.99021211828
baseline,33433.994992246604
baseline,33453.997382310765
baseline,33484.00096740701
baseline,33453.997382310765
baseline,33433.994992246604
baseline,33433.994992246604
baseline,33373.98782205412
baseline,33423.99379721453
baseline,33413.99260218244
baseline,33353.98543198996
baseline,33393.99021211828
baseline,33473.99977237493
baseline,33383.9890170862
baseline,37714.506465977254
baseline,33423.99379721453
baseline,33494.002162439094
baseline,33403.991407150366
baseline,33333.9830419258
baseline,33393.99021211828
baseline,33393.99021211828
baseline,33383.9890170862
baseline,33463.99857734285
baseline,33453.997382310765
baseline,33413.99260218244
baseline,33494.002162439094
baseline,33423.99379721453
baseline,33403.991407150366
baseline,33473.99977237493
baseline,33393.99021211828
baseline,33373.98782205412
baseline,33403.991407150366
baseline,33323.981846893716
baseline,33373.98782205412
baseline,33443.99618727869
baseline,33363.98662702204
baseline,33433.994992246604
baseline,33373.98782205412
baseline,33373.98782205412
baseline,33433.994992246604
baseline,33524.00574753533
baseline,33403.991407150366
baseline,33393.99021211828
baseline,33463.99857734285
baseline,33423.99379721453
baseline,33413.99260218244
baseline,33373.98782205412
baseline,33333.9830419258
baseline,33333.9830419258
baseline,33403.991407150366
baseline,33363.98662702204
baseline,33353.98543198996
baseline,33363.98662702204
baseline,33353.98543198996
baseline,33383.9890170862
baseline,33443.99618727869
baseline,33323.981846893716
baseline,33413.99260218244
baseline,33403.991407150366
baseline,33343.98423695788
baseline,33443.99618727869
baseline,33433.994992246604
baseline,33363.98662702204
baseline,33313.98065186163
baseline,33413.99260218244
baseline,33363.98662702204
baseline,33383.9890170862
baseline,33393.99021211828
baseline,33423.99379721453
baseline,33383.9890170862
baseline,33383.9890170862
baseline,33383.9890170862
baseline,33383.9890170862
baseline,33383.9890170862
baseline,33323.981846893716
baseline,33303.979456829555
baseline,33413.99260218244
baseline,37704.50527094517
baseline,33393.99021211828
baseline,33323.981846893716
baseline,33373.98782205412
baseline,33383.9890170862
baseline,33373.98782205412
baseline,33343.98423695788
baseline,33413.99260218244
baseline,33393.99021211828
baseline,33333.9830419258
baseline,33363.98662702204
baseline,33323.981846893716
baseline,33363.98662702204
baseline,33403.991407150366
baseline,33393.99021211828
baseline,33323.981846893716
baseline,33373.98782205412
baseline,33303.979456829555
baseline,33333.9830419258
baseline,33333.9830419258
baseline,33393.99021211828
baseline,33383.9890170862
baseline,33413.99260218244
baseline,33393.99021211828
baseline,33383.9890170862
baseline,33333.9830419258
baseline,33333.9830419258
baseline,33323.981846893716
baseline,33353.98543198996
baseline,33393.99021211828
baseline,33353.98543198996
baseline,33363.98662702204
baseline,33353.98543198996
baseline,35594.25311917609
baseline,33293.97826179747
baseline,33393.99021211828
baseline,33423.99379721453
baseline,33403.991407150366
baseline,33473.99977237493
baseline,33484.00096740701
baseline,33433.994992246604
baseline,33413.99260218244
baseline,33423.99379721453
baseline,33453.997382310765
baseline,33484.00096740701
baseline,33433.994992246604
baseline,33443.99618727869
baseline,33443.99618727869
baseline,33383.9890170862
baseline,33413.99260218244
baseline,33343.98423695788
baseline,33303.979456829555
baseline,33363.98662702204
baseline,33353.98543198996
baseline,33373.98782205412
baseline,33443.99618727869
baseline,33453.997382310765
baseline,33423.99379721453
baseline,33443.99618727869
baseline,33393.99021211828
baseline,33363.98662702204
baseline,33423.99379721453
baseline,33423.99379721453
baseline,33433.994992246604
baseline,33443.99618727869
baseline,33574.01172269574
baseline,33534.006942567416
baseline,33654.02128295239
baseline,33644.020087920304
baseline,33473.99977237493
baseline,33484.00096740701
baseline,37774.51363616974
baseline,33453.997382310765
baseline,33453.997382310765
baseline,33423.99379721453
baseline,33614.016502824066
baseline,34354.104935198055
baseline,34944.17544209083
baseline,34774.155126545455
baseline,34624.13720106424
baseline,34384.1085202943
baseline,33534.006942567416
baseline,35454.23638872696
baseline,33494.002162439094
baseline,33484.00096740701
baseline,33453.997382310765
baseline,33504.00335747117
baseline,33544.0081375995
baseline,33564.01052766366
baseline,33534.006942567416
baseline,33564.01052766366
baseline,34564.130030871755
baseline,34114.07625442811
baseline,34184.084619652676
baseline,34044.06788920354
baseline,34094.07386436395
baseline,34104.07505939603
baseline,34104.07505939603
baseline,38614.61401886454
baseline,34134.07864449227
baseline,34064.070279267704
baseline,34084.072669331865
baseline,34074.07147429979
baseline,34114.07625442811
baseline,34104.07505939603
baseline,33874.047573658165
baseline,33854.045183594004
baseline,33463.99857734285
baseline,33353.98543198996
baseline,33403.991407150366
baseline,33403.991407150366
baseline,33363.98662702204
baseline,33283.977066765394
baseline,33343.98423695788
baseline,33363.98662702204
baseline,33343.98423695788
baseline,33393.99021211828
baseline,33363.98662702204
baseline,33463.99857734285
baseline,33333.9830419258
baseline,33243.972286637065
baseline,33303.979456829555
baseline,33333.9830419258
baseline,33333.9830419258
baseline,33443.99618727869
baseline,33604.01530779198
baseline,37844.5220013943
baseline,33433.994992246604
baseline,33473.99977237493
baseline,33654.02128295239
baseline,33634.01889288823
baseline,33604.01530779198
baseline,33694.02606308071
baseline,33594.0141127599
baseline,33584.01291772782
baseline,33644.020087920304
baseline,35314.21965827783
baseline,33544.0081375995
baseline,33473.99977237493
baseline,33433.994992246604
baseline,33443.99618727869
baseline,33383.9890170862
baseline,33514.004552503255
baseline,33443.99618727869
baseline,33463.99857734285
baseline,33373.98782205412
baseline,33494.002162439094
baseline,33564.01052766366
baseline,33754.0332332732
baseline,33514.004552503255
baseline,33544.0081375995
baseline,33473.99977237493
baseline,33333.9830419258
baseline,33403.991407150366
baseline,33554.00933263158
baseline,33654.02128295239
baseline,33473.99977237493
baseline,33423.99379721453
baseline,33413.99260218244
baseline,33423.99379721453
baseline,33634.01889288823
baseline,33664.022477984465
baseline,33694.02606308071
baseline,33463.99857734285
baseline,33353.98543198996
baseline,33373.98782205412
baseline,33333.9830419258
baseline,33343.98423695788
baseline,33323.981846893716
baseline,33504.00335747117
baseline,33564.01052766366
baseline,33594.0141127599
baseline,33824.041598497766
baseline,34124.077449460194
baseline,40044.784908452115
baseline,33944.05593888273
baseline,33433.994992246604
baseline,33453.997382310765
baseline,33504.00335747117
baseline,33413.99260218244
baseline,33644.020087920304
baseline,34634.13839609632
baseline,33754.0332332732
baseline,33774.03562333736
baseline,33804.0392084336
baseline,33854.045183594004
baseline,33754.0332332732
baseline,33784.03681836944
baseline,38094.551877196325
baseline,34234.09059481308
baseline,33894.04996372233
baseline,34034.066694171466
baseline,34264.09417990933
baseline,34204.08700971684
baseline,33964.0583289469
baseline,33724.029648176955
baseline,34984.180222219155
baseline,34714.147956352965
baseline,35614.255509240254
baseline,34474.11927558303
baseline,34424.11330042262
baseline,34484.120470615104
baseline,34544.127640807594
baseline,34394.109715326376
baseline,39794.755032650086
baseline,34394.109715326376
baseline,34404.11091035846
baseline,34274.095374941404
baseline,34234.09059481308
baseline,34144.079839524355
baseline,34174.0834246206
baseline,35674.26267943274
baseline,35314.21965827783
baseline,36434.35350187089
baseline,36384.34752671049
baseline,36504.36186709546
baseline,36154.32004097263
baseline,40504.83987992784
baseline,34944.17544209083
baseline,34984.180222219155
baseline,35504.242363887366
baseline,34884.16827189834
baseline,35164.20173279661
baseline,35804.27821484979
baseline,36214.32721116511
baseline,36574.37023232003
baseline,35794.27701981771
baseline,35564.24953407985
baseline,35754.27223968939
baseline,36034.305700587654
baseline,36354.34394161424
baseline,35864.285385042276
baseline,35684.26387446482
baseline,36264.333186325515
baseline,36474.358281999215
baseline,35764.273434721465
baseline,36474.358281999215
baseline,36154.32004097263
baseline,35804.27821484979
baseline,35654.260289368576
baseline,36584.3714273521
baseline,35944.29494529893
baseline,35774.27462975355
baseline,35764.273434721465
baseline,35804.27821484979
baseline,35704.26626452898
baseline,35674.26267943274
baseline,35824.280604913954
baseline,35764.273434721465
baseline,35834.28179994603
baseline,35784.275824785625
baseline,35984.29972542725
baseline,35584.25192414401
baseline,35024.185002347476
baseline,35014.1838073154
baseline,34894.16946693043
baseline,34904.170661962504
baseline,34974.17902718707
baseline,34884.16827189834
baseline,39574.72874194431
baseline,34864.16588183418
baseline,34894.16946693043
baseline,34864.16588183418
baseline,34934.17424705875
baseline,34844.16349177002
baseline,34924.173052026665
baseline,34794.157516609615
baseline,34064.070279267704
baseline,34104.07505939603
baseline,34044.06788920354
baseline,34164.082229588515
baseline,34104.07505939603
baseline,34094.07386436395
baseline,34024.06549913938
baseline,34064.070279267704
baseline,34084.072669331865
baseline,34064.070279267704
baseline,34084.072669331865
baseline,34094.07386436395
baseline,34104.07505939603
baseline,34104.07505939603
baseline,34144.079839524355
baseline,33914.052353786494
baseline,33484.00096740701
baseline,33403.991407150366
baseline,33443.99618727869
baseline,33443.99618727869
baseline,33484.00096740701
baseline,33363.98662702204
baseline,33443.99618727869
baseline,33473.99977237493
baseline,37754.511246105576
baseline,33443.99618727869
baseline,33423.99379721453
baseline,33363.98662702204
baseline,33393.99021211828
baseline,33403.991407150366
baseline,33363.98662702204
baseline,33494.002162439094
baseline,33423.99379721453
baseline,33413.99260218244
baseline,33423.99379721453
baseline,33393.99021211828
baseline,33463.99857734285
baseline,38064.54829210009
baseline,33574.01172269574
baseline,33504.00335747117
baseline,33514.004552503255
baseline,33433.994992246604
baseline,33443.99618727869
baseline,33453.997382310765
baseline,33504.00335747117
baseline,33463.99857734285
baseline,33433.994992246604
baseline,33373.98782205412
baseline,33443.99618727869
baseline,33373.98782205412
baseline,38254.57099770962
baseline,33534.006942567416
baseline,33443.99618727869
baseline,33453.997382310765
baseline,33423.99379721453
baseline,33494.002162439094
baseline,33594.0141127599
baseline,33423.99379721453
baseline,33473.99977237493
baseline,33484.00096740701
baseline,33544.0081375995
baseline,33504.00335747117
baseline,33484.00096740701
baseline,33463.99857734285
baseline,33524.00574753533
baseline,33494.002162439094
baseline,33443.99618727869
baseline,33473.99977237493
baseline,33433.994992246604
baseline,33433.994992246604
baseline,33423.99379721453
baseline,33453.997382310765
baseline,33443.99618727869
baseline,33484.00096740701
baseline,33524.00574753533
baseline,33463.99857734285
baseline,33574.01172269574
baseline,33524.00574753533
baseline,33564.01052766366
baseline,33574.01172269574
baseline,33443.99618727869
baseline,33473.99977237493
baseline,33433.994992246604
baseline,37754.511246105576
baseline,33524.00574753533
baseline,33524.00574753533
baseline,33504.00335747117
baseline,33554.00933263158
baseline,33463.99857734285
baseline,33423.99379721453
baseline,33463.99857734285
baseline,33504.00335747117
baseline,33494.002162439094
baseline,33524.00574753533
baseline,33704.027258112794
baseline,33564.01052766366
baseline,35294.217268213666
baseline,33524.00574753533
baseline,33564.01052766366
baseline,38584.61043376829
baseline,33453.997382310765
baseline,33363.98662702204
baseline,33453.997382310765
baseline,33423.99379721453
baseline,33453.997382310765
baseline,33473.99977237493
baseline,33413.99260218244
baseline,33443.99618727869
baseline,33734.03084320903
baseline,34314.10015506973
baseline,34524.12525074343
baseline,33904.05115875441
baseline,33694.02606308071
baseline,33514.004552503255
baseline,33564.01052766366
baseline,33463.99857734285
baseline,33554.00933263158
baseline,33544.0081375995
baseline,33554.00933263158
baseline,33564.01052766366
baseline,33494.002162439094
baseline,33524.00574753533
baseline,33514.004552503255
baseline,33504.00335747117
baseline,33514.004552503255
baseline,33564.01052766366
baseline,33544.0081375995
baseline,33473.99977237493
baseline,33433.994992246604
baseline,33463.99857734285
baseline,33514.004552503255
baseline,33494.002162439094
baseline,33504.00335747117
baseline,37954.53514674719
baseline,33544.0081375995
baseline,33484.00096740701
baseline,33443.99618727869
baseline,33433.994992246604
baseline,33393.99021211828
baseline,33473.99977237493
baseline,33494.002162439094
baseline,33423.99379721453
baseline,33423.99379721453
baseline,33463.99857734285
baseline,33524.00574753533
baseline,33494.002162439094
baseline,33453.997382310765
baseline,33463.99857734285
baseline,33373.98782205412
baseline,33654.02128295239
baseline,33584.01291772782
baseline,33574.01172269574
baseline,33634.01889288823
baseline,33574.01172269574
baseline,33564.01052766366
baseline,33574.01172269574
baseline,33524.00574753533
baseline,33504.00335747117
baseline,33524.00574753533
baseline,33494.002162439094
baseline,33443.99618727869
baseline,33524.00574753533
baseline,33604.01530779198
baseline,33534.006942567416
baseline,33604.01530779198
baseline,33463.99857734285
baseline,33433.994992246604
baseline,33413.99260218244
baseline,33504.00335747117
baseline,33473.99977237493
baseline,33554.00933263158
baseline,33534.006942567416
baseline,33383.9890170862
baseline,33423.99379721453
baseline,33463.99857734285
baseline,33534.006942567416
baseline,33564.01052766366
baseline,33534.006942567416
baseline,33594.0141127599
baseline,37794.5160262339
baseline,33534.006942567416
baseline,33554.00933263158
baseline,33574.01172269574
baseline,33624.01769785614
baseline,33504.00335747117
baseline,33433.994992246604
baseline,33383.9890170862
baseline,33393.99021211828
baseline,33403.991407150366
baseline,33423.99379721453
baseline,33524.00574753533
baseline,33754.0332332732
baseline,33744.032038241116
baseline,33484.00096740701
baseline,37894.52797655471
baseline,34164.082229588515
baseline,34294.097765005565
baseline,33844.04398856193
baseline,33764.03442830528
baseline,33644.020087920304
baseline,33473.99977237493
baseline,33564.01052766366
baseline,34224.089399781
baseline,33984.06071901106
baseline,33433.994992246604
baseline,34164.082229588515
baseline,33544.0081375995
baseline,33624.01769785614
baseline,33504.00335747117
baseline,33724.029648176955
baseline,33594.0141127599
baseline,33504.00335747117
baseline,33714.02845314487
baseline,34204.08700971684
baseline,33664.022477984465
baseline,33734.03084320903
baseline,34054.06908423563
baseline,34324.10135010181
baseline,33874.047573658165
baseline,33974.059523978976
baseline,33924.05354881857
baseline,35554.248339047765
baseline,34024.06549913938
baseline,34454.116885518866
baseline,34054.06908423563
baseline,34454.116885518866
baseline,34014.0643041073
baseline,34204.08700971684
baseline,34324.10135010181
baseline,34414.11210539054
baseline,34354.104935198055
baseline,34264.09417990933
baseline,34304.09896003765
baseline,34374.107325262215
baseline,34364.10613023013
baseline,34484.120470615104
baseline,34494.12166564719
baseline,34324.10135010181
baseline,33524.00574753533
baseline,33514.004552503255
baseline,33634.01889288823
baseline,33504.00335747117
baseline,33574.01172269574
baseline,33534.006942567416
baseline,33514.004552503255
baseline,33594.0141127599
baseline,33584.01291772782
baseline,33564.01052766366
baseline,33614.016502824066
baseline,33564.01052766366
baseline,33674.02367301655
baseline,33594.0141127599
baseline,33514.004552503255
baseline,33564.01052766366
baseline,33614.016502824066
baseline,33423.99379721453
baseline,33393.99021211828
baseline,33373.98782205412
baseline,33343.98423695788
baseline,33383.9890170862
baseline,33413.99260218244
baseline,33433.994992246604
baseline,33383.9890170862
baseline,33423.99379721453
baseline,33453.997382310765
baseline,33453.997382310765
baseline,33393.99021211828
baseline,33343.98423695788
baseline,33343.98423695788
baseline,33343.98423695788
baseline,33363.98662702204
baseline,33393.99021211828
baseline,33353.98543198996
baseline,35124.19695266829
baseline,33423.99379721453
baseline,33433.994992246604
baseline,33484.00096740701
baseline,37814.51841629806
baseline,33473.99977237493
baseline,33463.99857734285
baseline,33423.99379721453
baseline,33393.99021211828
baseline,33353.98543198996
baseline,33433.994992246604
baseline,33393.99021211828
baseline,33363.98662702204
baseline,33323.981846893716
baseline,33393.99021211828
baseline,33443.99618727869
baseline,33403.991407150366
baseline,33383.9890170862
baseline,33353.98543198996
baseline,33373.98782205412
baseline,37804.51722126598
baseline,33423.99379721453
baseline,33524.00574753533
baseline,33373.98782205412
baseline,33343.98423695788
baseline,33433.994992246604
baseline,33413.99260218244
baseline,33413.99260218244
baseline,33423.99379721453
baseline,33383.9890170862
baseline,33353.98543198996
baseline,33353.98543198996
baseline,33353.98543198996
baseline,33353.98543198996
baseline,33393.99021211828
baseline,33433.994992246604
baseline,33423.99379721453
baseline,33423.99379721453
baseline,33363.98662702204
baseline,33413.99260218244
baseline,33433.994992246604
baseline,33534.006942567416
baseline,33433.994992246604
baseline,33484.00096740701
baseline,38544.60565363997
baseline,33534.006942567416
baseline,33504.00335747117
baseline,33433.994992246604
baseline,33433.994992246604
baseline,33383.9890170862
baseline,33313.98065186163
baseline,33343.98423695788
baseline,33413.99260218244
baseline,33373.98782205412
baseline,33403.991407150366
baseline,33363.98662702204
baseline,33343.98423695788
baseline,33393.99021211828
baseline,35014.1838073154
baseline,33373.98782205412
baseline,33363.98662702204
baseline,33574.01172269574
baseline,33534.006942567416
baseline,33473.99977237493
baseline,33433.994992246604
baseline,33403.991407150366
baseline,33624.01769785614
baseline,33363.98662702204
baseline,33433.994992246604
baseline,33363.98662702204
baseline,33363.98662702204
baseline,33353.98543198996
baseline,33393.99021211828
baseline,33383.9890170862
baseline,33353.98543198996
baseline,33443.99618727869
baseline,33353.98543198996
baseline,33353.98543198996
baseline,33433.994992246604
baseline,33423.99379721453
baseline,33423.99379721453
baseline,33403.991407150366
baseline,33373.98782205412
baseline,33413.99260218244
baseline,33363.98662702204
baseline,33363.98662702204
baseline,33383.9890170862
baseline,33343.98423695788
baseline,33363.98662702204
baseline,33383.9890170862
baseline,33403.991407150366
baseline,33463.99857734285
baseline,33333.9830419258
baseline,33403.991407150366
baseline,33373.98782205412
baseline,33423.99379721453
baseline,33373.98782205412
baseline,33413.99260218244
baseline,33383.9890170862
baseline,33433.994992246604
baseline,33413.99260218244
baseline,33383.9890170862
baseline,37844.5220013943
baseline,33453.997382310765
baseline,33473.99977237493
baseline,33473.99977237493
baseline,33413.99260218244
baseline,33393.99021211828
baseline,33413.99260218244
baseline,33443.99618727869
baseline,33413.99260218244
baseline,33443.99618727869
baseline,33453.997382310765
baseline,35334.22204834199
baseline,33423.99379721453
baseline,33423.99379721453
baseline,33413.99260218244
baseline,33393.99021211828
baseline,33363.98662702204
baseline,33453.997382310765
baseline,33383.9890170862
baseline,33443.99618727869
baseline,33534.006942567416
baseline,33473.99977237493
baseline,33463.99857734285
baseline,33423.99379721453
baseline,33373.98782205412
baseline,33373.98782205412
baseline,33403.991407150366
baseline,33363.98662702204
baseline,33423.99379721453
baseline,33403.991407150366
baseline,33373.98782205412
baseline,33353.98543198996
baseline,33423.99379721453
baseline,33383.9890170862
baseline,33383.9890170862
baseline,33393.99021211828
baseline,33413.99260218244
baseline,33423.99379721453
baseline,33443.99618727869
baseline,33453.997382310765
baseline,33473.99977237493
baseline,33494.002162439094
baseline,33544.0081375995
baseline,33463.99857734285
baseline,33443.99618727869
baseline,33504.00335747117
baseline,33443.99618727869
baseline,33333.9830419258
baseline,33293.97826179747
baseline,33333.9830419258
baseline,33373.98782205412
baseline,33323.981846893716
baseline,33343.98423695788
baseline,33343.98423695788
baseline,33293.97826179747
baseline,33283.977066765394
baseline,33473.99977237493
baseline,33433.994992246604
baseline,33423.99379721453
baseline,33423.99379721453
baseline,33453.997382310765
baseline,33383.9890170862
baseline,33423.99379721453
baseline,33383.9890170862
baseline,33363.98662702204
baseline,33373.98782205412
baseline,33413.99260218244
baseline,33363.98662702204
baseline,33363.98662702204
baseline,33383.9890170862
baseline,33363.98662702204
baseline,33373.98782205412
baseline,33393.99021211828
baseline,35254.21248808534
baseline,33443.99618727869
baseline,33403.991407150366
baseline,33514.004552503255
baseline,33524.00574753533
baseline,33473.99977237493
baseline,33443.99618727869
baseline,33534.006942567416
baseline,33494.002162439094
baseline,33453.997382310765
baseline,33433.994992246604
baseline,33453.997382310765
baseline,33453.997382310765
baseline,33534.006942567416
baseline,33453.997382310765
baseline,33534.006942567416
baseline,33504.00335747117
baseline,33423.99379721453
baseline,37954.53514674719
baseline,33393.99021211828
baseline,33473.99977237493
baseline,33433.994992246604
baseline,33423.99379721453
baseline,33413.99260218244
baseline,33393.99021211828
baseline,33453.997382310765
baseline,33363.98662702204
baseline,34134.07864449227
baseline,34344.10374016597
baseline,34584.132420935915
baseline,34564.130030871755
baseline,34544.127640807594
baseline,33504.00335747117
baseline,33433.994992246604
baseline,33484.00096740701
baseline,33453.997382310765
baseline,33453.997382310765
baseline,37934.53275668303
baseline,33604.01530779198
baseline,33473.99977237493
baseline,33504.00335747117
baseline,33443.99618727869
baseline,33484.00096740701
baseline,33494.002162439094
baseline,33453.997382310765
baseline,33443.99618727869
baseline,33494.002162439094
baseline,33473.99977237493
baseline,33504.00335747117
baseline,33574.01172269574
baseline,33484.00096740701
baseline,33544.0081375995
baseline,33473.99977237493
baseline,33534.006942567416
baseline,33484.00096740701
baseline,33504.00335747117
baseline,33433.994992246604
baseline,33534.006942567416
baseline,33463.99857734285
baseline,37684.50288088101
baseline,33504.00335747117
baseline,33473.99977237493
baseline,33453.997382310765
baseline,33443.99618727869
baseline,33494.002162439094
baseline,33484.00096740701
baseline,33514.004552503255
baseline,33514.004552503255
baseline,33494.002162439094
baseline,33494.002162439094
baseline,33524.00574753533
baseline,35064.1897824758
baseline,33443.99618727869
baseline,33413.99260218244
baseline,33423.99379721453
baseline,33363.98662702204
baseline,33413.99260218244
baseline,33393.99021211828
baseline,33403.991407150366
baseline,33403.991407150366
baseline,33383.9890170862
baseline,33433.994992246604
baseline,33343.98423695788
baseline,33393.99021211828
baseline,33443.99618727869
baseline,33423.99379721453
baseline,33604.01530779198
baseline,33554.00933263158
baseline,33363.98662702204
baseline,33524.00574753533
baseline,33514.004552503255
baseline,33473.99977237493
baseline,33423.99379721453
baseline,33494.002162439094
baseline,33514.004552503255
baseline,33584.01291772782
baseline,33524.00574753533
baseline,33544.0081375995
baseline,33453.997382310765
baseline,37854.52319642639
baseline,33574.01172269574
baseline,33574.01172269574
baseline,33443.99618727869
baseline,33484.00096740701
baseline,33534.006942567416
baseline,33413.99260218244
baseline,33453.997382310765
baseline,33534.006942567416
baseline,33514.004552503255
baseline,33453.997382310765
baseline,33473.99977237493
baseline,33413.99260218244
baseline,33353.98543198996
baseline,33363.98662702204
baseline,33504.00335747117
baseline,33534.006942567416
baseline,33554.00933263158
baseline,33574.01172269574
baseline,33584.01291772782
baseline,33694.02606308071
baseline,33604.01530779198
baseline,33524.00574753533
baseline,33504.00335747117
baseline,33594.0141127599
baseline,33724.029648176955
baseline,33504.00335747117
baseline,33534.006942567416
baseline,33463.99857734285
baseline,33383.9890170862
baseline,33564.01052766366
baseline,33614.016502824066
baseline,33694.02606308071
baseline,34084.072669331865
baseline,33964.0583289469
baseline,33514.004552503255
baseline,34474.11927558303
baseline,34254.09298487724
baseline,33694.02606308071
baseline,33654.02128295239
baseline,33624.01769785614
baseline,33724.029648176955
baseline,33684.02486804863
baseline,33654.02128295239
baseline,33714.02845314487
baseline,33574.01172269574
baseline,33544.0081375995
baseline,33824.041598497766
baseline,34224.089399781
baseline,33644.020087920304
baseline,33774.03562333736
baseline,34424.11330042262
baseline,33544.0081375995
baseline,34444.11569048678
baseline,34434.1144954547
baseline,34134.07864449227
baseline,34304.09896003765
baseline,34164.082229588515
baseline,34804.1587116417
baseline,40144.79685877292
baseline,34354.104935198055
baseline,34424.11330042262
baseline,34404.11091035846
baseline,34394.109715326376
baseline,34364.10613023013
baseline,34664.141981192566
baseline,35134.198147700365
baseline,34724.14915138505
baseline,34904.170661962504
baseline,34894.16946693043
baseline,35704.26626452898
baseline,35754.27223968939
baseline,35244.21129305326
baseline,35204.20651292493
baseline,35334.22204834199
baseline,35554.248339047765
baseline,41084.90919178853
baseline,34984.180222219155
baseline,34934.17424705875
baseline,34854.1646868021
baseline,34944.17544209083
baseline,34814.159906673776
baseline,34804.1587116417
baseline,35084.192172539966
baseline,35594.25311917609
baseline,35704.26626452898
baseline,36074.310480715976
baseline,35874.28658007436
baseline,35444.235193694876
baseline,35684.26387446482
baseline,35684.26387446482
baseline,35764.273434721465
baseline,35744.271044657304
baseline,35724.26865459314
baseline,35644.25909433649
baseline,35654.260289368576
baseline,35594.25311917609
baseline,35634.257899304415
baseline,34784.15632157753
baseline,34744.15154144921
baseline,34754.152736481294
baseline,34794.157516609615
baseline,39354.702451238525
baseline,34734.15034641713
baseline,34734.15034641713
baseline,34754.152736481294
baseline,34744.15154144921
baseline,34384.1085202943
baseline,34044.06788920354
baseline,33994.06191404314
baseline,34034.066694171466
baseline,34114.07625442811
baseline,34064.070279267704
baseline,34054.06908423563
baseline,34124.077449460194
baseline,34104.07505939603
baseline,34054.06908423563
baseline,34064.070279267704
baseline,34074.07147429979
baseline,34014.0643041073
baseline,34064.070279267704
baseline,33964.0583289469
baseline,33333.9830419258
baseline,33333.9830419258
baseline,33353.98543198996
baseline,33363.98662702204
baseline,37524.483760367715
baseline,33413.99260218244
baseline,33383.9890170862
baseline,33323.981846893716
baseline,33293.97826179747
baseline,33393.99021211828
baseline,33363.98662702204
baseline,33343.98423695788
baseline,33373.98782205412
baseline,33333.9830419258
baseline,33373.98782205412
baseline,33413.99260218244
baseline,33353.98543198996
baseline,33423.99379721453
baseline,33423.99379721453
baseline,33323.981846893716
baseline,33393.99021211828
baseline,33353.98543198996
baseline,33353.98543198996
baseline,33393.99021211828
baseline,33443.99618727869
baseline,33333.9830419258
baseline,33343.98423695788
baseline,33403.991407150366
baseline,33363.98662702204
baseline,33333.9830419258
baseline,33484.00096740701
baseline,33343.98423695788
baseline,33313.98065186163
baseline,33333.9830419258
baseline,33383.9890170862
baseline,33463.99857734285
baseline,33333.9830419258
baseline,33313.98065186163
baseline,33373.98782205412
baseline,33333.9830419258
baseline,33383.9890170862
baseline,33343.98423695788
baseline,33403.991407150366
baseline,33363.98662702204
baseline,33433.994992246604
baseline,33383.9890170862
baseline,33393.99021211828
baseline,37794.5160262339
baseline,33504.00335747117
baseline,33393.99021211828
baseline,33413.99260218244
baseline,33403.991407150366
baseline,33453.997382310765
baseline,33433.994992246604
baseline,33403.991407150366
baseline,33423.99379721453
baseline,33443.99618727869
baseline,33443.99618727869
baseline,33393.99021211828
baseline,33413.99260218244
baseline,33403.991407150366
baseline,37804.51722126598
baseline,33484.00096740701
baseline,33544.0081375995
baseline,33413.99260218244
baseline,33443.99618727869
baseline,33443.99618727869
baseline,33373.98782205412
baseline,33413.99260218244
baseline,33433.994992246604
baseline,33403.991407150366
baseline,33403.991407150366
baseline,33423.99379721453
baseline,33433.994992246604
baseline,33544.0081375995
baseline,33524.00574753533
baseline,33443.99618727869
baseline,33383.9890170862
baseline,33433.994992246604
baseline,33433.994992246604
baseline,33383.9890170862
baseline,33383.9890170862
baseline,33443.99618727869
baseline,33403.991407150366
baseline,33453.997382310765
baseline,33484.00096740701
baseline,33484.00096740701
baseline,33443.99618727869
baseline,33443.99618727869
baseline,33423.99379721453
baseline,33463.99857734285
baseline,33443.99618727869
baseline,33433.994992246604
baseline,33423.99379721453
baseline,33373.98782205412
baseline,33423.99379721453
baseline,33373.98782205412
baseline,33423.99379721453
baseline,33403.991407150366
baseline,33433.994992246604
baseline,33453.997382310765
baseline,33403.991407150366
baseline,33433.994992246604
baseline,33363.98662702204
baseline,33403.991407150366
baseline,33353.98543198996
baseline,33373.98782205412
baseline,33383.9890170862
baseline,33423.99379721453
baseline,33383.9890170862
baseline,33494.002162439094
baseline,33524.00574753533
baseline,33403.991407150366
baseline,33403.991407150366
baseline,33413.99260218244
baseline,33373.98782205412
baseline,33363.98662702204
baseline,33273.97587173331
baseline,33363.98662702204
baseline,33373.98782205412
baseline,37744.51005107349
baseline,33363.98662702204
baseline,33363.98662702204
baseline,33363.98662702204
baseline,33303.979456829555
baseline,33363.98662702204
baseline,33393.99021211828
baseline,33443.99618727869
baseline,33463.99857734285
baseline,33373.98782205412
baseline,33403.991407150366
baseline,33383.9890170862
baseline,33323.981846893716
baseline,33423.99379721453
baseline,33393.99021211828
baseline,33373.98782205412
baseline,33353.98543198996
baseline,33403.991407150366
baseline,37844.5220013943
baseline,33463.99857734285
baseline,33484.00096740701
baseline,33443.99618727869
baseline,33413.99260218244
baseline,33353.98543198996
baseline,33413.99260218244
baseline,33383.9890170862
baseline,33594.0141127599
baseline,33514.004552503255
baseline,33534.006942567416
baseline,33514.004552503255
baseline,33403.991407150366
baseline,33453.997382310765
baseline,33413.99260218244
baseline,33393.99021211828
baseline,33393.99021211828
baseline,33393.99021211828
baseline,33463.99857734285
baseline,33484.00096740701
baseline,34074.07147429979
baseline,34504.122860679265
baseline,34574.13122590383
baseline,34644.1395911284
baseline,34774.155126545455
baseline,34604.134811000076
baseline,33574.01172269574
baseline,33484.00096740701
baseline,33534.006942567416
baseline,33443.99618727869
baseline,33484.00096740701
baseline,33473.99977237493
baseline,33514.004552503255
baseline,33494.002162439094
baseline,33484.00096740701
baseline,33714.02845314487
baseline,33634.01889288823
baseline,33694.02606308071
baseline,33664.022477984465
baseline,33614.016502824066
baseline,33644.020087920304
baseline,33644.020087920304
baseline,33644.020087920304
baseline,33694.02606308071
baseline,33634.01889288823
baseline,33604.01530779198
baseline,38064.54829210009
baseline,33654.02128295239
baseline,33664.022477984465
baseline,33654.02128295239
baseline,33644.020087920304
baseline,33734.03084320903
baseline,33584.01291772782
baseline,33504.00335747117
baseline,33463.99857734285
baseline,33463.99857734285
baseline,33514.004552503255
baseline,33453.997382310765
baseline,33494.002162439094
baseline,33403.991407150366
baseline,33514.004552503255
baseline,33463.99857734285
baseline,33473.99977237493
baseline,33463.99857734285
baseline,33494.002162439094
baseline,33403.991407150366
baseline,33393.99021211828
baseline,33393.99021211828
baseline,33393.99021211828
baseline,33383.9890170862
baseline,33453.997382310765
baseline,33383.9890170862
baseline,33554.00933263158
baseline,33584.01291772782
baseline,33524.00574753533
baseline,33634.01889288823
baseline,33594.0141127599
baseline,33514.004552503255
baseline,33554.00933263158
baseline,33544.0081375995
baseline,33504.00335747117
baseline,33544.0081375995
baseline,33584.01291772782
baseline,33614.016502824066
baseline,33514.004552503255
baseline,33524.00574753533
baseline,33504.00335747117
baseline,33443.99618727869
baseline,33484.00096740701
baseline,37864.524391458464
baseline,33544.0081375995
baseline,33433.994992246604
baseline,33443.99618727869
baseline,33393.99021211828
baseline,33383.9890170862
baseline,33443.99618727869
baseline,33413.99260218244
baseline,33423.99379721453
baseline,33323.981846893716
baseline,33433.994992246604
baseline,33433.994992246604
baseline,33423.99379721453
baseline,33554.00933263158
baseline,33484.00096740701
baseline,33664.022477984465
baseline,33604.01530779198
baseline,33403.991407150366
baseline,33433.994992246604
baseline,33353.98543198996
baseline,33353.98543198996
baseline,33393.99021211828
baseline,33383.9890170862
baseline,33343.98423695788
baseline,33433.994992246604
baseline,33403.991407150366
baseline,33403.991407150366
baseline,33383.9890170862
baseline,33333.9830419258
baseline,33393.99021211828
baseline,33403.991407150366
baseline,33413.99260218244
baseline,33544.0081375995
baseline,33884.04876869025
baseline,34044.06788920354
baseline,33473.99977237493
baseline,33403.991407150366
baseline,33463.99857734285
baseline,38534.604458607886
baseline,34434.1144954547
baseline,34704.14676132089
baseline,33584.01291772782
baseline,33734.03084320903
baseline,33834.04279352984
baseline,33644.020087920304
baseline,33714.02845314487
baseline,33844.04398856193
baseline,33534.006942567416
baseline,33694.02606308071
baseline,33554.00933263158
baseline,33624.01769785614
baseline,34634.13839609632
baseline,34204.08700971684
baseline,33874.047573658165
baseline,34024.06549913938
baseline,33654.02128295239
baseline,33834.04279352984
baseline,33714.02845314487
baseline,34284.09656997349
baseline,34404.11091035846
baseline,33894.04996372233
baseline,34204.08700971684
baseline,34324.10135010181
baseline,34734.15034641713
baseline,35244.21129305326
baseline,35564.24953407985
baseline,35424.232803630715
baseline,35054.18858744372
baseline,34824.16110170586
baseline,34364.10613023013
baseline,34394.109715326376
baseline,34154.08103455643
baseline,34294.097765005565
baseline,34164.082229588515
baseline,35054.18858744372
baseline,34384.1085202943
baseline,35004.182612283315
baseline,35714.26745956106
baseline,35174.202927828694
baseline,34714.147956352965
baseline,35154.20053776453
baseline,35194.205317892855
baseline,35134.198147700365
baseline,38384.586533126676
baseline,34944.17544209083
baseline,35014.1838073154
baseline,35194.205317892855
baseline,35154.20053776453
baseline,34984.180222219155
baseline,34884.16827189834
baseline,34864.16588183418
baseline,34874.167076866266
baseline,35544.24714401569
baseline,35494.24116885528
baseline,35404.230413566554
baseline,35434.2339986628
baseline,35434.2339986628
baseline,35444.235193694876
baseline,35444.235193694876
baseline,35414.23160859863
baseline,35404.230413566554
baseline,35444.235193694876
baseline,35434.2339986628
baseline,35474.23877879112
baseline,35394.22921853447
baseline,35474.23877879112
baseline,35484.2399738232
baseline,34854.1646868021
baseline,34714.147956352965
baseline,34904.170661962504
baseline,34864.16588183418
baseline,34824.16110170586
baseline,39394.707231366854
baseline,34704.14676132089
baseline,34834.16229673794
baseline,34734.15034641713
baseline,34714.147956352965
baseline,34734.15034641713
baseline,34804.1587116417
baseline,34744.15154144921
baseline,34764.15393151337
baseline,34514.12405571135
baseline,34494.12166564719
baseline,34744.15154144921
baseline,33984.06071901106
baseline,33984.06071901106
baseline,33894.04996372233
baseline,33824.041598497766
baseline,33974.059523978976
baseline,34004.06310907522
baseline,33874.047573658165
baseline,38454.59489835124
baseline,33894.04996372233
baseline,33834.04279352984
baseline,33854.045183594004
baseline,33654.02128295239
baseline,33584.01291772782
baseline,33834.04279352984
baseline,33914.052353786494
baseline,33373.98782205412
baseline,33383.9890170862
baseline,33393.99021211828
baseline,34884.16827189834
baseline,33383.9890170862
baseline,33333.9830419258
baseline,33313.98065186163
baseline,33333.9830419258
baseline,33554.00933263158
baseline,33604.01530779198
baseline,33654.02128295239
baseline,33463.99857734285
baseline,33463.99857734285
baseline,33403.991407150366
baseline,33393.99021211828
baseline,33473.99977237493
baseline,33624.01769785614
baseline,33403.991407150366
baseline,33403.991407150366
baseline,33423.99379721453
baseline,33383.9890170862
baseline,33504.00335747117
baseline,33564.01052766366
baseline,34274.095374941404
baseline,34224.089399781
baseline,33624.01769785614
baseline,34344.10374016597
baseline,33664.022477984465
baseline,33724.029648176955
baseline,33494.002162439094
baseline,33714.02845314487
baseline,33774.03562333736
baseline,33754.0332332732
baseline,33704.027258112794
baseline,33484.00096740701
baseline,33664.022477984465
baseline,38784.634334409915
baseline,34364.10613023013
baseline,33974.059523978976
baseline,34434.1144954547
baseline,34584.132420935915
baseline,34784.15632157753
baseline,33964.0583289469
baseline,34224.089399781
baseline,34174.0834246206
baseline,34184.084619652676
baseline,35184.20412286077
baseline,35244.21129305326
baseline,35114.195757636204
baseline,34694.145566288804
baseline,34324.10135010181
baseline,34274.095374941404
baseline,34194.08581468476
baseline,34804.1587116417
baseline,34954.17663712291
baseline,34984.180222219155
baseline,35464.23758375904
baseline,35244.21129305326
baseline,35874.28658007436
baseline,35344.223243374065
baseline,36664.380987608754
baseline,35244.21129305326
baseline,35664.26148440066
baseline,40044.784908452115
baseline,34794.157516609615
baseline,34804.1587116417
baseline,34754.152736481294
baseline,34874.167076866266
baseline,35164.20173279661
baseline,35704.26626452898
baseline,35814.27940988187
baseline,35614.255509240254
baseline,35604.25431420817
baseline,35584.25192414401
baseline,35684.26387446482
baseline,40474.83629483159
baseline,35614.255509240254
baseline,35624.25670427233
baseline,35594.25311917609
baseline,35604.25431420817
baseline,35584.25192414401
baseline,35614.255509240254
baseline,35644.25909433649
baseline,35414.23160859863
baseline,35394.22921853447
baseline,35554.248339047765
baseline,35214.207707957015
baseline,34694.145566288804
baseline,34734.15034641713
baseline,34704.14676132089
baseline,34654.14078616048
baseline,34764.15393151337
baseline,34794.157516609615
baseline,34794.157516609615
baseline,34804.1587116417
baseline,34824.16110170586
baseline,34214.08820474892
baseline,34104.07505939603
baseline,34044.06788920354
baseline,34064.070279267704
baseline,34014.0643041073
baseline,34114.07625442811
baseline,34054.06908423563
baseline,34064.070279267704
baseline,34074.07147429979
baseline,34124.077449460194
baseline,34034.066694171466
baseline,34054.06908423563
baseline,34044.06788920354
baseline,34104.07505939603
baseline,34064.070279267704
baseline,34014.0643041073
baseline,34134.07864449227
baseline,33864.04637862609
baseline,33313.98065186163
baseline,33333.9830419258
baseline,33313.98065186163
baseline,33343.98423695788
baseline,33393.99021211828
baseline,33403.991407150366
baseline,38464.59609338332
baseline,33353.98543198996
baseline,33433.994992246604
baseline,33333.9830419258
baseline,33383.9890170862
baseline,33303.979456829555
baseline,33303.979456829555
baseline,33323.981846893716
baseline,33313.98065186163
baseline,33303.979456829555
baseline,33313.98065186163
baseline,33313.98065186163
baseline,33313.98065186163
baseline,33303.979456829555
baseline,33313.98065186163
baseline,33283.977066765394
baseline,33323.981846893716
baseline,37834.52080636223
baseline,33443.99618727869
baseline,33423.99379721453
baseline,33363.98662702204
baseline,33373.98782205412
baseline,33393.99021211828
baseline,33383.9890170862
baseline,33393.99021211828
baseline,33323.981846893716
baseline,33373.98782205412
baseline,33343.98423695788
baseline,33423.99379721453
baseline,33413.99260218244
baseline,33333.9830419258
baseline,33323.981846893716
baseline,33433.994992246604
baseline,33463.99857734285
baseline,33443.99618727869
baseline,33504.00335747117
baseline,33413.99260218244
baseline,33433.994992246604
baseline,33433.994992246604
baseline,33383.9890170862
baseline,33463.99857734285
baseline,33484.00096740701
baseline,33423.99379721453
baseline,33453.997382310765
baseline,33514.004552503255
baseline,33443.99618727869
baseline,33463.99857734285
baseline,33363.98662702204
baseline,33463.99857734285
baseline,33403.991407150366
baseline,33484.00096740701
baseline,33494.002162439094
baseline,33494.002162439094
baseline,33423.99379721453
baseline,33473.99977237493
baseline,33433.994992246604
baseline,38024.54351197176
baseline,33443.99618727869
baseline,33473.99977237493
baseline,33494.002162439094
baseline,33363.98662702204
baseline,33473.99977237493
baseline,33423.99379721453
baseline,33393.99021211828
baseline,33343.98423695788
baseline,33453.997382310765
baseline,33423.99379721453
baseline,33463.99857734285
baseline,33423.99379721453
baseline,33494.002162439094
baseline,33594.0141127599
baseline,38414.59011822292
baseline,33504.00335747117
baseline,33524.00574753533
baseline,33564.01052766366
baseline,33524.00574753533
baseline,33453.997382310765
baseline,33393.99021211828
baseline,33383.9890170862
baseline,33433.994992246604
baseline,33463.99857734285
baseline,33423.99379721453
baseline,33514.004552503255
baseline,34094.07386436395
baseline,34564.130030871755
baseline,34634.13839609632
baseline,34604.134811000076
baseline,33704.027258112794
baseline,33524.00574753533
baseline,33554.00933263158
baseline,33604.01530779198
baseline,33514.004552503255
baseline,33534.006942567416
baseline,33534.006942567416
baseline,33504.00335747117
baseline,33463.99857734285
baseline,33514.004552503255
baseline,33504.00335747117
baseline,33544.0081375995
baseline,33504.00335747117
baseline,33473.99977237493
baseline,33463.99857734285
baseline,33423.99379721453
baseline,33473.99977237493
baseline,33403.991407150366
baseline,33473.99977237493
baseline,33514.004552503255
baseline,33594.0141127599
baseline,33544.0081375995
baseline,33484.00096740701
baseline,33473.99977237493
baseline,33473.99977237493
baseline,33554.00933263158
baseline,33514.004552503255
baseline,33504.00335747117
baseline,33494.002162439094
baseline,35814.27940988187
baseline,33514.004552503255
baseline,33504.00335747117
baseline,33504.00335747117
baseline,33514.004552503255
baseline,33504.00335747117
baseline,33353.98543198996
baseline,33453.997382310765
baseline,33463.99857734285
baseline,33433.994992246604
baseline,33453.997382310765
baseline,33403.991407150366
baseline,33453.997382310765
baseline,33423.99379721453
baseline,33484.00096740701
baseline,33504.00335747117
baseline,33433.994992246604
baseline,33473.99977237493
baseline,33433.994992246604
baseline,33554.00933263158
baseline,33484.00096740701
baseline,33484.00096740701
baseline,33544.0081375995
baseline,33463.99857734285
baseline,33524.00574753533
baseline,33484.00096740701
baseline,33614.016502824066
baseline,37894.52797655471
baseline,33413.99260218244
baseline,33484.00096740701
baseline,33524.00574753533
baseline,33443.99618727869
baseline,33373.98782205412
baseline,33433.994992246604
baseline,33433.994992246604
baseline,33524.00574753533
baseline,33514.004552503255
baseline,33564.01052766366
baseline,33494.002162439094
baseline,33544.0081375995
baseline,33473.99977237493
baseline,33494.002162439094
baseline,33514.004552503255
baseline,33624.01769785614
baseline,33554.00933263158
baseline,38374.58533809459
baseline,33564.01052766366
baseline,33664.022477984465
baseline,33594.0141127599
baseline,33604.01530779198
baseline,33634.01889288823
baseline,33604.01530779198
baseline,33734.03084320903
baseline,33504.00335747117
baseline,33473.99977237493
baseline,33443.99618727869
baseline,33463.99857734285
baseline,33524.00574753533
baseline,33514.004552503255
baseline,35174.202927828694
baseline,33544.0081375995
baseline,33534.006942567416
baseline,33443.99618727869
baseline,33453.997382310765
baseline,33514.004552503255
baseline,33584.01291772782
baseline,33494.002162439094
baseline,33504.00335747117
baseline,33534.006942567416
baseline,33403.991407150366
baseline,33443.99618727869
baseline,33423.99379721453
baseline,33453.997382310765
baseline,33363.98662702204
baseline,34164.082229588515
baseline,33574.01172269574
baseline,33534.006942567416
baseline,34004.06310907522
baseline,33934.054743850655
baseline,33614.016502824066
baseline,33634.01889288823
baseline,33744.032038241116
baseline,33944.05593888273
baseline,33524.00574753533
baseline,33814.04040346568
baseline,34194.08581468476
baseline,34514.12405571135
baseline,33514.004552503255
baseline,34334.102545133894
baseline,46565.56406936889
baseline,34134.07864449227
baseline,33674.02367301655
baseline,33614.016502824066
baseline,33744.032038241116
baseline,33604.01530779198
baseline,33764.03442830528
baseline,33874.047573658165
baseline,34274.095374941404
baseline,34664.141981192566
baseline,33964.0583289469
baseline,34154.08103455643
baseline,34234.09059481308
baseline,34844.16349177002
baseline,35424.232803630715
baseline,35474.23877879112
baseline,3044653.8024213705
baseline,34274.095374941404
baseline,34274.095374941404
baseline,34294.097765005565
baseline,34264.09417990933
baseline,34034.066694171466
baseline,34294.097765005565
baseline,33514.004552503255
baseline,33534.006942567416
baseline,33514.004552503255
baseline,33514.004552503255
baseline,33524.00574753533
baseline,33524.00574753533
baseline,33504.00335747117
baseline,33524.00574753533
baseline,38644.61760396078
baseline,33504.00335747117
baseline,33423.99379721453
baseline,33453.997382310765
baseline,33433.994992246604
baseline,33393.99021211828
baseline,33433.994992246604
baseline,33463.99857734285
baseline,33494.002162439094
baseline,33494.002162439094
baseline,33373.98782205412
baseline,33393.99021211828
baseline,33413.99260218244
baseline,33353.98543198996
baseline,38614.61401886454
baseline,33363.98662702204
baseline,33443.99618727869
baseline,33423.99379721453
baseline,33363.98662702204
baseline,33383.9890170862
baseline,33353.98543198996
baseline,33363.98662702204
baseline,33413.99260218244
baseline,33403.991407150366
baseline,33534.006942567416
baseline,33564.01052766366
baseline,33574.01172269574
baseline,33534.006942567416
baseline,33594.0141127599
baseline,33584.01291772782
baseline,33604.01530779198
baseline,33514.004552503255
baseline,33564.01052766366
baseline,33504.00335747117
baseline,34074.07147429979
baseline,34424.11330042262
baseline,33604.01530779198
baseline,33734.03084320903
baseline,33724.029648176955
baseline,33844.04398856193
baseline,33674.02367301655
baseline,33714.02845314487
baseline,34444.11569048678
baseline,33984.06071901106
baseline,33574.01172269574
baseline,33594.0141127599
baseline,33674.02367301655
baseline,34054.06908423563
baseline,34664.141981192566
baseline,34194.08581468476
baseline,33734.03084320903
baseline,33654.02128295239
baseline,33734.03084320903
baseline,33884.04876869025
baseline,33554.00933263158
baseline,33694.02606308071
baseline,33584.01291772782
baseline,34254.09298487724
baseline,34834.16229673794
baseline,35154.20053776453
baseline,35414.23160859863
baseline,35334.22204834199
baseline,34234.09059481308
baseline,34354.104935198055
baseline,34144.079839524355
baseline,35074.19097750788
baseline,34324.10135010181
baseline,34364.10613023013
baseline,34874.167076866266
baseline,34964.177832154994
baseline,35084.192172539966
baseline,35324.220853309904
baseline,34934.17424705875
baseline,34954.17663712291
baseline,34924.173052026665
baseline,35604.25431420817
baseline,35544.24714401569
baseline,34944.17544209083
baseline,40094.79088361252
baseline,34914.17185699459
baseline,34784.15632157753
baseline,34764.15393151337
baseline,34954.17663712291
baseline,34804.1587116417
baseline,34664.141981192566
baseline,34674.14317622464
baseline,34754.152736481294
baseline,34854.1646868021
baseline,34684.14437125673
baseline,34694.145566288804
baseline,37124.435959084476
baseline,34674.14317622464
baseline,34694.145566288804
baseline,39604.732327040554
baseline,34734.15034641713
baseline,34924.173052026665
baseline,34824.16110170586
baseline,34754.152736481294
baseline,34724.14915138505
baseline,34704.14676132089
baseline,34784.15632157753
baseline,34804.1587116417
baseline,34664.141981192566
baseline,34474.11927558303
baseline,34734.15034641713
baseline,34254.09298487724
baseline,34114.07625442811
baseline,34054.06908423563
baseline,34084.072669331865
baseline,34034.066694171466
baseline,34094.07386436395
baseline,34204.08700971684
baseline,33964.0583289469
baseline,34004.06310907522
baseline,34044.06788920354
baseline,33854.045183594004
baseline,33934.054743850655
baseline,34164.082229588515
baseline,34224.089399781
baseline,34204.08700971684
baseline,33714.02845314487
baseline,34314.10015506973
baseline,34044.06788920354
baseline,38384.586533126676
baseline,33784.03681836944
baseline,33684.02486804863
baseline,33594.0141127599
baseline,33624.01769785614
baseline,33564.01052766366
baseline,33634.01889288823
baseline,33554.00933263158
baseline,33494.002162439094
baseline,33534.006942567416
baseline,33453.997382310765
baseline,33383.9890170862
baseline,33403.991407150366
baseline,33403.991407150366
baseline,33453.997382310765
baseline,33443.99618727869
baseline,33453.997382310765
baseline,33473.99977237493
baseline,33443.99618727869
baseline,37884.526781522625
baseline,33443.99618727869
baseline,33453.997382310765
baseline,33433.994992246604
baseline,33413.99260218244
baseline,33453.997382310765
baseline,33473.99977237493
baseline,33393.99021211828
baseline,33484.00096740701
baseline,33453.997382310765
baseline,33433.994992246604
baseline,33393.99021211828
baseline,33443.99618727869
baseline,33403.991407150366
baseline,33494.002162439094
baseline,33423.99379721453
baseline,33524.00574753533
baseline,33754.0332332732
baseline,33744.032038241116
baseline,33644.020087920304
baseline,33584.01291772782
baseline,33594.0141127599
baseline,33694.02606308071
baseline,33714.02845314487
baseline,33644.020087920304
baseline,33684.02486804863
baseline,33624.01769785614
baseline,33634.01889288823
baseline,33554.00933263158
baseline,33604.01530779198
baseline,33694.02606308071
baseline,33564.01052766366
baseline,33473.99977237493
baseline,33524.00574753533
baseline,33594.0141127599
baseline,33534.006942567416
baseline,33564.01052766366
baseline,33604.01530779198
baseline,33584.01291772782
baseline,33554.00933263158
baseline,33614.016502824066
test,33504.00335747117
test,33764.03442830528
test,33944.05593888273
test,34324.10135010181
test,33844.04398856193
test,33834.04279352984
test,34034.066694171466
test,33624.01769785614
test,33534.006942567416
test,33824.041598497766
test,35954.296140331004
test,33674.02367301655
test,33554.00933263158
test,38914.649869826964
test,33564.01052766366
test,33524.00574753533
test,33674.02367301655
test,33804.0392084336
test,33904.05115875441
test,34544.127640807594
test,34724.14915138505
test,34044.06788920354
test,34254.09298487724
test,34444.11569048678
test,34224.089399781
test,34334.102545133894
test,34224.089399781
test,34184.084619652676
test,35734.26984962523
test,35754.27223968939
test,35514.24355891944
test,35674.26267943274
test,34904.170661962504
test,34874.167076866266
test,35004.182612283315
test,35024.185002347476
test,34884.16827189834
test,34794.157516609615
test,35054.18858744372
test,35674.26267943274
test,34984.180222219155
test,35214.207707957015
test,3041343.406865752
test,34754.152736481294
test,34694.145566288804
test,34644.1395911284
test,34684.14437125673
test,34684.14437125673
test,34684.14437125673
test,34684.14437125673
test,34454.116885518866
test,34684.14437125673
test,34624.13720106424
test,33894.04996372233
test,33824.041598497766
test,33844.04398856193
test,33824.041598497766
test,33764.03442830528
test,33764.03442830528
test,33834.04279352984
test,39034.66421021194
test,33884.04876869025
test,33874.047573658165
test,33874.047573658165
test,33844.04398856193
test,33854.045183594004
test,33824.041598497766
test,33674.02367301655
test,33654.02128295239
test,33944.05593888273
test,33343.98423695788
test,33293.97826179747
test,33293.97826179747
test,33323.981846893716
test,33383.9890170862
test,33524.00574753533
test,33343.98423695788
test,33313.98065186163
test,33273.97587173331
test,33353.98543198996
test,33343.98423695788
test,33343.98423695788
test,33373.98782205412
test,33343.98423695788
test,33363.98662702204
test,33323.981846893716
test,33363.98662702204
test,3039273.1594941113
test,33373.98782205412
test,33293.97826179747
test,33313.98065186163
test,33283.977066765394
test,33273.97587173331
test,33273.97587173331
test,33223.969896572904
test,33243.972286637065
test,33293.97826179747
test,33293.97826179747
test,33283.977066765394
test,33253.97348166915
test,33253.97348166915
test,35044.18739241164
test,33433.994992246604
test,33313.98065186163
test,33333.9830419258
test,33373.98782205412
test,33313.98065186163
test,33323.981846893716
test,33303.979456829555
test,33273.97587173331
test,33333.9830419258
test,33363.98662702204
test,33373.98782205412
test,33343.98423695788
test,33313.98065186163
test,33313.98065186163
test,33343.98423695788
test,33333.9830419258
test,38004.5411219076
test,33333.9830419258
test,33373.98782205412
test,33303.979456829555
test,33303.979456829555
test,33333.9830419258
test,33313.98065186163
test,33313.98065186163
test,33273.97587173331
test,33303.979456829555
test,33343.98423695788
test,33293.97826179747
test,33283.977066765394
test,33363.98662702204
test,33393.99021211828
test,33313.98065186163
test,33313.98065186163
test,33313.98065186163
test,33323.981846893716
test,33413.99260218244
test,33323.981846893716
test,33283.977066765394
test,33343.98423695788
test,33383.9890170862
test,33333.9830419258
test,33323.981846893716
test,33373.98782205412
test,37924.531561650954
test,33383.9890170862
test,33373.98782205412
test,33333.9830419258
test,33363.98662702204
test,33363.98662702204
test,33373.98782205412
test,33353.98543198996
test,33373.98782205412
test,33323.981846893716
test,33333.9830419258
test,33393.99021211828
test,33353.98543198996
test,33353.98543198996
test,33353.98543198996
test,33303.979456829555
test,33433.994992246604
test,33343.98423695788
test,33363.98662702204
test,33393.99021211828
test,33303.979456829555
test,33383.9890170862
test,33363.98662702204
test,33333.9830419258
test,33303.979456829555
test,33453.997382310765
test,33343.98423695788
test,33323.981846893716
test,33403.991407150366
test,33413.99260218244
test,33393.99021211828
test,33313.98065186163
test,33313.98065186163
test,33313.98065186163
test,33293.97826179747
test,33383.9890170862
test,33333.9830419258
test,33383.9890170862
test,33303.979456829555
test,33293.97826179747
test,33333.9830419258
test,33273.97587173331
test,33343.98423695788
test,33333.9830419258
test,33403.991407150366
test,33323.981846893716
test,33343.98423695788
test,33333.9830419258
test,33343.98423695788
test,33273.97587173331
test,33343.98423695788
test,33303.979456829555
test,33343.98423695788
test,33323.981846893716
test,33343.98423695788
test,33303.979456829555
test,33353.98543198996
test,33323.981846893716
test,33303.979456829555
test,33353.98543198996
test,33333.9830419258
test,33373.98782205412
test,33333.9830419258
test,33333.9830419258
test,33363.98662702204
test,33323.981846893716
test,33343.98423695788
test,33363.98662702204
test,33363.98662702204
test,33393.99021211828
test,33223.969896572904
test,33343.98423695788
test,33323.981846893716
test,33343.98423695788
test,33393.99021211828
test,33303.979456829555
test,33303.979456829555
test,33323.981846893716
test,33323.981846893716
test,33353.98543198996
test,33363.98662702204
test,33363.98662702204
test,33303.979456829555
test,33293.97826179747
test,33343.98423695788
test,33363.98662702204
test,33343.98423695788
test,33273.97587173331
test,33303.979456829555
test,40294.81478425414
test,33313.98065186163
test,33273.97587173331
test,33323.981846893716
test,33263.97467670123
test,33293.97826179747
test,33263.97467670123
test,33293.97826179747
test,33243.972286637065
test,33313.98065186163
test,33253.97348166915
test,33323.981846893716
test,33273.97587173331
test,33253.97348166915
test,33293.97826179747
test,33333.9830419258
test,33293.97826179747
test,33263.97467670123
test,33293.97826179747
test,33263.97467670123
test,33283.977066765394
test,33263.97467670123
test,33353.98543198996
test,33293.97826179747
test,33243.972286637065
test,3039453.1810046886
test,33333.9830419258
test,33303.979456829555
test,33343.98423695788
test,33453.997382310765
test,33363.98662702204
test,33283.977066765394
test,33313.98065186163
test,33383.9890170862
test,33283.977066765394
test,33313.98065186163
test,38964.65584498737
test,33423.99379721453
test,33343.98423695788
test,33323.981846893716
test,33393.99021211828
test,33333.9830419258
test,33393.99021211828
test,33373.98782205412
test,33353.98543198996
test,33393.99021211828
test,33353.98543198996
test,33363.98662702204
test,33343.98423695788
test,33363.98662702204
test,37774.51363616974
test,33343.98423695788
test,33353.98543198996
test,33343.98423695788
test,33353.98543198996
test,33413.99260218244
test,33323.981846893716
test,33363.98662702204
test,33323.981846893716
test,33313.98065186163
test,33343.98423695788
test,33383.9890170862
test,33363.98662702204
test,3039823.2252208753
test,33323.981846893716
test,33273.97587173331
test,33263.97467670123
test,33363.98662702204
test,33283.977066765394
test,33303.979456829555
test,33333.9830419258
test,33283.977066765394
test,33363.98662702204
test,33303.979456829555
test,33253.97348166915
test,33343.98423695788
test,33303.979456829555
test,33283.977066765394
test,33273.97587173331
test,38284.574582805864
test,33333.9830419258
test,33333.9830419258
test,33353.98543198996
test,33293.97826179747
test,33353.98543198996
test,33273.97587173331
test,33323.981846893716
test,33323.981846893716
test,33343.98423695788
test,33323.981846893716
test,33303.979456829555
test,33323.981846893716
test,33263.97467670123
test,33333.9830419258
test,33343.98423695788
test,33423.99379721453
test,33243.972286637065
test,33253.97348166915
test,33253.97348166915
test,33243.972286637065
test,33223.969896572904
test,37884.526781522625
test,33243.972286637065
test,33303.979456829555
test,33293.97826179747
test,33263.97467670123
test,33303.979456829555
test,33263.97467670123
test,33253.97348166915
test,33253.97348166915
test,35124.19695266829
test,33343.98423695788
test,33303.979456829555
test,33283.977066765394
test,33263.97467670123
test,33223.969896572904
test,33253.97348166915
test,33263.97467670123
test,33313.98065186163
test,33323.981846893716
test,33233.97109160499
test,33263.97467670123
test,33303.979456829555
test,33293.97826179747
test,33403.991407150366
test,33293.97826179747
test,33283.977066765394
test,33223.969896572904
test,33283.977066765394
test,33203.96750650874
test,33253.97348166915
test,33253.97348166915
test,33243.972286637065
test,33263.97467670123
test,33243.972286637065
test,33263.97467670123
test,33283.977066765394
test,33333.9830419258
test,33333.9830419258
test,33333.9830419258
test,33283.977066765394
test,33403.991407150366
test,33303.979456829555
test,33293.97826179747
test,33313.98065186163
test,33333.9830419258
test,33323.981846893716
test,33313.98065186163
test,33353.98543198996
test,33283.977066765394
test,33263.97467670123
test,33343.98423695788
test,33283.977066765394
test,33403.991407150366
test,33263.97467670123
test,33303.979456829555
test,33353.98543198996
test,33343.98423695788
test,33574.01172269574
test,33594.0141127599
test,33584.01291772782
test,33534.006942567416
test,33564.01052766366
test,33313.98065186163
test,33343.98423695788
test,33283.977066765394
test,33333.9830419258
test,33343.98423695788
test,33303.979456829555
test,33313.98065186163
test,37914.53036661887
test,33313.98065186163
test,33313.98065186163
test,33253.97348166915
test,33303.979456829555
test,33293.97826179747
test,33323.981846893716
test,33333.9830419258
test,33383.9890170862
test,33313.98065186163
test,33263.97467670123
test,33283.977066765394
test,33323.981846893716
test,33343.98423695788
test,33263.97467670123
test,33313.98065186163
test,33463.99857734285
test,33544.0081375995
test,33423.99379721453
test,33514.004552503255
test,33453.997382310765
test,33544.0081375995
test,33443.99618727869
test,33473.99977237493
test,33423.99379721453
test,33463.99857734285
test,33494.002162439094
test,33413.99260218244
test,35194.205317892855
test,33484.00096740701
test,33413.99260218244
test,3040093.257486742
test,33614.016502824066
test,33614.016502824066
test,33473.99977237493
test,33463.99857734285
test,33544.0081375995
test,33584.01291772782
test,34034.066694171466
test,34384.1085202943
test,34514.12405571135
test,34324.10135010181
test,38444.59370331916
test,34174.0834246206
test,34284.09656997349
test,34164.082229588515
test,34354.104935198055
test,35964.29733536309
test,35884.28777510644
test,36124.31645587638
test,34914.17185699459
test,35134.198147700365
test,35204.20651292493
test,34574.13122590383
test,34744.15154144921
test,35044.18739241164
test,35664.26148440066
test,35104.19456260413
test,34904.170661962504
test,35024.185002347476
test,36024.30450555557
test,36214.32721116511
test,35164.20173279661
test,35324.220853309904
test,35064.1897824758
test,34904.170661962504
test,35104.19456260413
test,35234.210098021176
test,35264.21368311742
test,35164.20173279661
test,35184.20412286077
test,35214.207707957015
test,33393.99021211828
test,33383.9890170862
test,33313.98065186163
test,33303.979456829555
test,33363.98662702204
test,33283.977066765394
test,33343.98423695788
test,33323.981846893716
test,33293.97826179747
test,33303.979456829555
test,33363.98662702204
test,33263.97467670123
test,33283.977066765394
test,33293.97826179747
test,33303.979456829555
test,33293.97826179747
test,33353.98543198996
test,33363.98662702204
test,33333.9830419258
test,33293.97826179747
test,33253.97348166915
test,33263.97467670123
test,33323.981846893716
test,33303.979456829555
test,33263.97467670123
test,33333.9830419258
test,33283.977066765394
test,33333.9830419258
test,33283.977066765394
test,33303.979456829555
test,33323.981846893716
test,33223.969896572904
test,33263.97467670123
test,38114.554267260486
test,33383.9890170862
test,33273.97587173331
test,33273.97587173331
test,33283.977066765394
test,33293.97826179747
test,33283.977066765394
test,33263.97467670123
test,33313.98065186163
test,33353.98543198996
test,33403.991407150366
test,33333.9830419258
test,33373.98782205412
test,33343.98423695788
test,33313.98065186163
test,33373.98782205412
test,36264.333186325515
test,33353.98543198996
test,3039033.130813341
test,33323.981846893716
test,33413.99260218244
test,33373.98782205412
test,33333.9830419258
test,33253.97348166915
test,33263.97467670123
test,33233.97109160499
test,33293.97826179747
test,33273.97587173331
test,33303.979456829555
test,33323.981846893716
test,33393.99021211828
test,33223.969896572904
test,33263.97467670123
test,33303.979456829555
test,33353.98543198996
test,33333.9830419258
test,33253.97348166915
test,33293.97826179747
test,33313.98065186163
test,33283.977066765394
test,33293.97826179747
test,33323.981846893716
test,33373.98782205412
test,33363.98662702204
test,33303.979456829555
test,38484.59848344749
test,33333.9830419258
test,33393.99021211828
test,33313.98065186163
test,33323.981846893716
test,33293.97826179747
test,33293.97826179747
test,33333.9830419258
test,33303.979456829555
test,33303.979456829555
test,33383.9890170862
test,33273.97587173331
test,33363.98662702204
test,33343.98423695788
test,33363.98662702204
test,33353.98543198996
test,33383.9890170862
test,33293.97826179747
test,33353.98543198996
test,33323.981846893716
test,33313.98065186163
test,33273.97587173331
test,33353.98543198996
test,33283.977066765394
test,33283.977066765394
test,33363.98662702204
test,33343.98423695788
test,33343.98423695788
test,33293.97826179747
test,33283.977066765394
test,33333.9830419258
test,33293.97826179747
test,33243.972286637065
test,33333.9830419258
test,33333.9830419258
test,33293.97826179747
test,33303.979456829555
test,33453.997382310765
test,33373.98782205412
test,33303.979456829555
test,33383.9890170862
test,33353.98543198996
test,33413.99260218244
test,33514.004552503255
test,33473.99977237493
test,33403.991407150366
test,33403.991407150366
test,33403.991407150366
test,33373.98782205412
test,33413.99260218244
test,33383.9890170862
test,33353.98543198996
test,33363.98662702204
test,33333.9830419258
test,33333.9830419258
test,33273.97587173331
test,33333.9830419258
test,33313.98065186163
test,33383.9890170862
test,33313.98065186163
test,3040613.31962841
test,33383.9890170862
test,33433.994992246604
test,33383.9890170862
test,33343.98423695788
test,33283.977066765394
test,33413.99260218244
test,35364.22563343823
test,33383.9890170862
test,33463.99857734285
test,33794.03801340152
test,34314.10015506973
test,34474.11927558303
test,34504.122860679265
test,34614.13600603216
test,34564.130030871755
test,34684.14437125673
test,34654.14078616048
test,34244.091789845166
test,33854.045183594004
test,33674.02367301655
test,33433.994992246604
test,33373.98782205412
test,33363.98662702204
test,33333.9830419258
test,33343.98423695788
test,33333.9830419258
test,33343.98423695788
test,33413.99260218244
test,33373.98782205412
test,33373.98782205412
test,33373.98782205412
test,33373.98782205412
test,33363.98662702204
test,34154.08103455643
test,34104.07505939603
test,34114.07625442811
test,34134.07864449227
test,34104.07505939603
test,34114.07625442811
test,34104.07505939603
test,34144.079839524355
test,34114.07625442811
test,33433.994992246604
test,33333.9830419258
test,33403.991407150366
test,33303.979456829555
test,33524.00574753533
test,33504.00335747117
test,33674.02367301655
test,33473.99977237493
test,33453.997382310765
test,33473.99977237493
test,33484.00096740701
test,33524.00574753533
test,33443.99618727869
test,37944.533951715115
test,33634.01889288823
test,33393.99021211828
test,33534.006942567416
test,33453.997382310765
test,33453.997382310765
test,33473.99977237493
test,33323.981846893716
test,33303.979456829555
test,33353.98543198996
test,33323.981846893716
test,33383.9890170862
test,33323.981846893716
test,33714.02845314487
test,33564.01052766366
test,33604.01530779198
test,34364.10613023013
test,34364.10613023013
test,33914.052353786494
test,33904.05115875441
test,33694.02606308071
test,33604.01530779198
test,34214.08820474892
test,34294.097765005565
test,34524.12525074343
test,34594.133615968
test,34834.16229673794
test,33604.01530779198
test,33453.997382310765
test,36254.33199129343
test,33784.03681836944
test,34254.09298487724
test,34014.0643041073
test,3042123.5000782544
test,36664.380987608754
test,36674.38218264083
test,36574.37023232003
test,35874.28658007436
test,35884.28777510644
test,36584.3714273521
test,36754.39174289748
test,36534.3654521917
test,36524.36425715962
test,36514.36306212754
test,36564.36903728794
test,36584.3714273521
test,42105.031085060786
test,36554.36784225586
test,36444.35469690297
test,36744.3905478654
test,36504.36186709546
test,36364.34513664633
test,36434.35350187089
test,36334.34155155008
test,36204.326016133025
test,36234.32960122927
test,36034.305700587654
test,36014.30331052349
test,35744.271044657304
test,35874.28658007436
test,35684.26387446482
test,35724.26865459314
test,35784.275824785625
test,35684.26387446482
test,35144.19934273245
test,34924.173052026665
test,34894.16946693043
test,34924.173052026665
test,34934.17424705875
test,34874.167076866266
test,33413.99260218244
test,33433.994992246604
test,33584.01291772782
test,33403.991407150366
test,33453.997382310765
test,33443.99618727869
test,34194.08581468476
test,34244.091789845166
test,34604.134811000076
test,33914.052353786494
test,34154.08103455643
test,34164.082229588515
test,34124.077449460194
test,34104.07505939603
test,34034.066694171466
test,34094.07386436395
test,34124.077449460194
test,34124.077449460194
test,34134.07864449227
test,34084.072669331865
test,34124.077449460194
test,34164.082229588515
test,34214.08820474892
test,33884.04876869025
test,34254.09298487724
test,34204.08700971684
test,33373.98782205412
test,33393.99021211828
test,33403.991407150366
test,33433.994992246604
test,33343.98423695788
test,33353.98543198996
test,33433.994992246604
test,33393.99021211828
test,33443.99618727869
test,33604.01530779198
test,33594.0141127599
test,34054.06908423563
test,34174.0834246206
test,33934.054743850655
test,34104.07505939603
test,33974.059523978976
test,33484.00096740701
test,33453.997382310765
test,33463.99857734285
test,33724.029648176955
test,33944.05593888273
test,34164.082229588515
test,34364.10613023013
test,34644.1395911284
test,33984.06071901106
test,35164.20173279661
test,33514.004552503255
test,3040963.361454533
test,34814.159906673776
test,34794.157516609615
test,34914.17185699459
test,34874.167076866266
test,34804.1587116417
test,34804.1587116417
test,34894.16946693043
test,34844.16349177002
test,34784.15632157753
test,34544.127640807594
test,34584.132420935915
test,34574.13122590383
test,36604.373817416265
test,34564.130030871755
test,34684.14437125673
test,34614.13600603216
test,34694.145566288804
test,34864.16588183418
test,34254.09298487724
test,34424.11330042262
test,34134.07864449227
test,33794.03801340152
test,33984.06071901106
test,33744.032038241116
test,34034.066694171466
test,33864.04637862609
test,34024.06549913938
test,33714.02845314487
test,33964.0583289469
test,33984.06071901106
test,33954.057133914815
test,33524.00574753533
test,33684.02486804863
test,33564.01052766366
test,33574.01172269574
test,33584.01291772782
test,33463.99857734285
test,33484.00096740701
test,33473.99977237493
test,33463.99857734285
test,33484.00096740701
test,33433.994992246604
test,34314.10015506973
test,34504.122860679265
test,34174.0834246206
test,33554.00933263158
test,33423.99379721453
test,33453.997382310765
test,33393.99021211828
test,33353.98543198996
test,33393.99021211828
test,33423.99379721453
test,33413.99260218244
test,33323.981846893716
test,33383.9890170862
test,33413.99260218244
test,33494.002162439094
test,33393.99021211828
test,33423.99379721453
test,33413.99260218244
test,33403.991407150366
test,33373.98782205412
test,33363.98662702204
test,33363.98662702204
test,33393.99021211828
test,33363.98662702204
test,33363.98662702204
test,33403.991407150366
test,33383.9890170862
test,33413.99260218244
test,33413.99260218244
test,33423.99379721453
test,33303.979456829555
test,33403.991407150366
test,33383.9890170862
test,33333.9830419258
test,33403.991407150366
test,33353.98543198996
test,33323.981846893716
test,33393.99021211828
test,33353.98543198996
test,33343.98423695788
test,33353.98543198996
test,3040423.2969228006
test,33463.99857734285
test,33604.01530779198
test,33674.02367301655
test,33564.01052766366
test,33484.00096740701
test,33674.02367301655
test,33433.994992246604
test,33323.981846893716
test,35164.20173279661
test,33393.99021211828
test,33323.981846893716
test,33353.98543198996
test,33443.99618727869
test,39214.68572078939
test,33423.99379721453
test,33403.991407150366
test,33363.98662702204
test,33363.98662702204
test,33313.98065186163
test,33494.002162439094
test,33514.004552503255
test,33784.03681836944
test,34174.0834246206
test,33604.01530779198
test,34184.084619652676
test,33694.02606308071
test,33494.002162439094
test,33704.027258112794
test,33654.02128295239
test,33604.01530779198
test,33564.01052766366
test,33514.004552503255
test,34114.07625442811
test,33664.022477984465
test,33524.00574753533
test,34024.06549913938
test,34524.12525074343
test,33674.02367301655
test,33574.01172269574
test,33514.004552503255
test,33624.01769785614
test,3039863.230001004
test,34154.08103455643
test,34154.08103455643
test,34054.06908423563
test,34204.08700971684
test,34334.102545133894
test,34264.09417990933
test,34124.077449460194
test,33824.041598497766
test,34074.07147429979
test,33584.01291772782
test,33504.00335747117
test,33473.99977237493
test,33494.002162439094
test,33443.99618727869
test,33363.98662702204
test,33393.99021211828
test,33373.98782205412
test,33313.98065186163
test,33353.98543198996
test,33403.991407150366
test,33353.98543198996
test,33363.98662702204
test,33323.981846893716
test,33323.981846893716
test,33333.9830419258
test,33333.9830419258
test,33313.98065186163
test,33283.977066765394
test,33273.97587173331
test,33333.9830419258
test,33283.977066765394
test,33313.98065186163
test,33323.981846893716
test,33323.981846893716
test,33293.97826179747
test,33303.979456829555
test,33303.979456829555
test,33303.979456829555
test,33313.98065186163
test,33273.97587173331
test,33263.97467670123
test,33293.97826179747
test,33303.979456829555
test,33243.972286637065
test,33263.97467670123
test,33363.98662702204
test,33353.98543198996
test,33283.977066765394
test,33303.979456829555
test,33313.98065186163
test,33333.9830419258
test,33293.97826179747
test,33363.98662702204
test,33323.981846893716
test,33343.98423695788
test,33263.97467670123
test,33353.98543198996
test,33323.981846893716
test,33373.98782205412
test,33283.977066765394
test,33343.98423695788
test,37914.53036661887
test,33353.98543198996
test,33313.98065186163
test,33363.98662702204
test,33323.981846893716
test,33393.99021211828
test,33323.981846893716
test,33323.981846893716
test,33333.9830419258
test,33343.98423695788
test,33313.98065186163
test,38044.54590203593
test,33393.99021211828
test,33393.99021211828
test,33323.981846893716
test,33363.98662702204
test,33383.9890170862
test,33353.98543198996
test,33303.979456829555
test,33353.98543198996
test,33343.98423695788
test,33333.9830419258
test,33373.98782205412
test,33323.981846893716
test,3038433.0591114163
test,33373.98782205412
test,33273.97587173331
test,33323.981846893716
test,33313.98065186163
test,33353.98543198996
test,33363.98662702204
test,33353.98543198996
test,33313.98065186163
test,33413.99260218244
test,33363.98662702204
test,33313.98065186163
test,33473.99977237493
test,33473.99977237493
test,33463.99857734285
test,33413.99260218244
test,33353.98543198996
test,33383.9890170862
test,33373.98782205412
test,33313.98065186163
test,33363.98662702204
test,33313.98065186163
test,33273.97587173331
test,33393.99021211828
test,33393.99021211828
test,33413.99260218244
test,33303.979456829555
test,37824.51961133014
test,33423.99379721453
test,33223.969896572904
test,33283.977066765394
test,33243.972286637065
test,33363.98662702204
test,33373.98782205412
test,33403.991407150366
test,33283.977066765394
test,33353.98543198996
test,33353.98543198996
test,33323.981846893716
test,33293.97826179747
test,33283.977066765394
test,33333.9830419258
test,33383.9890170862
test,33303.979456829555
test,33373.98782205412
test,33303.979456829555
test,33343.98423695788
test,33293.97826179747
test,33383.9890170862
test,33363.98662702204
test,33293.97826179747
test,33323.981846893716
test,33303.979456829555
test,33333.9830419258
test,33303.979456829555
test,33383.9890170862
test,34994.18141725123
test,33353.98543198996
test,33353.98543198996
test,33323.981846893716
test,33323.981846893716
test,33353.98543198996
test,33243.972286637065
test,33223.969896572904
test,33283.977066765394
test,33263.97467670123
test,33263.97467670123
test,33243.972286637065
test,33243.972286637065
test,33263.97467670123
test,33323.981846893716
test,33283.977066765394
test,33303.979456829555
test,33273.97587173331
test,33233.97109160499
test,33233.97109160499
test,33233.97109160499
test,33273.97587173331
test,33233.97109160499
test,33373.98782205412
test,33313.98065186163
test,33343.98423695788
test,33263.97467670123
test,33283.977066765394
test,33323.981846893716
test,33363.98662702204
test,33353.98543198996
test,33283.977066765394
test,33323.981846893716
test,33303.979456829555
test,33303.979456829555
test,33283.977066765394
test,3038873.1116928277
test,33323.981846893716
test,33353.98543198996
test,33323.981846893716
test,33343.98423695788
test,33343.98423695788
test,33353.98543198996
test,33363.98662702204
test,33403.991407150366
test,33423.99379721453
test,33373.98782205412
test,33293.97826179747
test,33323.981846893716
test,33433.994992246604
test,37914.53036661887
test,33313.98065186163
test,33373.98782205412
test,33293.97826179747
test,33403.991407150366
test,33323.981846893716
test,33343.98423695788
test,33524.00574753533
test,33343.98423695788
test,33313.98065186163
test,33333.9830419258
test,33343.98423695788
test,33393.99021211828
test,37774.51363616974
test,33433.994992246604
test,33494.002162439094
test,33383.9890170862
test,33323.981846893716
test,33393.99021211828
test,33393.99021211828
test,33433.994992246604
test,33333.9830419258
test,33473.99977237493
test,33363.98662702204
test,33373.98782205412
test,33473.99977237493
test,33323.981846893716
test,3039513.188174881
test,33433.994992246604
test,33423.99379721453
test,33413.99260218244
test,33403.991407150366
test,33443.99618727869
test,33413.99260218244
test,33423.99379721453
test,33413.99260218244
test,33413.99260218244
test,33433.994992246604
test,33413.99260218244
test,33373.98782205412
test,33353.98543198996
test,33343.98423695788
test,33343.98423695788
test,33333.9830419258
test,33484.00096740701
test,33403.991407150366
test,33383.9890170862
test,33403.991407150366
test,33564.01052766366
test,33674.02367301655
test,33453.997382310765
test,33463.99857734285
test,33564.01052766366
test,33413.99260218244
test,33393.99021211828
test,33363.98662702204
test,33313.98065186163
test,33413.99260218244
test,33433.994992246604
test,33463.99857734285
test,33313.98065186163
test,33373.98782205412
test,33313.98065186163
test,33293.97826179747
test,33263.97467670123
test,33363.98662702204
test,33313.98065186163
test,33293.97826179747
test,33333.9830419258
test,34274.095374941404
test,34404.11091035846
test,34294.097765005565
test,34214.08820474892
test,34534.12644577551
test,34184.084619652676
test,33904.05115875441
test,33854.045183594004
test,34014.0643041073
test,34034.066694171466
test,33443.99618727869
test,33403.991407150366
test,33373.98782205412
test,33343.98423695788
test,33423.99379721453
test,33423.99379721453
test,33433.994992246604
test,33564.01052766366
test,33433.994992246604
test,33574.01172269574
test,33484.00096740701
test,33654.02128295239
test,33383.9890170862
test,33323.981846893716
test,33353.98543198996
test,33323.981846893716
test,33323.981846893716
test,33303.979456829555
test,33283.977066765394
test,33313.98065186163
test,33343.98423695788
test,33313.98065186163
test,33313.98065186163
test,33363.98662702204
test,33283.977066765394
test,35124.19695266829
test,33323.981846893716
test,33253.97348166915
test,33423.99379721453
test,33303.979456829555
test,3039083.1367885014
test,33353.98543198996
test,33393.99021211828
test,33323.981846893716
test,33283.977066765394
test,33303.979456829555
test,33273.97587173331
test,33323.981846893716
test,33253.97348166915
test,33263.97467670123
test,33263.97467670123
test,33283.977066765394
test,33293.97826179747
test,35094.19336757204
test,33293.97826179747
test,33303.979456829555
test,38464.59609338332
test,33383.9890170862
test,33253.97348166915
test,33303.979456829555
test,33323.981846893716
test,33333.9830419258
test,33323.981846893716
test,33303.979456829555
test,33283.977066765394
test,33263.97467670123
test,33303.979456829555
test,33283.977066765394
test,33273.97587173331
test,33263.97467670123
test,33323.981846893716
test,33283.977066765394
test,33363.98662702204
test,33333.9830419258
test,33263.97467670123
test,33323.981846893716
test,33263.97467670123
test,33283.977066765394
test,33303.979456829555
test,33313.98065186163
test,33323.981846893716
test,33353.98543198996
test,33323.981846893716
test,33353.98543198996
test,33383.9890170862
test,33283.977066765394
test,33293.97826179747
test,33333.9830419258
test,33333.9830419258
test,33313.98065186163
test,33333.9830419258
test,33313.98065186163
test,33263.97467670123
test,33313.98065186163
test,33313.98065186163
test,33273.97587173331
test,33273.97587173331
test,33283.977066765394
test,33263.97467670123
test,33283.977066765394
test,33253.97348166915
test,33383.9890170862
test,33383.9890170862
test,33253.97348166915
test,33293.97826179747
test,33273.97587173331
test,33263.97467670123
test,33293.97826179747
test,33393.99021211828
test,33293.97826179747
test,33363.98662702204
test,33263.97467670123
test,33313.98065186163
test,33473.99977237493
test,33403.991407150366
test,33273.97587173331
test,33383.9890170862
test,33303.979456829555
test,33343.98423695788
test,33303.979456829555
test,33333.9830419258
test,33273.97587173331
test,33443.99618727869
test,33303.979456829555
test,33343.98423695788
test,33283.977066765394
test,33323.981846893716
test,33383.9890170862
test,33383.9890170862
test,33413.99260218244
test,33353.98543198996
test,33363.98662702204
test,33353.98543198996
test,33323.981846893716
test,33343.98423695788
test,33333.9830419258
test,33333.9830419258
test,33353.98543198996
test,33303.979456829555
test,33363.98662702204
test,33353.98543198996
test,33373.98782205412
test,33313.98065186163
test,33333.9830419258
test,33293.97826179747
test,33343.98423695788
test,33363.98662702204
test,33353.98543198996
test,33443.99618727869
test,33363.98662702204
test,33363.98662702204
test,33283.977066765394
test,33323.981846893716
test,33333.9830419258
test,33293.97826179747
test,33373.98782205412
test,33323.981846893716
test,33353.98543198996
test,33353.98543198996
test,33333.9830419258
test,33293.97826179747
test,33283.977066765394
test,33303.979456829555
test,33383.9890170862
test,33333.9830419258
test,33303.979456829555
test,33293.97826179747
test,33323.981846893716
test,33333.9830419258
test,33594.0141127599
test,33594.0141127599
test,33584.01291772782
test,33634.01889288823
test,33584.01291772782
test,33614.016502824066
test,33584.01291772782
test,33594.0141127599
test,33453.997382310765
test,33423.99379721453
test,33433.994992246604
test,33383.9890170862
test,33353.98543198996
test,33393.99021211828
test,38004.5411219076
test,33343.98423695788
test,33393.99021211828
test,33283.977066765394
test,33313.98065186163
test,33253.97348166915
test,33383.9890170862
test,33343.98423695788
test,33283.977066765394
test,33313.98065186163
test,33353.98543198996
test,33343.98423695788
test,33373.98782205412
test,33253.97348166915
test,33283.977066765394
test,33343.98423695788
test,38124.55546229257
test,33524.00574753533
test,33433.994992246604
test,33433.994992246604
test,33443.99618727869
test,33403.991407150366
test,33323.981846893716
test,33413.99260218244
test,33433.994992246604
test,33363.98662702204
test,33413.99260218244
test,33393.99021211828
test,33413.99260218244
test,33393.99021211828
test,33363.98662702204
test,33473.99977237493
test,33343.98423695788
test,35364.22563343823
test,33463.99857734285
test,3040733.333968795
test,33984.06071901106
test,33814.04040346568
test,33994.06191404314
test,34044.06788920354
test,33514.004552503255
test,34674.14317622464
test,35214.207707957015
test,35454.23638872696
test,34364.10613023013
test,34884.16827189834
test,34634.13839609632
test,34424.11330042262
test,34454.116885518866
test,36014.30331052349
test,34414.11210539054
test,34354.104935198055
test,35344.223243374065
test,35234.210098021176
test,35314.21965827783
test,34144.079839524355
test,35124.19695266829
test,35234.210098021176
test,35464.23758375904
test,34764.15393151337
test,34924.173052026665
test,34974.17902718707
test,35004.182612283315
test,35884.28777510644
test,36034.305700587654
test,35754.27223968939
test,35014.1838073154
test,35154.20053776453
test,35044.18739241164
test,35764.273434721465
test,35954.296140331004
test,36074.310480715976
test,35494.24116885528
test,35574.25072911193
test,35654.260289368576
test,35664.26148440066
test,35594.25311917609
test,35704.26626452898
test,35714.26745956106
test,35764.273434721465
test,35764.273434721465
test,35764.273434721465
test,33423.99379721453
test,33473.99977237493
test,33393.99021211828
test,33403.991407150366
test,33383.9890170862
test,33664.022477984465
test,33473.99977237493
test,33554.00933263158
test,33684.02486804863
test,33644.020087920304
test,33463.99857734285
test,33343.98423695788
test,33323.981846893716
test,37874.52558649055
test,33293.97826179747
test,33313.98065186163
test,33323.981846893716
test,33463.99857734285
test,33524.00574753533
test,34004.06310907522
test,33974.059523978976
test,33484.00096740701
test,33413.99260218244
test,38014.54231693968
test,33674.02367301655
test,33764.03442830528
test,34124.077449460194
test,34604.134811000076
test,33844.04398856193
test,34424.11330042262
test,33934.054743850655
test,33964.0583289469
test,33954.057133914815
test,35524.24475395153
test,3040583.3160433136
test,34024.06549913938
test,34004.06310907522
test,34074.07147429979
test,33854.045183594004
test,33844.04398856193
test,33373.98782205412
test,35144.19934273245
test,33453.997382310765
test,33363.98662702204
test,33343.98423695788
test,38254.57099770962
test,33463.99857734285
test,33413.99260218244
test,33323.981846893716
test,33293.97826179747
test,33343.98423695788
test,33303.979456829555
test,33303.979456829555
test,33293.97826179747
test,33323.981846893716
test,33363.98662702204
test,33403.991407150366
test,33413.99260218244
test,33383.9890170862
test,33333.9830419258
test,33383.9890170862
test,33313.98065186163
test,33343.98423695788
test,33353.98543198996
test,33303.979456829555
test,33363.98662702204
test,33373.98782205412
test,33423.99379721453
test,33413.99260218244
test,3040063.2539016455
test,33383.9890170862
test,33373.98782205412
test,33353.98543198996
test,33363.98662702204
test,33413.99260218244
test,33473.99977237493
test,33393.99021211828
test,33373.98782205412
test,33333.9830419258
test,33413.99260218244
test,33373.98782205412
test,33353.98543198996
test,33333.9830419258
test,33303.979456829555
test,38374.58533809459
test,33383.9890170862
test,33363.98662702204
test,33373.98782205412
test,33353.98543198996
test,33233.97109160499
test,33323.981846893716
test,33273.97587173331
test,33313.98065186163
test,33363.98662702204
test,33353.98543198996
test,33343.98423695788
test,33333.9830419258
test,33383.9890170862
test,33383.9890170862
test,33333.9830419258
test,37984.53873184344
test,33463.99857734285
test,33403.991407150366
test,33303.979456829555
test,33343.98423695788
test,33293.97826179747
test,33463.99857734285
test,33413.99260218244
test,33323.981846893716
test,33373.98782205412
test,33383.9890170862
test,33403.991407150366
test,33303.979456829555
test,33373.98782205412
test,33383.9890170862
test,33373.98782205412
test,33303.979456829555
test,36414.351111806725
test,33363.98662702204
test,33303.979456829555
test,3040403.2945327363
test,33363.98662702204
test,33343.98423695788
test,33323.981846893716
test,33383.9890170862
test,33353.98543198996
test,33353.98543198996
test,33303.979456829555
test,33443.99618727869
test,33664.022477984465
test,33544.0081375995
test,33534.006942567416
test,33624.01769785614
test,33604.01530779198
test,33644.020087920304
test,33624.01769785614
test,33694.02606308071
test,33584.01291772782
test,33644.020087920304
test,33634.01889288823
test,33624.01769785614
test,33584.01291772782
test,33373.98782205412
test,33393.99021211828
test,33373.98782205412
test,33393.99021211828
test,33353.98543198996
test,33624.01769785614
test,33343.98423695788
test,33433.994992246604
test,33383.9890170862
test,33383.9890170862
test,33313.98065186163
test,33403.991407150366
test,33423.99379721453
test,33383.9890170862
test,33383.9890170862
test,33353.98543198996
test,33343.98423695788
test,33393.99021211828
test,33363.98662702204
test,33343.98423695788
test,34214.08820474892
test,34464.11808055094
test,34314.10015506973
test,34334.102545133894
test,34464.11808055094
test,34054.06908423563
test,34234.09059481308
test,34044.06788920354
test,33814.04040346568
test,34194.08581468476
test,33874.047573658165
test,33584.01291772782
test,33714.02845314487
test,33594.0141127599
test,33544.0081375995
test,33704.027258112794
test,33564.01052766366
test,33494.002162439094
test,33634.01889288823
test,33604.01530779198
test,33484.00096740701
test,33373.98782205412
test,33233.97109160499
test,33453.997382310765
test,33634.01889288823
test,33824.041598497766
test,33854.045183594004
test,34294.097765005565
test,34324.10135010181
test,33814.04040346568
test,34964.177832154994
test,34894.16946693043
test,34274.095374941404
test,34224.089399781
test,34264.09417990933
test,34304.09896003765
test,39244.68930588564
test,34574.13122590383
test,34374.107325262215
test,34184.084619652676
test,34304.09896003765
test,34364.10613023013
test,34374.107325262215
test,34284.09656997349
test,36144.31884594054
test,36354.34394161424
test,35784.275824785625
test,35854.28419001019
test,35704.26626452898
test,35314.21965827783
test,35044.18739241164
test,35134.198147700365
test,35134.198147700365
test,35144.19934273245
test,35194.205317892855
test,35384.22802350239
test,35454.23638872696
test,35274.2148781495
test,35094.19336757204
test,35234.210098021176
test,34994.18141725123
test,35404.230413566554
test,34874.167076866266
test,34964.177832154994
test,34744.15154144921
test,35424.232803630715
test,34884.16827189834
test,35174.202927828694
test,34594.133615968
test,34724.14915138505
test,35564.24953407985
test,35134.198147700365
test,35254.21248808534
test,35464.23758375904
test,36644.37859754459
test,36764.39293792956
test,35734.26984962523
test,35264.21368311742
test,39914.76937303506
test,36834.401303154125
test,35114.195757636204
test,35124.19695266829
test,35114.195757636204
test,35234.210098021176
test,35074.19097750788
test,34864.16588183418
test,34824.16110170586
test,35834.28179994603
test,34304.09896003765
test,34384.1085202943
test,34484.120470615104
test,34374.107325262215
test,34324.10135010181
test,34184.084619652676
test,33604.01530779198
test,33504.00335747117
test,33443.99618727869
test,33443.99618727869
test,33393.99021211828
test,33554.00933263158
test,33514.004552503255
test,33634.01889288823
test,33584.01291772782
test,33383.9890170862
test,33494.002162439094
test,33804.0392084336
test,33504.00335747117
test,33443.99618727869
test,33524.00574753533
test,33734.03084320903
test,33754.0332332732
test,33393.99021211828
test,33323.981846893716
test,33463.99857734285
test,33373.98782205412
test,33453.997382310765
test,33624.01769785614
test,37944.533951715115
test,33484.00096740701
test,33494.002162439094
test,33433.994992246604
test,33303.979456829555
test,33383.9890170862
test,33433.994992246604
test,33473.99977237493
test,33834.04279352984
test,33884.04876869025
test,33584.01291772782
test,34274.095374941404
test,34014.0643041073
test,33954.057133914815
test,34014.0643041073
test,34114.07625442811
test,34194.08581468476
test,34344.10374016597
test,34134.07864449227
test,34124.077449460194
test,34054.06908423563
test,33403.991407150366
test,33373.98782205412
test,33363.98662702204
test,33403.991407150366
test,33403.991407150366
test,33453.997382310765
test,33433.994992246604
test,33363.98662702204
test,33313.98065186163
test,33383.9890170862
test,33253.97348166915
test,33243.972286637065
test,33243.972286637065
test,33213.96870154083
test,33273.97587173331
test,33243.972286637065
test,33223.969896572904
test,39524.7227667839
test,33333.9830419258
test,33323.981846893716
test,33223.969896572904
test,33243.972286637065
test,33253.97348166915
test,33233.97109160499
test,33203.96750650874
test,33263.97467670123
test,33273.97587173331
test,33343.98423695788
test,33263.97467670123
test,33273.97587173331
test,33183.96511644458
test,33273.97587173331
test,33243.972286637065
test,33293.97826179747
test,33263.97467670123
test,33253.97348166915
test,33243.972286637065
test,33223.969896572904
test,33243.972286637065
test,33193.966311476666
test,33223.969896572904
test,33233.97109160499
test,33333.9830419258
test,33243.972286637065
test,33303.979456829555
test,33253.97348166915
test,33283.977066765394
test,3039123.14156863
test,33433.994992246604
test,33403.991407150366
test,33303.979456829555
test,33303.979456829555
test,33333.9830419258
test,33353.98543198996
test,33313.98065186163
test,33293.97826179747
test,33283.977066765394
test,33283.977066765394
test,33323.981846893716
test,37764.51244113766
test,33283.977066765394
test,33263.97467670123
test,33353.98543198996
test,33363.98662702204
test,33303.979456829555
test,33353.98543198996
test,33373.98782205412
test,33333.9830419258
test,33303.979456829555
test,33293.97826179747
test,33433.994992246604
test,33303.979456829555
test,33333.9830419258
test,33293.97826179747
test,33333.9830419258
test,33363.98662702204
test,38124.55546229257
test,33363.98662702204
test,33393.99021211828
test,33353.98543198996
test,33313.98065186163
test,33343.98423695788
test,33313.98065186163
test,33343.98423695788
test,33323.981846893716
test,33333.9830419258
test,33363.98662702204
test,33293.97826179747
test,33303.979456829555
test,33303.979456829555
test,33333.9830419258
test,33433.994992246604
test,33333.9830419258
test,33263.97467670123
test,33433.994992246604
test,33383.9890170862
test,33363.98662702204
test,33373.98782205412
test,33343.98423695788
test,33323.981846893716
test,33353.98543198996
test,33353.98543198996
test,33373.98782205412
test,35084.192172539966
test,33393.99021211828
test,33343.98423695788
test,38444.59370331916
test,33463.99857734285
test,33403.991407150366
test,33423.99379721453
test,33393.99021211828
test,33413.99260218244
test,33413.99260218244
test,33433.994992246604
test,33484.00096740701
test,33494.002162439094
test,33453.997382310765
test,33433.994992246604
test,33473.99977237493
test,33484.00096740701
test,33383.9890170862
test,33403.991407150366
test,33413.99260218244
test,33353.98543198996
test,33393.99021211828
test,33383.9890170862
test,33423.99379721453
test,34084.072669331865
test,34274.095374941404
test,34844.16349177002
test,34884.16827189834
test,33473.99977237493
test,33383.9890170862
test,33433.994992246604
test,33423.99379721453
test,33363.98662702204
test,33453.997382310765
test,33504.00335747117
test,33433.994992246604
test,33443.99618727869
test,33453.997382310765
test,33473.99977237493
test,33423.99379721453
test,33463.99857734285
test,33494.002162439094
test,33494.002162439094
test,33514.004552503255
test,33524.00574753533
test,33514.004552503255
test,33534.006942567416
test,33514.004552503255
test,33393.99021211828
test,33423.99379721453
test,33423.99379721453
test,33373.98782205412
test,33413.99260218244
test,33413.99260218244
test,33453.997382310765
test,33403.991407150366
test,33504.00335747117
test,33494.002162439094
test,33433.994992246604
test,33423.99379721453
test,33363.98662702204
test,33353.98543198996
test,33453.997382310765
test,33353.98543198996
test,33393.99021211828
test,33333.9830419258
test,33373.98782205412
test,33443.99618727869
test,33423.99379721453
test,33353.98543198996
test,33333.9830419258
test,33423.99379721453
test,33393.99021211828
test,33353.98543198996
test,33514.004552503255
test,33554.00933263158
test,3041453.4200111046
test,34984.180222219155
test,34754.152736481294
test,34904.170661962504
test,34854.1646868021
test,34804.1587116417
test,34694.145566288804
test,35514.24355891944
test,35494.24116885528
test,36014.30331052349
test,35574.25072911193
test,36104.31406581222
test,37524.483760367715
test,35684.26387446482
test,35454.23638872696
test,41664.978503649225
test,35884.28777510644
test,36094.31287078014
test,35664.26148440066
test,36094.31287078014
test,35374.22682847031
test,35234.210098021176
test,35214.207707957015
test,34654.14078616048
test,34624.13720106424
test,34614.13600603216
test,34674.14317622464
test,34684.14437125673
test,34714.147956352965
test,34644.1395911284
test,34714.147956352965
test,34794.157516609615
test,34704.14676132089
test,34784.15632157753
test,34764.15393151337
test,34944.17544209083
test,34704.14676132089
test,34904.170661962504
test,34034.066694171466
test,34064.070279267704
test,34064.070279267704
test,34004.06310907522
test,33934.054743850655
test,33994.06191404314
test,3040573.3148482814
test,34514.12405571135
test,33684.02486804863
test,34294.097765005565
test,33914.052353786494
test,35524.24475395153
test,34424.11330042262
test,34264.09417990933
test,34304.09896003765
test,39324.69886614229
test,34244.091789845166
test,34444.11569048678
test,34114.07625442811
test,34424.11330042262
test,34264.09417990933
test,34114.07625442811
test,34344.10374016597
test,35274.2148781495
test,35634.257899304415
test,35154.20053776453
test,35434.2339986628
test,35444.235193694876
test,34994.18141725123
test,34994.18141725123
test,35574.25072911193
test,34924.173052026665
test,34834.16229673794
test,34774.155126545455
test,34804.1587116417
test,34774.155126545455
test,34804.1587116417
test,34764.15393151337
test,35264.21368311742
test,35474.23877879112
test,35504.242363887366
test,35994.300920459325
test,35354.22443840615
test,35744.271044657304
test,35474.23877879112
test,35444.235193694876
test,3040163.265851966
test,33283.977066765394
test,33273.97587173331
test,33263.97467670123
test,33283.977066765394
test,33253.97348166915
test,33243.972286637065
test,33263.97467670123
test,33303.979456829555
test,33343.98423695788
test,33323.981846893716
test,33303.979456829555
test,33273.97587173331
test,33333.9830419258
test,33323.981846893716
test,33323.981846893716
test,33353.98543198996
test,33413.99260218244
test,33383.9890170862
test,33303.979456829555
test,35314.21965827783
test,33323.981846893716
test,33333.9830419258
test,33353.98543198996
test,33283.977066765394
test,33373.98782205412
test,33403.991407150366
test,33393.99021211828
test,33373.98782205412
test,33393.99021211828
test,33353.98543198996
test,33403.991407150366
test,33313.98065186163
test,33353.98543198996
test,33343.98423695788
test,37794.5160262339
test,33413.99260218244
test,33353.98543198996
test,33333.9830419258
test,33353.98543198996
test,33373.98782205412
test,33453.997382310765
test,33373.98782205412
test,33413.99260218244
test,33373.98782205412
test,33333.9830419258
test,33333.9830419258
test,33313.98065186163
test,3038823.1057176674
test,33343.98423695788
test,33353.98543198996
test,33363.98662702204
test,33333.9830419258
test,33253.97348166915
test,33303.979456829555
test,33303.979456829555
test,33293.97826179747
test,33343.98423695788
test,33323.981846893716
test,33313.98065186163
test,33363.98662702204
test,33293.97826179747
test,33313.98065186163
test,33293.97826179747
test,33343.98423695788
test,33413.99260218244
test,33313.98065186163
test,33303.979456829555
test,33283.977066765394
test,37684.50288088101
test,33393.99021211828
test,33233.97109160499
test,33313.98065186163
test,33343.98423695788
test,33293.97826179747
test,33213.96870154083
test,33313.98065186163
test,33233.97109160499
test,33253.97348166915
test,33243.972286637065
test,33313.98065186163
test,33293.97826179747
test,33323.981846893716
test,34894.16946693043
test,33313.98065186163
test,33333.9830419258
test,3039353.1690543676
test,33293.97826179747
test,33263.97467670123
test,33293.97826179747
test,33253.97348166915
test,33213.96870154083
test,33213.96870154083
test,33243.972286637065
test,33253.97348166915
test,33303.979456829555
test,33283.977066765394
test,33303.979456829555
test,33333.9830419258
test,33323.981846893716
test,35104.19456260413
test,33333.9830419258
test,33323.981846893716
test,33373.98782205412
test,33243.972286637065
test,33283.977066765394
test,33263.97467670123
test,33253.97348166915
test,33303.979456829555
test,33323.981846893716
test,33243.972286637065
test,33333.9830419258
test,33303.979456829555
test,33303.979456829555
test,33303.979456829555
test,33253.97348166915
test,33233.97109160499
test,33363.98662702204
test,33303.979456829555
test,37734.508856041415
test,33323.981846893716
test,33233.97109160499
test,33313.98065186163
test,33233.97109160499
test,33253.97348166915
test,33273.97587173331
test,33263.97467670123
test,33313.98065186163
test,33383.9890170862
test,33293.97826179747
test,33333.9830419258
test,33323.981846893716
test,33313.98065186163
test,33273.97587173331
test,33293.97826179747
test,3040883.351894276
test,33263.97467670123
test,33253.97348166915
test,33293.97826179747
test,33303.979456829555
test,33273.97587173331
test,33303.979456829555
test,33253.97348166915
test,33283.977066765394
test,33273.97587173331
test,33233.97109160499
test,33313.98065186163
test,33253.97348166915
test,33303.979456829555
test,33273.97587173331
test,33293.97826179747
test,33303.979456829555
test,33253.97348166915
test,33383.9890170862
test,33433.994992246604
test,33373.98782205412
test,33313.98065186163
test,33343.98423695788
test,33333.9830419258
test,33313.98065186163
test,33283.977066765394
test,33343.98423695788
test,33363.98662702204
test,33293.97826179747
test,33353.98543198996
test,33353.98543198996
test,33393.99021211828
test,33293.97826179747
test,33313.98065186163
test,33373.98782205412
test,33323.981846893716
test,33273.97587173331
test,33323.981846893716
test,35044.18739241164
test,33403.991407150366
test,33303.979456829555
test,3040723.3327737628
test,33504.00335747117
test,33423.99379721453
test,33363.98662702204
test,33303.979456829555
test,33353.98543198996
test,33303.979456829555
test,33333.9830419258
test,33323.981846893716
test,33363.98662702204
test,33293.97826179747
test,37204.44551934113
test,33343.98423695788
test,33303.979456829555
test,37944.533951715115
test,33373.98782205412
test,33293.97826179747
test,33303.979456829555
test,33303.979456829555
test,33293.97826179747
test,33293.97826179747
test,33283.977066765394
test,33313.98065186163
test,33343.98423695788
test,33323.981846893716
test,33293.97826179747
test,33263.97467670123
test,33293.97826179747
test,33263.97467670123
test,33283.977066765394
test,33293.97826179747
test,33283.977066765394
test,33243.972286637065
test,33273.97587173331
test,33293.97826179747
test,33323.981846893716
test,33323.981846893716
test,33343.98423695788
test,33333.9830419258
test,33323.981846893716
test,33323.981846893716
test,33333.9830419258
test,33313.98065186163
test,33353.98543198996
test,33283.977066765394
test,33303.979456829555
test,33353.98543198996
test,33403.991407150366
test,33333.9830419258
test,33303.979456829555
test,33293.97826179747
test,33323.981846893716
test,33403.991407150366
test,33303.979456829555
test,33323.981846893716
test,33323.981846893716
test,33323.981846893716
test,33323.981846893716
test,33343.98423695788
test,37974.53753681136
test,33343.98423695788
test,33373.98782205412
test,33413.99260218244
test,33353.98543198996
test,33323.981846893716
test,33313.98065186163
test,33313.98065186163
test,33343.98423695788
test,33283.977066765394
test,33373.98782205412
test,37794.5160262339
test,33433.994992246604
test,33373.98782205412
test,33273.97587173331
test,33283.977066765394
test,33323.981846893716
test,33313.98065186163
test,33433.994992246604
test,33403.991407150366
test,33433.994992246604
test,33393.99021211828
test,33453.997382310765
test,35324.220853309904
test,33403.991407150366
test,33504.00335747117
test,33343.98423695788
test,33273.97587173331
test,33293.97826179747
test,33353.98543198996
test,33283.977066765394
test,33293.97826179747
test,33273.97587173331
test,33313.98065186163
test,33253.97348166915
test,35394.22921853447
test,33363.98662702204
test,33293.97826179747
test,33313.98065186163
test,33333.9830419258
test,33323.981846893716
test,33283.977066765394
test,33443.99618727869
test,33263.97467670123
test,33253.97348166915
test,33283.977066765394
test,33253.97348166915
test,33233.97109160499
test,33333.9830419258
test,33353.98543198996
test,33343.98423695788
test,33343.98423695788
test,33353.98543198996
test,33293.97826179747
test,33323.981846893716
test,33263.97467670123
test,33303.979456829555
test,33243.972286637065
test,33233.97109160499
test,33213.96870154083
test,33313.98065186163
test,33243.972286637065
test,33333.9830419258
test,33403.991407150366
test,3038853.109302764
test,33383.9890170862
test,33353.98543198996
test,33363.98662702204
test,33343.98423695788
test,33383.9890170862
test,33333.9830419258
test,33353.98543198996
test,33383.9890170862
test,33403.991407150366
test,33363.98662702204
test,33413.99260218244
test,33463.99857734285
test,33393.99021211828
test,33303.979456829555
test,33333.9830419258
test,33383.9890170862
test,37724.50766100933
test,33363.98662702204
test,33393.99021211828
test,33393.99021211828
test,33303.979456829555
test,33443.99618727869
test,33383.9890170862
test,33393.99021211828
test,33343.98423695788
test,33323.981846893716
test,33303.979456829555
test,33353.98543198996
test,33283.977066765394
test,33353.98543198996
test,33914.052353786494
test,34704.14676132089
test,34694.145566288804
test,33594.0141127599
test,33433.994992246604
test,33443.99618727869
test,33443.99618727869
test,33403.991407150366
test,33433.994992246604
test,33574.01172269574
test,33473.99977237493
test,33463.99857734285
test,33393.99021211828
test,33383.9890170862
test,33453.997382310765
test,33363.98662702204
test,33333.9830419258
test,33373.98782205412
test,33363.98662702204
test,33363.98662702204
test,33323.981846893716
test,33313.98065186163
test,33343.98423695788
test,33373.98782205412
test,35144.19934273245
test,33413.99260218244
test,33323.981846893716
test,37854.52319642639
test,33443.99618727869
test,33494.002162439094
test,33674.02367301655
test,33494.002162439094
test,33403.991407150366
test,33393.99021211828
test,33564.01052766366
test,33574.01172269574
test,33514.004552503255
test,33363.98662702204
test,33423.99379721453
test,33393.99021211828
test,33293.97826179747
test,33313.98065186163
test,33594.0141127599
test,33494.002162439094
test,33684.02486804863
test,33814.04040346568
test,33453.997382310765
test,33624.01769785614
test,34284.09656997349
test,34174.0834246206
test,33403.991407150366
test,33554.00933263158
test,33634.01889288823
test,33524.00574753533
test,33423.99379721453
test,33403.991407150366
test,35374.22682847031
test,35364.22563343823
test,35364.22563343823
test,35364.22563343823
test,35334.22204834199
test,35304.21846324574
test,34604.134811000076
test,34564.130030871755
test,34564.130030871755
test,34524.12525074343
test,34584.132420935915
test,34524.12525074343
test,34554.12883583967
test,34544.127640807594
test,34564.130030871755
test,34524.12525074343
test,34574.13122590383
test,34524.12525074343
test,34504.122860679265
test,34514.12405571135
test,34434.1144954547
test,34304.09896003765
test,34374.107325262215
test,34704.14676132089
test,34244.091789845166
test,33754.0332332732
test,33764.03442830528
test,33684.02486804863
test,33704.027258112794
test,33724.029648176955
test,33654.02128295239
test,33724.029648176955
test,33734.03084320903
test,33704.027258112794
test,38234.56860764546
test,33764.03442830528
test,33734.03084320903
test,33674.02367301655
test,33714.02845314487
test,33724.029648176955
test,33684.02486804863
test,33524.00574753533
test,33724.029648176955
test,33714.02845314487
test,33283.977066765394
test,33243.972286637065
test,35104.19456260413
test,33273.97587173331
test,33253.97348166915
test,33313.98065186163
test,33243.972286637065
test,33293.97826179747
test,33323.981846893716
test,33343.98423695788
test,33283.977066765394
test,33323.981846893716
test,35314.21965827783
test,33343.98423695788
test,33363.98662702204
test,33303.979456829555
test,33323.981846893716
test,33243.972286637065
test,33323.981846893716
test,33323.981846893716
test,33233.97109160499
test,33253.97348166915
test,33303.979456829555
test,33333.9830419258
test,33273.97587173331
test,33203.96750650874
test,33263.97467670123
test,33263.97467670123
test,33283.977066765394
test,33293.97826179747
test,33333.9830419258
test,33313.98065186163
test,33343.98423695788
test,33373.98782205412
test,33333.9830419258
test,33303.979456829555
test,33303.979456829555
test,33323.981846893716
test,33303.979456829555
test,33403.991407150366
test,33333.9830419258
test,33323.981846893716
test,33383.9890170862
test,33343.98423695788
test,33343.98423695788
test,33383.9890170862
test,33313.98065186163
test,3040143.2634619023
test,33433.994992246604
test,33634.01889288823
test,33864.04637862609
test,34494.12166564719
test,34664.141981192566
test,34754.152736481294
test,34744.15154144921
test,34454.116885518866
test,34194.08581468476
test,33904.05115875441
test,33524.00574753533
test,33484.00096740701
test,33423.99379721453
test,33514.004552503255
test,33534.006942567416
test,39934.77176309922
test,33524.00574753533
test,33494.002162439094
test,33514.004552503255
test,33494.002162439094
test,33514.004552503255
test,33814.04040346568
test,33864.04637862609
test,33634.01889288823
test,33704.027258112794
test,33714.02845314487
test,33714.02845314487
test,38554.606848672054
test,33784.03681836944
test,33734.03084320903
test,33734.03084320903
test,33744.032038241116
test,33774.03562333736
test,33634.01889288823
test,33443.99618727869
test,33443.99618727869
test,33393.99021211828
test,35164.20173279661
test,33463.99857734285
test,33383.9890170862
test,3039663.2061003624
test,33494.002162439094
test,33353.98543198996
test,33303.979456829555
test,33313.98065186163
test,33323.981846893716
test,33363.98662702204
test,33343.98423695788
test,33343.98423695788
test,33293.97826179747
test,33283.977066765394
test,33323.981846893716
test,33313.98065186163
test,35194.205317892855
test,33283.977066765394
test,33373.98782205412
test,33443.99618727869
test,34464.11808055094
test,34334.102545133894
test,33904.05115875441
test,33494.002162439094
test,33534.006942567416
test,33413.99260218244
test,34014.0643041073
test,33403.991407150366
test,34024.06549913938
test,34554.12883583967
test,34374.107325262215
test,33534.006942567416
test,33594.0141127599
test,33584.01291772782
test,33594.0141127599
test,33634.01889288823
test,34104.07505939603
test,34504.122860679265
test,34644.1395911284
test,34884.16827189834
test,34384.1085202943
test,34214.08820474892
test,35124.19695266829
test,34174.0834246206
test,34154.08103455643
test,34334.102545133894
test,34244.091789845166
test,34244.091789845166
test,3040093.257486742
test,34644.1395911284
test,34814.159906673776
test,34874.167076866266
test,34424.11330042262
test,35134.198147700365
test,34904.170661962504
test,34914.17185699459
test,34464.11808055094
test,38624.61521389662
test,33844.04398856193
test,33854.045183594004
test,33824.041598497766
test,34324.10135010181
test,34404.11091035846
test,34214.08820474892
test,34234.09059481308
test,34224.089399781
test,34174.0834246206
test,34264.09417990933
test,39164.679745628986
test,34214.08820474892
test,34204.08700971684
test,34344.10374016597
test,34264.09417990933
test,34224.089399781
test,34274.095374941404
test,34004.06310907522
test,33984.06071901106
test,34054.06908423563
test,33494.002162439094
test,33494.002162439094
test,33484.00096740701
test,34224.089399781
test,34134.07864449227
test,34674.14317622464
test,35764.273434721465
test,34774.155126545455
test,35094.19336757204
test,34884.16827189834
test,34854.1646868021
test,36854.40369321829
test,34894.16946693043
test,34754.152736481294
test,34824.16110170586
test,34824.16110170586
test,34814.159906673776
test,34764.15393151337
test,34924.173052026665
test,35544.24714401569
test,35194.205317892855
test,34784.15632157753
test,35174.202927828694
test,35554.248339047765
test,35104.19456260413
test,35164.20173279661
test,35024.185002347476
test,35454.23638872696
test,35164.20173279661
test,35134.198147700365
test,35634.257899304415
test,35614.255509240254
test,35234.210098021176
test,35244.21129305326
test,35134.198147700365
test,35454.23638872696
test,34954.17663712291
test,34894.16946693043
test,34554.12883583967
test,34394.109715326376
test,34414.11210539054
test,34494.12166564719
test,34234.09059481308
test,34264.09417990933
test,34334.102545133894
test,34224.089399781
test,34154.08103455643
test,33984.06071901106
test,34064.070279267704
test,34114.07625442811
test,34184.084619652676
test,35094.19336757204
test,35414.23160859863
test,35774.27462975355
test,36124.31645587638
test,35474.23877879112
test,35044.18739241164
test,34804.1587116417
test,34924.173052026665
test,34994.18141725123
test,34964.177832154994
test,41134.91516694894
test,35074.19097750788
test,34954.17663712291
test,35124.19695266829
test,35694.2650694969
test,34864.16588183418
test,34884.16827189834
test,34894.16946693043
test,34824.16110170586
test,35104.19456260413
test,35344.223243374065
test,35394.22921853447
test,35534.245948983604
test,35914.29136020268
test,35694.2650694969
test,36354.34394161424
test,35974.298530395165
test,35704.26626452898
test,35444.235193694876
test,40974.89604643564
test,35224.2089029891
test,35224.2089029891
test,35264.21368311742
test,35224.2089029891
test,35334.22204834199
test,35304.21846324574
test,35294.217268213666
test,35194.205317892855
test,35494.24116885528
test,35884.28777510644
test,35984.29972542725
test,35244.21129305326
test,35244.21129305326
test,35334.22204834199
test,35064.1897824758
test,3041843.466617356
test,33864.04637862609
test,34604.134811000076
test,34834.16229673794
test,34034.066694171466
test,34044.06788920354
test,34664.141981192566
test,35254.21248808534
test,34754.152736481294
test,34294.097765005565
test,34714.147956352965
test,34574.13122590383
test,34614.13600603216
test,34674.14317622464
test,34514.12405571135
test,34394.109715326376
test,34714.147956352965
test,34414.11210539054
test,34484.120470615104
test,34414.11210539054
test,34634.13839609632
test,34964.177832154994
test,35014.1838073154
test,34754.152736481294
test,34704.14676132089
test,34734.15034641713
test,34784.15632157753
test,34904.170661962504
test,35214.207707957015
test,35404.230413566554
test,35414.23160859863
test,34874.167076866266
test,34784.15632157753
test,35094.19336757204
test,34034.066694171466
test,34074.07147429979
test,34184.084619652676
test,34084.072669331865
test,3040933.3578694365
test,35134.198147700365
test,35044.18739241164
test,34334.102545133894
test,34434.1144954547
test,34304.09896003765
test,34304.09896003765
test,34384.1085202943
test,34434.1144954547
test,34144.079839524355
test,34364.10613023013
test,33724.029648176955
test,34244.091789845166
test,33814.04040346568
test,33614.016502824066
test,33604.01530779198
test,33714.02845314487
test,33614.016502824066
test,33574.01172269574
test,38504.60087351165
test,33574.01172269574
test,33574.01172269574
test,33594.0141127599
test,33584.01291772782
test,33413.99260218244
test,33423.99379721453
test,33564.01052766366
test,33504.00335747117
test,33373.98782205412
test,33494.002162439094
test,33734.03084320903
test,33574.01172269574
test,33574.01172269574
test,33544.0081375995
test,37914.53036661887
test,33554.00933263158
test,33504.00335747117
test,33574.01172269574
test,33524.00574753533
test,33544.0081375995
test,33403.991407150366
test,35344.223243374065
test,33473.99977237493
test,3039243.155909015
test,33724.029648176955
test,34304.09896003765
test,34044.06788920354
test,33504.00335747117
test,33674.02367301655
test,33824.041598497766
test,34134.07864449227
test,35364.22563343823
test,35504.242363887366
test,35254.21248808534
test,33874.047573658165
test,33794.03801340152
test,33964.0583289469
test,33764.03442830528
test,33694.02606308071
test,34414.11210539054
test,34214.08820474892
test,34214.08820474892
test,34514.12405571135
test,34484.120470615104
test,35194.205317892855
test,34544.127640807594
test,35264.21368311742
test,35174.202927828694
test,35124.19695266829
test,35204.20651292493
test,35174.202927828694
test,35154.20053776453
test,35164.20173279661
test,35204.20651292493
test,34844.16349177002
test,35044.18739241164
test,35054.18858744372
test,34704.14676132089
test,34734.15034641713
test,34474.11927558303
test,34564.130030871755
test,33634.01889288823
test,33674.02367301655
test,34034.066694171466
test,33814.04040346568
test,33894.04996372233
test,33924.05354881857
test,34224.089399781
test,33734.03084320903
test,33564.01052766366
test,33564.01052766366
test,33594.0141127599
test,33584.01291772782
test,33874.047573658165
test,34764.15393151337
test,33804.0392084336
test,33453.997382310765
test,33433.994992246604
test,34334.102545133894
test,34224.089399781
test,34174.0834246206
test,34384.1085202943
test,34084.072669331865
test,34344.10374016597
test,34764.15393151337
test,35224.2089029891
test,34534.12644577551
test,34954.17663712291
test,35604.25431420817
test,35234.210098021176
test,34734.15034641713
test,34854.1646868021
test,34864.16588183418
test,34904.170661962504
test,34924.173052026665
test,35134.198147700365
test,34994.18141725123
test,34064.070279267704
test,33544.0081375995
test,33614.016502824066
test,33774.03562333736
test,33564.01052766366
test,34224.089399781
test,34244.091789845166
test,34474.11927558303
test,33884.04876869025
test,34134.07864449227
test,34084.072669331865
test,34774.155126545455
test,35664.26148440066
test,35684.26387446482
test,34094.07386436395
test,34274.095374941404
test,34304.09896003765
test,34204.08700971684
test,34314.10015506973
test,34204.08700971684
test,35744.271044657304
test,35154.20053776453
test,35654.260289368576
test,35144.19934273245
test,34964.177832154994
test,34934.17424705875
test,39854.762202842576
test,34854.1646868021
test,35384.22802350239
test,35514.24355891944
test,35054.18858744372
test,35144.19934273245
test,34984.180222219155
test,35024.185002347476
test,35034.18619737956
test,35604.25431420817
test,35604.25431420817
test,35884.28777510644
test,35834.28179994603
test,36074.310480715976
test,35864.285385042276
test,35674.26267943274
test,35654.260289368576
test,35584.25192414401
test,35924.29255523476
test,35964.29733536309
test,35654.260289368576
test,3040933.3578694365
test,33473.99977237493
test,33353.98543198996
test,33463.99857734285
test,33423.99379721453
test,33443.99618727869
test,33494.002162439094
test,33504.00335747117
test,33494.002162439094
test,33544.0081375995
test,33544.0081375995
test,33584.01291772782
test,33534.006942567416
test,33463.99857734285
test,33504.00335747117
test,33443.99618727869
test,33814.04040346568
test,33724.029648176955
test,33744.032038241116
test,33714.02845314487
test,33674.02367301655
test,33724.029648176955
test,33754.0332332732
test,33644.020087920304
test,33614.016502824066
test,33704.027258112794
test,33624.01769785614
test,33654.02128295239
test,33804.0392084336
test,33674.02367301655
test,33504.00335747117
test,33604.01530779198
test,33534.006942567416
test,33704.027258112794
test,33504.00335747117
test,33544.0081375995
test,33383.9890170862
test,33463.99857734285
test,33433.994992246604
test,33463.99857734285
test,33443.99618727869
test,34154.08103455643
test,34034.066694171466
test,33504.00335747117
test,3040383.292142672
test,35534.245948983604
test,35094.19336757204
test,35134.198147700365
test,34854.1646868021
test,34814.159906673776
test,35424.232803630715
test,35514.24355891944
test,35404.230413566554
test,35404.230413566554
test,35494.24116885528
test,35914.29136020268
test,35744.271044657304
test,37324.45985972609
test,35314.21965827783
test,35234.210098021176
test,35214.207707957015
test,35274.2148781495
test,35324.220853309904
test,35264.21368311742
test,35274.2148781495
test,35204.20651292493
test,35184.20412286077
test,35184.20412286077
test,35094.19336757204
test,35124.19695266829
test,35124.19695266829
test,35144.19934273245
test,36304.33796645384
test,36704.385767737076
test,35724.26865459314
test,36724.38815780124
test,35334.22204834199
test,35684.26387446482
test,40214.805223997486
test,35724.26865459314
test,35874.28658007436
test,35954.296140331004
test,35804.27821484979
test,35794.27701981771
test,35524.24475395153
test,35304.21846324574
test,35124.19695266829
test,34824.16110170586
test,34794.157516609615
test,34914.17185699459
test,34964.177832154994
test,34824.16110170586
test,34784.15632157753
test,34834.16229673794
test,35174.202927828694
test,34144.079839524355
test,33984.06071901106
test,33994.06191404314
test,33984.06071901106
test,33934.054743850655
test,33954.057133914815
test,34034.066694171466
test,33323.981846893716
test,33233.97109160499
test,33283.977066765394
test,33283.977066765394
test,33293.97826179747
test,33363.98662702204
test,33564.01052766366
test,33514.004552503255
test,33453.997382310765
test,33453.997382310765
test,33463.99857734285
test,33343.98423695788
test,33333.9830419258
test,33403.991407150366
test,33373.98782205412
test,33383.9890170862
test,33343.98423695788
test,33303.979456829555
test,38344.581752998354
test,33353.98543198996
test,33373.98782205412
test,33303.979456829555
test,33253.97348166915
test,33263.97467670123
test,33243.972286637065
test,33233.97109160499
test,33383.9890170862
test,33353.98543198996
test,33323.981846893716
test,34614.13600603216
test,34604.134811000076
test,34714.147956352965
test,35234.210098021176
test,35554.248339047765
test,35274.2148781495
test,35094.19336757204
test,35144.19934273245
test,34424.11330042262
test,34454.116885518866
test,34404.11091035846
test,34394.109715326376
test,34444.11569048678
test,34484.120470615104
test,34404.11091035846
test,34344.10374016597
test,34414.11210539054
test,34434.1144954547
test,34404.11091035846
test,34364.10613023013
test,34524.12525074343
test,34514.12405571135
test,34504.122860679265
test,34574.13122590383
test,34524.12525074343
test,34544.127640807594
test,34504.122860679265
test,34494.12166564719
test,34414.11210539054
test,34444.11569048678
test,34424.11330042262
test,34444.11569048678
test,34444.11569048678
test,34484.120470615104
test,34454.116885518866
test,34424.11330042262
test,34224.089399781
test,34174.0834246206
test,34304.09896003765
test,33864.04637862609
test,33604.01530779198
test,33614.016502824066
test,33644.020087920304
test,33884.04876869025
test,33844.04398856193
test,33814.04040346568
test,3040263.277802287
test,34554.12883583967
test,34674.14317622464
test,34534.12644577551
test,34184.084619652676
test,34974.17902718707
test,34584.132420935915
test,34224.089399781
test,34264.09417990933
test,35284.21607318158
test,34924.173052026665
test,34914.17185699459
test,34834.16229673794
test,34794.157516609615
test,34984.180222219155
test,34874.167076866266
test,34854.1646868021
test,40404.827929607025
test,35084.192172539966
test,36014.30331052349
test,35784.275824785625
test,36624.376207480425
test,36614.37501244835
test,36204.326016133025
test,35614.255509240254
test,35934.29375026684
test,35934.29375026684
test,35794.27701981771
test,35764.273434721465
test,36134.31765090846
test,41384.94504275096
test,35804.27821484979
test,35814.27940988187
test,35774.27462975355
test,35754.27223968939
test,35954.296140331004
test,36644.37859754459
test,36084.31167574806
test,36684.383377672915
test,36984.41922863534
test,37084.431178956154
test,36514.36306212754
test,3043483.6626026174
test,35624.25670427233
test,36264.333186325515
test,36364.34513664633
test,35654.260289368576
test,35444.235193694876
test,36134.31765090846
test,36084.31167574806
test,35844.282994978115
test,35754.27223968939
test,35854.28419001019
test,35864.285385042276
test,35994.300920459325
test,35914.29136020268
test,35904.2901651706
test,35864.285385042276
test,35884.28777510644
test,35934.29375026684
test,35994.300920459325
test,35884.28777510644
test,35704.26626452898
test,35664.26148440066
test,35804.27821484979
test,35684.26387446482
test,35624.25670427233
test,35624.25670427233
test,35594.25311917609
test,41244.928312301825
test,35584.25192414401
test,35734.26984962523
test,35964.29733536309
test,35974.298530395165
test,35674.26267943274
test,35604.25431420817
test,35774.27462975355
test,35734.26984962523
test,35534.245948983604
test,35764.273434721465
test,35594.25311917609
test,34834.16229673794
test,34864.16588183418
test,34864.16588183418
test,34944.17544209083
test,35004.182612283315
test,34824.16110170586
test,34844.16349177002
test,3041953.479762709
test,35864.285385042276
test,35194.205317892855
test,35074.19097750788
test,35124.19695266829
test,35244.21129305326
test,35194.205317892855
test,35174.202927828694
test,35284.21607318158
test,35514.24355891944
test,35344.223243374065
test,35354.22443840615
test,35434.2339986628
test,35474.23877879112
test,35884.28777510644
test,35934.29375026684
test,35734.26984962523
test,35324.220853309904
test,35564.24953407985
test,35824.280604913954
test,35944.29494529893
test,35414.23160859863
test,35334.22204834199
test,35434.2339986628
test,35304.21846324574
test,35384.22802350239
test,35344.223243374065
test,35444.235193694876
test,35474.23877879112
test,35624.25670427233
test,37534.48495539979
test,34984.180222219155
test,34834.16229673794
test,34834.16229673794
test,34924.173052026665
test,35634.257899304415
test,36154.32004097263
test,35684.26387446482
test,35484.2399738232
test,35964.29733536309
test,35754.27223968939
test,36124.31645587638
test,35664.26148440066
test,3041563.4331564577
test,34154.08103455643
test,34224.089399781
test,34104.07505939603
test,34094.07386436395
test,34244.091789845166
test,34754.152736481294
test,34174.0834246206
test,34184.084619652676
test,34094.07386436395
test,34954.17663712291
test,34794.157516609615
test,35024.185002347476
test,35064.1897824758
test,35034.18619737956
test,35074.19097750788
test,34974.17902718707
test,42145.035865189115
test,34994.18141725123
test,35074.19097750788
test,34984.180222219155
test,35024.185002347476
test,34904.170661962504
test,34884.16827189834
test,34664.141981192566
test,34594.133615968
test,34634.13839609632
test,34504.122860679265
test,34614.13600603216
test,34624.13720106424
test,34664.141981192566
test,34564.130030871755
test,34484.120470615104
test,41044.90441166021
test,34454.116885518866
test,34514.12405571135
test,34394.109715326376
test,34504.122860679265
test,34314.10015506973
test,34484.120470615104
test,34184.084619652676
test,33784.03681836944
test,33814.04040346568
test,33874.047573658165
test,33974.059523978976
test,33844.04398856193
test,33984.06071901106
test,34204.08700971684
test,34884.16827189834
test,34214.08820474892
test,34574.13122590383
test,34544.127640807594
test,34784.15632157753
test,34354.104935198055
test,34384.1085202943
test,34424.11330042262
test,34654.14078616048
test,35364.22563343823
test,34664.141981192566
test,34564.130030871755
test,34474.11927558303
test,40914.88887624315
test,34824.16110170586
test,34654.14078616048
test,35294.217268213666
test,34854.1646868021
test,35344.223243374065
test,35274.2148781495
test,35184.20412286077
test,35034.18619737956
test,35074.19097750788
test,36854.40369321829
test,35054.18858744372
test,35084.192172539966
test,40244.80880909373
test,35064.1897824758
test,34984.180222219155
test,35054.18858744372
test,35064.1897824758
test,35104.19456260413
test,35244.21129305326
test,34794.157516609615
test,34954.17663712291
test,35094.19336757204
test,34384.1085202943
test,34254.09298487724
test,34364.10613023013
test,34424.11330042262
test,34244.091789845166
test,34254.09298487724
test,34364.10613023013
test,33433.994992246604
test,33393.99021211828
test,33413.99260218244
test,33333.9830419258
test,33403.991407150366
test,33363.98662702204
test,33874.047573658165
test,34184.084619652676
test,34394.109715326376
test,34614.13600603216
test,34234.09059481308
test,33494.002162439094
test,33413.99260218244
test,38384.586533126676
test,33413.99260218244
test,33393.99021211828
test,33353.98543198996
test,33403.991407150366
test,34344.10374016597
test,34074.07147429979
test,33914.052353786494
test,34004.06310907522
test,33984.06071901106
test,33964.0583289469
test,33934.054743850655
test,33984.06071901106
test,34004.06310907522
test,33964.0583289469
test,39164.679745628986
test,33954.057133914815
test,33924.05354881857
test,33994.06191404314
test,33924.05354881857
test,33764.03442830528
test,33664.022477984465
test,33293.97826179747
test,33383.9890170862
test,33373.98782205412
test,33343.98423695788
test,33363.98662702204
test,33343.98423695788
test,33373.98782205412
test,33363.98662702204
test,3040183.2682420304
test,33453.997382310765
test,33333.9830419258
test,33363.98662702204
test,33363.98662702204
test,33403.991407150366
test,33504.00335747117
test,33524.00574753533
test,33423.99379721453
test,33494.002162439094
test,33574.01172269574
test,33433.994992246604
test,33634.01889288823
test,33714.02845314487
test,33704.027258112794
test,33724.029648176955
test,38704.624774153264
test,33534.006942567416
test,33564.01052766366
test,33504.00335747117
test,33514.004552503255
test,33554.00933263158
test,33594.0141127599
test,33584.01291772782
test,34154.08103455643
test,34274.095374941404
test,33654.02128295239
test,34284.09656997349
test,34624.13720106424
test,33634.01889288823
test,33604.01530779198
test,33514.004552503255
test,33554.00933263158
test,33484.00096740701
test,33644.020087920304
test,33834.04279352984
test,34194.08581468476
test,34624.13720106424
test,33994.06191404314
test,34264.09417990933
test,33954.057133914815
test,34114.07625442811
test,33894.04996372233
test,34564.130030871755
test,34544.127640807594
test,34584.132420935915
test,34244.091789845166
test,34294.097765005565
test,34544.127640807594
test,34364.10613023013
test,33784.03681836944
test,33764.03442830528
test,33664.022477984465
test,33674.02367301655
test,33714.02845314487
test,33734.03084320903
test,33684.02486804863
test,33704.027258112794
test,33664.022477984465
test,33674.02367301655
test,33584.01291772782
test,33644.020087920304
test,33674.02367301655
test,34174.0834246206
test,34554.12883583967
test,34514.12405571135
test,33433.994992246604
test,33433.994992246604
test,33484.00096740701
test,33403.991407150366
test,33433.994992246604
test,37864.524391458464
test,33484.00096740701
test,33453.997382310765
test,33504.00335747117
test,33463.99857734285
test,33504.00335747117
test,33453.997382310765
test,33484.00096740701
test,33494.002162439094
test,33494.002162439094
test,33644.020087920304
test,33393.99021211828
test,33443.99618727869
test,33504.00335747117
test,33443.99618727869
test,33383.9890170862
test,3038533.071061737
test,33463.99857734285
test,33443.99618727869
test,33373.98782205412
test,33574.01172269574
test,33443.99618727869
test,33534.006942567416
test,33544.0081375995
test,33514.004552503255
test,33504.00335747117
test,33504.00335747117
test,33443.99618727869
test,33433.994992246604
test,33413.99260218244
test,33534.006942567416
test,33504.00335747117
test,33524.00574753533
test,33453.997382310765
test,33413.99260218244
test,38334.58055796627
test,33473.99977237493
test,33463.99857734285
test,33684.02486804863
test,33554.00933263158
test,33524.00574753533
test,33514.004552503255
test,33544.0081375995
test,33684.02486804863
test,33574.01172269574
test,33544.0081375995
test,33484.00096740701
test,33473.99977237493
test,33554.00933263158
test,33664.022477984465
test,33433.994992246604
test,33393.99021211828
test,33373.98782205412
test,33433.994992246604
test,33443.99618727869
test,33423.99379721453
test,33433.994992246604
test,33363.98662702204
test,33363.98662702204
test,33423.99379721453
test,33343.98423695788
test,33423.99379721453
test,33403.991407150366
test,33473.99977237493
test,33433.994992246604
test,33604.01530779198
test,33504.00335747117
test,33644.020087920304
test,33784.03681836944
test,34014.0643041073
test,3041583.435546522
test,34184.084619652676
test,34124.077449460194
test,34194.08581468476
test,34294.097765005565
test,34144.079839524355
test,34164.082229588515
test,34184.084619652676
test,34954.17663712291
test,35214.207707957015
test,35494.24116885528
test,35204.20651292493
test,35004.182612283315
test,35004.182612283315
test,35464.23758375904
test,35014.1838073154
test,35274.2148781495
test,35374.22682847031
test,34844.16349177002
test,34794.157516609615
test,34654.14078616048
test,34474.11927558303
test,34454.116885518866
test,34414.11210539054
test,34454.116885518866
test,34634.13839609632
test,34504.122860679265
test,39054.6666002761
test,34454.116885518866
test,34504.122860679265
test,34444.11569048678
test,34484.120470615104
test,34464.11808055094
test,34504.122860679265
test,34544.127640807594
test,34444.11569048678
test,34244.091789845166
test,34464.11808055094
test,34074.07147429979
test,33674.02367301655
test,33714.02845314487
test,33694.02606308071
test,33714.02845314487
test,33734.03084320903
test,33714.02845314487
test,33674.02367301655
test,33473.99977237493
test,33443.99618727869
test,33514.004552503255
test,33473.99977237493
test,33343.98423695788
test,33373.98782205412
test,33413.99260218244
test,33363.98662702204
test,33473.99977237493
test,33443.99618727869
test,33534.006942567416
test,33484.00096740701
test,33654.02128295239
test,33984.06071901106
test,33453.997382310765
test,33423.99379721453
test,33403.991407150366
test,33343.98423695788
test,33283.977066765394
test,33383.9890170862
test,33413.99260218244
test,34124.077449460194
test,33544.0081375995
test,33664.022477984465
test,33554.00933263158
test,33694.02606308071
test,33684.02486804863
test,33674.02367301655
test,33443.99618727869
test,33534.006942567416
test,38454.59489835124
test,33684.02486804863
test,34024.06549913938
test,33954.057133914815
test,33794.03801340152
test,33514.004552503255
test,34274.095374941404
test,34614.13600603216
test,33413.99260218244
test,33514.004552503255
test,33924.05354881857
test,33844.04398856193
test,34084.072669331865
test,33814.04040346568
test,33704.027258112794
test,33904.05115875441
test,33874.047573658165
test,33824.041598497766
test,33714.02845314487
test,33704.027258112794
test,33824.041598497766
test,33714.02845314487
test,3040143.2634619023
test,33714.02845314487
test,33844.04398856193
test,33634.01889288823
test,33604.01530779198
test,33794.03801340152
test,33463.99857734285
test,33463.99857734285
test,33423.99379721453
test,33403.991407150366
test,33473.99977237493
test,33403.991407150366
test,33393.99021211828
test,33403.991407150366
test,33363.98662702204
test,37994.53992687552
test,33363.98662702204
test,33453.997382310765
test,33453.997382310765
test,33363.98662702204
test,33313.98065186163
test,33363.98662702204
test,33484.00096740701
test,33484.00096740701
test,33413.99260218244
test,33443.99618727869
test,33433.994992246604
test,33423.99379721453
test,33453.997382310765
test,33343.98423695788
test,33353.98543198996
test,33283.977066765394
test,33323.981846893716
test,33333.9830419258
test,33423.99379721453
test,33484.00096740701
test,33864.04637862609
test,34374.107325262215
test,34314.10015506973
test,33484.00096740701
test,34074.07147429979
test,34424.11330042262
test,33484.00096740701
test,33333.9830419258
test,33343.98423695788
test,33343.98423695788
test,33393.99021211828
test,33514.004552503255
test,33494.002162439094
test,33403.991407150366
test,33383.9890170862
test,33413.99260218244
test,33484.00096740701
test,33554.00933263158
test,33544.0081375995
test,33564.01052766366
test,33494.002162439094
test,33453.997382310765
test,33393.99021211828
test,33393.99021211828
test,33433.994992246604
test,33514.004552503255
test,33413.99260218244
test,33433.994992246604
test,33463.99857734285
test,33393.99021211828
test,33383.9890170862
test,33373.98782205412
test,33363.98662702204
test,33373.98782205412
test,33423.99379721453
test,33433.994992246604
test,33363.98662702204
test,33323.981846893716
test,33413.99260218244
test,33393.99021211828
test,33423.99379721453
test,35094.19336757204
test,33564.01052766366
test,33744.032038241116
test,38434.59250828708
test,33564.01052766366
test,33554.00933263158
test,33544.0081375995
test,33403.991407150366
test,33564.01052766366
test,33433.994992246604
test,33453.997382310765
test,33514.004552503255
test,33514.004552503255
test,33574.01172269574
test,33494.002162439094
test,33443.99618727869
test,33494.002162439094
test,34014.0643041073
test,34314.10015506973
test,34244.091789845166
test,33734.03084320903
test,35184.20412286077
test,35104.19456260413
test,35714.26745956106
test,35204.20651292493
test,35124.19695266829
test,35144.19934273245
test,35174.202927828694
test,35214.207707957015
test,35034.18619737956
test,35034.18619737956
test,35024.185002347476
test,35044.18739241164
test,35074.19097750788
test,35084.192172539966
test,35064.1897824758
test,35064.1897824758
test,35074.19097750788
test,40404.827929607025
test,35024.185002347476
test,34984.180222219155
test,35084.192172539966
test,34904.170661962504
test,34854.1646868021
test,34274.095374941404
test,34214.08820474892
test,34244.091789845166
test,34134.07864449227
test,34224.089399781
test,34194.08581468476
test,34184.084619652676
test,34164.082229588515
test,38624.61521389662
test,34184.084619652676
test,34234.09059481308
test,34224.089399781
test,34074.07147429979
test,34184.084619652676
test,33423.99379721453
test,33443.99618727869
test,33393.99021211828
test,33413.99260218244
test,33564.01052766366
test,33383.9890170862
test,33413.99260218244
test,33343.98423695788
test,33313.98065186163
test,33303.979456829555
test,33303.979456829555
test,33333.9830419258
test,33273.97587173331
test,33333.9830419258
test,33333.9830419258
test,33333.9830419258
test,33323.981846893716
test,33313.98065186163
test,33333.9830419258
test,33363.98662702204
test,33333.9830419258
test,33283.977066765394
test,33303.979456829555
test,33253.97348166915
test,33283.977066765394
test,33353.98543198996
test,33313.98065186163
test,33343.98423695788
test,33323.981846893716
test,33413.99260218244
test,35204.20651292493
test,33383.9890170862
test,33293.97826179747
test,38484.59848344749
test,33443.99618727869
test,33273.97587173331
test,33303.979456829555
test,33323.981846893716
test,33273.97587173331
test,33273.97587173331
test,33333.9830419258
test,33283.977066765394
test,33263.97467670123
test,33263.97467670123
test,33303.979456829555
test,33293.97826179747
test,33273.97587173331
test,33273.97587173331
test,33283.977066765394
test,3039903.234781132
test,33343.98423695788
test,33363.98662702204
test,33343.98423695788
test,33363.98662702204
test,33333.9830419258
test,33353.98543198996
test,33413.99260218244
test,33373.98782205412
test,33343.98423695788
test,33383.9890170862
test,38504.60087351165
test,33333.9830419258
test,33363.98662702204
test,33413.99260218244
test,33333.9830419258
test,33363.98662702204
test,33353.98543198996
test,33353.98543198996
test,33313.98065186163
test,33383.9890170862
test,33343.98423695788
test,33373.98782205412
test,33323.981846893716
test,33363.98662702204
test,33383.9890170862
test,33343.98423695788
test,33353.98543198996
test,33363.98662702204
test,33363.98662702204
test,33363.98662702204
test,33313.98065186163
test,33363.98662702204
test,33253.97348166915
test,33353.98543198996
test,33273.97587173331
test,33253.97348166915
test,33283.977066765394
test,33283.977066765394
test,33313.98065186163
test,33243.972286637065
test,33333.9830419258
test,3039063.1343984376
test,33393.99021211828
test,33433.994992246604
test,33323.981846893716
test,33333.9830419258
test,33373.98782205412
test,33363.98662702204
test,33353.98543198996
test,33373.98782205412
test,33363.98662702204
test,33333.9830419258
test,33313.98065186163
test,33333.9830419258
test,33393.99021211828
test,33333.9830419258
test,33363.98662702204
test,33393.99021211828
test,33353.98543198996
test,33263.97467670123
test,33353.98543198996
test,37904.52917158679
test,33353.98543198996
test,33443.99618727869
test,33363.98662702204
test,33313.98065186163
test,33353.98543198996
test,33313.98065186163
test,33293.97826179747
test,33373.98782205412
test,33333.9830419258
test,33363.98662702204
test,33313.98065186163
test,33353.98543198996
test,33333.9830419258
test,33343.98423695788
test,33323.981846893716
test,33333.9830419258
test,38244.56980267754
test,33383.9890170862
test,33323.981846893716
test,33323.981846893716
test,33373.98782205412
test,33383.9890170862
test,33303.979456829555
test,33313.98065186163
test,33313.98065186163
test,33303.979456829555
test,33353.98543198996
test,3039563.1941500413
test,33243.972286637065
test,33283.977066765394
test,33283.977066765394
test,33303.979456829555
test,33313.98065186163
test,33283.977066765394
test,33323.981846893716
test,33323.981846893716
test,33343.98423695788
test,33323.981846893716
test,33323.981846893716
test,33363.98662702204
test,33333.9830419258
test,33323.981846893716
test,33323.981846893716
test,33313.98065186163
test,38004.5411219076
test,33323.981846893716
test,33443.99618727869
test,33484.00096740701
test,33393.99021211828
test,33353.98543198996
test,33383.9890170862
test,33363.98662702204
test,33353.98543198996
test,33383.9890170862
test,33423.99379721453
test,33413.99260218244
test,33373.98782205412
test,33353.98543198996
test,33403.991407150366
test,33443.99618727869
test,33373.98782205412
test,33333.9830419258
test,33333.9830419258
test,37914.53036661887
test,33283.977066765394
test,33283.977066765394
test,33363.98662702204
test,33393.99021211828
test,33524.00574753533
test,33303.979456829555
test,33514.004552503255
test,33343.98423695788
test,33343.98423695788
test,33273.97587173331
test,33333.9830419258
test,33333.9830419258
test,33333.9830419258
test,33323.981846893716
test,33363.98662702204
test,33313.98065186163
test,33263.97467670123
test,33293.97826179747
test,33353.98543198996
test,33263.97467670123
test,33293.97826179747
test,33323.981846893716
test,33323.981846893716
test,33273.97587173331
test,33343.98423695788
test,33343.98423695788
test,33313.98065186163
test,33363.98662702204
test,33323.981846893716
test,37814.51841629806
test,33353.98543198996
test,33363.98662702204
test,33373.98782205412
test,33383.9890170862
test,33353.98543198996
test,33393.99021211828
test,33383.9890170862
test,33403.991407150366
test,33423.99379721453
test,33423.99379721453
test,33423.99379721453
test,33393.99021211828
test,33383.9890170862
test,33463.99857734285
test,33373.98782205412
test,33383.9890170862
test,33363.98662702204
test,33353.98543198996
test,33353.98543198996
test,33303.979456829555
test,33393.99021211828
test,33323.981846893716
test,33514.004552503255
test,33303.979456829555
test,33333.9830419258
test,33323.981846893716
test,33383.9890170862
test,33504.00335747117
test,33373.98782205412
test,33393.99021211828
test,33423.99379721453
test,3039033.130813341
test,33413.99260218244
test,33423.99379721453
test,33363.98662702204
test,33353.98543198996
test,33383.9890170862
test,33313.98065186163
test,33313.98065186163
test,33393.99021211828
test,33353.98543198996
test,33353.98543198996
test,33514.004552503255
test,33443.99618727869
test,33433.994992246604
test,33353.98543198996
test,33313.98065186163
test,33343.98423695788
test,33353.98543198996
test,33313.98065186163
test,37704.50527094517
test,33383.9890170862
test,33353.98543198996
test,33353.98543198996
test,33363.98662702204
test,33303.979456829555
test,33313.98065186163
test,33353.98543198996
test,33303.979456829555
test,33283.977066765394
test,33293.97826179747
test,33313.98065186163
test,33343.98423695788
test,33263.97467670123
test,33323.981846893716
test,33393.99021211828
test,33403.991407150366
test,33363.98662702204
test,33383.9890170862
test,33423.99379721453
test,33373.98782205412
test,33433.994992246604
test,33313.98065186163
test,33333.9830419258
test,33283.977066765394
test,33293.97826179747
test,33333.9830419258
test,33273.97587173331
test,33323.981846893716
test,33253.97348166915
test,33323.981846893716
test,33343.98423695788
test,33373.98782205412
test,33293.97826179747
test,33353.98543198996
test,33323.981846893716
test,33323.981846893716
test,33343.98423695788
test,33323.981846893716
test,33263.97467670123
test,38744.629554281586
test,33333.9830419258
test,33293.97826179747
test,33303.979456829555
test,33253.97348166915
test,33303.979456829555
test,33283.977066765394
test,33293.97826179747
test,33293.97826179747
test,33303.979456829555
test,33293.97826179747
test,33283.977066765394
test,33273.97587173331
test,33253.97348166915
test,33323.981846893716
test,33343.98423695788
test,33283.977066765394
test,33313.98065186163
test,33303.979456829555
test,33263.97467670123
test,33283.977066765394
test,33283.977066765394
test,33263.97467670123
test,33243.972286637065
test,33273.97587173331
test,33293.97826179747
test,33223.969896572904
test,33293.97826179747
test,33253.97348166915
test,33263.97467670123
test,33263.97467670123
test,33343.98423695788
test,33373.98782205412
test,33333.9830419258
test,33313.98065186163
test,33323.981846893716
test,33373.98782205412
test,33323.981846893716
test,33283.977066765394
test,33303.979456829555
test,33353.98543198996
test,33313.98065186163
test,33303.979456829555
test,33343.98423695788
test,38144.55785235673
test,33323.981846893716
test,33313.98065186163
test,33303.979456829555
test,33293.97826179747
test,33283.977066765394
test,33343.98423695788
test,33373.98782205412
test,33343.98423695788
test,33363.98662702204
test,33353.98543198996
test,33333.9830419258
test,33353.98543198996
test,33373.98782205412
test,33383.9890170862
test,33343.98423695788
test,33313.98065186163
test,33243.972286637065
test,33333.9830419258
test,33293.97826179747
test,33253.97348166915
test,33283.977066765394
test,33253.97348166915
test,33283.977066765394
test,33193.966311476666
test,33263.97467670123
test,33293.97826179747
test,3041103.378184982
test,33373.98782205412
test,33443.99618727869
test,33403.991407150366
test,33383.9890170862
test,33383.9890170862
test,33423.99379721453
test,33383.9890170862
test,33393.99021211828
test,33383.9890170862
test,33433.994992246604
test,33363.98662702204
test,33373.98782205412
test,33333.9830419258
test,33423.99379721453
test,38404.58892319084
test,33353.98543198996
test,33343.98423695788
test,33333.9830419258
test,33363.98662702204
test,33333.9830419258
test,33333.9830419258
test,33303.979456829555
test,33323.981846893716
test,33383.9890170862
test,33343.98423695788
test,33363.98662702204
test,33403.991407150366
test,33373.98782205412
test,35444.235193694876
test,33283.977066765394
test,33393.99021211828
test,33293.97826179747
test,38144.55785235673
test,33283.977066765394
test,33393.99021211828
test,33373.98782205412
test,33373.98782205412
test,33373.98782205412
test,33303.979456829555
test,33333.9830419258
test,33433.994992246604
test,33443.99618727869
test,33393.99021211828
test,33373.98782205412
test,33423.99379721453
test,33373.98782205412
test,33213.96870154083
test,33273.97587173331
test,33253.97348166915
test,33273.97587173331
test,33243.972286637065
test,33213.96870154083
test,33233.97109160499
test,33293.97826179747
test,33223.969896572904
test,33253.97348166915
test,33283.977066765394
test,33223.969896572904
test,33253.97348166915
test,37754.511246105576
test,33213.96870154083
test,33253.97348166915
test,33303.979456829555
test,33283.977066765394
test,33293.97826179747
test,33213.96870154083
test,33253.97348166915
test,33293.97826179747
test,33243.972286637065
test,33293.97826179747
test,33243.972286637065
test,33253.97348166915
test,33223.969896572904
test,33293.97826179747
test,33433.994992246604
test,33353.98543198996
test,33333.9830419258
test,33283.977066765394
test,33363.98662702204
test,33343.98423695788
test,33303.979456829555
test,33363.98662702204
test,33353.98543198996
test,33313.98065186163
test,33363.98662702204
test,33373.98782205412
test,33313.98065186163
test,33293.97826179747
test,33373.98782205412
test,33363.98662702204
test,33343.98423695788
test,3038763.098547475
test,33484.00096740701
test,33494.002162439094
test,33423.99379721453
test,33453.997382310765
test,33433.994992246604
test,33674.02367301655
test,33514.004552503255
test,33664.022477984465
test,33674.02367301655
test,33594.0141127599
test,33584.01291772782
test,33574.01172269574
test,33574.01172269574
test,33584.01291772782
test,33604.01530779198
test,33644.020087920304
test,33584.01291772782
test,33413.99260218244
test,33353.98543198996
test,33373.98782205412
test,33453.997382310765
test,33484.00096740701
test,33453.997382310765
test,33443.99618727869
test,38034.54470700384
test,33554.00933263158
test,33494.002162439094
test,33484.00096740701
test,33443.99618727869
test,33453.997382310765
test,33423.99379721453
test,33393.99021211828
test,33423.99379721453
test,33524.00574753533
test,33473.99977237493
test,33463.99857734285
test,33504.00335747117
test,33504.00335747117
test,33473.99977237493
test,33504.00335747117
test,33473.99977237493
test,33564.01052766366
test,33594.0141127599
test,34064.070279267704
test,33634.01889288823
test,33544.0081375995
test,33494.002162439094
test,33684.02486804863
test,34224.089399781
test,34444.11569048678
test,34664.141981192566
test,33754.0332332732
test,33754.0332332732
test,33904.05115875441
test,33934.054743850655
test,33574.01172269574
test,33684.02486804863
test,33894.04996372233
test,34894.16946693043
test,35384.22802350239
test,35184.20412286077
test,34314.10015506973
test,34394.109715326376
test,34354.104935198055
test,34474.11927558303
test,34394.109715326376
test,34394.109715326376
test,38794.63552944199
test,34204.08700971684
test,34214.08820474892
test,34244.091789845166
test,34214.08820474892
test,34214.08820474892
test,34554.12883583967
test,35004.182612283315
test,34754.152736481294
test,36184.323626068865
test,36084.31167574806
test,35234.210098021176
test,34924.173052026665
test,34984.180222219155
test,34944.17544209083
test,3041603.437936586
test,33724.029648176955
test,33684.02486804863
test,33744.032038241116
test,33574.01172269574
test,33504.00335747117
test,33514.004552503255
test,33544.0081375995
test,33544.0081375995
test,33504.00335747117
test,33484.00096740701
test,33463.99857734285
test,33443.99618727869
test,33373.98782205412
test,33473.99977237493
test,33874.047573658165
test,34044.06788920354
test,34034.066694171466
test,33924.05354881857
test,34194.08581468476
test,34324.10135010181
test,34394.109715326376
test,34214.08820474892
test,33724.029648176955
test,33684.02486804863
test,33814.04040346568
test,33804.0392084336
test,33704.027258112794
test,33614.016502824066
test,33554.00933263158
test,39534.72396181599
test,33484.00096740701
test,33574.01172269574
test,33564.01052766366
test,33644.020087920304
test,33564.01052766366
test,33604.01530779198
test,33534.006942567416
test,33564.01052766366
test,34454.116885518866
test,33924.05354881857
test,34154.08103455643
test,34734.15034641713
test,34254.09298487724
test,34154.08103455643
test,3041573.43435149
test,34954.17663712291
test,34774.155126545455
test,34754.152736481294
test,34794.157516609615
test,34944.17544209083
test,35044.18739241164
test,35194.205317892855
test,35154.20053776453
test,35184.20412286077
test,35204.20651292493
test,34844.16349177002
test,35014.1838073154
test,34994.18141725123
test,34984.180222219155
test,34974.17902718707
test,34964.177832154994
test,34954.17663712291
test,39824.75861774633
test,34994.18141725123
test,34934.17424705875
test,34974.17902718707
test,34944.17544209083
test,35004.182612283315
test,34804.1587116417
test,35004.182612283315
test,34584.132420935915
test,34234.09059481308
test,34324.10135010181
test,34524.12525074343
test,34304.09896003765
test,34374.107325262215
test,34304.09896003765
test,34204.08700971684
test,34204.08700971684
test,34354.104935198055
test,34364.10613023013
test,34364.10613023013
test,34194.08581468476
test,34144.079839524355
test,34074.07147429979
test,34344.10374016597
test,33484.00096740701
test,33423.99379721453
test,33453.997382310765
test,33473.99977237493
test,33463.99857734285
test,33494.002162439094
test,33393.99021211828
test,33413.99260218244
test,33433.994992246604
test,3040323.2849724796
test,34524.12525074343
test,34444.11569048678
test,34434.1144954547
test,34414.11210539054
test,35054.18858744372
test,35754.27223968939
test,35734.26984962523
test,35654.260289368576
test,35074.19097750788
test,35454.23638872696
test,35354.22443840615
test,35044.18739241164
test,34764.15393151337
test,34744.15154144921
test,34714.147956352965
test,34784.15632157753
test,34834.16229673794
test,34904.170661962504
test,34774.155126545455
test,34764.15393151337
test,34754.152736481294
test,34554.12883583967
test,34814.159906673776
test,34194.08581468476
test,34184.084619652676
test,34194.08581468476
test,34084.072669331865
test,34064.070279267704
test,38694.62357912119
test,34164.082229588515
test,34214.08820474892
test,34114.07625442811
test,34194.08581468476
test,34144.079839524355
test,34084.072669331865
test,34124.077449460194
test,34054.06908423563
test,33924.05354881857
test,34054.06908423563
test,33443.99618727869
test,33363.98662702204
test,33303.979456829555
test,33423.99379721453
test,33363.98662702204
test,3039193.1499338546
test,33473.99977237493
test,33433.994992246604
test,33423.99379721453
test,33393.99021211828
test,33504.00335747117
test,33544.0081375995
test,33514.004552503255
test,33473.99977237493
test,33423.99379721453
test,38234.56860764546
test,33443.99618727869
test,33383.9890170862
test,33373.98782205412
test,33413.99260218244
test,33433.994992246604
test,33443.99618727869
test,33433.994992246604
test,33453.997382310765
test,33494.002162439094
test,33463.99857734285
test,33433.994992246604
test,33413.99260218244
test,33403.991407150366
test,33393.99021211828
test,33433.994992246604
test,33443.99618727869
test,33413.99260218244
test,33413.99260218244
test,33353.98543198996
test,33393.99021211828
test,33383.9890170862
test,33363.98662702204
test,33413.99260218244
test,33433.994992246604
test,33363.98662702204
test,33393.99021211828
test,33343.98423695788
test,33494.002162439094
test,33403.991407150366
test,33423.99379721453
test,33373.98782205412
test,33373.98782205412
test,33423.99379721453
test,33373.98782205412
test,33353.98543198996
test,33403.991407150366
test,33423.99379721453
test,33383.9890170862
test,33353.98543198996
test,3039403.1750295283
test,33333.9830419258
test,33323.981846893716
test,33353.98543198996
test,33363.98662702204
test,33343.98423695788
test,33323.981846893716
test,33293.97826179747
test,33363.98662702204
test,33323.981846893716
test,33313.98065186163
test,33313.98065186163
test,33283.977066765394
test,33363.98662702204
test,33363.98662702204
test,33313.98065186163
test,33363.98662702204
test,33313.98065186163
test,33363.98662702204
test,33363.98662702204
test,33403.991407150366
test,33393.99021211828
test,33363.98662702204
test,33333.9830419258
test,33413.99260218244
test,33343.98423695788
test,33353.98543198996
test,33484.00096740701
test,33524.00574753533
test,33524.00574753533
test,33413.99260218244
test,33433.994992246604
test,33463.99857734285
test,33423.99379721453
test,33413.99260218244
test,33433.994992246604
test,33453.997382310765
test,33484.00096740701
test,33473.99977237493
test,33473.99977237493
test,33423.99379721453
test,33504.00335747117
test,33453.997382310765
test,33443.99618727869
test,3039343.167859336
test,33504.00335747117
test,33433.994992246604
test,33433.994992246604
test,33383.9890170862
test,33403.991407150366
test,33383.9890170862
test,33403.991407150366
test,33453.997382310765
test,33423.99379721453
test,33544.0081375995
test,33403.991407150366
test,33433.994992246604
test,33423.99379721453
test,33443.99618727869
test,33403.991407150366
test,33393.99021211828
test,33413.99260218244
test,33484.00096740701
test,33463.99857734285
test,33403.991407150366
test,33433.994992246604
test,33453.997382310765
test,33463.99857734285
test,33443.99618727869
test,33463.99857734285
test,33473.99977237493
test,33473.99977237493
test,33484.00096740701
test,33544.0081375995
test,33443.99618727869
test,33393.99021211828
test,33343.98423695788
test,33403.991407150366
test,33383.9890170862
test,33514.004552503255
test,33423.99379721453
test,33363.98662702204
test,33383.9890170862
test,33383.9890170862
test,33383.9890170862
test,33353.98543198996
test,33383.9890170862
test,33443.99618727869
test,33524.00574753533
test,33443.99618727869
test,33453.997382310765
test,33403.991407150366
test,33494.002162439094
test,3039853.228805972
test,33373.98782205412
test,33473.99977237493
test,33383.9890170862
test,33363.98662702204
test,33373.98782205412
test,33353.98543198996
test,33383.9890170862
test,33383.9890170862
test,33433.994992246604
test,33393.99021211828
test,33393.99021211828
test,33393.99021211828
test,33413.99260218244
test,33373.98782205412
test,33363.98662702204
test,33413.99260218244
test,33403.991407150366
test,33393.99021211828
test,33403.991407150366
test,33383.9890170862
test,40054.78610348419
test,33484.00096740701
test,33504.00335747117
test,33494.002162439094
test,33534.006942567416
test,33504.00335747117
test,33484.00096740701
test,33413.99260218244
test,33433.994992246604
test,33443.99618727869
test,33423.99379721453
test,33383.9890170862
test,35104.19456260413
test,33514.004552503255
test,33413.99260218244
test,33413.99260218244
test,33383.9890170862
test,33403.991407150366
test,33393.99021211828
test,33363.98662702204
test,33463.99857734285
test,33353.98543198996
test,33544.0081375995
test,33363.98662702204
test,33403.991407150366
test,33323.981846893716
test,33363.98662702204
test,33303.979456829555
test,33373.98782205412
test,3039163.146348758
test,33484.00096740701
test,33554.00933263158
test,33564.01052766366
test,33494.002162439094
test,33463.99857734285
test,33544.0081375995
test,33484.00096740701
test,33453.997382310765
test,33423.99379721453
test,33453.997382310765
test,33463.99857734285
test,33363.98662702204
test,33433.994992246604
test,33433.994992246604
test,33453.997382310765
test,34024.06549913938
test,34884.16827189834
test,34904.170661962504
test,34314.10015506973
test,34124.077449460194
test,33664.022477984465
test,33594.0141127599
test,33604.01530779198
test,33684.02486804863
test,33544.0081375995
test,33564.01052766366
test,33654.02128295239
test,33644.020087920304
test,33624.01769785614
test,33544.0081375995
test,37954.53514674719
test,33383.9890170862
test,33433.994992246604
test,33453.997382310765
test,33413.99260218244
test,33443.99618727869
test,33393.99021211828
test,33714.02845314487
test,34114.07625442811
test,34164.082229588515
test,34314.10015506973
test,33984.06071901106
test,34124.077449460194
test,34064.070279267704
test,34124.077449460194
test,34124.077449460194
test,34074.07147429979
test,34094.07386436395
test,34064.070279267704
test,34094.07386436395
test,34144.079839524355
test,34044.06788920354
test,3042243.5144186392
test,33634.01889288823
test,33403.991407150366
test,33383.9890170862
test,33453.997382310765
test,33423.99379721453
test,33433.994992246604
test,33473.99977237493
test,33494.002162439094
test,33463.99857734285
test,33453.997382310765
test,33654.02128295239
test,33614.016502824066
test,33634.01889288823
test,33674.02367301655
test,33564.01052766366
test,33564.01052766366
test,38604.61282383245
test,33514.004552503255
test,33484.00096740701
test,33574.01172269574
test,33684.02486804863
test,33423.99379721453
test,34644.1395911284
test,34534.12644577551
test,34084.072669331865
test,39254.69050091772
test,33383.9890170862
test,33554.00933263158
test,33854.045183594004
test,33984.06071901106
test,34034.066694171466
test,33894.04996372233
test,35094.19336757204
test,34174.0834246206
test,34144.079839524355
test,34194.08581468476
test,34274.095374941404
test,34204.08700971684
test,34044.06788920354
test,35224.2089029891
test,35224.2089029891
test,35164.20173279661
test,34974.17902718707
test,35254.21248808534
test,34424.11330042262
test,34434.1144954547
test,34494.12166564719
test,34394.109715326376
test,34324.10135010181
test,39244.68930588564
test,34444.11569048678
test,34334.102545133894
test,34394.109715326376
test,34384.1085202943
test,34324.10135010181
test,34314.10015506973
test,34224.089399781
test,33674.02367301655
test,33644.020087920304
test,33654.02128295239
test,33674.02367301655
test,33884.04876869025
test,33724.029648176955
test,33704.027258112794
test,38694.62357912119
test,33764.03442830528
test,33734.03084320903
test,33744.032038241116
test,33904.05115875441
test,33914.052353786494
test,33744.032038241116
test,33694.02606308071
test,33884.04876869025
test,33644.020087920304
test,33634.01889288823
test,33453.997382310765
test,33353.98543198996
test,33574.01172269574
test,33293.97826179747
test,33373.98782205412
test,33353.98543198996
test,35124.19695266829
test,34474.11927558303
test,34324.10135010181
test,34244.091789845166
test,34244.091789845166
test,35674.26267943274
test,35104.19456260413
test,34864.16588183418
test,34844.16349177002
test,35084.192172539966
test,35164.20173279661
test,35214.207707957015
test,34944.17544209083
test,35004.182612283315
test,34944.17544209083
test,34954.17663712291
test,34984.180222219155
test,34824.16110170586
test,34854.1646868021
test,34844.16349177002
test,34934.17424705875
test,34944.17544209083
test,35274.2148781495
test,34344.10374016597
test,34364.10613023013
test,34464.11808055094
test,34354.104935198055
test,39414.709621431015
test,34354.104935198055
test,34334.102545133894
test,34234.09059481308
test,34244.091789845166
test,34004.06310907522
test,34214.08820474892
test,34114.07625442811
test,33484.00096740701
test,33504.00335747117
test,33524.00574753533
test,33544.0081375995
test,33664.022477984465
test,33534.006942567416
test,33624.01769785614
test,33504.00335747117
test,33494.002162439094
test,33544.0081375995
test,3039373.171444432
test,33383.9890170862
test,33353.98543198996
test,33353.98543198996
test,33273.97587173331
test,33393.99021211828
test,33373.98782205412
test,33373.98782205412
test,33433.994992246604
test,33373.98782205412
test,33383.9890170862
test,33353.98543198996
test,33353.98543198996
test,33383.9890170862
test,33383.9890170862
test,33303.979456829555
test,33363.98662702204
test,33333.9830419258
test,33413.99260218244
test,33323.981846893716
test,33353.98543198996
test,33363.98662702204
test,33323.981846893716
test,33333.9830419258
test,33323.981846893716
test,33383.9890170862
test,33353.98543198996
test,33323.981846893716
test,33293.97826179747
test,33353.98543198996
test,33313.98065186163
test,37884.526781522625
test,33363.98662702204
test,33393.99021211828
test,33363.98662702204
test,33313.98065186163
test,33343.98423695788
test,33343.98423695788
test,33373.98782205412
test,33423.99379721453
test,33403.991407150366
test,33373.98782205412
test,33644.020087920304
test,33373.98782205412
test,33393.99021211828
test,33343.98423695788
test,33443.99618727869
test,33453.997382310765
test,3039853.228805972
test,33453.997382310765
test,33473.99977237493
test,33473.99977237493
test,33373.98782205412
test,33363.98662702204
test,33383.9890170862
test,33393.99021211828
test,33423.99379721453
test,33343.98423695788
test,33413.99260218244
test,33373.98782205412
test,33383.9890170862
test,33403.991407150366
test,33423.99379721453
test,33423.99379721453
test,33373.98782205412
test,33343.98423695788
test,33463.99857734285
test,33413.99260218244
test,33453.997382310765
test,33413.99260218244
test,33443.99618727869
test,33433.994992246604
test,33423.99379721453
test,33403.991407150366
test,33403.991407150366
test,33383.9890170862
test,33504.00335747117
test,33423.99379721453
test,33453.997382310765
test,33403.991407150366
test,33463.99857734285
test,33413.99260218244
test,33363.98662702204
test,33494.002162439094
test,33433.994992246604
test,33423.99379721453
test,33403.991407150366
test,33504.00335747117
test,33504.00335747117
test,33554.00933263158
test,33443.99618727869
test,33403.991407150366
test,33373.98782205412
test,33453.997382310765
test,33494.002162439094
test,33494.002162439094
test,33403.991407150366
test,33353.98543198996
test,33333.9830419258
test,33413.99260218244
test,33433.994992246604
test,33393.99021211828
test,33403.991407150366
test,33504.00335747117
test,33443.99618727869
test,33704.027258112794
test,33584.01291772782
test,33534.006942567416
test,33534.006942567416
test,33443.99618727869
test,33413.99260218244
test,33453.997382310765
test,33403.991407150366
test,33423.99379721453
test,33393.99021211828
test,38454.59489835124
test,33453.997382310765
test,33524.00574753533
test,33564.01052766366
test,33524.00574753533
test,33403.991407150366
test,33443.99618727869
test,33564.01052766366
test,33644.020087920304
test,34134.07864449227
test,33584.01291772782
test,33604.01530779198
test,33614.016502824066
test,33624.01769785614
test,33544.0081375995
test,34054.06908423563
test,33724.029648176955
test,33654.02128295239
test,33604.01530779198
test,33564.01052766366
test,34354.104935198055
test,33664.022477984465
test,33694.02606308071
test,33534.006942567416
test,33544.0081375995
test,33504.00335747117
test,33514.004552503255
test,33624.01769785614
test,33614.016502824066
test,33554.00933263158
test,33514.004552503255
test,33463.99857734285
test,33383.9890170862
test,33323.981846893716
test,33333.9830419258
test,33343.98423695788
test,33333.9830419258
test,33363.98662702204
test,33333.9830419258
test,33363.98662702204
test,33343.98423695788
test,33333.9830419258
test,33353.98543198996
test,33383.9890170862
test,33423.99379721453
test,33353.98543198996
test,33383.9890170862
test,33323.981846893716
test,33363.98662702204
test,33373.98782205412
test,33403.991407150366
test,33393.99021211828
test,33323.981846893716
test,33373.98782205412
test,33353.98543198996
test,33363.98662702204
test,33343.98423695788
test,33413.99260218244
test,33393.99021211828
test,35404.230413566554
test,33453.997382310765
test,33514.004552503255
test,33403.991407150366
test,33433.994992246604
test,33373.98782205412
test,33393.99021211828
test,33353.98543198996
test,33413.99260218244
test,33413.99260218244
test,33393.99021211828
test,33433.994992246604
test,3038953.1212530844
test,33594.0141127599
test,33433.994992246604
test,33554.00933263158
test,33514.004552503255
test,33463.99857734285
test,33463.99857734285
test,33383.9890170862
test,33463.99857734285
test,33534.006942567416
test,33564.01052766366
test,33473.99977237493
test,33504.00335747117
test,33463.99857734285
test,38494.599678479564
test,33373.98782205412
test,33443.99618727869
test,33353.98543198996
test,33363.98662702204
test,33403.991407150366
test,33383.9890170862
test,33413.99260218244
test,33343.98423695788
test,33453.997382310765
test,33504.00335747117
test,33534.006942567416
test,33443.99618727869
test,33423.99379721453
test,33473.99977237493
test,33393.99021211828
test,33393.99021211828
test,33363.98662702204
test,33393.99021211828
test,33433.994992246604
test,33403.991407150366
test,33383.9890170862
test,33433.994992246604
test,33654.02128295239
test,34184.084619652676
test,34584.132420935915
test,34514.12405571135
test,34464.11808055094
test,34044.06788920354
test,33964.0583289469
test,33574.01172269574
test,33494.002162439094
test,33453.997382310765
test,33494.002162439094
test,33423.99379721453
test,33453.997382310765
test,33473.99977237493
test,33484.00096740701
test,33484.00096740701
test,33584.01291772782
test,33554.00933263158
test,33524.00574753533
test,33514.004552503255
test,33484.00096740701
test,33473.99977237493
test,33473.99977237493
test,33504.00335747117
test,33453.997382310765
test,33574.01172269574
test,33754.0332332732
test,33564.01052766366
test,33624.01769785614
test,33484.00096740701
test,33554.00933263158
test,33514.004552503255
test,33504.00335747117
test,33443.99618727869
test,33484.00096740701
test,35254.21248808534
test,33504.00335747117
test,33674.02367301655
test,33724.029648176955
test,33894.04996372233
test,38254.57099770962
test,33634.01889288823
test,33534.006942567416
test,33473.99977237493
test,33494.002162439094
test,33684.02486804863
test,33794.03801340152
test,33524.00574753533
test,33554.00933263158
test,33443.99618727869
test,33423.99379721453
test,33494.002162439094
test,33534.006942567416
test,35164.20173279661
test,35244.21129305326
test,35294.217268213666
test,35424.232803630715
test,34704.14676132089
test,34624.13720106424
test,34624.13720106424
test,34554.12883583967
test,34704.14676132089
test,35164.20173279661
test,35314.21965827783
test,35064.1897824758
test,35064.1897824758
test,35254.21248808534
test,35174.202927828694
test,35074.19097750788
test,35044.18739241164
test,35084.192172539966
test,35074.19097750788
test,35084.192172539966
test,40384.825539542864
test,35154.20053776453
test,35084.192172539966
test,35194.205317892855
test,35034.18619737956
test,34244.091789845166
test,34194.08581468476
test,34254.09298487724
test,34164.082229588515
test,34244.091789845166
test,34234.09059481308
test,34214.08820474892
test,34224.089399781
test,34304.09896003765
test,34354.104935198055
test,34244.091789845166
test,34274.095374941404
test,34224.089399781
test,34184.084619652676
test,34004.06310907522
test,33463.99857734285
test,33473.99977237493
test,33484.00096740701
test,3039093.1379835336
test,33463.99857734285
test,33373.98782205412
test,33403.991407150366
test,33383.9890170862
test,33403.991407150366
test,33323.981846893716
test,33473.99977237493
test,33443.99618727869
test,33413.99260218244
test,33383.9890170862
test,33373.98782205412
test,33413.99260218244
test,33463.99857734285
test,37854.52319642639
test,33473.99977237493
test,33403.991407150366
test,33383.9890170862
test,33403.991407150366
test,33393.99021211828
test,33353.98543198996
test,33453.997382310765
test,33323.981846893716
test,33403.991407150366
test,33363.98662702204
test,33403.991407150366
test,33393.99021211828
test,33363.98662702204
test,33554.00933263158
test,33413.99260218244
test,33433.994992246604
test,33353.98543198996
test,33383.9890170862
test,33383.9890170862
test,33343.98423695788
test,33433.994992246604
test,33363.98662702204
test,33313.98065186163
test,33383.9890170862
test,3039373.171444432
test,33453.997382310765
test,33453.997382310765
test,33383.9890170862
test,33403.991407150366
test,33373.98782205412
test,33383.9890170862
test,33393.99021211828
test,33433.994992246604
test,33363.98662702204
test,33413.99260218244
test,33423.99379721453
test,33343.98423695788
test,33373.98782205412
test,33413.99260218244
test,33494.002162439094
test,33484.00096740701
test,33463.99857734285
test,33393.99021211828
test,33393.99021211828
test,33363.98662702204
test,33403.991407150366
test,33393.99021211828
test,33373.98782205412
test,33373.98782205412
test,33393.99021211828
test,33313.98065186163
test,33353.98543198996
test,33403.991407150366
test,33403.991407150366
test,37804.51722126598
test,33504.00335747117
test,33373.98782205412
test,33403.991407150366
test,33373.98782205412
test,33363.98662702204
test,33413.99260218244
test,33423.99379721453
test,33463.99857734285
test,33463.99857734285
test,33453.997382310765
test,33413.99260218244
test,33403.991407150366
test,33423.99379721453
test,33484.00096740701
test,33463.99857734285
test,33443.99618727869
test,3041823.4642272918
test,33684.02486804863
test,33594.0141127599
test,33534.006942567416
test,33564.01052766366
test,33484.00096740701
test,33524.00574753533
test,33504.00335747117
test,33514.004552503255
test,34544.127640807594
test,34374.107325262215
test,34024.06549913938
test,34014.0643041073
test,34114.07625442811
test,33994.06191404314
test,34054.06908423563
test,33994.06191404314
test,33994.06191404314
test,34014.0643041073
test,34084.072669331865
test,34084.072669331865
test,34064.070279267704
test,34064.070279267704
test,34064.070279267704
test,34164.082229588515
test,34104.07505939603
test,36204.326016133025
test,34034.066694171466
test,34104.07505939603
test,34124.077449460194
test,34054.06908423563
test,34054.06908423563
test,34044.06788920354
test,34094.07386436395
test,34074.07147429979
test,34074.07147429979
test,34004.06310907522
test,33413.99260218244
test,33423.99379721453
test,33514.004552503255
test,33494.002162439094
test,33614.016502824066
test,4052434.221024039
test,34914.17185699459
test,34234.09059481308
test,34864.16588183418
test,34594.133615968
test,34734.15034641713
test,34534.12644577551
test,34124.077449460194
test,33894.04996372233
test,33974.059523978976
test,34154.08103455643
test,33774.03562333736
test,34304.09896003765
test,34534.12644577551
test,34174.0834246206
test,33674.02367301655
test,33614.016502824066
test,33514.004552503255
test,33944.05593888273
test,33974.059523978976
test,33944.05593888273
test,34954.17663712291
test,34264.09417990933
test,34194.08581468476
test,34484.120470615104
test,34834.16229673794
test,35124.19695266829
test,39334.700061174364
test,34214.08820474892
test,34314.10015506973
test,34484.120470615104
test,34314.10015506973
test,34364.10613023013
test,34214.08820474892
test,35524.24475395153
test,35254.21248808534
test,36394.348721742565
test,36274.33438135759
test,36174.32243103679
test,36144.31884594054
test,35734.26984962523
test,7050612.47013133
test,34124.077449460194
test,33934.054743850655
test,33944.05593888273
test,34074.07147429979
test,34084.072669331865
test,34294.097765005565
test,34854.1646868021
test,34304.09896003765
test,34144.079839524355
test,34034.066694171466
test,34054.06908423563
test,38504.60087351165
test,34114.07625442811
test,34114.07625442811
test,34204.08700971684
test,34034.066694171466
test,34154.08103455643
test,34294.097765005565
test,35114.195757636204
test,35244.21129305326
test,34404.11091035846
test,34054.06908423563
test,34074.07147429979
test,34134.07864449227
test,33363.98662702204
test,33323.981846893716
test,33343.98423695788
test,33724.029648176955
test,38824.63911453824
test,33504.00335747117
test,33303.979456829555
test,33273.97587173331
test,33323.981846893716
test,33373.98782205412
test,33383.9890170862
test,33363.98662702204
test,33333.9830419258
test,33323.981846893716
test,33383.9890170862
test,33393.99021211828
test,33353.98543198996
test,33554.00933263158
test,33824.041598497766
test,33714.02845314487
test,33654.02128295239
test,33614.016502824066
test,33604.01530779198
test,33964.0583289469
test,34134.07864449227
test,33884.04876869025
test,34144.079839524355
test,34294.097765005565
test,34354.104935198055
test,38864.64389466656
test,34004.06310907522
test,34054.06908423563
test,35064.1897824758
test,35224.2089029891
test,34144.079839524355
test,34134.07864449227
test,34224.089399781
test,34184.084619652676
test,34384.1085202943
test,34124.077449460194
test,34104.07505939603
test,34354.104935198055
test,35444.235193694876
test,35374.22682847031
test,34634.13839609632
test,34384.1085202943
test,34304.09896003765
test,34174.0834246206
test,34274.095374941404
test,35504.242363887366
test,35344.223243374065
test,35344.223243374065
test,35284.21607318158
test,35044.18739241164
test,34914.17185699459
test,35154.20053776453
test,35964.29733536309
test,34824.16110170586
test,35294.217268213666
test,34874.167076866266
test,34874.167076866266
test,34824.16110170586
test,34934.17424705875
test,34914.17185699459
test,34884.16827189834
test,34634.13839609632
test,34564.130030871755
test,34584.132420935915
test,34754.152736481294
test,41524.96177320009
test,35204.20651292493
test,34794.157516609615
test,34664.141981192566
test,34604.134811000076
test,34514.12405571135
test,34584.132420935915
test,34744.15154144921
test,34814.159906673776
test,35154.20053776453
test,34984.180222219155
test,34754.152736481294
test,34844.16349177002
test,34764.15393151337
test,34814.159906673776
test,34534.12644577551
test,34504.122860679265
test,34484.120470615104
test,34584.132420935915
test,34564.130030871755
test,34644.1395911284
test,34534.12644577551
test,34614.13600603216
test,34964.177832154994
test,36004.30211549141
test,35904.2901651706
test,34754.152736481294
test,34454.116885518866
test,34204.08700971684
test,34164.082229588515
test,34214.08820474892
test,34344.10374016597
test,34344.10374016597
test,34174.0834246206
test,33784.03681836944
test,33684.02486804863
test,33634.01889288823
test,33624.01769785614
test,33684.02486804863
test,33654.02128295239
test,33654.02128295239
test,33584.01291772782
test,33363.98662702204
test,33323.981846893716
test,33383.9890170862
test,33353.98543198996
test,33323.981846893716
test,33423.99379721453
test,33343.98423695788
test,40144.79685877292
test,33293.97826179747
test,33313.98065186163
test,33253.97348166915
test,33303.979456829555
test,33273.97587173331
test,33293.97826179747
test,33263.97467670123
test,33293.97826179747
test,33203.96750650874
test,33303.979456829555
test,33253.97348166915
test,33263.97467670123
test,33233.97109160499
test,33253.97348166915
test,33223.969896572904
test,33243.972286637065
test,33273.97587173331
test,33253.97348166915
test,37694.50407591309
test,33263.97467670123
test,33273.97587173331
test,33243.972286637065
test,33263.97467670123
test,33283.977066765394
test,33233.97109160499
test,33243.972286637065
test,33233.97109160499
test,33263.97467670123
test,33303.979456829555
test,33323.981846893716
test,33403.991407150366
test,33333.9830419258
test,33383.9890170862
test,9048391.182569627
test,34124.077449460194
test,33984.06071901106
test,33834.04279352984
test,33954.057133914815
test,33824.041598497766
test,33824.041598497766
test,34014.0643041073
test,33894.04996372233
test,33834.04279352984
test,33674.02367301655
test,33333.9830419258
test,33293.97826179747
test,33273.97587173331
test,33283.977066765394
test,33333.9830419258
test,33303.979456829555
test,33273.97587173331
test,38524.60326357581
test,33333.9830419258
test,33403.991407150366
test,33303.979456829555
test,33333.9830419258
test,33243.972286637065
test,33403.991407150366
test,33313.98065186163
test,33323.981846893716
test,33303.979456829555
test,33353.98543198996
test,33273.97587173331
test,33253.97348166915
test,33333.9830419258
test,33333.9830419258
test,33343.98423695788
test,33323.981846893716
test,33423.99379721453
test,33333.9830419258
test,33293.97826179747
test,33343.98423695788
test,33313.98065186163
test,33383.9890170862
test,33524.00574753533
test,33333.9830419258
test,12048499.66231811
test,33674.02367301655
test,33423.99379721453
test,33443.99618727869
test,33524.00574753533
test,33383.9890170862
test,33433.994992246604
test,33393.99021211828
test,33453.997382310765
test,33524.00574753533
test,33433.994992246604
test,33383.9890170862
test,33373.98782205412
test,38594.611628800376
test,33423.99379721453
test,33433.994992246604
test,33373.98782205412
test,33413.99260218244
test,33363.98662702204
test,33383.9890170862
test,33343.98423695788
test,33433.994992246604
test,33403.991407150366
test,33393.99021211828
test,33343.98423695788
test,33343.98423695788
test,33423.99379721453
test,38344.581752998354
test,33413.99260218244
test,33534.006942567416
test,33453.997382310765
test,33423.99379721453
test,33484.00096740701
test,33403.991407150366
test,33413.99260218244
test,33363.98662702204
test,33524.00574753533
test,33343.98423695788
test,33353.98543198996
test,33373.98782205412
test,33403.991407150366
test,33373.98782205412
test,12049119.736410098
test,33584.01291772782
test,33353.98543198996
test,33403.991407150366
test,33484.00096740701
test,33343.98423695788
test,33443.99618727869
test,33393.99021211828
test,33343.98423695788
test,33403.991407150366
test,33353.98543198996
test,33313.98065186163
test,33413.99260218244
test,33373.98782205412
test,33423.99379721453
test,33343.98423695788
test,33373.98782205412
test,38734.62835924951
test,33423.99379721453
test,33403.991407150366
test,33353.98543198996
test,33353.98543198996
test,33363.98662702204
test,33343.98423695788
test,33403.991407150366
test,33343.98423695788
test,33403.991407150366
test,33403.991407150366
test,36534.3654521917
test,33463.99857734285
test,33383.9890170862
test,33443.99618727869
test,33373.98782205412
test,33343.98423695788
test,33383.9890170862
test,33423.99379721453
test,33363.98662702204
test,33363.98662702204
test,33343.98423695788
test,33433.994992246604
test,33273.97587173331
test,33293.97826179747
test,33353.98543198996
test,33303.979456829555
test,33343.98423695788
test,33293.97826179747
test,33443.99618727869
test,33323.981846893716
test,12050289.876228852
test,33684.02486804863
test,33383.9890170862
test,33353.98543198996
test,33624.01769785614
test,33433.994992246604
test,33473.99977237493
test,33373.98782205412
test,33443.99618727869
test,33353.98543198996
test,33463.99857734285
test,33353.98543198996
test,33353.98543198996
test,33473.99977237493
test,33383.9890170862
test,33373.98782205412
test,39744.74905748969
test,33393.99021211828
test,33484.00096740701
test,33423.99379721453
test,33373.98782205412
test,33363.98662702204
test,33383.9890170862
test,33413.99260218244
test,33393.99021211828
test,33333.9830419258
test,33383.9890170862
test,33473.99977237493
test,33353.98543198996
test,33363.98662702204
test,33353.98543198996
test,33453.997382310765
test,33413.99260218244
test,33423.99379721453
test,33343.98423695788
test,33383.9890170862
test,38554.606848672054
test,33303.979456829555
test,33343.98423695788
test,33443.99618727869
test,12048459.657537982
test,33734.03084320903
test,33423.99379721453
test,33403.991407150366
test,33544.0081375995
test,33413.99260218244
test,33403.991407150366
test,33373.98782205412
test,33433.994992246604
test,33423.99379721453
test,33413.99260218244
test,33323.981846893716
test,33353.98543198996
test,33333.9830419258
test,33343.98423695788
test,33383.9890170862
test,33343.98423695788
test,33343.98423695788
test,33313.98065186163
test,33363.98662702204
test,33323.981846893716
test,33393.99021211828
test,33423.99379721453
test,33333.9830419258
test,33343.98423695788
test,33413.99260218244
test,33473.99977237493
test,33333.9830419258
test,33363.98662702204
test,33343.98423695788
test,5471463.779345877
test,33534.006942567416
test,33353.98543198996
test,33353.98543198996
test,33473.99977237493
test,33323.981846893716
test,33343.98423695788
test,33373.98782205412
test,33323.981846893716
test,33373.98782205412
test,40194.802833933325
test,33333.9830419258
test,33333.9830419258
test,33383.9890170862
test,33393.99021211828
test,33333.9830419258
test,33373.98782205412
test,33323.981846893716
test,33333.9830419258
test,33403.991407150366
test,33413.99260218244
test,33403.991407150366
test,33383.9890170862
test,33393.99021211828
test,33343.98423695788
test,33313.98065186163
test,33403.991407150366
test,33363.98662702204
test,33333.9830419258
test,38714.62596918535
test,33313.98065186163
test,33333.9830419258
test,33413.99260218244
test,33333.9830419258
test,33353.98543198996
test,33313.98065186163
test,33303.979456829555
test,33323.981846893716
test,33273.97587173331
test,33293.97826179747
test,33433.994992246604
test,33303.979456829555
test,33353.98543198996
test,33303.979456829555
test,37814.51841629806
test,33403.991407150366
test,33403.991407150366
test,33373.98782205412
test,33494.002162439094
test,33333.9830419258
test,33343.98423695788
test,33363.98662702204
test,33343.98423695788
test,33363.98662702204
test,33413.99260218244
test,33373.98782205412
test,33373.98782205412
test,33393.99021211828
test,33393.99021211828
test,33433.994992246604
test,33694.02606308071
test,33353.98543198996
test,33353.98543198996
test,33564.01052766366
test,33433.994992246604
test,33383.9890170862
test,33413.99260218244
test,33373.98782205412
test,33393.99021211828
test,33383.9890170862
test,33524.00574753533
test,33383.9890170862
test,36994.42042366743
test,33554.00933263158
test,33463.99857734285
test,38694.62357912119
test,33353.98543198996
test,33333.9830419258
test,33373.98782205412
test,33323.981846893716
test,33303.979456829555
test,33303.979456829555
test,33303.979456829555
test,33323.981846893716
test,33383.9890170862
test,33333.9830419258
test,33403.991407150366
test,33323.981846893716
test,33283.977066765394
test,37854.52319642639
test,33383.9890170862
test,33323.981846893716
test,33313.98065186163
test,33363.98662702204
test,33303.979456829555
test,33283.977066765394
test,33333.9830419258
test,33403.991407150366
test,33393.99021211828
test,33393.99021211828
test,33303.979456829555
test,33333.9830419258
test,33333.9830419258
test,33333.9830419258
test,33343.98423695788
test,33413.99260218244
test,33534.006942567416
test,33433.994992246604
test,33343.98423695788
test,33403.991407150366
test,33363.98662702204
test,33373.98782205412
test,33383.9890170862
test,33403.991407150366
test,33303.979456829555
test,33363.98662702204
test,33353.98543198996
test,33343.98423695788
test,33333.9830419258
test,33333.9830419258
test,33333.9830419258
test,33484.00096740701
test,33463.99857734285
test,33423.99379721453
test,33403.991407150366
test,33574.01172269574
test,33514.004552503255
test,33463.99857734285
test,33463.99857734285
test,33554.00933263158
test,33514.004552503255
test,33514.004552503255
test,38024.54351197176
test,33433.994992246604
test,33383.9890170862
test,33413.99260218244
test,33393.99021211828
test,33373.98782205412
test,33494.002162439094
test,33373.98782205412
test,33433.994992246604
test,33413.99260218244
test,33393.99021211828
test,33333.9830419258
test,33453.997382310765
test,33383.9890170862
test,36664.380987608754
test,33453.997382310765
test,33443.99618727869
test,33383.9890170862
test,33353.98543198996
test,34424.11330042262
test,34234.09059481308
test,34474.11927558303
test,35534.245948983604
test,35544.24714401569
test,35644.25909433649
test,35164.20173279661
test,35144.19934273245
test,35154.20053776453
test,34614.13600603216
test,34844.16349177002
test,35394.22921853447
test,35574.25072911193
test,34894.16946693043
test,34824.16110170586
test,34854.1646868021
test,35774.27462975355
test,35964.29733536309
test,41764.99045397004
test,35174.202927828694
test,35084.192172539966
test,35634.257899304415
test,35014.1838073154
test,35014.1838073154
test,35294.217268213666
test,35324.220853309904
test,35304.21846324574
test,34914.17185699459
test,34944.17544209083
test,34924.173052026665
test,34884.16827189834
test,34934.17424705875
test,34924.173052026665
test,35054.18858744372
test,39704.74427736136
test,34934.17424705875
test,35144.19934273245
test,35144.19934273245
test,34714.147956352965
test,34844.16349177002
test,34244.091789845166
test,34414.11210539054
test,34224.089399781
test,34224.089399781
test,34234.09059481308
test,34344.10374016597
test,38654.61879899286
test,33564.01052766366
test,33323.981846893716
test,33383.9890170862
test,33433.994992246604
test,33494.002162439094
test,33413.99260218244
test,33353.98543198996
test,33363.98662702204
test,33403.991407150366
test,33363.98662702204
test,33363.98662702204
test,33303.979456829555
test,33423.99379721453
test,33323.981846893716
test,33293.97826179747
test,33343.98423695788
test,33363.98662702204
test,33343.98423695788
test,33333.9830419258
test,33333.9830419258
test,33403.991407150366
test,33323.981846893716
test,33333.9830419258
test,33353.98543198996
test,33403.991407150366
test,33373.98782205412
test,33333.9830419258
test,33313.98065186163
test,33403.991407150366
test,33383.9890170862
test,33383.9890170862
test,33333.9830419258
test,33413.99260218244
test,33484.00096740701
test,33403.991407150366
test,33373.98782205412
test,33514.004552503255
test,33504.00335747117
test,33363.98662702204
test,33403.991407150366
test,33463.99857734285
test,33373.98782205412
test,33423.99379721453
test,33393.99021211828
test,33423.99379721453
test,33393.99021211828
test,33473.99977237493
test,33393.99021211828
test,33383.9890170862
test,33443.99618727869
test,33423.99379721453
test,33393.99021211828
test,33504.00335747117
test,33463.99857734285
test,33383.9890170862
test,33453.997382310765
test,33463.99857734285
test,33473.99977237493
test,33524.00574753533
test,33473.99977237493
test,33423.99379721453
test,33554.00933263158
test,33463.99857734285
test,33443.99618727869
test,33554.00933263158
test,33554.00933263158
test,33484.00096740701
test,33443.99618727869
test,33433.994992246604
test,33423.99379721453
test,33413.99260218244
test,33463.99857734285
test,33363.98662702204
test,37984.53873184344
test,33514.004552503255
test,33554.00933263158
test,33403.991407150366
test,33383.9890170862
test,33514.004552503255
test,33443.99618727869
test,33484.00096740701
test,33463.99857734285
test,33383.9890170862
test,33494.002162439094
test,33463.99857734285
test,33423.99379721453
test,33473.99977237493
test,33504.00335747117
test,33494.002162439094
test,33453.997382310765
test,33584.01291772782
test,33413.99260218244
test,33443.99618727869
test,33413.99260218244
test,33383.9890170862
test,33433.994992246604
test,33504.00335747117
test,33413.99260218244
test,33403.991407150366
test,33463.99857734285
test,33373.98782205412
test,33423.99379721453
test,33494.002162439094
test,33514.004552503255
test,33473.99977237493
test,33433.994992246604
test,33504.00335747117
test,33453.997382310765
test,33353.98543198996
test,33423.99379721453
test,33433.994992246604
test,33453.997382310765
test,33463.99857734285
test,33494.002162439094
test,33433.994992246604
test,33463.99857734285
test,35234.210098021176
test,33453.997382310765
test,33494.002162439094
test,38694.62357912119
test,33423.99379721453
test,33443.99618727869
test,33484.00096740701
test,33433.994992246604
test,33473.99977237493
test,33433.994992246604
test,33423.99379721453
test,33433.994992246604
test,33443.99618727869
test,33403.991407150366
test,33463.99857734285
test,33413.99260218244
test,33423.99379721453
test,33524.00574753533
test,37854.52319642639
test,33403.991407150366
test,33423.99379721453
test,33383.9890170862
test,33484.00096740701
test,33413.99260218244
test,33363.98662702204
test,33463.99857734285
test,33423.99379721453
test,33403.991407150366
test,37694.50407591309
test,33393.99021211828
test,33393.99021211828
test,33393.99021211828
test,33363.98662702204
test,33403.991407150366
test,33373.98782205412
test,33353.98543198996
test,33383.9890170862
test,33443.99618727869
test,33554.00933263158
test,33443.99618727869
test,33383.9890170862
test,33463.99857734285
test,33443.99618727869
test,33453.997382310765
test,33393.99021211828
test,33393.99021211828
test,33494.002162439094
test,33524.00574753533
test,37664.50049081685
test,33473.99977237493
test,33383.9890170862
test,33383.9890170862
test,33443.99618727869
test,33453.997382310765
test,33433.994992246604
test,33463.99857734285
test,33433.994992246604
test,33413.99260218244
test,33443.99618727869
test,33393.99021211828
test,35284.21607318158
test,33473.99977237493
test,33604.01530779198
test,33594.0141127599
test,33544.0081375995
test,33544.0081375995
test,33564.01052766366
test,33584.01291772782
test,33584.01291772782
test,33473.99977237493
test,33564.01052766366
test,33564.01052766366
test,33463.99857734285
test,33534.006942567416
test,33473.99977237493
test,33494.002162439094
test,38104.55307222841
test,33504.00335747117
test,33564.01052766366
test,34024.06549913938
test,34334.102545133894
test,33964.0583289469
test,33804.0392084336
test,33904.05115875441
test,34274.095374941404
test,33704.027258112794
test,33794.03801340152
test,34044.06788920354
test,34024.06549913938
test,34054.06908423563
test,34044.06788920354
test,34084.072669331865
test,34044.06788920354
test,34044.06788920354
test,34134.07864449227
test,34234.09059481308
test,34334.102545133894
test,34234.09059481308
test,34224.089399781
test,34204.08700971684
test,38904.64867479489
test,34164.082229588515
test,34204.08700971684
test,34264.09417990933
test,34194.08581468476
test,34214.08820474892
test,34214.08820474892
test,34214.08820474892
test,34184.084619652676
test,34194.08581468476
test,33864.04637862609
test,33984.06071901106
test,33564.01052766366
test,35994.300920459325
test,33694.02606308071
test,33714.02845314487
test,33614.016502824066
test,42515.08008137611
test,33524.00574753533
test,33463.99857734285
test,33514.004552503255
test,34484.120470615104
test,34644.1395911284
test,34804.1587116417
test,34224.089399781
test,34164.082229588515
test,33634.01889288823
test,33514.004552503255
test,33764.03442830528
test,33714.02845314487
test,33614.016502824066
test,33644.020087920304
test,33634.01889288823
test,33584.01291772782
test,33704.027258112794
test,33634.01889288823
test,33804.0392084336
test,34154.08103455643
test,34184.084619652676
test,33824.041598497766
test,34114.07625442811
test,34134.07864449227
test,34114.07625442811
test,34224.089399781
test,34114.07625442811
test,34094.07386436395
test,34094.07386436395
test,34024.06549913938
test,34024.06549913938
test,34104.07505939603
test,34104.07505939603
test,33964.0583289469
test,33944.05593888273
test,33514.004552503255
test,33473.99977237493
test,33453.997382310765
test,33674.02367301655
test,33794.03801340152
test,33844.04398856193
test,33774.03562333736
test,34354.104935198055
test,34294.097765005565
test,33684.02486804863
test,33594.0141127599
test,33574.01172269574
test,33764.03442830528
test,33694.02606308071
test,33594.0141127599
test,33704.027258112794
test,33704.027258112794
test,33684.02486804863
test,33674.02367301655
test,33684.02486804863
test,35644.25909433649
test,33764.03442830528
test,33744.032038241116
test,38824.63911453824
test,33774.03562333736
test,33774.03562333736
test,33774.03562333736
test,34144.079839524355
test,34154.08103455643
test,34144.079839524355
test,34194.08581468476
test,34014.0643041073
test,34264.09417990933
test,34084.072669331865
test,34874.167076866266
test,34094.07386436395
test,34294.097765005565
test,34924.173052026665
test,35014.1838073154
test,34974.17902718707
test,34484.120470615104
test,34144.079839524355
test,34144.079839524355
test,34164.082229588515
test,34034.066694171466
test,34084.072669331865
test,34694.145566288804
test,35044.18739241164
test,34714.147956352965
test,34704.14676132089
test,34804.1587116417
test,34734.15034641713
test,34574.13122590383
test,34744.15154144921
test,34694.145566288804
test,35714.26745956106
test,35524.24475395153
test,35514.24355891944
test,35204.20651292493
test,35574.25072911193
test,35894.28897013852
test,35724.26865459314
test,35494.24116885528
test,35594.25311917609
test,35474.23877879112
test,35544.24714401569
test,35504.242363887366
test,35574.25072911193
test,35974.298530395165
test,35834.28179994603
test,35524.24475395153
test,35644.25909433649
test,35844.282994978115
test,36244.330796261354
test,35614.255509240254
test,35504.242363887366
test,35494.24116885528
test,35394.22921853447
test,35904.2901651706
test,35624.25670427233
test,35724.26865459314
test,36164.321236004704
test,35424.232803630715
test,35364.22563343823
test,35424.232803630715
test,35474.23877879112
test,35774.27462975355
test,35834.28179994603
test,35874.28658007436
test,35544.24714401569
test,35894.28897013852
test,35184.20412286077
test,34864.16588183418
test,34954.17663712291
test,34944.17544209083
test,34754.152736481294
test,39774.752642585925
test,34794.157516609615
test,34854.1646868021
test,36274.33438135759
test,36184.323626068865
test,36334.34155155008
test,34994.18141725123
test,34904.170661962504
test,34804.1587116417
test,34884.16827189834
test,34864.16588183418
test,34674.14317622464
test,34764.15393151337
test,34604.134811000076
test,34594.133615968
test,35204.20651292493
test,34804.1587116417
test,35414.23160859863
test,35274.2148781495
test,34904.170661962504
test,34704.14676132089
test,35064.1897824758
test,35294.217268213666
test,35314.21965827783
test,35064.1897824758
test,34754.152736481294
test,34744.15154144921
test,34724.14915138505
test,35404.230413566554
test,35134.198147700365
test,34924.173052026665
test,34674.14317622464
test,34714.147956352965
test,34784.15632157753
test,34794.157516609615
test,34684.14437125673
test,34594.133615968
test,34544.127640807594
test,34524.12525074343
test,34474.11927558303
test,36434.35350187089
test,34624.13720106424
test,34494.12166564719
test,34554.12883583967
test,34544.127640807594
test,34584.132420935915
test,34624.13720106424
test,34424.11330042262
test,34254.09298487724
test,34594.133615968
test,34384.1085202943
test,34424.11330042262
test,33804.0392084336
test,33714.02845314487
test,33864.04637862609
test,34024.06549913938
test,34234.09059481308
test,34414.11210539054
test,33964.0583289469
test,34254.09298487724
test,34284.09656997349
test,33684.02486804863
test,33954.057133914815
test,33674.02367301655
test,33694.02606308071
test,33964.0583289469
test,33784.03681836944
test,33624.01769785614
test,33443.99618727869
test,33604.01530779198
test,33624.01769785614
test,33894.04996372233
test,33504.00335747117
test,33604.01530779198
test,33824.041598497766
test,33944.05593888273
test,34024.06549913938
test,33974.059523978976
test,34384.1085202943
test,34694.145566288804
test,34034.066694171466
test,34614.13600603216
test,34714.147956352965
test,34354.104935198055
test,34294.097765005565
test,34224.089399781
test,39414.709621431015
test,34134.07864449227
test,34094.07386436395
test,34054.06908423563
test,34124.077449460194
test,34254.09298487724
test,34314.10015506973
test,36114.3152608443
test,36464.35708696713
test,36514.36306212754
test,36764.39293792956
test,35064.1897824758
test,35014.1838073154
test,34994.18141725123
test,34994.18141725123
test,35094.19336757204
test,35354.22443840615
test,35854.28419001019
test,36084.31167574806
test,36164.321236004704
test,36074.310480715976
test,36394.348721742565
test,35824.280604913954
test,36154.32004097263
test,36264.333186325515
test,35904.2901651706
test,35774.27462975355
test,36394.348721742565
test,35914.29136020268
test,35654.260289368576
test,35774.27462975355
test,35394.22921853447
test,35444.235193694876
test,35444.235193694876
test,35464.23758375904
test,35454.23638872696
test,35444.235193694876
test,35544.24714401569
test,35474.23877879112
test,35544.24714401569
test,35394.22921853447
test,35424.232803630715
test,35254.21248808534
test,35434.2339986628
test,34684.14437125673
test,34584.132420935915
test,34664.141981192566
test,34764.15393151337
test,34614.13600603216
test,34614.13600603216
test,39374.704841302686
test,34674.14317622464
test,34634.13839609632
test,34624.13720106424
test,34544.127640807594
test,34454.116885518866
test,34474.11927558303
test,33794.03801340152
test,33834.04279352984
test,33844.04398856193
test,33874.047573658165
test,33924.05354881857
test,33824.041598497766
test,33914.052353786494
test,33814.04040346568
test,33794.03801340152
test,33854.045183594004
test,33874.047573658165
test,33393.99021211828
test,33333.9830419258
test,33343.98423695788
test,33353.98543198996
test,33363.98662702204
test,33303.979456829555
test,33363.98662702204
test,33353.98543198996
test,33353.98543198996
test,33363.98662702204
test,33363.98662702204
test,33413.99260218244
test,33343.98423695788
test,33403.991407150366
test,33373.98782205412
test,33323.981846893716
test,33313.98065186163
test,33403.991407150366
test,33363.98662702204
test,33333.9830419258
test,33363.98662702204
test,33453.997382310765
test,33524.00574753533
test,33403.991407150366
test,33423.99379721453
test,33373.98782205412
test,33393.99021211828
test,33363.98662702204
test,33383.9890170862
test,33403.991407150366
test,33383.9890170862
test,33403.991407150366
test,33423.99379721453
test,33363.98662702204
test,33423.99379721453
test,33393.99021211828
test,33433.994992246604
test,33473.99977237493
test,33413.99260218244
test,33373.98782205412
test,33403.991407150366
test,33423.99379721453
test,33403.991407150366
test,33373.98782205412
test,33343.98423695788
test,33373.98782205412
test,33343.98423695788
test,33413.99260218244
test,33393.99021211828
test,33403.991407150366
test,35204.20651292493
test,33413.99260218244
test,33353.98543198996
test,33373.98782205412
test,38254.57099770962
test,33393.99021211828
test,33333.9830419258
test,33303.979456829555
test,33343.98423695788
test,33323.981846893716
test,33303.979456829555
test,33373.98782205412
test,33323.981846893716
test,33383.9890170862
test,33363.98662702204
test,33323.981846893716
test,33373.98782205412
test,33333.9830419258
test,33383.9890170862
test,33433.994992246604
test,33403.991407150366
test,33473.99977237493
test,33443.99618727869
test,33373.98782205412
test,33403.991407150366
test,33373.98782205412
test,33393.99021211828
test,33453.997382310765
test,33463.99857734285
test,33373.98782205412
test,33393.99021211828
test,33463.99857734285
test,33453.997382310765
test,33423.99379721453
test,33443.99618727869
test,33443.99618727869
test,33423.99379721453
test,33393.99021211828
test,33423.99379721453
test,33423.99379721453
test,33403.991407150366
test,33524.00574753533
test,33473.99977237493
test,33443.99618727869
test,33473.99977237493
test,33514.004552503255
test,33484.00096740701
test,33473.99977237493
test,33463.99857734285
test,33463.99857734285
test,33473.99977237493
test,33443.99618727869
test,33534.006942567416
test,33534.006942567416
test,33484.00096740701
test,33534.006942567416
test,33423.99379721453
test,33463.99857734285
test,33504.00335747117
test,33534.006942567416
test,33473.99977237493
test,33514.004552503255
test,33443.99618727869
test,33534.006942567416
test,33514.004552503255
test,33484.00096740701
test,33393.99021211828
test,33393.99021211828
test,33484.00096740701
test,33504.00335747117
test,33564.01052766366
test,33504.00335747117
test,33453.997382310765
test,33443.99618727869
test,33353.98543198996
test,33393.99021211828
test,33463.99857734285
test,33473.99977237493
test,33463.99857734285
test,33463.99857734285
test,33473.99977237493
test,33514.004552503255
test,33524.00574753533
test,33473.99977237493
test,33443.99618727869
test,33484.00096740701
test,33443.99618727869
test,33494.002162439094
test,38694.62357912119
test,33413.99260218244
test,33413.99260218244
test,33484.00096740701
test,33473.99977237493
test,33343.98423695788
test,33343.98423695788
test,33463.99857734285
test,33413.99260218244
test,33413.99260218244
test,33363.98662702204
test,33413.99260218244
test,33433.994992246604
test,33373.98782205412
test,33423.99379721453
test,33423.99379721453
test,33373.98782205412
test,33353.98543198996
test,33443.99618727869
test,33423.99379721453
test,33453.997382310765
test,33363.98662702204
test,33413.99260218244
test,33443.99618727869
test,33443.99618727869
test,33473.99977237493
test,33443.99618727869
test,33463.99857734285
test,33453.997382310765
test,33443.99618727869
test,37554.48734546396
test,33514.004552503255
test,33443.99618727869
test,33423.99379721453
test,33484.00096740701
test,33463.99857734285
test,33443.99618727869
test,33473.99977237493
test,33463.99857734285
test,33403.991407150366
test,35104.19456260413
test,33564.01052766366
test,33484.00096740701
test,33463.99857734285
test,33443.99618727869
test,38564.60804370413
test,33463.99857734285
test,33413.99260218244
test,33383.9890170862
test,33413.99260218244
test,33494.002162439094
test,33383.9890170862
test,33403.991407150366
test,33393.99021211828
test,33383.9890170862
test,33433.994992246604
test,33353.98543198996
test,33423.99379721453
test,33514.004552503255
test,33403.991407150366
test,33463.99857734285
test,33413.99260218244
test,33423.99379721453
test,33413.99260218244
test,33403.991407150366
test,33554.00933263158
test,33403.991407150366
test,33363.98662702204
test,33423.99379721453
test,33463.99857734285
test,33403.991407150366
test,33413.99260218244
test,33544.0081375995
test,33433.994992246604
test,33504.00335747117
test,33443.99618727869
test,33413.99260218244
test,33463.99857734285
test,33494.002162439094
test,33504.00335747117
test,33423.99379721453
test,33423.99379721453
test,33594.0141127599
test,33443.99618727869
test,33463.99857734285
test,33724.029648176955
test,39204.684525757315
test,34904.170661962504
test,34604.134811000076
test,34434.1144954547
test,33644.020087920304
test,33544.0081375995
test,33504.00335747117
test,33564.01052766366
test,33544.0081375995
test,33484.00096740701
test,33544.0081375995
test,33554.00933263158
test,33524.00574753533
test,33554.00933263158
test,33564.01052766366
test,33664.022477984465
test,33624.01769785614
test,33644.020087920304
test,33714.02845314487
test,33564.01052766366
test,33554.00933263158
test,33554.00933263158
test,33644.020087920304
test,33614.016502824066
test,33664.022477984465
test,33704.027258112794
test,33654.02128295239
test,33634.01889288823
test,33594.0141127599
test,33634.01889288823
test,33624.01769785614
test,33624.01769785614
test,33604.01530779198
test,33634.01889288823
test,33634.01889288823
test,33654.02128295239
test,33704.027258112794
test,33554.00933263158
test,33524.00574753533
test,33634.01889288823
test,33574.01172269574
test,33764.03442830528
test,33624.01769785614
test,33584.01291772782
test,33604.01530779198
test,33584.01291772782
test,38004.5411219076
test,33484.00096740701
test,33504.00335747117
test,33484.00096740701
test,33654.02128295239
test,33754.0332332732
test,33774.03562333736
test,33854.045183594004
test,33714.02845314487
test,33654.02128295239
test,33744.032038241116
test,33704.027258112794
test,33934.054743850655
test,33774.03562333736
test,33874.047573658165
test,38274.57338777379
test,33754.0332332732
test,33524.00574753533
test,33564.01052766366
test,33604.01530779198
test,33564.01052766366
test,33564.01052766366
test,33604.01530779198
test,33584.01291772782
test,33574.01172269574
test,33574.01172269574
test,33564.01052766366
test,33423.99379721453
test,33453.997382310765
test,33534.006942567416
test,33554.00933263158
test,33684.02486804863
test,33614.016502824066
test,33624.01769785614
test,33554.00933263158
test,38614.61401886454
test,33564.01052766366
test,33534.006942567416
test,33754.0332332732
test,33534.006942567416
test,33614.016502824066
test,33574.01172269574
test,33504.00335747117
test,33644.020087920304
test,33514.004552503255
test,33574.01172269574
test,33504.00335747117
test,33413.99260218244
test,33413.99260218244
test,33423.99379721453
test,33423.99379721453
test,33463.99857734285
test,33473.99977237493
test,33423.99379721453
test,33463.99857734285
test,33413.99260218244
test,33393.99021211828
test,33383.9890170862
test,33383.9890170862
test,33473.99977237493
test,33383.9890170862
test,33393.99021211828
test,33634.01889288823
test,33544.0081375995
test,33804.0392084336
test,33994.06191404314
test,39874.76459290674
test,33934.054743850655
test,33544.0081375995
test,33574.01172269574
test,34144.079839524355
test,34584.132420935915
test,33844.04398856193
test,33614.016502824066
test,33754.0332332732
test,33734.03084320903
test,33714.02845314487
test,33744.032038241116
test,33684.02486804863
test,33834.04279352984
test,34144.079839524355
test,34454.116885518866
test,33844.04398856193
test,33684.02486804863
test,38734.62835924951
test,33744.032038241116
test,33944.05593888273
test,34514.12405571135
test,34354.104935198055
test,34524.12525074343
test,34124.077449460194
test,34294.097765005565
test,34344.10374016597
test,37204.44551934113
test,36114.3152608443
test,35984.29972542725
test,34324.10135010181
test,34254.09298487724
test,34494.12166564719
test,34374.107325262215
test,34284.09656997349
test,34174.0834246206
test,34174.0834246206
test,34674.14317622464
test,35144.19934273245
test,35794.27701981771
test,35424.232803630715
test,35774.27462975355
test,36014.30331052349
test,35934.29375026684
test,35394.22921853447
test,34974.17902718707
test,34964.177832154994
test,34884.16827189834
test,34994.18141725123
test,34944.17544209083
test,35124.19695266829
test,35824.280604913954
test,35234.210098021176
test,34974.17902718707
test,35634.257899304415
test,34964.177832154994
test,34974.17902718707
test,34814.159906673776
test,34364.10613023013
test,39164.679745628986
test,34354.104935198055
test,34354.104935198055
test,34614.13600603216
test,34514.12405571135
test,34364.10613023013
test,34144.079839524355
test,33594.0141127599
test,33654.02128295239
test,33704.027258112794
test,33574.01172269574
test,33684.02486804863
test,33594.0141127599
test,39934.77176309922
test,33634.01889288823
test,33604.01530779198
test,33494.002162439094
test,33564.01052766366
test,33574.01172269574
test,33604.01530779198
test,33504.00335747117
test,33604.01530779198
test,33353.98543198996
test,34964.177832154994
test,33343.98423695788
test,38124.55546229257
test,33524.00574753533
test,33524.00574753533
test,33574.01172269574
test,33594.0141127599
test,33624.01769785614
test,33634.01889288823
test,33664.022477984465
test,33644.020087920304
test,33564.01052766366
test,33564.01052766366
test,33594.0141127599
test,33504.00335747117
test,33634.01889288823
test,33594.0141127599
test,33624.01769785614
test,33564.01052766366
test,33564.01052766366
test,33473.99977237493
test,33504.00335747117
test,33463.99857734285
test,33514.004552503255
test,33463.99857734285
test,33524.00574753533
test,33473.99977237493
test,33393.99021211828
test,33443.99618727869
test,33453.997382310765
test,33393.99021211828
test,33433.994992246604
test,33504.00335747117
test,33554.00933263158
test,33473.99977237493
test,33443.99618727869
test,33403.991407150366
test,33413.99260218244
test,33594.0141127599
test,33504.00335747117
test,33554.00933263158
test,33764.03442830528
test,33664.022477984465
test,33644.020087920304
test,33554.00933263158
test,33604.01530779198
test,33514.004552503255
test,33734.03084320903
test,33604.01530779198
test,33544.0081375995
test,33564.01052766366
test,33634.01889288823
test,33614.016502824066
test,33654.02128295239
test,38074.549487132164
test,34064.070279267704
test,34244.091789845166
test,33624.01769785614
test,33504.00335747117
test,33704.027258112794
test,34234.09059481308
test,34444.11569048678
test,33484.00096740701
test,33624.01769785614
test,33774.03562333736
test,33654.02128295239
test,35524.24475395153
test,34274.095374941404
test,33684.02486804863
test,33574.01172269574
test,34154.08103455643
test,33674.02367301655
test,33704.027258112794
test,33824.041598497766
test,34484.120470615104
test,34704.14676132089
test,33934.054743850655
test,34484.120470615104
test,35624.25670427233
test,35544.24714401569
test,35534.245948983604
test,34304.09896003765
test,34174.0834246206
test,34174.0834246206
test,34184.084619652676
test,34884.16827189834
test,34954.17663712291
test,35624.25670427233
test,35044.18739241164
test,35114.195757636204
test,35124.19695266829
test,35134.198147700365
test,34914.17185699459
test,34924.173052026665
test,34984.180222219155
test,34934.17424705875
test,34884.16827189834
test,35054.18858744372
test,35674.26267943274
test,35124.19695266829
test,35114.195757636204
test,35084.192172539966
test,35124.19695266829
test,35124.19695266829
test,35154.20053776453
test,35204.20651292493
test,35084.192172539966
test,35124.19695266829
test,35224.2089029891
test,35364.22563343823
test,35294.217268213666
test,35174.202927828694
test,35174.202927828694
test,35124.19695266829
test,34444.11569048678
test,34444.11569048678
test,34414.11210539054
test,34294.097765005565
test,36234.32960122927
test,34324.10135010181
test,34324.10135010181
test,34324.10135010181
test,39064.66779530818
test,34284.09656997349
test,34264.09417990933
test,34244.091789845166
test,34234.09059481308
test,34264.09417990933
test,33904.05115875441
test,33484.00096740701
test,33494.002162439094
test,33534.006942567416
test,33463.99857734285
test,33514.004552503255
test,37854.52319642639
test,33634.01889288823
test,33544.0081375995
test,33574.01172269574
test,33574.01172269574
test,33614.016502824066
test,33484.00096740701
test,33494.002162439094
test,33433.994992246604
test,33413.99260218244
test,33423.99379721453
test,33443.99618727869
test,37814.51841629806
test,33504.00335747117
test,33443.99618727869
test,33433.994992246604
test,33433.994992246604
test,33393.99021211828
test,33333.9830419258
test,33333.9830419258
test,33433.994992246604
test,33383.9890170862
test,33403.991407150366
test,33423.99379721453
test,37604.49332062436
test,33373.98782205412
test,33373.98782205412
test,33363.98662702204
test,33393.99021211828
test,33403.991407150366
test,33383.9890170862
test,33534.006942567416
test,33393.99021211828
test,33413.99260218244
test,33393.99021211828
test,35424.232803630715
test,33473.99977237493
test,33423.99379721453
test,33484.00096740701
test,38114.554267260486
test,33484.00096740701
test,33473.99977237493
test,33353.98543198996
test,33393.99021211828
test,33413.99260218244
test,33453.997382310765
test,33393.99021211828
test,33393.99021211828
test,33373.98782205412
test,33413.99260218244
test,33403.991407150366
test,33313.98065186163
test,33333.9830419258
test,33383.9890170862
test,33413.99260218244
test,33413.99260218244
test,33383.9890170862
test,33403.991407150366
test,33473.99977237493
test,33473.99977237493
test,33453.997382310765
test,33423.99379721453
test,33403.991407150366
test,33423.99379721453
test,33363.98662702204
test,33453.997382310765
test,33393.99021211828
test,33514.004552503255
test,33473.99977237493
test,33494.002162439094
test,33403.991407150366
test,33504.00335747117
test,33494.002162439094
test,33524.00574753533
test,33473.99977237493
test,33453.997382310765
test,33433.994992246604
test,33453.997382310765
test,33473.99977237493
test,33433.994992246604
test,33433.994992246604
test,33484.00096740701
test,33453.997382310765
test,33494.002162439094
test,33494.002162439094
test,33413.99260218244
test,33473.99977237493
test,33433.994992246604
test,37704.50527094517
test,33514.004552503255
test,33504.00335747117
test,33473.99977237493
test,33403.991407150366
test,33494.002162439094
test,33494.002162439094
test,33433.994992246604
test,33473.99977237493
test,33514.004552503255
test,33504.00335747117
test,33484.00096740701
test,33453.997382310765
test,33484.00096740701
test,33514.004552503255
test,33514.004552503255
test,33554.00933263158
test,33624.01769785614
test,33514.004552503255
test,33644.020087920304
test,33544.0081375995
test,33524.00574753533
test,33554.00933263158
test,33514.004552503255
test,33504.00335747117
test,33463.99857734285
test,33514.004552503255
test,33473.99977237493
test,33834.04279352984
test,39164.679745628986
test,34824.16110170586
test,35044.18739241164
test,33584.01291772782
test,33604.01530779198
test,33504.00335747117
test,33534.006942567416
test,33584.01291772782
test,33574.01172269574
test,33734.03084320903
test,38234.56860764546
test,33704.027258112794
test,33534.006942567416
test,33614.016502824066
test,33624.01769785614
test,33654.02128295239
test,33594.0141127599
test,34254.09298487724
test,34234.09059481308
test,34024.06549913938
test,33944.05593888273
test,38284.574582805864
test,33954.057133914815
test,33994.06191404314
test,33924.05354881857
test,33844.04398856193
test,33904.05115875441
test,33824.041598497766
test,33864.04637862609
test,33714.02845314487
test,33744.032038241116
test,33694.02606308071
test,33674.02367301655
test,33724.029648176955
test,33684.02486804863
test,33644.020087920304
test,38054.547097068
test,33634.01889288823
test,33694.02606308071
test,33794.03801340152
test,33744.032038241116
test,33644.020087920304
test,33774.03562333736
test,33704.027258112794
test,33704.027258112794
test,33724.029648176955
test,33684.02486804863
test,33724.029648176955
test,33684.02486804863
test,33684.02486804863
test,33604.01530779198
test,38084.55068216425
test,33644.020087920304
test,33834.04279352984
test,33744.032038241116
test,33794.03801340152
test,33614.016502824066
test,33714.02845314487
test,33694.02606308071
test,33594.0141127599
test,33734.03084320903
test,33614.016502824066
test,33544.0081375995
test,33554.00933263158
test,33554.00933263158
test,33604.01530779198
test,33554.00933263158
test,33604.01530779198
test,38084.55068216425
test,33544.0081375995
test,33544.0081375995
test,33624.01769785614
test,33433.994992246604
test,33764.03442830528
test,33684.02486804863
test,33844.04398856193
test,33644.020087920304
test,33654.02128295239
test,33654.02128295239
test,33644.020087920304
test,33654.02128295239
test,33704.027258112794
test,33694.02606308071
test,33504.00335747117
test,33624.01769785614
test,33524.00574753533
test,33514.004552503255
test,33504.00335747117
test,34024.06549913938
test,34254.09298487724
test,34414.11210539054
test,33524.00574753533
test,33413.99260218244
test,33544.0081375995
test,35704.26626452898
test,34234.09059481308
test,34774.155126545455
test,34674.14317622464
test,33654.02128295239
test,33644.020087920304
test,39494.71918168766
test,33684.02486804863
test,33774.03562333736
test,33854.045183594004
test,33854.045183594004
test,33824.041598497766
test,33594.0141127599
test,33624.01769785614
test,33784.03681836944
test,34974.17902718707
test,33904.05115875441
test,34794.157516609615
test,34074.07147429979
test,34054.06908423563
test,33894.04996372233
test,33984.06071901106
test,34154.08103455643
test,38424.591313255
test,34414.11210539054
test,34624.13720106424
test,34394.109715326376
test,33974.059523978976
test,33884.04876869025
test,33774.03562333736
test,34994.18141725123
test,34154.08103455643
test,35404.230413566554
test,35174.202927828694
test,34754.152736481294
test,34854.1646868021
test,34874.167076866266
test,34724.14915138505
test,34604.134811000076
test,34864.16588183418
test,34744.15154144921
test,34524.12525074343
test,35484.2399738232
test,35484.2399738232
test,35214.207707957015
test,35074.19097750788
test,34984.180222219155
test,35214.207707957015
test,35754.27223968939
test,35724.26865459314
test,35784.275824785625
test,39644.737107168876
test,35144.19934273245
test,35004.182612283315
test,35424.232803630715
test,35374.22682847031
test,35054.18858744372
test,34854.1646868021
test,36154.32004097263
test,35174.202927828694
test,35074.19097750788
test,35044.18739241164
test,35384.22802350239
test,36694.38457270499
test,39904.76817800298
test,35244.21129305326
test,35254.21248808534
test,35224.2089029891
test,35134.198147700365
test,35064.1897824758
test,35294.217268213666
test,34634.13839609632
test,34534.12644577551
test,34284.09656997349
test,34284.09656997349
test,34654.14078616048
test,35074.19097750788
test,34224.089399781
test,34264.09417990933
test,34304.09896003765
test,34394.109715326376
test,34494.12166564719
test,34364.10613023013
test,34424.11330042262
test,34254.09298487724
test,34764.15393151337
test,34174.0834246206
test,34084.072669331865
test,34214.08820474892
test,33654.02128295239
test,33544.0081375995
test,33544.0081375995
test,33463.99857734285
test,33584.01291772782
test,33594.0141127599
test,33644.020087920304
test,40894.88648617899
test,33704.027258112794
test,33684.02486804863
test,33654.02128295239
test,33604.01530779198
test,33594.0141127599
test,33604.01530779198
test,33654.02128295239
test,33494.002162439094
test,33333.9830419258
test,33343.98423695788
test,33323.981846893716
test,33363.98662702204
test,33333.9830419258
test,33333.9830419258
test,38324.579362934186
test,33353.98543198996
test,33293.97826179747
test,33323.981846893716
test,33313.98065186163
test,33353.98543198996
test,33303.979456829555
test,33323.981846893716
test,33403.991407150366
test,33303.979456829555
test,38314.57816790211
test,33413.99260218244
test,33313.98065186163
test,33303.979456829555
test,33333.9830419258
test,33313.98065186163
test,33283.977066765394
test,33383.9890170862
test,33373.98782205412
test,33343.98423695788
test,33403.991407150366
test,33333.9830419258
test,33303.979456829555
test,33323.981846893716
test,33313.98065186163
test,33343.98423695788
test,33343.98423695788
test,33373.98782205412
test,33403.991407150366
test,33293.97826179747
test,33353.98543198996
test,33323.981846893716
test,33303.979456829555
test,33333.9830419258
test,33373.98782205412
test,37934.53275668303
test,33403.991407150366
test,33323.981846893716
test,33333.9830419258
test,33353.98543198996
test,33323.981846893716
test,33313.98065186163
test,33333.9830419258
test,33323.981846893716
test,33333.9830419258
test,33273.97587173331
test,33283.977066765394
test,33323.981846893716
test,33423.99379721453
test,33383.9890170862
test,33423.99379721453
test,33283.977066765394
test,33353.98543198996
test,33353.98543198996
test,33283.977066765394
test,33333.9830419258
test,33373.98782205412
test,33333.9830419258
test,33343.98423695788
test,33383.9890170862
test,33373.98782205412
test,35354.22443840615
test,33393.99021211828
test,33353.98543198996
test,33363.98662702204
test,33433.994992246604
test,33323.981846893716
test,33403.991407150366
test,33484.00096740701
test,33313.98065186163
test,33323.981846893716
test,33383.9890170862
test,33393.99021211828
test,33343.98423695788
test,33393.99021211828
test,33323.981846893716
test,33363.98662702204
test,33313.98065186163
test,37724.50766100933
test,33373.98782205412
test,33343.98423695788
test,33403.991407150366
test,33433.994992246604
test,33373.98782205412
test,33343.98423695788
test,33423.99379721453
test,33423.99379721453
test,33373.98782205412
test,33343.98423695788
test,33363.98662702204
test,33403.991407150366
test,33363.98662702204
test,37904.52917158679
test,33373.98782205412
test,33463.99857734285
test,33423.99379721453
test,33343.98423695788
test,33363.98662702204
test,33413.99260218244
test,33403.991407150366
test,33403.991407150366
test,33423.99379721453
test,33403.991407150366
test,33353.98543198996
test,33353.98543198996
test,33363.98662702204
test,33353.98543198996
test,33383.9890170862
test,33393.99021211828
test,33463.99857734285
test,33463.99857734285
test,33413.99260218244
test,33413.99260218244
test,33423.99379721453
test,33423.99379721453
test,33353.98543198996
test,33363.98662702204
test,33453.997382310765
test,33333.9830419258
test,33373.98782205412
test,35284.21607318158
test,33484.00096740701
test,33353.98543198996
test,33453.997382310765
test,33403.991407150366
test,33473.99977237493
test,33403.991407150366
test,33363.98662702204
test,33383.9890170862
test,33473.99977237493
test,33393.99021211828
test,33373.98782205412
test,33393.99021211828
test,33363.98662702204
test,33403.991407150366
test,33373.98782205412
test,33463.99857734285
test,33373.98782205412
test,33363.98662702204
test,33373.98782205412
test,33353.98543198996
test,33363.98662702204
test,33363.98662702204
test,33393.99021211828
test,33363.98662702204
test,33504.00335747117
test,33373.98782205412
test,33333.9830419258
test,33393.99021211828
test,33343.98423695788
test,33383.9890170862
test,33313.98065186163
test,33373.98782205412
test,33413.99260218244
test,33463.99857734285
test,33333.9830419258
test,33303.979456829555
test,33353.98543198996
test,33283.977066765394
test,33413.99260218244
test,33393.99021211828
test,33363.98662702204
test,33373.98782205412
test,33363.98662702204
test,33383.9890170862
test,33423.99379721453
test,33333.9830419258
test,33393.99021211828
test,33393.99021211828
test,33323.981846893716
test,33393.99021211828
test,33363.98662702204
test,33303.979456829555
test,33343.98423695788
test,33343.98423695788
test,33353.98543198996
test,33383.9890170862
test,33393.99021211828
test,33423.99379721453
test,33393.99021211828
test,35014.1838073154
test,33504.00335747117
test,33373.98782205412
test,33413.99260218244
test,38094.551877196325
test,33473.99977237493
test,33544.0081375995
test,33544.0081375995
test,33484.00096740701
test,33393.99021211828
test,33403.991407150366
test,33363.98662702204
test,33353.98543198996
test,33403.991407150366
test,33363.98662702204
test,33343.98423695788
test,33363.98662702204
test,33393.99021211828
test,33343.98423695788
test,33323.981846893716
test,33423.99379721453
test,33453.997382310765
test,33453.997382310765
test,33403.991407150366
test,33393.99021211828
test,33393.99021211828
test,33353.98543198996
test,33433.994992246604
test,33423.99379721453
test,33413.99260218244
test,33383.9890170862
test,33443.99618727869
test,33443.99618727869
test,33393.99021211828
test,33403.991407150366
test,33373.98782205412
test,33363.98662702204
test,33473.99977237493
test,33343.98423695788
test,33443.99618727869
test,33584.01291772782
test,37594.49212559228
test,33423.99379721453
test,33293.97826179747
test,33423.99379721453
test,33353.98543198996
test,33363.98662702204
test,33413.99260218244
test,33413.99260218244
test,33373.98782205412
test,33443.99618727869
test,33363.98662702204
test,33443.99618727869
test,33423.99379721453
test,33453.997382310765
test,35074.19097750788
test,33433.994992246604
test,33453.997382310765
test,38334.58055796627
test,33494.002162439094
test,33433.994992246604
test,33453.997382310765
test,33433.994992246604
test,33423.99379721453
test,33393.99021211828
test,33463.99857734285
test,33443.99618727869
test,33484.00096740701
test,33433.994992246604
test,33494.002162439094
test,33514.004552503255
test,33473.99977237493
test,33473.99977237493
test,33473.99977237493
test,33484.00096740701
test,33453.997382310765
test,33494.002162439094
test,33504.00335747117
test,33373.98782205412
test,33363.98662702204
test,33443.99618727869
test,33524.00574753533
test,33874.047573658165
test,34314.10015506973
test,39274.69289098188
test,34554.12883583967
test,34794.157516609615
test,34564.130030871755
test,34294.097765005565
test,33584.01291772782
test,33473.99977237493
test,33504.00335747117
test,33473.99977237493
test,33524.00574753533
test,33514.004552503255
test,33473.99977237493
test,33534.006942567416
test,33534.006942567416
test,33453.997382310765
test,33443.99618727869
test,33504.00335747117
test,33504.00335747117
test,33453.997382310765
test,33524.00574753533
test,33574.01172269574
test,33514.004552503255
test,33574.01172269574
test,33544.0081375995
test,33624.01769785614
test,33584.01291772782
test,33654.02128295239
test,33554.00933263158
test,33694.02606308071
test,33674.02367301655
test,33634.01889288823
test,33624.01769785614
test,33654.02128295239
test,33624.01769785614
test,33594.0141127599
test,33644.020087920304
test,33463.99857734285
test,33494.002162439094
test,33594.0141127599
test,33614.016502824066
test,33524.00574753533
test,33504.00335747117
test,37814.51841629806
test,33544.0081375995
test,33504.00335747117
test,33453.997382310765
test,33484.00096740701
test,33574.01172269574
test,33614.016502824066
test,33604.01530779198
test,33614.016502824066
test,33674.02367301655
test,33664.022477984465
test,33634.01889288823
test,33614.016502824066
test,33654.02128295239
test,38134.556657324654
test,33634.01889288823
test,33484.00096740701
test,33604.01530779198
test,33574.01172269574
test,33453.997382310765
test,33524.00574753533
test,33524.00574753533
test,33453.997382310765
test,33433.994992246604
test,33423.99379721453
test,33453.997382310765
test,33534.006942567416
test,33584.01291772782
test,37794.5160262339
test,33423.99379721453
test,33473.99977237493
test,33433.994992246604
test,33453.997382310765
test,33393.99021211828
test,33453.997382310765
test,33494.002162439094
test,33484.00096740701
test,33494.002162439094
test,33524.00574753533
test,33524.00574753533
test,33423.99379721453
test,33724.029648176955
test,33624.01769785614
test,33564.01052766366
test,33574.01172269574
test,33534.006942567416
test,33704.027258112794
test,33754.0332332732
test,34044.06788920354
test,34044.06788920354
test,33614.016502824066
test,33714.02845314487
test,33774.03562333736
test,33614.016502824066
test,37994.53992687552
test,33964.0583289469
test,33694.02606308071
test,33774.03562333736
test,34174.0834246206
test,34894.16946693043
test,34104.07505939603
test,33834.04279352984
test,34344.10374016597
test,34024.06549913938
test,33984.06071901106
test,34114.07625442811
test,34224.089399781
test,34394.109715326376
test,39754.750252521764
test,35254.21248808534
test,35484.2399738232
test,35524.24475395153
test,34614.13600603216
test,34344.10374016597
test,34224.089399781
test,34234.09059481308
test,34234.09059481308
test,34694.145566288804
test,34414.11210539054
test,35394.22921853447
test,35074.19097750788
test,35064.1897824758
test,35474.23877879112
test,34754.152736481294
test,34824.16110170586
test,34674.14317622464
test,34514.12405571135
test,34434.1144954547
test,34564.130030871755
test,34944.17544209083
test,35194.205317892855
test,35224.2089029891
test,35114.195757636204
test,37014.42281373159
test,35174.202927828694
test,35404.230413566554
test,35324.220853309904
test,35234.210098021176
test,35334.22204834199
test,35294.217268213666
test,35224.2089029891
test,34974.17902718707
test,34984.180222219155
test,35234.210098021176
test,34384.1085202943
test,34344.10374016597
test,34354.104935198055
test,34394.109715326376
test,34414.11210539054
test,34334.102545133894
test,34344.10374016597
test,34434.1144954547
test,34464.11808055094
test,34404.11091035846
test,34394.109715326376
test,34414.11210539054
test,34334.102545133894
test,34264.09417990933
test,34244.091789845166
test,34454.116885518866
test,33654.02128295239
test,33634.01889288823
test,33664.022477984465
test,33694.02606308071
test,33654.02128295239
test,33684.02486804863
test,38184.56263248505
test,33744.032038241116
test,33744.032038241116
test,33674.02367301655
test,33694.02606308071
test,33714.02845314487
test,33383.9890170862
test,33373.98782205412
test,33353.98543198996
test,33393.99021211828
test,33393.99021211828
test,37944.533951715115
test,33373.98782205412
test,33413.99260218244
test,33323.981846893716
test,33393.99021211828
test,33283.977066765394
test,33303.979456829555
test,33343.98423695788
test,33333.9830419258
test,33423.99379721453
test,33393.99021211828
test,33363.98662702204
test,33323.981846893716
test,35224.2089029891
test,33393.99021211828
test,33403.991407150366
test,33363.98662702204
test,38084.55068216425
test,33403.991407150366
test,33473.99977237493
test,33353.98543198996
test,33343.98423695788
test,33403.991407150366
test,33443.99618727869
test,33323.981846893716
test,33453.997382310765
test,33363.98662702204
test,33373.98782205412
test,33363.98662702204
test,33353.98543198996
test,33373.98782205412
test,33433.994992246604
test,33443.99618727869
test,33453.997382310765
test,33393.99021211828
test,37844.5220013943
test,33403.991407150366
test,33353.98543198996
test,33373.98782205412
test,33413.99260218244
test,33423.99379721453
test,33403.991407150366
test,33443.99618727869
test,33403.991407150366
test,33413.99260218244
test,33393.99021211828
test,33373.98782205412
test,33373.98782205412
test,33393.99021211828
test,33383.9890170862
test,33323.981846893716
test,33393.99021211828
test,33343.98423695788
test,33373.98782205412
test,37734.508856041415
test,33443.99618727869
test,33463.99857734285
test,33383.9890170862
test,33383.9890170862
test,33393.99021211828
test,33383.9890170862
test,33383.9890170862
test,33373.98782205412
test,33363.98662702204
test,33413.99260218244
test,33403.991407150366
test,33413.99260218244
test,38054.547097068
test,33403.991407150366
test,33504.00335747117
test,33393.99021211828
test,33353.98543198996
test,33413.99260218244
test,33373.98782205412
test,33453.997382310765
test,33393.99021211828
test,33353.98543198996
test,33333.9830419258
test,33383.9890170862
test,33373.98782205412
test,33393.99021211828
test,35074.19097750788
test,33453.997382310765
test,33363.98662702204
test,33373.98782205412
test,38034.54470700384
test,33403.991407150366
test,33343.98423695788
test,33393.99021211828
test,33383.9890170862
test,33413.99260218244
test,33373.98782205412
test,33403.991407150366
test,33433.994992246604
test,33433.994992246604
test,37804.51722126598
test,33494.002162439094
test,33343.98423695788
test,33393.99021211828
test,33363.98662702204
test,33363.98662702204
test,33494.002162439094
test,33373.98782205412
test,33343.98423695788
test,33413.99260218244
test,33393.99021211828
test,33393.99021211828
test,33313.98065186163
test,33383.9890170862
test,33363.98662702204
test,33443.99618727869
test,37924.531561650954
test,33453.997382310765
test,33373.98782205412
test,33383.9890170862
test,33413.99260218244
test,33413.99260218244
test,33363.98662702204
test,33323.981846893716
test,33343.98423695788
test,33373.98782205412
test,33363.98662702204
test,33363.98662702204
test,33343.98423695788
test,33303.979456829555
test,33333.9830419258
test,37674.501685848925
test,33293.97826179747
test,33353.98543198996
test,33343.98423695788
test,33373.98782205412
test,33333.9830419258
test,33333.9830419258
test,33353.98543198996
test,33343.98423695788
test,33383.9890170862
test,33303.979456829555
test,33423.99379721453
test,33353.98543198996
test,33363.98662702204
test,33393.99021211828
test,33393.99021211828
test,33323.981846893716
test,35354.22443840615
test,33403.991407150366
test,33333.9830419258
test,33353.98543198996
test,33453.997382310765
test,33473.99977237493
test,33363.98662702204
test,33333.9830419258
test,33413.99260218244
test,33453.997382310765
test,33403.991407150366
test,33433.994992246604
test,33413.99260218244
test,33363.98662702204
test,33363.98662702204
test,33333.9830419258
test,33343.98423695788
test,33413.99260218244
test,33313.98065186163
test,33323.981846893716
test,33353.98543198996
test,33393.99021211828
test,33323.981846893716
test,38574.609238736215
test,33383.9890170862
test,33403.991407150366
test,33383.9890170862
test,33393.99021211828
test,33383.9890170862
test,33423.99379721453
test,33453.997382310765
test,33524.00574753533
test,33413.99260218244
test,33393.99021211828
test,33433.994992246604
test,33393.99021211828
test,33423.99379721453
test,33413.99260218244
test,33443.99618727869
test,33413.99260218244
test,33383.9890170862
test,33393.99021211828
test,33383.9890170862
test,33333.9830419258
test,33413.99260218244
test,33373.98782205412
test,33383.9890170862
test,33383.9890170862
test,33413.99260218244
test,33363.98662702204
test,33393.99021211828
test,33443.99618727869
test,33403.991407150366
test,33373.98782205412
test,33383.9890170862
test,33403.991407150366
test,33393.99021211828
test,33393.99021211828
test,33443.99618727869
test,33333.9830419258
test,33353.98543198996
test,33323.981846893716
test,33343.98423695788
test,33393.99021211828
test,33373.98782205412
test,33373.98782205412
test,37274.45388456569
test,33473.99977237493
test,33453.997382310765
test,33383.9890170862
test,33373.98782205412
test,33383.9890170862
test,33363.98662702204
test,33343.98423695788
test,33363.98662702204
test,33383.9890170862
test,33363.98662702204
test,33383.9890170862
test,33333.9830419258
test,33343.98423695788
test,37744.51005107349
test,33273.97587173331
test,33473.99977237493
test,33303.979456829555
test,33353.98543198996
test,33313.98065186163
test,33363.98662702204
test,33353.98543198996
test,33323.981846893716
test,33333.9830419258
test,33383.9890170862
test,33413.99260218244
test,33363.98662702204
test,33403.991407150366
test,33353.98543198996
test,33353.98543198996
test,33333.9830419258
test,33333.9830419258
test,33323.981846893716
test,37824.51961133014
test,33413.99260218244
test,33373.98782205412
test,33393.99021211828
test,33333.9830419258
test,33383.9890170862
test,33373.98782205412
test,33393.99021211828
test,33383.9890170862
test,33383.9890170862
test,33393.99021211828
test,33413.99260218244
test,33484.00096740701
test,33383.9890170862
test,33343.98423695788
test,33383.9890170862
test,33473.99977237493
test,33473.99977237493
test,33383.9890170862
test,33494.002162439094
test,33484.00096740701
test,33443.99618727869
test,33393.99021211828
test,33373.98782205412
test,33383.9890170862
test,33363.98662702204
test,33403.991407150366
test,33423.99379721453
test,33413.99260218244
test,33393.99021211828
test,33463.99857734285
test,33403.991407150366
test,33363.98662702204
test,33363.98662702204
test,33383.9890170862
test,33303.979456829555
test,33333.9830419258
test,33353.98543198996
test,33343.98423695788
test,33373.98782205412
test,33353.98543198996
test,33413.99260218244
test,33323.981846893716
test,33343.98423695788
test,33453.997382310765
test,33383.9890170862
test,33373.98782205412
test,33313.98065186163
test,33433.994992246604
test,33413.99260218244
test,33383.9890170862
test,33413.99260218244
test,33443.99618727869
test,33383.9890170862
test,33423.99379721453
test,33443.99618727869
test,33433.994992246604
test,33383.9890170862
test,37764.51244113766
test,33363.98662702204
test,33403.991407150366
test,33303.979456829555
test,33343.98423695788
test,33303.979456829555
test,33333.9830419258
test,33443.99618727869
test,33373.98782205412
test,33333.9830419258
test,33363.98662702204
test,33343.98423695788
test,33393.99021211828
test,33393.99021211828
test,33353.98543198996
test,33403.991407150366
test,38124.55546229257
test,33343.98423695788
test,33443.99618727869
test,33353.98543198996
test,33363.98662702204
test,33333.9830419258
test,33333.9830419258
test,33403.991407150366
test,33383.9890170862
test,33373.98782205412
test,33343.98423695788
test,33333.9830419258
test,33363.98662702204
test,33363.98662702204
test,33383.9890170862
test,33393.99021211828
test,33383.9890170862
test,35134.198147700365
test,33413.99260218244
test,33393.99021211828
test,33463.99857734285
test,33383.9890170862
test,33443.99618727869
test,33383.9890170862
test,33363.98662702204
test,33373.98782205412
test,33353.98543198996
test,33373.98782205412
test,33413.99260218244
test,33393.99021211828
test,33343.98423695788
test,33373.98782205412
test,33433.994992246604
test,33433.994992246604
test,33393.99021211828
test,33383.9890170862
test,37694.50407591309
test,33413.99260218244
test,33393.99021211828
test,33303.979456829555
test,33303.979456829555
test,33313.98065186163
test,33363.98662702204
test,33323.981846893716
test,33413.99260218244
test,33393.99021211828
test,33363.98662702204
test,33333.9830419258
test,33353.98543198996
test,33343.98423695788
test,33303.979456829555
test,33343.98423695788
test,37694.50407591309
test,33353.98543198996
test,33443.99618727869
test,33333.9830419258
test,33383.9890170862
test,33333.9830419258
test,33433.994992246604
test,33363.98662702204
test,33343.98423695788
test,33584.01291772782
test,33423.99379721453
test,33403.991407150366
test,33323.981846893716
test,37744.51005107349
test,33383.9890170862
test,33433.994992246604
test,33453.997382310765
test,33494.002162439094
test,33453.997382310765
test,33433.994992246604
test,33473.99977237493
test,37984.53873184344
test,33484.00096740701
test,33484.00096740701
test,33423.99379721453
test,33443.99618727869
test,33443.99618727869
test,33524.00574753533
test,33453.997382310765
test,33494.002162439094
test,33473.99977237493
test,33433.994992246604
test,33423.99379721453
test,33453.997382310765
test,33443.99618727869
test,33453.997382310765
test,33463.99857734285
test,33524.00574753533
test,33584.01291772782
test,33433.994992246604
test,33433.994992246604
test,33463.99857734285
test,33443.99618727869
test,33403.991407150366
test,33373.98782205412
test,33383.9890170862
test,33423.99379721453
test,33453.997382310765
test,33403.991407150366
test,33383.9890170862
test,33473.99977237493
test,33393.99021211828
test,33443.99618727869
test,33403.991407150366
test,33594.0141127599
test,33443.99618727869
test,33393.99021211828
test,33413.99260218244
test,33403.991407150366
test,33413.99260218244
test,33504.00335747117
test,33383.9890170862
test,33403.991407150366
test,33413.99260218244
test,33403.991407150366
test,33403.991407150366
test,37854.52319642639
test,33484.00096740701
test,33534.006942567416
test,33403.991407150366
test,33413.99260218244
test,33403.991407150366
test,33363.98662702204
test,33403.991407150366
test,33433.994992246604
test,33413.99260218244
test,33383.9890170862
test,33383.9890170862
test,35124.19695266829
test,33333.9830419258
test,33433.994992246604
test,38114.554267260486
test,33363.98662702204
test,33313.98065186163
test,33443.99618727869
test,33383.9890170862
test,33393.99021211828
test,33403.991407150366
test,33453.997382310765
test,33403.991407150366
test,33373.98782205412
test,33373.98782205412
test,33353.98543198996
test,37814.51841629806
test,33403.991407150366
test,33363.98662702204
test,33363.98662702204
test,33303.979456829555
test,33443.99618727869
test,33373.98782205412
test,33383.9890170862
test,33393.99021211828
test,33393.99021211828
test,33313.98065186163
test,33343.98423695788
test,33343.98423695788
test,33413.99260218244
test,33494.002162439094
test,33363.98662702204
test,33383.9890170862
test,33373.98782205412
test,33363.98662702204
test,33353.98543198996
test,33373.98782205412
test,33343.98423695788
test,33313.98065186163
test,37704.50527094517
test,33373.98782205412
test,33443.99618727869
test,33413.99260218244
test,33403.991407150366
test,33373.98782205412
test,33383.9890170862
test,33383.9890170862
test,33303.979456829555
test,33343.98423695788
test,33363.98662702204
test,33514.004552503255
test,33343.98423695788
test,33313.98065186163
test,33363.98662702204
test,38184.56263248505
test,33443.99618727869
test,33494.002162439094
test,33403.991407150366
test,33393.99021211828
test,33393.99021211828
test,33443.99618727869
test,33403.991407150366
test,33403.991407150366
test,33393.99021211828
test,33453.997382310765
test,33453.997382310765
test,33484.00096740701
test,33484.00096740701
test,33473.99977237493
test,33433.994992246604
test,37844.5220013943
test,33443.99618727869
test,33393.99021211828
test,33333.9830419258
test,33343.98423695788
test,33333.9830419258
test,33403.991407150366
test,33393.99021211828
test,33423.99379721453
test,33403.991407150366
test,33453.997382310765
test,33443.99618727869
test,33393.99021211828
test,33463.99857734285
test,33413.99260218244
test,33343.98423695788
test,33413.99260218244
test,33423.99379721453
test,37644.49810075269
test,33423.99379721453
test,33453.997382310765
test,33514.004552503255
test,33514.004552503255
test,33423.99379721453
test,33494.002162439094
test,33473.99977237493
test,33594.0141127599
test,33564.01052766366
test,33684.02486804863
test,33614.016502824066
test,33494.002162439094
test,33504.00335747117
test,33504.00335747117
test,33504.00335747117
test,33433.994992246604
test,33413.99260218244
test,33373.98782205412
test,33433.994992246604
test,33473.99977237493
test,34134.07864449227
test,34774.155126545455
test,34854.1646868021
test,34994.18141725123
test,34864.16588183418
test,34854.1646868021
test,34874.167076866266
test,34834.16229673794
test,34754.152736481294
test,33884.04876869025
test,33433.994992246604
test,33494.002162439094
test,38344.581752998354
test,33574.01172269574
test,33554.00933263158
test,33574.01172269574
test,33504.00335747117
test,33494.002162439094
test,33484.00096740701
test,33484.00096740701
test,33924.05354881857
test,34314.10015506973
test,34284.09656997349
test,34124.077449460194
test,33844.04398856193
test,34114.07625442811
test,34144.079839524355
test,34094.07386436395
test,34154.08103455643
test,34054.06908423563
test,34074.07147429979
test,34054.06908423563
test,34064.070279267704
test,34024.06549913938
test,34064.070279267704
test,34124.077449460194
test,34084.072669331865
test,34174.0834246206
test,33353.98543198996
test,33353.98543198996
test,33383.9890170862
test,33393.99021211828
test,33373.98782205412
test,33423.99379721453
test,33373.98782205412
test,33353.98543198996
test,37674.501685848925
test,33313.98065186163
test,33353.98543198996
test,33403.991407150366
test,33363.98662702204
test,33323.981846893716
test,33383.9890170862
test,33323.981846893716
test,33313.98065186163
test,33353.98543198996
test,33323.981846893716
test,33393.99021211828
test,33333.9830419258
test,33283.977066765394
test,33574.01172269574
test,33604.01530779198
test,33584.01291772782
test,33534.006942567416
test,33594.0141127599
test,33463.99857734285
test,33463.99857734285
test,33534.006942567416
test,33554.00933263158
test,33514.004552503255
test,33624.01769785614
test,33574.01172269574
test,33634.01889288823
test,33514.004552503255
test,33604.01530779198
test,33554.00933263158
test,33744.032038241116
test,33864.04637862609
test,38314.57816790211
test,33604.01530779198
test,33594.0141127599
test,33574.01172269574
test,33413.99260218244
test,33413.99260218244
test,33473.99977237493
test,33413.99260218244
test,33473.99977237493
test,33484.00096740701
test,33443.99618727869
test,33574.01172269574
test,33463.99857734285
test,33433.994992246604
test,33443.99618727869
test,33413.99260218244
test,33383.9890170862
test,33403.991407150366
test,33664.022477984465
test,33534.006942567416
test,37904.52917158679
test,33734.03084320903
test,33484.00096740701
test,33824.041598497766
test,33674.02367301655
test,33423.99379721453
test,33624.01769785614
test,33433.994992246604
test,33433.994992246604
test,33594.0141127599
test,33373.98782205412
test,33423.99379721453
test,33423.99379721453
test,33383.9890170862
test,38784.634334409915
test,33413.99260218244
test,33453.997382310765
test,33363.98662702204
test,33333.9830419258
test,33413.99260218244
test,33323.981846893716
test,33373.98782205412
test,33463.99857734285
test,33383.9890170862
test,33514.004552503255
test,33534.006942567416
test,33433.994992246604
test,33524.00574753533
test,33534.006942567416
test,33704.027258112794
test,34074.07147429979
test,34354.104935198055
test,34134.07864449227
test,33514.004552503255
test,33393.99021211828
test,33484.00096740701
test,34234.09059481308
test,34174.0834246206
test,34324.10135010181
test,34354.104935198055
test,34664.141981192566
test,33994.06191404314
test,33564.01052766366
test,33744.032038241116
test,33814.04040346568
test,33634.01889288823
test,37024.424008763664
test,33784.03681836944
test,33724.029648176955
test,33684.02486804863
test,33944.05593888273
test,34294.097765005565
test,34034.066694171466
test,34114.07625442811
test,35174.202927828694
test,35154.20053776453
test,34064.070279267704
test,34624.13720106424
test,34384.1085202943
test,34414.11210539054
test,34344.10374016597
test,34874.167076866266
test,34404.11091035846
test,34264.09417990933
test,34154.08103455643
test,34124.077449460194
test,34164.082229588515
test,34514.12405571135
test,35084.192172539966
test,35274.2148781495
test,35554.248339047765
test,36374.346331678404
test,36114.3152608443
test,36464.35708696713
test,35494.24116885528
test,35374.22682847031
test,35234.210098021176
test,35104.19456260413
test,34984.180222219155
test,35364.22563343823
test,34974.17902718707
test,35034.18619737956
test,35264.21368311742
test,36334.34155155008
test,35744.271044657304
test,35794.27701981771
test,35794.27701981771
test,40664.85900044113
test,35754.27223968939
test,35864.285385042276
test,36044.30689561973
test,36214.32721116511
test,35794.27701981771
test,35844.282994978115
test,35804.27821484979
test,35774.27462975355
test,35734.26984962523
test,35734.26984962523
test,35744.271044657304
test,37724.50766100933
test,35694.2650694969
test,35684.26387446482
test,35684.26387446482
test,40934.89126630731
test,35864.285385042276
test,36044.30689561973
test,35744.271044657304
test,35744.271044657304
test,35734.26984962523
test,35764.273434721465
test,35724.26865459314
test,35914.29136020268
test,35824.280604913954
test,34954.17663712291
test,35064.1897824758
test,35004.182612283315
test,34944.17544209083
test,34954.17663712291
test,34884.16827189834
test,34904.170661962504
test,34894.16946693043
test,34884.16827189834
test,34874.167076866266
test,34854.1646868021
test,34924.173052026665
test,34804.1587116417
test,34624.13720106424
test,34624.13720106424
test,34114.07625442811
test,34044.06788920354
test,34114.07625442811
test,38564.60804370413
test,34124.077449460194
test,34074.07147429979
test,34154.08103455643
test,34194.08581468476
test,34164.082229588515
test,34074.07147429979
test,33964.0583289469
test,34124.077449460194
test,34204.08700971684
test,33564.01052766366
test,33463.99857734285
test,33363.98662702204
test,33423.99379721453
test,33423.99379721453
test,33393.99021211828
test,33393.99021211828
test,33353.98543198996
test,33363.98662702204
test,33383.9890170862
test,33403.991407150366
test,33343.98423695788
test,33413.99260218244
test,33413.99260218244
test,33393.99021211828
test,33363.98662702204
test,35234.210098021176
test,33473.99977237493
test,33443.99618727869
test,33463.99857734285
test,33453.997382310765
test,33534.006942567416
test,33484.00096740701
test,33443.99618727869
test,33484.00096740701
test,33514.004552503255
test,33473.99977237493
test,33494.002162439094
test,33574.01172269574
test,33674.02367301655
test,33564.01052766366
test,33413.99260218244
test,33423.99379721453
test,33463.99857734285
test,33453.997382310765
test,33413.99260218244
test,33463.99857734285
test,33534.006942567416
test,33494.002162439094
test,33544.0081375995
test,33504.00335747117
test,33443.99618727869
test,33504.00335747117
test,33534.006942567416
test,33463.99857734285
test,33524.00574753533
test,33494.002162439094
test,33614.016502824066
test,33594.0141127599
test,33554.00933263158
test,33484.00096740701
test,37854.52319642639
test,33514.004552503255
test,33463.99857734285
test,33423.99379721453
test,33393.99021211828
test,33453.997382310765
test,33484.00096740701
test,33473.99977237493
test,33463.99857734285
test,33534.006942567416
test,33504.00335747117
test,33494.002162439094
test,33484.00096740701
test,33484.00096740701
test,33484.00096740701
test,33413.99260218244
test,33504.00335747117
test,33433.994992246604
test,33473.99977237493
test,33604.01530779198
test,33554.00933263158
test,33674.02367301655
test,33584.01291772782
test,33574.01172269574
test,33484.00096740701
test,33554.00933263158
test,33484.00096740701
test,33504.00335747117
test,33433.994992246604
test,33494.002162439094
test,33453.997382310765
test,33473.99977237493
test,34144.079839524355
test,34684.14437125673
test,34194.08581468476
test,33574.01172269574
test,33484.00096740701
test,33514.004552503255
test,38054.547097068
test,33604.01530779198
test,33544.0081375995
test,33564.01052766366
test,33494.002162439094
test,33544.0081375995
test,33504.00335747117
test,33494.002162439094
test,33504.00335747117
test,33534.006942567416
test,33443.99618727869
test,33473.99977237493
test,33463.99857734285
test,33554.00933263158
test,33574.01172269574
test,33433.994992246604
test,33463.99857734285
test,33453.997382310765
test,33494.002162439094
test,33383.9890170862
test,33383.9890170862
test,33443.99618727869
test,33473.99977237493
test,33473.99977237493
test,33574.01172269574
test,33594.0141127599
test,38024.54351197176
test,33624.01769785614
test,33654.02128295239
test,33674.02367301655
test,33594.0141127599
test,33514.004552503255
test,33544.0081375995
test,33564.01052766366
test,33574.01172269574
test,33463.99857734285
test,33564.01052766366
test,35164.20173279661
test,33564.01052766366
test,33484.00096740701
test,33574.01172269574
test,38034.54470700384
test,33433.994992246604
test,33504.00335747117
test,33564.01052766366
test,33423.99379721453
test,33393.99021211828
test,33453.997382310765
test,33423.99379721453
test,33524.00574753533
test,33443.99618727869
test,33494.002162439094
test,33534.006942567416
test,33594.0141127599
test,33574.01172269574
test,33774.03562333736
test,33604.01530779198
test,33554.00933263158
test,33644.020087920304
test,33544.0081375995
test,33584.01291772782
test,33714.02845314487
test,33734.03084320903
test,33524.00574753533
test,33423.99379721453
test,33554.00933263158
test,33644.020087920304
test,33654.02128295239
test,33784.03681836944
test,34004.06310907522
test,33904.05115875441
test,33724.029648176955
test,33544.0081375995
test,33704.027258112794
test,33554.00933263158
test,33453.997382310765
test,33594.0141127599
test,33624.01769785614
test,33964.0583289469
test,33704.027258112794
test,33463.99857734285
test,33634.01889288823
test,34414.11210539054
test,33864.04637862609
test,33584.01291772782
test,38084.55068216425
test,33644.020087920304
test,33584.01291772782
test,34614.13600603216
test,34644.1395911284
test,34514.12405571135
test,34664.141981192566
test,34204.08700971684
test,33984.06071901106
test,34134.07864449227
test,33954.057133914815
test,33914.052353786494
test,34054.06908423563
test,34004.06310907522
test,34004.06310907522
test,33964.0583289469
test,38504.60087351165
test,34514.12405571135
test,34694.145566288804
test,34024.06549913938
test,34234.09059481308
test,33974.059523978976
test,34084.072669331865
test,34514.12405571135
test,35234.210098021176
test,34644.1395911284
test,34694.145566288804
test,34534.12644577551
test,34194.08581468476
test,34384.1085202943
test,34404.11091035846
test,34244.091789845166
test,34364.10613023013
test,34464.11808055094
test,34464.11808055094
test,39164.679745628986
test,34464.11808055094
test,34384.1085202943
test,34364.10613023013
test,34394.109715326376
test,34374.107325262215
test,34344.10374016597
test,34294.097765005565
test,34144.079839524355
test,34124.077449460194
test,34304.09896003765
test,34424.11330042262
test,33814.04040346568
test,33524.00574753533
test,33564.01052766366
test,33594.0141127599
test,33604.01530779198
test,33534.006942567416
test,37874.52558649055
test,33624.01769785614
test,33564.01052766366
test,33604.01530779198
test,33574.01172269574
test,33484.00096740701
test,33323.981846893716
test,33383.9890170862
test,33333.9830419258
test,33383.9890170862
test,33373.98782205412
test,33383.9890170862
test,33393.99021211828
test,33453.997382310765
test,37974.53753681136
test,33373.98782205412
test,33524.00574753533
test,33393.99021211828
test,33433.994992246604
test,33473.99977237493
test,33393.99021211828
test,33393.99021211828
test,33343.98423695788
test,33413.99260218244
test,33413.99260218244
test,33453.997382310765
test,33383.9890170862
test,33383.9890170862
test,33363.98662702204
test,33413.99260218244
test,33423.99379721453
test,33353.98543198996
test,33343.98423695788
test,33353.98543198996
test,33353.98543198996
test,33403.991407150366
test,33393.99021211828
test,33403.991407150366
test,33403.991407150366
test,33353.98543198996
test,33463.99857734285
test,33433.994992246604
test,33353.98543198996
test,33343.98423695788
test,33373.98782205412
test,33363.98662702204
test,33383.9890170862
test,33433.994992246604
test,33413.99260218244
test,33383.9890170862
test,33373.98782205412
test,33383.9890170862
test,33363.98662702204
test,33363.98662702204
test,33353.98543198996
test,33383.9890170862
test,37834.52080636223
test,33433.994992246604
test,33453.997382310765
test,33423.99379721453
test,33353.98543198996
test,33373.98782205412
test,33393.99021211828
test,33463.99857734285
test,33373.98782205412
test,33383.9890170862
test,33413.99260218244
test,33373.98782205412
test,33373.98782205412
test,33323.981846893716
test,33403.991407150366
test,33544.0081375995
test,33494.002162439094
test,33443.99618727869
test,33484.00096740701
test,33363.98662702204
test,33393.99021211828
test,33353.98543198996
test,33373.98782205412
test,33363.98662702204
test,33393.99021211828
test,33423.99379721453
test,33494.002162439094
test,33403.991407150366
test,33363.98662702204
test,33403.991407150366
test,33383.9890170862
test,33393.99021211828
test,33343.98423695788
test,38514.602068543725
test,33554.00933263158
test,33544.0081375995
test,33433.994992246604
test,33433.994992246604
test,33393.99021211828
test,33403.991407150366
test,33383.9890170862
test,33433.994992246604
test,33373.98782205412
test,33423.99379721453
test,33363.98662702204
test,33383.9890170862
test,33383.9890170862
test,33393.99021211828
test,33423.99379721453
test,37794.5160262339
test,33463.99857734285
test,33353.98543198996
test,33343.98423695788
test,33383.9890170862
test,33313.98065186163
test,33373.98782205412
test,33473.99977237493
test,33363.98662702204
test,33393.99021211828
test,33423.99379721453
test,33383.9890170862
test,33333.9830419258
test,33484.00096740701
test,33343.98423695788
test,33303.979456829555
test,37914.53036661887
test,33403.991407150366
test,33473.99977237493
test,33494.002162439094
test,33443.99618727869
test,33403.991407150366
test,33413.99260218244
test,33403.991407150366
test,33383.9890170862
test,33413.99260218244
test,33484.00096740701
test,33433.994992246604
test,33453.997382310765
test,33413.99260218244
test,33443.99618727869
test,33433.994992246604
test,33443.99618727869
test,33393.99021211828
test,33403.991407150366
test,33443.99618727869
test,33353.98543198996
test,33473.99977237493
test,33453.997382310765
test,33463.99857734285
test,33463.99857734285
test,33403.991407150366
test,33423.99379721453
test,33433.994992246604
test,33403.991407150366
test,33403.991407150366
test,33363.98662702204
test,38064.54829210009
test,33433.994992246604
test,33514.004552503255
test,33433.994992246604
test,33403.991407150366
test,33524.00574753533
test,33383.9890170862
test,33393.99021211828
test,33423.99379721453
test,33393.99021211828
test,33333.9830419258
test,33343.98423695788
test,33353.98543198996
test,33403.991407150366
test,33453.997382310765
test,33433.994992246604
test,33373.98782205412
test,33413.99260218244
test,33463.99857734285
test,33373.98782205412
test,37784.51483120182
test,33463.99857734285
test,33494.002162439094
test,33463.99857734285
test,33353.98543198996
test,33433.994992246604
test,33323.981846893716
test,33343.98423695788
test,33323.981846893716
test,33443.99618727869
test,33484.00096740701
test,33504.00335747117
test,37914.53036661887
test,33504.00335747117
test,33524.00574753533
test,33453.997382310765
test,33453.997382310765
test,33303.979456829555
test,33343.98423695788
test,33323.981846893716
test,33343.98423695788
test,33413.99260218244
test,33313.98065186163
test,33263.97467670123
test,33313.98065186163
test,33333.9830419258
test,33333.9830419258
test,33333.9830419258
test,39444.71320652725
test,33413.99260218244
test,33473.99977237493
test,33373.98782205412
test,33393.99021211828
test,33484.00096740701
test,33403.991407150366
test,33413.99260218244
test,33383.9890170862
test,33423.99379721453
test,37974.53753681136
test,33443.99618727869
test,33433.994992246604
test,33463.99857734285
test,33453.997382310765
test,33524.00574753533
test,33473.99977237493
test,33524.00574753533
test,33584.01291772782
test,33564.01052766366
test,33564.01052766366
test,33494.002162439094
test,33423.99379721453
test,33504.00335747117
test,33494.002162439094
test,33393.99021211828
test,33363.98662702204
test,33433.994992246604
test,33714.02845314487
test,34664.141981192566
test,34304.09896003765
test,34034.066694171466
test,33674.02367301655
test,33453.997382310765
test,33463.99857734285
test,33544.0081375995
test,33504.00335747117
test,33494.002162439094
test,33484.00096740701
test,33463.99857734285
test,33484.00096740701
test,33534.006942567416
test,33514.004552503255
test,33453.997382310765
test,33514.004552503255
test,33463.99857734285
test,33524.00574753533
test,33473.99977237493
test,33504.00335747117
test,33494.002162439094
test,33494.002162439094
test,33433.994992246604
test,33453.997382310765
test,33463.99857734285
test,33494.002162439094
test,33494.002162439094
test,33443.99618727869
test,38004.5411219076
test,33413.99260218244
test,33383.9890170862
test,33413.99260218244
test,33333.9830419258
test,33303.979456829555
test,33353.98543198996
test,33373.98782205412
test,33383.9890170862
test,33353.98543198996
test,33373.98782205412
test,33393.99021211828
test,33373.98782205412
test,33433.994992246604
test,33433.994992246604
test,33353.98543198996
test,33393.99021211828
test,33383.9890170862
test,38054.547097068
test,33403.991407150366
test,33604.01530779198
test,33594.0141127599
test,33534.006942567416
test,33524.00574753533
test,33473.99977237493
test,33433.994992246604
test,33453.997382310765
test,33443.99618727869
test,33574.01172269574
test,33544.0081375995
test,33433.994992246604
test,33463.99857734285
test,33484.00096740701
test,33514.004552503255
test,33373.98782205412
test,33473.99977237493
test,33453.997382310765
test,33453.997382310765
test,33383.9890170862
test,33473.99977237493
test,33473.99977237493
test,33433.994992246604
test,33413.99260218244
test,33373.98782205412
test,33373.98782205412
test,33413.99260218244
test,33433.994992246604
test,33393.99021211828
test,33383.9890170862
test,38014.54231693968
test,33624.01769785614
test,33564.01052766366
test,33504.00335747117
test,33554.00933263158
test,33694.02606308071
test,33564.01052766366
test,33504.00335747117
test,33584.01291772782
test,33764.03442830528
test,33484.00096740701
test,35094.19336757204
test,33413.99260218244
test,33373.98782205412
test,33524.00574753533
test,38074.549487132164
test,33724.029648176955
test,33914.052353786494
test,34224.089399781
test,34294.097765005565
test,33564.01052766366
test,33714.02845314487
test,33974.059523978976
test,34344.10374016597
test,33704.027258112794
test,33664.022477984465
test,33694.02606308071
test,33574.01172269574
test,37974.53753681136
test,34184.084619652676
test,34114.07625442811
test,34254.09298487724
test,34174.0834246206
test,33904.05115875441
test,33864.04637862609
test,34374.107325262215
test,34514.12405571135
test,33914.052353786494
test,34294.097765005565
test,34124.077449460194
test,34264.09417990933
test,34344.10374016597
test,35344.223243374065
test,35354.22443840615
test,35344.223243374065
test,35644.25909433649
test,35154.20053776453
test,34704.14676132089
test,34284.09656997349
test,35254.21248808534
test,35384.22802350239
test,34984.180222219155
test,35714.26745956106
test,35134.198147700365
test,35094.19336757204
test,35554.248339047765
test,35184.20412286077
test,34844.16349177002
test,34924.173052026665
test,34814.159906673776
test,34834.16229673794
test,35764.273434721465
test,35784.275824785625
test,35694.2650694969
test,35684.26387446482
test,37754.511246105576
test,35724.26865459314
test,35734.26984962523
test,41274.93189739807
test,35664.26148440066
test,35814.27940988187
test,35854.28419001019
test,35724.26865459314
test,35604.25431420817
test,35584.25192414401
test,35364.22563343823
test,35414.23160859863
test,35734.26984962523
test,35374.22682847031
test,34794.157516609615
test,34764.15393151337
test,34764.15393151337
test,34784.15632157753
test,34774.155126545455
test,34784.15632157753
test,34734.15034641713
test,34714.147956352965
test,34754.152736481294
test,34684.14437125673
test,34704.14676132089
test,34754.152736481294
test,34764.15393151337
test,34704.14676132089
test,34704.14676132089
test,34634.13839609632
test,34584.132420935915
test,34624.13720106424
test,34824.16110170586
test,34164.082229588515
test,34004.06310907522
test,34044.06788920354
test,34074.07147429979
test,34034.066694171466
test,34004.06310907522
test,38724.627164217425
test,34024.06549913938
test,34074.07147429979
test,34074.07147429979
test,34044.06788920354
test,34014.0643041073
test,34064.070279267704
test,33824.041598497766
test,33844.04398856193
test,33333.9830419258
test,33263.97467670123
test,33343.98423695788
test,33433.994992246604
test,33313.98065186163
test,33303.979456829555
test,33333.9830419258
test,33363.98662702204
test,33363.98662702204
test,33403.991407150366
test,33393.99021211828
test,33524.00574753533
test,33283.977066765394
test,33463.99857734285
test,33433.994992246604
test,33323.981846893716
test,33383.9890170862
test,33353.98543198996
test,33383.9890170862
test,33363.98662702204
test,33383.9890170862
test,35994.300920459325
test,33323.981846893716
test,33403.991407150366
test,37814.51841629806
test,33393.99021211828
test,33393.99021211828
test,33353.98543198996
test,33343.98423695788
test,33363.98662702204
test,33383.9890170862
test,33373.98782205412
test,33343.98423695788
test,33373.98782205412
test,33363.98662702204
test,33343.98423695788
test,33343.98423695788
test,37604.49332062436
test,33323.981846893716
test,33313.98065186163
test,33333.9830419258
test,33343.98423695788
test,33293.97826179747
test,33313.98065186163
test,33393.99021211828
test,33393.99021211828
test,33443.99618727869
test,33423.99379721453
test,33383.9890170862
test,33383.9890170862
test,33383.9890170862
test,33403.991407150366
test,33403.991407150366
test,33413.99260218244
test,33423.99379721453
test,33594.0141127599
test,33403.991407150366
test,33413.99260218244
test,33433.994992246604
test,33393.99021211828
test,33463.99857734285
test,33423.99379721453
test,33473.99977237493
test,33423.99379721453
test,33423.99379721453
test,33373.98782205412
test,33423.99379721453
test,33443.99618727869
test,33484.00096740701
test,33383.9890170862
test,33554.00933263158
test,33453.997382310765
test,33494.002162439094
test,33484.00096740701
test,33484.00096740701
test,33484.00096740701
test,33453.997382310765
test,33473.99977237493
test,33554.00933263158
test,33443.99618727869
test,33403.991407150366
test,33403.991407150366
test,33413.99260218244
test,33413.99260218244
test,36094.31287078014
test,33524.00574753533
test,33413.99260218244
test,37744.51005107349
test,33403.991407150366
test,33443.99618727869
test,33413.99260218244
test,33453.997382310765
test,33463.99857734285
test,33423.99379721453
test,33433.994992246604
test,33423.99379721453
test,33423.99379721453
test,33413.99260218244
test,37814.51841629806
test,33383.9890170862
test,33484.00096740701
test,33363.98662702204
test,33363.98662702204
test,33463.99857734285
test,33413.99260218244
test,33463.99857734285
test,33403.991407150366
test,33403.991407150366
test,33353.98543198996
test,33473.99977237493
test,33443.99618727869
test,33363.98662702204
test,33323.981846893716
test,38024.54351197176
test,33463.99857734285
test,33363.98662702204
test,33403.991407150366
test,33393.99021211828
test,33403.991407150366
test,33413.99260218244
test,33494.002162439094
test,33433.994992246604
test,33554.00933263158
test,33393.99021211828
test,33333.9830419258
test,33423.99379721453
test,33343.98423695788
test,33333.9830419258
test,33343.98423695788
test,33343.98423695788
test,33363.98662702204
test,33323.981846893716
test,33373.98782205412
test,33393.99021211828
test,33333.9830419258
test,33413.99260218244
test,33313.98065186163
test,33403.991407150366
test,35014.1838073154
test,33403.991407150366
test,33393.99021211828
test,33433.994992246604
test,33453.997382310765
test,33463.99857734285
test,33373.98782205412
test,33393.99021211828
test,33373.98782205412
test,33393.99021211828
test,33383.9890170862
test,33433.994992246604
test,33473.99977237493
test,33554.00933263158
test,33484.00096740701
test,33484.00096740701
test,33534.006942567416
test,33594.0141127599
test,33544.0081375995
test,33544.0081375995
test,33534.006942567416
test,37884.526781522625
test,33373.98782205412
test,33473.99977237493
test,33383.9890170862
test,33443.99618727869
test,33604.01530779198
test,34124.077449460194
test,33994.06191404314
test,33644.020087920304
test,33484.00096740701
test,33534.006942567416
test,33534.006942567416
test,33473.99977237493
test,37704.50527094517
test,33494.002162439094
test,33463.99857734285
test,33584.01291772782
test,33544.0081375995
test,33514.004552503255
test,33494.002162439094
test,33654.02128295239
test,33644.020087920304
test,33514.004552503255
test,33624.01769785614
test,33644.020087920304
test,33694.02606308071
test,33674.02367301655
test,33624.01769785614
test,33654.02128295239
test,33614.016502824066
test,33664.022477984465
test,33724.029648176955
test,33644.020087920304
test,33594.0141127599
test,33604.01530779198
test,33564.01052766366
test,33473.99977237493
test,35354.22443840615
test,33484.00096740701
test,33473.99977237493
test,37874.52558649055
test,33514.004552503255
test,33453.997382310765
test,33494.002162439094
test,33473.99977237493
test,33463.99857734285
test,33453.997382310765
test,33433.994992246604
test,33433.994992246604
test,33403.991407150366
test,33484.00096740701
test,33514.004552503255
test,33534.006942567416
test,33453.997382310765
test,33453.997382310765
test,33423.99379721453
test,33473.99977237493
test,38154.559047388815
test,33463.99857734285
test,33564.01052766366
test,33664.022477984465
test,33584.01291772782
test,33564.01052766366
test,33494.002162439094
test,33494.002162439094
test,33614.016502824066
test,33584.01291772782
test,33604.01530779198
test,33674.02367301655
test,33674.02367301655
test,33453.997382310765
test,33494.002162439094
test,33554.00933263158
test,33484.00096740701
test,33413.99260218244
test,33333.9830419258
test,33373.98782205412
test,33403.991407150366
test,33373.98782205412
test,33363.98662702204
test,33433.994992246604
test,33494.002162439094
test,33443.99618727869
test,33433.994992246604
test,33353.98543198996
test,33313.98065186163
test,33614.016502824066
test,33564.01052766366
test,33453.997382310765
test,37784.51483120182
test,33453.997382310765
test,33534.006942567416
test,33473.99977237493
test,33554.00933263158
test,33453.997382310765
test,33724.029648176955
test,33694.02606308071
test,33484.00096740701
test,33343.98423695788
test,33313.98065186163
test,33433.994992246604
test,35184.20412286077
test,33423.99379721453
test,38034.54470700384
test,33413.99260218244
test,33403.991407150366
test,33383.9890170862
test,33323.981846893716
test,33413.99260218244
test,33343.98423695788
test,33373.98782205412
test,33383.9890170862
test,33383.9890170862
test,33544.0081375995
test,33574.01172269574
test,33383.9890170862
test,33473.99977237493
test,33644.020087920304
test,34054.06908423563
test,34114.07625442811
test,33504.00335747117
test,33494.002162439094
test,34194.08581468476
test,33694.02606308071
test,33644.020087920304
test,33554.00933263158
test,33473.99977237493
test,33694.02606308071
test,33694.02606308071
test,33954.057133914815
test,34154.08103455643
test,34094.07386436395
test,33714.02845314487
test,33554.00933263158
test,34184.084619652676
test,34514.12405571135
test,34904.170661962504
test,34674.14317622464
test,39424.71081646309
test,34744.15154144921
test,34634.13839609632
test,33804.0392084336
test,33624.01769785614
test,33714.02845314487
test,33944.05593888273
test,34234.09059481308
test,34484.120470615104
test,34014.0643041073
test,34124.077449460194
test,35034.18619737956
test,39254.69050091772
test,34234.09059481308
test,34224.089399781
test,34224.089399781
test,34124.077449460194
test,34294.097765005565
test,35474.23877879112
test,34814.159906673776
test,35684.26387446482
test,34914.17185699459
test,35074.19097750788
test,39754.750252521764
test,35014.1838073154
test,35594.25311917609
test,35124.19695266829
test,34954.17663712291
test,34874.167076866266
test,35014.1838073154
test,35724.26865459314
test,35814.27940988187
test,35574.25072911193
test,35454.23638872696
test,35554.248339047765
test,35494.24116885528
test,40184.80163890125
test,35504.242363887366
test,35454.23638872696
test,35444.235193694876
test,35444.235193694876
test,35464.23758375904
test,35534.245948983604
test,35664.26148440066
test,35404.230413566554
test,35274.2148781495
test,35614.255509240254
test,34714.147956352965
test,34744.15154144921
test,34824.16110170586
test,34894.16946693043
test,34754.152736481294
test,34814.159906673776
test,34784.15632157753
test,34744.15154144921
test,34734.15034641713
test,34724.14915138505
test,34674.14317622464
test,34654.14078616048
test,33884.04876869025
test,33954.057133914815
test,33964.0583289469
test,33904.05115875441
test,33894.04996372233
test,33954.057133914815
test,33964.0583289469
test,33894.04996372233
test,33864.04637862609
test,33904.05115875441
test,33804.0392084336
test,33894.04996372233
test,33804.0392084336
test,33844.04398856193
test,33403.991407150366
test,33383.9890170862
test,33383.9890170862
test,33323.981846893716
test,37844.5220013943
test,33393.99021211828
test,33494.002162439094
test,33403.991407150366
test,33443.99618727869
test,33544.0081375995
test,33433.994992246604
test,33443.99618727869
test,33484.00096740701
test,33644.020087920304
test,33704.027258112794
test,33514.004552503255
test,33473.99977237493
test,33343.98423695788
test,33604.01530779198
test,33524.00574753533
test,38444.59370331916
test,33504.00335747117
test,33544.0081375995
test,33944.05593888273
test,34124.077449460194
test,33964.0583289469
test,33564.01052766366
test,34034.066694171466
test,34544.127640807594
test,34374.107325262215
test,33594.0141127599
test,33554.00933263158
test,33704.027258112794
test,33624.01769785614
test,33774.03562333736
test,34224.089399781
test,33564.01052766366
test,33954.057133914815
test,34474.11927558303
test,33624.01769785614
test,33654.02128295239
test,33674.02367301655
test,33664.022477984465
test,33934.054743850655
test,34424.11330042262
test,34724.14915138505
test,34304.09896003765
test,34224.089399781
test,34234.09059481308
test,34424.11330042262
test,34784.15632157753
test,35364.22563343823
test,41054.905606692286
test,34364.10613023013
test,34284.09656997349
test,34324.10135010181
test,34264.09417990933
test,34814.159906673776
test,34144.079839524355
test,35054.18858744372
test,34874.167076866266
test,35774.27462975355
test,35184.20412286077
test,35604.25431420817
test,35264.21368311742
test,35084.192172539966
test,34844.16349177002
test,34844.16349177002
test,34774.155126545455
test,34744.15154144921
test,34744.15154144921
test,34794.157516609615
test,34754.152736481294
test,36204.326016133025
test,35824.280604913954
test,35444.235193694876
test,35634.257899304415
test,35654.260289368576
test,35684.26387446482
test,35664.26148440066
test,35614.255509240254
test,35614.255509240254
test,35624.25670427233
test,35564.24953407985
test,35594.25311917609
test,35584.25192414401
test,35494.24116885528
test,34794.157516609615
test,34724.14915138505
test,34674.14317622464
test,34774.155126545455
test,34724.14915138505
test,34764.15393151337
test,39464.71559659142
test,34734.15034641713
test,34704.14676132089
test,34754.152736481294
test,34744.15154144921
test,34734.15034641713
test,34804.1587116417
test,34744.15154144921
test,34734.15034641713
test,34714.147956352965
test,34584.132420935915
test,34554.12883583967
test,34764.15393151337
test,34094.07386436395
test,34074.07147429979
test,33994.06191404314
test,34034.066694171466
test,38554.606848672054
test,34044.06788920354
test,34064.070279267704
test,34084.072669331865
test,34084.072669331865
test,34094.07386436395
test,33884.04876869025
test,33924.05354881857
test,33393.99021211828
test,33383.9890170862
test,35044.18739241164
test,33343.98423695788
test,33343.98423695788
test,33383.9890170862
test,33293.97826179747
test,33313.98065186163
test,33333.9830419258
test,33333.9830419258
test,33343.98423695788
test,33293.97826179747
test,33313.98065186163
test,33243.972286637065
test,33263.97467670123
test,33303.979456829555
test,33313.98065186163
test,33293.97826179747
test,33383.9890170862
test,33393.99021211828
test,33323.981846893716
test,33363.98662702204
test,33383.9890170862
test,33313.98065186163
test,33313.98065186163
test,33373.98782205412
test,33463.99857734285
test,33353.98543198996
test,33423.99379721453
test,33473.99977237493
test,33383.9890170862
test,33303.979456829555
test,33333.9830419258
test,33343.98423695788
test,33383.9890170862
test,33353.98543198996
test,33343.98423695788
test,37604.49332062436
test,33333.9830419258
test,33303.979456829555
test,33403.991407150366
test,33353.98543198996
test,33393.99021211828
test,33353.98543198996
test,33383.9890170862
test,33443.99618727869
test,33463.99857734285
test,33453.997382310765
test,33453.997382310765
test,33413.99260218244
test,33403.991407150366
test,33413.99260218244
test,37874.52558649055
test,33494.002162439094
test,33413.99260218244
test,33453.997382310765
test,33433.994992246604
test,33473.99977237493
test,33433.994992246604
test,33463.99857734285
test,33393.99021211828
test,33413.99260218244
test,33453.997382310765
test,35524.24475395153
test,33504.00335747117
test,33514.004552503255
test,33443.99618727869
test,33494.002162439094
test,33413.99260218244
test,33403.991407150366
test,33353.98543198996
test,33463.99857734285
test,33383.9890170862
test,33423.99379721453
test,33373.98782205412
test,33604.01530779198
test,33373.98782205412
test,33413.99260218244
test,33423.99379721453
test,33473.99977237493
test,33443.99618727869
test,33514.004552503255
test,33473.99977237493
test,33584.01291772782
test,33494.002162439094
test,33423.99379721453
test,33393.99021211828
test,33443.99618727869
test,33403.991407150366
test,33453.997382310765
test,33403.991407150366
test,33804.0392084336
test,34464.11808055094
test,34274.095374941404
test,33894.04996372233
test,33463.99857734285
test,38674.62118905702
test,33544.0081375995
test,33504.00335747117
test,33514.004552503255
test,33594.0141127599
test,33494.002162439094
test,33504.00335747117
test,33433.994992246604
test,33534.006942567416
test,33473.99977237493
test,33494.002162439094
test,33494.002162439094
test,37854.52319642639
test,33544.0081375995
test,33514.004552503255
test,33574.01172269574
test,33574.01172269574
test,33473.99977237493
test,33484.00096740701
test,33463.99857734285
test,33504.00335747117
test,33524.00574753533
test,33544.0081375995
test,33524.00574753533
test,33504.00335747117
test,33473.99977237493
test,33494.002162439094
test,33544.0081375995
test,33504.00335747117
test,33494.002162439094
test,38144.55785235673
test,33504.00335747117
test,33443.99618727869
test,33453.997382310765
test,33443.99618727869
test,33403.991407150366
test,33433.994992246604
test,33484.00096740701
test,33453.997382310765
test,33403.991407150366
test,33433.994992246604
test,33413.99260218244
test,33484.00096740701
test,33423.99379721453
test,33433.994992246604
test,37784.51483120182
test,33413.99260218244
test,33494.002162439094
test,33574.01172269574
test,33604.01530779198
test,33554.00933263158
test,33554.00933263158
test,33584.01291772782
test,33564.01052766366
test,33564.01052766366
test,33584.01291772782
test,33664.022477984465
test,33654.02128295239
test,33564.01052766366
test,33534.006942567416
test,33453.997382310765
test,33574.01172269574
test,33524.00574753533
test,33463.99857734285
test,33363.98662702204
test,33403.991407150366
test,33373.98782205412
test,33453.997382310765
test,33484.00096740701
test,33463.99857734285
test,33554.00933263158
test,33564.01052766366
test,33504.00335747117
test,33524.00574753533
test,33724.029648176955
test,33564.01052766366
test,33564.01052766366
test,33594.0141127599
test,33604.01530779198
test,33564.01052766366
test,33674.02367301655
test,33654.02128295239
test,33774.03562333736
test,33504.00335747117
test,33453.997382310765
test,33423.99379721453
test,38004.5411219076
test,33584.01291772782
test,33544.0081375995
test,33494.002162439094
test,33463.99857734285
test,33443.99618727869
test,33463.99857734285
test,33433.994992246604
test,33393.99021211828
test,33534.006942567416
test,33524.00574753533
test,33604.01530779198
test,33564.01052766366
test,33504.00335747117
test,33624.01769785614
test,33714.02845314487
test,33844.04398856193
test,34314.10015506973
test,38674.62118905702
test,33534.006942567416
test,33554.00933263158
test,34444.11569048678
test,34584.132420935915
test,33714.02845314487
test,33854.045183594004
test,33574.01172269574
test,33664.022477984465
test,33754.0332332732
test,33764.03442830528
test,33694.02606308071
test,33664.022477984465
test,34434.1144954547
test,33874.047573658165
test,33754.0332332732
test,33494.002162439094
test,33734.03084320903
test,33894.04996372233
test,33664.022477984465
test,33724.029648176955
test,34284.09656997349
test,34534.12644577551
test,33874.047573658165
test,34174.0834246206
test,34174.0834246206
test,34414.11210539054
test,35574.25072911193
test,35534.245948983604
test,34394.109715326376
test,34344.10374016597
test,34254.09298487724
test,34274.095374941404
test,34334.102545133894
test,34254.09298487724
test,34284.09656997349
test,34264.09417990933
test,34014.0643041073
test,34194.08581468476
test,33614.016502824066
test,33494.002162439094
test,33463.99857734285
test,33524.00574753533
test,33463.99857734285
test,33443.99618727869
test,33433.994992246604
test,33463.99857734285
test,33433.994992246604
test,33403.991407150366
test,33393.99021211828
test,33343.98423695788
test,33323.981846893716
test,33363.98662702204
test,33343.98423695788
test,33363.98662702204
test,37014.42281373159
test,33353.98543198996
test,33333.9830419258
test,33403.991407150366
test,33373.98782205412
test,33333.9830419258
test,33484.00096740701
test,33554.00933263158
test,33544.0081375995
test,33484.00096740701
test,33564.01052766366
test,33564.01052766366
test,33524.00574753533
test,3042623.559829858
test,34614.13600603216
test,34324.10135010181
test,33674.02367301655
test,33764.03442830528
test,33524.00574753533
test,33944.05593888273
test,33574.01172269574
test,33794.03801340152
test,33724.029648176955
test,33594.0141127599
test,33734.03084320903
test,34074.07147429979
test,34154.08103455643
test,33574.01172269574
test,41264.930702365986
test,33784.03681836944
test,33744.032038241116
test,33704.027258112794
test,34054.06908423563
test,34254.09298487724
test,34614.13600603216
test,34104.07505939603
test,33914.052353786494
test,34094.07386436395
test,34074.07147429979
test,34124.077449460194
test,34154.08103455643
test,34264.09417990933
test,34544.127640807594
test,41344.94026262264
test,34954.17663712291
test,34294.097765005565
test,34214.08820474892
test,34214.08820474892
test,34354.104935198055
test,34624.13720106424
test,34824.16110170586
test,35354.22443840615
test,34994.18141725123
test,35124.19695266829
test,35094.19336757204
test,35334.22204834199
test,34964.177832154994
test,34794.157516609615
test,35254.21248808534
test,35224.2089029891
test,34814.159906673776
test,34704.14676132089
test,35104.19456260413
test,34854.1646868021
test,34754.152736481294
test,34714.147956352965
test,34684.14437125673
test,34674.14317622464
test,34604.134811000076
test,34754.152736481294
test,35024.185002347476
test,34764.15393151337
test,34654.14078616048
test,34724.14915138505
test,35334.22204834199
test,35134.198147700365
test,34694.145566288804
test,34654.14078616048
test,34624.13720106424
test,34634.13839609632
test,34044.06788920354
test,38524.60326357581
test,34074.07147429979
test,33994.06191404314
test,33894.04996372233
test,33974.059523978976
test,34034.066694171466
test,34004.06310907522
test,33954.057133914815
test,33834.04279352984
test,33934.054743850655
test,34054.06908423563
test,33864.04637862609
test,33684.02486804863
test,34104.07505939603
test,34294.097765005565
test,33744.032038241116
test,33894.04996372233
test,33844.04398856193
test,33814.04040346568
test,33594.0141127599
test,33614.016502824066
test,33594.0141127599
test,33524.00574753533
test,33654.02128295239
test,33413.99260218244
test,33373.98782205412
test,33433.994992246604
test,33433.994992246604
test,33433.994992246604
test,33393.99021211828
test,33393.99021211828
test,33463.99857734285
test,33423.99379721453
test,33413.99260218244
test,33423.99379721453
test,33453.997382310765
test,33383.9890170862
test,35064.1897824758
test,33443.99618727869
test,33453.997382310765
test,38264.5721927417
test,33704.027258112794
test,33594.0141127599
test,33594.0141127599
test,33584.01291772782
test,33594.0141127599
test,33604.01530779198
test,33584.01291772782
test,33724.029648176955
test,33644.020087920304
test,33674.02367301655
test,33784.03681836944
test,33584.01291772782
test,33614.016502824066
test,38144.55785235673
test,33544.0081375995
test,33614.016502824066
test,33624.01769785614
test,33564.01052766366
test,33634.01889288823
test,33644.020087920304
test,33644.020087920304
test,33544.0081375995
test,33604.01530779198
