[setup] Using binary: /root/tacet/target/release/benchmark
[setup] Output root:  /root/bench-results/ablation-v3

==========================================
=== Config: baseline
=== Env:    <library defaults>
=== Output: /root/bench-results/ablation-v3/baseline
==========================================
=== Timing Tool Benchmark Suite ===

Configuration:
  Preset: medium
  Samples per class: 10000
  Datasets per point: 120
  Effect multipliers: [0.0, 0.2, 1.0, 2.0, 4.0, 20.0]
  Effect patterns: ["shift", "tail"]
  Noise models: ["iid", "ar1-0.3", "ar1-0.6", "ar1-0.8"]
  Mode: synthetic
  Checkpoint: RESUME (loading existing results)
  Tools: ["tacet"]
  Total points: 48
  Total datasets: 5760
  Total tool runs: 5760
  Batched: 12 batches of 500 datasets (~160MB peak memory)

  Resuming: 5760 results loaded from checkpoint

Completed in 259.3s

Raw results already written to: /root/bench-results/ablation-v3/baseline/benchmark_results.csv
Wrote summary to: /root/bench-results/ablation-v3/baseline/benchmark_summary.csv
Wrote report to: /root/bench-results/ablation-v3/baseline/benchmark_report.md

# Benchmark Results (medium)

## Configuration

- **Preset**: medium
- **Samples per class**: 10000
- **Datasets per point**: 120
- **Effect multipliers**: [0.0, 0.2, 1.0, 2.0, 4.0, 20.0]
- **Total execution time**: 259.3s

## False Positive Rate (effect = 0)

| Tool | iid | ar1-0.3 | ar1-0.6 | ar1-0.8 |
|------|--------|--------|--------|--------|
| tacet (θ=0.4ns) | 0.0% ± 1.8% | 0.0% ± 3.0% | 0.0% ± 3.0% | 0.0% ± 3.0% |
| tacet (θ=100ns) | 0.0% ± 1.8% | 0.0% ± 3.0% | 0.0% ± 3.0% | 0.0% ± 3.0% |

## Power (Detection Rate)

| Tool | 0.2σ | 1σ | 2σ | 4σ | 20σ |
|------|------|------|------|------|------|
| tacet (θ=0.4ns) | 100% | 100% | 100% | 100% | 100% |
| tacet (θ=100ns) | 0% | 0% | 0% | 0% | 2% |

## Detailed Results by Tool

### tacet

| Pattern | Effect | Noise | Rate | 95% CI | Time (ms) |
|---------|--------|-------|------|--------|----------|
| shift | 0σ | ar1-0.3 | 0.0% | [0.0%, 6.0%] | 1197 |
| shift | 0σ | ar1-0.3 | 0.0% | [0.0%, 6.0%] | 1192 |
| shift | 0σ | ar1-0.6 | 0.0% | [0.0%, 6.0%] | 1188 |
| shift | 0σ | ar1-0.6 | 0.0% | [0.0%, 6.0%] | 1190 |
| shift | 0σ | ar1-0.8 | 0.0% | [0.0%, 6.0%] | 1202 |
| shift | 0σ | ar1-0.8 | 0.0% | [0.0%, 6.0%] | 1203 |
| shift | 0σ | iid | 0.0% | [0.0%, 3.7%] | 1033 |
| shift | 0σ | iid | 0.0% | [0.0%, 3.7%] | 1025 |
| shift | 0σ | iid | 0.0% | [0.0%, 3.7%] | 1033 |
| shift | 0σ | iid | 0.0% | [0.0%, 3.7%] | 1025 |
| shift | 0σ | iid | 0.0% | [0.0%, 3.7%] | 1033 |
| shift | 0σ | iid | 0.0% | [0.0%, 3.7%] | 1025 |
| shift | 0σ | iid | 0.0% | [0.0%, 3.7%] | 1033 |
| shift | 0σ | iid | 0.0% | [0.0%, 3.7%] | 1025 |
| shift | 0σ | iid | 0.0% | [0.0%, 3.7%] | 1033 |
| shift | 0σ | iid | 0.0% | [0.0%, 3.7%] | 1025 |
| shift | 0.2σ | ar1-0.3 | 73.3% | [61.0%, 82.9%] | 1204 |
| shift | 0.2σ | ar1-0.3 | 0.0% | [0.0%, 6.0%] | 1211 |
| shift | 0.2σ | ar1-0.6 | 43.3% | [31.6%, 55.9%] | 1208 |
| shift | 0.2σ | ar1-0.6 | 0.0% | [0.0%, 6.0%] | 1204 |
| shift | 0.2σ | ar1-0.8 | 18.3% | [10.6%, 29.9%] | 1212 |
| shift | 0.2σ | ar1-0.8 | 0.0% | [0.0%, 6.0%] | 1200 |
| shift | 0.2σ | iid | 100.0% | [94.0%, 100.0%] | 1042 |
| shift | 0.2σ | iid | 0.0% | [0.0%, 6.0%] | 1038 |
| shift | 1σ | ar1-0.3 | 100.0% | [94.0%, 100.0%] | 1212 |
| shift | 1σ | ar1-0.3 | 0.0% | [0.0%, 6.0%] | 1222 |
| shift | 1σ | ar1-0.6 | 100.0% | [94.0%, 100.0%] | 1214 |
| shift | 1σ | ar1-0.6 | 0.0% | [0.0%, 6.0%] | 1209 |
| shift | 1σ | ar1-0.8 | 100.0% | [94.0%, 100.0%] | 1218 |
| shift | 1σ | ar1-0.8 | 0.0% | [0.0%, 6.0%] | 1218 |
| shift | 1σ | iid | 100.0% | [94.0%, 100.0%] | 1044 |
| shift | 1σ | iid | 0.0% | [0.0%, 6.0%] | 1041 |
| shift | 2σ | ar1-0.3 | 100.0% | [94.0%, 100.0%] | 1229 |
| shift | 2σ | ar1-0.3 | 0.0% | [0.0%, 6.0%] | 1228 |
| shift | 2σ | ar1-0.6 | 100.0% | [94.0%, 100.0%] | 1209 |
| shift | 2σ | ar1-0.6 | 0.0% | [0.0%, 6.0%] | 1226 |
| shift | 2σ | ar1-0.8 | 100.0% | [94.0%, 100.0%] | 1220 |
| shift | 2σ | ar1-0.8 | 0.0% | [0.0%, 6.0%] | 1220 |
| shift | 2σ | iid | 100.0% | [94.0%, 100.0%] | 1044 |
| shift | 2σ | iid | 0.0% | [0.0%, 6.0%] | 1043 |
| shift | 4σ | ar1-0.3 | 100.0% | [94.0%, 100.0%] | 1246 |
| shift | 4σ | ar1-0.3 | 0.0% | [0.0%, 6.0%] | 1245 |
| shift | 4σ | ar1-0.6 | 100.0% | [94.0%, 100.0%] | 1239 |
| shift | 4σ | ar1-0.6 | 0.0% | [0.0%, 6.0%] | 1233 |
| shift | 4σ | ar1-0.8 | 100.0% | [94.0%, 100.0%] | 1244 |
| shift | 4σ | ar1-0.8 | 0.0% | [0.0%, 6.0%] | 1240 |
| shift | 4σ | iid | 100.0% | [94.0%, 100.0%] | 1055 |
| shift | 4σ | iid | 0.0% | [0.0%, 6.0%] | 1067 |
| shift | 20σ | ar1-0.3 | 100.0% | [94.0%, 100.0%] | 1339 |
| shift | 20σ | ar1-0.3 | 41.7% | [30.1%, 54.3%] | 1325 |
| shift | 20σ | ar1-0.6 | 100.0% | [94.0%, 100.0%] | 1333 |
| shift | 20σ | ar1-0.6 | 28.3% | [18.5%, 40.8%] | 1333 |
| shift | 20σ | ar1-0.8 | 100.0% | [94.0%, 100.0%] | 1318 |
| shift | 20σ | ar1-0.8 | 16.7% | [9.3%, 28.0%] | 1328 |
| shift | 20σ | iid | 100.0% | [94.0%, 100.0%] | 1121 |
| shift | 20σ | iid | 1.7% | [0.3%, 8.9%] | 1116 |
| tail | 0σ | ar1-0.3 | 0.0% | [0.0%, 6.0%] | 1203 |
| tail | 0σ | ar1-0.3 | 0.0% | [0.0%, 6.0%] | 1217 |
| tail | 0σ | ar1-0.6 | 0.0% | [0.0%, 6.0%] | 1212 |
| tail | 0σ | ar1-0.6 | 0.0% | [0.0%, 6.0%] | 1222 |
| tail | 0σ | ar1-0.8 | 0.0% | [0.0%, 6.0%] | 1215 |
| tail | 0σ | ar1-0.8 | 0.0% | [0.0%, 6.0%] | 1204 |
| tail | 0σ | iid | 0.0% | [0.0%, 3.7%] | 1042 |
| tail | 0σ | iid | 0.0% | [0.0%, 3.7%] | 1048 |
| tail | 0σ | iid | 0.0% | [0.0%, 3.7%] | 1042 |
| tail | 0σ | iid | 0.0% | [0.0%, 3.7%] | 1048 |
| tail | 0σ | iid | 0.0% | [0.0%, 3.7%] | 1042 |
| tail | 0σ | iid | 0.0% | [0.0%, 3.7%] | 1048 |
| tail | 0σ | iid | 0.0% | [0.0%, 3.7%] | 1042 |
| tail | 0σ | iid | 0.0% | [0.0%, 3.7%] | 1048 |
| tail | 0σ | iid | 0.0% | [0.0%, 3.7%] | 1042 |
| tail | 0σ | iid | 0.0% | [0.0%, 3.7%] | 1048 |
| tail | 0.2σ | ar1-0.3 | 0.0% | [0.0%, 6.0%] | 1200 |
| tail | 0.2σ | ar1-0.3 | 0.0% | [0.0%, 6.0%] | 1216 |
| tail | 0.2σ | ar1-0.6 | 0.0% | [0.0%, 6.0%] | 1210 |
| tail | 0.2σ | ar1-0.6 | 0.0% | [0.0%, 6.0%] | 1200 |
| tail | 0.2σ | ar1-0.8 | 0.0% | [0.0%, 6.0%] | 1215 |
| tail | 0.2σ | ar1-0.8 | 0.0% | [0.0%, 6.0%] | 1208 |
| tail | 0.2σ | iid | 0.0% | [0.0%, 6.0%] | 1051 |
| tail | 0.2σ | iid | 0.0% | [0.0%, 6.0%] | 1051 |
| tail | 1σ | ar1-0.3 | 100.0% | [94.0%, 100.0%] | 1233 |
| tail | 1σ | ar1-0.3 | 0.0% | [0.0%, 6.0%] | 1228 |
| tail | 1σ | ar1-0.6 | 88.3% | [77.8%, 94.2%] | 1221 |
| tail | 1σ | ar1-0.6 | 0.0% | [0.0%, 6.0%] | 1224 |
| tail | 1σ | ar1-0.8 | 65.0% | [52.4%, 75.8%] | 1214 |
| tail | 1σ | ar1-0.8 | 0.0% | [0.0%, 6.0%] | 1226 |
| tail | 1σ | iid | 100.0% | [94.0%, 100.0%] | 1076 |
| tail | 1σ | iid | 0.0% | [0.0%, 6.0%] | 1079 |
| tail | 2σ | ar1-0.3 | 100.0% | [94.0%, 100.0%] | 1255 |
| tail | 2σ | ar1-0.3 | 0.0% | [0.0%, 6.0%] | 1256 |
| tail | 2σ | ar1-0.6 | 100.0% | [94.0%, 100.0%] | 1238 |
| tail | 2σ | ar1-0.6 | 0.0% | [0.0%, 6.0%] | 1239 |
| tail | 2σ | ar1-0.8 | 100.0% | [94.0%, 100.0%] | 1251 |
| tail | 2σ | ar1-0.8 | 0.0% | [0.0%, 6.0%] | 1250 |
| tail | 2σ | iid | 100.0% | [94.0%, 100.0%] | 1082 |
| tail | 2σ | iid | 0.0% | [0.0%, 6.0%] | 1075 |
| tail | 4σ | ar1-0.3 | 100.0% | [94.0%, 100.0%] | 1263 |
| tail | 4σ | ar1-0.3 | 0.0% | [0.0%, 6.0%] | 1263 |
| tail | 4σ | ar1-0.6 | 100.0% | [94.0%, 100.0%] | 1247 |
| tail | 4σ | ar1-0.6 | 0.0% | [0.0%, 6.0%] | 1240 |
| tail | 4σ | ar1-0.8 | 100.0% | [94.0%, 100.0%] | 1225 |
| tail | 4σ | ar1-0.8 | 0.0% | [0.0%, 6.0%] | 1234 |
| tail | 4σ | iid | 100.0% | [94.0%, 100.0%] | 1088 |
| tail | 4σ | iid | 0.0% | [0.0%, 6.0%] | 1084 |
| tail | 20σ | ar1-0.3 | 8.3% | [3.6%, 18.1%] | 1266 |
| tail | 20σ | ar1-0.3 | 0.0% | [0.0%, 6.0%] | 1256 |
| tail | 20σ | ar1-0.6 | 71.7% | [59.2%, 81.5%] | 1261 |
| tail | 20σ | ar1-0.6 | 0.0% | [0.0%, 6.0%] | 1252 |
| tail | 20σ | ar1-0.8 | 100.0% | [94.0%, 100.0%] | 1245 |
| tail | 20σ | ar1-0.8 | 0.0% | [0.0%, 6.0%] | 1233 |
| tail | 20σ | iid | 6.7% | [2.6%, 15.9%] | 1085 |
| tail | 20σ | iid | 0.0% | [0.0%, 6.0%] | 1085 |


[baseline] completed in 259s
[baseline] rows=11840 outcomes:    3883 fail    1876 inconclusive    6081 pass 

==========================================
=== Config: pi0_low
=== Env:    TACET_ABLATION_PI0=0.50 
=== Output: /root/bench-results/ablation-v3/pi0_low
==========================================
[ablation] overrides: pi0=Some(0.5) alpha=None beta=None kl_min=None nu_ℓ=None nu_prior=None
=== Timing Tool Benchmark Suite ===

Configuration:
  Preset: medium
  Samples per class: 10000
  Datasets per point: 120
  Effect multipliers: [0.0, 0.2, 1.0, 2.0, 4.0, 20.0]
  Effect patterns: ["shift", "tail"]
  Noise models: ["iid", "ar1-0.3", "ar1-0.6", "ar1-0.8"]
  Mode: synthetic
  Checkpoint: RESUME (loading existing results)
  Tools: ["tacet"]
  Total points: 48
  Total datasets: 5760
  Total tool runs: 5760
  Batched: 12 batches of 500 datasets (~160MB peak memory)

  Resuming: 5760 results loaded from checkpoint

Completed in 260.2s

Raw results already written to: /root/bench-results/ablation-v3/pi0_low/benchmark_results.csv
Wrote summary to: /root/bench-results/ablation-v3/pi0_low/benchmark_summary.csv
Wrote report to: /root/bench-results/ablation-v3/pi0_low/benchmark_report.md

# Benchmark Results (medium)

## Configuration

- **Preset**: medium
- **Samples per class**: 10000
- **Datasets per point**: 120
- **Effect multipliers**: [0.0, 0.2, 1.0, 2.0, 4.0, 20.0]
- **Total execution time**: 260.2s

## False Positive Rate (effect = 0)

| Tool | iid | ar1-0.3 | ar1-0.6 | ar1-0.8 |
|------|--------|--------|--------|--------|
| tacet (θ=0.4ns) | 0.0% ± 1.8% | 0.0% ± 3.0% | 0.0% ± 3.0% | 0.0% ± 3.0% |
| tacet (θ=100ns) | 0.0% ± 1.8% | 0.0% ± 3.0% | 0.0% ± 3.0% | 0.0% ± 3.0% |

## Power (Detection Rate)

| Tool | 0.2σ | 1σ | 2σ | 4σ | 20σ |
|------|------|------|------|------|------|
| tacet (θ=0.4ns) | 100% | 100% | 100% | 100% | 100% |
| tacet (θ=100ns) | 0% | 0% | 0% | 0% | 2% |

## Detailed Results by Tool

### tacet

| Pattern | Effect | Noise | Rate | 95% CI | Time (ms) |
|---------|--------|-------|------|--------|----------|
| shift | 0σ | ar1-0.3 | 0.0% | [0.0%, 6.0%] | 1217 |
| shift | 0σ | ar1-0.3 | 0.0% | [0.0%, 6.0%] | 1217 |
| shift | 0σ | ar1-0.6 | 0.0% | [0.0%, 6.0%] | 1199 |
| shift | 0σ | ar1-0.6 | 0.0% | [0.0%, 6.0%] | 1189 |
| shift | 0σ | ar1-0.8 | 0.0% | [0.0%, 6.0%] | 1210 |
| shift | 0σ | ar1-0.8 | 0.0% | [0.0%, 6.0%] | 1214 |
| shift | 0σ | iid | 0.0% | [0.0%, 3.7%] | 1047 |
| shift | 0σ | iid | 0.0% | [0.0%, 3.7%] | 1042 |
| shift | 0σ | iid | 0.0% | [0.0%, 3.7%] | 1047 |
| shift | 0σ | iid | 0.0% | [0.0%, 3.7%] | 1042 |
| shift | 0σ | iid | 0.0% | [0.0%, 3.7%] | 1047 |
| shift | 0σ | iid | 0.0% | [0.0%, 3.7%] | 1042 |
| shift | 0σ | iid | 0.0% | [0.0%, 3.7%] | 1047 |
| shift | 0σ | iid | 0.0% | [0.0%, 3.7%] | 1042 |
| shift | 0σ | iid | 0.0% | [0.0%, 3.7%] | 1047 |
| shift | 0σ | iid | 0.0% | [0.0%, 3.7%] | 1042 |
| shift | 0.2σ | ar1-0.3 | 65.0% | [52.4%, 75.8%] | 1219 |
| shift | 0.2σ | ar1-0.3 | 0.0% | [0.0%, 6.0%] | 1218 |
| shift | 0.2σ | ar1-0.6 | 25.0% | [15.8%, 37.2%] | 1223 |
| shift | 0.2σ | ar1-0.6 | 0.0% | [0.0%, 6.0%] | 1219 |
| shift | 0.2σ | ar1-0.8 | 5.0% | [1.7%, 13.7%] | 1202 |
| shift | 0.2σ | ar1-0.8 | 0.0% | [0.0%, 6.0%] | 1198 |
| shift | 0.2σ | iid | 100.0% | [94.0%, 100.0%] | 1034 |
| shift | 0.2σ | iid | 0.0% | [0.0%, 6.0%] | 1027 |
| shift | 1σ | ar1-0.3 | 100.0% | [94.0%, 100.0%] | 1222 |
| shift | 1σ | ar1-0.3 | 0.0% | [0.0%, 6.0%] | 1221 |
| shift | 1σ | ar1-0.6 | 100.0% | [94.0%, 100.0%] | 1221 |
| shift | 1σ | ar1-0.6 | 0.0% | [0.0%, 6.0%] | 1222 |
| shift | 1σ | ar1-0.8 | 100.0% | [94.0%, 100.0%] | 1226 |
| shift | 1σ | ar1-0.8 | 0.0% | [0.0%, 6.0%] | 1219 |
| shift | 1σ | iid | 100.0% | [94.0%, 100.0%] | 1044 |
| shift | 1σ | iid | 0.0% | [0.0%, 6.0%] | 1043 |
| shift | 2σ | ar1-0.3 | 100.0% | [94.0%, 100.0%] | 1224 |
| shift | 2σ | ar1-0.3 | 0.0% | [0.0%, 6.0%] | 1230 |
| shift | 2σ | ar1-0.6 | 100.0% | [94.0%, 100.0%] | 1210 |
| shift | 2σ | ar1-0.6 | 0.0% | [0.0%, 6.0%] | 1206 |
| shift | 2σ | ar1-0.8 | 100.0% | [94.0%, 100.0%] | 1225 |
| shift | 2σ | ar1-0.8 | 0.0% | [0.0%, 6.0%] | 1225 |
| shift | 2σ | iid | 100.0% | [94.0%, 100.0%] | 1047 |
| shift | 2σ | iid | 0.0% | [0.0%, 6.0%] | 1038 |
| shift | 4σ | ar1-0.3 | 100.0% | [94.0%, 100.0%] | 1223 |
| shift | 4σ | ar1-0.3 | 0.0% | [0.0%, 6.0%] | 1234 |
| shift | 4σ | ar1-0.6 | 100.0% | [94.0%, 100.0%] | 1246 |
| shift | 4σ | ar1-0.6 | 0.0% | [0.0%, 6.0%] | 1245 |
| shift | 4σ | ar1-0.8 | 100.0% | [94.0%, 100.0%] | 1215 |
| shift | 4σ | ar1-0.8 | 0.0% | [0.0%, 6.0%] | 1224 |
| shift | 4σ | iid | 100.0% | [94.0%, 100.0%] | 1067 |
| shift | 4σ | iid | 0.0% | [0.0%, 6.0%] | 1067 |
| shift | 20σ | ar1-0.3 | 100.0% | [94.0%, 100.0%] | 1338 |
| shift | 20σ | ar1-0.3 | 41.7% | [30.1%, 54.3%] | 1334 |
| shift | 20σ | ar1-0.6 | 100.0% | [94.0%, 100.0%] | 1327 |
| shift | 20σ | ar1-0.6 | 26.7% | [17.1%, 39.0%] | 1327 |
| shift | 20σ | ar1-0.8 | 100.0% | [94.0%, 100.0%] | 1324 |
| shift | 20σ | ar1-0.8 | 16.7% | [9.3%, 28.0%] | 1320 |
| shift | 20σ | iid | 100.0% | [94.0%, 100.0%] | 1123 |
| shift | 20σ | iid | 1.7% | [0.3%, 8.9%] | 1127 |
| tail | 0σ | ar1-0.3 | 0.0% | [0.0%, 6.0%] | 1219 |
| tail | 0σ | ar1-0.3 | 0.0% | [0.0%, 6.0%] | 1215 |
| tail | 0σ | ar1-0.6 | 0.0% | [0.0%, 6.0%] | 1213 |
| tail | 0σ | ar1-0.6 | 0.0% | [0.0%, 6.0%] | 1202 |
| tail | 0σ | ar1-0.8 | 0.0% | [0.0%, 6.0%] | 1199 |
| tail | 0σ | ar1-0.8 | 0.0% | [0.0%, 6.0%] | 1201 |
| tail | 0σ | iid | 0.0% | [0.0%, 3.7%] | 1036 |
| tail | 0σ | iid | 0.0% | [0.0%, 3.7%] | 1044 |
| tail | 0σ | iid | 0.0% | [0.0%, 3.7%] | 1036 |
| tail | 0σ | iid | 0.0% | [0.0%, 3.7%] | 1044 |
| tail | 0σ | iid | 0.0% | [0.0%, 3.7%] | 1036 |
| tail | 0σ | iid | 0.0% | [0.0%, 3.7%] | 1044 |
| tail | 0σ | iid | 0.0% | [0.0%, 3.7%] | 1036 |
| tail | 0σ | iid | 0.0% | [0.0%, 3.7%] | 1044 |
| tail | 0σ | iid | 0.0% | [0.0%, 3.7%] | 1036 |
| tail | 0σ | iid | 0.0% | [0.0%, 3.7%] | 1044 |
| tail | 0.2σ | ar1-0.3 | 0.0% | [0.0%, 6.0%] | 1215 |
| tail | 0.2σ | ar1-0.3 | 0.0% | [0.0%, 6.0%] | 1216 |
| tail | 0.2σ | ar1-0.6 | 0.0% | [0.0%, 6.0%] | 1217 |
| tail | 0.2σ | ar1-0.6 | 0.0% | [0.0%, 6.0%] | 1210 |
| tail | 0.2σ | ar1-0.8 | 0.0% | [0.0%, 6.0%] | 1214 |
| tail | 0.2σ | ar1-0.8 | 0.0% | [0.0%, 6.0%] | 1219 |
| tail | 0.2σ | iid | 0.0% | [0.0%, 6.0%] | 1048 |
| tail | 0.2σ | iid | 0.0% | [0.0%, 6.0%] | 1035 |
| tail | 1σ | ar1-0.3 | 98.3% | [91.1%, 99.7%] | 1205 |
| tail | 1σ | ar1-0.3 | 0.0% | [0.0%, 6.0%] | 1204 |
| tail | 1σ | ar1-0.6 | 85.0% | [73.9%, 91.9%] | 1219 |
| tail | 1σ | ar1-0.6 | 0.0% | [0.0%, 6.0%] | 1214 |
| tail | 1σ | ar1-0.8 | 31.7% | [21.3%, 44.2%] | 1222 |
| tail | 1σ | ar1-0.8 | 0.0% | [0.0%, 6.0%] | 1226 |
| tail | 1σ | iid | 100.0% | [94.0%, 100.0%] | 1080 |
| tail | 1σ | iid | 0.0% | [0.0%, 6.0%] | 1078 |
| tail | 2σ | ar1-0.3 | 100.0% | [94.0%, 100.0%] | 1248 |
| tail | 2σ | ar1-0.3 | 0.0% | [0.0%, 6.0%] | 1242 |
| tail | 2σ | ar1-0.6 | 100.0% | [94.0%, 100.0%] | 1243 |
| tail | 2σ | ar1-0.6 | 0.0% | [0.0%, 6.0%] | 1239 |
| tail | 2σ | ar1-0.8 | 100.0% | [94.0%, 100.0%] | 1233 |
| tail | 2σ | ar1-0.8 | 0.0% | [0.0%, 6.0%] | 1237 |
| tail | 2σ | iid | 100.0% | [94.0%, 100.0%] | 1062 |
| tail | 2σ | iid | 0.0% | [0.0%, 6.0%] | 1079 |
| tail | 4σ | ar1-0.3 | 100.0% | [94.0%, 100.0%] | 1258 |
| tail | 4σ | ar1-0.3 | 0.0% | [0.0%, 6.0%] | 1262 |
| tail | 4σ | ar1-0.6 | 100.0% | [94.0%, 100.0%] | 1237 |
| tail | 4σ | ar1-0.6 | 0.0% | [0.0%, 6.0%] | 1240 |
| tail | 4σ | ar1-0.8 | 100.0% | [94.0%, 100.0%] | 1239 |
| tail | 4σ | ar1-0.8 | 0.0% | [0.0%, 6.0%] | 1231 |
| tail | 4σ | iid | 100.0% | [94.0%, 100.0%] | 1078 |
| tail | 4σ | iid | 0.0% | [0.0%, 6.0%] | 1084 |
| tail | 20σ | ar1-0.3 | 6.7% | [2.6%, 15.9%] | 1260 |
| tail | 20σ | ar1-0.3 | 0.0% | [0.0%, 6.0%] | 1262 |
| tail | 20σ | ar1-0.6 | 53.3% | [40.9%, 65.4%] | 1250 |
| tail | 20σ | ar1-0.6 | 0.0% | [0.0%, 6.0%] | 1240 |
| tail | 20σ | ar1-0.8 | 98.3% | [91.1%, 99.7%] | 1228 |
| tail | 20σ | ar1-0.8 | 0.0% | [0.0%, 6.0%] | 1240 |
| tail | 20σ | iid | 0.0% | [0.0%, 6.0%] | 1079 |
| tail | 20σ | iid | 0.0% | [0.0%, 6.0%] | 1076 |


[pi0_low] completed in 261s
[pi0_low] rows=11840 outcomes:    3755 fail    1975 inconclusive    6110 pass 

==========================================
=== Config: pi0_high
=== Env:    TACET_ABLATION_PI0=0.75 
=== Output: /root/bench-results/ablation-v3/pi0_high
==========================================
[ablation] overrides: pi0=Some(0.75) alpha=None beta=None kl_min=None nu_ℓ=None nu_prior=None
=== Timing Tool Benchmark Suite ===

Configuration:
  Preset: medium
  Samples per class: 10000
  Datasets per point: 120
  Effect multipliers: [0.0, 0.2, 1.0, 2.0, 4.0, 20.0]
  Effect patterns: ["shift", "tail"]
  Noise models: ["iid", "ar1-0.3", "ar1-0.6", "ar1-0.8"]
  Mode: synthetic
  Checkpoint: RESUME (loading existing results)
  Tools: ["tacet"]
  Total points: 48
  Total datasets: 5760
  Total tool runs: 5760
  Batched: 12 batches of 500 datasets (~160MB peak memory)

  Resuming: 5760 results loaded from checkpoint

Completed in 254.4s

Raw results already written to: /root/bench-results/ablation-v3/pi0_high/benchmark_results.csv
Wrote summary to: /root/bench-results/ablation-v3/pi0_high/benchmark_summary.csv
Wrote report to: /root/bench-results/ablation-v3/pi0_high/benchmark_report.md

# Benchmark Results (medium)

## Configuration

- **Preset**: medium
- **Samples per class**: 10000
- **Datasets per point**: 120
- **Effect multipliers**: [0.0, 0.2, 1.0, 2.0, 4.0, 20.0]
- **Total execution time**: 254.4s

## False Positive Rate (effect = 0)

| Tool | iid | ar1-0.3 | ar1-0.6 | ar1-0.8 |
|------|--------|--------|--------|--------|
| tacet (θ=0.4ns) | 0.0% ± 1.8% | 0.0% ± 3.0% | 0.0% ± 3.0% | 1.7% ± 4.3% |
| tacet (θ=100ns) | 0.0% ± 1.8% | 0.0% ± 3.0% | 0.0% ± 3.0% | 0.0% ± 3.0% |

## Power (Detection Rate)

| Tool | 0.2σ | 1σ | 2σ | 4σ | 20σ |
|------|------|------|------|------|------|
| tacet (θ=0.4ns) | 100% | 100% | 100% | 100% | 100% |
| tacet (θ=100ns) | 0% | 0% | 0% | 0% | 2% |

## Detailed Results by Tool

### tacet

| Pattern | Effect | Noise | Rate | 95% CI | Time (ms) |
|---------|--------|-------|------|--------|----------|
| shift | 0σ | ar1-0.3 | 0.0% | [0.0%, 6.0%] | 1218 |
| shift | 0σ | ar1-0.3 | 0.0% | [0.0%, 6.0%] | 1220 |
| shift | 0σ | ar1-0.6 | 0.0% | [0.0%, 6.0%] | 1209 |
| shift | 0σ | ar1-0.6 | 0.0% | [0.0%, 6.0%] | 1217 |
| shift | 0σ | ar1-0.8 | 1.7% | [0.3%, 8.9%] | 1212 |
| shift | 0σ | ar1-0.8 | 0.0% | [0.0%, 6.0%] | 1219 |
| shift | 0σ | iid | 0.0% | [0.0%, 3.7%] | 1058 |
| shift | 0σ | iid | 0.0% | [0.0%, 3.7%] | 1058 |
| shift | 0σ | iid | 0.0% | [0.0%, 3.7%] | 1058 |
| shift | 0σ | iid | 0.0% | [0.0%, 3.7%] | 1058 |
| shift | 0σ | iid | 0.0% | [0.0%, 3.7%] | 1058 |
| shift | 0σ | iid | 0.0% | [0.0%, 3.7%] | 1058 |
| shift | 0σ | iid | 0.0% | [0.0%, 3.7%] | 1058 |
| shift | 0σ | iid | 0.0% | [0.0%, 3.7%] | 1058 |
| shift | 0σ | iid | 0.0% | [0.0%, 3.7%] | 1058 |
| shift | 0σ | iid | 0.0% | [0.0%, 3.7%] | 1058 |
| shift | 0.2σ | ar1-0.3 | 80.0% | [68.2%, 88.2%] | 1218 |
| shift | 0.2σ | ar1-0.3 | 0.0% | [0.0%, 6.0%] | 1211 |
| shift | 0.2σ | ar1-0.6 | 58.3% | [45.7%, 69.9%] | 1210 |
| shift | 0.2σ | ar1-0.6 | 0.0% | [0.0%, 6.0%] | 1224 |
| shift | 0.2σ | ar1-0.8 | 28.3% | [18.5%, 40.8%] | 1213 |
| shift | 0.2σ | ar1-0.8 | 0.0% | [0.0%, 6.0%] | 1198 |
| shift | 0.2σ | iid | 100.0% | [94.0%, 100.0%] | 1051 |
| shift | 0.2σ | iid | 0.0% | [0.0%, 6.0%] | 1042 |
| shift | 1σ | ar1-0.3 | 100.0% | [94.0%, 100.0%] | 1220 |
| shift | 1σ | ar1-0.3 | 0.0% | [0.0%, 6.0%] | 1230 |
| shift | 1σ | ar1-0.6 | 100.0% | [94.0%, 100.0%] | 1206 |
| shift | 1σ | ar1-0.6 | 0.0% | [0.0%, 6.0%] | 1225 |
| shift | 1σ | ar1-0.8 | 100.0% | [94.0%, 100.0%] | 1225 |
| shift | 1σ | ar1-0.8 | 0.0% | [0.0%, 6.0%] | 1223 |
| shift | 1σ | iid | 100.0% | [94.0%, 100.0%] | 1052 |
| shift | 1σ | iid | 0.0% | [0.0%, 6.0%] | 1065 |
| shift | 2σ | ar1-0.3 | 100.0% | [94.0%, 100.0%] | 1215 |
| shift | 2σ | ar1-0.3 | 0.0% | [0.0%, 6.0%] | 1228 |
| shift | 2σ | ar1-0.6 | 100.0% | [94.0%, 100.0%] | 1226 |
| shift | 2σ | ar1-0.6 | 0.0% | [0.0%, 6.0%] | 1226 |
| shift | 2σ | ar1-0.8 | 100.0% | [94.0%, 100.0%] | 1225 |
| shift | 2σ | ar1-0.8 | 0.0% | [0.0%, 6.0%] | 1215 |
| shift | 2σ | iid | 100.0% | [94.0%, 100.0%] | 1045 |
| shift | 2σ | iid | 0.0% | [0.0%, 6.0%] | 1055 |
| shift | 4σ | ar1-0.3 | 100.0% | [94.0%, 100.0%] | 1223 |
| shift | 4σ | ar1-0.3 | 0.0% | [0.0%, 6.0%] | 1218 |
| shift | 4σ | ar1-0.6 | 100.0% | [94.0%, 100.0%] | 1244 |
| shift | 4σ | ar1-0.6 | 0.0% | [0.0%, 6.0%] | 1242 |
| shift | 4σ | ar1-0.8 | 100.0% | [94.0%, 100.0%] | 1239 |
| shift | 4σ | ar1-0.8 | 0.0% | [0.0%, 6.0%] | 1240 |
| shift | 4σ | iid | 100.0% | [94.0%, 100.0%] | 1071 |
| shift | 4σ | iid | 0.0% | [0.0%, 6.0%] | 1070 |
| shift | 20σ | ar1-0.3 | 100.0% | [94.0%, 100.0%] | 1337 |
| shift | 20σ | ar1-0.3 | 41.7% | [30.1%, 54.3%] | 1343 |
| shift | 20σ | ar1-0.6 | 100.0% | [94.0%, 100.0%] | 1334 |
| shift | 20σ | ar1-0.6 | 28.3% | [18.5%, 40.8%] | 1328 |
| shift | 20σ | ar1-0.8 | 100.0% | [94.0%, 100.0%] | 1328 |
| shift | 20σ | ar1-0.8 | 16.7% | [9.3%, 28.0%] | 1327 |
| shift | 20σ | iid | 100.0% | [94.0%, 100.0%] | 1111 |
| shift | 20σ | iid | 1.7% | [0.3%, 8.9%] | 1122 |
| tail | 0σ | ar1-0.3 | 0.0% | [0.0%, 6.0%] | 1197 |
| tail | 0σ | ar1-0.3 | 0.0% | [0.0%, 6.0%] | 1201 |
| tail | 0σ | ar1-0.6 | 0.0% | [0.0%, 6.0%] | 1218 |
| tail | 0σ | ar1-0.6 | 0.0% | [0.0%, 6.0%] | 1214 |
| tail | 0σ | ar1-0.8 | 0.0% | [0.0%, 6.0%] | 1209 |
| tail | 0σ | ar1-0.8 | 0.0% | [0.0%, 6.0%] | 1193 |
| tail | 0σ | iid | 0.0% | [0.0%, 3.7%] | 1044 |
| tail | 0σ | iid | 0.0% | [0.0%, 3.7%] | 1041 |
| tail | 0σ | iid | 0.0% | [0.0%, 3.7%] | 1044 |
| tail | 0σ | iid | 0.0% | [0.0%, 3.7%] | 1041 |
| tail | 0σ | iid | 0.0% | [0.0%, 3.7%] | 1044 |
| tail | 0σ | iid | 0.0% | [0.0%, 3.7%] | 1041 |
| tail | 0σ | iid | 0.0% | [0.0%, 3.7%] | 1044 |
| tail | 0σ | iid | 0.0% | [0.0%, 3.7%] | 1041 |
| tail | 0σ | iid | 0.0% | [0.0%, 3.7%] | 1044 |
| tail | 0σ | iid | 0.0% | [0.0%, 3.7%] | 1041 |
| tail | 0.2σ | ar1-0.3 | 0.0% | [0.0%, 6.0%] | 1215 |
| tail | 0.2σ | ar1-0.3 | 0.0% | [0.0%, 6.0%] | 1219 |
| tail | 0.2σ | ar1-0.6 | 0.0% | [0.0%, 6.0%] | 1200 |
| tail | 0.2σ | ar1-0.6 | 0.0% | [0.0%, 6.0%] | 1219 |
| tail | 0.2σ | ar1-0.8 | 1.7% | [0.3%, 8.9%] | 1219 |
| tail | 0.2σ | ar1-0.8 | 0.0% | [0.0%, 6.0%] | 1213 |
| tail | 0.2σ | iid | 0.0% | [0.0%, 6.0%] | 1046 |
| tail | 0.2σ | iid | 0.0% | [0.0%, 6.0%] | 1049 |
| tail | 1σ | ar1-0.3 | 100.0% | [94.0%, 100.0%] | 1233 |
| tail | 1σ | ar1-0.3 | 0.0% | [0.0%, 6.0%] | 1228 |
| tail | 1σ | ar1-0.6 | 93.3% | [84.1%, 97.4%] | 1225 |
| tail | 1σ | ar1-0.6 | 0.0% | [0.0%, 6.0%] | 1227 |
| tail | 1σ | ar1-0.8 | 80.0% | [68.2%, 88.2%] | 1230 |
| tail | 1σ | ar1-0.8 | 0.0% | [0.0%, 6.0%] | 1235 |
| tail | 1σ | iid | 100.0% | [94.0%, 100.0%] | 1065 |
| tail | 1σ | iid | 0.0% | [0.0%, 6.0%] | 1059 |
| tail | 2σ | ar1-0.3 | 100.0% | [94.0%, 100.0%] | 1249 |
| tail | 2σ | ar1-0.3 | 0.0% | [0.0%, 6.0%] | 1248 |
| tail | 2σ | ar1-0.6 | 100.0% | [94.0%, 100.0%] | 1243 |
| tail | 2σ | ar1-0.6 | 0.0% | [0.0%, 6.0%] | 1242 |
| tail | 2σ | ar1-0.8 | 100.0% | [94.0%, 100.0%] | 1249 |
| tail | 2σ | ar1-0.8 | 0.0% | [0.0%, 6.0%] | 1239 |
| tail | 2σ | iid | 100.0% | [94.0%, 100.0%] | 1075 |
| tail | 2σ | iid | 0.0% | [0.0%, 6.0%] | 1081 |
| tail | 4σ | ar1-0.3 | 100.0% | [94.0%, 100.0%] | 1249 |
| tail | 4σ | ar1-0.3 | 0.0% | [0.0%, 6.0%] | 1256 |
| tail | 4σ | ar1-0.6 | 100.0% | [94.0%, 100.0%] | 1255 |
| tail | 4σ | ar1-0.6 | 0.0% | [0.0%, 6.0%] | 1251 |
| tail | 4σ | ar1-0.8 | 100.0% | [94.0%, 100.0%] | 1253 |
| tail | 4σ | ar1-0.8 | 0.0% | [0.0%, 6.0%] | 1257 |
| tail | 4σ | iid | 100.0% | [94.0%, 100.0%] | 1079 |
| tail | 4σ | iid | 0.0% | [0.0%, 6.0%] | 1071 |
| tail | 20σ | ar1-0.3 | 100.0% | [94.0%, 100.0%] | 1239 |
| tail | 20σ | ar1-0.3 | 0.0% | [0.0%, 6.0%] | 1236 |
| tail | 20σ | ar1-0.6 | 100.0% | [94.0%, 100.0%] | 1261 |
| tail | 20σ | ar1-0.6 | 0.0% | [0.0%, 6.0%] | 1264 |
| tail | 20σ | ar1-0.8 | 100.0% | [94.0%, 100.0%] | 1240 |
| tail | 20σ | ar1-0.8 | 0.0% | [0.0%, 6.0%] | 1254 |
| tail | 20σ | iid | 100.0% | [94.0%, 100.0%] | 1073 |
| tail | 20σ | iid | 0.0% | [0.0%, 6.0%] | 1080 |


[pi0_high] completed in 254s
[pi0_high] rows=11840 outcomes:    4199 fail    1573 inconclusive    6068 pass 

==========================================
=== Config: pi0_extreme
=== Env:    TACET_ABLATION_PI0=0.85 
=== Output: /root/bench-results/ablation-v3/pi0_extreme
==========================================
[ablation] overrides: pi0=Some(0.85) alpha=None beta=None kl_min=None nu_ℓ=None nu_prior=None
=== Timing Tool Benchmark Suite ===

Configuration:
  Preset: medium
  Samples per class: 10000
  Datasets per point: 120
  Effect multipliers: [0.0, 0.2, 1.0, 2.0, 4.0, 20.0]
  Effect patterns: ["shift", "tail"]
  Noise models: ["iid", "ar1-0.3", "ar1-0.6", "ar1-0.8"]
  Mode: synthetic
  Checkpoint: RESUME (loading existing results)
  Tools: ["tacet"]
  Total points: 48
  Total datasets: 5760
  Total tool runs: 5760
  Batched: 12 batches of 500 datasets (~160MB peak memory)

  Resuming: 5760 results loaded from checkpoint

Completed in 256.0s

Raw results already written to: /root/bench-results/ablation-v3/pi0_extreme/benchmark_results.csv
Wrote summary to: /root/bench-results/ablation-v3/pi0_extreme/benchmark_summary.csv
Wrote report to: /root/bench-results/ablation-v3/pi0_extreme/benchmark_report.md

# Benchmark Results (medium)

## Configuration

- **Preset**: medium
- **Samples per class**: 10000
- **Datasets per point**: 120
- **Effect multipliers**: [0.0, 0.2, 1.0, 2.0, 4.0, 20.0]
- **Total execution time**: 256.0s

## False Positive Rate (effect = 0)

| Tool | iid | ar1-0.3 | ar1-0.6 | ar1-0.8 |
|------|--------|--------|--------|--------|
| tacet (θ=0.4ns) | 0.0% ± 1.8% | 0.0% ± 3.0% | 0.0% ± 3.0% | 1.7% ± 4.3% |
| tacet (θ=100ns) | 0.0% ± 1.8% | 0.0% ± 3.0% | 0.0% ± 3.0% | 0.0% ± 3.0% |

## Power (Detection Rate)

| Tool | 0.2σ | 1σ | 2σ | 4σ | 20σ |
|------|------|------|------|------|------|
| tacet (θ=0.4ns) | 100% | 100% | 100% | 100% | 100% |
| tacet (θ=100ns) | 0% | 0% | 0% | 0% | 2% |

## Detailed Results by Tool

### tacet

| Pattern | Effect | Noise | Rate | 95% CI | Time (ms) |
|---------|--------|-------|------|--------|----------|
| shift | 0σ | ar1-0.3 | 0.0% | [0.0%, 6.0%] | 1213 |
| shift | 0σ | ar1-0.3 | 0.0% | [0.0%, 6.0%] | 1203 |
| shift | 0σ | ar1-0.6 | 0.0% | [0.0%, 6.0%] | 1200 |
| shift | 0σ | ar1-0.6 | 0.0% | [0.0%, 6.0%] | 1212 |
| shift | 0σ | ar1-0.8 | 1.7% | [0.3%, 8.9%] | 1216 |
| shift | 0σ | ar1-0.8 | 0.0% | [0.0%, 6.0%] | 1211 |
| shift | 0σ | iid | 0.0% | [0.0%, 3.7%] | 1052 |
| shift | 0σ | iid | 0.0% | [0.0%, 3.7%] | 1052 |
| shift | 0σ | iid | 0.0% | [0.0%, 3.7%] | 1052 |
| shift | 0σ | iid | 0.0% | [0.0%, 3.7%] | 1052 |
| shift | 0σ | iid | 0.0% | [0.0%, 3.7%] | 1052 |
| shift | 0σ | iid | 0.0% | [0.0%, 3.7%] | 1052 |
| shift | 0σ | iid | 0.0% | [0.0%, 3.7%] | 1052 |
| shift | 0σ | iid | 0.0% | [0.0%, 3.7%] | 1052 |
| shift | 0σ | iid | 0.0% | [0.0%, 3.7%] | 1052 |
| shift | 0σ | iid | 0.0% | [0.0%, 3.7%] | 1052 |
| shift | 0.2σ | ar1-0.3 | 81.7% | [70.1%, 89.4%] | 1214 |
| shift | 0.2σ | ar1-0.3 | 0.0% | [0.0%, 6.0%] | 1221 |
| shift | 0.2σ | ar1-0.6 | 61.7% | [49.0%, 72.9%] | 1210 |
| shift | 0.2σ | ar1-0.6 | 0.0% | [0.0%, 6.0%] | 1213 |
| shift | 0.2σ | ar1-0.8 | 38.3% | [27.1%, 51.0%] | 1192 |
| shift | 0.2σ | ar1-0.8 | 0.0% | [0.0%, 6.0%] | 1195 |
| shift | 0.2σ | iid | 100.0% | [94.0%, 100.0%] | 1038 |
| shift | 0.2σ | iid | 0.0% | [0.0%, 6.0%] | 1051 |
| shift | 1σ | ar1-0.3 | 100.0% | [94.0%, 100.0%] | 1229 |
| shift | 1σ | ar1-0.3 | 0.0% | [0.0%, 6.0%] | 1232 |
| shift | 1σ | ar1-0.6 | 100.0% | [94.0%, 100.0%] | 1225 |
| shift | 1σ | ar1-0.6 | 0.0% | [0.0%, 6.0%] | 1228 |
| shift | 1σ | ar1-0.8 | 100.0% | [94.0%, 100.0%] | 1212 |
| shift | 1σ | ar1-0.8 | 0.0% | [0.0%, 6.0%] | 1211 |
| shift | 1σ | iid | 100.0% | [94.0%, 100.0%] | 1038 |
| shift | 1σ | iid | 0.0% | [0.0%, 6.0%] | 1049 |
| shift | 2σ | ar1-0.3 | 100.0% | [94.0%, 100.0%] | 1209 |
| shift | 2σ | ar1-0.3 | 0.0% | [0.0%, 6.0%] | 1230 |
| shift | 2σ | ar1-0.6 | 100.0% | [94.0%, 100.0%] | 1228 |
| shift | 2σ | ar1-0.6 | 0.0% | [0.0%, 6.0%] | 1231 |
| shift | 2σ | ar1-0.8 | 100.0% | [94.0%, 100.0%] | 1211 |
| shift | 2σ | ar1-0.8 | 0.0% | [0.0%, 6.0%] | 1216 |
| shift | 2σ | iid | 100.0% | [94.0%, 100.0%] | 1053 |
| shift | 2σ | iid | 0.0% | [0.0%, 6.0%] | 1044 |
| shift | 4σ | ar1-0.3 | 100.0% | [94.0%, 100.0%] | 1243 |
| shift | 4σ | ar1-0.3 | 0.0% | [0.0%, 6.0%] | 1240 |
| shift | 4σ | ar1-0.6 | 100.0% | [94.0%, 100.0%] | 1232 |
| shift | 4σ | ar1-0.6 | 0.0% | [0.0%, 6.0%] | 1238 |
| shift | 4σ | ar1-0.8 | 100.0% | [94.0%, 100.0%] | 1228 |
| shift | 4σ | ar1-0.8 | 0.0% | [0.0%, 6.0%] | 1224 |
| shift | 4σ | iid | 100.0% | [94.0%, 100.0%] | 1064 |
| shift | 4σ | iid | 0.0% | [0.0%, 6.0%] | 1058 |
| shift | 20σ | ar1-0.3 | 100.0% | [94.0%, 100.0%] | 1339 |
| shift | 20σ | ar1-0.3 | 41.7% | [30.1%, 54.3%] | 1341 |
| shift | 20σ | ar1-0.6 | 100.0% | [94.0%, 100.0%] | 1321 |
| shift | 20σ | ar1-0.6 | 28.3% | [18.5%, 40.8%] | 1328 |
| shift | 20σ | ar1-0.8 | 100.0% | [94.0%, 100.0%] | 1333 |
| shift | 20σ | ar1-0.8 | 16.7% | [9.3%, 28.0%] | 1339 |
| shift | 20σ | iid | 100.0% | [94.0%, 100.0%] | 1120 |
| shift | 20σ | iid | 1.7% | [0.3%, 8.9%] | 1120 |
| tail | 0σ | ar1-0.3 | 0.0% | [0.0%, 6.0%] | 1212 |
| tail | 0σ | ar1-0.3 | 0.0% | [0.0%, 6.0%] | 1203 |
| tail | 0σ | ar1-0.6 | 0.0% | [0.0%, 6.0%] | 1190 |
| tail | 0σ | ar1-0.6 | 0.0% | [0.0%, 6.0%] | 1215 |
| tail | 0σ | ar1-0.8 | 1.7% | [0.3%, 8.9%] | 1206 |
| tail | 0σ | ar1-0.8 | 0.0% | [0.0%, 6.0%] | 1205 |
| tail | 0σ | iid | 0.0% | [0.0%, 3.7%] | 1044 |
| tail | 0σ | iid | 0.0% | [0.0%, 3.7%] | 1053 |
| tail | 0σ | iid | 0.0% | [0.0%, 3.7%] | 1044 |
| tail | 0σ | iid | 0.0% | [0.0%, 3.7%] | 1053 |
| tail | 0σ | iid | 0.0% | [0.0%, 3.7%] | 1044 |
| tail | 0σ | iid | 0.0% | [0.0%, 3.7%] | 1053 |
| tail | 0σ | iid | 0.0% | [0.0%, 3.7%] | 1044 |
| tail | 0σ | iid | 0.0% | [0.0%, 3.7%] | 1053 |
| tail | 0σ | iid | 0.0% | [0.0%, 3.7%] | 1044 |
| tail | 0σ | iid | 0.0% | [0.0%, 3.7%] | 1053 |
| tail | 0.2σ | ar1-0.3 | 1.7% | [0.3%, 8.9%] | 1216 |
| tail | 0.2σ | ar1-0.3 | 0.0% | [0.0%, 6.0%] | 1211 |
| tail | 0.2σ | ar1-0.6 | 1.7% | [0.3%, 8.9%] | 1209 |
| tail | 0.2σ | ar1-0.6 | 0.0% | [0.0%, 6.0%] | 1215 |
| tail | 0.2σ | ar1-0.8 | 1.7% | [0.3%, 8.9%] | 1197 |
| tail | 0.2σ | ar1-0.8 | 0.0% | [0.0%, 6.0%] | 1209 |
| tail | 0.2σ | iid | 0.0% | [0.0%, 6.0%] | 1050 |
| tail | 0.2σ | iid | 0.0% | [0.0%, 6.0%] | 1055 |
| tail | 1σ | ar1-0.3 | 100.0% | [94.0%, 100.0%] | 1220 |
| tail | 1σ | ar1-0.3 | 0.0% | [0.0%, 6.0%] | 1227 |
| tail | 1σ | ar1-0.6 | 95.0% | [86.3%, 98.3%] | 1217 |
| tail | 1σ | ar1-0.6 | 0.0% | [0.0%, 6.0%] | 1225 |
| tail | 1σ | ar1-0.8 | 85.0% | [73.9%, 91.9%] | 1213 |
| tail | 1σ | ar1-0.8 | 0.0% | [0.0%, 6.0%] | 1224 |
| tail | 1σ | iid | 100.0% | [94.0%, 100.0%] | 1080 |
| tail | 1σ | iid | 0.0% | [0.0%, 6.0%] | 1076 |
| tail | 2σ | ar1-0.3 | 100.0% | [94.0%, 100.0%] | 1242 |
| tail | 2σ | ar1-0.3 | 0.0% | [0.0%, 6.0%] | 1242 |
| tail | 2σ | ar1-0.6 | 100.0% | [94.0%, 100.0%] | 1229 |
| tail | 2σ | ar1-0.6 | 0.0% | [0.0%, 6.0%] | 1242 |
| tail | 2σ | ar1-0.8 | 100.0% | [94.0%, 100.0%] | 1231 |
| tail | 2σ | ar1-0.8 | 0.0% | [0.0%, 6.0%] | 1241 |
| tail | 2σ | iid | 100.0% | [94.0%, 100.0%] | 1071 |
| tail | 2σ | iid | 0.0% | [0.0%, 6.0%] | 1078 |
| tail | 4σ | ar1-0.3 | 100.0% | [94.0%, 100.0%] | 1238 |
| tail | 4σ | ar1-0.3 | 0.0% | [0.0%, 6.0%] | 1262 |
| tail | 4σ | ar1-0.6 | 100.0% | [94.0%, 100.0%] | 1232 |
| tail | 4σ | ar1-0.6 | 0.0% | [0.0%, 6.0%] | 1241 |
| tail | 4σ | ar1-0.8 | 100.0% | [94.0%, 100.0%] | 1236 |
| tail | 4σ | ar1-0.8 | 0.0% | [0.0%, 6.0%] | 1228 |
| tail | 4σ | iid | 100.0% | [94.0%, 100.0%] | 1082 |
| tail | 4σ | iid | 0.0% | [0.0%, 6.0%] | 1082 |
| tail | 20σ | ar1-0.3 | 100.0% | [94.0%, 100.0%] | 1264 |
| tail | 20σ | ar1-0.3 | 0.0% | [0.0%, 6.0%] | 1262 |
| tail | 20σ | ar1-0.6 | 100.0% | [94.0%, 100.0%] | 1262 |
| tail | 20σ | ar1-0.6 | 0.0% | [0.0%, 6.0%] | 1261 |
| tail | 20σ | ar1-0.8 | 100.0% | [94.0%, 100.0%] | 1247 |
| tail | 20σ | ar1-0.8 | 0.0% | [0.0%, 6.0%] | 1231 |
| tail | 20σ | iid | 100.0% | [94.0%, 100.0%] | 1070 |
| tail | 20σ | iid | 0.0% | [0.0%, 6.0%] | 1063 |


[pi0_extreme] completed in 256s
[pi0_extreme] rows=11840 outcomes:    4233 fail    1542 inconclusive    6065 pass 

==========================================
=== Config: alpha_tight
=== Env:    TACET_ABLATION_ALPHA=0.01 TACET_ABLATION_BETA=0.99 
=== Output: /root/bench-results/ablation-v3/alpha_tight
==========================================
[ablation] overrides: pi0=None alpha=Some(0.01) beta=Some(0.99) kl_min=None nu_ℓ=None nu_prior=None
=== Timing Tool Benchmark Suite ===

Configuration:
  Preset: medium
  Samples per class: 10000
  Datasets per point: 120
  Effect multipliers: [0.0, 0.2, 1.0, 2.0, 4.0, 20.0]
  Effect patterns: ["shift", "tail"]
  Noise models: ["iid", "ar1-0.3", "ar1-0.6", "ar1-0.8"]
  Mode: synthetic
  Checkpoint: RESUME (loading existing results)
  Tools: ["tacet"]
  Total points: 48
  Total datasets: 5760
  Total tool runs: 5760
  Batched: 12 batches of 500 datasets (~160MB peak memory)

  Resuming: 5760 results loaded from checkpoint

Completed in 258.8s

Raw results already written to: /root/bench-results/ablation-v3/alpha_tight/benchmark_results.csv
Wrote summary to: /root/bench-results/ablation-v3/alpha_tight/benchmark_summary.csv
Wrote report to: /root/bench-results/ablation-v3/alpha_tight/benchmark_report.md

# Benchmark Results (medium)

## Configuration

- **Preset**: medium
- **Samples per class**: 10000
- **Datasets per point**: 120
- **Effect multipliers**: [0.0, 0.2, 1.0, 2.0, 4.0, 20.0]
- **Total execution time**: 258.8s

## False Positive Rate (effect = 0)

| Tool | iid | ar1-0.3 | ar1-0.6 | ar1-0.8 |
|------|--------|--------|--------|--------|
| tacet (θ=0.4ns) | 0.0% ± 1.8% | 0.0% ± 3.0% | 0.0% ± 3.0% | 0.0% ± 3.0% |
| tacet (θ=100ns) | 0.0% ± 1.8% | 0.0% ± 3.0% | 0.0% ± 3.0% | 0.0% ± 3.0% |

## Power (Detection Rate)

| Tool | 0.2σ | 1σ | 2σ | 4σ | 20σ |
|------|------|------|------|------|------|
| tacet (θ=0.4ns) | 100% | 100% | 100% | 100% | 100% |
| tacet (θ=100ns) | 0% | 0% | 0% | 0% | 0% |

## Detailed Results by Tool

### tacet

| Pattern | Effect | Noise | Rate | 95% CI | Time (ms) |
|---------|--------|-------|------|--------|----------|
| shift | 0σ | ar1-0.3 | 0.0% | [0.0%, 6.0%] | 1219 |
| shift | 0σ | ar1-0.3 | 0.0% | [0.0%, 6.0%] | 1220 |
| shift | 0σ | ar1-0.6 | 0.0% | [0.0%, 6.0%] | 1209 |
| shift | 0σ | ar1-0.6 | 0.0% | [0.0%, 6.0%] | 1214 |
| shift | 0σ | ar1-0.8 | 0.0% | [0.0%, 6.0%] | 1208 |
| shift | 0σ | ar1-0.8 | 0.0% | [0.0%, 6.0%] | 1211 |
| shift | 0σ | iid | 0.0% | [0.0%, 3.7%] | 1050 |
| shift | 0σ | iid | 0.0% | [0.0%, 3.7%] | 1051 |
| shift | 0σ | iid | 0.0% | [0.0%, 3.7%] | 1050 |
| shift | 0σ | iid | 0.0% | [0.0%, 3.7%] | 1051 |
| shift | 0σ | iid | 0.0% | [0.0%, 3.7%] | 1050 |
| shift | 0σ | iid | 0.0% | [0.0%, 3.7%] | 1051 |
| shift | 0σ | iid | 0.0% | [0.0%, 3.7%] | 1050 |
| shift | 0σ | iid | 0.0% | [0.0%, 3.7%] | 1051 |
| shift | 0σ | iid | 0.0% | [0.0%, 3.7%] | 1050 |
| shift | 0σ | iid | 0.0% | [0.0%, 3.7%] | 1051 |
| shift | 0.2σ | ar1-0.3 | 28.3% | [18.5%, 40.8%] | 1200 |
| shift | 0.2σ | ar1-0.3 | 0.0% | [0.0%, 6.0%] | 1210 |
| shift | 0.2σ | ar1-0.6 | 5.0% | [1.7%, 13.7%] | 1214 |
| shift | 0.2σ | ar1-0.6 | 0.0% | [0.0%, 6.0%] | 1197 |
| shift | 0.2σ | ar1-0.8 | 0.0% | [0.0%, 6.0%] | 1201 |
| shift | 0.2σ | ar1-0.8 | 0.0% | [0.0%, 6.0%] | 1211 |
| shift | 0.2σ | iid | 100.0% | [94.0%, 100.0%] | 1047 |
| shift | 0.2σ | iid | 0.0% | [0.0%, 6.0%] | 1036 |
| shift | 1σ | ar1-0.3 | 100.0% | [94.0%, 100.0%] | 1223 |
| shift | 1σ | ar1-0.3 | 0.0% | [0.0%, 6.0%] | 1222 |
| shift | 1σ | ar1-0.6 | 100.0% | [94.0%, 100.0%] | 1219 |
| shift | 1σ | ar1-0.6 | 0.0% | [0.0%, 6.0%] | 1225 |
| shift | 1σ | ar1-0.8 | 100.0% | [94.0%, 100.0%] | 1218 |
| shift | 1σ | ar1-0.8 | 0.0% | [0.0%, 6.0%] | 1217 |
| shift | 1σ | iid | 100.0% | [94.0%, 100.0%] | 1053 |
| shift | 1σ | iid | 0.0% | [0.0%, 6.0%] | 1052 |
| shift | 2σ | ar1-0.3 | 100.0% | [94.0%, 100.0%] | 1228 |
| shift | 2σ | ar1-0.3 | 0.0% | [0.0%, 6.0%] | 1230 |
| shift | 2σ | ar1-0.6 | 100.0% | [94.0%, 100.0%] | 1231 |
| shift | 2σ | ar1-0.6 | 0.0% | [0.0%, 6.0%] | 1223 |
| shift | 2σ | ar1-0.8 | 100.0% | [94.0%, 100.0%] | 1208 |
| shift | 2σ | ar1-0.8 | 0.0% | [0.0%, 6.0%] | 1210 |
| shift | 2σ | iid | 100.0% | [94.0%, 100.0%] | 1046 |
| shift | 2σ | iid | 0.0% | [0.0%, 6.0%] | 1048 |
| shift | 4σ | ar1-0.3 | 100.0% | [94.0%, 100.0%] | 1248 |
| shift | 4σ | ar1-0.3 | 0.0% | [0.0%, 6.0%] | 1244 |
| shift | 4σ | ar1-0.6 | 100.0% | [94.0%, 100.0%] | 1225 |
| shift | 4σ | ar1-0.6 | 0.0% | [0.0%, 6.0%] | 1229 |
| shift | 4σ | ar1-0.8 | 100.0% | [94.0%, 100.0%] | 1223 |
| shift | 4σ | ar1-0.8 | 0.0% | [0.0%, 6.0%] | 1235 |
| shift | 4σ | iid | 100.0% | [94.0%, 100.0%] | 1054 |
| shift | 4σ | iid | 0.0% | [0.0%, 6.0%] | 1065 |
| shift | 20σ | ar1-0.3 | 100.0% | [94.0%, 100.0%] | 1338 |
| shift | 20σ | ar1-0.3 | 6.7% | [2.6%, 15.9%] | 1337 |
| shift | 20σ | ar1-0.6 | 100.0% | [94.0%, 100.0%] | 1333 |
| shift | 20σ | ar1-0.6 | 3.3% | [0.9%, 11.4%] | 1331 |
| shift | 20σ | ar1-0.8 | 100.0% | [94.0%, 100.0%] | 1318 |
| shift | 20σ | ar1-0.8 | 1.7% | [0.3%, 8.9%] | 1320 |
| shift | 20σ | iid | 100.0% | [94.0%, 100.0%] | 1118 |
| shift | 20σ | iid | 0.0% | [0.0%, 6.0%] | 1125 |
| tail | 0σ | ar1-0.3 | 0.0% | [0.0%, 6.0%] | 1206 |
| tail | 0σ | ar1-0.3 | 0.0% | [0.0%, 6.0%] | 1200 |
| tail | 0σ | ar1-0.6 | 0.0% | [0.0%, 6.0%] | 1217 |
| tail | 0σ | ar1-0.6 | 0.0% | [0.0%, 6.0%] | 1213 |
| tail | 0σ | ar1-0.8 | 0.0% | [0.0%, 6.0%] | 1198 |
| tail | 0σ | ar1-0.8 | 0.0% | [0.0%, 6.0%] | 1207 |
| tail | 0σ | iid | 0.0% | [0.0%, 3.7%] | 1047 |
| tail | 0σ | iid | 0.0% | [0.0%, 3.7%] | 1037 |
| tail | 0σ | iid | 0.0% | [0.0%, 3.7%] | 1047 |
| tail | 0σ | iid | 0.0% | [0.0%, 3.7%] | 1037 |
| tail | 0σ | iid | 0.0% | [0.0%, 3.7%] | 1047 |
| tail | 0σ | iid | 0.0% | [0.0%, 3.7%] | 1037 |
| tail | 0σ | iid | 0.0% | [0.0%, 3.7%] | 1047 |
| tail | 0σ | iid | 0.0% | [0.0%, 3.7%] | 1037 |
| tail | 0σ | iid | 0.0% | [0.0%, 3.7%] | 1047 |
| tail | 0σ | iid | 0.0% | [0.0%, 3.7%] | 1037 |
| tail | 0.2σ | ar1-0.3 | 0.0% | [0.0%, 6.0%] | 1221 |
| tail | 0.2σ | ar1-0.3 | 0.0% | [0.0%, 6.0%] | 1223 |
| tail | 0.2σ | ar1-0.6 | 0.0% | [0.0%, 6.0%] | 1193 |
| tail | 0.2σ | ar1-0.6 | 0.0% | [0.0%, 6.0%] | 1207 |
| tail | 0.2σ | ar1-0.8 | 0.0% | [0.0%, 6.0%] | 1205 |
| tail | 0.2σ | ar1-0.8 | 0.0% | [0.0%, 6.0%] | 1214 |
| tail | 0.2σ | iid | 0.0% | [0.0%, 6.0%] | 1043 |
| tail | 0.2σ | iid | 0.0% | [0.0%, 6.0%] | 1028 |
| tail | 1σ | ar1-0.3 | 88.3% | [77.8%, 94.2%] | 1230 |
| tail | 1σ | ar1-0.3 | 0.0% | [0.0%, 6.0%] | 1234 |
| tail | 1σ | ar1-0.6 | 43.3% | [31.6%, 55.9%] | 1227 |
| tail | 1σ | ar1-0.6 | 0.0% | [0.0%, 6.0%] | 1232 |
| tail | 1σ | ar1-0.8 | 5.0% | [1.7%, 13.7%] | 1214 |
| tail | 1σ | ar1-0.8 | 0.0% | [0.0%, 6.0%] | 1225 |
| tail | 1σ | iid | 100.0% | [94.0%, 100.0%] | 1061 |
| tail | 1σ | iid | 0.0% | [0.0%, 6.0%] | 1065 |
| tail | 2σ | ar1-0.3 | 100.0% | [94.0%, 100.0%] | 1233 |
| tail | 2σ | ar1-0.3 | 0.0% | [0.0%, 6.0%] | 1230 |
| tail | 2σ | ar1-0.6 | 100.0% | [94.0%, 100.0%] | 1243 |
| tail | 2σ | ar1-0.6 | 0.0% | [0.0%, 6.0%] | 1243 |
| tail | 2σ | ar1-0.8 | 100.0% | [94.0%, 100.0%] | 1241 |
| tail | 2σ | ar1-0.8 | 0.0% | [0.0%, 6.0%] | 1239 |
| tail | 2σ | iid | 100.0% | [94.0%, 100.0%] | 1064 |
| tail | 2σ | iid | 0.0% | [0.0%, 6.0%] | 1082 |
| tail | 4σ | ar1-0.3 | 100.0% | [94.0%, 100.0%] | 1258 |
| tail | 4σ | ar1-0.3 | 0.0% | [0.0%, 6.0%] | 1243 |
| tail | 4σ | ar1-0.6 | 100.0% | [94.0%, 100.0%] | 1238 |
| tail | 4σ | ar1-0.6 | 0.0% | [0.0%, 6.0%] | 1244 |
| tail | 4σ | ar1-0.8 | 100.0% | [94.0%, 100.0%] | 1235 |
| tail | 4σ | ar1-0.8 | 0.0% | [0.0%, 6.0%] | 1231 |
| tail | 4σ | iid | 100.0% | [94.0%, 100.0%] | 1077 |
| tail | 4σ | iid | 0.0% | [0.0%, 6.0%] | 1076 |
| tail | 20σ | ar1-0.3 | 6.7% | [2.6%, 15.9%] | 1262 |
| tail | 20σ | ar1-0.3 | 0.0% | [0.0%, 6.0%] | 1261 |
| tail | 20σ | ar1-0.6 | 55.0% | [42.5%, 66.9%] | 1245 |
| tail | 20σ | ar1-0.6 | 0.0% | [0.0%, 6.0%] | 1240 |
| tail | 20σ | ar1-0.8 | 100.0% | [94.0%, 100.0%] | 1243 |
| tail | 20σ | ar1-0.8 | 0.0% | [0.0%, 6.0%] | 1233 |
| tail | 20σ | iid | 0.0% | [0.0%, 6.0%] | 1085 |
| tail | 20σ | iid | 0.0% | [0.0%, 6.0%] | 1084 |


[alpha_tight] completed in 259s
[alpha_tight] rows=11840 outcomes:    3521 fail    2436 inconclusive    5883 pass 

==========================================
=== Config: alpha_loose
=== Env:    TACET_ABLATION_ALPHA=0.10 TACET_ABLATION_BETA=0.90 
=== Output: /root/bench-results/ablation-v3/alpha_loose
==========================================
[ablation] overrides: pi0=None alpha=Some(0.1) beta=Some(0.9) kl_min=None nu_ℓ=None nu_prior=None
=== Timing Tool Benchmark Suite ===

Configuration:
  Preset: medium
  Samples per class: 10000
  Datasets per point: 120
  Effect multipliers: [0.0, 0.2, 1.0, 2.0, 4.0, 20.0]
  Effect patterns: ["shift", "tail"]
  Noise models: ["iid", "ar1-0.3", "ar1-0.6", "ar1-0.8"]
  Mode: synthetic
  Checkpoint: RESUME (loading existing results)
  Tools: ["tacet"]
  Total points: 48
  Total datasets: 5760
  Total tool runs: 5760
  Batched: 12 batches of 500 datasets (~160MB peak memory)

  Resuming: 5760 results loaded from checkpoint

Completed in 256.8s

Raw results already written to: /root/bench-results/ablation-v3/alpha_loose/benchmark_results.csv
Wrote summary to: /root/bench-results/ablation-v3/alpha_loose/benchmark_summary.csv
Wrote report to: /root/bench-results/ablation-v3/alpha_loose/benchmark_report.md

# Benchmark Results (medium)

## Configuration

- **Preset**: medium
- **Samples per class**: 10000
- **Datasets per point**: 120
- **Effect multipliers**: [0.0, 0.2, 1.0, 2.0, 4.0, 20.0]
- **Total execution time**: 256.8s

## False Positive Rate (effect = 0)

| Tool | iid | ar1-0.3 | ar1-0.6 | ar1-0.8 |
|------|--------|--------|--------|--------|
| tacet (θ=0.4ns) | 0.0% ± 1.8% | 0.0% ± 3.0% | 1.7% ± 4.3% | 1.7% ± 4.3% |
| tacet (θ=100ns) | 0.0% ± 1.8% | 0.0% ± 3.0% | 0.0% ± 3.0% | 0.0% ± 3.0% |

## Power (Detection Rate)

| Tool | 0.2σ | 1σ | 2σ | 4σ | 20σ |
|------|------|------|------|------|------|
| tacet (θ=0.4ns) | 100% | 100% | 100% | 100% | 100% |
| tacet (θ=100ns) | 0% | 0% | 0% | 0% | 3% |

## Detailed Results by Tool

### tacet

| Pattern | Effect | Noise | Rate | 95% CI | Time (ms) |
|---------|--------|-------|------|--------|----------|
| shift | 0σ | ar1-0.3 | 0.0% | [0.0%, 6.0%] | 1204 |
| shift | 0σ | ar1-0.3 | 0.0% | [0.0%, 6.0%] | 1192 |
| shift | 0σ | ar1-0.6 | 1.7% | [0.3%, 8.9%] | 1217 |
| shift | 0σ | ar1-0.6 | 0.0% | [0.0%, 6.0%] | 1213 |
| shift | 0σ | ar1-0.8 | 1.7% | [0.3%, 8.9%] | 1216 |
| shift | 0σ | ar1-0.8 | 0.0% | [0.0%, 6.0%] | 1211 |
| shift | 0σ | iid | 0.0% | [0.0%, 3.7%] | 1047 |
| shift | 0σ | iid | 0.0% | [0.0%, 3.7%] | 1055 |
| shift | 0σ | iid | 0.0% | [0.0%, 3.7%] | 1047 |
| shift | 0σ | iid | 0.0% | [0.0%, 3.7%] | 1055 |
| shift | 0σ | iid | 0.0% | [0.0%, 3.7%] | 1047 |
| shift | 0σ | iid | 0.0% | [0.0%, 3.7%] | 1055 |
| shift | 0σ | iid | 0.0% | [0.0%, 3.7%] | 1047 |
| shift | 0σ | iid | 0.0% | [0.0%, 3.7%] | 1055 |
| shift | 0σ | iid | 0.0% | [0.0%, 3.7%] | 1047 |
| shift | 0σ | iid | 0.0% | [0.0%, 3.7%] | 1055 |
| shift | 0.2σ | ar1-0.3 | 88.3% | [77.8%, 94.2%] | 1217 |
| shift | 0.2σ | ar1-0.3 | 0.0% | [0.0%, 6.0%] | 1215 |
| shift | 0.2σ | ar1-0.6 | 65.0% | [52.4%, 75.8%] | 1213 |
| shift | 0.2σ | ar1-0.6 | 0.0% | [0.0%, 6.0%] | 1202 |
| shift | 0.2σ | ar1-0.8 | 36.7% | [25.6%, 49.3%] | 1199 |
| shift | 0.2σ | ar1-0.8 | 0.0% | [0.0%, 6.0%] | 1197 |
| shift | 0.2σ | iid | 100.0% | [94.0%, 100.0%] | 1032 |
| shift | 0.2σ | iid | 0.0% | [0.0%, 6.0%] | 1038 |
| shift | 1σ | ar1-0.3 | 100.0% | [94.0%, 100.0%] | 1208 |
| shift | 1σ | ar1-0.3 | 0.0% | [0.0%, 6.0%] | 1216 |
| shift | 1σ | ar1-0.6 | 100.0% | [94.0%, 100.0%] | 1204 |
| shift | 1σ | ar1-0.6 | 0.0% | [0.0%, 6.0%] | 1206 |
| shift | 1σ | ar1-0.8 | 100.0% | [94.0%, 100.0%] | 1208 |
| shift | 1σ | ar1-0.8 | 0.0% | [0.0%, 6.0%] | 1224 |
| shift | 1σ | iid | 100.0% | [94.0%, 100.0%] | 1052 |
| shift | 1σ | iid | 0.0% | [0.0%, 6.0%] | 1037 |
| shift | 2σ | ar1-0.3 | 100.0% | [94.0%, 100.0%] | 1215 |
| shift | 2σ | ar1-0.3 | 0.0% | [0.0%, 6.0%] | 1218 |
| shift | 2σ | ar1-0.6 | 100.0% | [94.0%, 100.0%] | 1210 |
| shift | 2σ | ar1-0.6 | 0.0% | [0.0%, 6.0%] | 1214 |
| shift | 2σ | ar1-0.8 | 100.0% | [94.0%, 100.0%] | 1220 |
| shift | 2σ | ar1-0.8 | 0.0% | [0.0%, 6.0%] | 1222 |
| shift | 2σ | iid | 100.0% | [94.0%, 100.0%] | 1051 |
| shift | 2σ | iid | 0.0% | [0.0%, 6.0%] | 1046 |
| shift | 4σ | ar1-0.3 | 100.0% | [94.0%, 100.0%] | 1243 |
| shift | 4σ | ar1-0.3 | 0.0% | [0.0%, 6.0%] | 1228 |
| shift | 4σ | ar1-0.6 | 100.0% | [94.0%, 100.0%] | 1238 |
| shift | 4σ | ar1-0.6 | 0.0% | [0.0%, 6.0%] | 1237 |
| shift | 4σ | ar1-0.8 | 100.0% | [94.0%, 100.0%] | 1235 |
| shift | 4σ | ar1-0.8 | 0.0% | [0.0%, 6.0%] | 1239 |
| shift | 4σ | iid | 100.0% | [94.0%, 100.0%] | 1070 |
| shift | 4σ | iid | 0.0% | [0.0%, 6.0%] | 1067 |
| shift | 20σ | ar1-0.3 | 100.0% | [94.0%, 100.0%] | 1317 |
| shift | 20σ | ar1-0.3 | 55.0% | [42.5%, 66.9%] | 1319 |
| shift | 20σ | ar1-0.6 | 100.0% | [94.0%, 100.0%] | 1327 |
| shift | 20σ | ar1-0.6 | 43.3% | [31.6%, 55.9%] | 1311 |
| shift | 20σ | ar1-0.8 | 100.0% | [94.0%, 100.0%] | 1335 |
| shift | 20σ | ar1-0.8 | 38.3% | [27.1%, 51.0%] | 1333 |
| shift | 20σ | iid | 100.0% | [94.0%, 100.0%] | 1118 |
| shift | 20σ | iid | 3.3% | [0.9%, 11.4%] | 1120 |
| tail | 0σ | ar1-0.3 | 0.0% | [0.0%, 6.0%] | 1209 |
| tail | 0σ | ar1-0.3 | 0.0% | [0.0%, 6.0%] | 1198 |
| tail | 0σ | ar1-0.6 | 0.0% | [0.0%, 6.0%] | 1218 |
| tail | 0σ | ar1-0.6 | 0.0% | [0.0%, 6.0%] | 1216 |
| tail | 0σ | ar1-0.8 | 1.7% | [0.3%, 8.9%] | 1209 |
| tail | 0σ | ar1-0.8 | 0.0% | [0.0%, 6.0%] | 1216 |
| tail | 0σ | iid | 0.0% | [0.0%, 3.7%] | 1047 |
| tail | 0σ | iid | 0.0% | [0.0%, 3.7%] | 1048 |
| tail | 0σ | iid | 0.0% | [0.0%, 3.7%] | 1047 |
| tail | 0σ | iid | 0.0% | [0.0%, 3.7%] | 1048 |
| tail | 0σ | iid | 0.0% | [0.0%, 3.7%] | 1047 |
| tail | 0σ | iid | 0.0% | [0.0%, 3.7%] | 1048 |
| tail | 0σ | iid | 0.0% | [0.0%, 3.7%] | 1047 |
| tail | 0σ | iid | 0.0% | [0.0%, 3.7%] | 1048 |
| tail | 0σ | iid | 0.0% | [0.0%, 3.7%] | 1047 |
| tail | 0σ | iid | 0.0% | [0.0%, 3.7%] | 1048 |
| tail | 0.2σ | ar1-0.3 | 1.7% | [0.3%, 8.9%] | 1202 |
| tail | 0.2σ | ar1-0.3 | 0.0% | [0.0%, 6.0%] | 1217 |
| tail | 0.2σ | ar1-0.6 | 1.7% | [0.3%, 8.9%] | 1216 |
| tail | 0.2σ | ar1-0.6 | 0.0% | [0.0%, 6.0%] | 1210 |
| tail | 0.2σ | ar1-0.8 | 1.7% | [0.3%, 8.9%] | 1199 |
| tail | 0.2σ | ar1-0.8 | 0.0% | [0.0%, 6.0%] | 1218 |
| tail | 0.2σ | iid | 0.0% | [0.0%, 6.0%] | 1041 |
| tail | 0.2σ | iid | 0.0% | [0.0%, 6.0%] | 1046 |
| tail | 1σ | ar1-0.3 | 100.0% | [94.0%, 100.0%] | 1226 |
| tail | 1σ | ar1-0.3 | 0.0% | [0.0%, 6.0%] | 1219 |
| tail | 1σ | ar1-0.6 | 98.3% | [91.1%, 99.7%] | 1226 |
| tail | 1σ | ar1-0.6 | 0.0% | [0.0%, 6.0%] | 1219 |
| tail | 1σ | ar1-0.8 | 88.3% | [77.8%, 94.2%] | 1219 |
| tail | 1σ | ar1-0.8 | 0.0% | [0.0%, 6.0%] | 1222 |
| tail | 1σ | iid | 100.0% | [94.0%, 100.0%] | 1082 |
| tail | 1σ | iid | 0.0% | [0.0%, 6.0%] | 1078 |
| tail | 2σ | ar1-0.3 | 100.0% | [94.0%, 100.0%] | 1244 |
| tail | 2σ | ar1-0.3 | 0.0% | [0.0%, 6.0%] | 1239 |
| tail | 2σ | ar1-0.6 | 100.0% | [94.0%, 100.0%] | 1244 |
| tail | 2σ | ar1-0.6 | 0.0% | [0.0%, 6.0%] | 1249 |
| tail | 2σ | ar1-0.8 | 100.0% | [94.0%, 100.0%] | 1247 |
| tail | 2σ | ar1-0.8 | 0.0% | [0.0%, 6.0%] | 1243 |
| tail | 2σ | iid | 100.0% | [94.0%, 100.0%] | 1076 |
| tail | 2σ | iid | 0.0% | [0.0%, 6.0%] | 1074 |
| tail | 4σ | ar1-0.3 | 100.0% | [94.0%, 100.0%] | 1246 |
| tail | 4σ | ar1-0.3 | 0.0% | [0.0%, 6.0%] | 1239 |
| tail | 4σ | ar1-0.6 | 100.0% | [94.0%, 100.0%] | 1249 |
| tail | 4σ | ar1-0.6 | 0.0% | [0.0%, 6.0%] | 1250 |
| tail | 4σ | ar1-0.8 | 100.0% | [94.0%, 100.0%] | 1228 |
| tail | 4σ | ar1-0.8 | 0.0% | [0.0%, 6.0%] | 1228 |
| tail | 4σ | iid | 100.0% | [94.0%, 100.0%] | 1070 |
| tail | 4σ | iid | 0.0% | [0.0%, 6.0%] | 1062 |
| tail | 20σ | ar1-0.3 | 18.3% | [10.6%, 29.9%] | 1262 |
| tail | 20σ | ar1-0.3 | 0.0% | [0.0%, 6.0%] | 1263 |
| tail | 20σ | ar1-0.6 | 86.7% | [75.8%, 93.1%] | 1260 |
| tail | 20σ | ar1-0.6 | 0.0% | [0.0%, 6.0%] | 1250 |
| tail | 20σ | ar1-0.8 | 100.0% | [94.0%, 100.0%] | 1251 |
| tail | 20σ | ar1-0.8 | 0.0% | [0.0%, 6.0%] | 1247 |
| tail | 20σ | iid | 51.7% | [39.3%, 63.8%] | 1068 |
| tail | 20σ | iid | 0.0% | [0.0%, 6.0%] | 1070 |


[alpha_loose] completed in 257s
[alpha_loose] rows=11840 outcomes:    4125 fail    1479 inconclusive    6236 pass 

==========================================
=== Config: kl_loose
=== Env:    TACET_ABLATION_KL_MIN=0.3 
=== Output: /root/bench-results/ablation-v3/kl_loose
==========================================
[ablation] overrides: pi0=None alpha=None beta=None kl_min=Some(0.3) nu_ℓ=None nu_prior=None
=== Timing Tool Benchmark Suite ===

Configuration:
  Preset: medium
  Samples per class: 10000
  Datasets per point: 120
  Effect multipliers: [0.0, 0.2, 1.0, 2.0, 4.0, 20.0]
  Effect patterns: ["shift", "tail"]
  Noise models: ["iid", "ar1-0.3", "ar1-0.6", "ar1-0.8"]
  Mode: synthetic
  Checkpoint: RESUME (loading existing results)
  Tools: ["tacet"]
  Total points: 48
  Total datasets: 5760
  Total tool runs: 5760
  Batched: 12 batches of 500 datasets (~160MB peak memory)

  Resuming: 5760 results loaded from checkpoint

Completed in 254.4s

Raw results already written to: /root/bench-results/ablation-v3/kl_loose/benchmark_results.csv
Wrote summary to: /root/bench-results/ablation-v3/kl_loose/benchmark_summary.csv
Wrote report to: /root/bench-results/ablation-v3/kl_loose/benchmark_report.md

# Benchmark Results (medium)

## Configuration

- **Preset**: medium
- **Samples per class**: 10000
- **Datasets per point**: 120
- **Effect multipliers**: [0.0, 0.2, 1.0, 2.0, 4.0, 20.0]
- **Total execution time**: 254.4s

## False Positive Rate (effect = 0)

| Tool | iid | ar1-0.3 | ar1-0.6 | ar1-0.8 |
|------|--------|--------|--------|--------|
| tacet (θ=0.4ns) | 0.0% ± 1.8% | 0.0% ± 3.0% | 0.0% ± 3.0% | 0.0% ± 3.0% |
| tacet (θ=100ns) | 0.0% ± 1.8% | 0.0% ± 3.0% | 0.0% ± 3.0% | 0.0% ± 3.0% |

## Power (Detection Rate)

| Tool | 0.2σ | 1σ | 2σ | 4σ | 20σ |
|------|------|------|------|------|------|
| tacet (θ=0.4ns) | 100% | 100% | 100% | 100% | 100% |
| tacet (θ=100ns) | 0% | 0% | 0% | 0% | 2% |

## Detailed Results by Tool

### tacet

| Pattern | Effect | Noise | Rate | 95% CI | Time (ms) |
|---------|--------|-------|------|--------|----------|
| shift | 0σ | ar1-0.3 | 0.0% | [0.0%, 6.0%] | 1208 |
| shift | 0σ | ar1-0.3 | 0.0% | [0.0%, 6.0%] | 1223 |
| shift | 0σ | ar1-0.6 | 0.0% | [0.0%, 6.0%] | 1201 |
| shift | 0σ | ar1-0.6 | 0.0% | [0.0%, 6.0%] | 1203 |
| shift | 0σ | ar1-0.8 | 0.0% | [0.0%, 6.0%] | 1220 |
| shift | 0σ | ar1-0.8 | 0.0% | [0.0%, 6.0%] | 1218 |
| shift | 0σ | iid | 0.0% | [0.0%, 3.7%] | 1054 |
| shift | 0σ | iid | 0.0% | [0.0%, 3.7%] | 1054 |
| shift | 0σ | iid | 0.0% | [0.0%, 3.7%] | 1054 |
| shift | 0σ | iid | 0.0% | [0.0%, 3.7%] | 1054 |
| shift | 0σ | iid | 0.0% | [0.0%, 3.7%] | 1054 |
| shift | 0σ | iid | 0.0% | [0.0%, 3.7%] | 1054 |
| shift | 0σ | iid | 0.0% | [0.0%, 3.7%] | 1054 |
| shift | 0σ | iid | 0.0% | [0.0%, 3.7%] | 1054 |
| shift | 0σ | iid | 0.0% | [0.0%, 3.7%] | 1054 |
| shift | 0σ | iid | 0.0% | [0.0%, 3.7%] | 1054 |
| shift | 0.2σ | ar1-0.3 | 73.3% | [61.0%, 82.9%] | 1218 |
| shift | 0.2σ | ar1-0.3 | 0.0% | [0.0%, 6.0%] | 1226 |
| shift | 0.2σ | ar1-0.6 | 43.3% | [31.6%, 55.9%] | 1211 |
| shift | 0.2σ | ar1-0.6 | 0.0% | [0.0%, 6.0%] | 1223 |
| shift | 0.2σ | ar1-0.8 | 18.3% | [10.6%, 29.9%] | 1203 |
| shift | 0.2σ | ar1-0.8 | 0.0% | [0.0%, 6.0%] | 1208 |
| shift | 0.2σ | iid | 100.0% | [94.0%, 100.0%] | 1034 |
| shift | 0.2σ | iid | 0.0% | [0.0%, 6.0%] | 1038 |
| shift | 1σ | ar1-0.3 | 100.0% | [94.0%, 100.0%] | 1214 |
| shift | 1σ | ar1-0.3 | 0.0% | [0.0%, 6.0%] | 1214 |
| shift | 1σ | ar1-0.6 | 100.0% | [94.0%, 100.0%] | 1219 |
| shift | 1σ | ar1-0.6 | 0.0% | [0.0%, 6.0%] | 1197 |
| shift | 1σ | ar1-0.8 | 100.0% | [94.0%, 100.0%] | 1206 |
| shift | 1σ | ar1-0.8 | 0.0% | [0.0%, 6.0%] | 1214 |
| shift | 1σ | iid | 100.0% | [94.0%, 100.0%] | 1057 |
| shift | 1σ | iid | 0.0% | [0.0%, 6.0%] | 1054 |
| shift | 2σ | ar1-0.3 | 100.0% | [94.0%, 100.0%] | 1237 |
| shift | 2σ | ar1-0.3 | 0.0% | [0.0%, 6.0%] | 1234 |
| shift | 2σ | ar1-0.6 | 100.0% | [94.0%, 100.0%] | 1217 |
| shift | 2σ | ar1-0.6 | 0.0% | [0.0%, 6.0%] | 1231 |
| shift | 2σ | ar1-0.8 | 100.0% | [94.0%, 100.0%] | 1210 |
| shift | 2σ | ar1-0.8 | 0.0% | [0.0%, 6.0%] | 1213 |
| shift | 2σ | iid | 100.0% | [94.0%, 100.0%] | 1059 |
| shift | 2σ | iid | 0.0% | [0.0%, 6.0%] | 1054 |
| shift | 4σ | ar1-0.3 | 100.0% | [94.0%, 100.0%] | 1227 |
| shift | 4σ | ar1-0.3 | 0.0% | [0.0%, 6.0%] | 1241 |
| shift | 4σ | ar1-0.6 | 100.0% | [94.0%, 100.0%] | 1241 |
| shift | 4σ | ar1-0.6 | 0.0% | [0.0%, 6.0%] | 1246 |
| shift | 4σ | ar1-0.8 | 100.0% | [94.0%, 100.0%] | 1223 |
| shift | 4σ | ar1-0.8 | 0.0% | [0.0%, 6.0%] | 1220 |
| shift | 4σ | iid | 100.0% | [94.0%, 100.0%] | 1059 |
| shift | 4σ | iid | 0.0% | [0.0%, 6.0%] | 1058 |
| shift | 20σ | ar1-0.3 | 100.0% | [94.0%, 100.0%] | 1338 |
| shift | 20σ | ar1-0.3 | 41.7% | [30.1%, 54.3%] | 1342 |
| shift | 20σ | ar1-0.6 | 100.0% | [94.0%, 100.0%] | 1345 |
| shift | 20σ | ar1-0.6 | 28.3% | [18.5%, 40.8%] | 1343 |
| shift | 20σ | ar1-0.8 | 100.0% | [94.0%, 100.0%] | 1340 |
| shift | 20σ | ar1-0.8 | 16.7% | [9.3%, 28.0%] | 1343 |
| shift | 20σ | iid | 100.0% | [94.0%, 100.0%] | 1120 |
| shift | 20σ | iid | 1.7% | [0.3%, 8.9%] | 1124 |
| tail | 0σ | ar1-0.3 | 0.0% | [0.0%, 6.0%] | 1211 |
| tail | 0σ | ar1-0.3 | 0.0% | [0.0%, 6.0%] | 1201 |
| tail | 0σ | ar1-0.6 | 0.0% | [0.0%, 6.0%] | 1207 |
| tail | 0σ | ar1-0.6 | 0.0% | [0.0%, 6.0%] | 1215 |
| tail | 0σ | ar1-0.8 | 0.0% | [0.0%, 6.0%] | 1219 |
| tail | 0σ | ar1-0.8 | 0.0% | [0.0%, 6.0%] | 1214 |
| tail | 0σ | iid | 0.0% | [0.0%, 3.7%] | 1049 |
| tail | 0σ | iid | 0.0% | [0.0%, 3.7%] | 1051 |
| tail | 0σ | iid | 0.0% | [0.0%, 3.7%] | 1049 |
| tail | 0σ | iid | 0.0% | [0.0%, 3.7%] | 1051 |
| tail | 0σ | iid | 0.0% | [0.0%, 3.7%] | 1049 |
| tail | 0σ | iid | 0.0% | [0.0%, 3.7%] | 1051 |
| tail | 0σ | iid | 0.0% | [0.0%, 3.7%] | 1049 |
| tail | 0σ | iid | 0.0% | [0.0%, 3.7%] | 1051 |
| tail | 0σ | iid | 0.0% | [0.0%, 3.7%] | 1049 |
| tail | 0σ | iid | 0.0% | [0.0%, 3.7%] | 1051 |
| tail | 0.2σ | ar1-0.3 | 0.0% | [0.0%, 6.0%] | 1209 |
| tail | 0.2σ | ar1-0.3 | 0.0% | [0.0%, 6.0%] | 1224 |
| tail | 0.2σ | ar1-0.6 | 0.0% | [0.0%, 6.0%] | 1210 |
| tail | 0.2σ | ar1-0.6 | 0.0% | [0.0%, 6.0%] | 1207 |
| tail | 0.2σ | ar1-0.8 | 0.0% | [0.0%, 6.0%] | 1211 |
| tail | 0.2σ | ar1-0.8 | 0.0% | [0.0%, 6.0%] | 1207 |
| tail | 0.2σ | iid | 0.0% | [0.0%, 6.0%] | 1041 |
| tail | 0.2σ | iid | 0.0% | [0.0%, 6.0%] | 1029 |
| tail | 1σ | ar1-0.3 | 100.0% | [94.0%, 100.0%] | 1215 |
| tail | 1σ | ar1-0.3 | 0.0% | [0.0%, 6.0%] | 1215 |
| tail | 1σ | ar1-0.6 | 88.3% | [77.8%, 94.2%] | 1232 |
| tail | 1σ | ar1-0.6 | 0.0% | [0.0%, 6.0%] | 1233 |
| tail | 1σ | ar1-0.8 | 65.0% | [52.4%, 75.8%] | 1219 |
| tail | 1σ | ar1-0.8 | 0.0% | [0.0%, 6.0%] | 1228 |
| tail | 1σ | iid | 100.0% | [94.0%, 100.0%] | 1072 |
| tail | 1σ | iid | 0.0% | [0.0%, 6.0%] | 1075 |
| tail | 2σ | ar1-0.3 | 100.0% | [94.0%, 100.0%] | 1237 |
| tail | 2σ | ar1-0.3 | 0.0% | [0.0%, 6.0%] | 1230 |
| tail | 2σ | ar1-0.6 | 100.0% | [94.0%, 100.0%] | 1245 |
| tail | 2σ | ar1-0.6 | 0.0% | [0.0%, 6.0%] | 1238 |
| tail | 2σ | ar1-0.8 | 100.0% | [94.0%, 100.0%] | 1246 |
| tail | 2σ | ar1-0.8 | 0.0% | [0.0%, 6.0%] | 1241 |
| tail | 2σ | iid | 100.0% | [94.0%, 100.0%] | 1064 |
| tail | 2σ | iid | 0.0% | [0.0%, 6.0%] | 1067 |
| tail | 4σ | ar1-0.3 | 100.0% | [94.0%, 100.0%] | 1250 |
| tail | 4σ | ar1-0.3 | 0.0% | [0.0%, 6.0%] | 1261 |
| tail | 4σ | ar1-0.6 | 100.0% | [94.0%, 100.0%] | 1244 |
| tail | 4σ | ar1-0.6 | 0.0% | [0.0%, 6.0%] | 1241 |
| tail | 4σ | ar1-0.8 | 100.0% | [94.0%, 100.0%] | 1247 |
| tail | 4σ | ar1-0.8 | 0.0% | [0.0%, 6.0%] | 1234 |
| tail | 4σ | iid | 100.0% | [94.0%, 100.0%] | 1072 |
| tail | 4σ | iid | 0.0% | [0.0%, 6.0%] | 1072 |
| tail | 20σ | ar1-0.3 | 8.3% | [3.6%, 18.1%] | 1254 |
| tail | 20σ | ar1-0.3 | 0.0% | [0.0%, 6.0%] | 1262 |
| tail | 20σ | ar1-0.6 | 71.7% | [59.2%, 81.5%] | 1251 |
| tail | 20σ | ar1-0.6 | 0.0% | [0.0%, 6.0%] | 1258 |
| tail | 20σ | ar1-0.8 | 100.0% | [94.0%, 100.0%] | 1232 |
| tail | 20σ | ar1-0.8 | 0.0% | [0.0%, 6.0%] | 1228 |
| tail | 20σ | iid | 6.7% | [2.6%, 15.9%] | 1087 |
| tail | 20σ | iid | 0.0% | [0.0%, 6.0%] | 1089 |


[kl_loose] completed in 254s
[kl_loose] rows=11840 outcomes:    3883 fail    1876 inconclusive    6081 pass 

==========================================
=== Config: kl_strict
=== Env:    TACET_ABLATION_KL_MIN=1.5 
=== Output: /root/bench-results/ablation-v3/kl_strict
==========================================
[ablation] overrides: pi0=None alpha=None beta=None kl_min=Some(1.5) nu_ℓ=None nu_prior=None
=== Timing Tool Benchmark Suite ===

Configuration:
  Preset: medium
  Samples per class: 10000
  Datasets per point: 120
  Effect multipliers: [0.0, 0.2, 1.0, 2.0, 4.0, 20.0]
  Effect patterns: ["shift", "tail"]
  Noise models: ["iid", "ar1-0.3", "ar1-0.6", "ar1-0.8"]
  Mode: synthetic
  Checkpoint: RESUME (loading existing results)
  Tools: ["tacet"]
  Total points: 48
  Total datasets: 5760
  Total tool runs: 5760
  Batched: 12 batches of 500 datasets (~160MB peak memory)

  Resuming: 5760 results loaded from checkpoint

Completed in 258.7s

Raw results already written to: /root/bench-results/ablation-v3/kl_strict/benchmark_results.csv
Wrote summary to: /root/bench-results/ablation-v3/kl_strict/benchmark_summary.csv
Wrote report to: /root/bench-results/ablation-v3/kl_strict/benchmark_report.md

# Benchmark Results (medium)

## Configuration

- **Preset**: medium
- **Samples per class**: 10000
- **Datasets per point**: 120
- **Effect multipliers**: [0.0, 0.2, 1.0, 2.0, 4.0, 20.0]
- **Total execution time**: 258.7s

## False Positive Rate (effect = 0)

| Tool | iid | ar1-0.3 | ar1-0.6 | ar1-0.8 |
|------|--------|--------|--------|--------|
| tacet (θ=0.4ns) | 0.0% ± 1.8% | 0.0% ± 3.0% | 0.0% ± 3.0% | 0.0% ± 3.0% |
| tacet (θ=100ns) | 0.0% ± 1.8% | 0.0% ± 3.0% | 0.0% ± 3.0% | 0.0% ± 3.0% |

## Power (Detection Rate)

| Tool | 0.2σ | 1σ | 2σ | 4σ | 20σ |
|------|------|------|------|------|------|
| tacet (θ=0.4ns) | 100% | 100% | 100% | 100% | 100% |
| tacet (θ=100ns) | 0% | 0% | 0% | 0% | 2% |

## Detailed Results by Tool

### tacet

| Pattern | Effect | Noise | Rate | 95% CI | Time (ms) |
|---------|--------|-------|------|--------|----------|
| shift | 0σ | ar1-0.3 | 0.0% | [0.0%, 6.0%] | 1221 |
| shift | 0σ | ar1-0.3 | 0.0% | [0.0%, 6.0%] | 1221 |
| shift | 0σ | ar1-0.6 | 0.0% | [0.0%, 6.0%] | 1205 |
| shift | 0σ | ar1-0.6 | 0.0% | [0.0%, 6.0%] | 1207 |
| shift | 0σ | ar1-0.8 | 0.0% | [0.0%, 6.0%] | 1214 |
| shift | 0σ | ar1-0.8 | 0.0% | [0.0%, 6.0%] | 1198 |
| shift | 0σ | iid | 0.0% | [0.0%, 3.7%] | 1049 |
| shift | 0σ | iid | 0.0% | [0.0%, 3.7%] | 1052 |
| shift | 0σ | iid | 0.0% | [0.0%, 3.7%] | 1049 |
| shift | 0σ | iid | 0.0% | [0.0%, 3.7%] | 1052 |
| shift | 0σ | iid | 0.0% | [0.0%, 3.7%] | 1049 |
| shift | 0σ | iid | 0.0% | [0.0%, 3.7%] | 1052 |
| shift | 0σ | iid | 0.0% | [0.0%, 3.7%] | 1049 |
| shift | 0σ | iid | 0.0% | [0.0%, 3.7%] | 1052 |
| shift | 0σ | iid | 0.0% | [0.0%, 3.7%] | 1049 |
| shift | 0σ | iid | 0.0% | [0.0%, 3.7%] | 1052 |
| shift | 0.2σ | ar1-0.3 | 38.3% | [27.1%, 51.0%] | 1216 |
| shift | 0.2σ | ar1-0.3 | 0.0% | [0.0%, 6.0%] | 1227 |
| shift | 0.2σ | ar1-0.6 | 3.3% | [0.9%, 11.4%] | 1206 |
| shift | 0.2σ | ar1-0.6 | 0.0% | [0.0%, 6.0%] | 1205 |
| shift | 0.2σ | ar1-0.8 | 1.7% | [0.3%, 8.9%] | 1212 |
| shift | 0.2σ | ar1-0.8 | 0.0% | [0.0%, 6.0%] | 1214 |
| shift | 0.2σ | iid | 100.0% | [94.0%, 100.0%] | 1035 |
| shift | 0.2σ | iid | 0.0% | [0.0%, 6.0%] | 1029 |
| shift | 1σ | ar1-0.3 | 100.0% | [94.0%, 100.0%] | 1215 |
| shift | 1σ | ar1-0.3 | 0.0% | [0.0%, 6.0%] | 1221 |
| shift | 1σ | ar1-0.6 | 100.0% | [94.0%, 100.0%] | 1231 |
| shift | 1σ | ar1-0.6 | 0.0% | [0.0%, 6.0%] | 1221 |
| shift | 1σ | ar1-0.8 | 100.0% | [94.0%, 100.0%] | 1219 |
| shift | 1σ | ar1-0.8 | 0.0% | [0.0%, 6.0%] | 1226 |
| shift | 1σ | iid | 100.0% | [94.0%, 100.0%] | 1055 |
| shift | 1σ | iid | 0.0% | [0.0%, 6.0%] | 1053 |
| shift | 2σ | ar1-0.3 | 100.0% | [94.0%, 100.0%] | 1226 |
| shift | 2σ | ar1-0.3 | 0.0% | [0.0%, 6.0%] | 1233 |
| shift | 2σ | ar1-0.6 | 100.0% | [94.0%, 100.0%] | 1211 |
| shift | 2σ | ar1-0.6 | 0.0% | [0.0%, 6.0%] | 1226 |
| shift | 2σ | ar1-0.8 | 100.0% | [94.0%, 100.0%] | 1231 |
| shift | 2σ | ar1-0.8 | 0.0% | [0.0%, 6.0%] | 1207 |
| shift | 2σ | iid | 100.0% | [94.0%, 100.0%] | 1049 |
| shift | 2σ | iid | 0.0% | [0.0%, 6.0%] | 1053 |
| shift | 4σ | ar1-0.3 | 100.0% | [94.0%, 100.0%] | 1236 |
| shift | 4σ | ar1-0.3 | 0.0% | [0.0%, 6.0%] | 1245 |
| shift | 4σ | ar1-0.6 | 100.0% | [94.0%, 100.0%] | 1244 |
| shift | 4σ | ar1-0.6 | 0.0% | [0.0%, 6.0%] | 1240 |
| shift | 4σ | ar1-0.8 | 100.0% | [94.0%, 100.0%] | 1238 |
| shift | 4σ | ar1-0.8 | 0.0% | [0.0%, 6.0%] | 1236 |
| shift | 4σ | iid | 100.0% | [94.0%, 100.0%] | 1063 |
| shift | 4σ | iid | 0.0% | [0.0%, 6.0%] | 1066 |
| shift | 20σ | ar1-0.3 | 100.0% | [94.0%, 100.0%] | 1340 |
| shift | 20σ | ar1-0.3 | 41.7% | [30.1%, 54.3%] | 1333 |
| shift | 20σ | ar1-0.6 | 100.0% | [94.0%, 100.0%] | 1321 |
| shift | 20σ | ar1-0.6 | 28.3% | [18.5%, 40.8%] | 1326 |
| shift | 20σ | ar1-0.8 | 100.0% | [94.0%, 100.0%] | 1348 |
| shift | 20σ | ar1-0.8 | 16.7% | [9.3%, 28.0%] | 1336 |
| shift | 20σ | iid | 100.0% | [94.0%, 100.0%] | 1113 |
| shift | 20σ | iid | 1.7% | [0.3%, 8.9%] | 1123 |
| tail | 0σ | ar1-0.3 | 0.0% | [0.0%, 6.0%] | 1201 |
| tail | 0σ | ar1-0.3 | 0.0% | [0.0%, 6.0%] | 1195 |
| tail | 0σ | ar1-0.6 | 0.0% | [0.0%, 6.0%] | 1216 |
| tail | 0σ | ar1-0.6 | 0.0% | [0.0%, 6.0%] | 1212 |
| tail | 0σ | ar1-0.8 | 0.0% | [0.0%, 6.0%] | 1201 |
| tail | 0σ | ar1-0.8 | 0.0% | [0.0%, 6.0%] | 1213 |
| tail | 0σ | iid | 0.0% | [0.0%, 3.7%] | 1051 |
| tail | 0σ | iid | 0.0% | [0.0%, 3.7%] | 1034 |
| tail | 0σ | iid | 0.0% | [0.0%, 3.7%] | 1051 |
| tail | 0σ | iid | 0.0% | [0.0%, 3.7%] | 1034 |
| tail | 0σ | iid | 0.0% | [0.0%, 3.7%] | 1051 |
| tail | 0σ | iid | 0.0% | [0.0%, 3.7%] | 1034 |
| tail | 0σ | iid | 0.0% | [0.0%, 3.7%] | 1051 |
| tail | 0σ | iid | 0.0% | [0.0%, 3.7%] | 1034 |
| tail | 0σ | iid | 0.0% | [0.0%, 3.7%] | 1051 |
| tail | 0σ | iid | 0.0% | [0.0%, 3.7%] | 1034 |
| tail | 0.2σ | ar1-0.3 | 0.0% | [0.0%, 6.0%] | 1219 |
| tail | 0.2σ | ar1-0.3 | 0.0% | [0.0%, 6.0%] | 1219 |
| tail | 0.2σ | ar1-0.6 | 0.0% | [0.0%, 6.0%] | 1218 |
| tail | 0.2σ | ar1-0.6 | 0.0% | [0.0%, 6.0%] | 1218 |
| tail | 0.2σ | ar1-0.8 | 0.0% | [0.0%, 6.0%] | 1211 |
| tail | 0.2σ | ar1-0.8 | 0.0% | [0.0%, 6.0%] | 1214 |
| tail | 0.2σ | iid | 0.0% | [0.0%, 6.0%] | 1031 |
| tail | 0.2σ | iid | 0.0% | [0.0%, 6.0%] | 1039 |
| tail | 1σ | ar1-0.3 | 93.3% | [84.1%, 97.4%] | 1211 |
| tail | 1σ | ar1-0.3 | 0.0% | [0.0%, 6.0%] | 1209 |
| tail | 1σ | ar1-0.6 | 36.7% | [25.6%, 49.3%] | 1211 |
| tail | 1σ | ar1-0.6 | 0.0% | [0.0%, 6.0%] | 1209 |
| tail | 1σ | ar1-0.8 | 6.7% | [2.6%, 15.9%] | 1204 |
| tail | 1σ | ar1-0.8 | 0.0% | [0.0%, 6.0%] | 1214 |
| tail | 1σ | iid | 100.0% | [94.0%, 100.0%] | 1077 |
| tail | 1σ | iid | 0.0% | [0.0%, 6.0%] | 1075 |
| tail | 2σ | ar1-0.3 | 100.0% | [94.0%, 100.0%] | 1233 |
| tail | 2σ | ar1-0.3 | 0.0% | [0.0%, 6.0%] | 1237 |
| tail | 2σ | ar1-0.6 | 100.0% | [94.0%, 100.0%] | 1242 |
| tail | 2σ | ar1-0.6 | 0.0% | [0.0%, 6.0%] | 1230 |
| tail | 2σ | ar1-0.8 | 100.0% | [94.0%, 100.0%] | 1238 |
| tail | 2σ | ar1-0.8 | 0.0% | [0.0%, 6.0%] | 1241 |
| tail | 2σ | iid | 100.0% | [94.0%, 100.0%] | 1075 |
| tail | 2σ | iid | 0.0% | [0.0%, 6.0%] | 1076 |
| tail | 4σ | ar1-0.3 | 100.0% | [94.0%, 100.0%] | 1257 |
| tail | 4σ | ar1-0.3 | 0.0% | [0.0%, 6.0%] | 1261 |
| tail | 4σ | ar1-0.6 | 100.0% | [94.0%, 100.0%] | 1247 |
| tail | 4σ | ar1-0.6 | 0.0% | [0.0%, 6.0%] | 1251 |
| tail | 4σ | ar1-0.8 | 100.0% | [94.0%, 100.0%] | 1231 |
| tail | 4σ | ar1-0.8 | 0.0% | [0.0%, 6.0%] | 1231 |
| tail | 4σ | iid | 100.0% | [94.0%, 100.0%] | 1069 |
| tail | 4σ | iid | 0.0% | [0.0%, 6.0%] | 1069 |
| tail | 20σ | ar1-0.3 | 8.3% | [3.6%, 18.1%] | 1256 |
| tail | 20σ | ar1-0.3 | 0.0% | [0.0%, 6.0%] | 1260 |
| tail | 20σ | ar1-0.6 | 71.7% | [59.2%, 81.5%] | 1255 |
| tail | 20σ | ar1-0.6 | 0.0% | [0.0%, 6.0%] | 1259 |
| tail | 20σ | ar1-0.8 | 100.0% | [94.0%, 100.0%] | 1235 |
| tail | 20σ | ar1-0.8 | 0.0% | [0.0%, 6.0%] | 1244 |
| tail | 20σ | iid | 6.7% | [2.6%, 15.9%] | 1072 |
| tail | 20σ | iid | 0.0% | [0.0%, 6.0%] | 1081 |


[kl_strict] completed in 259s
[kl_strict] rows=11840 outcomes:    3636 fail    2123 inconclusive    6081 pass 

==========================================
=== Config: nu_low
=== Env:    TACET_ABLATION_NU_LIKELIHOOD=4 
=== Output: /root/bench-results/ablation-v3/nu_low
==========================================
[ablation] overrides: pi0=None alpha=None beta=None kl_min=None nu_ℓ=Some(4.0) nu_prior=None
=== Timing Tool Benchmark Suite ===

Configuration:
  Preset: medium
  Samples per class: 10000
  Datasets per point: 120
  Effect multipliers: [0.0, 0.2, 1.0, 2.0, 4.0, 20.0]
  Effect patterns: ["shift", "tail"]
  Noise models: ["iid", "ar1-0.3", "ar1-0.6", "ar1-0.8"]
  Mode: synthetic
  Checkpoint: RESUME (loading existing results)
  Tools: ["tacet"]
  Total points: 48
  Total datasets: 5760
  Total tool runs: 5760
  Batched: 12 batches of 500 datasets (~160MB peak memory)

  Resuming: 5760 results loaded from checkpoint

Completed in 258.0s

Raw results already written to: /root/bench-results/ablation-v3/nu_low/benchmark_results.csv
Wrote summary to: /root/bench-results/ablation-v3/nu_low/benchmark_summary.csv
Wrote report to: /root/bench-results/ablation-v3/nu_low/benchmark_report.md

# Benchmark Results (medium)

## Configuration

- **Preset**: medium
- **Samples per class**: 10000
- **Datasets per point**: 120
- **Effect multipliers**: [0.0, 0.2, 1.0, 2.0, 4.0, 20.0]
- **Total execution time**: 258.0s

## False Positive Rate (effect = 0)

| Tool | iid | ar1-0.3 | ar1-0.6 | ar1-0.8 |
|------|--------|--------|--------|--------|
| tacet (θ=0.4ns) | 0.0% ± 1.8% | 0.0% ± 3.0% | 0.0% ± 3.0% | 0.0% ± 3.0% |
| tacet (θ=100ns) | 0.0% ± 1.8% | 0.0% ± 3.0% | 0.0% ± 3.0% | 0.0% ± 3.0% |

## Power (Detection Rate)

| Tool | 0.2σ | 1σ | 2σ | 4σ | 20σ |
|------|------|------|------|------|------|
| tacet (θ=0.4ns) | 100% | 100% | 100% | 100% | 100% |
| tacet (θ=100ns) | 0% | 0% | 0% | 0% | 0% |

## Detailed Results by Tool

### tacet

| Pattern | Effect | Noise | Rate | 95% CI | Time (ms) |
|---------|--------|-------|------|--------|----------|
| shift | 0σ | ar1-0.3 | 0.0% | [0.0%, 6.0%] | 1214 |
| shift | 0σ | ar1-0.3 | 0.0% | [0.0%, 6.0%] | 1198 |
| shift | 0σ | ar1-0.6 | 0.0% | [0.0%, 6.0%] | 1217 |
| shift | 0σ | ar1-0.6 | 0.0% | [0.0%, 6.0%] | 1211 |
| shift | 0σ | ar1-0.8 | 0.0% | [0.0%, 6.0%] | 1199 |
| shift | 0σ | ar1-0.8 | 0.0% | [0.0%, 6.0%] | 1201 |
| shift | 0σ | iid | 0.0% | [0.0%, 3.7%] | 1051 |
| shift | 0σ | iid | 0.0% | [0.0%, 3.7%] | 1046 |
| shift | 0σ | iid | 0.0% | [0.0%, 3.7%] | 1051 |
| shift | 0σ | iid | 0.0% | [0.0%, 3.7%] | 1046 |
| shift | 0σ | iid | 0.0% | [0.0%, 3.7%] | 1051 |
| shift | 0σ | iid | 0.0% | [0.0%, 3.7%] | 1046 |
| shift | 0σ | iid | 0.0% | [0.0%, 3.7%] | 1051 |
| shift | 0σ | iid | 0.0% | [0.0%, 3.7%] | 1046 |
| shift | 0σ | iid | 0.0% | [0.0%, 3.7%] | 1051 |
| shift | 0σ | iid | 0.0% | [0.0%, 3.7%] | 1046 |
| shift | 0.2σ | ar1-0.3 | 58.3% | [45.7%, 69.9%] | 1206 |
| shift | 0.2σ | ar1-0.3 | 0.0% | [0.0%, 6.0%] | 1218 |
| shift | 0.2σ | ar1-0.6 | 23.3% | [14.4%, 35.4%] | 1220 |
| shift | 0.2σ | ar1-0.6 | 0.0% | [0.0%, 6.0%] | 1210 |
| shift | 0.2σ | ar1-0.8 | 1.7% | [0.3%, 8.9%] | 1213 |
| shift | 0.2σ | ar1-0.8 | 0.0% | [0.0%, 6.0%] | 1203 |
| shift | 0.2σ | iid | 100.0% | [94.0%, 100.0%] | 1051 |
| shift | 0.2σ | iid | 0.0% | [0.0%, 6.0%] | 1050 |
| shift | 1σ | ar1-0.3 | 100.0% | [94.0%, 100.0%] | 1228 |
| shift | 1σ | ar1-0.3 | 0.0% | [0.0%, 6.0%] | 1224 |
| shift | 1σ | ar1-0.6 | 100.0% | [94.0%, 100.0%] | 1220 |
| shift | 1σ | ar1-0.6 | 0.0% | [0.0%, 6.0%] | 1211 |
| shift | 1σ | ar1-0.8 | 100.0% | [94.0%, 100.0%] | 1220 |
| shift | 1σ | ar1-0.8 | 0.0% | [0.0%, 6.0%] | 1219 |
| shift | 1σ | iid | 100.0% | [94.0%, 100.0%] | 1052 |
| shift | 1σ | iid | 0.0% | [0.0%, 6.0%] | 1060 |
| shift | 2σ | ar1-0.3 | 100.0% | [94.0%, 100.0%] | 1226 |
| shift | 2σ | ar1-0.3 | 0.0% | [0.0%, 6.0%] | 1233 |
| shift | 2σ | ar1-0.6 | 100.0% | [94.0%, 100.0%] | 1207 |
| shift | 2σ | ar1-0.6 | 0.0% | [0.0%, 6.0%] | 1209 |
| shift | 2σ | ar1-0.8 | 100.0% | [94.0%, 100.0%] | 1227 |
| shift | 2σ | ar1-0.8 | 0.0% | [0.0%, 6.0%] | 1233 |
| shift | 2σ | iid | 100.0% | [94.0%, 100.0%] | 1044 |
| shift | 2σ | iid | 0.0% | [0.0%, 6.0%] | 1054 |
| shift | 4σ | ar1-0.3 | 100.0% | [94.0%, 100.0%] | 1239 |
| shift | 4σ | ar1-0.3 | 0.0% | [0.0%, 6.0%] | 1245 |
| shift | 4σ | ar1-0.6 | 100.0% | [94.0%, 100.0%] | 1227 |
| shift | 4σ | ar1-0.6 | 0.0% | [0.0%, 6.0%] | 1243 |
| shift | 4σ | ar1-0.8 | 98.3% | [91.1%, 99.7%] | 1244 |
| shift | 4σ | ar1-0.8 | 0.0% | [0.0%, 6.0%] | 1245 |
| shift | 4σ | iid | 100.0% | [94.0%, 100.0%] | 1070 |
| shift | 4σ | iid | 0.0% | [0.0%, 6.0%] | 1066 |
| shift | 20σ | ar1-0.3 | 100.0% | [94.0%, 100.0%] | 1339 |
| shift | 20σ | ar1-0.3 | 28.3% | [18.5%, 40.8%] | 1313 |
| shift | 20σ | ar1-0.6 | 100.0% | [94.0%, 100.0%] | 1328 |
| shift | 20σ | ar1-0.6 | 13.3% | [6.9%, 24.2%] | 1333 |
| shift | 20σ | ar1-0.8 | 100.0% | [94.0%, 100.0%] | 1330 |
| shift | 20σ | ar1-0.8 | 8.3% | [3.6%, 18.1%] | 1326 |
| shift | 20σ | iid | 100.0% | [94.0%, 100.0%] | 1126 |
| shift | 20σ | iid | 0.0% | [0.0%, 6.0%] | 1125 |
| tail | 0σ | ar1-0.3 | 0.0% | [0.0%, 6.0%] | 1200 |
| tail | 0σ | ar1-0.3 | 0.0% | [0.0%, 6.0%] | 1195 |
| tail | 0σ | ar1-0.6 | 0.0% | [0.0%, 6.0%] | 1217 |
| tail | 0σ | ar1-0.6 | 0.0% | [0.0%, 6.0%] | 1220 |
| tail | 0σ | ar1-0.8 | 0.0% | [0.0%, 6.0%] | 1216 |
| tail | 0σ | ar1-0.8 | 0.0% | [0.0%, 6.0%] | 1196 |
| tail | 0σ | iid | 0.0% | [0.0%, 3.7%] | 1046 |
| tail | 0σ | iid | 0.0% | [0.0%, 3.7%] | 1046 |
| tail | 0σ | iid | 0.0% | [0.0%, 3.7%] | 1046 |
| tail | 0σ | iid | 0.0% | [0.0%, 3.7%] | 1046 |
| tail | 0σ | iid | 0.0% | [0.0%, 3.7%] | 1046 |
| tail | 0σ | iid | 0.0% | [0.0%, 3.7%] | 1046 |
| tail | 0σ | iid | 0.0% | [0.0%, 3.7%] | 1046 |
| tail | 0σ | iid | 0.0% | [0.0%, 3.7%] | 1046 |
| tail | 0σ | iid | 0.0% | [0.0%, 3.7%] | 1046 |
| tail | 0σ | iid | 0.0% | [0.0%, 3.7%] | 1046 |
| tail | 0.2σ | ar1-0.3 | 0.0% | [0.0%, 6.0%] | 1215 |
| tail | 0.2σ | ar1-0.3 | 0.0% | [0.0%, 6.0%] | 1223 |
| tail | 0.2σ | ar1-0.6 | 0.0% | [0.0%, 6.0%] | 1215 |
| tail | 0.2σ | ar1-0.6 | 0.0% | [0.0%, 6.0%] | 1209 |
| tail | 0.2σ | ar1-0.8 | 0.0% | [0.0%, 6.0%] | 1212 |
| tail | 0.2σ | ar1-0.8 | 0.0% | [0.0%, 6.0%] | 1205 |
| tail | 0.2σ | iid | 0.0% | [0.0%, 6.0%] | 1045 |
| tail | 0.2σ | iid | 0.0% | [0.0%, 6.0%] | 1042 |
| tail | 1σ | ar1-0.3 | 96.7% | [88.6%, 99.1%] | 1208 |
| tail | 1σ | ar1-0.3 | 0.0% | [0.0%, 6.0%] | 1216 |
| tail | 1σ | ar1-0.6 | 81.7% | [70.1%, 89.4%] | 1225 |
| tail | 1σ | ar1-0.6 | 0.0% | [0.0%, 6.0%] | 1226 |
| tail | 1σ | ar1-0.8 | 20.0% | [11.8%, 31.8%] | 1228 |
| tail | 1σ | ar1-0.8 | 0.0% | [0.0%, 6.0%] | 1221 |
| tail | 1σ | iid | 100.0% | [94.0%, 100.0%] | 1081 |
| tail | 1σ | iid | 0.0% | [0.0%, 6.0%] | 1085 |
| tail | 2σ | ar1-0.3 | 100.0% | [94.0%, 100.0%] | 1245 |
| tail | 2σ | ar1-0.3 | 0.0% | [0.0%, 6.0%] | 1249 |
| tail | 2σ | ar1-0.6 | 100.0% | [94.0%, 100.0%] | 1227 |
| tail | 2σ | ar1-0.6 | 0.0% | [0.0%, 6.0%] | 1222 |
| tail | 2σ | ar1-0.8 | 100.0% | [94.0%, 100.0%] | 1248 |
| tail | 2σ | ar1-0.8 | 0.0% | [0.0%, 6.0%] | 1247 |
| tail | 2σ | iid | 100.0% | [94.0%, 100.0%] | 1085 |
| tail | 2σ | iid | 0.0% | [0.0%, 6.0%] | 1078 |
| tail | 4σ | ar1-0.3 | 100.0% | [94.0%, 100.0%] | 1264 |
| tail | 4σ | ar1-0.3 | 0.0% | [0.0%, 6.0%] | 1254 |
| tail | 4σ | ar1-0.6 | 100.0% | [94.0%, 100.0%] | 1238 |
| tail | 4σ | ar1-0.6 | 0.0% | [0.0%, 6.0%] | 1249 |
| tail | 4σ | ar1-0.8 | 100.0% | [94.0%, 100.0%] | 1233 |
| tail | 4σ | ar1-0.8 | 0.0% | [0.0%, 6.0%] | 1231 |
| tail | 4σ | iid | 100.0% | [94.0%, 100.0%] | 1063 |
| tail | 4σ | iid | 0.0% | [0.0%, 6.0%] | 1065 |
| tail | 20σ | ar1-0.3 | 0.0% | [0.0%, 6.0%] | 1253 |
| tail | 20σ | ar1-0.3 | 0.0% | [0.0%, 6.0%] | 1248 |
| tail | 20σ | ar1-0.6 | 0.0% | [0.0%, 6.0%] | 1262 |
| tail | 20σ | ar1-0.6 | 0.0% | [0.0%, 6.0%] | 1259 |
| tail | 20σ | ar1-0.8 | 0.0% | [0.0%, 6.0%] | 1252 |
| tail | 20σ | ar1-0.8 | 0.0% | [0.0%, 6.0%] | 1246 |
| tail | 20σ | iid | 0.0% | [0.0%, 6.0%] | 1074 |
| tail | 20σ | iid | 0.0% | [0.0%, 6.0%] | 1069 |


[nu_low] completed in 258s
[nu_low] rows=11840 outcomes:    3501 fail    2301 inconclusive    6038 pass 

==========================================
=== Config: nu_high
=== Env:    TACET_ABLATION_NU_LIKELIHOOD=16 
=== Output: /root/bench-results/ablation-v3/nu_high
==========================================
[ablation] overrides: pi0=None alpha=None beta=None kl_min=None nu_ℓ=Some(16.0) nu_prior=None
=== Timing Tool Benchmark Suite ===

Configuration:
  Preset: medium
  Samples per class: 10000
  Datasets per point: 120
  Effect multipliers: [0.0, 0.2, 1.0, 2.0, 4.0, 20.0]
  Effect patterns: ["shift", "tail"]
  Noise models: ["iid", "ar1-0.3", "ar1-0.6", "ar1-0.8"]
  Mode: synthetic
  Checkpoint: RESUME (loading existing results)
  Tools: ["tacet"]
  Total points: 48
  Total datasets: 5760
  Total tool runs: 5760
  Batched: 12 batches of 500 datasets (~160MB peak memory)

  Resuming: 5760 results loaded from checkpoint

Completed in 258.6s

Raw results already written to: /root/bench-results/ablation-v3/nu_high/benchmark_results.csv
Wrote summary to: /root/bench-results/ablation-v3/nu_high/benchmark_summary.csv
Wrote report to: /root/bench-results/ablation-v3/nu_high/benchmark_report.md

# Benchmark Results (medium)

## Configuration

- **Preset**: medium
- **Samples per class**: 10000
- **Datasets per point**: 120
- **Effect multipliers**: [0.0, 0.2, 1.0, 2.0, 4.0, 20.0]
- **Total execution time**: 258.6s

## False Positive Rate (effect = 0)

| Tool | iid | ar1-0.3 | ar1-0.6 | ar1-0.8 |
|------|--------|--------|--------|--------|
| tacet (θ=0.4ns) | 0.0% ± 1.8% | 0.0% ± 3.0% | 0.0% ± 3.0% | 0.0% ± 3.0% |
| tacet (θ=100ns) | 0.0% ± 1.8% | 0.0% ± 3.0% | 0.0% ± 3.0% | 0.0% ± 3.0% |

## Power (Detection Rate)

| Tool | 0.2σ | 1σ | 2σ | 4σ | 20σ |
|------|------|------|------|------|------|
| tacet (θ=0.4ns) | 100% | 100% | 100% | 100% | 100% |
| tacet (θ=100ns) | 0% | 0% | 0% | 0% | 2% |

## Detailed Results by Tool

### tacet

| Pattern | Effect | Noise | Rate | 95% CI | Time (ms) |
|---------|--------|-------|------|--------|----------|
| shift | 0σ | ar1-0.3 | 0.0% | [0.0%, 6.0%] | 1220 |
| shift | 0σ | ar1-0.3 | 0.0% | [0.0%, 6.0%] | 1217 |
| shift | 0σ | ar1-0.6 | 0.0% | [0.0%, 6.0%] | 1223 |
| shift | 0σ | ar1-0.6 | 0.0% | [0.0%, 6.0%] | 1211 |
| shift | 0σ | ar1-0.8 | 0.0% | [0.0%, 6.0%] | 1210 |
| shift | 0σ | ar1-0.8 | 0.0% | [0.0%, 6.0%] | 1217 |
| shift | 0σ | iid | 0.0% | [0.0%, 3.7%] | 1049 |
| shift | 0σ | iid | 0.0% | [0.0%, 3.7%] | 1053 |
| shift | 0σ | iid | 0.0% | [0.0%, 3.7%] | 1049 |
| shift | 0σ | iid | 0.0% | [0.0%, 3.7%] | 1053 |
| shift | 0σ | iid | 0.0% | [0.0%, 3.7%] | 1049 |
| shift | 0σ | iid | 0.0% | [0.0%, 3.7%] | 1053 |
| shift | 0σ | iid | 0.0% | [0.0%, 3.7%] | 1049 |
| shift | 0σ | iid | 0.0% | [0.0%, 3.7%] | 1053 |
| shift | 0σ | iid | 0.0% | [0.0%, 3.7%] | 1049 |
| shift | 0σ | iid | 0.0% | [0.0%, 3.7%] | 1053 |
| shift | 0.2σ | ar1-0.3 | 76.7% | [64.6%, 85.6%] | 1202 |
| shift | 0.2σ | ar1-0.3 | 0.0% | [0.0%, 6.0%] | 1200 |
| shift | 0.2σ | ar1-0.6 | 58.3% | [45.7%, 69.9%] | 1214 |
| shift | 0.2σ | ar1-0.6 | 0.0% | [0.0%, 6.0%] | 1220 |
| shift | 0.2σ | ar1-0.8 | 23.3% | [14.4%, 35.4%] | 1218 |
| shift | 0.2σ | ar1-0.8 | 0.0% | [0.0%, 6.0%] | 1222 |
| shift | 0.2σ | iid | 100.0% | [94.0%, 100.0%] | 1050 |
| shift | 0.2σ | iid | 0.0% | [0.0%, 6.0%] | 1050 |
| shift | 1σ | ar1-0.3 | 100.0% | [94.0%, 100.0%] | 1208 |
| shift | 1σ | ar1-0.3 | 0.0% | [0.0%, 6.0%] | 1213 |
| shift | 1σ | ar1-0.6 | 100.0% | [94.0%, 100.0%] | 1224 |
| shift | 1σ | ar1-0.6 | 0.0% | [0.0%, 6.0%] | 1225 |
| shift | 1σ | ar1-0.8 | 100.0% | [94.0%, 100.0%] | 1208 |
| shift | 1σ | ar1-0.8 | 0.0% | [0.0%, 6.0%] | 1217 |
| shift | 1σ | iid | 100.0% | [94.0%, 100.0%] | 1045 |
| shift | 1σ | iid | 0.0% | [0.0%, 6.0%] | 1048 |
| shift | 2σ | ar1-0.3 | 100.0% | [94.0%, 100.0%] | 1234 |
| shift | 2σ | ar1-0.3 | 0.0% | [0.0%, 6.0%] | 1218 |
| shift | 2σ | ar1-0.6 | 100.0% | [94.0%, 100.0%] | 1228 |
| shift | 2σ | ar1-0.6 | 0.0% | [0.0%, 6.0%] | 1222 |
| shift | 2σ | ar1-0.8 | 100.0% | [94.0%, 100.0%] | 1229 |
| shift | 2σ | ar1-0.8 | 0.0% | [0.0%, 6.0%] | 1223 |
| shift | 2σ | iid | 100.0% | [94.0%, 100.0%] | 1053 |
| shift | 2σ | iid | 0.0% | [0.0%, 6.0%] | 1057 |
| shift | 4σ | ar1-0.3 | 100.0% | [94.0%, 100.0%] | 1233 |
| shift | 4σ | ar1-0.3 | 0.0% | [0.0%, 6.0%] | 1248 |
| shift | 4σ | ar1-0.6 | 100.0% | [94.0%, 100.0%] | 1241 |
| shift | 4σ | ar1-0.6 | 0.0% | [0.0%, 6.0%] | 1241 |
| shift | 4σ | ar1-0.8 | 100.0% | [94.0%, 100.0%] | 1222 |
| shift | 4σ | ar1-0.8 | 0.0% | [0.0%, 6.0%] | 1224 |
| shift | 4σ | iid | 100.0% | [94.0%, 100.0%] | 1068 |
| shift | 4σ | iid | 0.0% | [0.0%, 6.0%] | 1067 |
| shift | 20σ | ar1-0.3 | 100.0% | [94.0%, 100.0%] | 1329 |
| shift | 20σ | ar1-0.3 | 45.0% | [33.1%, 57.5%] | 1337 |
| shift | 20σ | ar1-0.6 | 100.0% | [94.0%, 100.0%] | 1317 |
| shift | 20σ | ar1-0.6 | 33.3% | [22.7%, 45.9%] | 1329 |
| shift | 20σ | ar1-0.8 | 100.0% | [94.0%, 100.0%] | 1336 |
| shift | 20σ | ar1-0.8 | 20.0% | [11.8%, 31.8%] | 1336 |
| shift | 20σ | iid | 100.0% | [94.0%, 100.0%] | 1120 |
| shift | 20σ | iid | 1.7% | [0.3%, 8.9%] | 1123 |
| tail | 0σ | ar1-0.3 | 0.0% | [0.0%, 6.0%] | 1201 |
| tail | 0σ | ar1-0.3 | 0.0% | [0.0%, 6.0%] | 1207 |
| tail | 0σ | ar1-0.6 | 0.0% | [0.0%, 6.0%] | 1222 |
| tail | 0σ | ar1-0.6 | 0.0% | [0.0%, 6.0%] | 1219 |
| tail | 0σ | ar1-0.8 | 0.0% | [0.0%, 6.0%] | 1213 |
| tail | 0σ | ar1-0.8 | 0.0% | [0.0%, 6.0%] | 1217 |
| tail | 0σ | iid | 0.0% | [0.0%, 3.7%] | 1047 |
| tail | 0σ | iid | 0.0% | [0.0%, 3.7%] | 1045 |
| tail | 0σ | iid | 0.0% | [0.0%, 3.7%] | 1047 |
| tail | 0σ | iid | 0.0% | [0.0%, 3.7%] | 1045 |
| tail | 0σ | iid | 0.0% | [0.0%, 3.7%] | 1047 |
| tail | 0σ | iid | 0.0% | [0.0%, 3.7%] | 1045 |
| tail | 0σ | iid | 0.0% | [0.0%, 3.7%] | 1047 |
| tail | 0σ | iid | 0.0% | [0.0%, 3.7%] | 1045 |
| tail | 0σ | iid | 0.0% | [0.0%, 3.7%] | 1047 |
| tail | 0σ | iid | 0.0% | [0.0%, 3.7%] | 1045 |
| tail | 0.2σ | ar1-0.3 | 0.0% | [0.0%, 6.0%] | 1212 |
| tail | 0.2σ | ar1-0.3 | 0.0% | [0.0%, 6.0%] | 1206 |
| tail | 0.2σ | ar1-0.6 | 0.0% | [0.0%, 6.0%] | 1217 |
| tail | 0.2σ | ar1-0.6 | 0.0% | [0.0%, 6.0%] | 1219 |
| tail | 0.2σ | ar1-0.8 | 0.0% | [0.0%, 6.0%] | 1220 |
| tail | 0.2σ | ar1-0.8 | 0.0% | [0.0%, 6.0%] | 1224 |
| tail | 0.2σ | iid | 0.0% | [0.0%, 6.0%] | 1048 |
| tail | 0.2σ | iid | 0.0% | [0.0%, 6.0%] | 1040 |
| tail | 1σ | ar1-0.3 | 100.0% | [94.0%, 100.0%] | 1229 |
| tail | 1σ | ar1-0.3 | 0.0% | [0.0%, 6.0%] | 1226 |
| tail | 1σ | ar1-0.6 | 93.3% | [84.1%, 97.4%] | 1228 |
| tail | 1σ | ar1-0.6 | 0.0% | [0.0%, 6.0%] | 1228 |
| tail | 1σ | ar1-0.8 | 78.3% | [66.4%, 86.9%] | 1225 |
| tail | 1σ | ar1-0.8 | 0.0% | [0.0%, 6.0%] | 1216 |
| tail | 1σ | iid | 100.0% | [94.0%, 100.0%] | 1074 |
| tail | 1σ | iid | 0.0% | [0.0%, 6.0%] | 1076 |
| tail | 2σ | ar1-0.3 | 100.0% | [94.0%, 100.0%] | 1248 |
| tail | 2σ | ar1-0.3 | 0.0% | [0.0%, 6.0%] | 1254 |
| tail | 2σ | ar1-0.6 | 100.0% | [94.0%, 100.0%] | 1231 |
| tail | 2σ | ar1-0.6 | 0.0% | [0.0%, 6.0%] | 1249 |
| tail | 2σ | ar1-0.8 | 100.0% | [94.0%, 100.0%] | 1248 |
| tail | 2σ | ar1-0.8 | 0.0% | [0.0%, 6.0%] | 1236 |
| tail | 2σ | iid | 100.0% | [94.0%, 100.0%] | 1081 |
| tail | 2σ | iid | 0.0% | [0.0%, 6.0%] | 1074 |
| tail | 4σ | ar1-0.3 | 100.0% | [94.0%, 100.0%] | 1238 |
| tail | 4σ | ar1-0.3 | 0.0% | [0.0%, 6.0%] | 1259 |
| tail | 4σ | ar1-0.6 | 100.0% | [94.0%, 100.0%] | 1247 |
| tail | 4σ | ar1-0.6 | 0.0% | [0.0%, 6.0%] | 1233 |
| tail | 4σ | ar1-0.8 | 100.0% | [94.0%, 100.0%] | 1248 |
| tail | 4σ | ar1-0.8 | 0.0% | [0.0%, 6.0%] | 1244 |
| tail | 4σ | iid | 100.0% | [94.0%, 100.0%] | 1074 |
| tail | 4σ | iid | 0.0% | [0.0%, 6.0%] | 1076 |
| tail | 20σ | ar1-0.3 | 100.0% | [94.0%, 100.0%] | 1263 |
| tail | 20σ | ar1-0.3 | 0.0% | [0.0%, 6.0%] | 1267 |
| tail | 20σ | ar1-0.6 | 100.0% | [94.0%, 100.0%] | 1260 |
| tail | 20σ | ar1-0.6 | 0.0% | [0.0%, 6.0%] | 1256 |
| tail | 20σ | ar1-0.8 | 100.0% | [94.0%, 100.0%] | 1233 |
| tail | 20σ | ar1-0.8 | 0.0% | [0.0%, 6.0%] | 1244 |
| tail | 20σ | iid | 100.0% | [94.0%, 100.0%] | 1081 |
| tail | 20σ | iid | 0.0% | [0.0%, 6.0%] | 1082 |


[nu_high] completed in 259s
[nu_high] rows=11840 outcomes:    4197 fail    1550 inconclusive    6093 pass 

==========================================
=== Config: nu_ell_extreme
=== Env:    TACET_ABLATION_NU_LIKELIHOOD=2.5 
=== Output: /root/bench-results/ablation-v3/nu_ell_extreme
==========================================
[ablation] overrides: pi0=None alpha=None beta=None kl_min=None nu_ℓ=Some(2.5) nu_prior=None
=== Timing Tool Benchmark Suite ===

Configuration:
  Preset: medium
  Samples per class: 10000
  Datasets per point: 120
  Effect multipliers: [0.0, 0.2, 1.0, 2.0, 4.0, 20.0]
  Effect patterns: ["shift", "tail"]
  Noise models: ["iid", "ar1-0.3", "ar1-0.6", "ar1-0.8"]
  Mode: synthetic
  Checkpoint: RESUME (loading existing results)
  Tools: ["tacet"]
  Total points: 48
  Total datasets: 5760
  Total tool runs: 5760
  Batched: 12 batches of 500 datasets (~160MB peak memory)

  Resuming: 5760 results loaded from checkpoint

Completed in 258.2s

Raw results already written to: /root/bench-results/ablation-v3/nu_ell_extreme/benchmark_results.csv
Wrote summary to: /root/bench-results/ablation-v3/nu_ell_extreme/benchmark_summary.csv
Wrote report to: /root/bench-results/ablation-v3/nu_ell_extreme/benchmark_report.md

# Benchmark Results (medium)

## Configuration

- **Preset**: medium
- **Samples per class**: 10000
- **Datasets per point**: 120
- **Effect multipliers**: [0.0, 0.2, 1.0, 2.0, 4.0, 20.0]
- **Total execution time**: 258.2s

## False Positive Rate (effect = 0)

| Tool | iid | ar1-0.3 | ar1-0.6 | ar1-0.8 |
|------|--------|--------|--------|--------|
| tacet (θ=0.4ns) | 0.0% ± 1.8% | 0.0% ± 3.0% | 0.0% ± 3.0% | 0.0% ± 3.0% |
| tacet (θ=100ns) | 0.0% ± 1.8% | 0.0% ± 3.0% | 0.0% ± 3.0% | 0.0% ± 3.0% |

## Power (Detection Rate)

| Tool | 0.2σ | 1σ | 2σ | 4σ | 20σ |
|------|------|------|------|------|------|
| tacet (θ=0.4ns) | 100% | 100% | 100% | 18% | 100% |
| tacet (θ=100ns) | 0% | 0% | 0% | 0% | 0% |

## Detailed Results by Tool

### tacet

| Pattern | Effect | Noise | Rate | 95% CI | Time (ms) |
|---------|--------|-------|------|--------|----------|
| shift | 0σ | ar1-0.3 | 0.0% | [0.0%, 6.0%] | 1219 |
| shift | 0σ | ar1-0.3 | 0.0% | [0.0%, 6.0%] | 1221 |
| shift | 0σ | ar1-0.6 | 0.0% | [0.0%, 6.0%] | 1216 |
| shift | 0σ | ar1-0.6 | 0.0% | [0.0%, 6.0%] | 1203 |
| shift | 0σ | ar1-0.8 | 0.0% | [0.0%, 6.0%] | 1215 |
| shift | 0σ | ar1-0.8 | 0.0% | [0.0%, 6.0%] | 1217 |
| shift | 0σ | iid | 0.0% | [0.0%, 3.7%] | 1047 |
| shift | 0σ | iid | 0.0% | [0.0%, 3.7%] | 1043 |
| shift | 0σ | iid | 0.0% | [0.0%, 3.7%] | 1047 |
| shift | 0σ | iid | 0.0% | [0.0%, 3.7%] | 1043 |
| shift | 0σ | iid | 0.0% | [0.0%, 3.7%] | 1047 |
| shift | 0σ | iid | 0.0% | [0.0%, 3.7%] | 1043 |
| shift | 0σ | iid | 0.0% | [0.0%, 3.7%] | 1047 |
| shift | 0σ | iid | 0.0% | [0.0%, 3.7%] | 1043 |
| shift | 0σ | iid | 0.0% | [0.0%, 3.7%] | 1047 |
| shift | 0σ | iid | 0.0% | [0.0%, 3.7%] | 1043 |
| shift | 0.2σ | ar1-0.3 | 33.3% | [22.7%, 45.9%] | 1221 |
| shift | 0.2σ | ar1-0.3 | 0.0% | [0.0%, 6.0%] | 1223 |
| shift | 0.2σ | ar1-0.6 | 1.7% | [0.3%, 8.9%] | 1202 |
| shift | 0.2σ | ar1-0.6 | 0.0% | [0.0%, 6.0%] | 1210 |
| shift | 0.2σ | ar1-0.8 | 0.0% | [0.0%, 6.0%] | 1216 |
| shift | 0.2σ | ar1-0.8 | 0.0% | [0.0%, 6.0%] | 1217 |
| shift | 0.2σ | iid | 100.0% | [94.0%, 100.0%] | 1040 |
| shift | 0.2σ | iid | 0.0% | [0.0%, 6.0%] | 1046 |
| shift | 1σ | ar1-0.3 | 100.0% | [94.0%, 100.0%] | 1210 |
| shift | 1σ | ar1-0.3 | 0.0% | [0.0%, 6.0%] | 1229 |
| shift | 1σ | ar1-0.6 | 35.0% | [24.2%, 47.6%] | 1234 |
| shift | 1σ | ar1-0.6 | 0.0% | [0.0%, 6.0%] | 1230 |
| shift | 1σ | ar1-0.8 | 0.0% | [0.0%, 6.0%] | 1215 |
| shift | 1σ | ar1-0.8 | 0.0% | [0.0%, 6.0%] | 1218 |
| shift | 1σ | iid | 100.0% | [94.0%, 100.0%] | 1042 |
| shift | 1σ | iid | 0.0% | [0.0%, 6.0%] | 1039 |
| shift | 2σ | ar1-0.3 | 8.3% | [3.6%, 18.1%] | 1239 |
| shift | 2σ | ar1-0.3 | 0.0% | [0.0%, 6.0%] | 1217 |
| shift | 2σ | ar1-0.6 | 0.0% | [0.0%, 6.0%] | 1213 |
| shift | 2σ | ar1-0.6 | 0.0% | [0.0%, 6.0%] | 1226 |
| shift | 2σ | ar1-0.8 | 0.0% | [0.0%, 6.0%] | 1205 |
| shift | 2σ | ar1-0.8 | 0.0% | [0.0%, 6.0%] | 1220 |
| shift | 2σ | iid | 100.0% | [94.0%, 100.0%] | 1059 |
| shift | 2σ | iid | 0.0% | [0.0%, 6.0%] | 1054 |
| shift | 4σ | ar1-0.3 | 0.0% | [0.0%, 6.0%] | 1224 |
| shift | 4σ | ar1-0.3 | 0.0% | [0.0%, 6.0%] | 1234 |
| shift | 4σ | ar1-0.6 | 0.0% | [0.0%, 6.0%] | 1241 |
| shift | 4σ | ar1-0.6 | 0.0% | [0.0%, 6.0%] | 1247 |
| shift | 4σ | ar1-0.8 | 0.0% | [0.0%, 6.0%] | 1235 |
| shift | 4σ | ar1-0.8 | 0.0% | [0.0%, 6.0%] | 1229 |
| shift | 4σ | iid | 18.3% | [10.6%, 29.9%] | 1057 |
| shift | 4σ | iid | 0.0% | [0.0%, 6.0%] | 1066 |
| shift | 20σ | ar1-0.3 | 100.0% | [94.0%, 100.0%] | 1338 |
| shift | 20σ | ar1-0.3 | 15.0% | [8.1%, 26.1%] | 1336 |
| shift | 20σ | ar1-0.6 | 43.3% | [31.6%, 55.9%] | 1312 |
| shift | 20σ | ar1-0.6 | 8.3% | [3.6%, 18.1%] | 1334 |
| shift | 20σ | ar1-0.8 | 15.0% | [8.1%, 26.1%] | 1335 |
| shift | 20σ | ar1-0.8 | 3.3% | [0.9%, 11.4%] | 1333 |
| shift | 20σ | iid | 100.0% | [94.0%, 100.0%] | 1110 |
| shift | 20σ | iid | 0.0% | [0.0%, 6.0%] | 1110 |
| tail | 0σ | ar1-0.3 | 0.0% | [0.0%, 6.0%] | 1205 |
| tail | 0σ | ar1-0.3 | 0.0% | [0.0%, 6.0%] | 1215 |
| tail | 0σ | ar1-0.6 | 0.0% | [0.0%, 6.0%] | 1207 |
| tail | 0σ | ar1-0.6 | 0.0% | [0.0%, 6.0%] | 1212 |
| tail | 0σ | ar1-0.8 | 0.0% | [0.0%, 6.0%] | 1199 |
| tail | 0σ | ar1-0.8 | 0.0% | [0.0%, 6.0%] | 1212 |
| tail | 0σ | iid | 0.0% | [0.0%, 3.7%] | 1052 |
| tail | 0σ | iid | 0.0% | [0.0%, 3.7%] | 1051 |
| tail | 0σ | iid | 0.0% | [0.0%, 3.7%] | 1052 |
| tail | 0σ | iid | 0.0% | [0.0%, 3.7%] | 1051 |
| tail | 0σ | iid | 0.0% | [0.0%, 3.7%] | 1052 |
| tail | 0σ | iid | 0.0% | [0.0%, 3.7%] | 1051 |
| tail | 0σ | iid | 0.0% | [0.0%, 3.7%] | 1052 |
| tail | 0σ | iid | 0.0% | [0.0%, 3.7%] | 1051 |
| tail | 0σ | iid | 0.0% | [0.0%, 3.7%] | 1052 |
| tail | 0σ | iid | 0.0% | [0.0%, 3.7%] | 1051 |
| tail | 0.2σ | ar1-0.3 | 0.0% | [0.0%, 6.0%] | 1221 |
| tail | 0.2σ | ar1-0.3 | 0.0% | [0.0%, 6.0%] | 1222 |
| tail | 0.2σ | ar1-0.6 | 0.0% | [0.0%, 6.0%] | 1214 |
| tail | 0.2σ | ar1-0.6 | 0.0% | [0.0%, 6.0%] | 1208 |
| tail | 0.2σ | ar1-0.8 | 0.0% | [0.0%, 6.0%] | 1198 |
| tail | 0.2σ | ar1-0.8 | 0.0% | [0.0%, 6.0%] | 1194 |
| tail | 0.2σ | iid | 0.0% | [0.0%, 6.0%] | 1038 |
| tail | 0.2σ | iid | 0.0% | [0.0%, 6.0%] | 1037 |
| tail | 1σ | ar1-0.3 | 88.3% | [77.8%, 94.2%] | 1233 |
| tail | 1σ | ar1-0.3 | 0.0% | [0.0%, 6.0%] | 1231 |
| tail | 1σ | ar1-0.6 | 33.3% | [22.7%, 45.9%] | 1214 |
| tail | 1σ | ar1-0.6 | 0.0% | [0.0%, 6.0%] | 1209 |
| tail | 1σ | ar1-0.8 | 1.7% | [0.3%, 8.9%] | 1227 |
| tail | 1σ | ar1-0.8 | 0.0% | [0.0%, 6.0%] | 1216 |
| tail | 1σ | iid | 100.0% | [94.0%, 100.0%] | 1075 |
| tail | 1σ | iid | 0.0% | [0.0%, 6.0%] | 1067 |
| tail | 2σ | ar1-0.3 | 100.0% | [94.0%, 100.0%] | 1251 |
| tail | 2σ | ar1-0.3 | 0.0% | [0.0%, 6.0%] | 1250 |
| tail | 2σ | ar1-0.6 | 100.0% | [94.0%, 100.0%] | 1249 |
| tail | 2σ | ar1-0.6 | 0.0% | [0.0%, 6.0%] | 1248 |
| tail | 2σ | ar1-0.8 | 41.7% | [30.1%, 54.3%] | 1222 |
| tail | 2σ | ar1-0.8 | 0.0% | [0.0%, 6.0%] | 1224 |
| tail | 2σ | iid | 100.0% | [94.0%, 100.0%] | 1073 |
| tail | 2σ | iid | 0.0% | [0.0%, 6.0%] | 1069 |
| tail | 4σ | ar1-0.3 | 20.0% | [11.8%, 31.8%] | 1251 |
| tail | 4σ | ar1-0.3 | 0.0% | [0.0%, 6.0%] | 1244 |
| tail | 4σ | ar1-0.6 | 6.7% | [2.6%, 15.9%] | 1228 |
| tail | 4σ | ar1-0.6 | 0.0% | [0.0%, 6.0%] | 1247 |
| tail | 4σ | ar1-0.8 | 8.3% | [3.6%, 18.1%] | 1244 |
| tail | 4σ | ar1-0.8 | 0.0% | [0.0%, 6.0%] | 1249 |
| tail | 4σ | iid | 1.7% | [0.3%, 8.9%] | 1079 |
| tail | 4σ | iid | 0.0% | [0.0%, 6.0%] | 1068 |
| tail | 20σ | ar1-0.3 | 0.0% | [0.0%, 6.0%] | 1244 |
| tail | 20σ | ar1-0.3 | 0.0% | [0.0%, 6.0%] | 1263 |
| tail | 20σ | ar1-0.6 | 0.0% | [0.0%, 6.0%] | 1259 |
| tail | 20σ | ar1-0.6 | 0.0% | [0.0%, 6.0%] | 1252 |
| tail | 20σ | ar1-0.8 | 0.0% | [0.0%, 6.0%] | 1244 |
| tail | 20σ | ar1-0.8 | 0.0% | [0.0%, 6.0%] | 1248 |
| tail | 20σ | iid | 0.0% | [0.0%, 6.0%] | 1083 |
| tail | 20σ | iid | 0.0% | [0.0%, 6.0%] | 1082 |


[nu_ell_extreme] completed in 258s
[nu_ell_extreme] rows=11840 outcomes:    1681 fail    4186 inconclusive    5973 pass 

==========================================
=== Config: nu_ell_cauchy
=== Env:    TACET_ABLATION_NU_LIKELIHOOD=2.01 
=== Output: /root/bench-results/ablation-v3/nu_ell_cauchy
==========================================
[ablation] overrides: pi0=None alpha=None beta=None kl_min=None nu_ℓ=Some(2.01) nu_prior=None
=== Timing Tool Benchmark Suite ===

Configuration:
  Preset: medium
  Samples per class: 10000
  Datasets per point: 120
  Effect multipliers: [0.0, 0.2, 1.0, 2.0, 4.0, 20.0]
  Effect patterns: ["shift", "tail"]
  Noise models: ["iid", "ar1-0.3", "ar1-0.6", "ar1-0.8"]
  Mode: synthetic
  Checkpoint: RESUME (loading existing results)
  Tools: ["tacet"]
  Total points: 48
  Total datasets: 5760
  Total tool runs: 5760
  Batched: 12 batches of 500 datasets (~160MB peak memory)


Completed in 506.5s

Raw results already written to: /root/bench-results/ablation-v3/nu_ell_cauchy/benchmark_results.csv
Wrote summary to: /root/bench-results/ablation-v3/nu_ell_cauchy/benchmark_summary.csv
Wrote report to: /root/bench-results/ablation-v3/nu_ell_cauchy/benchmark_report.md

# Benchmark Results (medium)

## Configuration

- **Preset**: medium
- **Samples per class**: 10000
- **Datasets per point**: 120
- **Effect multipliers**: [0.0, 0.2, 1.0, 2.0, 4.0, 20.0]
- **Total execution time**: 506.5s

## False Positive Rate (effect = 0)

| Tool | iid | ar1-0.3 | ar1-0.6 | ar1-0.8 |
|------|--------|--------|--------|--------|
| tacet (θ=0.4ns) | 0.0% ± 1.6% | 0.0% ± 1.6% | 0.0% ± 1.6% | 0.0% ± 1.6% |
| tacet (θ=100ns) | 0.0% ± 1.6% | 0.0% ± 1.6% | 0.0% ± 1.6% | 0.0% ± 1.6% |

## Power (Detection Rate)

| Tool | 0.2σ | 1σ | 2σ | 4σ | 20σ |
|------|------|------|------|------|------|
| tacet (θ=0.4ns) | 100% | 100% | 0% | 100% | 100% |
| tacet (θ=100ns) | 0% | 0% | 0% | 0% | 0% |

## Detailed Results by Tool

### tacet

| Pattern | Effect | Noise | Rate | 95% CI | Time (ms) |
|---------|--------|-------|------|--------|----------|
| shift | 0σ | ar1-0.3 | 0.0% | [0.0%, 3.1%] | 1235 |
| shift | 0σ | ar1-0.3 | 0.0% | [0.0%, 3.1%] | 1229 |
| shift | 0σ | ar1-0.6 | 0.0% | [0.0%, 3.1%] | 1221 |
| shift | 0σ | ar1-0.6 | 0.0% | [0.0%, 3.1%] | 1228 |
| shift | 0σ | ar1-0.8 | 0.0% | [0.0%, 3.1%] | 1219 |
| shift | 0σ | ar1-0.8 | 0.0% | [0.0%, 3.1%] | 1225 |
| shift | 0σ | iid | 0.0% | [0.0%, 3.1%] | 1062 |
| shift | 0σ | iid | 0.0% | [0.0%, 3.1%] | 1053 |
| shift | 0σ | iid | 0.0% | [0.0%, 3.1%] | 1062 |
| shift | 0σ | iid | 0.0% | [0.0%, 3.1%] | 1053 |
| shift | 0σ | iid | 0.0% | [0.0%, 3.1%] | 1062 |
| shift | 0σ | iid | 0.0% | [0.0%, 3.1%] | 1053 |
| shift | 0σ | iid | 0.0% | [0.0%, 3.1%] | 1062 |
| shift | 0σ | iid | 0.0% | [0.0%, 3.1%] | 1053 |
| shift | 0σ | iid | 0.0% | [0.0%, 3.1%] | 1062 |
| shift | 0σ | iid | 0.0% | [0.0%, 3.1%] | 1053 |
| shift | 0.2σ | ar1-0.3 | 14.2% | [9.0%, 21.5%] | 1228 |
| shift | 0.2σ | ar1-0.3 | 0.0% | [0.0%, 3.1%] | 1218 |
| shift | 0.2σ | ar1-0.6 | 0.0% | [0.0%, 3.1%] | 1222 |
| shift | 0.2σ | ar1-0.6 | 0.0% | [0.0%, 3.1%] | 1222 |
| shift | 0.2σ | ar1-0.8 | 0.0% | [0.0%, 3.1%] | 1214 |
| shift | 0.2σ | ar1-0.8 | 0.0% | [0.0%, 3.1%] | 1221 |
| shift | 0.2σ | iid | 100.0% | [96.9%, 100.0%] | 1050 |
| shift | 0.2σ | iid | 0.0% | [0.0%, 3.1%] | 1060 |
| shift | 1σ | ar1-0.3 | 50.8% | [42.0%, 59.6%] | 1235 |
| shift | 1σ | ar1-0.3 | 0.0% | [0.0%, 3.1%] | 1232 |
| shift | 1σ | ar1-0.6 | 0.0% | [0.0%, 3.1%] | 1230 |
| shift | 1σ | ar1-0.6 | 0.0% | [0.0%, 3.1%] | 1220 |
| shift | 1σ | ar1-0.8 | 0.0% | [0.0%, 3.1%] | 1222 |
| shift | 1σ | ar1-0.8 | 0.0% | [0.0%, 3.1%] | 1225 |
| shift | 1σ | iid | 100.0% | [96.9%, 100.0%] | 1054 |
| shift | 1σ | iid | 0.0% | [0.0%, 3.1%] | 1057 |
| shift | 2σ | ar1-0.3 | 0.0% | [0.0%, 3.1%] | 1223 |
| shift | 2σ | ar1-0.3 | 0.0% | [0.0%, 3.1%] | 1231 |
| shift | 2σ | ar1-0.6 | 0.0% | [0.0%, 3.1%] | 1231 |
| shift | 2σ | ar1-0.6 | 0.0% | [0.0%, 3.1%] | 1228 |
| shift | 2σ | ar1-0.8 | 0.0% | [0.0%, 3.1%] | 1226 |
| shift | 2σ | ar1-0.8 | 0.0% | [0.0%, 3.1%] | 1228 |
| shift | 2σ | iid | 0.0% | [0.0%, 3.1%] | 1055 |
| shift | 2σ | iid | 0.0% | [0.0%, 3.1%] | 1063 |
| shift | 4σ | ar1-0.3 | 0.0% | [0.0%, 3.1%] | 1237 |
| shift | 4σ | ar1-0.3 | 0.0% | [0.0%, 3.1%] | 1246 |
| shift | 4σ | ar1-0.6 | 0.0% | [0.0%, 3.1%] | 1247 |
| shift | 4σ | ar1-0.6 | 0.0% | [0.0%, 3.1%] | 1245 |
| shift | 4σ | ar1-0.8 | 0.0% | [0.0%, 3.1%] | 1226 |
| shift | 4σ | ar1-0.8 | 0.0% | [0.0%, 3.1%] | 1232 |
| shift | 4σ | iid | 100.0% | [96.9%, 100.0%] | 1067 |
| shift | 4σ | iid | 0.0% | [0.0%, 3.1%] | 1076 |
| shift | 20σ | ar1-0.3 | 100.0% | [96.9%, 100.0%] | 1342 |
| shift | 20σ | ar1-0.3 | 6.7% | [3.4%, 12.6%] | 1334 |
| shift | 20σ | ar1-0.6 | 100.0% | [96.9%, 100.0%] | 1338 |
| shift | 20σ | ar1-0.6 | 0.8% | [0.1%, 4.6%] | 1332 |
| shift | 20σ | ar1-0.8 | 0.8% | [0.1%, 4.6%] | 1336 |
| shift | 20σ | ar1-0.8 | 0.0% | [0.0%, 3.1%] | 1337 |
| shift | 20σ | iid | 100.0% | [96.9%, 100.0%] | 1129 |
| shift | 20σ | iid | 0.0% | [0.0%, 3.1%] | 1130 |
| tail | 0σ | ar1-0.3 | 0.0% | [0.0%, 3.1%] | 1221 |
| tail | 0σ | ar1-0.3 | 0.0% | [0.0%, 3.1%] | 1222 |
| tail | 0σ | ar1-0.6 | 0.0% | [0.0%, 3.1%] | 1214 |
| tail | 0σ | ar1-0.6 | 0.0% | [0.0%, 3.1%] | 1214 |
| tail | 0σ | ar1-0.8 | 0.0% | [0.0%, 3.1%] | 1213 |
| tail | 0σ | ar1-0.8 | 0.0% | [0.0%, 3.1%] | 1213 |
| tail | 0σ | iid | 0.0% | [0.0%, 3.1%] | 1051 |
| tail | 0σ | iid | 0.0% | [0.0%, 3.1%] | 1048 |
| tail | 0σ | iid | 0.0% | [0.0%, 3.1%] | 1051 |
| tail | 0σ | iid | 0.0% | [0.0%, 3.1%] | 1048 |
| tail | 0σ | iid | 0.0% | [0.0%, 3.1%] | 1051 |
| tail | 0σ | iid | 0.0% | [0.0%, 3.1%] | 1048 |
| tail | 0σ | iid | 0.0% | [0.0%, 3.1%] | 1051 |
| tail | 0σ | iid | 0.0% | [0.0%, 3.1%] | 1048 |
| tail | 0σ | iid | 0.0% | [0.0%, 3.1%] | 1051 |
| tail | 0σ | iid | 0.0% | [0.0%, 3.1%] | 1048 |
| tail | 0.2σ | ar1-0.3 | 0.0% | [0.0%, 3.1%] | 1222 |
| tail | 0.2σ | ar1-0.3 | 0.0% | [0.0%, 3.1%] | 1226 |
| tail | 0.2σ | ar1-0.6 | 0.0% | [0.0%, 3.1%] | 1218 |
| tail | 0.2σ | ar1-0.6 | 0.0% | [0.0%, 3.1%] | 1219 |
| tail | 0.2σ | ar1-0.8 | 0.0% | [0.0%, 3.1%] | 1219 |
| tail | 0.2σ | ar1-0.8 | 0.0% | [0.0%, 3.1%] | 1213 |
| tail | 0.2σ | iid | 0.0% | [0.0%, 3.1%] | 1049 |
| tail | 0.2σ | iid | 0.0% | [0.0%, 3.1%] | 1048 |
| tail | 1σ | ar1-0.3 | 65.8% | [57.0%, 73.7%] | 1228 |
| tail | 1σ | ar1-0.3 | 0.0% | [0.0%, 3.1%] | 1229 |
| tail | 1σ | ar1-0.6 | 8.3% | [4.6%, 14.7%] | 1224 |
| tail | 1σ | ar1-0.6 | 0.0% | [0.0%, 3.1%] | 1230 |
| tail | 1σ | ar1-0.8 | 1.7% | [0.5%, 5.9%] | 1218 |
| tail | 1σ | ar1-0.8 | 0.0% | [0.0%, 3.1%] | 1218 |
| tail | 1σ | iid | 100.0% | [96.9%, 100.0%] | 1080 |
| tail | 1σ | iid | 0.0% | [0.0%, 3.1%] | 1073 |
| tail | 2σ | ar1-0.3 | 95.8% | [90.6%, 98.2%] | 1252 |
| tail | 2σ | ar1-0.3 | 0.0% | [0.0%, 3.1%] | 1254 |
| tail | 2σ | ar1-0.6 | 42.5% | [34.0%, 51.4%] | 1233 |
| tail | 2σ | ar1-0.6 | 0.0% | [0.0%, 3.1%] | 1241 |
| tail | 2σ | ar1-0.8 | 20.8% | [14.5%, 28.9%] | 1229 |
| tail | 2σ | ar1-0.8 | 0.0% | [0.0%, 3.1%] | 1239 |
| tail | 2σ | iid | 100.0% | [96.9%, 100.0%] | 1080 |
| tail | 2σ | iid | 0.0% | [0.0%, 3.1%] | 1081 |
| tail | 4σ | ar1-0.3 | 0.0% | [0.0%, 3.1%] | 1259 |
| tail | 4σ | ar1-0.3 | 0.0% | [0.0%, 3.1%] | 1257 |
| tail | 4σ | ar1-0.6 | 0.0% | [0.0%, 3.1%] | 1249 |
| tail | 4σ | ar1-0.6 | 0.0% | [0.0%, 3.1%] | 1234 |
| tail | 4σ | ar1-0.8 | 0.0% | [0.0%, 3.1%] | 1244 |
| tail | 4σ | ar1-0.8 | 0.0% | [0.0%, 3.1%] | 1242 |
| tail | 4σ | iid | 0.0% | [0.0%, 3.1%] | 1070 |
| tail | 4σ | iid | 0.0% | [0.0%, 3.1%] | 1079 |
| tail | 20σ | ar1-0.3 | 0.0% | [0.0%, 3.1%] | 1260 |
| tail | 20σ | ar1-0.3 | 0.0% | [0.0%, 3.1%] | 1261 |
| tail | 20σ | ar1-0.6 | 0.0% | [0.0%, 3.1%] | 1246 |
| tail | 20σ | ar1-0.6 | 0.0% | [0.0%, 3.1%] | 1254 |
| tail | 20σ | ar1-0.8 | 0.0% | [0.0%, 3.1%] | 1243 |
| tail | 20σ | ar1-0.8 | 0.0% | [0.0%, 3.1%] | 1237 |
| tail | 20σ | iid | 0.0% | [0.0%, 3.1%] | 1085 |
| tail | 20σ | iid | 0.0% | [0.0%, 3.1%] | 1083 |


[nu_ell_cauchy] completed in 507s
[nu_ell_cauchy] rows=11520 outcomes:    1330 fail    4580 inconclusive    5610 pass 

==========================================
=== Config: nu_prior_low
=== Env:    TACET_ABLATION_NU_PRIOR=2.5 
=== Output: /root/bench-results/ablation-v3/nu_prior_low
==========================================
[ablation] overrides: pi0=None alpha=None beta=None kl_min=None nu_ℓ=None nu_prior=Some(2.5)
=== Timing Tool Benchmark Suite ===

Configuration:
  Preset: medium
  Samples per class: 10000
  Datasets per point: 120
  Effect multipliers: [0.0, 0.2, 1.0, 2.0, 4.0, 20.0]
  Effect patterns: ["shift", "tail"]
  Noise models: ["iid", "ar1-0.3", "ar1-0.6", "ar1-0.8"]
  Mode: synthetic
  Checkpoint: RESUME (loading existing results)
  Tools: ["tacet"]
  Total points: 48
  Total datasets: 5760
  Total tool runs: 5760
  Batched: 12 batches of 500 datasets (~160MB peak memory)

  Resuming: 5760 results loaded from checkpoint

Completed in 257.0s

Raw results already written to: /root/bench-results/ablation-v3/nu_prior_low/benchmark_results.csv
Wrote summary to: /root/bench-results/ablation-v3/nu_prior_low/benchmark_summary.csv
Wrote report to: /root/bench-results/ablation-v3/nu_prior_low/benchmark_report.md

# Benchmark Results (medium)

## Configuration

- **Preset**: medium
- **Samples per class**: 10000
- **Datasets per point**: 120
- **Effect multipliers**: [0.0, 0.2, 1.0, 2.0, 4.0, 20.0]
- **Total execution time**: 257.0s

## False Positive Rate (effect = 0)

| Tool | iid | ar1-0.3 | ar1-0.6 | ar1-0.8 |
|------|--------|--------|--------|--------|
| tacet (θ=0.4ns) | 0.0% ± 1.8% | 0.0% ± 3.0% | 0.0% ± 3.0% | 0.0% ± 3.0% |
| tacet (θ=100ns) | 0.0% ± 1.8% | 0.0% ± 3.0% | 0.0% ± 3.0% | 0.0% ± 3.0% |

## Power (Detection Rate)

| Tool | 0.2σ | 1σ | 2σ | 4σ | 20σ |
|------|------|------|------|------|------|
| tacet (θ=0.4ns) | 100% | 100% | 100% | 100% | 100% |
| tacet (θ=100ns) | 0% | 0% | 0% | 0% | 2% |

## Detailed Results by Tool

### tacet

| Pattern | Effect | Noise | Rate | 95% CI | Time (ms) |
|---------|--------|-------|------|--------|----------|
| shift | 0σ | ar1-0.3 | 0.0% | [0.0%, 6.0%] | 1205 |
| shift | 0σ | ar1-0.3 | 0.0% | [0.0%, 6.0%] | 1221 |
| shift | 0σ | ar1-0.6 | 0.0% | [0.0%, 6.0%] | 1216 |
| shift | 0σ | ar1-0.6 | 0.0% | [0.0%, 6.0%] | 1202 |
| shift | 0σ | ar1-0.8 | 0.0% | [0.0%, 6.0%] | 1214 |
| shift | 0σ | ar1-0.8 | 0.0% | [0.0%, 6.0%] | 1219 |
| shift | 0σ | iid | 0.0% | [0.0%, 3.7%] | 1054 |
| shift | 0σ | iid | 0.0% | [0.0%, 3.7%] | 1056 |
| shift | 0σ | iid | 0.0% | [0.0%, 3.7%] | 1054 |
| shift | 0σ | iid | 0.0% | [0.0%, 3.7%] | 1056 |
| shift | 0σ | iid | 0.0% | [0.0%, 3.7%] | 1054 |
| shift | 0σ | iid | 0.0% | [0.0%, 3.7%] | 1056 |
| shift | 0σ | iid | 0.0% | [0.0%, 3.7%] | 1054 |
| shift | 0σ | iid | 0.0% | [0.0%, 3.7%] | 1056 |
| shift | 0σ | iid | 0.0% | [0.0%, 3.7%] | 1054 |
| shift | 0σ | iid | 0.0% | [0.0%, 3.7%] | 1056 |
| shift | 0.2σ | ar1-0.3 | 71.7% | [59.2%, 81.5%] | 1213 |
| shift | 0.2σ | ar1-0.3 | 0.0% | [0.0%, 6.0%] | 1220 |
| shift | 0.2σ | ar1-0.6 | 36.7% | [25.6%, 49.3%] | 1217 |
| shift | 0.2σ | ar1-0.6 | 0.0% | [0.0%, 6.0%] | 1223 |
| shift | 0.2σ | ar1-0.8 | 13.3% | [6.9%, 24.2%] | 1208 |
| shift | 0.2σ | ar1-0.8 | 0.0% | [0.0%, 6.0%] | 1202 |
| shift | 0.2σ | iid | 100.0% | [94.0%, 100.0%] | 1034 |
| shift | 0.2σ | iid | 0.0% | [0.0%, 6.0%] | 1038 |
| shift | 1σ | ar1-0.3 | 100.0% | [94.0%, 100.0%] | 1230 |
| shift | 1σ | ar1-0.3 | 0.0% | [0.0%, 6.0%] | 1222 |
| shift | 1σ | ar1-0.6 | 100.0% | [94.0%, 100.0%] | 1215 |
| shift | 1σ | ar1-0.6 | 0.0% | [0.0%, 6.0%] | 1212 |
| shift | 1σ | ar1-0.8 | 100.0% | [94.0%, 100.0%] | 1207 |
| shift | 1σ | ar1-0.8 | 0.0% | [0.0%, 6.0%] | 1218 |
| shift | 1σ | iid | 100.0% | [94.0%, 100.0%] | 1056 |
| shift | 1σ | iid | 0.0% | [0.0%, 6.0%] | 1061 |
| shift | 2σ | ar1-0.3 | 100.0% | [94.0%, 100.0%] | 1232 |
| shift | 2σ | ar1-0.3 | 0.0% | [0.0%, 6.0%] | 1236 |
| shift | 2σ | ar1-0.6 | 100.0% | [94.0%, 100.0%] | 1223 |
| shift | 2σ | ar1-0.6 | 0.0% | [0.0%, 6.0%] | 1215 |
| shift | 2σ | ar1-0.8 | 100.0% | [94.0%, 100.0%] | 1217 |
| shift | 2σ | ar1-0.8 | 0.0% | [0.0%, 6.0%] | 1222 |
| shift | 2σ | iid | 100.0% | [94.0%, 100.0%] | 1060 |
| shift | 2σ | iid | 0.0% | [0.0%, 6.0%] | 1057 |
| shift | 4σ | ar1-0.3 | 100.0% | [94.0%, 100.0%] | 1235 |
| shift | 4σ | ar1-0.3 | 0.0% | [0.0%, 6.0%] | 1217 |
| shift | 4σ | ar1-0.6 | 100.0% | [94.0%, 100.0%] | 1226 |
| shift | 4σ | ar1-0.6 | 0.0% | [0.0%, 6.0%] | 1224 |
| shift | 4σ | ar1-0.8 | 100.0% | [94.0%, 100.0%] | 1240 |
| shift | 4σ | ar1-0.8 | 0.0% | [0.0%, 6.0%] | 1236 |
| shift | 4σ | iid | 100.0% | [94.0%, 100.0%] | 1059 |
| shift | 4σ | iid | 0.0% | [0.0%, 6.0%] | 1062 |
| shift | 20σ | ar1-0.3 | 100.0% | [94.0%, 100.0%] | 1339 |
| shift | 20σ | ar1-0.3 | 40.0% | [28.6%, 52.6%] | 1326 |
| shift | 20σ | ar1-0.6 | 100.0% | [94.0%, 100.0%] | 1337 |
| shift | 20σ | ar1-0.6 | 21.7% | [13.1%, 33.6%] | 1341 |
| shift | 20σ | ar1-0.8 | 100.0% | [94.0%, 100.0%] | 1340 |
| shift | 20σ | ar1-0.8 | 10.0% | [4.7%, 20.1%] | 1334 |
| shift | 20σ | iid | 100.0% | [94.0%, 100.0%] | 1122 |
| shift | 20σ | iid | 1.7% | [0.3%, 8.9%] | 1121 |
| tail | 0σ | ar1-0.3 | 0.0% | [0.0%, 6.0%] | 1221 |
| tail | 0σ | ar1-0.3 | 0.0% | [0.0%, 6.0%] | 1225 |
| tail | 0σ | ar1-0.6 | 0.0% | [0.0%, 6.0%] | 1198 |
| tail | 0σ | ar1-0.6 | 0.0% | [0.0%, 6.0%] | 1196 |
| tail | 0σ | ar1-0.8 | 0.0% | [0.0%, 6.0%] | 1198 |
| tail | 0σ | ar1-0.8 | 0.0% | [0.0%, 6.0%] | 1200 |
| tail | 0σ | iid | 0.0% | [0.0%, 3.7%] | 1047 |
| tail | 0σ | iid | 0.0% | [0.0%, 3.7%] | 1038 |
| tail | 0σ | iid | 0.0% | [0.0%, 3.7%] | 1047 |
| tail | 0σ | iid | 0.0% | [0.0%, 3.7%] | 1038 |
| tail | 0σ | iid | 0.0% | [0.0%, 3.7%] | 1047 |
| tail | 0σ | iid | 0.0% | [0.0%, 3.7%] | 1038 |
| tail | 0σ | iid | 0.0% | [0.0%, 3.7%] | 1047 |
| tail | 0σ | iid | 0.0% | [0.0%, 3.7%] | 1038 |
| tail | 0σ | iid | 0.0% | [0.0%, 3.7%] | 1047 |
| tail | 0σ | iid | 0.0% | [0.0%, 3.7%] | 1038 |
| tail | 0.2σ | ar1-0.3 | 0.0% | [0.0%, 6.0%] | 1205 |
| tail | 0.2σ | ar1-0.3 | 0.0% | [0.0%, 6.0%] | 1223 |
| tail | 0.2σ | ar1-0.6 | 0.0% | [0.0%, 6.0%] | 1208 |
| tail | 0.2σ | ar1-0.6 | 0.0% | [0.0%, 6.0%] | 1198 |
| tail | 0.2σ | ar1-0.8 | 0.0% | [0.0%, 6.0%] | 1218 |
| tail | 0.2σ | ar1-0.8 | 0.0% | [0.0%, 6.0%] | 1219 |
| tail | 0.2σ | iid | 0.0% | [0.0%, 6.0%] | 1054 |
| tail | 0.2σ | iid | 0.0% | [0.0%, 6.0%] | 1052 |
| tail | 1σ | ar1-0.3 | 100.0% | [94.0%, 100.0%] | 1232 |
| tail | 1σ | ar1-0.3 | 0.0% | [0.0%, 6.0%] | 1224 |
| tail | 1σ | ar1-0.6 | 86.7% | [75.8%, 93.1%] | 1236 |
| tail | 1σ | ar1-0.6 | 0.0% | [0.0%, 6.0%] | 1230 |
| tail | 1σ | ar1-0.8 | 45.0% | [33.1%, 57.5%] | 1207 |
| tail | 1σ | ar1-0.8 | 0.0% | [0.0%, 6.0%] | 1210 |
| tail | 1σ | iid | 100.0% | [94.0%, 100.0%] | 1065 |
| tail | 1σ | iid | 0.0% | [0.0%, 6.0%] | 1069 |
| tail | 2σ | ar1-0.3 | 100.0% | [94.0%, 100.0%] | 1240 |
| tail | 2σ | ar1-0.3 | 0.0% | [0.0%, 6.0%] | 1245 |
| tail | 2σ | ar1-0.6 | 100.0% | [94.0%, 100.0%] | 1255 |
| tail | 2σ | ar1-0.6 | 0.0% | [0.0%, 6.0%] | 1249 |
| tail | 2σ | ar1-0.8 | 100.0% | [94.0%, 100.0%] | 1232 |
| tail | 2σ | ar1-0.8 | 0.0% | [0.0%, 6.0%] | 1232 |
| tail | 2σ | iid | 100.0% | [94.0%, 100.0%] | 1074 |
| tail | 2σ | iid | 0.0% | [0.0%, 6.0%] | 1080 |
| tail | 4σ | ar1-0.3 | 100.0% | [94.0%, 100.0%] | 1238 |
| tail | 4σ | ar1-0.3 | 0.0% | [0.0%, 6.0%] | 1248 |
| tail | 4σ | ar1-0.6 | 100.0% | [94.0%, 100.0%] | 1244 |
| tail | 4σ | ar1-0.6 | 0.0% | [0.0%, 6.0%] | 1251 |
| tail | 4σ | ar1-0.8 | 100.0% | [94.0%, 100.0%] | 1251 |
| tail | 4σ | ar1-0.8 | 0.0% | [0.0%, 6.0%] | 1226 |
| tail | 4σ | iid | 100.0% | [94.0%, 100.0%] | 1077 |
| tail | 4σ | iid | 0.0% | [0.0%, 6.0%] | 1079 |
| tail | 20σ | ar1-0.3 | 100.0% | [94.0%, 100.0%] | 1256 |
| tail | 20σ | ar1-0.3 | 0.0% | [0.0%, 6.0%] | 1258 |
| tail | 20σ | ar1-0.6 | 100.0% | [94.0%, 100.0%] | 1247 |
| tail | 20σ | ar1-0.6 | 0.0% | [0.0%, 6.0%] | 1261 |
| tail | 20σ | ar1-0.8 | 100.0% | [94.0%, 100.0%] | 1248 |
| tail | 20σ | ar1-0.8 | 0.0% | [0.0%, 6.0%] | 1247 |
| tail | 20σ | iid | 100.0% | [94.0%, 100.0%] | 1068 |
| tail | 20σ | iid | 0.0% | [0.0%, 6.0%] | 1085 |


[nu_prior_low] completed in 257s
[nu_prior_low] rows=11840 outcomes:    4095 fail    1685 inconclusive    6060 pass 

==========================================
=== Config: nu_prior_high
=== Env:    TACET_ABLATION_NU_PRIOR=16 
=== Output: /root/bench-results/ablation-v3/nu_prior_high
==========================================
[ablation] overrides: pi0=None alpha=None beta=None kl_min=None nu_ℓ=None nu_prior=Some(16.0)
=== Timing Tool Benchmark Suite ===

Configuration:
  Preset: medium
  Samples per class: 10000
  Datasets per point: 120
  Effect multipliers: [0.0, 0.2, 1.0, 2.0, 4.0, 20.0]
  Effect patterns: ["shift", "tail"]
  Noise models: ["iid", "ar1-0.3", "ar1-0.6", "ar1-0.8"]
  Mode: synthetic
  Checkpoint: RESUME (loading existing results)
  Tools: ["tacet"]
  Total points: 48
  Total datasets: 5760
  Total tool runs: 5760
  Batched: 12 batches of 500 datasets (~160MB peak memory)

  Resuming: 5760 results loaded from checkpoint

Completed in 257.7s

Raw results already written to: /root/bench-results/ablation-v3/nu_prior_high/benchmark_results.csv
Wrote summary to: /root/bench-results/ablation-v3/nu_prior_high/benchmark_summary.csv
Wrote report to: /root/bench-results/ablation-v3/nu_prior_high/benchmark_report.md

# Benchmark Results (medium)

## Configuration

- **Preset**: medium
- **Samples per class**: 10000
- **Datasets per point**: 120
- **Effect multipliers**: [0.0, 0.2, 1.0, 2.0, 4.0, 20.0]
- **Total execution time**: 257.7s

## False Positive Rate (effect = 0)

| Tool | iid | ar1-0.3 | ar1-0.6 | ar1-0.8 |
|------|--------|--------|--------|--------|
| tacet (θ=0.4ns) | 0.0% ± 1.8% | 0.0% ± 3.0% | 0.0% ± 3.0% | 0.0% ± 3.0% |
| tacet (θ=100ns) | 0.0% ± 1.8% | 0.0% ± 3.0% | 0.0% ± 3.0% | 0.0% ± 3.0% |

## Power (Detection Rate)

| Tool | 0.2σ | 1σ | 2σ | 4σ | 20σ |
|------|------|------|------|------|------|
| tacet (θ=0.4ns) | 100% | 100% | 100% | 100% | 100% |
| tacet (θ=100ns) | 0% | 0% | 0% | 0% | 2% |

## Detailed Results by Tool

### tacet

| Pattern | Effect | Noise | Rate | 95% CI | Time (ms) |
|---------|--------|-------|------|--------|----------|
| shift | 0σ | ar1-0.3 | 0.0% | [0.0%, 6.0%] | 1214 |
| shift | 0σ | ar1-0.3 | 0.0% | [0.0%, 6.0%] | 1219 |
| shift | 0σ | ar1-0.6 | 0.0% | [0.0%, 6.0%] | 1201 |
| shift | 0σ | ar1-0.6 | 0.0% | [0.0%, 6.0%] | 1199 |
| shift | 0σ | ar1-0.8 | 0.0% | [0.0%, 6.0%] | 1214 |
| shift | 0σ | ar1-0.8 | 0.0% | [0.0%, 6.0%] | 1218 |
| shift | 0σ | iid | 0.0% | [0.0%, 3.7%] | 1059 |
| shift | 0σ | iid | 0.0% | [0.0%, 3.7%] | 1060 |
| shift | 0σ | iid | 0.0% | [0.0%, 3.7%] | 1059 |
| shift | 0σ | iid | 0.0% | [0.0%, 3.7%] | 1060 |
| shift | 0σ | iid | 0.0% | [0.0%, 3.7%] | 1059 |
| shift | 0σ | iid | 0.0% | [0.0%, 3.7%] | 1060 |
| shift | 0σ | iid | 0.0% | [0.0%, 3.7%] | 1059 |
| shift | 0σ | iid | 0.0% | [0.0%, 3.7%] | 1060 |
| shift | 0σ | iid | 0.0% | [0.0%, 3.7%] | 1059 |
| shift | 0σ | iid | 0.0% | [0.0%, 3.7%] | 1060 |
| shift | 0.2σ | ar1-0.3 | 73.3% | [61.0%, 82.9%] | 1210 |
| shift | 0.2σ | ar1-0.3 | 0.0% | [0.0%, 6.0%] | 1226 |
| shift | 0.2σ | ar1-0.6 | 40.0% | [28.6%, 52.6%] | 1209 |
| shift | 0.2σ | ar1-0.6 | 0.0% | [0.0%, 6.0%] | 1202 |
| shift | 0.2σ | ar1-0.8 | 13.3% | [6.9%, 24.2%] | 1196 |
| shift | 0.2σ | ar1-0.8 | 0.0% | [0.0%, 6.0%] | 1201 |
| shift | 0.2σ | iid | 100.0% | [94.0%, 100.0%] | 1035 |
| shift | 0.2σ | iid | 0.0% | [0.0%, 6.0%] | 1032 |
| shift | 1σ | ar1-0.3 | 100.0% | [94.0%, 100.0%] | 1214 |
| shift | 1σ | ar1-0.3 | 0.0% | [0.0%, 6.0%] | 1225 |
| shift | 1σ | ar1-0.6 | 100.0% | [94.0%, 100.0%] | 1222 |
| shift | 1σ | ar1-0.6 | 0.0% | [0.0%, 6.0%] | 1212 |
| shift | 1σ | ar1-0.8 | 98.3% | [91.1%, 99.7%] | 1200 |
| shift | 1σ | ar1-0.8 | 0.0% | [0.0%, 6.0%] | 1223 |
| shift | 1σ | iid | 100.0% | [94.0%, 100.0%] | 1058 |
| shift | 1σ | iid | 0.0% | [0.0%, 6.0%] | 1054 |
| shift | 2σ | ar1-0.3 | 100.0% | [94.0%, 100.0%] | 1221 |
| shift | 2σ | ar1-0.3 | 0.0% | [0.0%, 6.0%] | 1229 |
| shift | 2σ | ar1-0.6 | 70.0% | [57.5%, 80.1%] | 1223 |
| shift | 2σ | ar1-0.6 | 0.0% | [0.0%, 6.0%] | 1222 |
| shift | 2σ | ar1-0.8 | 0.0% | [0.0%, 6.0%] | 1213 |
| shift | 2σ | ar1-0.8 | 0.0% | [0.0%, 6.0%] | 1220 |
| shift | 2σ | iid | 100.0% | [94.0%, 100.0%] | 1056 |
| shift | 2σ | iid | 0.0% | [0.0%, 6.0%] | 1056 |
| shift | 4σ | ar1-0.3 | 100.0% | [94.0%, 100.0%] | 1238 |
| shift | 4σ | ar1-0.3 | 0.0% | [0.0%, 6.0%] | 1248 |
| shift | 4σ | ar1-0.6 | 100.0% | [94.0%, 100.0%] | 1245 |
| shift | 4σ | ar1-0.6 | 0.0% | [0.0%, 6.0%] | 1228 |
| shift | 4σ | ar1-0.8 | 0.0% | [0.0%, 6.0%] | 1236 |
| shift | 4σ | ar1-0.8 | 0.0% | [0.0%, 6.0%] | 1220 |
| shift | 4σ | iid | 100.0% | [94.0%, 100.0%] | 1055 |
| shift | 4σ | iid | 0.0% | [0.0%, 6.0%] | 1055 |
| shift | 20σ | ar1-0.3 | 100.0% | [94.0%, 100.0%] | 1331 |
| shift | 20σ | ar1-0.3 | 40.0% | [28.6%, 52.6%] | 1333 |
| shift | 20σ | ar1-0.6 | 100.0% | [94.0%, 100.0%] | 1326 |
| shift | 20σ | ar1-0.6 | 21.7% | [13.1%, 33.6%] | 1333 |
| shift | 20σ | ar1-0.8 | 100.0% | [94.0%, 100.0%] | 1331 |
| shift | 20σ | ar1-0.8 | 11.7% | [5.8%, 22.2%] | 1332 |
| shift | 20σ | iid | 100.0% | [94.0%, 100.0%] | 1118 |
| shift | 20σ | iid | 1.7% | [0.3%, 8.9%] | 1118 |
| tail | 0σ | ar1-0.3 | 0.0% | [0.0%, 6.0%] | 1206 |
| tail | 0σ | ar1-0.3 | 0.0% | [0.0%, 6.0%] | 1210 |
| tail | 0σ | ar1-0.6 | 0.0% | [0.0%, 6.0%] | 1221 |
| tail | 0σ | ar1-0.6 | 0.0% | [0.0%, 6.0%] | 1225 |
| tail | 0σ | ar1-0.8 | 0.0% | [0.0%, 6.0%] | 1210 |
| tail | 0σ | ar1-0.8 | 0.0% | [0.0%, 6.0%] | 1210 |
| tail | 0σ | iid | 0.0% | [0.0%, 3.7%] | 1045 |
| tail | 0σ | iid | 0.0% | [0.0%, 3.7%] | 1039 |
| tail | 0σ | iid | 0.0% | [0.0%, 3.7%] | 1045 |
| tail | 0σ | iid | 0.0% | [0.0%, 3.7%] | 1039 |
| tail | 0σ | iid | 0.0% | [0.0%, 3.7%] | 1045 |
| tail | 0σ | iid | 0.0% | [0.0%, 3.7%] | 1039 |
| tail | 0σ | iid | 0.0% | [0.0%, 3.7%] | 1045 |
| tail | 0σ | iid | 0.0% | [0.0%, 3.7%] | 1039 |
| tail | 0σ | iid | 0.0% | [0.0%, 3.7%] | 1045 |
| tail | 0σ | iid | 0.0% | [0.0%, 3.7%] | 1039 |
| tail | 0.2σ | ar1-0.3 | 0.0% | [0.0%, 6.0%] | 1198 |
| tail | 0.2σ | ar1-0.3 | 0.0% | [0.0%, 6.0%] | 1198 |
| tail | 0.2σ | ar1-0.6 | 0.0% | [0.0%, 6.0%] | 1211 |
| tail | 0.2σ | ar1-0.6 | 0.0% | [0.0%, 6.0%] | 1219 |
| tail | 0.2σ | ar1-0.8 | 0.0% | [0.0%, 6.0%] | 1216 |
| tail | 0.2σ | ar1-0.8 | 0.0% | [0.0%, 6.0%] | 1212 |
| tail | 0.2σ | iid | 0.0% | [0.0%, 6.0%] | 1036 |
| tail | 0.2σ | iid | 0.0% | [0.0%, 6.0%] | 1036 |
| tail | 1σ | ar1-0.3 | 100.0% | [94.0%, 100.0%] | 1228 |
| tail | 1σ | ar1-0.3 | 0.0% | [0.0%, 6.0%] | 1225 |
| tail | 1σ | ar1-0.6 | 88.3% | [77.8%, 94.2%] | 1225 |
| tail | 1σ | ar1-0.6 | 0.0% | [0.0%, 6.0%] | 1228 |
| tail | 1σ | ar1-0.8 | 58.3% | [45.7%, 69.9%] | 1229 |
| tail | 1σ | ar1-0.8 | 0.0% | [0.0%, 6.0%] | 1226 |
| tail | 1σ | iid | 100.0% | [94.0%, 100.0%] | 1078 |
| tail | 1σ | iid | 0.0% | [0.0%, 6.0%] | 1080 |
| tail | 2σ | ar1-0.3 | 100.0% | [94.0%, 100.0%] | 1249 |
| tail | 2σ | ar1-0.3 | 0.0% | [0.0%, 6.0%] | 1251 |
| tail | 2σ | ar1-0.6 | 100.0% | [94.0%, 100.0%] | 1224 |
| tail | 2σ | ar1-0.6 | 0.0% | [0.0%, 6.0%] | 1223 |
| tail | 2σ | ar1-0.8 | 100.0% | [94.0%, 100.0%] | 1237 |
| tail | 2σ | ar1-0.8 | 0.0% | [0.0%, 6.0%] | 1235 |
| tail | 2σ | iid | 100.0% | [94.0%, 100.0%] | 1079 |
| tail | 2σ | iid | 0.0% | [0.0%, 6.0%] | 1069 |
| tail | 4σ | ar1-0.3 | 100.0% | [94.0%, 100.0%] | 1244 |
| tail | 4σ | ar1-0.3 | 0.0% | [0.0%, 6.0%] | 1247 |
| tail | 4σ | ar1-0.6 | 100.0% | [94.0%, 100.0%] | 1232 |
| tail | 4σ | ar1-0.6 | 0.0% | [0.0%, 6.0%] | 1235 |
| tail | 4σ | ar1-0.8 | 85.0% | [73.9%, 91.9%] | 1250 |
| tail | 4σ | ar1-0.8 | 0.0% | [0.0%, 6.0%] | 1237 |
| tail | 4σ | iid | 100.0% | [94.0%, 100.0%] | 1078 |
| tail | 4σ | iid | 0.0% | [0.0%, 6.0%] | 1076 |
| tail | 20σ | ar1-0.3 | 0.0% | [0.0%, 6.0%] | 1239 |
| tail | 20σ | ar1-0.3 | 0.0% | [0.0%, 6.0%] | 1257 |
| tail | 20σ | ar1-0.6 | 0.0% | [0.0%, 6.0%] | 1245 |
| tail | 20σ | ar1-0.6 | 0.0% | [0.0%, 6.0%] | 1258 |
| tail | 20σ | ar1-0.8 | 0.0% | [0.0%, 6.0%] | 1248 |
| tail | 20σ | ar1-0.8 | 0.0% | [0.0%, 6.0%] | 1249 |
| tail | 20σ | iid | 0.0% | [0.0%, 6.0%] | 1077 |
| tail | 20σ | iid | 0.0% | [0.0%, 6.0%] | 1078 |


[nu_prior_high] completed in 257s
[nu_prior_high] rows=11840 outcomes:    3356 fail    2426 inconclusive    6058 pass 

==========================================
=== Config: combo_stress_heavy
=== Env:    TACET_ABLATION_PI0=0.85 TACET_ABLATION_ALPHA=0.01 TACET_ABLATION_BETA=0.99 TACET_ABLATION_KL_MIN=1.5 TACET_ABLATION_NU_LIKELIHOOD=2.5 TACET_ABLATION_NU_PRIOR=2.5 
=== Output: /root/bench-results/ablation-v3/combo_stress_heavy
==========================================
[ablation] overrides: pi0=Some(0.85) alpha=Some(0.01) beta=Some(0.99) kl_min=Some(1.5) nu_ℓ=Some(2.5) nu_prior=Some(2.5)
=== Timing Tool Benchmark Suite ===

Configuration:
  Preset: medium
  Samples per class: 10000
  Datasets per point: 120
  Effect multipliers: [0.0, 0.2, 1.0, 2.0, 4.0, 20.0]
  Effect patterns: ["shift", "tail"]
  Noise models: ["iid", "ar1-0.3", "ar1-0.6", "ar1-0.8"]
  Mode: synthetic
  Checkpoint: RESUME (loading existing results)
  Tools: ["tacet"]
  Total points: 48
  Total datasets: 5760
  Total tool runs: 5760
  Batched: 12 batches of 500 datasets (~160MB peak memory)


Completed in 507.2s

Raw results already written to: /root/bench-results/ablation-v3/combo_stress_heavy/benchmark_results.csv
Wrote summary to: /root/bench-results/ablation-v3/combo_stress_heavy/benchmark_summary.csv
Wrote report to: /root/bench-results/ablation-v3/combo_stress_heavy/benchmark_report.md

# Benchmark Results (medium)

## Configuration

- **Preset**: medium
- **Samples per class**: 10000
- **Datasets per point**: 120
- **Effect multipliers**: [0.0, 0.2, 1.0, 2.0, 4.0, 20.0]
- **Total execution time**: 507.2s

## False Positive Rate (effect = 0)

| Tool | iid | ar1-0.3 | ar1-0.6 | ar1-0.8 |
|------|--------|--------|--------|--------|
| tacet (θ=0.4ns) | 0.0% ± 1.6% | 0.0% ± 1.6% | 0.0% ± 1.6% | 0.0% ± 1.6% |
| tacet (θ=100ns) | 0.0% ± 1.6% | 0.0% ± 1.6% | 0.0% ± 1.6% | 0.0% ± 1.6% |

## Power (Detection Rate)

| Tool | 0.2σ | 1σ | 2σ | 4σ | 20σ |
|------|------|------|------|------|------|
| tacet (θ=0.4ns) | 98% | 100% | 100% | 100% | 100% |
| tacet (θ=100ns) | 0% | 0% | 0% | 0% | 0% |

## Detailed Results by Tool

### tacet

| Pattern | Effect | Noise | Rate | 95% CI | Time (ms) |
|---------|--------|-------|------|--------|----------|
| shift | 0σ | ar1-0.3 | 0.0% | [0.0%, 3.1%] | 1239 |
| shift | 0σ | ar1-0.3 | 0.0% | [0.0%, 3.1%] | 1235 |
| shift | 0σ | ar1-0.6 | 0.0% | [0.0%, 3.1%] | 1221 |
| shift | 0σ | ar1-0.6 | 0.0% | [0.0%, 3.1%] | 1230 |
| shift | 0σ | ar1-0.8 | 0.0% | [0.0%, 3.1%] | 1230 |
| shift | 0σ | ar1-0.8 | 0.0% | [0.0%, 3.1%] | 1228 |
| shift | 0σ | iid | 0.0% | [0.0%, 3.1%] | 1062 |
| shift | 0σ | iid | 0.0% | [0.0%, 3.1%] | 1061 |
| shift | 0σ | iid | 0.0% | [0.0%, 3.1%] | 1062 |
| shift | 0σ | iid | 0.0% | [0.0%, 3.1%] | 1061 |
| shift | 0σ | iid | 0.0% | [0.0%, 3.1%] | 1062 |
| shift | 0σ | iid | 0.0% | [0.0%, 3.1%] | 1061 |
| shift | 0σ | iid | 0.0% | [0.0%, 3.1%] | 1062 |
| shift | 0σ | iid | 0.0% | [0.0%, 3.1%] | 1061 |
| shift | 0σ | iid | 0.0% | [0.0%, 3.1%] | 1062 |
| shift | 0σ | iid | 0.0% | [0.0%, 3.1%] | 1061 |
| shift | 0.2σ | ar1-0.3 | 1.7% | [0.5%, 5.9%] | 1226 |
| shift | 0.2σ | ar1-0.3 | 0.0% | [0.0%, 3.1%] | 1232 |
| shift | 0.2σ | ar1-0.6 | 0.0% | [0.0%, 3.1%] | 1222 |
| shift | 0.2σ | ar1-0.6 | 0.0% | [0.0%, 3.1%] | 1221 |
| shift | 0.2σ | ar1-0.8 | 0.0% | [0.0%, 3.1%] | 1218 |
| shift | 0.2σ | ar1-0.8 | 0.0% | [0.0%, 3.1%] | 1214 |
| shift | 0.2σ | iid | 98.3% | [94.1%, 99.5%] | 1055 |
| shift | 0.2σ | iid | 0.0% | [0.0%, 3.1%] | 1053 |
| shift | 1σ | ar1-0.3 | 100.0% | [96.9%, 100.0%] | 1231 |
| shift | 1σ | ar1-0.3 | 0.0% | [0.0%, 3.1%] | 1226 |
| shift | 1σ | ar1-0.6 | 100.0% | [96.9%, 100.0%] | 1234 |
| shift | 1σ | ar1-0.6 | 0.0% | [0.0%, 3.1%] | 1227 |
| shift | 1σ | ar1-0.8 | 100.0% | [96.9%, 100.0%] | 1229 |
| shift | 1σ | ar1-0.8 | 0.0% | [0.0%, 3.1%] | 1229 |
| shift | 1σ | iid | 100.0% | [96.9%, 100.0%] | 1058 |
| shift | 1σ | iid | 0.0% | [0.0%, 3.1%] | 1066 |
| shift | 2σ | ar1-0.3 | 100.0% | [96.9%, 100.0%] | 1226 |
| shift | 2σ | ar1-0.3 | 0.0% | [0.0%, 3.1%] | 1239 |
| shift | 2σ | ar1-0.6 | 100.0% | [96.9%, 100.0%] | 1229 |
| shift | 2σ | ar1-0.6 | 0.0% | [0.0%, 3.1%] | 1231 |
| shift | 2σ | ar1-0.8 | 100.0% | [96.9%, 100.0%] | 1222 |
| shift | 2σ | ar1-0.8 | 0.0% | [0.0%, 3.1%] | 1227 |
| shift | 2σ | iid | 100.0% | [96.9%, 100.0%] | 1063 |
| shift | 2σ | iid | 0.0% | [0.0%, 3.1%] | 1057 |
| shift | 4σ | ar1-0.3 | 100.0% | [96.9%, 100.0%] | 1254 |
| shift | 4σ | ar1-0.3 | 0.0% | [0.0%, 3.1%] | 1247 |
| shift | 4σ | ar1-0.6 | 100.0% | [96.9%, 100.0%] | 1244 |
| shift | 4σ | ar1-0.6 | 0.0% | [0.0%, 3.1%] | 1248 |
| shift | 4σ | ar1-0.8 | 100.0% | [96.9%, 100.0%] | 1245 |
| shift | 4σ | ar1-0.8 | 0.0% | [0.0%, 3.1%] | 1239 |
| shift | 4σ | iid | 100.0% | [96.9%, 100.0%] | 1077 |
| shift | 4σ | iid | 0.0% | [0.0%, 3.1%] | 1074 |
| shift | 20σ | ar1-0.3 | 100.0% | [96.9%, 100.0%] | 1340 |
| shift | 20σ | ar1-0.3 | 0.0% | [0.0%, 3.1%] | 1334 |
| shift | 20σ | ar1-0.6 | 100.0% | [96.9%, 100.0%] | 1334 |
| shift | 20σ | ar1-0.6 | 0.0% | [0.0%, 3.1%] | 1345 |
| shift | 20σ | ar1-0.8 | 19.2% | [13.1%, 27.1%] | 1336 |
| shift | 20σ | ar1-0.8 | 0.0% | [0.0%, 3.1%] | 1327 |
| shift | 20σ | iid | 100.0% | [96.9%, 100.0%] | 1135 |
| shift | 20σ | iid | 0.0% | [0.0%, 3.1%] | 1134 |
| tail | 0σ | ar1-0.3 | 0.0% | [0.0%, 3.1%] | 1224 |
| tail | 0σ | ar1-0.3 | 0.0% | [0.0%, 3.1%] | 1225 |
| tail | 0σ | ar1-0.6 | 0.0% | [0.0%, 3.1%] | 1223 |
| tail | 0σ | ar1-0.6 | 0.0% | [0.0%, 3.1%] | 1218 |
| tail | 0σ | ar1-0.8 | 0.0% | [0.0%, 3.1%] | 1210 |
| tail | 0σ | ar1-0.8 | 0.0% | [0.0%, 3.1%] | 1201 |
| tail | 0σ | iid | 0.0% | [0.0%, 3.1%] | 1052 |
| tail | 0σ | iid | 0.0% | [0.0%, 3.1%] | 1054 |
| tail | 0σ | iid | 0.0% | [0.0%, 3.1%] | 1052 |
| tail | 0σ | iid | 0.0% | [0.0%, 3.1%] | 1054 |
| tail | 0σ | iid | 0.0% | [0.0%, 3.1%] | 1052 |
| tail | 0σ | iid | 0.0% | [0.0%, 3.1%] | 1054 |
| tail | 0σ | iid | 0.0% | [0.0%, 3.1%] | 1052 |
| tail | 0σ | iid | 0.0% | [0.0%, 3.1%] | 1054 |
| tail | 0σ | iid | 0.0% | [0.0%, 3.1%] | 1052 |
| tail | 0σ | iid | 0.0% | [0.0%, 3.1%] | 1054 |
| tail | 0.2σ | ar1-0.3 | 0.0% | [0.0%, 3.1%] | 1217 |
| tail | 0.2σ | ar1-0.3 | 0.0% | [0.0%, 3.1%] | 1224 |
| tail | 0.2σ | ar1-0.6 | 0.0% | [0.0%, 3.1%] | 1212 |
| tail | 0.2σ | ar1-0.6 | 0.0% | [0.0%, 3.1%] | 1218 |
| tail | 0.2σ | ar1-0.8 | 0.0% | [0.0%, 3.1%] | 1221 |
| tail | 0.2σ | ar1-0.8 | 0.0% | [0.0%, 3.1%] | 1219 |
| tail | 0.2σ | iid | 0.0% | [0.0%, 3.1%] | 1053 |
| tail | 0.2σ | iid | 0.0% | [0.0%, 3.1%] | 1054 |
| tail | 1σ | ar1-0.3 | 24.2% | [17.4%, 32.6%] | 1230 |
| tail | 1σ | ar1-0.3 | 0.0% | [0.0%, 3.1%] | 1221 |
| tail | 1σ | ar1-0.6 | 2.5% | [0.9%, 7.1%] | 1231 |
| tail | 1σ | ar1-0.6 | 0.0% | [0.0%, 3.1%] | 1236 |
| tail | 1σ | ar1-0.8 | 0.8% | [0.1%, 4.6%] | 1223 |
| tail | 1σ | ar1-0.8 | 0.0% | [0.0%, 3.1%] | 1226 |
| tail | 1σ | iid | 99.2% | [95.4%, 99.9%] | 1076 |
| tail | 1σ | iid | 0.0% | [0.0%, 3.1%] | 1079 |
| tail | 2σ | ar1-0.3 | 100.0% | [96.9%, 100.0%] | 1244 |
| tail | 2σ | ar1-0.3 | 0.0% | [0.0%, 3.1%] | 1247 |
| tail | 2σ | ar1-0.6 | 100.0% | [96.9%, 100.0%] | 1248 |
| tail | 2σ | ar1-0.6 | 0.0% | [0.0%, 3.1%] | 1241 |
| tail | 2σ | ar1-0.8 | 35.0% | [27.1%, 43.9%] | 1245 |
| tail | 2σ | ar1-0.8 | 0.0% | [0.0%, 3.1%] | 1250 |
| tail | 2σ | iid | 100.0% | [96.9%, 100.0%] | 1087 |
| tail | 2σ | iid | 0.0% | [0.0%, 3.1%] | 1081 |
| tail | 4σ | ar1-0.3 | 100.0% | [96.9%, 100.0%] | 1248 |
| tail | 4σ | ar1-0.3 | 0.0% | [0.0%, 3.1%] | 1259 |
| tail | 4σ | ar1-0.6 | 100.0% | [96.9%, 100.0%] | 1246 |
| tail | 4σ | ar1-0.6 | 0.0% | [0.0%, 3.1%] | 1247 |
| tail | 4σ | ar1-0.8 | 100.0% | [96.9%, 100.0%] | 1243 |
| tail | 4σ | ar1-0.8 | 0.0% | [0.0%, 3.1%] | 1243 |
| tail | 4σ | iid | 100.0% | [96.9%, 100.0%] | 1089 |
| tail | 4σ | iid | 0.0% | [0.0%, 3.1%] | 1084 |
| tail | 20σ | ar1-0.3 | 0.0% | [0.0%, 3.1%] | 1265 |
| tail | 20σ | ar1-0.3 | 0.0% | [0.0%, 3.1%] | 1267 |
| tail | 20σ | ar1-0.6 | 0.0% | [0.0%, 3.1%] | 1248 |
| tail | 20σ | ar1-0.6 | 0.0% | [0.0%, 3.1%] | 1253 |
| tail | 20σ | ar1-0.8 | 0.0% | [0.0%, 3.1%] | 1229 |
| tail | 20σ | ar1-0.8 | 0.0% | [0.0%, 3.1%] | 1242 |
| tail | 20σ | iid | 0.0% | [0.0%, 3.1%] | 1081 |
| tail | 20σ | iid | 0.0% | [0.0%, 3.1%] | 1082 |


[combo_stress_heavy] completed in 508s
[combo_stress_heavy] rows=11520 outcomes:    2977 fail    3055 inconclusive    5488 pass 

==========================================
=== Config: combo_stress_light
=== Env:    TACET_ABLATION_PI0=0.50 TACET_ABLATION_ALPHA=0.10 TACET_ABLATION_BETA=0.90 TACET_ABLATION_KL_MIN=0.3 TACET_ABLATION_NU_LIKELIHOOD=16 TACET_ABLATION_NU_PRIOR=16 
=== Output: /root/bench-results/ablation-v3/combo_stress_light
==========================================
[ablation] overrides: pi0=Some(0.5) alpha=Some(0.1) beta=Some(0.9) kl_min=Some(0.3) nu_ℓ=Some(16.0) nu_prior=Some(16.0)
=== Timing Tool Benchmark Suite ===

Configuration:
  Preset: medium
  Samples per class: 10000
  Datasets per point: 120
  Effect multipliers: [0.0, 0.2, 1.0, 2.0, 4.0, 20.0]
  Effect patterns: ["shift", "tail"]
  Noise models: ["iid", "ar1-0.3", "ar1-0.6", "ar1-0.8"]
  Mode: synthetic
  Checkpoint: RESUME (loading existing results)
  Tools: ["tacet"]
  Total points: 48
  Total datasets: 5760
  Total tool runs: 5760
  Batched: 12 batches of 500 datasets (~160MB peak memory)


Completed in 505.5s

Raw results already written to: /root/bench-results/ablation-v3/combo_stress_light/benchmark_results.csv
Wrote summary to: /root/bench-results/ablation-v3/combo_stress_light/benchmark_summary.csv
Wrote report to: /root/bench-results/ablation-v3/combo_stress_light/benchmark_report.md

# Benchmark Results (medium)

## Configuration

- **Preset**: medium
- **Samples per class**: 10000
- **Datasets per point**: 120
- **Effect multipliers**: [0.0, 0.2, 1.0, 2.0, 4.0, 20.0]
- **Total execution time**: 505.5s

## False Positive Rate (effect = 0)

| Tool | iid | ar1-0.3 | ar1-0.6 | ar1-0.8 |
|------|--------|--------|--------|--------|
| tacet (θ=0.4ns) | 0.0% ± 1.6% | 0.0% ± 1.6% | 0.0% ± 1.6% | 0.8% ± 2.2% |
| tacet (θ=100ns) | 0.0% ± 1.6% | 0.0% ± 1.6% | 0.0% ± 1.6% | 0.0% ± 1.6% |

## Power (Detection Rate)

| Tool | 0.2σ | 1σ | 2σ | 4σ | 20σ |
|------|------|------|------|------|------|
| tacet (θ=0.4ns) | 100% | 100% | 100% | 100% | 100% |
| tacet (θ=100ns) | 0% | 0% | 0% | 0% | 4% |

## Detailed Results by Tool

### tacet

| Pattern | Effect | Noise | Rate | 95% CI | Time (ms) |
|---------|--------|-------|------|--------|----------|
| shift | 0σ | ar1-0.3 | 0.0% | [0.0%, 3.1%] | 1228 |
| shift | 0σ | ar1-0.3 | 0.0% | [0.0%, 3.1%] | 1229 |
| shift | 0σ | ar1-0.6 | 0.0% | [0.0%, 3.1%] | 1221 |
| shift | 0σ | ar1-0.6 | 0.0% | [0.0%, 3.1%] | 1227 |
| shift | 0σ | ar1-0.8 | 0.8% | [0.1%, 4.6%] | 1221 |
| shift | 0σ | ar1-0.8 | 0.0% | [0.0%, 3.1%] | 1228 |
| shift | 0σ | iid | 0.0% | [0.0%, 3.1%] | 1066 |
| shift | 0σ | iid | 0.0% | [0.0%, 3.1%] | 1067 |
| shift | 0σ | iid | 0.0% | [0.0%, 3.1%] | 1066 |
| shift | 0σ | iid | 0.0% | [0.0%, 3.1%] | 1067 |
| shift | 0σ | iid | 0.0% | [0.0%, 3.1%] | 1066 |
| shift | 0σ | iid | 0.0% | [0.0%, 3.1%] | 1067 |
| shift | 0σ | iid | 0.0% | [0.0%, 3.1%] | 1066 |
| shift | 0σ | iid | 0.0% | [0.0%, 3.1%] | 1067 |
| shift | 0σ | iid | 0.0% | [0.0%, 3.1%] | 1066 |
| shift | 0σ | iid | 0.0% | [0.0%, 3.1%] | 1067 |
| shift | 0.2σ | ar1-0.3 | 85.0% | [77.5%, 90.3%] | 1223 |
| shift | 0.2σ | ar1-0.3 | 0.0% | [0.0%, 3.1%] | 1217 |
| shift | 0.2σ | ar1-0.6 | 57.5% | [48.6%, 66.0%] | 1232 |
| shift | 0.2σ | ar1-0.6 | 0.0% | [0.0%, 3.1%] | 1230 |
| shift | 0.2σ | ar1-0.8 | 25.0% | [18.1%, 33.4%] | 1217 |
| shift | 0.2σ | ar1-0.8 | 0.0% | [0.0%, 3.1%] | 1214 |
| shift | 0.2σ | iid | 100.0% | [96.9%, 100.0%] | 1068 |
| shift | 0.2σ | iid | 0.0% | [0.0%, 3.1%] | 1066 |
| shift | 1σ | ar1-0.3 | 100.0% | [96.9%, 100.0%] | 1228 |
| shift | 1σ | ar1-0.3 | 0.0% | [0.0%, 3.1%] | 1230 |
| shift | 1σ | ar1-0.6 | 100.0% | [96.9%, 100.0%] | 1231 |
| shift | 1σ | ar1-0.6 | 0.0% | [0.0%, 3.1%] | 1226 |
| shift | 1σ | ar1-0.8 | 100.0% | [96.9%, 100.0%] | 1224 |
| shift | 1σ | ar1-0.8 | 0.0% | [0.0%, 3.1%] | 1228 |
| shift | 1σ | iid | 100.0% | [96.9%, 100.0%] | 1068 |
| shift | 1σ | iid | 0.0% | [0.0%, 3.1%] | 1064 |
| shift | 2σ | ar1-0.3 | 100.0% | [96.9%, 100.0%] | 1228 |
| shift | 2σ | ar1-0.3 | 0.0% | [0.0%, 3.1%] | 1239 |
| shift | 2σ | ar1-0.6 | 100.0% | [96.9%, 100.0%] | 1230 |
| shift | 2σ | ar1-0.6 | 0.0% | [0.0%, 3.1%] | 1232 |
| shift | 2σ | ar1-0.8 | 100.0% | [96.9%, 100.0%] | 1233 |
| shift | 2σ | ar1-0.8 | 0.0% | [0.0%, 3.1%] | 1227 |
| shift | 2σ | iid | 100.0% | [96.9%, 100.0%] | 1068 |
| shift | 2σ | iid | 0.0% | [0.0%, 3.1%] | 1063 |
| shift | 4σ | ar1-0.3 | 100.0% | [96.9%, 100.0%] | 1246 |
| shift | 4σ | ar1-0.3 | 0.0% | [0.0%, 3.1%] | 1241 |
| shift | 4σ | ar1-0.6 | 100.0% | [96.9%, 100.0%] | 1235 |
| shift | 4σ | ar1-0.6 | 0.0% | [0.0%, 3.1%] | 1244 |
| shift | 4σ | ar1-0.8 | 100.0% | [96.9%, 100.0%] | 1234 |
| shift | 4σ | ar1-0.8 | 0.0% | [0.0%, 3.1%] | 1245 |
| shift | 4σ | iid | 100.0% | [96.9%, 100.0%] | 1061 |
| shift | 4σ | iid | 0.0% | [0.0%, 3.1%] | 1069 |
| shift | 20σ | ar1-0.3 | 100.0% | [96.9%, 100.0%] | 1337 |
| shift | 20σ | ar1-0.3 | 50.8% | [42.0%, 59.6%] | 1330 |
| shift | 20σ | ar1-0.6 | 100.0% | [96.9%, 100.0%] | 1343 |
| shift | 20σ | ar1-0.6 | 35.0% | [27.1%, 43.9%] | 1341 |
| shift | 20σ | ar1-0.8 | 100.0% | [96.9%, 100.0%] | 1332 |
| shift | 20σ | ar1-0.8 | 30.0% | [22.5%, 38.7%] | 1339 |
| shift | 20σ | iid | 100.0% | [96.9%, 100.0%] | 1128 |
| shift | 20σ | iid | 4.2% | [1.8%, 9.4%] | 1127 |
| tail | 0σ | ar1-0.3 | 0.0% | [0.0%, 3.1%] | 1221 |
| tail | 0σ | ar1-0.3 | 0.0% | [0.0%, 3.1%] | 1219 |
| tail | 0σ | ar1-0.6 | 0.0% | [0.0%, 3.1%] | 1213 |
| tail | 0σ | ar1-0.6 | 0.0% | [0.0%, 3.1%] | 1215 |
| tail | 0σ | ar1-0.8 | 0.0% | [0.0%, 3.1%] | 1215 |
| tail | 0σ | ar1-0.8 | 0.0% | [0.0%, 3.1%] | 1209 |
| tail | 0σ | iid | 0.0% | [0.0%, 3.1%] | 1052 |
| tail | 0σ | iid | 0.0% | [0.0%, 3.1%] | 1049 |
| tail | 0σ | iid | 0.0% | [0.0%, 3.1%] | 1052 |
| tail | 0σ | iid | 0.0% | [0.0%, 3.1%] | 1049 |
| tail | 0σ | iid | 0.0% | [0.0%, 3.1%] | 1052 |
| tail | 0σ | iid | 0.0% | [0.0%, 3.1%] | 1049 |
| tail | 0σ | iid | 0.0% | [0.0%, 3.1%] | 1052 |
| tail | 0σ | iid | 0.0% | [0.0%, 3.1%] | 1049 |
| tail | 0σ | iid | 0.0% | [0.0%, 3.1%] | 1052 |
| tail | 0σ | iid | 0.0% | [0.0%, 3.1%] | 1049 |
| tail | 0.2σ | ar1-0.3 | 0.8% | [0.1%, 4.6%] | 1221 |
| tail | 0.2σ | ar1-0.3 | 0.0% | [0.0%, 3.1%] | 1218 |
| tail | 0.2σ | ar1-0.6 | 1.7% | [0.5%, 5.9%] | 1205 |
| tail | 0.2σ | ar1-0.6 | 0.0% | [0.0%, 3.1%] | 1214 |
| tail | 0.2σ | ar1-0.8 | 0.8% | [0.1%, 4.6%] | 1217 |
| tail | 0.2σ | ar1-0.8 | 0.0% | [0.0%, 3.1%] | 1216 |
| tail | 0.2σ | iid | 0.0% | [0.0%, 3.1%] | 1058 |
| tail | 0.2σ | iid | 0.0% | [0.0%, 3.1%] | 1057 |
| tail | 1σ | ar1-0.3 | 100.0% | [96.9%, 100.0%] | 1234 |
| tail | 1σ | ar1-0.3 | 0.0% | [0.0%, 3.1%] | 1236 |
| tail | 1σ | ar1-0.6 | 99.2% | [95.4%, 99.9%] | 1236 |
| tail | 1σ | ar1-0.6 | 0.0% | [0.0%, 3.1%] | 1229 |
| tail | 1σ | ar1-0.8 | 84.2% | [76.6%, 89.6%] | 1221 |
| tail | 1σ | ar1-0.8 | 0.0% | [0.0%, 3.1%] | 1234 |
| tail | 1σ | iid | 100.0% | [96.9%, 100.0%] | 1080 |
| tail | 1σ | iid | 0.0% | [0.0%, 3.1%] | 1079 |
| tail | 2σ | ar1-0.3 | 100.0% | [96.9%, 100.0%] | 1235 |
| tail | 2σ | ar1-0.3 | 0.0% | [0.0%, 3.1%] | 1249 |
| tail | 2σ | ar1-0.6 | 100.0% | [96.9%, 100.0%] | 1242 |
| tail | 2σ | ar1-0.6 | 0.0% | [0.0%, 3.1%] | 1250 |
| tail | 2σ | ar1-0.8 | 100.0% | [96.9%, 100.0%] | 1241 |
| tail | 2σ | ar1-0.8 | 0.0% | [0.0%, 3.1%] | 1235 |
| tail | 2σ | iid | 100.0% | [96.9%, 100.0%] | 1077 |
| tail | 2σ | iid | 0.0% | [0.0%, 3.1%] | 1072 |
| tail | 4σ | ar1-0.3 | 100.0% | [96.9%, 100.0%] | 1255 |
| tail | 4σ | ar1-0.3 | 0.0% | [0.0%, 3.1%] | 1248 |
| tail | 4σ | ar1-0.6 | 100.0% | [96.9%, 100.0%] | 1243 |
| tail | 4σ | ar1-0.6 | 0.0% | [0.0%, 3.1%] | 1247 |
| tail | 4σ | ar1-0.8 | 100.0% | [96.9%, 100.0%] | 1244 |
| tail | 4σ | ar1-0.8 | 0.0% | [0.0%, 3.1%] | 1238 |
| tail | 4σ | iid | 100.0% | [96.9%, 100.0%] | 1077 |
| tail | 4σ | iid | 0.0% | [0.0%, 3.1%] | 1073 |
| tail | 20σ | ar1-0.3 | 1.7% | [0.5%, 5.9%] | 1260 |
| tail | 20σ | ar1-0.3 | 0.0% | [0.0%, 3.1%] | 1260 |
| tail | 20σ | ar1-0.6 | 8.3% | [4.6%, 14.7%] | 1257 |
| tail | 20σ | ar1-0.6 | 0.0% | [0.0%, 3.1%] | 1260 |
| tail | 20σ | ar1-0.8 | 10.0% | [5.8%, 16.7%] | 1250 |
| tail | 20σ | ar1-0.8 | 0.0% | [0.0%, 3.1%] | 1235 |
| tail | 20σ | iid | 0.0% | [0.0%, 3.1%] | 1091 |
| tail | 20σ | iid | 0.0% | [0.0%, 3.1%] | 1086 |


[combo_stress_light] completed in 505s
[combo_stress_light] rows=11520 outcomes:    3834 fail    1754 inconclusive    5932 pass 

=== All 16 configs complete ===
Next: scripts/analyze_ablation.py /root/bench-results/ablation-v3
[DONE] exit=0
